x	y
0.564234976882592	0.389578962842842
-0.0789404054704349	0.0354352126325418
-0.1843733468576	0.0790649086662853
0.399535611406082	0.245209094708849
0.128967157113683	0.0572682747137997
0.606653110878273	0.367855821635787
-0.571731700161253	0.312583492623591
0.0857298001699369	0.0467611300263588
-3.1445360964794	2.82426647896383
-0.788334455485247	0.414193392330842
-0.968033043844823	0.567023112730889
0.635819155453754	0.565122304744246
-0.422234825621056	0.236575732189162
-1.24502986975381	1.02163460494814
-0.766281321352695	0.662925995029655
-0.889789726075743	0.758188605908356
0.398918661272857	0.277122050938888
0.564593636404718	0.389635460517083
0.584789793668832	0.379972034303177
0.0479444191794637	0.0241924711034532
-0.00479980150253003	0.00222543899707575
1.34288292649486	1.01472280325666
0.178488280870952	0.0880114930246788
-0.449641252180695	0.282629245641421
-0.968033043844823	0.567023112730889
-0.00467057234517247	0.00216620810420213
-0.314829114370994	0.180396854124777
-0.100435448908401	0.053405283159304
-0.285007010964892	0.186314582604357
0.399027901767121	0.293067730578746
1.49719585959021	1.43025097472277
0.178690099812341	0.0880696994184752
-0.732036673044235	0.441341043477748
-0.472084972467567	0.329086525090447
-0.26050123433033	0.131519082409796
0.929003379570485	0.54534639567847
-0.422299294346764	0.236652215203968
0.250605830440359	0.15518710398705
1.03241977236141	0.911176126539993
-1.04471516867313	0.874990540305417
-0.658595338348797	0.621955343661036
1.51274755477291	1.26322709321652
0.250592487483807	0.155172004789474
-0.568511406865005	0.350173903370174
-0.314943947858019	0.180508496860338
0.750842858445568	0.546344713229705
-0.472145435547435	0.32911333829104
-0.79176434001203	0.630299228341388
0.68102769657429	0.550378261045452
0.712061048069147	0.546653091630455
0.211986719950705	0.113885369854438
0.796564213761884	0.546476908211474
-0.581469232011708	0.51625422905222
-0.0488357677346139	0.0266327969000951
1.14981955405602	1.42911617587349
-0.173747093455054	0.117542397067106
0.123643013424784	0.0918693581809042
-1.04446560025431	0.874951843477017
-0.510508360746495	0.458157320115953
-0.50001086788531	0.415771722946453
-0.939195825686217	0.734504686788496
-0.579018048486102	0.267409454362904
0.264634988622785	0.174528423682581
0.058232547685445	0.0367785892532176
0.898451832677378	0.723359211386074
-0.0489670362588258	0.0267049448325151
0.141998448683475	0.0888256576774279
-0.572898061025124	0.391961181557989
-0.0345888874345719	0.0246869544626193
-0.100524984420176	0.0534573894442428
-0.0786392714965295	0.0352944119780959
-0.568549525224171	0.350166151783107
1.36831997193212	1.36351409835264
0.512761756487038	0.436576039484465
0.564414409634204	0.389702848742374
0.681278770246348	0.550452179939583
-0.0490327681648237	0.0267369195294689
1.51302893394618	1.26318252660237
0.211857686193715	0.113839275081236
-0.82503796297973	0.599333001659143
0.250592487483807	0.155172004789474
1.26767144342387	1.31651925107115
0.656338282398745	0.556778539148937
-0.167761860218221	0.0869497148664064
-0.224229156975004	0.149175752312636
-1.40170709816041	1.48407444104334
0.142131685932888	0.0889044303481582
-0.284970053545889	0.186273402942853
0.29480077584406	0.229215312049055
0.0290643313532979	0.0172360612881144
0.250711605847258	0.155245755704872
0.264560847393479	0.174447546966387
0.399611372399	0.309606972463002
-0.674820100668733	0.545683412508346
-0.568442908073705	0.35011647403505
-0.100524984420176	0.0534573894442428
-0.422320612835452	0.236661180017005
0.632055174789326	0.352583555456159
-0.939090751183409	0.734241533691457
-1.0442948303691	0.874612671953292
0.141971261916633	0.0888023742952421
-0.0345383023126104	0.0246510283115759
-0.824964638019071	0.599304485288219
-0.282114530662509	0.244104562626992
-0.510381441476214	0.457938316419048
-0.217431487334157	0.161103732800981
-0.235382896302948	0.138024912443037
-0.375786708660633	0.319372054700148
-0.173980160570205	0.117722034894432
0.276687851535201	0.193548878671475
0.116330839643921	0.0681472868212352
-0.48773985319078	0.372891051623747
0.796240423554228	0.545736020693466
-0.00458408807629383	0.00212527871473938
0.0479747380547107	0.0242080962692441
-0.284802917983664	0.186091266833938
0.396175686819008	0.226339115191097
-1.35610128709322	0.474818712797072
1.73191854537865	1.91460587234165
-0.184260968187063	0.0790176636787065
0.577036906308697	0.601693677830792
-0.00803395862623717	0.00517844159444174
0.963439305415341	0.737033359814109
0.0585479424400123	0.0369907265993461
0.181334204038304	0.127634841216278
-0.665688708207868	0.583903474694665
0.769810889993383	0.71345620863575
0.512907197881983	0.436629773522656
0.769785136813603	0.71341704442789
0.276581864658763	0.193470468193327
0.0858353222994158	0.0468161299105287
1.83326260705364	1.1404506258399
0.671639646013065	0.334844260911513
0.968786534258991	0.894783796754406
-1.40194851214909	1.05050154752164
0.898608533156055	0.723494902630146
0.853046680452927	0.54697101885335
-0.0787328393819667	0.0353418953097744
0.276556128649085	0.193436235303888
-0.094565597638795	0.0658831806182571
0.0857428988252296	0.0467687674262433
0.917411636143412	0.88466355355712
-0.284923432219298	0.186232006972448
0.740538917793061	0.716312897226207
0.3133568651253	0.278502834108035
0.490733350239503	0.473965251936256
-0.581748259413829	0.516422142093552
-0.573069444667283	0.392154228921532
-0.568473274508818	0.35013698342253
-0.951768045880078	0.27264192625531
1.83315748715589	1.14002036875355
-0.167822568183777	0.0869921519796813
-0.701870683447116	0.471060482975925
-0.422299294346764	0.236652215203968
-0.732011940100003	0.732829633677683
0.128617894345499	0.0571115897629187
0.178661665260978	0.0880903270670572
1.1124834169686	0.937505053006876
0.712127337147734	0.546578998958016
0.861017715970491	1.0350042771814
0.29451780077967	0.229011585671989
-0.877149112430242	0.577216000555005
-0.500376181924138	0.41602376609507
0.968604776356027	0.894333317208468
-0.0788269788881849	0.0353859300459337
-0.235382896302948	0.138024912443037
-0.351995588476625	0.276684378744971
-1.14248004024407	1.02033130172564
-0.788353018666431	0.414337941238971
0.765015511027073	0.33174094912973
0.765337900306628	0.331772940313554
-0.579252630682082	0.475335656833146
0.963554013368603	0.737102462140653
-0.0488357677346139	0.0266327969000951
1.08194275542764	1.08393865490821
0.0289310925154956	0.0171575933732068
-0.217386798813199	0.161055170874197
-0.572963935477394	0.392030574725598
-0.422342376725643	0.236676559474934
-0.32765110130814	0.12970245364559
-0.939064223681972	0.734584867529678
-0.00887297177040951	0.00291884997088316
0.196681525546273	0.145897187775546
-0.471926829276133	0.328942702328004
0.264718600927762	0.174588722278937
-0.315012604577116	0.180519573244866
-0.224362360916797	0.149289333907045
0.264621200685865	0.174506228380541
0.399212954997496	0.293273871802001
-0.414007535415356	0.321066521283311
-0.0758201313271384	0.0472335094023848
-1.63529122922898	1.39567717437349
0.372828104257578	0.176187601416706
-1.1145954954322	0.541089063658969
0.632055174789326	0.352583555456159
0.211887954999951	0.113856287486724
-0.573148582352656	0.392220049465515
0.898436685031673	0.723471675074255
1.66354590615496	1.51630803906671
0.564234976882592	0.389578962842842
-0.298614693815595	0.237344049367235
-1.14257743176478	1.02045612355461
-0.746964756087618	0.69759436484439
0.796455763646197	0.546406595576815
0.632037639398118	0.352531037221759
-0.422320612835452	0.236661180017005
0.211880101492958	0.113837225827733
0.264765162673262	0.174597949426574
-0.449559643029099	0.282553005776485
-0.471950019674365	0.328941989211809
-0.0489670362588258	0.0267049448325151
-0.583866773665851	0.556639359547335
0.264477213375641	0.174370334435578
0.116391353791918	0.0681832637592717
0.803982942164289	0.712290972688709
0.116172386524902	0.0680299304118524
-0.665669707780211	0.583946577934216
-0.104191034118389	0.0289508643830017
-0.968152752066219	0.567121503023109
0.365586141782211	0.150181109261029
0.602193643742775	0.582782991379419
0.276687851535201	0.193548878671475
2.04512743714408	1.91784144090612
0.75083556199308	0.546388049889566
0.19672283921293	0.145919668338408
0.845820954610095	0.714910037968309
-0.56834400715451	0.349927830323958
2.04762898972722	1.45306199877903
0.0857166974560899	0.0467505479059537
0.37294067854689	0.176245525558977
-0.5684886823218	0.350103935453231
-0.167822568183777	0.0869921519796813
0.234029943286015	0.135426106733778
0.128862234571198	0.0572251923644326
0.656286518481059	0.556786806671946
0.399108153609376	0.293188629141589
0.211873740520637	0.113815244353815
0.264491025422571	0.174391433604047
0.837995103153684	0.876065295558926
-0.314921305698856	0.18046368292624
0.681148814685048	0.550507144497065
0.234283713697625	0.135588951948784
-4.67514138901561	2.1942091068554
-0.516625938445608	0.17859542475739
-0.171793801836589	0.102951867486592
0.141892369815366	0.0887500114785208
-0.791945482047303	0.630661225316363
-1.24518353573094	1.02226916355506
0.972254478787469	1.0543532544445
0.715424940374208	0.720334444681076
-0.235290503145764	0.137949646882033
-0.968272243637976	0.567172585007472
0.128975937783999	0.0572771124689474
-1.32946833469828	0.732965002131583
-0.391360018543522	0.191292687350545
0.398926616585652	0.260959883765235
-0.176409947732613	0.132244641633188
-0.568541766074588	0.350174119857092
-0.579211569978325	0.475305661180453
0.584713362680071	0.379926319520258
0.0857559934226779	0.0467736506521512
0.75093310637041	0.546451336382571
0.399548134704097	0.309530415835099
0.234217042819429	0.135554715301903
-0.792140730414016	0.630498390847998
0.928420209846995	0.544601745507154
0.403377677871532	0.139736809774786
-0.87719241026191	0.577211271023757
0.234380973697782	0.135649480050334
-0.119677366473292	0.0731471910441104
-0.701771467802911	0.470856745105674
-0.224391233949113	0.149292990518483
0.898324134144525	0.723150480152216
-0.414237641244319	0.321215500107636
0.264560847393479	0.174447546966387
-0.00473529180603008	0.00219814874663143
-0.968152752066219	0.567121503023109
-0.571438507774477	0.312330254718005
0.606920023753657	0.368081471821074
0.0616700182489409	0.0238789606093496
-0.0760095348319967	0.0473545458793008
2.03550175387705	2.30436248769321
-0.967913118768585	0.566880494409038
0.116298738448283	0.0681069490844244
0.53323209335637	0.411160796994751
0.398872373781685	0.277094868971369
1.3429766972884	1.01493823898538
1.49722519129668	1.42954023246021
-0.351909434642379	0.276629510394756
0.564242568767649	0.389576900413468
1.51292070183513	1.26323270659872
-0.100793899580135	0.0535980179050429
-0.314852629161087	0.180421594369275
1.30817931439108	0.797679491776654
0.0616264557748945	0.0238611614751663
-1.1429024291521	1.02062320615709
-0.100353717964887	0.0533549282245805
0.0834625570280058	0.0558966024436078
0.25077730949292	0.155295680303515
0.584721353956748	0.379925831477889
-0.720036251444405	0.767667365985647
-0.327231183041061	0.129525284241862
0.211964338892854	0.113888136941665
-0.167677774336158	0.0868939558902765
-1.5110558718895	0.927170816332459
0.564234976882592	0.389578962842842
-0.981398114737543	0.89108804281965
0.211857686193715	0.113839275081236
-0.877298087015138	0.577068484962905
-0.131126705677178	0.0900946303692759
0.1812931413416	0.127584739319995
1.34325841596248	1.0150461797237
0.1420256374432	0.0888443640776842
-0.235237583424851	0.13791980571296
0.845886876869285	0.715098908302365
0.264741881640269	0.174598132091718
2.0255930263002	2.69324516734743
0.671626073423993	0.334752594792006
0.373053344931518	0.176282869574425
0.898339298766934	0.723330813645462
0.671538371030747	0.334855559136084
-0.00887297177040951	0.00291884997088316
-0.00940109644110474	0.00309197435180766
-0.0759682684831344	0.0473317038327201
0.804103664450783	0.712329932588179
-0.224444197210169	0.149331124302083
-0.472099073138322	0.328974095579902
0.294738909806025	0.229142445569835
-0.579568089340526	0.475452534578802
-0.0944728873280826	0.0658199548945556
1.08201699621029	1.08405169334965
-0.100801533203036	0.0536027369599788
5.06669334425974	3.07711432088999
-0.235356649088938	0.137970695314222
0.372838340462595	0.176172443452236
-0.184485633764555	0.0790929662935038
1.24599073942208	1.14585313470885
-0.76646904351221	0.663007436278576
0.387524745750924	0.203731359245904
0.398780818069297	0.260842436667706
-0.358680527282511	0.230076669085373
1.56234342833219	1.98804368279968
0.715404371374714	0.720221394792428
-0.224177831521075	0.149123008506547
0.286271216955869	0.211512826252853
1.66371822130544	1.51651645580778
0.0479747380547107	0.0242080962692441
0.63229174929066	0.352703851644874
-0.285113899572739	0.186378443168237
0.546882652287686	0.39961135638563
-0.078745871602922	0.0353461577361168
0.563965441857642	0.389165145449112
-0.686827855694164	0.508381075212563
-0.788101962939554	0.414130609919789
0.606811949914098	0.367954213314213
0.398886369625052	0.260953947356794
0.141999791938549	0.0888227103233252
0.656180365938769	0.556560417149379
-0.746989091551625	0.69733815905995
-0.889923631561447	0.757781106680667
-0.173873205805169	0.117633901391615
0.751013853753835	0.54655060088885
-0.00464881905447431	0.0021552090576274
1.24617031205853	1.14619044136978
-0.167685612928479	0.0869045304599133
1.3766472330919	1.70463075114012
0.898346864870289	0.72334506195932
1.24609570894549	1.14612220009606
-0.701710343240643	0.470470384506997
0.606840474184464	0.368014046586871
-0.701794275583271	0.470910260347338
0.128853508420719	0.0572225471771537
-0.701908866845412	0.471042169258016
0.693663765834084	0.725153457310923
-0.235409159682121	0.13803600571538
0.522201044076389	0.42367603867683
1.11228825202632	0.937145135717021
-0.487686905437284	0.372851819278413
-0.094625972357169	0.0659346382070736
0.25061916968494	0.155193208312974
-0.568442908073705	0.35011647403505
-0.0488223758110372	0.0266260448981406
0.606854759600209	0.367937503742949
-0.119521028300909	0.0730343003080038
-1.23418251436986	1.17015444487828
0.234388667047457	0.135655805195531
-0.568511406865005	0.350173903370174
0.917306749414009	0.884428769024171
0.116224017930216	0.0680787722672144
-0.38995717249119	0.276378670243734
0.264644477458504	0.174506049821866
0.680920870463457	0.550136803431229
-0.314936050194936	0.180496880170545
-0.175919634649486	0.131903962046959
-0.351885259910382	0.27654933252032
-0.585198593790883	0.595391114624642
0.504437055003611	0.449193999168316
0.963507761145778	0.737129368422307
-0.701870683447116	0.471060482975925
0.058487651644296	0.0369500740198118
-0.686906702044741	0.508417242046547
1.58605708050828	1.82457100654873
0.0857166974560899	0.0467505479059537
0.163479839725159	0.108734620174476
-0.358732662393978	0.230114354749903
-0.852648096435657	0.785782555930775
-0.390035974921079	0.276433097301495
0.50445759985372	0.449177651062902
0.680990250676709	0.550269762703352
-0.235211272959703	0.137888266645417
0.399621764926025	0.24528629890332
0.264922838628318	0.174660166679834
0.398780818069297	0.260842436667706
-0.26075136346481	0.131621234430019
0.917361108656119	0.884320457399692
1.08204025772391	1.08405931812681
0.75083556199308	0.546388049889566
0.399553130100988	0.245216534651606
-0.235422863957821	0.137958475516951
-0.686749044698813	0.508320544769257
-0.732021846522536	0.441299012127764
0.674726059726972	0.730771216314519
-0.298926540829573	0.237755093879406
-1.32069197987351	1.32454442129789
1.04433042627028	0.75412128636301
-0.701908866845412	0.471042169258016
-0.56851911765476	0.350145609039403
0.606920023753657	0.368081471821074
-0.389982968519614	0.276402027316149
2.04514223762617	1.91659888838228
0.211895891785283	0.113859386997973
-0.579018048486102	0.267409454362904
1.04443859417144	0.754332078234377
-0.732207785471608	0.441468073086455
-1.24510261178724	1.02227857312988
0.5469093255531	0.399618657335497
0.402345342397214	0.139296846935855
0.711730166768591	0.546202489300631
-1.14893374072295	1.17278247571731
0.522361610077758	0.423873731893028
0.62133988346956	0.764288854287073
-0.176098300794053	0.13206066315773
0.533399349534821	0.41121498793797
-0.422513615603326	0.236692024525798
0.209876691807746	0.163406250418825
-0.352085446203454	0.276745724130434
-1.54102208827915	1.51495214871356
0.588788443933033	0.592083298498628
-0.171635603134774	0.102801874899873
-0.686643295235763	0.50818911175335
-1.13162685708456	0.867427129954227
0.0582737505092269	0.0368069744638795
-0.933992156297381	0.914003033691674
0.963584205771531	0.737122253083976
-0.314966389985357	0.180495713336035
0.294645163033528	0.229086086473286
1.49727119398024	1.4299893448311
-0.449656806802103	0.282594576641388
-0.285211168305487	0.186448644459638
-0.00643587924542967	0.00359301632558093
0.234022345651087	0.135419850996738
-1.13163459424818	0.867705619289095
-0.224176207643439	0.149125663287847
-0.7322707246791	0.441490978820015
1.83326083227269	1.14036995958954
0.250790671040038	0.155292789736014
0.874565533340917	0.879347201685896
-0.877275294380489	0.577053836575578
0.11614924186535	0.0680207405035995
0.564234976882592	0.389578962842842
0.276689402129867	0.193541003738113
-0.449633490948602	0.282605167831363
-1.1429488945204	1.02058323614315
0.963485578094049	0.737033103872343
-0.573201430999483	0.392228605869892
0.365902525614416	0.150379543777498
-1.94217785162884	1.50556750778932
1.92292065016603	2.03863774691632
0.7964775407151	0.546436206750712
-1.04470164881043	0.875080672215587
-2.09921006943919	2.33103152699315
-0.573214592148753	0.392266645889591
-1.14897468185977	1.17268553875547
-0.576919265114257	0.434242823481618
0.0479972024740841	0.0242164984656391
-0.00486435955028876	0.00225474722485634
-0.0394432749489625	0.0250150078693679
0.399698378494952	0.245331839655781
-0.285113899572739	0.186378443168237
-0.449462493686468	0.282465667764756
-0.500076440477735	0.41585911257642
0.232339418436633	0.197781347783148
0.116368199676192	0.0681703696479722
-0.449454684785548	0.282441571160091
0.0855972236079637	0.0466817565088722
0.25069825731129	0.155248653610278
1.1503789659688	0.774433753881929
-1.27064632211145	0.885370023376595
-0.674873072019471	0.545745098121915
1.24623706088655	1.14544183354134
-0.471950019674365	0.328941989211809
-0.171900614616488	0.103015029122361
-0.0395951974240842	0.0251097479932385
-0.825135049387965	0.599550836734038
-0.358482443566859	0.22990725334661
-0.571505531550015	0.3124149088738
0.276607594746272	0.193486442141265
-0.568382091800531	0.35000896247181
0.60689160893552	0.367944282805084
0.584773922216367	0.379896911238035
0.656340882707527	0.556764329453062
-0.235488423181181	0.138083855479216
-1.00952368242225	0.719592912783372
1.21227233254194	0.971179568236575
-0.422277886081322	0.236628606264027
-0.00644961089764576	0.00360056110007621
0.917440096388044	0.88467261828141
-1.04447915874277	0.874861737721261
-3.24168070497034	3.04515764768708
0.083335172954252	0.0558059623565864
2.41971310937072	2.78476239443942
1.08183584988741	1.08380771699508
-1.54132327870469	1.51567162543869
0.0480513660544892	0.0242407653365824
0.0480816714797298	0.0242551139833624
-0.449641252180695	0.282629245641421
0.681232496495467	0.550523279279906
-0.576979499479811	0.434315794257747
0.533004440154373	0.410778730575817
-1.12659180740866	0.72324520596923
0.584743628490391	0.37993126836576
-0.579274580544113	0.475386205460311
0.846005188660324	0.715091406666411
-0.571518586146758	0.312432773778368
-1.27055405837643	0.88524530962507
0.0857690839630121	0.0467755813981377
0.211887954999951	0.113856287486724
0.373053344931518	0.176282869574425
-0.449381034942207	0.282355651950242
0.141893696140023	0.0887394988710327
0.398607063386386	0.276821936720652
0.564257720096497	0.38949350224345
0.396175686819008	0.226339115191097
0.533301898581601	0.411059378615412
0.264709079660994	0.174535470637378
0.512805552548228	0.436584476041026
0.211887954999951	0.113856287486724
0.751036249750337	0.546278648877764
0.396219281155119	0.226374014114269
1.08198927175777	1.08364678618671
-0.285127572665304	0.18640202474893
0.54679022047352	0.399511882423471
0.399240135763075	0.293323481760192
0.39912458626215	0.261113883283656
-0.352237249130642	0.276799822715969
-0.235554617857959	0.138124741028281
0.546816875156251	0.399566848469562
0.399504450820885	0.309531960613471
-0.285030319307596	0.186329206529657
-0.0491385627932144	0.0267957601177499
0.0835731081677099	0.0559734851877994
-0.298793677715702	0.237613009252236
-1.27064632211145	0.885370023376595
-0.792196318706183	0.63046137174687
-0.89747639767284	0.94004315172749
0.0478374739349464	0.0241360072493468
-1.81214638498018	1.31346636503693
-0.0489670362588258	0.0267049448325151
0.15553908074406	0.126718473093623
-0.653338022725499	0.659600224918448
-0.00632898795488209	0.00353408767115909
0.564145183307959	0.389473891906218
1.28490146779142	1.48967236359433
-0.326239444133989	0.279984135591738
-0.500074420317747	0.415863932501337
-0.100599240850681	0.0534854334490669
-0.260658316972533	0.131581223015508
1.36846594563983	1.36392177573483
0.54676433796816	0.399440426883127
0.89833172185645	0.723268328705126
-0.472024518616386	0.329044883502682
0.395960532724858	0.226074302242306
-0.00826826892554727	0.00532814303609758
0.693803320882029	0.725326387420048
0.0588028650870836	0.0371409726186041
-1.40188477168528	1.05085158297314
-0.119810659944723	0.0732080330683622
-0.167746238435569	0.0869469108163603
0.564496374275452	0.38968806074679
0.250605830440359	0.15518710398705
-0.791922270637053	0.630589539613816
-0.217562355222036	0.161209704519002
1.45586955424895	2.09518464928122
-0.573069444667283	0.392154228921532
-0.0488879942131119	0.0266619172719185
-0.298906392453111	0.237731703124378
0.116330839643921	0.0681472868212352
0.0423019477325416	0.0299761365242794
-0.265333425545398	0.193865629246661
0.181395759602857	0.12766670417979
-0.674977611675719	0.545756932496765
-0.0487300164360545	0.0265724014795389
0.522254066330468	0.423767227511228
0.50465845117712	0.449393071965793
-0.0488357677346139	0.0266327969000951
-1.14268425110021	1.02080581954915
-0.0758008970647359	0.0472191690492665
0.546988418746887	0.39964943368048
-0.568481019853327	0.350153375981782
-0.732207785471608	0.441468073086455
0.0478295204619513	0.0241303182423519
1.15471748530037	1.10887818635539
-0.487633965163832	0.372797634315868
-0.0489013694262602	0.0266701962197787
-0.732099967580472	0.441350213980641
-2.06201088940925	1.69806729104494
-0.938814115378142	0.734138351979046
-0.791824711396637	0.630454044297698
1.21177019796598	1.45596447751077
0.178502584419716	0.0880150507571391
0.250579140813568	0.1551468753094
-0.0488491633688526	0.0266379092504318
-1.9418790598625	1.50466370941185
0.898413882526757	0.723276956405637
-0.0758420447116388	0.0472493626621867
-0.686827855694164	0.508381075212563
-0.358653698911515	0.230066631527229
0.968800840708488	0.894865284437944
-0.00637557637037879	0.00355970996600095
1.52771264725973	1.06666096129644
-0.568618029949817	0.350073136763366
-0.889993670971758	0.758410478909053
-0.18438336931455	0.0790808605857554
0.047887776877987	0.0241619538247141
-0.889896617486106	0.758357339826199
-0.686670269083675	0.508235697146491
1.21240187826844	0.971357094877432
0.0479668102951513	0.0242035155870716
1.08188684638871	1.08367773089547
0.564152751246519	0.389471809180536
0.250513390435162	0.155108504066862
-1.27056950611993	0.885278385976038
0.399212954997496	0.293273871802001
0.740514447024586	0.716189107800634
0.399583361571094	0.325359390748264
0.387699641114235	0.203810552040452
-0.500228233640452	0.416045323723521
2.13971976593912	2.57769492272087
0.0289583677449382	0.0171730144127463
1.03204966774021	0.910969946338839
-0.260091421572386	0.131224118624742
1.26788509658399	1.31683916792252
-1.06735762760521	1.02896241203675
-0.449470313294104	0.282463449072139
-0.766255713429042	0.662862174171496
-1.12679749314645	0.723768445088123
-0.0486779129594599	0.0265406888410703
0.712007738259608	0.546620013704936
1.04417132370979	0.75412450860252
0.96346955997511	0.737053210534985
0.0586959218520654	0.037080909149561
0.674646521237185	0.730589964241878
1.0818125950203	1.0837419748717
-0.11951965129848	0.073057555006467
-0.449551847246755	0.28255524491248
-1.14262392140449	1.02071657436321
-1.44906962486651	1.34643416861096
0.546816875156251	0.399566848469562
0.398860270688586	0.260928559216684
0.116428702122489	0.0682030568622803
-0.167647468271265	0.0868700825002316
-0.578975115762517	0.267390226446819
-0.173558094604023	0.117371743278771
0.399591436244457	0.245265409014508
0.398690755140477	0.276941906629452
0.399736705985783	0.245328474613378
0.968861394372827	0.894764321872648
1.34308347816206	1.01515253512817
0.398834984692158	0.277080991308156
-0.939011804865643	0.734143578649317
-0.449536287830222	0.282477104716803
0.128967157113683	0.0572682747137997
-0.877298087015138	0.577068484962905
0.396328137822807	0.226354449596928
0.0480816714797298	0.0242551139833624
-0.18438336931455	0.0790808605857554
-0.265376414704092	0.193936765237222
-1.01106991729155	1.04686660568732
0.058443790022945	0.0369248768508539
0.681157656073289	0.550402812682356
0.399587112669457	0.309611469101884
-0.653190391425191	0.659451270898266
0.547054115670868	0.399650094146324
-0.322096027819269	0.231968199161496
0.181596880908751	0.12781273816616
0.0856766271852479	0.0467288268596743
-0.732021846522536	0.441299012127764
-0.00665389317830462	0.00371213544091307
0.264718600927762	0.174588722278937
-0.0488089875965929	0.0266177615123385
0.63543755037969	0.564789288279985
-0.422362980610067	0.236625102937512
0.606746759712527	0.367950501034703
0.898518839798478	0.723517076998338
-0.766228414967052	0.662815534712448
0.396262160673801	0.22638646126689
1.04417132370979	0.75412450860252
-1.66989234257219	1.1213835592074
0.396218627105279	0.226311693792237
-0.0393570556733211	0.0249591729553041
-0.265462605780049	0.194040861809736
-1.06770226032767	1.02971511897472
-0.577206894554713	0.43444537062023
-1.35077156441332	1.18217148426361
0.0857559934226779	0.0467736506521512
-0.327546345457555	0.129698049658362
-0.568541766074588	0.350174119857092
1.21235821634127	0.971237252051548
-0.788584669491101	0.414442391647873
-0.825500123262625	0.599709285586044
0.211972345235843	0.113872699829732
0.898451832677378	0.723359211386074
0.399797323002189	0.245311926130522
-0.791991904254684	0.630597832764327
-0.981346705680869	0.890885888045407
0.564167854664221	0.389388403390002
0.211857686193715	0.113839275081236
0.0585918553379603	0.0370192038447161
0.656285226223935	0.556752931738205
-1.00950067227012	0.71944848988664
-2.09936627439323	2.33142815607738
0.211857686193715	0.113839275081236
0.606854759600209	0.367937503742949
-0.571856302171083	0.312667878337296
0.765337900306628	0.331772940313554
-0.184393374089649	0.0790787932600563
0.234209408113983	0.135557017197127
-0.167830351359906	0.0869843248816228
-0.422320612835452	0.236661180017005
0.234306721965948	0.135608476227016
0.917385739851407	0.884686342578039
-0.358653698911515	0.230066631527229
-0.96814522350334	0.566902385585879
0.853033866383466	0.547002647083637
-0.981638629359483	0.89126434873263
0.607013909009565	0.368113947865685
-0.701832486364182	0.471016343360915
-0.877086102697969	0.57703082808025
0.546631934992591	0.399314019131632
0.399459997875481	0.245109493784926
-0.184739462555253	0.0792331882344397
0.845979364827558	0.715144881301218
0.712007738259608	0.546620013704936
0.128609310588168	0.0570988901799906
0.564309454944135	0.389580908495401
-0.84771589802742	0.353095483927744
-0.314982198182125	0.180510673545541
-0.00471351223080486	0.00218494087160831
-0.967920770914226	0.56691647468837
0.399660064812808	0.245317382260872
-0.422277491765285	0.236577437285146
0.250592487483807	0.155172004789474
1.21240187826844	0.971357094877432
-0.327230659220978	0.129567376802136
-0.224338278181341	0.149249065378193
-0.732207785471608	0.441468073086455
0.234373269576146	0.135633958116151
0.178394582455224	0.0879597751455033
-0.877107195262802	0.577129826927392
-0.0786522619879239	0.0353023758590265
1.36220611551615	1.19737223627029
0.39899340656642	0.277103771022362
0.234209408113983	0.135557017197127
-0.422385450751323	0.236657506409627
0.928993059852903	0.545364679729449
0.387443934982169	0.203677658568846
0.211895891785283	0.113859386997973
-0.260314528745779	0.131393590854783
0.128617894345499	0.0571115897629187
0.250368394130716	0.154969982860933
-0.00643587924542967	0.00359301632558093
0.250750575245472	0.155274432661127
0.671538371030747	0.334855559136084
1.11255166293503	0.937740334633732
-0.568526745642155	0.350010654970929
-0.573214592148753	0.392266645889591
-0.235316786021102	0.137981180349472
1.21253157563892	0.971232920512448
1.51276202140523	1.26314002560136
-0.048664495000916	0.0265339235411585
-0.0490071340311382	0.0267250488141324
0.546751032897838	0.399472875834704
0.504527245921665	0.449325217126695
-0.358522758485451	0.22994932308938
1.05626564904319	0.549859734255288
0.396068108708119	0.226269963646636
0.196488573086585	0.145704761945943
0.715400384218384	0.720358404474324
-0.391724305318784	0.191524028484181
0.399690400102612	0.24532046887855
0.286312443114443	0.211562843707214
0.0856766271852479	0.0467288268596743
-0.732129713916639	0.441387161072424
-0.791861878249689	0.630501710651017
0.0479061058216731	0.0241734985376833
-0.732021846522536	0.441299012127764
-0.939077485445265	0.734512322363123
0.178502584419716	0.0880150507571391
-0.212655936867747	0.172509682189
-0.889813078580762	0.758273976852272
-0.568511406865005	0.350173903370174
2.41451360393946	3.42942798540847
-1.13146663386904	0.867221021748422
-0.968272243637976	0.567172585007472
2.04751493191061	1.45235907309448
0.373176502294703	0.176346584481927
0.671465868796485	0.334774054050095
1.66363218006478	1.5163341370245
0.399535611406082	0.245209094708849
-1.12726154838206	0.724019034618447
-0.877042886893742	0.577005310114962
-0.327230881004658	0.129566059642725
-0.568382091800531	0.35000896247181
-1.63519892643573	1.39549661695138
-0.184035935062965	0.078881889936466
-0.848554588996423	0.353709685597233
0.211819494672195	0.113810815709731
-0.00460590115827881	0.00213630146959521
2.87963000652241	2.00211060739267
-2.38056838857613	1.46183685335053
-0.0786522619879239	0.0353023758590265
-0.391828951569218	0.191518019745526
-1.44939702244728	1.3467385561149
-0.100435448908401	0.053405283159304
0.928532535536287	0.544905767686774
0.838233482129389	0.876845308069539
0.6563136995897	0.556790487890074
0.711861766568871	0.546369917782611
0.0857828642932185	0.0467786521757069
-0.577002826250074	0.434347034870591
-0.422363725502875	0.236700130314835
0.955883959048738	0.344654176637369
-0.0391846354253719	0.0248416469408965
-1.4018007776737	1.0507394544735
-1.0675418341879	1.02930872282752
0.396089460373207	0.22625207081107
1.15477006151329	1.10920857535553
0.606746759712527	0.367950501034703
0.0290113532844415	0.0172048544907705
0.635646602476892	0.564923898181964
0.898541649291977	0.723418983530821
-0.00471351223080486	0.00218494087160831
0.602148191533793	0.582715754374194
-0.119572665333446	0.0730925935206141
-0.422256388009115	0.236590327517095
-0.235462187373492	0.138072780517714
-0.731771853973936	0.44085949939863
0.712007738259608	0.546620013704936
-1.13157352576474	0.867806795163739
-0.119544100623782	0.0730686929218244
-0.358640290259768	0.230034639766072
0.0855580104856908	0.0466587120748805
0.399098404404494	0.261088415804529
-0.131385268041818	0.0902783674300096
-0.472108155766521	0.32911275292109
0.58482001808895	0.37997695034666
-0.578932087841688	0.267346135716811
-0.791899059019307	0.63044304553037
0.128853508420719	0.0572225471771537
0.264802209253012	0.174630751522979
1.11263885012019	0.93771101399471
0.584675168308242	0.379860425930649
0.116126097415367	0.0680078566263147
0.178250692646318	0.087868903847657
1.15037020306817	0.774437355317741
1.36853232022508	1.363809344998
-0.70190117287605	0.471095771394012
0.750925784738589	0.546494659096437
0.564242568767649	0.389576900413468
-0.314806633342869	0.180404619625564
0.0857959848849942	0.0467930000380248
0.564257720096497	0.38949350224345
0.853033866383466	0.547002647083637
-1.40184436730211	1.0507762370863
-0.224148922004221	0.149084508228651
-0.674739925783626	0.545605022666558
-0.31479876138457	0.180378411709713
0.181399908429285	0.127687118867493
-1.52285856569018	1.22115975486306
0.38733733715432	0.203585026748655
-0.131167945964282	0.0901320351584368
-0.0788332563552394	0.0353882174785728
0.234217042819429	0.135554715301903
0.796499407903853	0.546409161577071
0.796499407903853	0.546409161577071
0.898623798154689	0.723477270342393
1.26777826938512	1.31689238990432
-0.171770631410099	0.102932060208856
-0.167768525015682	0.0869347959224351
-0.35889069545619	0.230176054147552
-1.12669836517588	0.723532054881941
-0.285141261563713	0.186367441200295
-0.568511406865005	0.350173903370174
-0.732207785471608	0.441468073086455
0.929003379570485	0.54534639567847
-0.686656780325162	0.508238057982816
0.546816875156251	0.399566848469562
0.0617277318050226	0.0238966037879039
0.163355797599466	0.108600904695281
-3.57969516390226	3.96342061927585
0.399621764926025	0.24528629890332
-1.52282792740514	1.22121094412113
0.264769389984826	0.174557431537067
-0.422406153924719	0.236701653650632
-0.571856302171083	0.312667878337296
-0.171975261730541	0.103067661326467
-0.787990233828196	0.414043933099704
-1.14897468185977	1.17268553875547
-0.00467057234517247	0.00216620810420213
0.398886369625052	0.260953947356794
-0.167883164706142	0.0870145895376265
-0.358351663559802	0.229777267503482
-0.568473274508818	0.35013698342253
-0.731958339276255	0.441230120289073
-0.572898061025124	0.391961181557989
-0.788353018666431	0.414337941238971
0.40427466411489	0.14004859743002
-0.0065935539137356	0.00367940017156973
-0.665776664088426	0.58385482272296
-0.235079290367841	0.137769563908639
0.845820954610095	0.714910037968309
-0.686841322231433	0.508319933207446
-0.00462697564859522	0.00214403876152766
0.606840474184464	0.368014046586871
0.584789793668832	0.379972034303177
-0.848034357080434	0.353432748047731
0.955568975584273	0.344510645872178
1.0442650852691	0.754232399790507
-0.167738302724452	0.0869260433210468
0.25069825731129	0.155248653610278
-0.314897752349974	0.180460386792066
-0.235409159682121	0.13803600571538
0.0479926332673003	0.0242104355625978
1.21231527031093	0.971317789997125
0.845807667058939	0.714953390541008
0.387605725992851	0.203766496048981
0.396154537368834	0.226335141231484
-0.314837032959884	0.180433066341452
0.963417143425749	0.7368200202736
-0.422492475261116	0.236683184235904
-1.63526048784184	1.39569625082924
0.711994689914987	0.546635957220775
0.211781317206402	0.113772152167333
-0.078745871602922	0.0353461577361168
-2.17317929246476	1.89401240060278
-0.389637887027684	0.275904718019779
0.606840474184464	0.368014046586871
1.11228825202632	0.937145135717021
1.12017577789329	1.25737545212184
-0.0487956030897302	0.0266078382724499
1.15457177884896	1.10893769082864
-1.24545863326835	1.0224502405297
-1.74046969219805	1.57511260293542
-0.686749044698813	0.508320544769257
1.30829511341016	0.797784880803241
-0.938893028343589	0.734318770281423
1.11246881043441	0.937662436095658
-0.184739462555253	0.0792331882344397
-0.0789466320583325	0.0354412383139809
-0.260579855127371	0.131555960501043
0.116489195276326	0.068231887094166
0.631915366318177	0.352321134986156
0.606746759712527	0.367950501034703
-0.877213265073092	0.577236204859608
-5.1803023981076	3.15174440345151
-0.167852880383599	0.0870058064419345
-1.00958459475678	0.719552722677059
-0.327546345457555	0.129698049658362
-0.568511406865005	0.350173903370174
0.38714220227909	0.203391246363681
-0.939301367765877	0.734653716487146
0.128739954381237	0.0571706971446716
-0.100443178122335	0.0534100513858687
0.234134912161859	0.135481632721817
0.750813604587608	0.546288457112092
-0.791945482047303	0.630661225316363
2.02562986375664	2.69272081421436
-0.571630518863802	0.312363221128435
0.845781080857291	0.714913663492623
-0.686762524177882	0.508259419397331
1.03227505489586	0.911263981477454
0.52230708112406	0.423835271535181
-0.119571298130348	0.0730913852716358
1.11246881043441	0.937662436095658
0.956055118653698	0.344844233810228
-0.0786392714965295	0.0352944119780959
0.128496054262865	0.0570471936487537
1.52772243101706	1.06654333577132
0.0857959848849942	0.0467930000380248
0.740325029455224	0.715862616992641
-0.889752898331209	0.758159798405766
0.631924054382468	0.352475981362613
-0.686578027159609	0.508127690026033
-0.131212887277098	0.0901629643677175
0.533171724953987	0.411076621770173
-0.00805465504055907	0.00519190678853577
-0.422363725502875	0.236700130314835
-0.0065935539137356	0.00367940017156973
0.656472871278802	0.556862079721386
1.08195662259747	1.08406505818642
0.155616454101431	0.126792038920582
-0.746921508101353	0.697565218519348
0.25077730949292	0.155295680303515
0.635627197707316	0.565069375339754
0.0855710855814217	0.0466692685549772
0.635670921022849	0.565123666576565
0.250750575245472	0.155274432661127
0.972380876003831	1.05477624341821
0.0289568043675961	0.0171732158028847
-0.422320938196137	0.236638315029538
-0.252974536526994	0.203287052328415
0.178315331624704	0.0879190895682354
0.178423283573288	0.0879679360806085
-0.701809625083862	0.470900828404984
-0.358680527282511	0.230076669085373
-0.571737584667295	0.312608565413617
0.79652044983038	0.5464742420311
0.928634831032234	0.54488630078218
-0.0091951964681284	0.00302330471275721
-0.732021846522536	0.441299012127764
0.142157508647189	0.0889086562327631
0.396154537368834	0.226335141231484
-0.100719535592776	0.0535595262511556
1.03214221452611	0.911241377499726
0.211926139913565	0.113876387771514
-0.389984373105749	0.276377432670347
0.0856504615516148	0.0467163223346054
-0.568442908073705	0.35011647403505
0.0479511958419391	0.024184537410921
-0.732192865670734	0.441473163114747
0.584781816253386	0.379967818774411
1.14981955405602	1.42911617587349
-0.173917091531538	0.117682478952323
0.0186074566745822	0.0125199585315506
0.84596605132746	0.715188219408872
-0.167929195262157	0.0870101900241509
-0.260235539921703	0.131347478886903
0.276583399332681	0.193444888966908
-0.791991904254684	0.630597832764327
0.606480452143739	0.367614523278075
1.14991551077885	0.773906023057076
0.956226036647493	0.344930752421141
0.0616553482559604	0.0238703716137645
1.03202208642362	0.910503352500182
-0.449633490948602	0.282605167831363
0.0857559934226779	0.0467736506521512
1.47069309243724	1.75625356964095
-0.358719266708361	0.230082368721598
1.0442507952022	0.75417682170438
0.286586685653519	0.211767249976155
1.38065299738888	2.04421206607543
-0.32201386012934	0.231860376653194
0.92912666564349	0.545221169055652
0.39943137726308	0.340538087173694
0.796521365237415	0.546317748025171
-0.265676153174243	0.194192923864721
-0.00846814759093237	0.00545679450979777
0.584781816253386	0.379967818774411
-0.171937931217338	0.103046922596437
0.163372920550334	0.108642931660014
-0.0758228309056645	0.0472304207766757
0.63543755037969	0.564789288279985
1.04445280576643	0.754261634807508
1.15024769582178	0.774274178577378
1.18703292296121	1.28237633464647
0.796369487963486	0.546199801059262
-0.674552373186424	0.545075580821755
0.178488280870952	0.0880114930246788
-0.0788332563552394	0.0353882174785728
-1.23430272897716	1.17056832595407
0.845873572645785	0.715100082050027
-0.568557201492344	0.350052320551455
0.21178923311276	0.113786657240428
0.141865183765722	0.0887267375760719
1.15469088355296	1.10916330782568
0.0478903049748244	0.0241603677989813
-0.314883095294388	0.18046152778602
0.250592487483807	0.155172004789474
0.546737724120211	0.399480929625377
-0.848352883478491	0.353483822010577
-0.732114848484512	0.441422043241892
0.92852246752374	0.54477972387055
0.128617894345499	0.0571115897629187
-0.0091951964681284	0.00302330471275721
-0.0788269788881849	0.0353859300459337
-0.260264417486449	0.131354868014329
0.276634861834895	0.193514161038662
0.917358564596241	0.884624051510388
-0.389798224379841	0.27617873057893
-0.235224426170279	0.137909137164948
-0.788111377288474	0.414177817025583
-2.37585175567147	2.29716228558814
-0.285067287514914	0.186362204940924
0.845939413203912	0.715148403086207
0.681218217759428	0.550448454438737
0.750937243272865	0.546463920727753
-1.93132393920753	1.94708148483335
-0.576905701247131	0.434174829667432
0.234373269576146	0.135633958116151
-0.449738456594333	0.282686420755686
0.234007117991167	0.135377283178874
-0.5684886823218	0.350103935453231
0.396046916212252	0.226190301248755
-0.391594789884239	0.191438279351218
-0.0081408866142675	0.00267744478079309
-2.27755296626638	2.09471785974243
-0.791931519146898	0.630510016423755
-0.358653698911515	0.230066631527229
0.635607706846829	0.565062488780271
0.740517027836407	0.716317009145669
0.398737028107333	0.276969072845267
-0.766440085400675	0.663088444368722
-0.389771020667503	0.276159735319747
0.796412832540613	0.54632387049216
0.141839318732247	0.0887064926781886
-0.039529500318646	0.0250689531848583
0.681195083204236	0.550500792823466
-0.686643295235763	0.50818911175335
-1.00950067227012	0.71944848988664
-0.235607797127112	0.138127518084743
0.546737724120211	0.399480929625377
0.750745284981443	0.546232890910934
0.276634861834895	0.193514161038662
0.140349626264432	0.109341119868297
-0.658877367777441	0.622335582429877
0.838147206191863	0.876624686127254
-0.171891600284617	0.103013652092688
-1.12702728560379	0.7237887552699
0.211934111461218	0.113871149144747
0.399649092630306	0.325420637325106
0.085491672280226	0.0466198744971157
1.03214221452611	0.911241377499726
0.399019063877058	0.261052466805314
0.211827445314614	0.113815124257299
-0.568481019853327	0.350153375981782
0.211857686193715	0.113839275081236
1.47061032100823	1.75527853433542
-0.500203818321057	0.416021304548639
0.693796988188397	0.725361460329095
0.276712010937988	0.193471417153588
-0.701840167512445	0.470997103993803
1.11254430621574	0.937658562049887
-1.08427689290113	1.18403960371508
0.234127312196873	0.135493151380613
-0.260278833098289	0.131319945564905
-1.93107595421165	1.94610274630828
0.116391353791918	0.0681832637592717
0.286419390851797	0.211652533237129
0.584721353956748	0.379925831477889
-1.23433946579219	1.17062730393621
-1.27072298147689	0.885399734353617
-0.0759270521319743	0.0473049630283594
-0.0487956030897302	0.0266078382724499
0.178329729181954	0.0879236922445928
-0.852456218495276	0.785740006128746
0.264704824340339	0.174556238904536
-1.67035171659667	1.12130058923539
0.211849784137663	0.11382783840282
-0.224363956956832	0.149288353019299
1.21248767417992	0.971112865480314
-0.487792808417601	0.372915311409266
1.49719585959021	1.43025097472277
0.116224017930216	0.0680787722672144
-0.0487166189222014	0.0265624773793382
0.211781317206402	0.113772152167333
0.128731299422086	0.0571633654848292
0.632055174789326	0.352583555456159
-0.788334455485247	0.414193392330842
-0.472047704335293	0.329071112036136
0.387443934982169	0.203677658568846
-0.701801990339726	0.470952990233888
0.399550257329705	0.245208994329299
-0.0758447695181661	0.047238971909493
0.750820935056823	0.546362059972189
-0.825053757516349	0.59945569070679
0.564242568767649	0.389576900413468
0.898339298766934	0.723330813645462
1.18705883143038	1.28247683048444
0.116330839643921	0.0681472868212352
0.399362417223057	0.244995586394772
0.399535611406082	0.245209094708849
0.29460400870286	0.229088037995619
-0.686499309414722	0.50798896479976
0.234224666727355	0.135543204546346
0.796585173823348	0.546500154315464
0.307713997100883	0.262215838994083
0.264658266871447	0.174547011346903
0.181440973065105	0.12771404261578
-0.0789404054704349	0.0354352126325418
-1.24528851254411	1.02241091253556
-1.00958459475678	0.719552722677059
-0.172044749974993	0.103085764962224
0.264528096877181	0.174410997883395
-0.100524984420176	0.0534573894442428
-0.171807943033785	0.102948482806925
-0.31487529078185	0.180469531977314
-0.100719535592776	0.0535595262511556
-0.175925190312393	0.131899525865189
0.617835484296268	0.573827373879769
1.58601081784958	1.82438589754659
0.0854513398718554	0.0465821652294128
-0.889946978379819	0.758147293453786
-0.897321981337297	0.940062642864547
0.522254066330468	0.423767227511228
-0.18497277426639	0.0792939096692932
0.141919557864797	0.0887687130470317
-0.686814392821566	0.508383460359442
-1.11459535646121	0.54087500274063
-1.00965312473013	0.719454975106926
-0.358536204185177	0.229923387816294
-0.702061148447174	0.470945196729944
0.564242568767649	0.389576900413468
-0.449804799749989	0.28265548947605
-0.100555870222987	0.0534465396651731
1.11238584210836	0.937417194792886
0.058506856910663	0.0369659911939458
-0.390010170761787	0.276421028544424
0.178459720267843	0.0879605344635614
-0.260486639341066	0.131500765009026
1.37284025651849	1.53241045230602
-0.314806633342869	0.180404619625564
-0.577146638675989	0.434429840249087
0.27644858156017	0.19332892779995
-0.686708628261626	0.508166632881355
-0.0757763188863928	0.0471943830956684
-0.487606675292995	0.372750836390607
-0.171998424677568	0.10308111895244
-0.100540405818408	0.0534632011451723
-0.119599857211976	0.0731028704874724
-0.358653698911515	0.230066631527229
-0.00657026808094862	0.00366649300398857
-0.0488879942131119	0.0266619172719185
0.178315331624704	0.0879190895682354
0.387712424627645	0.203798195508622
-1.68718740077762	0.704071354649794
0.399720762046032	0.245300880797733
0.116307687959683	0.0681343944936411
-0.00657979808016496	0.00367176203867503
-0.665647710595455	0.58393081140269
-0.171937931217338	0.103046922596437
0.196657324790361	0.145866264172984
-0.825240015986526	0.599593248021543
2.23931342872832	1.77934526774809
-0.581600116981307	0.516448993782105
-0.171891600284617	0.103013652092688
-0.0487434176606647	0.0265806887940662
0.211857686193715	0.113839275081236
0.250711605847258	0.155245755704872
0.564152751246519	0.389471809180536
0.546776887558269	0.399444308869271
-0.674897402447207	0.545676629601899
1.15475674214887	1.10924916729094
-0.571618661584741	0.312525279780433
1.24629807325422	1.14565536984142
1.21222890975055	0.971060007159056
0.0479668102951513	0.0242035155870716
0.963447321374807	0.737010024602681
0.606761084387309	0.367905172141757
0.680897744133689	0.550020700954404
0.671610898104777	0.334894991105506
0.128862234571198	0.0572251923644326
0.1420256374432	0.0888443640776842
1.34298968142901	1.01511461811393
-0.173856947437217	0.11761702585386
-0.260486639341066	0.131500765009026
-2.24953278604025	2.72584176944193
-0.0788394138547632	0.0353861542623881
1.51285570956803	1.26312899341026
0.387699641114235	0.203810552040452
-0.171816972074702	0.102965328684015
-0.119546843544292	0.0730678346020511
0.564137604557153	0.38945059624571
0.852671639124429	0.546588557482098
0.711835729156345	0.546436820610805
-0.00479974634476388	0.00222777119469707
-0.10060690072741	0.0534984057920706
0.546737724120211	0.399480929625377
-0.235316786021102	0.137981180349472
0.740434397306547	0.716014111872294
-0.0758420447116388	0.0472493626621867
0.398918661272857	0.277122050938888
-1.94217785162884	1.50556750778932
-0.184515486374521	0.0791276552318126
-0.568404782301551	0.350035267727637
1.3082516470813	0.797772341886517
0.234014737217533	0.135404415420104
0.0859014915634962	0.0468510187878195
1.15470418627042	1.1090568619249
1.11247611937041	0.937616420025001
-0.10060690072741	0.0534984057920706
0.632282847428213	0.352728572431533
-0.314837032959884	0.180433066341452
-0.235237583424851	0.13791980571296
-0.171719225085586	0.102870327747849
-0.171877447008978	0.10300836389379
0.0479668102951513	0.0242035155870716
-0.0393119754570009	0.0249293922867717
0.512844135194008	0.436605312304594
-0.939064223681972	0.734584867529678
0.750850143544645	0.546259365345522
-0.00482134538163185	0.00223622028267589
-0.731928779514293	0.441051573299806
0.796607070563234	0.546529871565748
0.365796592364056	0.150347828566248
-0.788092531306192	0.413882409633952
0.0616553482559604	0.0238703716137645
0.968870232851296	0.894657982741038
-0.284960393323697	0.186248011498073
-0.44947814360217	0.282431103264722
0.211857686193715	0.113839275081236
-0.0759051448786092	0.0472913722500453
-0.314905683790335	0.180488007236133
1.49728597774568	1.43022226620935
-0.389822567124657	0.276209731907798
0.3996138541701	0.245240556317635
0.396154537368834	0.226335141231484
-0.701908866845412	0.471042169258016
-1.5115270734062	0.927411578516509
0.681088260233002	0.550461509138893
1.11255166293503	0.937740334633732
0.264370305976274	0.174245141869526
1.36206920343166	1.19697006676344
-0.0492443556791435	0.0268467340391914
-2.19317773508491	1.21121855507647
0.606948500498358	0.367931765715433
-0.422256388009115	0.236590327517095
0.796607070563234	0.546529871565748
-0.314852629161087	0.180421594369275
-0.00471351223080486	0.00218494087160831
0.796455763646197	0.546406595576815
0.178394582455224	0.0879597751455033
-0.577016417499633	0.434301298369839
-0.791945482047303	0.630661225316363
0.606999733160499	0.368112755368252
-0.433294693252422	0.364645626311843
-0.100540405818408	0.0534632011451723
-0.100517289863626	0.0534489339909363
0.178315331624704	0.0879190895682354
-0.472033637882765	0.32898027204842
-0.314936050194936	0.180496880170545
0.712074114293426	0.546670662650068
-0.576965922644856	0.434268315425558
-0.674924616313003	0.545765523362656
0.606840474184464	0.368014046586871
-1.51151931630602	0.92801396381259
1.21240187826844	0.971357094877432
-0.100719535592776	0.0535595262511556
-0.104360815899979	0.0290077066781166
-0.314966389985357	0.180495713336035
0.546737724120211	0.399480929625377
-0.701862955864654	0.471051609861451
-0.686879805819936	0.508370712672486
0.398899413000892	0.260942508796847
-0.701954205111435	0.470997917343372
-0.00488543744923292	0.00226715904143512
-0.322246817928308	0.232020436942575
-2.17340980483496	1.89463489008573
0.750738002359985	0.54623867910786
0.632046398741327	0.352597545210657
0.366007310144161	0.150389420387711
0.234217042819429	0.135554715301903
-0.171719225085586	0.102870327747849
-0.414004594020839	0.321166452093534
-0.285067287514914	0.186362204940924
-0.35841702097782	0.229858290125378
0.606559527610197	0.367723081536763
-0.0391395919086667	0.0248122138353417
0.196743488918033	0.145921555751857
-0.389796790631925	0.276201776044944
0.533292453228994	0.411220850834707
-0.119572665333446	0.0730925935206141
0.0289856450192817	0.0171876033787954
0.0479364447408366	0.0241891330477726
-0.449373191513552	0.282357849246829
-0.824056657166924	0.81638992795693
0.234388667047457	0.135655805195531
0.178221803522451	0.087859016655947
0.116489195276326	0.068231887094166
-0.825135049387965	0.599550836734038
-2.68380367508382	1.94115029656109
0.0616119293818908	0.0238454086482069
1.14979360014843	0.773743447762429
-0.422320612835452	0.236661180017005
-0.897387259654377	0.940178061589571
1.15458507968611	1.10902660350339
-0.284933108818233	0.186210138831962
-0.674632540303875	0.545363877292345
-1.40188477168528	1.05085158297314
-1.00954648594502	0.719429089721718
0.681171948846945	0.550519576410294
0.211926139913565	0.113876387771514
1.48135310455928	1.58913563698708
-0.573214592148753	0.392266645889591
1.51282686969678	1.26314411001886
1.04451843552852	0.75427672392129
0.546843514987056	0.39952635801972
-0.422299294346764	0.236652215203968
0.606920023753657	0.368081471821074
0.396089460373207	0.22625207081107
1.21231527031093	0.971317789997125
1.89249130591191	1.63157728953475
-0.235528417687142	0.138093242377677
0.399214271315013	0.293315937795653
0.128862234571198	0.0572251923644326
0.398886369625052	0.260953947356794
0.211811627312371	0.113789183497608
-0.389822567124657	0.276209731907798
-0.265680101467543	0.194226915105528
1.37273335371078	1.53256434383476
-0.568473274508818	0.35013698342253
0.0477991681152642	0.024113419531517
0.399098404404494	0.261088415804529
0.584713362680071	0.379926319520258
-0.0344371294284795	0.02457723815728
1.30817931439108	0.797679491776654
-0.686972146703775	0.50843016111244
-1.94202876330122	1.5053209239681
-0.571425270298364	0.312336137740824
-0.173599093521653	0.117399075986594
-0.184363306761202	0.079022323203439
0.796434076670658	0.546311995607716
-0.422428119128095	0.236719234912365
0.0855177827123777	0.0466323453857927
0.398690755140477	0.276941906629452
0.276874045877538	0.193602184728019
-0.73228569888236	0.441519104636812
0.79649870309776	0.546379576538645
0.399045218082428	0.26107791038966
-1.94210338431566	1.5054945356292
-0.235488423181181	0.138083855479216
0.047887776877987	0.0241619538247141
-0.131164345483986	0.0901048674294726
-0.217559000108108	0.161169670625247
0.712007738259608	0.546620013704936
1.14990698215722	0.773998601930091
0.399187088913684	0.293282605618885
-0.732129713916639	0.441387161072424
-0.100719535592776	0.0535595262511556
-1.32066319854505	1.32508644215251
0.0584218523132793	0.0369098436699805
-0.766281321352695	0.662925995029655
1.26776393717793	1.31667991034522
-0.889813078580762	0.758273976852272
-0.167792228123067	0.0869736387408147
1.34290899621575	1.01496515257567
0.804015607829325	0.712240290170832
-0.422320612835452	0.236661180017005
1.0442650852691	0.754232399790507
0.234119701427991	0.135495466226445
2.1749742693493	0.972967149948564
-1.24536159366181	1.02235654200607
0.276715120914925	0.193567071549497
1.28511362059542	1.48968761244544
1.73191854537865	1.91460587234165
0.264537573070616	0.174438139402009
0.0585288005378674	0.0369794101178088
-1.04437342022381	0.87478702664477
-0.28518786639213	0.186434024764144
0.546816875156251	0.399566848469562
-1.81312300387472	2.51436063414436
0.6356490617536	0.565110324997158
-0.224335078077715	0.149257804118276
-0.00479974634476388	0.00222777119469707
-0.00629198591006161	0.00351353991767755
-0.173665041486168	0.117482242301805
0.635797279164171	0.565136562997593
-0.00631528212526665	0.00352626021625771
-0.119546843544292	0.0730678346020511
-0.0786392714965295	0.0352944119780959
0.0480050835828071	0.0242224684999677
-0.078745871602922	0.0353461577361168
-0.422320612835452	0.236661180017005
1.08177180623792	1.08311460317718
0.211903911998709	0.113847022197123
0.398780818069297	0.260842436667706
-0.100688927061247	0.0535323661912431
0.398952751279318	0.261019310889639
-0.00649619072655505	0.00362618846728953
0.399757174021846	0.309746376744079
1.49710568736165	1.43005510547763
-0.389982968519614	0.276402027316149
0.845820954610095	0.714910037968309
0.0288235559180433	0.017091874728813
-0.285285181453288	0.186445589906747
-0.487686905437284	0.372851819278413
-0.100435448908401	0.053405283159304
0.387511878551028	0.203703880087379
0.845807667058939	0.714953390541008
-0.487635606562525	0.372739875622519
-1.13150479970894	0.867635884459367
0.211797232378301	0.113783323335555
1.89238446807163	1.63184012055658
-1.27070742608314	0.885233973269698
-0.732192865670734	0.441473163114747
-0.472070889856049	0.329070387884181
0.178394582455224	0.0879597751455033
-0.422277886081322	0.236628606264027
0.398952751279318	0.261019310889639
0.972298193251018	1.05442091155917
0.656153187518948	0.556527792026658
-0.217279988244725	0.16095610036151
-0.167830351359906	0.0869843248816228
-0.38995717249119	0.276378670243734
-0.413985546774724	0.32111240827119
-0.701916480868463	0.470840918920392
-0.100369256397121	0.0533525851212288
-0.167792228123067	0.0869736387408147
-0.568511406865005	0.350173903370174
0.399507689214496	0.370318211748582
0.5469750709594	0.399657450057087
0.522334344578273	0.423865103654156
-0.0487688451923153	0.026579165105217
1.21240187826844	0.971357094877432
-0.471889598542531	0.328852772332922
0.0855710855814217	0.0466692685549772
0.399467948759877	0.355544814562237
0.399620751829734	0.340683389624531
0.512909913035259	0.436711637663413
-0.00855074931058386	0.00550749457846089
-0.868497826569639	0.967531092595145
-0.85277131203293	0.785855370336872
0.234485925762261	0.13568717529672
0.234045106137132	0.135412255558396
0.606840474184464	0.368014046586871
0.387793623993806	0.203833458215704
0.372838340462595	0.176172443452236
-1.40184436730211	1.0507762370863
-0.0486376702280159	0.0265157087499145
0.769677589313058	0.713346935133066
-0.100524984420176	0.0534573894442428
-1.23425595752575	1.17026871323905
-0.0760945859454269	0.0474073772906456
-0.731865129243729	0.441106968732687
-0.100532689740455	0.0534621458761021
0.399452026643459	0.340590290552723
0.396154537368834	0.226335141231484
-0.358509316483428	0.229953272680103
0.0835767358738898	0.0559642549404906
1.01577745702024	1.22329990378456
-0.449242328827492	0.406908615644518
-0.171854279210956	0.102994903376511
-1.00945513744605	0.719425138137918
0.635692775513996	0.565109371608688
0.399459997875481	0.245109493784926
-0.171854279210956	0.102994903376511
0.0479747380547107	0.0242080962692441
-0.449462493686468	0.282465667764756
0.387712424627645	0.203798195508622
1.03212918709089	0.911191470796257
0.0617424742393982	0.0239084459082885
0.128635112134114	0.0570972382496525
0.209778651025218	0.16333088864056
0.234217042819429	0.135554715301903
0.396132754922445	0.226326677718278
-0.119410862413062	0.0729743072486799
0.769653307162213	0.713016131073549
0.39941594234168	0.355355135076766
-0.100532689740455	0.0534621458761021
-0.852456218495276	0.785740006128746
-0.939064223681972	0.734584867529678
0.796542286709821	0.546503907985386
0.294472717861019	0.228954252983232
0.769732112894498	0.713348024140361
-0.674738461858098	0.545560938008652
0.512931829781258	0.436705582673168
1.0322086691734	0.911326076798724
0.178488280870952	0.0880114930246788
0.963554013368603	0.737102462140653
0.607079602467905	0.368102950443178
-0.967920770914226	0.56691647468837
-0.284923432219298	0.186232006972448
-0.449544062178421	0.282531156107745
-1.08436610498949	1.18424888419965
-1.74064666215519	1.5754150280141
0.522201044076389	0.42367603867683
-0.260673005754938	0.131596036501488
0.11625607797672	0.0680803809979542
0.504679049136557	0.449416783278785
0.546618628076521	0.39924652057197
1.45025869878794	2.26160305010551
-0.701809625083862	0.470900828404984
-0.877211318766211	0.577033792669191
-0.449649024133895	0.282626986880979
-0.391716070497778	0.191515317219743
0.0478757935477757	0.0241566119386645
0.141919557864797	0.0887687130470317
-0.23539602597155	0.138035568356171
-0.747202662297591	0.697822392172466
-1.01084099333436	1.04628417682407
0.276609133537466	0.193488659541977
-4.67565593169724	2.1954150324594
-2.17330321832336	1.89453745488219
-0.581793052068323	0.516564135047131
0.860980596244526	1.03523462833595
1.01567768197695	1.22300582951014
-0.395670178885286	0.361177510768272
-0.665543837243447	0.583813760351764
-0.172021587424904	0.103087776800566
0.656338282398745	0.556778539148937
-0.00838197902019954	0.00540198391606737
0.399137671090677	0.261102471627967
0.286334355858973	0.211582312059847
0.671683450052401	0.334892644976188
0.387793623993806	0.203833458215704
-0.391360018543522	0.191292687350545
-0.422363725502875	0.236700130314835
0.803908700644487	0.712145574984858
0.0289295329639315	0.017156171874967
0.128967157113683	0.0572682747137997
0.533171724953987	0.411076621770173
0.399647793634485	0.245264441983756
-0.00458408807629383	0.00212527871473938
0.209718059055753	0.163296953410067
-0.889836430756796	0.758278106424201
-0.413938714754851	0.32102178183382
-0.487690172660547	0.372570583524491
0.0834419623206405	0.0558844880401982
0.387618551364921	0.203775351678185
0.387524745750924	0.203731359245904
-0.167746238435569	0.0869469108163603
-0.70190117287605	0.471095771394012
0.681186223507185	0.550467240857607
0.234119701427991	0.135495466226445
0.399735281316714	0.30972461717337
0.606840474184464	0.368014046586871
-0.0759901648345779	0.0473452882734231
0.399156101282935	0.35519300419492
0.0858222138874829	0.0468112400675287
-0.260594489203997	0.131559221193867
0.607079602467905	0.368102950443178
-0.981558452761994	0.891351129934286
-0.577243841077986	0.43444600952321
-1.12703244414615	0.724105062479207
-0.171770631410099	0.102932060208856
0.635350177113653	0.564281342574699
-0.788222961863263	0.414264406349458
-0.788241631735444	0.41410029348193
0.67150962292298	0.334766898185218
-0.00473520578037929	0.00219591531042473
0.750975541614246	0.54652601352424
-0.0489147483452937	0.0266769411251259
-0.413837630123317	0.321003545361389
-0.674768598761354	0.545228356288791
0.048043370639892	0.0242397906790943
-0.788232305482405	0.414275835906919
1.24610327152177	1.14603064260661
-0.897562491563505	0.940233689247385
0.968670894719723	0.894606371874941
-0.825150817760178	0.599509934408343
-0.00490736533435351	0.00227272638136922
-0.686958713339299	0.508381254265831
0.399629756186755	0.245296505376421
0.0291157145799139	0.0172647535261351
-0.171816972074702	0.102965328684015
-0.285007010964892	0.186314582604357
0.584781816253386	0.379967818774411
1.15484920414502	1.10912068986755
0.898429094995836	0.72345739395091
-0.322200296650718	0.232034012070185
-0.0395089598661675	0.025056610537209
-0.852645204396027	0.785905962761285
-0.26561054937938	0.19413962489936
0.51280296993901	0.436612787781603
0.546816875156251	0.399566848469562
-0.449454684785548	0.282441571160091
-0.572977137866887	0.392068629563688
-0.358495878177703	0.22993924642698
-0.0788269788881849	0.0353859300459337
-0.0789466320583325	0.0354412383139809
0.60689160893552	0.367944282805084
-0.877105806247263	0.577078965683136
1.11255166293503	0.937740334633732
-0.0791792203244651	0.0355425675709154
-0.00486406634997899	0.00225036709908856
0.23420176261692	0.135550725555505
-0.471796826019795	0.328688123349822
-0.235462187373492	0.138072780517714
0.398688300181216	0.260699701437475
0.128731299422086	0.0571633654848292
-1.27047713945773	0.885153560442061
0.0479827463402476	0.0242098150145323
-0.235620881422302	0.13814836795115
-0.235316786021102	0.137981180349472
-0.314829114370994	0.180396854124777
-0.787999701638591	0.413940026884914
-0.100509606076791	0.0534359574492713
-0.0396198870409477	0.0251239671273293
0.181592903597219	0.127808502828107
0.39912458626215	0.261113883283656
0.399400575084859	0.293405127117493
-0.938800820501774	0.734004736031384
-0.573359947594847	0.39225971710813
-0.00469223554792906	0.00217704265702508
0.671523484063149	0.334704051901253
0.398811843473839	0.277059701974975
-0.00471351223080486	0.00218494087160831
0.39912458626215	0.261113883283656
0.711835729156345	0.546436820610805
0.27644706636959	0.19330255258946
-0.00635228232034153	0.00354698853506701
0.294649024931363	0.229126736383415
-1.40176007896768	1.05053093345221
0.163606102560209	0.108818672900978
-0.00633857803269929	0.00353880115898878
-0.487553742244464	0.37268116945927
-0.414108739961493	0.321191938612219
0.606854759600209	0.367937503742949
0.396068108708119	0.226269963646636
-0.487499155885506	0.372494225759943
0.141999791938549	0.0888227103233252
-0.265376414704092	0.193936765237222
-0.167921349798371	0.0870253071256986
0.250829565904853	0.155311776681559
-1.81202806786776	1.31246110729538
0.671465868796485	0.334774054050095
1.34325841596248	1.0150461797237
-0.184505553212383	0.0791373504854963
-0.791847927464025	0.630459992763821
-1.23415912452911	1.17009212748614
-0.391957975436554	0.191620519285313
1.24626765331327	1.14619646041486
-0.487633965163832	0.372797634315868
0.71559735481078	0.720525053664774
-0.422449318801549	0.236728116220036
0.396218627105279	0.226311693792237
-0.968040626027814	0.567014988604947
-0.100532689740455	0.0534621458761021
0.852778255844793	0.546757450411459
-0.322139897340277	0.231999577337031
-0.487844161953302	0.372793806631537
0.30760571259343	0.262122423899814
-0.686564529117942	0.508078747495984
-2.19293558337519	1.21094334214883
0.234478219261989	0.135689432788445
-0.746944135550892	0.697466632412004
-0.0392708424970269	0.0249014306048066
0.250420937303654	0.155011483456893
0.396003500216528	0.22619139160627
-0.351757803318784	0.276475769948736
-0.00665389317830462	0.00371213544091307
-0.260249986440471	0.131363174492885
0.606920023753657	0.368081471821074
0.396046476092211	0.226243653582569
0.564250149840858	0.389549415415737
0.584781816253386	0.379967818774411
0.632405782769901	0.352759200610373
-0.732129713916639	0.441387161072424
-0.391360018543522	0.191292687350545
-0.28498370230448	0.186287806202676
-0.701801990339726	0.470952990233888
-0.968167760098864	0.566732996748212
0.163564873806924	0.108792680582514
-0.235303642562071	0.137970517714117
0.399542940036478	0.245217361896434
0.211926139913565	0.113876387771514
-1.74072702505847	1.5753789185864
-1.00954648594502	0.719429089721718
-1.81180229763981	1.31241201144823
-0.422234800101602	0.236535643078274
-0.889669369915751	0.7579225607507
-0.0786522619879239	0.0353023758590265
0.387511878551028	0.203703880087379
0.0479061058216731	0.0241734985376833
0.178344142351158	0.0879130866885018
-2.17334104145165	1.89554238845045
-0.322054918949587	0.231926205197877
0.564347534065063	0.38957052261631
-0.0487568225975182	0.0265874476193196
-0.568473274508818	0.35013698342253
0.0855841566218966	0.0466768866551627
-0.686827855694164	0.508381075212563
-0.284923432219298	0.186232006972448
0.681148814685048	0.550507144497065
-0.852500197789548	0.785757997478442
-0.449820216110179	0.282733562407957
1.58606589905691	1.82402673296564
-0.0487568225975182	0.0265874476193196
-0.0758613446971181	0.0472573155696398
-0.167814701890377	0.0869867978736486
-0.571518586146758	0.312432773778368
-0.260329029925159	0.131417764875266
-0.414004594020839	0.321166452093534
-0.285150876711098	0.186416646333165
-0.26554880296696	0.194126969543783
-0.933929260638794	0.913928254492498
-0.471843212655667	0.328827257946704
-0.413711788121587	0.320827630028504
-0.824875569768949	0.599111080191056
0.264611710694309	0.174500278389277
-0.792112702279816	0.630685418300134
-0.0489536777384871	0.0266950254107167
1.28482115668801	1.48923327676469
0.250605830440359	0.15518710398705
0.399630859244332	0.309670206289546
-0.573280670685844	0.392255128412562
-0.358615057868531	0.229992454909469
0.211728793774954	0.113713276192689
0.116307687959683	0.0681343944936411
-0.422406153924719	0.236701653650632
-0.701862955864654	0.471051609861451
0.39912458626215	0.261113883283656
-0.877084922463205	0.577091573709713
-0.119438062625368	0.07300144384376
0.142054178750599	0.0888368511386093
-0.85235235414452	0.785514109137052
-2.27755296626638	2.09471785974243
0.928665250111369	0.54476348787635
-0.235329933523451	0.137981629173474
-0.572911281189244	0.391961099142485
-0.578975115762517	0.267390226446819
0.387243002769636	0.203459271620111
1.37272395436852	1.53219799065654
0.399215586450099	0.293280976714356
-0.174043252186182	0.117757297093509
1.02238428843625	1.06661774607404
-0.422320612835452	0.236661180017005
0.796629057528294	0.546502925119404
1.28511511015036	1.48986792541451
0.504399883343844	0.449057568596317
0.53314845932752	0.411062687777545
0.564257720096497	0.38949350224345
-0.585227593178006	0.595478955436857
-0.981504005262713	0.891238633380212
0.740517027836407	0.716317009145669
0.601907910718595	0.582113841158785
-0.701801990339726	0.470952990233888
0.178408925233274	0.0879707492156317
0.398873322187915	0.260949289938167
0.234306721965948	0.135608476227016
-0.877084922463205	0.577091573709713
0.398774442714311	0.277029786852801
-1.81237114136569	1.31320997805571
0.711994689914987	0.546635957220775
0.898444264260743	0.723439633854202
-0.28518786639213	0.186434024764144
-0.967800698735012	0.566773743831677
-1.35091571216432	1.1824817039579
-0.224444197210169	0.149331124302083
0.116391353791918	0.0681832637592717
1.15469088355296	1.10916330782568
-0.938971978520868	0.734455823851989
-0.260314528745779	0.131393590854783
0.398858126103384	0.277086879421163
-0.235462187373492	0.138072780517714
1.15457177884896	1.10893769082864
0.0857428988252296	0.0467687674262433
-0.573135403447075	0.392220170007954
-1.35100787997699	1.18244366847572
-0.701931635787829	0.4711048335323
0.398834984692158	0.277080991308156
0.656419821809539	0.556877278723426
-0.0760945859454269	0.0474073772906456
-0.0393570556733211	0.0249591729553041
0.546566029400145	0.399212398420784
0.522416147224192	0.423823307058413
-0.172035766830778	0.103097356983146
0.396197438898127	0.226365511940548
0.898264524653063	0.723119555449305
1.30817931439108	0.797679491776654
0.79634816214787	0.546154657785757
0.631924054382468	0.352475981362613
-1.52276656842253	1.22109541407879
-0.578932087841688	0.267346135716811
1.15455847432042	1.10877688420549
-0.314966389985357	0.180495713336035
1.03235444857267	0.911205110641991
-0.260156391781438	0.131292845356396
-0.433573736319917	0.364825514897191
-0.265635006259592	0.194195863617721
0.504334256792572	0.448967629813998
-0.00637557637037879	0.00355970996600095
-0.391360018543522	0.191292687350545
0.522335862115233	0.423792468739469
-0.224203491251128	0.149157174432024
0.250644826012959	0.155163976669908
0.0857298001699369	0.0467611300263588
0.211934111461218	0.113871149144747
-0.449649024133895	0.282626986880979
1.21248873398817	0.97117970489929
-0.824964638019071	0.599304485288219
-0.686499309414722	0.50798896479976
-0.933970131292149	0.913864241707956
0.264732361595383	0.174574594918419
-0.00484279931117502	0.00224682304483335
-0.224283721636834	0.149230159915673
-0.100443178122335	0.0534100513858687
0.085809101416214	0.0468035936787465
-0.568420162491824	0.350045818239286
-0.322117960194991	0.23199093386192
-0.224230772830144	0.149180058323105
-0.571630518863802	0.312363221128435
-0.824956711698704	0.599283845361732
-0.701794275583271	0.470910260347338
-0.235290503145764	0.137949646882033
-0.171905771666702	0.102985931158552
-0.235303642562071	0.137970517714117
1.14989847009672	0.773749047438567
-0.358732662393978	0.230114354749903
-0.139692590234455	0.105897572019939
-0.0757570437027667	0.0471897109394555
0.396197438898127	0.226365511940548
-0.235329933523451	0.137981629173474
-0.449559643029099	0.282553005776485
-0.0393570556733211	0.0249591729553041
-0.119758944885517	0.0731908848058863
-0.938919602641575	0.734277294146734
0.546882652287686	0.39961135638563
-0.0946723481437169	0.0659674111876354
0.533352804546952	0.411255786419984
-0.571856302171083	0.312667878337296
-0.391611384485079	0.191440763997525
-0.00653322317101659	0.0036465042430468
0.211781317206402	0.113772152167333
0.399745314666342	0.245280454955888
-0.701809625083862	0.470900828404984
0.116316615385855	0.0681224841467442
-0.00636187363498121	0.00355114006922597
-0.38998156515249	0.276336993708321
-0.731943567101129	0.441217944876616
-0.327545771414056	0.12969920235071
-1.66989234257219	1.1213835592074
-0.576942594038448	0.434274061427803
-0.171937931217338	0.103046922596437
0.711994689914987	0.546635957220775
0.116353991523378	0.0681564763741826
-0.967800698735012	0.566773743831677
0.398952751279318	0.261019310889639
0.0835281520701357	0.055942087371443
-0.500138255989741	0.415949444097617
-0.100540405818408	0.0534632011451723
0.163333959795749	0.108597710398
-0.0486779129594599	0.0265406888410703
0.399086001839493	0.277092072084064
-0.568465446136222	0.350055947729783
0.796564213761884	0.546476908211474
0.128739954381237	0.0571706971446716
-0.968279685877624	0.567057194652099
-0.100704209772987	0.0535537703395433
-0.167655258361164	0.0868735579417123
-0.701862955864654	0.471051609861451
-0.934058258791843	0.913876341257033
0.211895891785283	0.113859386997973
-0.471829186744988	0.328742750980923
-0.449470313294104	0.282463449072139
-0.573214592148753	0.392266645889591
0.396132754922445	0.226326677718278
0.128617894345499	0.0571115897629187
-0.265807431140921	0.194279235853099
-0.167792228123067	0.0869736387408147
0.128853508420719	0.0572225471771537
-0.260515813735499	0.131513276350311
-0.167754090883061	0.0869546539632337
0.58461467910062	0.379754194113975
0.365797211168257	0.150339977566715
-1.27064632211145	0.885370023376595
0.250750575245472	0.155274432661127
-0.852541166752993	0.785872227558357
1.15471676187458	1.10897600538362
-0.449454684785548	0.282441571160091
0.0858353222994158	0.0468161299105287
-0.119413646587186	0.0729782863760738
1.24599073942208	1.14585313470885
1.61930904372416	1.66862382912923
-0.674817198274832	0.545513567053862
-0.877234030673162	0.57722347245481
0.399447740472364	0.355530064019334
-0.449827940395289	0.282731266711348
0.058443790022945	0.0369248768508539
0.635734111800497	0.565150333147693
-0.510594944841178	0.458210310992055
-1.74011635931164	1.57325469020867
0.181555728235541	0.127762539944992
0.398705026911756	0.276915459656852
0.399621764926025	0.24528629890332
-1.0443084110125	0.874649006739739
1.29788888022569	1.66254420522039
0.399682502217224	0.245269833092447
0.0586138048858016	0.0370310004256046
0.546724411633398	0.399465628855253
-0.449738456594333	0.282686420755686
0.0616700182489409	0.0238789606093496
0.564145183307959	0.389473891906218
0.39929715668252	0.29317612274266
-1.1488708296975	1.17270439918049
0.25061916968494	0.155193208312974
-0.76630861954926	0.662972643880192
-0.44972297108106	0.282664634540686
0.250750575245472	0.155274432661127
-0.568481019853327	0.350153375981782
0.898444264260743	0.723439633854202
0.264537573070616	0.174438139402009
0.116224017930216	0.0680787722672144
-0.487712563830129	0.372844245573686
0.852859024632958	0.546883761518186
0.398727371848631	0.26076361504835
0.399647793634485	0.245264441983756
-0.422256388009115	0.236590327517095
-0.731973096077581	0.441132034202971
0.399603870596398	0.325373118908551
0.606746759712527	0.367950501034703
0.264695320532999	0.174570131584808
-0.171937931217338	0.103046922596437
0.399159908508708	0.293233000552049
-0.235449075529597	0.138051915791987
-1.0841908394185	1.1839217961835
0.0858222138874829	0.0468112400675287
-0.70199248201606	0.471042122206643
0.234037530116601	0.135423779769217
0.373053344931518	0.176282869574425
-1.40182403240361	1.05063874726015
-1.35092907110827	1.18241295811439
0.750799966130552	0.546153818939665
0.264514299081248	0.17441956112755
0.116368199676192	0.0681703696479722
-0.265745785858005	0.194266682659516
0.399241455715525	0.293334087412803
-0.391368449200474	0.19130152788782
1.14997582894482	1.42999665247261
0.116316615385855	0.0681224841467442
0.250368394130716	0.154969982860933
0.234119701427991	0.135495466226445
0.53312519403382	0.411026461301314
-0.224123265800687	0.149068629952472
0.211865671605164	0.113835246684773
-0.449633490948602	0.282605167831363
0.178741445386761	0.0881170521565662
0.617633949705955	0.573627105982473
0.602081413049164	0.582580287234622
0.681073955458979	0.550371904052352
0.178380255200628	0.0879339556141732
-0.500052357400139	0.415859651019115
1.36206119919618	1.1970941656282
1.18716497787677	1.28225234432498
0.294755810663967	0.229188035861915
0.0290113532844415	0.0172048544907705
-0.981476778516433	0.891022138441651
0.52230708112406	0.423835271535181
0.250605830440359	0.15518710398705
-0.576956172384241	0.434247580911962
-0.571618661584741	0.312525279780433
-0.449730708473686	0.282688698372418
-0.389929969887617	0.276359669549728
-0.167844965554481	0.0869955704368866
1.37279373463079	1.5325709279016
0.264551372342609	0.174450099076039
0.972422145289636	1.05476896214732
0.681097085211529	0.550319576187085
0.53318114066502	0.410865926895246
0.399267318521548	0.293356816796475
0.399652120253719	0.245289401469063
1.36833299028881	1.36337478414972
-0.390116190617883	0.276471622817521
-0.70198456840715	0.470919168811955
-0.422299294346764	0.236652215203968
-0.500335013403893	0.416119731996958
0.38745688057007	0.203646525201812
0.769757873763193	0.71343453825599
0.606840474184464	0.368014046586871
0.058761833665425	0.0371162039227625
-0.171891600284617	0.103013652092688
-1.23437621508855	1.17045853727708
-1.03359717555729	1.19988500775753
0.681186223507185	0.550467240857607
-0.390007372466316	0.276272476807998
-0.22446989148558	0.149358942874387
0.399608988345412	0.309648467855412
-0.981425340198277	0.891193190806152
0.617658785731477	0.573718074229117
0.399710637986493	0.325416869101514
0.264574648130701	0.174478236700459
0.632037639398118	0.352531037221759
0.0479061058216731	0.0241734985376833
0.711915228195204	0.546557048928131
-2.06194765321577	1.69869793520873
-0.00629198591006161	0.00351353991767755
-0.889956812825115	0.758402852078309
-0.472131338862803	0.329112025572246
-1.4018007776737	1.0507394544735
-0.119438062625368	0.07300144384376
0.546658537699458	0.39936889682843
0.276501593424179	0.193390335819138
0.264491025422571	0.174391433604047
0.116232930713526	0.0680753285694624
1.46265705048971	1.9265888390796
0.533306260837746	0.411205597793101
-0.787868874847883	0.413866295648985
-0.825240015986526	0.599593248021543
-0.686958713339299	0.508381254265831
0.399106854244915	0.293176960774261
0.264658266871447	0.174547011346903
-0.877063949356056	0.577066528922155
-0.235316786021102	0.137981180349472
0.0834869360630492	0.055915544926037
0.286397472197663	0.211642737890306
0.68102769657429	0.550378261045452
0.0583395005806904	0.036852126768332
-0.889933464924159	0.758398727133385
-0.358561349203797	0.229976361393022
0.372593121133374	0.176024712366914
-0.422449318801549	0.236728116220036
0.656285226223935	0.556752931738205
0.264537573070616	0.174438139402009
-1.75199776162144	2.33495415359556
1.61919645549368	1.66802506960173
0.0290354800723843	0.0172179111621941
-0.825142928248916	0.599571444913089
0.234112079861019	0.135489192248169
0.0479364447408366	0.0241891330477726
0.234357829041538	0.135553581611362
-0.571743456153145	0.312557694105377
0.972509699980554	1.05490633643062
-0.0758613446971181	0.0472573155696398
0.29451780077967	0.229011585671989
-0.674898840923898	0.545790922920221
0.398952751279318	0.261019310889639
0.0478951238309963	0.0241632634006464
0.769759377767588	0.713292588042902
-0.471987262164561	0.329014669520781
0.963455420905012	0.736843119096666
0.845900177389557	0.715055557737215
-1.14275846284982	1.020581514347
0.0856766271852479	0.0467288268596743
-0.579211569978325	0.475305661180453
-1.23430272897716	1.17056832595407
-0.568533923892215	0.350116156310502
-0.0396814410612331	0.0251608659615002
0.234022345651087	0.135419850996738
-0.449820216110179	0.282733562407957
0.142080020952605	0.0888683874079472
-0.32230722459072	0.232131766985263
1.72131573655602	1.34669033560417
0.898444264260743	0.723439633854202
-0.571511517368507	0.312303716310889
-0.285211168305487	0.186448644459638
1.03234030969814	0.911234857602017
-1.14250328978313	1.02038670219003
-0.11962432842317	0.0731207776275701
-0.0758420447116388	0.0472493626621867
-0.413878595132534	0.321065353400636
-0.67476713709981	0.545597783452129
0.211797232378301	0.113783323335555
-0.119571298130348	0.0730913852716358
0.163542982860668	0.108778932354839
0.0633790354822052	0.0471465401316129
0.250763944228594	0.155289556810608
0.0186996940277383	0.01258294431161
-1.08421466556394	1.18385446363481
0.163501719768619	0.108748360137995
1.15474341908886	1.10922586789114
0.232129581076971	0.1975732704976
-0.50003147918059	0.415829258616164
1.08204025772391	1.08405931812681
0.178423283573288	0.0879679360806085
0.852859024632958	0.546883761518186
0.0857166974560899	0.0467505479059537
-0.70198456840715	0.470919168811955
-0.224176207643439	0.149125663287847
-0.322244113029841	0.232093565796801
-0.390010170761787	0.276421028544424
-0.167814701890377	0.0869867978736486
-0.351823286685247	0.276549016111137
-0.766600557268298	0.663091087595214
-0.658684460572583	0.622068107957982
0.750820935056823	0.546362059972189
0.234037530116601	0.135423779769217
0.750975541614246	0.54652601352424
0.048065854555806	0.0242465685272344
-0.579090117832204	0.267455039000505
1.80543669637378	0.656160870630634
-0.235554617857959	0.138124741028281
0.396176409966509	0.226325721913052
-1.15412032077714	1.3255834634938
-0.889729543678196	0.758074443440553
1.31637059399151	2.00220878527785
-0.708723581464771	0.800193852755599
-0.967800698735012	0.566773743831677
1.04443859417144	0.754332078234377
-1.40163419932364	1.04907528810934
-0.968033043844823	0.567023112730889
1.26765710123163	1.3164687002915
-0.766332555104516	0.662774324721282
0.211964338892854	0.113888136941665
-0.284900121084257	0.18619222264879
-0.701931635787829	0.4711048335323
1.14990698215722	0.773998601930091
-2.54153628033773	1.70669422256616
-1.32939707744189	0.732594884382895
-2.68337040217871	1.93990484390555
0.387362897339459	0.203602422991271
0.365796592364056	0.150347828566248
-0.167754090883061	0.0869546539632337
0.396154537368834	0.226335141231484
1.59479593802744	0.854501934069775
0.671494664560962	0.334807235682389
-0.568450605056492	0.350111713650879
-0.327335550717987	0.129625546394617
-0.235316786021102	0.137981180349472
0.804089835220899	0.712440424822514
0.96874908355718	0.894584091745297
-0.701939376185849	0.471077472243728
0.234217042819429	0.135554715301903
1.3725893123695	1.53203929792298
0.968679705784598	0.894791434390984
0.0831588436879774	0.0556690182940442
0.264514299081248	0.17441956112755
-0.0759876589295289	0.0473363443603622
0.141999791938549	0.0888227103233252
-0.235343085069702	0.137969584760359
0.917253653961805	0.884186672243287
0.711915228195204	0.546557048928131
-0.10060690072741	0.0534984057920706
-0.314989981860904	0.180456775897979
-1.40182403240361	1.05063874726015
-1.63532929636177	1.39514815749531
0.0479747380547107	0.0242080962692441
-2.81249308077895	2.16583786673649
-0.00473520578037929	0.00219591531042473
-0.358430472278739	0.229872321405079
0.211805315150962	0.113761888705597
-0.17191476584973	0.103033463272345
0.512929138946497	0.436686471681773
0.250829565904853	0.155311776681559
0.0858222138874829	0.0468112400675287
0.398811843473839	0.277059701974975
-0.422363725502875	0.236700130314835
0.116368199676192	0.0681703696479722
0.294714603155384	0.229169576232703
-0.422256388009115	0.236590327517095
-0.322392253120939	0.232169480726966
0.178582044959992	0.0880558495915799
-0.100809177603537	0.0536037457387776
0.116330839643921	0.0681472868212352
-0.577197204212803	0.434346585822884
-0.88976637323916	0.758010794911154
-0.285007010964892	0.186314582604357
1.37268683737928	1.53240107921969
0.928890577483864	0.545239423768143
0.399553130100988	0.245216534651606
0.128731299422086	0.0571633654848292
-0.314943947858019	0.180508496860338
-0.171770631410099	0.102932060208856
0.53323209335637	0.411160796994751
0.61769976143884	0.57374309255415
1.26787077436565	1.31644816263867
-0.32230722459072	0.232131766985263
-0.322054918949587	0.231926205197877
0.181354727690782	0.127651068600099
0.399660064812808	0.245317382260872
-0.576965922644856	0.434268315425558
-0.500269404133485	0.416078072626404
-0.968033043844823	0.567023112730889
0.365901442885752	0.150373308319952
0.631819214311294	0.352378760345744
-0.568511406865005	0.350173903370174
-0.572977137866887	0.392068629563688
-0.472024518616386	0.329044883502682
0.39899340656642	0.277103771022362
0.0857828642932185	0.0467786521757069
0.602214265983302	0.582821561060711
-0.422492475261116	0.236683184235904
0.963461676012608	0.736846326547514
-0.573214592148753	0.392266645889591
-0.571612713488628	0.312477898458969
-1.54140682569144	1.51552306377176
-0.825045854923464	0.599435065359958
-1.27038470831303	0.884666905678582
0.769810889993383	0.71345620863575
0.372950968880263	0.176251163954604
-1.35086367567653	1.18186022537456
-1.67024742826894	1.12085660964746
-1.6700152989722	1.12100199645362
0.853209164762305	0.546997639818529
0.234268320977638	0.135508621840937
0.211948576329243	0.113865296765307
-1.51162895510891	0.92774969099266
-1.12680276458926	0.723836733698945
-0.568396967748075	0.349891217652604
0.85283324740414	0.546614527098771
0.956226036647493	0.344930752421141
1.15014266729831	0.774326861652598
-0.212749763020469	0.172618826538707
-1.75204193740372	2.33602672462515
-0.314905683790335	0.180488007236133
-0.260329029925159	0.131417764875266
0.396111644177902	0.226268937832337
0.398834984692158	0.277080991308156
0.0479747380547107	0.0242080962692441
0.0480130451548229	0.024225429664649
-0.981399630784679	0.891065326956382
1.18711190852719	1.28243929288868
0.142051476455936	0.0888577884553235
0.387511878551028	0.203703880087379
-0.327335550717987	0.129625546394617
0.142105856690795	0.0888908050395115
-0.390010170761787	0.276421028544424
0.750918451769797	0.546500400749536
0.211811627312371	0.113789183497608
-0.472108155766521	0.32911275292109
0.163397194928647	0.108655313544341
-0.579004253227954	0.267391767117248
0.178329729181954	0.0879236922445928
0.674827525683629	0.730976133216179
-0.422277886081322	0.236628606264027
0.546803549672268	0.399551531032605
-1.01084099333436	1.04628417682407
-0.119546843544292	0.0730678346020511
-0.576956172384241	0.434247580911962
0.584675168308242	0.379860425930649
-1.47891460587949	1.64678247554315
-0.665521819029769	0.583797970147497
-0.391133191914634	0.191077180316364
-1.85876279250311	2.2255160259251
-0.358680527282511	0.230076669085373
-0.766255713429042	0.662862174171496
0.533245913804934	0.411170667653861
0.398699599724174	0.276876204370318
-0.0759463769065314	0.0473158585830138
-0.0393365030093654	0.0249446561305499
0.852697656326824	0.546485183471197
0.25069825731129	0.155248653610278
0.0857166974560899	0.0467505479059537
0.750745284981443	0.546232890910934
-0.518695385209893	0.498664013815126
1.37275661239863	1.53252501484665
0.929754330230782	1.04593441128583
-0.852519190369605	0.785826602283405
-1.03396865355852	1.20026839362394
-1.70877162198058	1.86273698833044
-0.119491077741782	0.0730364768299565
1.21238000227573	0.971369902993594
-0.414111548828015	0.321189572883432
-0.00462762409852259	0.00214716140244468
-0.787999701638591	0.413940026884914
-1.66989234257219	1.1213835592074
0.85276529812906	0.546766261298029
-0.0489937644034561	0.0267199564240236
-0.078745871602922	0.0353461577361168
-0.314951765219021	0.180492172724413
0.711994689914987	0.546635957220775
-0.674765676785215	0.545649823465162
0.0855710855814217	0.0466692685549772
-0.3518681556598	0.276580045277437
0.398939685964909	0.260998562871579
0.563875494023472	0.388906471193532
-1.32042429430095	1.32457018847525
-0.449381034942207	0.282355651950242
1.11255166293503	0.937740334633732
-1.00954648594502	0.719429089721718
1.03247305276511	0.911071931077737
0.250592487483807	0.155172004789474
-0.0788332563552394	0.0353882174785728
0.396197438898127	0.226365511940548
0.606934254365584	0.368046449019147
-0.674847309630688	0.545617365600518
-0.87719241026191	0.577211271023757
-1.78570338205692	2.0423546858861
0.522414617894451	0.423918668845377
0.584789793668832	0.379972034303177
0.396154024889711	0.226290818605055
1.30817931439108	0.797679491776654
0.750745284981443	0.546232890910934
1.15037020306817	0.774437355317741
0.211902724773842	0.113776404748639
-0.100517289863626	0.0534489339909363
1.03215523791142	0.911235583775859
-0.184260968187063	0.0790176636787065
-0.0489013694262602	0.0266701962197787
0.584705454785635	0.379865393865165
0.681157656073289	0.550402812682356
0.963545976406489	0.737152407988497
-0.0490861725203619	0.0267669169635936
0.141972601536965	0.0888084008407711
-0.265528231091648	0.194101021679468
0.398788702445974	0.277022374151166
-0.358653698911515	0.230066631527229
-0.358680527282511	0.230076669085373
-0.35902322912111	0.230097409720858
0.12874862606073	0.0571671158579758
-0.235316786021102	0.137981180349472
-0.0488879942131119	0.0266619172719185
0.116391353791918	0.0681832637592717
0.440742619385608	0.120469713008539
0.398939685964909	0.260998562871579
-0.701931635787829	0.4711048335323
0.286353621089143	0.21159382496386
1.46267892874093	1.9264972652656
-0.568481019853327	0.350153375981782
0.116428702122489	0.0682030568622803
-0.00812007627609931	0.00523422313712623
-1.94217785162884	1.50556750778932
-0.0758667129009182	0.0472439020645898
0.39861589339111	0.276785187769467
-0.173788191849338	0.11755562026239
-0.414111548828015	0.321189572883432
0.564242568767649	0.389576900413468
0.163479839725159	0.108734620174476
0.399542940036478	0.245217361896434
-0.413938714754851	0.32102178183382
-0.472182729130689	0.329071383385864
-1.01135229954844	1.04693339197068
0.769810889993383	0.71345620863575
-0.0758858858027726	0.0472742031099182
-0.981373927907795	0.890781296672914
-0.26554880296696	0.194126969543783
0.91722647769723	0.88417047151083
-1.04440055935085	0.874733287180993
-0.572963935477394	0.392030574725598
-0.0759489641588138	0.0473161986698993
1.49720320947363	1.4302235810709
-1.32931437217088	0.732704638322614
-2.38067964938464	1.46145967656902
0.671610898104777	0.334894991105506
0.234396349619033	0.13565353178987
1.04420002855536	0.753745591329173
-1.13153535371861	0.867658783457998
-1.78594387582661	2.0417956901522
0.083310726233582	0.0557878799429237
-0.176230991192954	0.132155992755904
0.250671549096301	0.155227427239656
0.286419390851797	0.211652533237129
0.178394582455224	0.0879597751455033
-0.877235699762874	0.576995364187196
0.387431007706947	0.203668807909657
-1.13150479970894	0.867635884459367
-1.67012581591828	1.12164825399542
-1.44916168273812	1.34654902241603
0.398912452316424	0.260913069303393
-0.389984373105749	0.276377432670347
-1.04435985610666	0.874625311859659
0.0291975433316297	0.0173109735515552
0.234388667047457	0.135655805195531
-1.12703244414615	0.724105062479207
-0.358784899473647	0.230065262811463
0.387524745750924	0.203731359245904
1.05615823748379	0.549479838139215
-0.731894549651892	0.440943772778367
0.365902525614416	0.150379543777498
0.606573930730702	0.367747138860669
-0.327335889648938	0.129624283363844
1.11254430621574	0.937658562049887
-0.351840487579035	0.276433789716524
-0.100532689740455	0.0534621458761021
0.584751571128831	0.379962887188801
1.7210806538876	1.34702122879155
-0.939050965893036	0.734553872901206
1.08194275542764	1.08393865490821
-0.0488089875965929	0.0266177615123385
-0.100540405818408	0.0534632011451723
-0.852371276659045	0.785502406310806
0.0288266429426608	0.017088139399025
0.546618628076521	0.39924652057197
-0.568404782301551	0.350035267727637
-0.100599240850681	0.0534854334490669
0.928870064051347	0.54523415602611
0.178502584419716	0.0880150507571391
-0.0790660786633357	0.0354934239501734
0.116224017930216	0.0680787722672144
-0.449738456594333	0.282686420755686
1.73191854537865	1.91460587234165
-0.0947187570420703	0.0659954812826102
0.917387016073702	0.884568233999964
-0.825492339365296	0.599688769725692
-0.573056252013549	0.392154337670413
-0.119465260841818	0.0730241295804546
-0.568382091800531	0.35000896247181
-0.119625687146688	0.073124812578289
0.769571520063183	0.713070408413511
-0.85277131203293	0.785855370336872
0.398834984692158	0.277080991308156
0.399323020940804	0.293291003094692
1.21248873398817	0.97117970489929
0.396132754922445	0.226326677718278
1.29786408703858	1.66300682995499
-0.100517289863626	0.0534489339909363
-0.471964074016085	0.328988442076057
0.968777710393173	0.894831303474498
0.234217042819429	0.135554715301903
0.116414508098209	0.0681924531426653
-0.57704947882514	0.434290285975212
-0.877149112430242	0.577216000555005
0.234119701427991	0.135495466226445
0.17856779616299	0.0880459181741458
-0.571518586146758	0.312432773778368
-0.235316786021102	0.137981180349472
-0.139577028875319	0.105767845861029
-0.449268238331756	0.282147111479585
0.564242568767649	0.389576900413468
-0.577267158994812	0.434440254251254
0.141971261916633	0.0888023742952421
-0.0945454780515346	0.0658601547006135
-0.17372513645502	0.117507811427657
-0.981609926814513	0.891235733129596
0.399032143012627	0.261073229564847
-0.825232150203982	0.599654790054676
-0.358772871569101	0.23009838326523
-0.422384984558512	0.236709053249403
0.564422049407264	0.389700830190336
0.178315331624704	0.0879190895682354
-0.0491519027542736	0.0268024821055204
-1.00962268959251	0.719542660462454
0.0855710855814217	0.0466692685549772
0.178236240272615	0.0878720950705939
0.399550257329705	0.245208994329299
1.2460805514049	1.14608745729724
-0.7322707246791	0.441490978820015
0.715445504442213	0.720411590700479
0.711928262731637	0.546541091843573
-0.449381034942207	0.282355651950242
-0.167685612928479	0.0869045304599133
0.963378880092013	0.736743850951486
0.396176409966509	0.226325721913052
-0.568465446136222	0.350055947729783
0.21178923311276	0.113786657240428
0.264611710694309	0.174500278389277
0.564250149840858	0.389549415415737
0.0616700182489409	0.0238789606093496
0.211918251717271	0.113865661807845
-0.968048191866317	0.566741793143772
-0.285355074499555	0.186488581381283
0.852927125088669	0.54679237203476
-0.100809177603537	0.0536037457387776
-0.00467057234517247	0.00216620810420213
1.04415699444182	0.754003890830394
0.606920023753657	0.368081471821074
-0.571731700161253	0.312583492623591
-1.13157352576474	0.867806795163739
0.853127837722916	0.547021736367706
0.804099253095311	0.712248168245602
0.399045218082428	0.26107791038966
0.606920023753657	0.368081471821074
1.836511192818	2.16618061574358
-0.0759026080823418	0.0472767344697707
-0.235488423181181	0.138083855479216
1.8333666502392	1.14033606036781
0.712153501308998	0.546649045090273
-0.791982672273346	0.630647826107759
-0.0760314155104479	0.0473703860597685
-0.449641252180695	0.282629245641421
-0.701763799486029	0.470846950090697
-0.568305908539379	0.349763442940561
-0.82436308791146	0.816694713454337
-0.172073122780072	0.103102295359423
0.398932894820001	0.277111636861188
-0.422277491765285	0.236577437285146
0.398797581707142	0.277035673986689
0.0615829893731542	0.0238409326210027
1.66361053249679	1.51652989007293
0.75083556199308	0.546388049889566
-0.0487568225975182	0.0265874476193196
-0.16770805249265	0.0869124257822003
0.929815994529205	1.04617082712758
-1.00952368242225	0.719592912783372
-0.119571298130348	0.0730913852716358
-0.0947388678669597	0.0660126012466129
-0.981426852638673	0.890960687427876
0.796629057528294	0.546502925119404
0.163436065309358	0.108691569460196
0.963439305415341	0.737033359814109
0.92852246752374	0.54477972387055
0.968702831497773	0.894775455345156
-0.224309396879475	0.149251198329982
-0.731905187240061	0.732583367161598
-1.63528384391216	1.39548147626719
0.116377143600508	0.0681615225405326
-0.0062083994465546	0.00346702968859519
-0.358640290259768	0.230034639766072
0.211918251717271	0.113865661807845
-0.702030745168594	0.471023900646723
-0.968152752066219	0.567121503023109
0.387605725992851	0.203766496048981
0.546658537699458	0.39936889682843
-0.389984373105749	0.276377432670347
0.178394582455224	0.0879597751455033
-0.472061788963516	0.329033357464412
-0.579337614554796	0.475447950640614
-0.70190117287605	0.471095771394012
0.11640554574906	0.0681864626339526
-0.314982198182125	0.180510673545541
0.163312117213553	0.108589066231643
1.36831997193212	1.36351409835264
-0.939301367765877	0.734653716487146
0.141945413134548	0.0887896964119642
1.21216431307697	0.970853229111692
0.250671549096301	0.155227427239656
-1.40182099425293	1.05074397500167
-0.877169937096785	0.577203324418684
-0.32230722459072	0.232131766985263
0.533139024332977	0.41096232726107
0.398849230316022	0.277057537590374
-0.0343649104307773	0.0245215887540216
-1.00956923753492	0.719303703505991
-0.82503796297973	0.599333001659143
0.564504048775446	0.389711454635039
-0.731943567101129	0.441217944876616
-0.449641252180695	0.282629245641421
1.36220611551615	1.19737223627029
-0.877105806247263	0.577078965683136
-0.38998156515249	0.276336993708321
0.398978869716779	0.26101254726313
1.03216825724796	0.911174017936091
0.250644826012959	0.155163976669908
0.399660064812808	0.245317382260872
1.15479668916315	1.1089235160465
0.711928262731637	0.546541091843573
-0.517513875524486	0.178911161319999
-0.00846262185640431	0.00278126286689462
-0.674712712482376	0.545564195725926
-1.1146996213552	0.541121784175122
0.53342692907595	0.411179246083447
0.398978869716779	0.26101254726313
-0.260249986440471	0.131363174492885
1.30820827665872	0.79742393937989
1.2460805514049	1.14608745729724
0.606653110878273	0.367855821635787
-0.389955764282231	0.276364109155234
-0.73222268978962	0.441303913539979
0.0855972236079637	0.0466817565088722
-0.449544062178421	0.282531156107745
0.512887991688242	0.436697103672068
0.387255709282983	0.203530837713989
-0.825224295078979	0.599634201404957
0.128617894345499	0.0571115897629187
-0.260422454505934	0.131473076198748
0.846084253304256	0.715043963385721
-0.0758420447116388	0.0472493626621867
1.15002045869346	0.774163935987156
0.250829565904853	0.155311776681559
-0.414007535415356	0.321066521283311
-0.217631356968837	0.161210253196458
-0.414045673528618	0.321172019975283
0.264672040453276	0.174541981042422
1.38259977899843	2.2126842185588
-0.285043981003217	0.18633542576247
-0.389796790631925	0.276201776044944
1.58605708050828	1.82457100654873
-0.284812625065379	0.186043169550574
-0.901869572006474	1.11456661895987
-0.171612425519631	0.102788415635789
0.23420176261692	0.135550725555505
1.30781357485547	1.83332908591627
0.373166103534986	0.176281404364727
-0.579085619235567	0.475083606385818
0.693869870285439	0.725329881974451
1.02262664245223	1.06699363596241
-0.889776252660043	0.758163932303549
0.0858222138874829	0.0468112400675287
0.533278629838246	0.411119999919621
-1.40194408173303	1.48430583566526
-0.390010170761787	0.276421028544424
-0.0396814410612331	0.0251608659615002
-0.171854279210956	0.102994903376511
0.20967186091443	0.163248405197176
0.681050825914096	0.550390686111211
0.211964338892854	0.113888136941665
0.715507167060038	0.720447115157577
-1.23433946579219	1.17062730393621
0.38733733715432	0.203585026748655
-0.260343515581359	0.131418537401997
0.631688588846007	0.352176797827841
-0.100688927061247	0.0535323661912431
0.711835729156345	0.546436820610805
-1.0094856146547	0.719469300354575
-0.422384984558512	0.236709053249403
-0.472122254448979	0.329060173996601
-0.852371276659045	0.785502406310806
-0.579170559296308	0.475220785916367
1.12045065325593	1.2577869796241
-0.260329029925159	0.131417764875266
1.04417132370979	0.75412450860252
0.712020782542115	0.546569081267276
0.264704824340339	0.174556238904536
-0.284970053545889	0.186273402942853
-1.3204787748606	1.32492339350812
-0.171816972074702	0.102965328684015
-0.131123053864947	0.0900940267751824
0.963515763266062	0.737132596613881
-0.568481019853327	0.350153375981782
1.93417822875967	2.4271276524521
-0.235066105508162	0.137758886740918
-1.36923528379063	1.62791412650095
-0.172035766830778	0.103097356983146
-0.391603095504156	0.191462066890932
-0.184260968187063	0.0790176636787065
-0.167754090883061	0.0869546539632337
0.750868604531952	0.54636055890442
-0.732114848484512	0.441422043241892
-0.422385450751323	0.236657506409627
-0.391716070497778	0.191515317219743
-2.38060556106765	1.46186003707845
0.606761084387309	0.367905172141757
0.564324718997456	0.389655936649954
-0.184729636999735	0.0792123581775086
-0.327441044350617	0.12966822779127
0.606746759712527	0.367950501034703
0.178596309255561	0.0880509577055597
-0.449544062178421	0.282531156107745
0.211964338892854	0.113888136941665
-0.500162625347248	0.415988532677424
-0.487661253003712	0.372817824928706
-0.167830351359906	0.0869843248816228
0.37294067854689	0.176245525558977
-0.57208742748561	0.312754566699712
0.399660064812808	0.245317382260872
0.58475959722206	0.379934996153133
-1.29911161575454	1.47211553971168
-0.665666730706743	0.583795320835331
0.264681545443047	0.174556420254131
-0.571438507774477	0.312330254718005
-0.472033637882765	0.32898027204842
1.48130070338977	1.5897513011055
0.0480050835828071	0.0242224684999677
-0.322032975668386	0.231903465341743
-0.217390097066543	0.161055583465922
0.399553130100988	0.245216534651606
0.128984735113373	0.0572744173820523
0.250632505219279	0.155190304364966
0.0856766271852479	0.0467288268596743
-1.1145954954322	0.541089063658969
-0.00469172861944419	0.00217379346282996
0.606761084387309	0.367905172141757
0.968688495207287	0.894435702761685
0.845794375808675	0.714954580622306
0.387780900587077	0.203824632971973
-0.260673005754938	0.131596036501488
0.632273962207813	0.352668549463053
0.209738258855914	0.163314651146803
1.24587820222484	1.1447698636921
-0.57332012496169	0.392249174858518
-0.224362360916797	0.149289333907045
0.250460888210078	0.155057722890291
-0.665418057279529	0.583588716949427
0.76959729993245	0.713177830099595
0.522255572076881	0.423714491603006
0.750918451769797	0.546500400749536
0.128975937783999	0.0572771124689474
-0.167715939625543	0.086928424290891
-0.581469232011708	0.51625422905222
1.4972105480572	1.43010243633369
-0.322266028375118	0.232102188709418
-0.968033043844823	0.567023112730889
1.51302893394618	1.26318252660237
-0.322224882148801	0.232048157503835
-0.100801533203036	0.0536027369599788
0.606732450583422	0.367923078259537
-0.568473274508818	0.35013698342253
0.178675874793748	0.0880918078933201
-1.04446560025431	0.874951843477017
0.398811843473839	0.277059701974975
0.387511878551028	0.203703880087379
-0.184627520138321	0.0791861460962011
0.399215586450099	0.293280976714356
-1.32941565093715	0.732799399043906
0.63229174929066	0.352703851644874
-0.472061788963516	0.329033357464412
-0.472070889856049	0.329070387884181
0.234119701427991	0.135495466226445
0.399098404404494	0.261088415804529
-1.32053167862064	1.32506944803707
-0.285080963587514	0.186335439955397
-0.792089496111302	0.630754759552082
-0.119545471464112	0.0730778713492053
0.398939685964909	0.260998562871579
-1.13158109042507	0.867766686637026
0.712193557107692	0.546340559933737
-0.792089496111302	0.630754759552082
-0.981425340198277	0.891193190806152
0.522335862115233	0.423792468739469
-0.579192540483135	0.475198566276202
-0.0760339718572247	0.0473650341811024
-0.314883095294388	0.18046152778602
0.533376076879672	0.411247392753159
-1.6275134243475	1.68733289871553
-0.100540405818408	0.0534632011451723
0.0479747380547107	0.0242080962692441
-0.00632898795488209	0.00353408767115909
-0.422342376725643	0.236676559474934
0.0480050835828071	0.0242224684999677
-0.0786522619879239	0.0353023758590265
0.372705457589149	0.176103244649458
-0.391837132279878	0.191577190293029
0.264755643837087	0.174602748105253
0.398952751279318	0.261019310889639
-0.314883095294388	0.18046152778602
-0.260343515581359	0.131418537401997
-0.0789404054704349	0.0354352126325418
-1.04479390915377	0.874944528103677
-0.422428119128095	0.236719234912365
-0.391594789884239	0.191438279351218
0.399445402301504	0.245109628862533
-0.0786522619879239	0.0353023758590265
0.163331620179688	0.108614156157247
0.276796941291221	0.193560432011457
2.03541220156276	2.30518415704901
-0.260422454505934	0.131473076198748
0.211956415974128	0.113885749261243
0.0858222138874829	0.0468112400675287
0.0479061058216731	0.0241734985376833
0.0479972024740841	0.0242164984656391
-0.26050123433033	0.131519082409796
-0.686749044698813	0.508320544769257
-0.235409159682121	0.13803600571538
-1.24536955145459	1.02249125178531
0.365796592364056	0.150347828566248
-0.0788269788881849	0.0353859300459337
-1.81248867731828	1.3136237072314
-0.167838051570862	0.0869540527704402
-0.235145247146307	0.137839576861201
0.769703353807297	0.713361334384664
0.58475959722206	0.379934996153133
0.0479668102951513	0.0242035155870716
0.0857559934226779	0.0467736506521512
-0.877084922463205	0.577091573709713
-0.391594789884239	0.191438279351218
-0.078409514307272	0.0351636262706514
0.116353991523378	0.0681564763741826
1.3083675193827	0.797791482115468
1.66352440786066	1.51618736173526
-1.14257743176478	1.02045612355461
1.15024769582178	0.774274178577378
1.04415699444182	0.754003890830394
1.37277047420366	1.53253015141933
0.0479444191794637	0.0241924711034532
-0.877105806247263	0.577078965683136
-0.265397003950371	0.193973549463885
0.234306721965948	0.135608476227016
0.49087871578331	0.474154557313953
0.681195083204236	0.550500792823466
-1.14262392140449	1.02071657436321
-0.0757351241842837	0.0471715022586644
-0.0786392714965295	0.0352944119780959
0.6070937235966	0.368145307451031
-0.171686987819136	0.102857539306006
0.853140609926255	0.546929797083206
0.58482001808895	0.37997695034666
0.898421494158947	0.723394863993532
0.852884874763862	0.546572093051792
-0.449551847246755	0.28255524491248
0.681088260233002	0.550461509138893
0.75055733595088	0.545683017976711
-0.487633965163832	0.372797634315868
0.617592996401604	0.573602115923189
-0.701885544577957	0.470937287450026
-0.471964074016085	0.328988442076057
-0.284886483760576	0.186193881211873
1.11265651125862	0.93768533175143
-0.0488879942131119	0.0266619172719185
-1.96368093592683	0.955822689151189
0.955883959048738	0.344654176637369
0.853127837722916	0.547021736367706
-0.235382896302948	0.138024912443037
-0.0786652342337771	0.0353041509350032
0.3996138541701	0.245240556317635
0.0289568043675961	0.0171732158028847
-0.00842328172380098	0.00542826232287636
-0.376184178106449	0.319890001238324
0.584675168308242	0.379860425930649
-0.260156391781438	0.131292845356396
-0.0946924686572058	0.0659817992337953
-1.40186461371808	1.05084714160718
-0.358430472278739	0.229872321405079
-0.131364672957187	0.0902659196733509
-1.14280493815631	1.02084195360638
-1.22608467843593	1.32064684862152
-1.04453070585904	0.875000983365389
-0.981425340198277	0.891193190806152
0.0479589629339549	0.0241959289933283
-0.665373983348844	0.583512518672696
1.04406325940272	0.753748211258075
0.0855047295225229	0.0466274822827962
-0.0789466320583325	0.0354412383139809
-0.422385450751323	0.236657506409627
0.211857686193715	0.113839275081236
0.128739954381237	0.0571706971446716
-1.11469959880058	0.540907832368884
-0.391716070497778	0.191515317219743
-0.571438507774477	0.312330254718005
0.398819918961831	0.260856352026993
-0.571518586146758	0.312432773778368
-0.568481019853327	0.350153375981782
1.21244477210216	0.971348728509458
0.0478598994186285	0.0241459676341155
0.399522808019211	0.245179011225327
0.211743153782023	0.11371161247417
1.24599073942208	1.14585313470885
-1.40196852319843	1.05043478762835
0.399045218082428	0.26107791038966
-0.732036673044235	0.441341043477748
1.24626765331327	1.14619646041486
0.606573930730702	0.367747138860669
-1.0095768799932	0.719341383679869
-0.285020674166101	0.18629562430315
1.03224778068107	0.911308684661655
-0.376031363505098	0.319750089878646
0.398873322187915	0.260949289938167
0.398899413000892	0.260942508796847
-0.167746238435569	0.0869469108163603
0.286438632184769	0.211674618036817
1.49710568736165	1.43005510547763
-0.701931635787829	0.4711048335323
0.750940416657925	0.546365990802168
0.396111062600139	0.226300322457463
-0.358983125499466	0.230200576533501
0.234388667047457	0.135655805195531
1.21246585866993	0.970700170155479
1.15002904169146	0.774161366781223
0.116307687959683	0.0681343944936411
-0.10061457138053	0.053506852680468
-0.260343515581359	0.131418537401997
0.0856635463965309	0.0467239502969187
-1.14870100910412	1.17199531312961
1.11238584210836	0.937417194792886
-0.788464314880281	0.414424326723021
1.56239501229612	1.98800541553546
-0.889883134132148	0.75790953065701
0.584713362680071	0.379926319520258
0.14218469850418	0.0889273626107717
-2.54175943117086	1.70664942539031
-0.327441044350617	0.12966822779127
0.398860270688586	0.260928559216684
0.898526453765479	0.723531388531303
-1.0443084110125	0.874649006739739
0.399535611406082	0.245209094708849
-0.285164564145787	0.186407245785783
0.398872373781685	0.277094868971369
-1.04460940159171	0.875044256076931
-0.235620881422302	0.13814836795115
-0.0490071340311382	0.0267250488141324
0.750898958716416	0.546360004087353
-0.171589247729284	0.102768626280301
0.398728165319106	0.276971181700825
-0.119651523577888	0.0731394835730531
-0.322117960194991	0.23199093386192
0.398860270688586	0.260928559216684
0.39871435201781	0.260758980227525
-0.224338278181341	0.149249065378193
-0.224309396879475	0.149251198329982
0.398873322187915	0.260949289938167
-0.315035027282987	0.180503506215802
-0.701931635787829	0.4711048335323
-0.26007708425706	0.131229093076941
-0.0487434176606647	0.0265806887940662
0.0856766271852479	0.0467288268596743
-0.131229843447008	0.0901553241915127
-0.422363725502875	0.236700130314835
-0.235382896302948	0.138024912443037
0.250447574946411	0.155051638096147
1.49729335270634	1.43019492315025
0.250750575245472	0.155274432661127
-0.172082087699161	0.103117467063856
0.181268476238753	0.127577741589605
0.116345045748615	0.0681537780773569
-0.119677366473292	0.0731471910441104
0.0833801485674387	0.0558339503952659
1.26794566258824	1.31669083918847
-0.00866762541139504	0.00285038216826518
-0.00477832280722481	0.00221735527016294
-1.2708914783869	0.8851051120351
-0.701962072171393	0.471087613431695
-0.674871628706367	0.5457500837636
-0.732036673044235	0.441341043477748
0.917304220097801	0.884348888839568
0.963386993453563	0.73644598201779
0.740412532926917	0.716052689303468
0.116284536468204	0.0681178066573984
-0.389929969887617	0.276359669549728
0.141998448683475	0.0888256576774279
0.67158217394513	0.334848424054662
-0.167715939625543	0.086928424290891
0.116186636806352	0.0680532515196002
-0.889956812825115	0.758402852078309
0.178142816773624	0.0878120900805318
-0.791861878249689	0.630501710651017
-0.235580834183956	0.138113068151104
-0.792052298639449	0.630656110813843
0.128722661231086	0.0571444794901516
0.398873322187915	0.260949289938167
-1.13166508883458	0.867575115414988
-0.167814701890377	0.0869867978736486
0.128496054262865	0.0570471936487537
0.387537631223081	0.203721585062821
0.398979187192608	0.277138822494332
0.852952818714724	0.546952016374648
-5.18021893345233	3.15045498951184
-0.0789404054704349	0.0354352126325418
1.49710568736165	1.43005510547763
0.546737724120211	0.399480929625377
0.750898958716416	0.546360004087353
0.0618587111049973	0.0239501477339738
-0.686407103144639	0.507767132033222
0.39911149736699	0.261109190448986
0.60666747478801	0.367841714094269
0.387255709282983	0.203530837713989
2.5647512484324	2.43468317678237
0.387524745750924	0.203731359245904
-0.167806752329096	0.0869693039478201
1.799486198384	1.77577862977117
-0.674606807220515	0.545311820434884
-0.0759051448786092	0.0472913722500453
0.387699641114235	0.203810552040452
0.898413882526757	0.723276956405637
-0.260249986440471	0.131363174492885
0.963499842446657	0.736981665988245
0.0856504615516148	0.0467163223346054
-0.487686905437284	0.372851819278413
0.712061048069147	0.546653091630455
0.234299063326123	0.135610764338717
-0.573043063375869	0.392116283470683
-0.968152752066219	0.567121503023109
-1.40182403240361	1.05063874726015
-0.472131338862803	0.329112025572246
-0.235607797127112	0.138127518084743
0.584699288308755	0.37975753651039
-0.00647290097493442	0.00361346614744142
-0.10061457138053	0.053506852680468
-0.235066105508162	0.137758886740918
-1.51139392024975	0.927615958914171
0.116451858679516	0.0682159522077023
0.845886876869285	0.715098908302365
1.23119258708982	1.62844669310854
-0.788232305482405	0.414275835906919
0.399652120253719	0.245289401469063
0.234217042819429	0.135554715301903
1.37253518544123	1.53153814534135
-1.13156588129176	0.86763319064665
0.396111062600139	0.226300322457463
1.15002904169146	0.774161366781223
1.49710568736165	1.43005510547763
0.0856233454204546	0.0466818416773627
0.399203917048368	0.26112631616261
0.0479668102951513	0.0242035155870716
-1.27040006372588	0.885002340015008
-0.967913118768585	0.566880494409038
1.15473009233139	1.1091368898902
0.584858234011417	0.379956693850745
-0.422428119128095	0.236719234912365
-0.85235235414452	0.785514109137052
0.17856779616299	0.0880459181741458
-0.235475303257102	0.138083428952403
0.264597924244184	0.174496820223054
-0.173684071198386	0.117490323446169
1.36206119919618	1.1970941656282
0.963507761145778	0.737129368422307
0.606797710981453	0.367811329531324
-0.573082641337609	0.392110428954273
0.211849784137663	0.11382783840282
0.898608533156055	0.723494902630146
-0.0488746227041933	0.0266519956042316
-0.413900585107279	0.321072021268116
-0.00477832280722481	0.00221735527016294
-1.24519154070041	1.02240393492908
1.28508785082435	1.48993005552971
-0.28522486854119	0.186431013075127
0.141837999713012	0.0886982180340347
-0.674873072019471	0.545745098121915
0.211918251717271	0.113865661807845
0.398886369625052	0.260953947356794
-0.094585719883577	0.0659031201935779
0.17856779616299	0.0880459181741458
0.680929666290447	0.550106699395327
-0.472070889856049	0.329070387884181
0.0834419623206405	0.0558844880401982
-1.40182099425293	1.05074397500167
0.712034903422775	0.54650813320988
-1.00944753293436	0.719129583406553
-0.674712712482376	0.545564195725926
-1.93138823677143	1.94709616371506
-0.284839857471493	0.186127346710592
-0.100361481812431	0.0533560155306658
0.681148814685048	0.550507144497065
-0.674686969629508	0.545493532457957
-1.24528851254411	1.02241091253556
0.963499842446657	0.736981665988245
-1.14262392140449	1.02071657436321
-0.235158418201194	0.13785025037124
-0.449641252180695	0.282629245641421
0.546882652287686	0.39961135638563
-0.119546843544292	0.0730678346020511
0.617794410476865	0.573633632907771
-0.00490723824214601	0.00227607344204021
0.399759035636576	0.245315310439663
-0.358482443566859	0.22990725334661
0.396025163192264	0.226199778623561
0.671727350711025	0.334885576734114
-0.167685612928479	0.0869045304599133
-0.260422454505934	0.131473076198748
-0.573069444667283	0.392154228921532
0.53314845932752	0.411062687777545
-0.235475303257102	0.138083428952403
0.0855308318507437	0.0466342661884509
1.24608813557136	1.14614110823046
-0.00467057234517247	0.00216620810420213
0.564444903908369	0.389524229896583
0.0289053747418535	0.0171405436715424
-0.0487956030897302	0.0266078382724499
-2.683695069597	1.94097616444278
-0.849075640655895	0.353944854479088
-1.13161168414825	0.867789638280916
0.564145183307959	0.389473891906218
0.963584205771531	0.737122253083976
0.178315331624704	0.0879190895682354
-0.675112242288675	0.54568991955274
-0.314905683790335	0.180488007236133
0.234217042819429	0.135554715301903
-0.568541766074588	0.350174119857092
0.584721353956748	0.379925831477889
1.15001189224992	0.773840743719683
0.681041997332067	0.550340898981373
0.6356684869711	0.565026076353992
0.0832656367039579	0.0557487774993134
0.301584228677068	0.245882268110851
0.12333470167312	0.0916195615273584
-0.48773985319078	0.372891051623747
0.387362897339459	0.203602422991271
-0.172012606087547	0.103077547099404
-0.314936050194936	0.180496880170545
0.7698381532818	0.713438718841988
0.617740716640036	0.57365987610029
1.11255900834009	0.937756926523111
0.963568312646966	0.736798247243143
-1.49925707458118	1.94968807487112
-0.171966283970448	0.103015627560516
0.398939685964909	0.260998562871579
-0.389851199294465	0.276258673020716
-0.746964756087618	0.69759436484439
-0.31487529078185	0.180469531977314
0.898354420160912	0.723312999645903
0.250671549096301	0.155227427239656
-0.0788269788881849	0.0353859300459337
-0.0064030297550907	0.00357408166000622
0.0857035906830453	0.0467362147826808
-0.171816972074702	0.102965328684015
-1.35082355811961	1.18222589649286
0.23420176261692	0.135550725555505
0.917305485294015	0.884519673248624
0.396046476092211	0.226243653582569
0.399137671090677	0.261102471627967
0.116307687959683	0.0681343944936411
-0.17191476584973	0.103033463272345
-0.0488089875965929	0.0266177615123385
1.15477006151329	1.10920857535553
0.264551372342609	0.174450099076039
0.972317688642441	1.05460207705216
-0.674818648861795	0.545711507796161
-0.265204386158058	0.19372271286938
-0.167715939625543	0.086928424290891
-0.449373191513552	0.282357849246829
1.3766253989971	1.70467220457027
-2.71381818970609	3.14159260027454
-0.00647290097493442	0.00361346614744142
-0.314905683790335	0.180488007236133
-0.00825098414165935	0.00531839236576663
1.52783477727406	1.06674636561976
-1.12704272305866	0.723683093678629
0.372817885836604	0.176161081982385
-1.94225216532037	1.50553265197483
-0.934036220048153	0.914018836599402
-0.391481666646295	0.191384943509599
-0.285127572665304	0.18640202474893
0.399161216342137	0.293259882473176
0.373053344931518	0.176282869574425
-1.0676766626128	1.02972457605802
1.52782493970326	1.0667583525539
-1.00952368242225	0.719592912783372
0.234239882127293	0.135470630623029
0.750918451769797	0.546500400749536
1.21197677518373	1.45632330100297
0.276556128649085	0.193436235303888
-1.06770396846786	1.02959726058999
-0.0489803984799141	0.0267132188815541
1.0442507952022	0.75417682170438
0.546737724120211	0.399480929625377
-0.665817649525553	0.583957697516659
-1.24501373386669	1.02209610358304
-0.571425270298364	0.312336137740824
-0.572977137866887	0.392068629563688
0.398979187192608	0.277138822494332
0.178063989321977	0.0877574446225287
-0.100524984420176	0.0534573894442428
-0.422384984558512	0.236709053249403
-1.44931854075231	1.3467404647264
-0.791945482047303	0.630661225316363
0.276663677432116	0.193495705430278
1.48114238203343	1.58976578033566
0.398918661272857	0.277122050938888
0.10494279492139	0.0741722381789076
-0.31487529078185	0.180469531977314
-0.93393255315192	0.913691329519322
0.141945413134548	0.0887896964119642
-0.0488879942131119	0.0266619172719185
-0.171854279210956	0.102994903376511
-0.449738456594333	0.282686420755686
1.11255900834009	0.937756926523111
1.36845289174257	1.36389674047384
-0.00761497811460606	0.00250433676554653
0.852952818714724	0.546952016374648
1.34289595232922	1.01499095487319
-0.00477816764385727	0.00221449009969904
0.584721353956748	0.379925831477889
0.372817885836604	0.176161081982385
-0.391481666646295	0.191384943509599
-0.449454684785548	0.282441571160091
-0.00632898795488209	0.00353408767115909
0.294718277901655	0.229096327170823
0.398797581707142	0.277035673986689
0.58475959722206	0.379934996153133
-0.075883242399936	0.047275522636925
0.76967609689596	0.713268882191315
-0.235462187373492	0.138072780517714
0.546776887558269	0.399444308869271
-0.967808404594	0.566591842753788
0.0583395005806904	0.036852126768332
0.234306721965948	0.135608476227016
0.399406503553071	0.325100229807191
0.0186131411471097	0.0125249060305687
0.399267318521548	0.293356816796475
1.08184972689579	1.08378906785201
0.399431337581939	0.325164311149595
0.892844162640279	1.03935934976629
-0.472033637882765	0.32898027204842
-1.14276782971979	1.02075219205701
-0.358495878177703	0.22993924642698
-0.579132907592339	0.26744572765706
-1.12737837497083	0.724048758565795
0.564309454944135	0.389580908495401
0.128862234571198	0.0572251923644326
1.05616008139829	0.549571799070062
0.671465868796485	0.334774054050095
-1.04463646342788	0.874990427387679
0.211841965286831	0.113798584359214
-0.100696563025694	0.0535453328515396
-0.877064920772214	0.576888285316872
-0.173939041290908	0.117697673411669
0.398952751279318	0.261019310889639
0.211934111461218	0.113871149144747
-0.471880447909488	0.328863331156295
-0.422127174585428	0.236383576716377
-0.0489803984799141	0.0267132188815541
0.0291686696594364	0.0172936449971941
-0.224176207643439	0.149125663287847
1.36209146650402	1.19718453032602
0.632055174789326	0.352583555456159
-0.171891600284617	0.103013652092688
0.533315723427002	0.411212454690432
-0.322139897340277	0.231999577337031
-1.04443849416344	0.874753778962291
-0.825127181183508	0.599448766878507
-0.10063764793885	0.0535091432232982
-0.167822568183777	0.0869921519796813
-0.573043063375869	0.392116283470683
-1.52269793227587	1.22083213392647
-0.56851911765476	0.350145609039403
1.11247611937041	0.937616420025001
1.51276202140523	1.26314002560136
-0.0490728158822873	0.0267618346413515
-0.167715939625543	0.086928424290891
0.0585259790915252	0.0369739349221746
0.845873572645785	0.715100082050027
0.234396349619033	0.13565353178987
0.0617277318050226	0.0238966037879039
-0.422234825621056	0.236575732189162
-0.265696734324441	0.194168599906118
-0.571850481296198	0.312666676322475
0.606934254365584	0.368046449019147
-0.0486779129594599	0.0265406888410703
1.02246605341778	1.06691141992885
0.25052672039259	0.155123588624536
0.276581864658763	0.193470468193327
-0.314928072102401	0.180459211008952
-0.500052357400139	0.415859651019115
0.0587398676634679	0.0371061538831999
-0.471940885671565	0.328935283128993
-0.327441044350617	0.12966822779127
-0.579296535169985	0.475401577626035
-0.35874606176488	0.230128359214925
1.21216431307697	0.970853229111692
0.846031860202732	0.71521854127108
-0.171984261369787	0.103051577974899
-0.422384984558512	0.236709053249403
-0.686708628261626	0.508166632881355
-1.63522972023997	1.39563734551123
0.0479061058216731	0.0241734985376833
0.399647793634485	0.245264441983756
-0.0392502837211436	0.0248857542367108
-0.73175228809849	0.732139087604084
0.398811843473839	0.277059701974975
-0.766441749899156	0.663094658546721
0.116345045748615	0.0681537780773569
-0.173750001371629	0.117554131790799
0.294624588337035	0.229092284949089
0.1420256374432	0.0888443640776842
1.8616186168676	2.56877748081438
-0.260156391781438	0.131292845356396
-1.12727160136541	0.724050372770115
0.234493621485371	0.135675703937758
0.631932759206064	0.352507886935394
-0.87719241026191	0.577211271023757
0.372715621940169	0.176108968034927
-0.184607743758422	0.0791560168022034
0.163227033127187	0.108512673298165
0.522199546042069	0.423640144248227
-2.01779818524465	2.13807506245196
0.632396826255826	0.352744510096783
0.769836637271439	0.713404968703696
-0.674818648861795	0.545711507796161
0.398819918961831	0.260856352026993
1.14990698215722	0.773998601930091
0.142078665577231	0.0888764959093391
-0.184505553212383	0.0791373504854963
-0.701931635787829	0.4711048335323
0.898608533156055	0.723494902630146
-0.00629198591006161	0.00351353991767755
0.286438632184769	0.211674618036817
0.522387352151361	0.423910040361166
0.0185006670919112	0.012448864722067
-0.322370359561	0.232160877333793
0.399214271315013	0.293315937795653
-0.0489937644034561	0.0267199564240236
0.0856897039185628	0.0467307539129102
1.48112906931152	1.58978498370673
-0.889923631561447	0.757781106680667
0.387605725992851	0.203766496048981
0.211918251717271	0.113865661807845
0.0478757935477757	0.0241566119386645
0.396284062791461	0.226395002349251
0.128975937783999	0.0572771124689474
-0.358693947004867	0.230050693313241
-0.171952098581378	0.103047850133584
-0.0785844277089899	0.0352590751064225
0.276528860013888	0.193418045680985
-0.391594789884239	0.191438279351218
-0.825135049387965	0.599550836734038
-0.824056657166924	0.81638992795693
-0.576942594038448	0.434274061427803
0.804126930245297	0.712400573859308
-0.648461010514431	0.696291449623366
-0.358653698911515	0.230066631527229
-2.01803864073494	2.13835484059921
-0.701824725138337	0.470945497752617
-0.471987262164561	0.329014669520781
-0.10045091808691	0.0534111225538958
0.631932759206064	0.352507886935394
-0.358811661251362	0.230151188866686
0.181182218714402	0.127493819732171
0.25077730949292	0.155295680303515
-0.85237436794994	0.785486517852404
-0.471987262164561	0.329014669520781
0.928757462515204	0.545183921949788
0.898474472996526	0.722628439498159
0.395960444282206	0.226116997094022
0.387618551364921	0.203775351678185
0.399682502217224	0.245269833092447
1.4971130121614	1.4300276735307
0.234217042819429	0.135554715301903
-0.167754090883061	0.0869546539632337
0.23420176261692	0.135550725555505
-0.358759464822714	0.230124373095012
-0.167784410327834	0.086973154849
-1.52282056881161	1.2210719678012
-0.517010624683618	0.178709666938849
-0.0488223758110372	0.0266260448981406
0.264551372342609	0.174450099076039
-0.0343649104307773	0.0245215887540216
1.37658171651187	1.70451402070883
0.398872373781685	0.277094868971369
1.06384499251049	1.23832529854286
0.398742420951777	0.276886256658057
1.37269670754495	1.53173660500413
-0.576952361869368	0.433976003250402
-0.171975261730541	0.103067661326467
0.0584026231420108	0.0368958685761365
0.972424632377022	1.05484399731642
0.584644909741346	0.379823349107698
-0.487608320482119	0.37274814708529
1.08191010479496	1.08387246777139
0.656419821809539	0.556877278723426
-0.298839945557986	0.237664632715062
0.399821564801639	0.325507804559414
-1.81237114136569	1.31320997805571
0.398690755140477	0.276941906629452
0.29480077584406	0.229215312049055
1.28503333833898	1.48983474314799
-0.41129407240327	0.4007662192039
0.522361610077758	0.423873731893028
-0.390010170761787	0.276421028544424
-0.0393119754570009	0.0249293922867717
0.398860270688586	0.260928559216684
-0.577146638675989	0.434429840249087
-0.791968693252402	0.630667165648645
1.08194275542764	1.08393865490821
0.584675168308242	0.379860425930649
0.928777867705259	0.545067781172208
1.1503789659688	0.774433753881929
1.30829511341016	0.797784880803241
-0.314897752349974	0.180460386792066
0.0480050835828071	0.0242224684999677
-0.87719241026191	0.577211271023757
-1.14250328978313	1.02038670219003
-0.171868434519582	0.102987037446451
-1.55171954679059	1.81314804613286
-0.1677999628795	0.0869603914444103
-0.0490071340311382	0.0267250488141324
0.286356264003954	0.211592099352807
-1.04453070585904	0.875000983365389
0.0857428988252296	0.0467687674262433
0.178315331624704	0.0879190895682354
0.513077175014685	0.436670974351334
0.602321068193531	0.582899644615081
0.0423237158271014	0.0299922419603051
-0.658660630797548	0.622085083749103
0.0585288005378674	0.0369794101178088
1.56239286358761	1.98784894096164
0.547067476480811	0.399642096870848
-0.298906392453111	0.237731703124378
-0.0487956030897302	0.0266078382724499
-0.322074100214376	0.231931358442459
1.15002904169146	0.774161366781223
-0.701962072171393	0.471087613431695
0.898549230839987	0.723282904851052
0.399032143012627	0.261073229564847
-0.701893398829885	0.471060653765222
-0.100361481812431	0.0533560155306658
-1.06746162851189	1.02870799195652
0.56422737419145	0.389555636326398
0.750820935056823	0.546362059972189
-0.968152752066219	0.567121503023109
-0.0489803984799141	0.0267132188815541
1.11256634242361	0.937710941311817
-1.93123202571123	1.94679868547161
0.123683671244444	0.0919050903834416
-0.0345456563800635	0.0246553997405873
-0.674898840923898	0.545790922920221
-1.4490049653761	1.346084984323
0.286378167548745	0.211591909850807
0.0479207371196704	0.0241733713806623
0.898444264260743	0.723439633854202
-1.55190373958333	1.81427558011745
-0.517262058968037	0.178864495866734
1.86178045631888	2.567251230689
-0.449559643029099	0.282553005776485
-1.0674633720414	1.02935545738054
0.0856373726497179	0.0467057526082143
0.564414409634204	0.389702848742374
-0.314966389985357	0.180495713336035
-0.877149112430242	0.577216000555005
-0.967672617245601	0.566440097305884
0.631932759206064	0.352507886935394
0.211887954999951	0.113856287486724
-0.100548132647953	0.0534597278788284
0.399032143012627	0.261073229564847
-0.26050123433033	0.131519082409796
0.671306269263633	0.334421561941284
0.276715120914925	0.193567071549497
-0.701801990339726	0.470952990233888
-0.0486913346345501	0.0265458208867492
-1.13144361242623	0.867435958813376
0.968642247901215	0.894627010363366
-0.389902765292212	0.276321754862654
-0.732021846522536	0.441299012127764
1.49700815005011	1.42957154995794
-0.579018048486102	0.267409454362904
-0.939288150999012	0.734622762965473
0.398956040914501	0.277132929710772
-0.322181024893116	0.23204661658807
-0.395677619377101	0.361298242623514
0.276554597821924	0.193442752888539
0.23420176261692	0.135550725555505
-0.568396967748075	0.349891217652604
1.2310060681955	1.6280080459876
0.18142044331366	0.127703356871127
-0.571612713488628	0.312477898458969
-0.0759682684831344	0.0473317038327201
-0.0788394138547632	0.0353861542623881
0.104876294895799	0.0741238703806158
-1.52278995090759	1.22112318048924
-0.487659615823777	0.372805015575226
0.142133049799469	0.0889005170529464
0.546711095435536	0.399426004119964
-0.26554880296696	0.194126969543783
-0.433404845741956	0.364699211077833
0.399558829422796	0.340706732944273
-0.0626714248333905	0.044213957910752
-0.22446989148558	0.149358942874387
0.861009399555675	1.03519772250206
-0.322035823855344	0.231853335137347
0.28646056595442	0.211694108651968
0.0858222138874829	0.0468112400675287
-0.573043063375869	0.392116283470683
-0.048928130971809	0.0266820435245928
0.234306721965948	0.135608476227016
-0.471973209885596	0.328908328843995
-0.0787328393819667	0.0353418953097744
-0.167723743572673	0.0869307434564531
-0.449909775073669	0.28276271969984
1.36215208473825	1.19664277256518
-0.0759901648345779	0.0473452882734231
0.211849784137663	0.11382783840282
-0.579132907592339	0.26744572765706
0.0480354557534122	0.0242354399961968
-0.472070889856049	0.329070387884181
0.276500070262287	0.193354946144982
0.681232496495467	0.550523279279906
0.711915228195204	0.546557048928131
0.963584205771531	0.737122253083976
-0.10045091808691	0.0534111225538958
-0.877063949356056	0.577066528922155
0.234127312196873	0.135493151380613
0.211903911998709	0.113847022197123
-0.314936050194936	0.180496880170545
0.396111062600139	0.226300322457463
-0.285164564145787	0.186407245785783
1.21238000227573	0.971369902993594
-0.167784410327834	0.086973154849
-0.0489670362588258	0.0267049448325151
1.52782493970326	1.0667583525539
1.11244681567147	0.937407616180729
-0.171779678942634	0.102924073883888
0.396348882316361	0.226394117006074
-0.00479980150253003	0.00222543899707575
0.0855972236079637	0.0466817565088722
-0.701931635787829	0.4711048335323
0.399098404404494	0.261088415804529
0.917305485294015	0.884519673248624
-0.0490071340311382	0.0267250488141324
0.234112079861019	0.135489192248169
0.398939685964909	0.260998562871579
0.25052672039259	0.155123588624536
-0.515990783583792	0.178284628481265
-0.7322707246791	0.441490978820015
0.0478678062535957	0.0241529007811321
-1.24528851254411	1.02241091253556
-0.358601625161616	0.230018412531975
0.25052672039259	0.155123588624536
0.399356121540845	0.309309822427589
-1.40178726667753	1.48411425653221
-0.217517602207641	0.161171641212651
-0.00662637168778421	0.00369613718342717
-2.09938976952861	2.33155315681892
0.898256993301542	0.723151630240779
-0.791787558524264	0.63030518261539
-0.0787261041250346	0.035320001598361
-0.579162162837228	0.267406238343768
-0.422428119128095	0.236719234912365
-0.358680527282511	0.230076669085373
-0.224283721636834	0.149230159915673
-1.04471516867313	0.874990540305417
0.584705454785635	0.379865393865165
-0.732192865670734	0.441473163114747
-0.577206894554713	0.43444537062023
-0.358588196149511	0.23002237558786
-0.00490723824214601	0.00227607344204021
-0.23539602597155	0.138035568356171
0.533329532533883	0.411241844029059
-1.52270509967682	1.22064782680695
0.0479061058216731	0.0241734985376833
0.396197438898127	0.226365511940548
-1.12715469735633	0.724097661397232
0.399660064812808	0.245317382260872
1.02259639146419	1.06655564158651
1.21238000227573	0.971369902993594
0.504437055003611	0.449193999168316
-0.100524984420176	0.0534573894442428
0.635415714223959	0.564719438324633
-0.17191476584973	0.103033463272345
-0.658725945119197	0.622191717871612
0.294431587015065	0.228916033996534
0.211849784137663	0.11382783840282
0.399459997875481	0.245109493784926
0.178582044959992	0.0880558495915799
-0.967920770914226	0.56691647468837
-1.74073522297658	1.57544128714462
-0.00477816764385727	0.00221449009969904
-0.568450605056492	0.350111713650879
0.264685798031256	0.174481653823384
-0.825232150203982	0.599654790054676
-0.235303642562071	0.137970517714117
-0.235303642562071	0.137970517714117
-0.568473274508818	0.35013698342253
-0.167677774336158	0.0868939558902765
-0.701870683447116	0.471060482975925
-0.572924505371968	0.391917359686569
-0.314928072102401	0.180459211008952
-0.171998424677568	0.10308111895244
-1.11394961846196	0.540358650867839
-0.0760508511526107	0.0473733456090217
-0.172035766830778	0.103097356983146
-0.573043063375869	0.392116283470683
0.564414409634204	0.389702848742374
0.750925784738589	0.546494659096437
-0.265569379973613	0.194142537482544
0.606761084387309	0.367905172141757
-0.314974334266225	0.180517382779914
-1.40189298140498	1.48430030891553
0.681088260233002	0.550461509138893
-0.571624596727463	0.31249828110112
0.264611710694309	0.174500278389277
0.963584205771531	0.737122253083976
0.211918251717271	0.113865661807845
-0.665521819029769	0.583797970147497
0.250763944228594	0.155289556810608
0.0857298001699369	0.0467611300263588
2.6782999236002	1.64667749882407
-1.67012581591828	1.12164825399542
1.08184972689579	1.08378906785201
0.104763347283701	0.0740364034986795
-1.35092907110827	1.18241295811439
0.396111062600139	0.226300322457463
-0.701939376185849	0.471077472243728
0.963545976406489	0.737152407988497
-0.173939041290908	0.117697673411669
0.0478757935477757	0.0241566119386645
-0.0786522619879239	0.0353023758590265
0.632396826255826	0.352744510096783
-0.825500123262625	0.599709285586044
0.0586959218520654	0.037080909149561
0.396154537368834	0.226335141231484
-0.0759682684831344	0.0473317038327201
0.387443934982169	0.203677658568846
0.584789793668832	0.379972034303177
-1.04443849416344	0.874753778962291
0.845900177389557	0.715055557737215
-0.422277886081322	0.236628606264027
0.234380973697782	0.135649480050334
-0.449730708473686	0.282688698372418
0.606934254365584	0.368046449019147
-0.314806633342869	0.180404619625564
0.116261385167052	0.0680970995288913
0.0478295204619513	0.0241303182423519
-0.0488879942131119	0.0266619172719185
-0.449641252180695	0.282629245641421
0.399621764926025	0.24528629890332
-0.235435967724642	0.138018567539765
1.6193014252908	1.66860541656033
1.04433042627028	0.75412128636301
-1.9418790598625	1.50466370941185
-1.12679220912905	0.723340404207666
0.276581864658763	0.193470468193327
-0.00619471961896502	0.00345879389612743
0.715420927636754	0.720370237594475
2.41987753627505	2.78437139416625
0.128862234571198	0.0572251923644326
-0.579090117832204	0.267455039000505
-0.573043063375869	0.392116283470683
1.02246457856493	1.06689134986402
1.08197047416829	1.08385911346014
-0.351888792682056	0.276612510429749
-1.1144886963805	0.541000350984738
0.533329532533883	0.411241844029059
0.211720780665111	0.113716184465266
-0.184607743758422	0.0791560168022034
-0.285007010964892	0.186314582604357
0.845926088576779	0.715062270678513
-0.0759682684831344	0.0473317038327201
0.0834663206478252	0.0558987620012023
-0.173769055054967	0.117569809360543
0.769729112390332	0.713290552810038
0.116391353791918	0.0681832637592717
-0.50003366272126	0.415736790615178
-0.094625972357169	0.0659346382070736
-0.500441792173077	0.416049853325456
0.141865183765722	0.0887267375760719
0.533157876113141	0.410926492863331
0.671639646013065	0.334844260911513
0.7697048500773	0.713365515733353
0.602045586527513	0.582231358450544
0.584767706917772	0.37984567740922
-1.7403729918924	1.57476677113384
0.584767706917772	0.37984567740922
-0.00642632049195206	0.00358745361441481
0.0856766271852479	0.0467288268596743
0.276716675342006	0.193539393850508
-1.23433946579219	1.17062730393621
0.123515650223371	0.0917803540039835
-0.44930344520284	0.406861639967505
-0.50003147918059	0.415829258616164
1.04398399761367	0.75369610299678
0.286504419689958	0.211703732844714
1.26773201818246	1.31666496861891
0.796607070563234	0.546529871565748
0.264728103566102	0.174545015240786
0.0479444191794637	0.0241924711034532
0.96343137288018	0.736917816316698
-0.390011571734063	0.276350396948687
-0.6867874780642	0.508227184141461
-0.577109715356513	0.434343995222223
0.163562284526463	0.108775578946227
-0.573280670685844	0.392255128412562
0.846124294069892	0.715169985531734
-0.389743814973355	0.276121848681845
-0.674820100668733	0.545683412508346
0.399027901767121	0.293067730578746
0.264862528257026	0.174652712342763
0.0479285507635982	0.0241829353640545
-0.933910493390846	0.91383375945112
0.0856766271852479	0.0467288268596743
-0.414089585802961	0.321205667469224
-0.00866762541139504	0.00285038216826518
-0.487792808417601	0.372915311409266
-0.571844647387589	0.312554069991271
0.0478678062535957	0.0241529007811321
-0.167746238435569	0.0869469108163603
0.399789404204021	0.245245582505835
0.0479364447408366	0.0241891330477726
-0.35874606176488	0.230128359214925
-0.167754090883061	0.0869546539632337
-0.449544062178421	0.282531156107745
0.234306721965948	0.135608476227016
-0.0758201313271384	0.0472335094023848
0.11627031625817	0.0681082454094151
0.116353991523378	0.0681564763741826
-1.14280493815631	1.02084195360638
1.11263885012019	0.93771101399471
-0.967808404594	0.566591842753788
-0.107362304911351	0.0821566614236879
0.0289825102637502	0.0171873746132031
-0.67492605114634	0.545783675338654
0.141945413134548	0.0887896964119642
-0.0760339718572247	0.0473650341811024
-0.413837630123317	0.321003545361389
-0.100435448908401	0.053405283159304
-1.23432611419435	1.17045430231733
-0.173812992051245	0.117606196781948
-0.314883095294388	0.18046152778602
0.0856504615516148	0.0467163223346054
0.264500485590941	0.174379741570726
-0.285043981003217	0.18633542576247
0.0290370556228624	0.0172206399698484
-1.06741049607932	1.02918447124468
-0.487581032377036	0.372727958048912
-0.413960669915903	0.321092009427935
0.635522631800618	0.564955794700488
-0.131123053864947	0.0900940267751824
-0.260329029925159	0.131417764875266
-1.40182099425293	1.05074397500167
-0.449633490948602	0.282605167831363
-0.31484487118018	0.180441066493249
-0.260343515581359	0.131418537401997
0.25052672039259	0.155123588624536
0.399295830525548	0.293323626553402
1.04418566840128	0.754070728099669
0.963538022937797	0.737057787372522
0.116330839643921	0.0681472868212352
-1.54117948626586	1.51536968724642
0.681102546937439	0.550386522987246
0.751023300013365	0.54650935831214
-1.36873374121568	1.62735282286768
-0.792126707406141	0.630748496181635
0.750975541614246	0.54652601352424
-0.877149112430242	0.577216000555005
0.0858484266526765	0.04681806473566
0.234299063326123	0.135610764338717
0.0857035906830453	0.0467362147826808
-1.32063750941111	1.32518813993376
0.606934254365584	0.368046449019147
0.141971261916633	0.0888023742952421
0.264611710694309	0.174500278389277
-0.11951965129848	0.073057555006467
-0.224362360916797	0.149289333907045
1.11265651125862	0.93768533175143
-0.581686252519767	0.51655310567462
-0.173791021253973	0.117590988191062
-0.171733333748742	0.102903938585626
0.606840474184464	0.368014046586871
-1.14261009456794	1.02009861068441
0.163776114170127	0.108904292482294
-0.568404782301551	0.350035267727637
-0.449365358784094	0.282333748586784
-0.889849917085526	0.758267834539312
0.209850794760168	0.16341255471696
0.658530464255584	0.737939274151088
-0.422428119128095	0.236719234912365
-0.176124195663063	0.132060397218162
-1.51128399880157	0.927879913676698
0.399553130100988	0.245216534651606
-0.449454684785548	0.282441571160091
-0.0489536777384871	0.0266950254107167
0.25069825731129	0.155248653610278
-0.358615057868531	0.229992454909469
0.584789793668832	0.379972034303177
0.211887954999951	0.113856287486724
0.264658266871447	0.174547011346903
0.142077308944848	0.0888624360218098
0.398699599724174	0.276876204370318
0.104849993135276	0.0741031666810547
-0.107341453784658	0.082163398094189
-0.413648901134162	0.320717018385143
1.48104986871767	1.58949341860337
-0.00632898795488209	0.00353408767115909
1.37277987143844	1.53240383744197
-0.23539602597155	0.138035568356171
-0.391716070497778	0.191515317219743
0.286652522483121	0.21176578532937
-1.24518353573094	1.02226916355506
0.68102769657429	0.550378261045452
-0.0489937644034561	0.0267199564240236
0.796781056230946	0.54631722748748
0.37328940753839	0.176345178251816
-0.674632540303875	0.545363877292345
-0.568541766074588	0.350174119857092
0.047768842388667	0.0240951234492321
-0.0629016945424448	0.0443887505971142
-0.877150432874458	0.577051214111517
0.399502072395097	0.309496114178966
0.116368199676192	0.0681703696479722
-0.968152752066219	0.567121503023109
-1.04443849416344	0.874753778962291
-0.26082956241274	0.131620861705401
0.399522808019211	0.245179011225327
-0.422342376725643	0.236676559474934
-0.0083456807373163	0.00274570284113593
0.635651389264509	0.565004808689118
1.34280229078442	1.01477559073757
0.898421494158947	0.723394863993532
0.0480276212667614	0.0242276397887854
0.898346864870289	0.72334506195932
0.387537631223081	0.203721585062821
0.234119701427991	0.135495466226445
-1.40154677592005	1.48308983635606
-0.167822568183777	0.0869921519796813
0.632160133035675	0.352652701983811
0.533352804546952	0.411255786419984
0.0584629558579508	0.0369341675612139
0.0855710855814217	0.0466692685549772
-0.56857990501294	0.350166387556922
1.48139315899596	1.58907835177749
0.681148814685048	0.550507144497065
0.399032143012627	0.261073229564847
0.14218469850418	0.0889273626107717
-0.35832473865221	0.2297312536582
-0.358680527282511	0.230076669085373
0.546737724120211	0.399480929625377
0.0858222138874829	0.0468112400675287
-0.284909796442049	0.186208505440676
0.632046398741327	0.352597545210657
0.7964775407151	0.546436206750712
-0.50012145288256	0.415842779400147
0.846045190403945	0.71521740606195
-1.0095768799932	0.719341383679869
0.129098587708665	0.0573264026873503
0.0586109535655877	0.0370290854361946
-0.358574770830738	0.230008355533989
0.116307687959683	0.0681343944936411
-0.0788269788881849	0.0353859300459337
1.03215523791142	0.911235583775859
-0.0490071340311382	0.0267250488141324
-0.3223729522488	0.232105514271252
-0.766547614007605	0.663120820841962
0.398667618958224	0.276904598251902
-0.235303642562071	0.137970517714117
1.34300268361462	1.0150029618971
-0.285030319307596	0.186329206529657
-0.934180978873147	0.914013581839109
-0.0944930290534367	0.0658343548273408
-0.00840262799863025	0.0054152268864909
0.512676710615349	0.436447155868463
-0.100517289863626	0.0534489339909363
0.711981637507327	0.546618402945273
0.398601571830573	0.27662032361373
0.671567142878356	0.33484663200897
-0.285067287514914	0.186362204940924
-0.119491077741782	0.0730364768299565
0.796671892313859	0.546511095379513
1.66376166556015	1.51644179548287
0.142133049799469	0.0889005170529464
0.602214265983302	0.582821561060711
-0.119439450446503	0.0730048395536886
-0.449528524208298	0.282361980830324
0.546948364222488	0.399602425564261
-0.0759901648345779	0.0473452882734231
0.750730708390523	0.546206964542419
0.211857686193715	0.113839275081236
-0.184271044593708	0.0790222441021079
-0.571618661584741	0.312525279780433
-0.224441029054085	0.149316894405678
0.656527241588042	0.556777040081062
-0.26050123433033	0.131519082409796
0.398751303919128	0.277008501801979
0.396154537368834	0.226335141231484
-1.35115229042388	1.18238670873705
0.116368199676192	0.0681703696479722
-0.285067287514914	0.186362204940924
0.0859146137953314	0.0468559151956241
-0.0788395206722486	0.0353837508560663
-0.315035027282987	0.180503506215802
1.73194560107003	1.91393957647661
-0.472038605251935	0.328947274704694
-0.351888792682056	0.276612510429749
0.211857686193715	0.113839275081236
-0.176031979073977	0.132007055143449
-0.235329933523451	0.137981629173474
-0.167715939625543	0.086928424290891
-0.358522758485451	0.22994932308938
0.963362903941932	0.736684857359088
0.048043370639892	0.0242397906790943
-0.103877372062926	0.0288628201081387
-0.686800933612094	0.508334523103492
-0.571618661584741	0.312525279780433
2.71223929308818	3.67573842513542
0.365902024574029	0.150387445991254
-0.825679027805126	0.599531568444117
0.963584205771531	0.737122253083976
0.0480050835828071	0.0242224684999677
0.234306721965948	0.135608476227016
0.750925784738589	0.546494659096437
-0.687051076599041	0.508412058019127
0.141999791938549	0.0888227103233252
-0.212648600695035	0.172525653603284
1.47074744929419	1.75599643356568
0.564504048775446	0.389711454635039
0.564406759068027	0.389679472400225
0.163606102560209	0.108818672900978
-0.23539602597155	0.138035568356171
-0.579315675588001	0.475397408670997
0.234194106334154	0.135535242488063
-0.572950737104586	0.391949105687165
-0.422406829788458	0.236695706877833
0.0479364447408366	0.0241891330477726
-0.933929260638794	0.913928254492498
0.0585918553379603	0.0370192038447161
-0.0489013694262602	0.0266701962197787
0.852684638589434	0.546640068159778
-0.391594789884239	0.191438279351218
-0.568420162491824	0.350045818239286
0.211926139913565	0.113876387771514
1.21238000227573	0.971369902993594
0.0478757935477757	0.0241566119386645
0.852859024632958	0.546883761518186
0.178394582455224	0.0879597751455033
1.51274755477291	1.26322709321652
0.387537631223081	0.203721585062821
0.852778255844793	0.546757450411459
-1.94216123291022	1.50467513780192
0.546816875156251	0.399566848469562
0.399321690028494	0.293377910100217
-0.00477816764385727	0.00221449009969904
0.606905808623433	0.368049054219425
0.512720494873722	0.436496706680383
0.211956415974128	0.113885749261243
0.522334344578273	0.423865103654156
0.804043307590794	0.71233864047186
0.399185776221985	0.293205187254667
-0.172058927367155	0.10311081239665
-0.686749044698813	0.508320544769257
0.632160133035675	0.352652701983811
0.116172386524902	0.0680299304118524
-0.701931635787829	0.4711048335323
-0.260407914201451	0.131463826799335
0.398965812529665	0.261023979914902
-0.938971978520868	0.734455823851989
0.399135337315706	0.293206775102603
0.968763405945866	0.894851243166186
-0.701801990339726	0.470952990233888
0.674734387233532	0.730591999029455
-1.14280493815631	1.02084195360638
-0.167677774336158	0.0868939558902765
-1.44922643815521	1.34675809657747
-0.314776207125623	0.180364724263437
0.402989430804172	0.139588222045671
-1.13160407322127	0.867781212342318
0.0857298001699369	0.0467611300263588
-0.0488357677346139	0.0266327969000951
-0.358509316483428	0.229953272680103
0.250632505219279	0.155190304364966
0.264648760685908	0.174502860332008
-0.571618661584741	0.312525279780433
-0.422342376725643	0.236676559474934
0.0479061058216731	0.0241734985376833
0.163394799247274	0.108667158772753
0.398713891522661	0.276963185861334
-0.0487956030897302	0.0266078382724499
-0.76649467821567	0.663121538181514
-1.23423257128644	1.16970256472582
0.0290900259567636	0.0172511793350693
-0.100272097008652	0.0532968519829629
-1.0442948303691	0.874612671953292
-0.44972297108106	0.282664634540686
-0.449551847246755	0.28255524491248
-0.449210534169525	0.282000233908117
0.53312519403382	0.411026461301314
-0.358482443566859	0.22990725334661
0.0588218518828742	0.0371477807270161
3.02930210407034	4.9327648693613
0.398895517433152	0.277116160983013
-0.18415862804278	0.0789451749084822
-0.825232150203982	0.599654790054676
-0.825321423367854	0.599706575982585
0.845912760237026	0.71492320367444
-0.449551847246755	0.28255524491248
-0.167883164706142	0.0870145895376265
-1.40182403240361	1.05063874726015
0.398811843473839	0.277059701974975
-1.23442297805832	1.17075819927854
0.84596605132746	0.715188219408872
0.963507761145778	0.737129368422307
0.17856779616299	0.0880459181741458
0.632168963645606	0.352673317989728
-0.172012606087547	0.103077547099404
-0.487633965163832	0.372797634315868
0.398843860295895	0.276996755374862
0.715466063578997	0.720455500194939
1.21253157563892	0.971232920512448
0.398834155499902	0.260827743863624
-0.824786552776952	0.598859514527893
-2.38060556106765	1.46186003707845
-0.0789466320583325	0.0354412383139809
0.387537631223081	0.203721585062821
1.02246457856493	1.06689134986402
-0.877213265073092	0.577236204859608
-1.23438623230428	1.17057560991048
-0.766334235224492	0.663007552598854
0.211956415974128	0.113885749261243
0.898444264260743	0.723439633854202
0.178408925233274	0.0879707492156317
-0.17389514636938	0.117661309424927
0.631932759206064	0.352507886935394
-0.56851911765476	0.350145609039403
0.0479364447408366	0.0241891330477726
0.396262160673801	0.22638646126689
0.234299063326123	0.135610764338717
-0.471926829276133	0.328942702328004
-0.167715939625543	0.086928424290891
-0.38995717249119	0.276378670243734
1.61951136813654	1.66744175358691
-1.22577072812376	1.31984091312126
0.0477902660040493	0.0241097371861677
-0.449738456594333	0.282686420755686
0.399608988345412	0.309648467855412
0.0480050835828071	0.0242224684999677
-0.235158418201194	0.13785025037124
2.52393675843337	3.07768907726147
0.750898958716416	0.546360004087353
0.398941805303243	0.277111850128745
0.058232547685445	0.0367785892532176
0.750868604531952	0.54636055890442
-0.217386798813199	0.161055170874197
-0.422384984558512	0.236709053249403
-0.931934910682363	1.0913824036287
2.03524059168635	2.304569321595
-1.23444635902029	1.17064414704929
0.396089460373207	0.22625207081107
-0.889956812825115	0.758402852078309
0.250540046641692	0.155129683229478
-0.686605034259842	0.508064277585327
-0.235290503145764	0.137949646882033
0.178488280870952	0.0880114930246788
1.58595905822533	1.8241461318931
-0.285174180431765	0.18641825772864
0.116186636806352	0.0680532515196002
-0.877149112430242	0.577216000555005
-0.224229156975004	0.149175752312636
0.396284062791461	0.226395002349251
-0.0786392714965295	0.0352944119780959
-0.314936050194936	0.180496880170545
0.163628004413102	0.108832428913685
0.564324718997456	0.389655936649954
-0.00643587924542967	0.00359301632558093
0.234022345651087	0.135419850996738
0.564332334827496	0.389653895586746
-0.87719241026191	0.577211271023757
-0.568450605056492	0.350111713650879
-0.315012604577116	0.180519573244866
0.116321892006772	0.0681330650452862
-0.791908305713741	0.630579329942369
-0.00644961089764576	0.00360056110007621
-1.47884845413098	1.6475598085936
0.0855841566218966	0.0466768866551627
-0.0488491633688526	0.0266379092504318
-0.701862955864654	0.471051609861451
-1.40176007896768	1.05053093345221
-0.70190117287605	0.471095771394012
-0.56857990501294	0.350166387556922
-1.27064632211145	0.885370023376595
0.234276022721032	0.13556173235933
-0.577016417499633	0.434301298369839
0.546803549672268	0.399551531032605
0.0855841566218966	0.0466768866551627
-0.224150549673495	0.149100130154146
-1.3203457506315	1.32436371539339
0.211797232378301	0.113783323335555
0.0855841566218966	0.0466768866551627
0.546830196927245	0.399558804431895
-0.171779678942634	0.102924073883888
0.39891354314077	0.260897691895206
0.0479364447408366	0.0241891330477726
0.796714735389882	0.546405370933732
-0.00469223554792906	0.00217704265702508
0.399629756186755	0.245296505376421
-0.731943567101129	0.441217944876616
0.584858234011417	0.379956693850745
0.852859024632958	0.546883761518186
0.963401097638603	0.736897946780892
0.898346864870289	0.72334506195932
-1.12715469735633	0.724097661397232
0.796563367283465	0.546405439872833
-0.391464897288296	0.191238545795605
-0.788343745757691	0.414362328106443
1.6636969038813	1.51644247306866
0.0478981651999103	0.0241685434406286
0.750730708390523	0.546206964542419
-0.167921349798371	0.0870253071256986
-0.938998525441713	0.734414306613764
1.15484920414502	1.10912068986755
-0.391481666646295	0.191384943509599
-0.686683761512667	0.508174597084697
-0.358693947004867	0.230050693313241
0.0478598994186285	0.0241459676341155
-0.472084972467567	0.329086525090447
-0.358798278522501	0.230119212026181
0.711809675508547	0.546366920879928
1.36853232022508	1.363809344998
-0.00486435955028876	0.00225474722485634
-1.12668504630645	0.723641797428308
0.0615540730712499	0.0238263165776983
0.750937243272865	0.546463920727753
-0.184260968187063	0.0790176636787065
-0.00632898795488209	0.00353408767115909
-0.314913534863782	0.18049000784073
-0.0490728158822873	0.0267618346413515
0.533074224432527	0.410820481124023
-0.285030319307596	0.186329206529657
0.89855680157022	0.723072032121833
-0.39019504068087	0.276453032715703
-0.167836967380875	0.0869726170528385
-0.172021587424904	0.103087776800566
-0.573240926487898	0.392222681911879
1.52772243101706	1.06654333577132
-1.4018007776737	1.0507394544735
0.963499842446657	0.736981665988245
-0.100524984420176	0.0534573894442428
0.546935005269843	0.39953482099376
-1.27072298147689	0.885399734353617
0.564511712489085	0.38970946004061
0.116368199676192	0.0681703696479722
-0.0487702312480759	0.0265925698568664
0.141999791938549	0.0888227103233252
0.396068108708119	0.226269963646636
-0.184393374089649	0.0790787932600563
0.250579140813568	0.1551468753094
-0.119359254656873	0.0729448682063679
1.03230116897854	0.911423629192629
-0.0092989972767643	0.00670311626724545
-1.00952368242225	0.719592912783372
0.71182270436237	0.546419306318742
-1.24519154070041	1.02240393492908
-0.422277491765285	0.236577437285146
-0.224258052383295	0.149194322465968
-1.44914801393284	1.34662983469792
0.564145183307959	0.389473891906218
-0.674792889721164	0.545690657241514
-0.00818551931871176	0.00527638130083001
0.276554597821924	0.193442752888539
-0.472033637882765	0.32898027204842
0.522494886277939	0.42392561650573
0.53323209335637	0.411160796994751
-0.171975261730541	0.103067661326467
-0.877084922463205	0.577091573709713
1.14990698215722	0.773998601930091
0.396154024889711	0.226290818605055
-0.391716070497778	0.191515317219743
-0.167693368413642	0.0868997512133413
-0.825329265417905	0.599645011435276
-0.701916480868463	0.470840918920392
-0.00460590115827881	0.00213630146959521
0.399665633163718	0.340749110635585
0.398820720900162	0.277025474674033
-0.26554880296696	0.194126969543783
-0.766361533159932	0.663054207629342
-0.217496910387678	0.16115931261989
-0.576919265114257	0.434242823481618
0.163438542313277	0.108699687883226
-2.54164992977452	1.7067351686568
-0.702068994582289	0.470886155986589
0.6563136995897	0.556790487890074
0.264839243230254	0.174643300198965
-1.55205133459331	1.81489187811617
0.399441211531121	0.309440121880816
-0.852626121428237	0.785899865880792
0.512657310397779	0.4363802026596
-0.48773985319078	0.372891051623747
-0.224152177817575	0.149071758106188
-0.665603729990943	0.58376226588378
-1.00946265936106	0.719458642516027
-0.573003554697925	0.392024760025173
-0.131323497584907	0.0902285493862359
-0.56850361312045	0.350137185021699
-0.235409159682121	0.13803600571538
-0.119678716732112	0.073154203987277
0.715511150514848	0.720468393435574
0.803908700644487	0.712145574984858
-0.422406829788458	0.236695706877833
-1.9311539725058	1.94650446642513
-0.686814392821566	0.508383460359442
-0.100517289863626	0.0534489339909363
-0.674870186577283	0.545529022056414
-0.260422454505934	0.131473076198748
0.387592918851795	0.203717843721853
0.656447005613635	0.556851119320473
0.116391353791918	0.0681832637592717
-0.389874139570632	0.276080518298098
-0.938985249993604	0.734486826092846
0.211926139913565	0.113876387771514
2.23909097523392	1.77945514725035
-0.471978146574559	0.32890563973062
-0.235462187373492	0.138072780517714
-0.510427708774961	0.457907554625565
-0.284909796442049	0.186208505440676
0.39969644326791	0.309643485335372
0.764809448292814	0.331596623912213
-0.100555870222987	0.0534465396651731
-0.00484279931117502	0.00224682304483335
0.56422737419145	0.389555636326398
-0.172058927367155	0.10311081239665
0.399452705761677	0.245117872994277
0.656474191422756	0.55679220859136
0.0478951238309963	0.0241632634006464
-0.981372406947405	0.891057998572292
0.141999791938549	0.0888227103233252
0.396111062600139	0.226300322457463
0.25069825731129	0.155248653610278
0.181551804261509	0.127792825572201
0.399535611406082	0.245209094708849
0.234388667047457	0.135655805195531
0.602173016759514	0.582718343048444
-0.00853368886442486	0.00549819834189379
0.276581864658763	0.193470468193327
0.712020782542115	0.546569081267276
-0.766440085400675	0.663088444368722
-0.0397061550113474	0.0251764377498531
0.485739888112208	0.487224776786363
0.0856102865405148	0.0466836802412313
-0.00664012457361048	0.00370465466943885
0.286336896081456	0.21151127551838
0.917385739851407	0.884686342578039
0.104656599253808	0.0739448460377965
0.276796941291221	0.193560432011457
-0.897061087004733	0.939233195947751
-1.13159638241731	0.867557605747178
0.0636331749333151	0.0473431670140187
-0.0488223758110372	0.0266260448981406
-1.01113506903312	1.04692897665662
0.234209408113983	0.135557017197127
0.0857298001699369	0.0467611300263588
-0.568549525224171	0.350166151783107
-1.23442297805832	1.17075819927854
0.533269183355893	0.41120691108276
0.0615829893731542	0.0238409326210027
-0.568511406865005	0.350173903370174
-0.0487300164360545	0.0265724014795389
0.276554597821924	0.193442752888539
-1.22086040223747	1.47085501275006
1.01580433945138	1.22343107106307
-0.732164882482102	0.732956068850818
-1.29919273920262	1.47230001629076
0.806846009944997	0.875696225464736
-0.348128006348256	0.32012388407235
0.0289552406293329	0.0171693793902521
0.294649024931363	0.229126736383415
-0.31487529078185	0.180469531977314
-0.167913421135379	0.0870179199793379
-1.00955415243895	0.719594277702576
-1.27072298147689	0.885399734353617
-0.579018048486102	0.267409454362904
0.264477213375641	0.174370334435578
-0.571624596727463	0.31249828110112
0.0290354800723843	0.0172179111621941
-1.27024544152892	0.884504115044886
-0.119545471464112	0.0730778713492053
-1.14897776327771	1.17261692411578
-1.0442162758538	0.87438666757598
-1.32061027118199	1.32511225206066
-1.52283520394249	1.22073671253041
-0.933929260638794	0.913928254492498
-0.390116190617883	0.276471622817521
-0.389928558046828	0.276305926072166
-0.791968693252402	0.630667165648645
-0.391481666646295	0.191384943509599
0.917387016073702	0.884568233999964
-0.674873072019471	0.545745098121915
-1.40204985707854	1.48398724095842
-1.1485345567412	1.17141186347811
0.497303000936201	0.461850728353355
-0.449462493686468	0.282465667764756
-0.939090751183409	0.734241533691457
0.116321892006772	0.0681330650452862
-0.967920770914226	0.56691647468837
0.0583395005806904	0.036852126768332
-0.00473520578037929	0.00219591531042473
-0.11951965129848	0.073057555006467
-0.0487568225975182	0.0265874476193196
0.606826204302058	0.368017845521227
0.234388667047457	0.135655805195531
-0.00460590115827881	0.00213630146959521
0.656421133503691	0.556766590777846
0.522334344578273	0.423865103654156
0.602455676436949	0.582890420160831
-1.22623245780931	1.32059475945658
0.116261385167052	0.0680970995288913
0.0289326517762757	0.0171551334141549
-0.00844394019625501	0.0054410827867448
0.694036883926888	0.725262645717043
-0.0489147483452937	0.0266769411251259
-0.0759901648345779	0.0473452882734231
1.24602091570567	1.14562661712368
0.387537631223081	0.203721585062821
-0.358601625161616	0.230018412531975
-0.0786522619879239	0.0353023758590265
0.399053908998782	0.277039218921765
-0.00618510044222093	0.00345394078933794
-1.51140958843186	0.927490892016474
1.24599073942208	1.14585313470885
0.0481041015804388	0.0242638655950481
0.399438087502248	0.24508360369272
-0.31487529078185	0.180469531977314
-1.12703244414615	0.724105062479207
-1.04438698797144	0.874823359724042
-0.791945482047303	0.630661225316363
-0.0488223758110372	0.0266260448981406
-0.119465260841818	0.0730241295804546
0.398886369625052	0.260953947356794
-0.389904182000159	0.276324804610237
0.674856322352999	0.730973069548694
-0.100548132647953	0.0534597278788284
-1.284183340802	1.61929283945027
-0.078334533109896	0.0604829341481614
1.0817754508413	1.08353682191244
-0.648453406768735	0.696391400359992
-1.9314158658156	1.94636153939579
0.838360729437366	0.876949959289591
-0.322181024893116	0.23204661658807
0.16368840991316	0.108838711145048
-0.285090593703859	0.186376827935707
0.141998448683475	0.0888256576774279
0.029009781927305	0.0172044213737388
0.522334344578273	0.423865103654156
-0.0065935539137356	0.00367940017156973
0.0289856450192817	0.0171876033787954
0.0422441790039478	0.0299334660534715
1.09684612039351	1.40741727918137
0.968763405945866	0.894851243166186
-0.352019872466604	0.276711013413076
0.0856766271852479	0.0467288268596743
0.058676847590958	0.0370693788905926
0.276793808480582	0.193586951858949
-1.44931854075231	1.3467404647264
-0.171793801836589	0.102951867486592
0.399080971909257	0.293155310902524
-0.0489147483452937	0.0266769411251259
0.968884527301377	0.894748372952573
-1.24535364644926	1.02190078561831
0.396025163192264	0.226199778623561
0.681073955458979	0.550371904052352
0.365902525614416	0.150379543777498
0.606934254365584	0.368046449019147
0.399188400393345	0.293278030550534
2.4196904995124	2.78496177264506
-0.472001332696941	0.328991717662355
-0.487608320482119	0.37274814708529
-0.938985249993604	0.734486826092846
-0.572977137866887	0.392068629563688
0.512951075410827	0.436721582636296
-0.472047704335293	0.329071112036136
1.36853232022508	1.363809344998
-0.981558452761994	0.891351129934286
-0.358667111251907	0.23008064430689
0.0857690839630121	0.0467755813981377
1.26776945609522	1.31644181728237
1.30828058556476	0.797430473384385
-0.358482443566859	0.22990725334661
-0.235158418201194	0.13785025037124
-0.56850361312045	0.350137185021699
0.116391353791918	0.0681832637592717
0.564347534065063	0.38957052261631
0.398886369625052	0.260953947356794
-0.825313591982397	0.599686009158765
-0.171854279210956	0.102994903376511
-1.63522972023997	1.39563734551123
0.0479972024740841	0.0242164984656391
-0.314913534863782	0.18049000784073
-0.877298087015138	0.577068484962905
0.0479285507635982	0.0241829353640545
-0.00484279931117502	0.00224682304483335
0.796412832540613	0.54632387049216
-1.00962268959251	0.719542660462454
-5.03424966418587	2.85015029555839
1.15002045869346	0.774163935987156
-0.327335550717987	0.129625546394617
-0.327440587999834	0.129669435996948
1.11255900834009	0.937756926523111
-0.658770547093086	0.622236320719878
1.47077335719175	1.75615660792982
0.399535611406082	0.245209094708849
-0.85258218567443	0.785881930049397
0.845900177389557	0.715055557737215
0.398899413000892	0.260942508796847
0.671610898104777	0.334894991105506
-1.12703758998166	0.724067663560919
-0.0760120659596625	0.0473565155075544
-1.00950807744836	0.71906994013096
-0.38995717249119	0.276378670243734
-0.314897752349974	0.180460386792066
-0.877084922463205	0.577091573709713
-0.184505553212383	0.0791373504854963
-0.31487529078185	0.180469531977314
-0.314982198182125	0.180510673545541
0.12908973581767	0.0573229047507517
-1.12714961438317	0.724193919652426
0.399369684150595	0.244987198440196
-0.131278473770528	0.0902076171710122
-0.686722096742145	0.508273973989328
-0.358680527282511	0.230076669085373
0.396197438898127	0.226365511940548
-0.87719241026191	0.577211271023757
1.15025638771776	0.774418861125706
-0.0789466320583325	0.0354412383139809
-0.472010450119347	0.329013950089207
-1.00946265936106	0.719458642516027
-0.422341841578886	0.236653826502526
1.30829511341016	0.797784880803241
-0.581469232011708	0.51625422905222
-0.568511406865005	0.350173903370174
0.584789793668832	0.379972034303177
-0.852182539472499	0.784925801626549
-0.471973209885596	0.328908328843995
-0.422362980610067	0.236625102937512
-0.877020695133298	0.576798736351056
-0.579047233084989	0.267435837190726
0.928880311944051	0.545314341145758
-0.51764708606635	0.178953973086848
1.36212176168975	1.19709085061033
-0.260579855127371	0.131555960501043
-0.449462493686468	0.282465667764756
-0.571737584667295	0.312608565413617
-1.51162895510891	0.92774969099266
-0.76649467821567	0.663121538181514
0.387431007706947	0.203668807909657
-0.0490728158822873	0.0267618346413515
0.399583478821329	0.245237435874431
-0.825053757516349	0.59945569070679
-0.119651523577888	0.0731394835730531
-0.472122254448979	0.329060173996601
-0.322455400598742	0.232188736708391
-1.13148172493174	0.867583831883534
-0.939090751183409	0.734241533691457
0.71559735481078	0.720525053664774
0.533171724953987	0.411076621770173
1.04442439792067	0.754229357853164
0.163501719768619	0.108748360137995
-0.235528417687142	0.138093242377677
0.0616700182489409	0.0238789606093496
0.656312403674297	0.556815343915179
-0.877128198496476	0.577191008258668
0.963592277608293	0.737012836381491
-0.848034357080434	0.353432748047731
-0.00486435955028876	0.00225474722485634
-0.573122228556241	0.392182120784472
0.617633949705955	0.573627105982473
0.399452705761677	0.245117872994277
0.51307994987205	0.436697447136351
-0.487632324172963	0.372729702384032
-0.139873416571413	0.106035569193714
-0.358495878177703	0.22993924642698
1.79940981414853	1.7753845179916
1.61921927158841	1.66840432921933
-0.235237583424851	0.13791980571296
-1.00966077046649	0.719307892669355
0.740560803151772	0.71627431722046
-0.235224426170279	0.137909137164948
-0.0489147483452937	0.0266769411251259
-0.981558452761994	0.891351129934286
0.398728165319106	0.276971181700825
0.264634988622785	0.174528423682581
-0.172035766830778	0.103097356983146
-1.13161168414825	0.867789638280916
-0.167860712017752	0.0870028481663323
-0.686512824090886	0.507986633485621
0.963409078782663	0.736933842807329
0.276610672067615	0.193443289170944
0.196378171641779	0.145605099377729
-1.14262392140449	1.02071657436321
0.963340630889566	0.736608498678328
0.399628567246371	0.325392173064836
-1.23442297805832	1.17075819927854
0.0835075465371211	0.055929965895347
0.874713866550428	0.879621645016318
0.221554871682995	0.180596168149768
1.26777826938512	1.31689238990432
-0.0490728158822873	0.0267618346413515
0.968521053359553	0.894074975477482
-0.075883242399936	0.047275522636925
0.917411636143412	0.88466355355712
1.37656214784254	1.70472227224612
0.874694274441782	0.87946409221883
0.711902189597772	0.546539513612059
-0.322370359561	0.232160877333793
0.17856779616299	0.0880459181741458
-0.747028489705835	0.697635563753618
0.399080971909257	0.293155310902524
0.522361610077758	0.423873731893028
-0.824276944220782	0.816610642593843
-0.674898840923898	0.545790922920221
-0.0487702312480759	0.0265925698568664
-0.173771987292809	0.117563128560795
0.196439582011284	0.145665671305679
0.39934784930913	0.244961382807216
-0.573373081278194	0.392297725227856
-1.83895693918661	1.75894589154175
0.372715621940169	0.176108968034927
0.128635112134114	0.0570972382496525
-0.0787328393819667	0.0353418953097744
0.0479207371196704	0.0241733713806623
0.963554013368603	0.737102462140653
-0.00653322317101659	0.0036465042430468
1.03230116897854	0.911423629192629
-0.701870683447116	0.471060482975925
0.399134034293624	0.293226555893517
0.181334204038304	0.127634841216278
0.796649935663657	0.546481330595372
0.128975937783999	0.0572771124689474
-0.1718633119952	0.102970008030611
-0.686578027159609	0.508127690026033
-0.00657979808016496	0.00367176203867503
1.08204025772391	1.08405931812681
-0.171672874969225	0.102850188008038
0.142158877408837	0.0889187387226178
-0.96756774822069	0.566259034919588
0.0480130451548229	0.024225429664649
0.128731299422086	0.0571633654848292
-0.31484487118018	0.180441066493249
0.533185558195406	0.411110623257971
1.18713908555955	1.28241854695205
0.0858484266526765	0.04681806473566
-0.825127181183508	0.599448766878507
0.6355202846843	0.564836165632304
0.0858484266526765	0.04681806473566
0.564257720096497	0.38949350224345
0.178250692646318	0.087868903847657
0.398860270688586	0.260928559216684
-0.766359856860222	0.662954716710527
-0.0759682684831344	0.0473317038327201
-0.322266028375118	0.232102188709418
-0.119360655922449	0.072933055218904
-0.449462493686468	0.282465667764756
-0.701870683447116	0.471060482975925
-0.933637214716652	0.913023346162497
-0.00494975748684877	0.00229634065531549
-0.939050965893036	0.734553872901206
-0.00647290097493442	0.00361346614744142
0.584789793668832	0.379972034303177
0.512676710615349	0.436447155868463
-0.048928130971809	0.0266820435245928
-0.314913534863782	0.18049000784073
1.34298968142901	1.01511461811393
1.05647634350404	0.549821521222389
1.36842677184877	1.3635891291235
0.234322006866863	0.135573714301509
0.584705454785635	0.379865393865165
0.372715621940169	0.176108968034927
-0.260515813735499	0.131513276350311
-0.686643295235763	0.50818911175335
0.606746759712527	0.367950501034703
-0.260422454505934	0.131473076198748
1.04414268055801	0.753692589766769
-0.224258052383295	0.149194322465968
-0.167723743572673	0.0869307434564531
0.398886369625052	0.260953947356794
0.564339939851966	0.389626426333852
-1.14891173655776	1.17265415072568
0.853046680452927	0.54697101885335
-0.732441051582771	0.44151093634167
1.12034598634667	1.25772942326586
0.399869767272475	0.385318945368857
-0.0487166189222014	0.0265624773793382
-1.06767495064489	1.0295945475418
0.533362264808942	0.411119416279117
-0.167792228123067	0.0869736387408147
-0.167891044836085	0.0870165131143139
-1.0675179913994	1.02948100786859
0.0857298001699369	0.0467611300263588
-0.171807943033785	0.102948482806925
-2.68337040217871	1.93990484390555
-0.260249986440471	0.131363174492885
-0.0785715154224317	0.0352603267586224
-0.260329029925159	0.131417764875266
0.0859014915634962	0.0468510187878195
-1.12726658129117	0.724223760675267
0.163394799247274	0.108667158772753
0.398939685964909	0.260998562871579
0.968587204981539	0.894322138439895
0.399589521954357	0.309615387563153
0.601994664430006	0.582376910401139
-0.49998951212592	0.415758750629525
1.08195662259747	1.08406505818642
-0.487688538815458	0.372809546750251
0.898511215036685	0.72345451589888
0.656498730466398	0.556788558096789
1.47061157231704	1.75597075940269
-0.167806752329096	0.0869693039478201
0.398727371848631	0.26076361504835
-0.933888438208591	0.913869462420194
-0.0756089975079715	0.0470774443519744
0.39927558823212	0.340363933062622
-0.176098300794053	0.13206066315773
0.163628004413102	0.108832428913685
-1.8391414122168	1.75880164015421
-0.414045673528618	0.321172019975283
-0.472033637882765	0.32898027204842
-0.766335915718494	0.662959083307172
0.0857298001699369	0.0467611300263588
1.2460805514049	1.14608745729724
0.968647767407082	0.894397866217944
-0.701931635787829	0.4711048335323
0.387674128724723	0.203688755128504
-0.801859699900332	0.847909068158459
0.181157440521945	0.127464634217304
-0.352040492772184	0.276727993449681
-0.957505790491774	1.23738058036974
0.398873322187915	0.260949289938167
0.276636404460945	0.193497311214723
-1.14878591618755	1.17245072591068
-0.732021846522536	0.441299012127764
0.128862234571198	0.0572251923644326
0.399085307374028	0.261049706921744
-0.792080298783546	0.630530345816743
0.852939962809722	0.546934303038246
-0.171793801836589	0.102951867486592
-1.11423834940659	0.540537025048118
0.606905808623433	0.368049054219425
-0.00477832280722481	0.00221735527016294
-0.568442908073705	0.35011647403505
0.399567666730592	0.309608506043698
-0.16779871935084	0.086938103093171
-0.449738456594333	0.282686420755686
0.0480354557534122	0.0242354399961968
1.52794721558097	1.06684388833972
-0.314867405965761	0.180451526135702
0.0857559934226779	0.0467736506521512
0.0479364447408366	0.0241891330477726
1.11246149016777	0.937645880867221
-0.674714181318261	0.545486301742271
-0.8250300816914	0.599077774240489
-0.285090593703859	0.186376827935707
-0.285030319307596	0.186329206529657
-0.889813078580762	0.758273976852272
0.0480130451548229	0.024225429664649
-1.24536955145459	1.02249125178531
0.972572873774472	1.05493472482154
1.12407159876521	1.57566971878517
0.250540046641692	0.155129683229478
-1.5521141031271	1.81490690372053
-1.29904895416471	1.471859588863
-0.0491652464123126	0.0268075543086698
0.301370746037624	0.245605718262486
1.3083675193827	0.797791482115468
1.51240256295862	1.26195140214666
0.141999791938549	0.0888227103233252
-0.938958711023036	0.734322134192378
-1.35110006155101	1.1819510549587
0.264802209253012	0.174630751522979
1.48114238203343	1.58976578033566
-0.701939376185849	0.471077472243728
0.928757462515204	0.545183921949788
0.0854655456346435	0.0465950517110108
0.0584026231420108	0.0368958685761365
0.211956415974128	0.113885749261243
0.396219281155119	0.226374014114269
0.898518839798478	0.723517076998338
-0.321800022324764	0.231554733224982
0.853033866383466	0.547002647083637
0.116284536468204	0.0681178066573984
1.0819798819994	1.08407267577228
0.286627746217097	0.211766247959133
0.250632505219279	0.155190304364966
1.24609570894549	1.14612220009606
-0.701862955864654	0.471051609861451
-1.13158109042507	0.867766686637026
0.399652120253719	0.245289401469063
0.128739954381237	0.0571706971446716
0.211857686193715	0.113839275081236
-0.576932844960716	0.434134193845627
-0.235171593301652	0.137850724253849
0.276554597821924	0.193442752888539
1.15478337718406	1.10910215926925
0.712047977779181	0.546600633082636
0.750918451769797	0.546500400749536
0.846031860202732	0.71521854127108
-0.701847768714309	0.470882504514928
-1.66977528703673	1.12111994742345
-1.23426600471282	1.17027761559353
-1.14241973593233	1.02007945476379
0.398873322187915	0.260949289938167
0.116353991523378	0.0681564763741826
-0.390061785551925	0.276414705453124
-0.0488357677346139	0.0266327969000951
-0.422449318801549	0.236728116220036
0.0290643313532979	0.0172360612881144
-0.583662543927581	0.556542009153563
-1.44897758015289	1.34597535549695
0.25069825731129	0.155248653610278
-0.573148582352656	0.392220049465515
-0.00637557637037879	0.00355970996600095
0.250750575245472	0.155274432661127
-0.701824725138337	0.470945497752617
0.399240135763075	0.293323481760192
-0.44947814360217	0.282431103264722
-0.235303642562071	0.137970517714117
0.0856766271852479	0.0467288268596743
-0.577012578914613	0.434069402372536
0.142077308944848	0.0888624360218098
-0.701931635787829	0.4711048335323
-0.933888438208591	0.913869462420194
0.972444040853026	1.05487896115819
-0.747050569179035	0.697518286845058
-1.13145107187289	0.867391659084884
0.769626042733507	0.713071516733049
-0.100338222506225	0.053341678800295
-0.322032975668386	0.231903465341743
-0.167715939625543	0.086928424290891
-0.577063067083383	0.43440075790853
0.128739954381237	0.0571706971446716
0.128739954381237	0.0571706971446716
-0.568442908073705	0.35011647403505
0.631932759206064	0.352507886935394
0.25069825731129	0.155248653610278
-0.17191476584973	0.103033463272345
-0.413856609751681	0.32103831463558
0.398806439101742	0.276876592690764
0.396111062600139	0.226300322457463
-0.00866762541139504	0.00285038216826518
0.365902024574029	0.150387445991254
0.681050825914096	0.550390686111211
-0.100809177603537	0.0536037457387776
-1.24511870054196	1.0218168813678
0.963447321374807	0.737010024602681
0.276556128649085	0.193436235303888
-1.70893023794094	1.86291507670085
-0.352057526282818	0.276524811924904
-0.167761860218221	0.0869497148664064
-0.171998424677568	0.10308111895244
0.0288508268156486	0.017108910813176
-0.576956172384241	0.434247580911962
0.584751571128831	0.379962887188801
-0.889993670971758	0.758410478909053
-0.167852880383599	0.0870058064419345
-0.579359558285776	0.475463311637417
-0.0488879942131119	0.0266619172719185
-0.358495878177703	0.22993924642698
0.116345045748615	0.0681537780773569
-0.390116190617883	0.276471622817521
0.398774442714311	0.277029786852801
0.234419332604786	0.13556948744203
0.0480737227852809	0.0242527501457159
-0.235250744723944	0.137920266673397
-0.0488089875965929	0.0266177615123385
-1.0095768799932	0.719341383679869
-1.23448311547034	1.17077474119754
0.750662199786763	0.545975134251731
0.0832450744155917	0.0557366860367915
-0.825061670752121	0.599394220982401
0.211857686193715	0.113839275081236
-0.471880447909488	0.328863331156295
-0.568602401021607	0.350107625107656
-0.0627630293782538	0.0442867975374733
-0.314989981860904	0.180456775897979
-1.23450649431983	1.17066069656251
1.21180922779395	1.456684008713
-0.939077485445265	0.734512322363123
-0.00866762541139504	0.00285038216826518
0.399362417223057	0.244995586394772
-0.235369770675652	0.138004043591348
-0.788101962939554	0.414130609919789
0.211926139913565	0.113876387771514
0.372950968880263	0.176251163954604
-0.701870683447116	0.471060482975925
-0.571624596727463	0.31249828110112
-0.877213265073092	0.577236204859608
0.0480130451548229	0.024225429664649
0.564511712489085	0.38970946004061
-0.413856609751681	0.32103831463558
0.547001762815925	0.399617013866294
-1.83903631835913	1.75922356403428
0.963439305415341	0.737033359814109
0.0857428988252296	0.0467687674262433
-0.314905683790335	0.180488007236133
0.0858222138874829	0.0468112400675287
0.845952734120206	0.715189374908091
-1.01104892519336	1.04670851481839
1.11255166293503	0.937740334633732
0.17856779616299	0.0880459181741458
0.853033866383466	0.547002647083637
-0.56850361312045	0.350137185021699
-0.358495878177703	0.22993924642698
-0.358653698911515	0.230066631527229
0.398806889390494	0.260867793545225
1.36206119919618	1.1970941656282
-1.04470164881043	0.875080672215587
-0.934058258791843	0.913876341257033
0.963409078782663	0.736933842807329
0.7698381532818	0.713438718841988
0.96861032987998	0.894530621309699
-1.35082355811961	1.18222589649286
-1.06754529803915	1.02935372906116
-0.314814424996404	0.18040114856928
-0.449649024133895	0.282626986880979
-0.171696050116023	0.102863648758974
-1.24518353573094	1.02226916355506
0.396003500216528	0.22619139160627
-1.24501373386669	1.02209610358304
0.27644858156017	0.19332892779995
-1.51117398792917	0.92735653097427
1.24599073942208	1.14585313470885
0.286441304904925	0.211652348109424
0.398774442714311	0.277029786852801
-0.422449925713195	0.236621569800395
0.178221803522451	0.087859016655947
0.211948576329243	0.113865296765307
0.7964775407151	0.546436206750712
0.250553369184273	0.155126774488292
0.11605666529731	0.0679445387082635
-0.581706916550235	0.516552765117265
-0.389851199294465	0.276258673020716
0.142051476455936	0.0888577884553235
0.398607063386386	0.276821936720652
0.276528860013888	0.193418045680985
0.116345045748615	0.0681537780773569
-0.10062225280412	0.0535115969827204
-0.100338222506225	0.053341678800295
0.398737028107333	0.276969072845267
0.751013853753835	0.54655060088885
0.0478678062535957	0.0241529007811321
-0.572819021505573	0.391827856235246
0.796391115232239	0.546294317805983
-0.877213265073092	0.577236204859608
-0.57208742748561	0.312754566699712
1.36216788507174	1.197393867706
-0.939209052150764	0.734638357608288
-1.52266720448533	1.22056025209671
-0.665418057279529	0.583588716949427
0.0290082101700786	0.0171999121963372
0.546737724120211	0.399480929625377
0.276607594746272	0.193486442141265
-0.224495591706642	0.149371318920318
0.0857298001699369	0.0467611300263588
0.83312609444212	1.03281126187315
-0.825321423367854	0.599706575982585
0.387431007706947	0.203668807909657
-0.0489937644034561	0.0267199564240236
0.234127312196873	0.135493151380613
0.0856102865405148	0.0466836802412313
-0.167784410327834	0.086973154849
0.39871435201781	0.260758980227525
0.0856373726497179	0.0467057526082143
0.264514299081248	0.17441956112755
1.36838646618932	1.36382581239861
0.0288780997559482	0.0171251235675729
-0.314943947858019	0.180508496860338
0.399294503275736	0.293374967381293
0.399805322374084	0.245305396889414
-0.167715939625543	0.086928424290891
0.387255709282983	0.203530837713989
1.2849545171453	1.48988775933262
-1.13154295188984	0.867783868580836
0.399644981936643	0.340756543598102
-0.579233535502349	0.475321044301583
-0.390035974921079	0.276433097301495
-0.235409159682121	0.13803600571538
0.163479839725159	0.108734620174476
-0.766361533159932	0.663054207629342
-0.939209052150764	0.734638357608288
-0.167754090883061	0.0869546539632337
-0.00653322317101659	0.0036465042430468
0.234037530116601	0.135423779769217
-0.358838437756147	0.230161188232916
0.0478903049748244	0.0241603677989813
0.250658189413967	0.155202280541469
-0.573214592148753	0.392266645889591
0.128853508420719	0.0572225471771537
0.264370305976274	0.174245141869526
0.0856504615516148	0.0467163223346054
-0.167852880383599	0.0870058064419345
-0.171816972074702	0.102965328684015
0.399690400102612	0.24532046887855
-0.0785715154224317	0.0352603267586224
-0.10062225280412	0.0535115969827204
1.24628288486729	1.14608617026441
1.52748833786459	1.066126190345
0.399497104185646	0.325254990433101
-0.732300657555277	0.441384704650949
0.398797581707142	0.277035673986689
-0.686708628261626	0.508166632881355
0.0480816714797298	0.0242551139833624
-0.119571298130348	0.0730913852716358
0.286441304904925	0.211652348109424
0.116353991523378	0.0681564763741826
-0.358640290259768	0.230034639766072
0.128391367175165	0.0569839724059529
0.631810563958237	0.352386442821737
0.584675168308242	0.379860425930649
1.34325841596248	1.0150461797237
-0.951768045880078	0.27264192625531
-2.19255723702801	1.21048047914659
0.584773922216367	0.379896911238035
-0.0487300164360545	0.0265724014795389
0.0854786109845643	0.0466093321343159
0.546566029400145	0.399212398420784
0.0584657231335231	0.036938288303298
0.398860270688586	0.260928559216684
-0.686656780325162	0.508238057982816
-0.260264417486449	0.131354868014329
-0.825061670752121	0.599394220982401
0.0836592743991879	0.0560270195691225
0.631810563958237	0.352386442821737
0.533269183355893	0.41120691108276
0.234014737217533	0.135404415420104
0.234142501317207	0.135458364119933
0.656311106586147	0.556683539931037
-0.732129713916639	0.441387161072424
-0.00475680929605525	0.00220672361861251
-0.572963935477394	0.392030574725598
-0.449656806802103	0.282594576641388
-0.00469223554792906	0.00217704265702508
0.606573930730702	0.367747138860669
0.584781816253386	0.379967818774411
-0.472047704335293	0.329071112036136
0.396132754922445	0.226326677718278
0.058399910005269	0.0368930739841914
0.606746759712527	0.367950501034703
-0.449909775073669	0.28276271969984
-0.260515813735499	0.131513276350311
-0.686656780325162	0.508238057982816
0.796434076670658	0.546311995607716
-0.00464881905447431	0.0021552090576274
-1.22587415147617	1.32018118860644
-0.0393776134712881	0.024972610225115
0.396241213616493	0.226364630623662
0.0617136769175722	0.0238943545769967
0.398728165319106	0.276971181700825
-0.422256203593566	0.236584739055081
0.0619751669558327	0.0239821025899961
0.546737724120211	0.399480929625377
1.51282686969678	1.26314411001886
-0.167738302724452	0.0869260433210468
0.399660064812808	0.245317382260872
0.211926139913565	0.113876387771514
-2.27762192138925	2.09388482008733
-0.0788332563552394	0.0353882174785728
-0.472047704335293	0.329071112036136
0.212032786642904	0.113899009719921
0.234022345651087	0.135419850996738
1.11236395675142	0.937365047108194
0.8040759902406	0.71233853678782
0.504547822237449	0.449348903948955
-0.389822567124657	0.276209731907798
-0.449641252180695	0.282629245641421
-0.571963286722402	0.312637127021938
0.898256993301542	0.723151630240779
0.398939685964909	0.260998562871579
0.845807667058939	0.714953390541008
-0.788464314880281	0.414424326723021
-0.572819021505573	0.391827856235246
-0.358811661251362	0.230151188866686
-0.571856302171083	0.312667878337296
-0.18438336931455	0.0790808605857554
0.387874993216381	0.203847604957289
-0.571618661584741	0.312525279780433
-1.00951606416	0.719470647168065
-0.889873267452747	0.758353213221804
-2.55484370232032	2.71373132615802
0.0479364447408366	0.0241891330477726
-0.579422604835936	0.475506520812133
0.0582518246252664	0.0367882020521343
-0.981556962163181	0.891256539139616
-0.487659615823777	0.372805015575226
-0.28518786639213	0.186434024764144
-0.119546843544292	0.0730678346020511
-0.119438062625368	0.07300144384376
0.0856635463965309	0.0467239502969187
0.116368199676192	0.0681703696479722
-0.701801990339726	0.470952990233888
-0.376184178106449	0.319890001238324
0.606761084387309	0.367905172141757
0.0859146137953314	0.0468559151956241
-0.825061670752121	0.599394220982401
-0.100645361637977	0.0534959256028132
-0.358588196149511	0.23002237558786
0.128391367175165	0.0569839724059529
0.264672040453276	0.174541981042422
-0.939406908185407	0.734251152616582
-0.260407914201451	0.131463826799335
0.49743608921509	0.461910084356829
-0.939037712077882	0.734420173128497
-0.422406829788458	0.236695706877833
-1.40186461371808	1.05084714160718
-1.44947553923596	1.34666902588091
-0.825135049387965	0.599550836734038
0.656232162279828	0.556691762056095
-1.32053011098692	1.32480386849696
-0.487794425801085	0.372902959991203
-0.29877351514744	0.237589613695921
-0.119544100623782	0.0730686929218244
0.937843283171492	1.20143603499552
0.522387352151361	0.423910040361166
-0.298580189616581	0.237265599762505
-0.422341841578886	0.236653826502526
-0.766520318870356	0.663134379752832
-0.173982954598215	0.117708458388327
0.546803549672268	0.399551531032605
0.85276529812906	0.546766261298029
0.522040458358552	0.42328771532372
0.17876977044358	0.0881105934240855
0.606826204302058	0.368017845521227
1.15024769582178	0.774274178577378
-0.571518586146758	0.312432773778368
-0.792005881270846	0.630719515069575
0.75093310637041	0.546451336382571
0.0854786109845643	0.0466093321343159
-0.298972855797397	0.237791115055507
-0.0391395919086667	0.0248122138353417
-0.351937440572644	0.276470600660705
-1.04438698797144	0.874823359724042
0.307482314197295	0.261991389648854
0.606826204302058	0.368017845521227
0.0289583677449382	0.0171730144127463
0.750647696275499	0.546024271228124
-0.391603095504156	0.191462066890932
0.128853508420719	0.0572225471771537
-0.449641252180695	0.282629245641421
-0.701947036572414	0.470904281816488
0.37294067854689	0.176245525558977
-1.27049253342463	0.885127265289124
-1.27047713945773	0.885153560442061
0.276930178309672	0.193568368163552
-0.315021751967628	0.180499788738142
0.968740277837925	0.894867219943855
0.617420418757346	0.573141206657622
-0.824778579016601	0.598838855860113
-0.852434235979929	0.785621130114425
0.264681545443047	0.174556420254131
0.963554013368603	0.737102462140653
1.18697857224156	1.28235240942454
-0.422299294346764	0.236652215203968
-1.04447915874277	0.874861737721261
0.584683124801269	0.379889250809324
-0.449649024133895	0.282626986880979
-0.571850481296198	0.312666676322475
-0.171770631410099	0.102932060208856
1.03212918709089	0.911191470796257
0.846018526288771	0.715177552485163
-0.674686969629508	0.545493532457957
0.504527245921665	0.449325217126695
0.38714220227909	0.203391246363681
0.0585726739901592	0.0370012414493682
-0.686708628261626	0.508166632881355
0.635522631800618	0.564955794700488
0.0855710855814217	0.0466692685549772
-0.568412513831888	0.350074832940256
0.750820935056823	0.546362059972189
1.04443859417144	0.754332078234377
-0.449656806802103	0.282594576641388
-1.23443635671088	1.17047509799713
0.399800945096896	0.309744897520225
0.711835729156345	0.546436820610805
0.396176409966509	0.226325721913052
0.0479444191794637	0.0241924711034532
0.28626860382939	0.211493117958555
-0.877128198496476	0.577191008258668
-1.40194471525285	1.05037111063668
0.584729428763778	0.379865866604109
0.750828254194413	0.546393815900103
-0.235713358922835	0.138184947126363
-0.70190117287605	0.471095771394012
0.0478678062535957	0.0241529007811321
-0.285080963587514	0.186335439955397
0.399759035636576	0.245315310439663
-1.14882997274325	1.17257316998894
-1.12726154838206	0.724019034618447
-0.285294767919262	0.186474013246493
-0.167822568183777	0.0869921519796813
-0.00831647071794103	0.00536026035772822
-0.00636600259477856	0.00355428728509299
0.399294503275736	0.293374967381293
-0.00637557637037879	0.00355970996600095
-1.24545863326835	1.0224502405297
0.968740277837925	0.894867219943855
1.15026509610464	0.774341633185776
-0.578945954765395	0.267273373392935
0.898511215036685	0.72345451589888
-0.351647589951643	0.276314271546504
0.963507761145778	0.737129368422307
0.387350306201344	0.203615179010527
0.681004567437001	0.550334672525007
0.276713566146756	0.193546048520699
-0.390275278597122	0.27644821495357
0.874609172878749	0.87936817253218
0.399542940036478	0.245217361896434
-0.351737144610455	0.276443296639625
-0.674873072019471	0.545745098121915
0.400389899282013	0.400282555661005
-0.265635006259592	0.194195863617721
0.209917139114848	0.163461537515847
-0.167921349798371	0.0870253071256986
-0.314852629161087	0.180421594369275
0.656500055432656	0.556835931802578
-0.889910116684408	0.75831334866461
0.399058289087215	0.261066486593233
1.21246670797905	0.971335989947976
0.0855047295225229	0.0466274822827962
1.08201699621029	1.08405169334965
-1.13160407322127	0.867781212342318
0.750925784738589	0.546494659096437
0.398926616585652	0.260959883765235
-0.167814701890377	0.0869867978736486
-0.939077485445265	0.734512322363123
-1.04470164881043	0.875080672215587
0.968587204981539	0.894322138439895
-1.35075817831556	1.18224018628913
0.399567666730592	0.309608506043698
1.8331563644153	1.1399795081543
-0.877234030673162	0.57722347245481
-0.47222908632192	0.329150759896568
0.264681545443047	0.174556420254131
-0.889813078580762	0.758273976852272
-0.0488089875965929	0.0266177615123385
-0.167784410327834	0.086973154849
-0.0790599160932567	0.0354904532922947
-0.235488423181181	0.138083855479216
-0.472084972467567	0.329086525090447
0.898518839798478	0.723517076998338
0.250579140813568	0.1551468753094
0.63543755037969	0.564789288279985
-0.0628698544044172	0.0443650532359503
-0.414004594020839	0.321166452093534
-1.14251710650401	1.02031777514858
0.17856779616299	0.0880459181741458
-0.0487300164360545	0.0265724014795389
-0.0065935539137356	0.00367940017156973
-0.449641252180695	0.282629245641421
0.898339298766934	0.723330813645462
1.51249594980248	1.26224926748032
0.711915228195204	0.546557048928131
-0.235329933523451	0.137981629173474
1.92282316481351	2.03827007717782
0.399535611406082	0.245209094708849
0.250632505219279	0.155190304364966
0.0480276212667614	0.0242276397887854
0.399161216342137	0.293259882473176
0.715338724394257	0.720124378498833
-1.27023019359023	0.884302429720813
-0.321991901170692	0.23185171155015
-1.13147421927421	0.867563171264953
-0.171937931217338	0.103046922596437
0.522440352254246	0.423930207099996
0.23420176261692	0.135550725555505
-0.260579855127371	0.131555960501043
-3.04141789539186	2.60261206744849
0.396262160673801	0.22638646126689
-4.44973933299975	1.84343682746367
0.178661665260978	0.0880903270670572
-0.788334455485247	0.414193392330842
0.128504583636049	0.0570536698492632
1.7994941582618	1.77547062788768
0.178488280870952	0.0880114930246788
-0.449551847246755	0.28255524491248
-0.701840167512445	0.470997103993803
0.234283713697625	0.135588951948784
0.67158217394513	0.334848424054662
-1.66976902181323	1.12042184848679
0.711796642593891	0.546274512948649
-1.40175717981349	1.05019821423188
1.59584285993789	0.855378185163195
0.387605725992851	0.203766496048981
-0.825410747725923	0.59972581114889
0.372715621940169	0.176108968034927
0.387524745750924	0.203731359245904
0.584644909741346	0.379823349107698
0.606854759600209	0.367937503742949
0.234134912161859	0.135481632721817
-2.54143033420223	1.70645519996906
1.21253157563892	0.971232920512448
-0.119599857211976	0.0731028704874724
0.546711095435536	0.399426004119964
0.712061048069147	0.546653091630455
-0.00469223554792906	0.00217704265702508
0.116382389556848	0.0681657453416837
-0.56851911765476	0.350145609039403
-0.0081408866142675	0.00267744478079309
0.968772209908657	0.894392739369876
0.807018367379662	0.876039347393869
0.387699641114235	0.203810552040452
-0.825224295078979	0.599634201404957
0.631924054382468	0.352475981362613
0.0856504615516148	0.0467163223346054
0.681163087292863	0.55039022934489
1.79940981414853	1.7753845179916
0.398820720900162	0.277025474674033
1.08190561657454	1.08365296820229
0.178329729181954	0.0879236922445928
-0.00482134538163185	0.00223622028267589
1.37266357972983	1.53219140551557
2.04511265157953	1.91798360007332
0.671727350711025	0.334885576734114
0.373063689449818	0.176309167899013
-0.788334455485247	0.414193392330842
0.399137671090677	0.261102471627967
-0.952135059882499	0.272770263417896
-0.0787328393819667	0.0353418953097744
0.398952751279318	0.261019310889639
0.606545140059474	0.36757577562474
0.584828030314386	0.379951791497643
0.178488280870952	0.0880114930246788
0.178344142351158	0.0879130866885018
-0.285007010964892	0.186314582604357
-0.487845771110902	0.372924017983754
0.711981637507327	0.546618402945273
0.399720762046032	0.245300880797733
-0.389904182000159	0.276324804610237
-0.732114848484512	0.441422043241892
-0.449656806802103	0.282594576641388
1.72130744598584	1.34723838494901
-0.119413646587186	0.0729782863760738
0.403377677871532	0.139736809774786
0.0478981651999103	0.0241685434406286
0.632055174789326	0.352583555456159
-0.732177930350104	0.441368127807516
0.234283713697625	0.135588951948784
0.40427466411489	0.14004859743002
0.061698863167424	0.023890625298551
-0.701870683447116	0.471060482975925
0.264528096877181	0.174410997883395
0.399522808019211	0.245179011225327
-0.171747460792849	0.102905455652846
0.60666747478801	0.367841714094269
0.7964775407151	0.546436206750712
-0.358455585423898	0.229752329443341
-0.358588196149511	0.23002237558786
0.681065128684954	0.550417910328223
0.0616264557748945	0.0238611614751663
-0.449641252180695	0.282629245641421
-0.358482443566859	0.22990725334661
0.398765561606098	0.276966640430354
-0.00475680929605525	0.00220672361861251
0.0857298001699369	0.0467611300263588
-0.0490728158822873	0.0267618346413515
-0.184505553212383	0.0791373504854963
-0.0788332563552394	0.0353882174785728
-0.791885092082105	0.630573386077958
-0.825142928248916	0.599571444913089
-0.571505531550015	0.3124149088738
-0.167921349798371	0.0870253071256986
0.0858353222994158	0.0468161299105287
0.712127337147734	0.546578998958016
-2.81238678974214	2.16571197852538
-1.67000918546535	1.12155961645345
-0.449567449519245	0.282520625046012
0.0853991741675682	0.0465572664258339
0.0479061058216731	0.0241734985376833
0.929003379570485	0.54534639567847
0.399401575950892	0.355504650371975
0.142131685932888	0.0889044303481582
-0.314715274935936	0.180219088078911
0.178236240272615	0.0878720950705939
0.852671639124429	0.546588557482098
0.0856635463965309	0.0467239502969187
0.635564005317325	0.565008227026761
1.02241154137659	1.06677223909026
-0.98145256366974	0.891200517436491
0.181424481734604	0.127684314887349
0.0856766271852479	0.0467288268596743
-1.62745338816197	1.68722396751093
0.898346864870289	0.72334506195932
0.546711095435536	0.399426004119964
0.399347543067605	0.293399579549052
0.399728693730097	0.24533491213199
0.211849784137663	0.11382783840282
1.03224778068107	0.911308684661655
0.838015565027794	0.876201370018679
-0.314913534863782	0.18049000784073
1.03216952118775	0.910761773694812
-0.568473274508818	0.35013698342253
-0.100458668795975	0.0534076702199801
-0.981558452761994	0.891351129934286
0.264672040453276	0.174541981042422
0.250711605847258	0.155245755704872
-0.22431100092233	0.149244423954331
0.929639351755774	1.04571563603253
-0.00678408376858025	0.00378222962295234
-1.14303249775416	1.02003025140024
0.656072923896844	0.556293316562473
-0.852626121428237	0.785899865880792
-0.939037712077882	0.734420173128497
0.399161216342137	0.293259882473176
0.0290643313532979	0.0172360612881144
0.898444264260743	0.723439633854202
-0.571511517368507	0.312303716310889
1.21242384434224	0.97120071712665
-1.12714961438317	0.724193919652426
1.21238000227573	0.971369902993594
-0.825507917838031	0.599647704824105
0.211887954999951	0.113856287486724
-0.0488223758110372	0.0266260448981406
0.711994689914987	0.546635957220775
-0.260343515581359	0.131418537401997
-1.14266100878965	1.02075039593394
0.116224017930216	0.0680787722672144
0.250632505219279	0.155190304364966
1.68395277056014	2.06463754426131
0.584713362680071	0.379926319520258
-0.100345964860746	0.0533501486030699
0.163734922765348	0.108878983721849
1.59470739222458	0.85474153603705
1.49729335270634	1.43019492315025
1.72083813991956	1.34622694854748
-0.449641252180695	0.282629245641421
0.399045218082428	0.26107791038966
0.396220425716859	0.226216262981635
-0.824964638019071	0.599304485288219
0.307692064853816	0.262194324993452
1.26777826938512	1.31689238990432
0.396111062600139	0.226300322457463
0.250500056767619	0.155083394711135
-0.0488223758110372	0.0266260448981406
-0.167814701890377	0.0869867978736486
0.0856504615516148	0.0467163223346054
-0.389928558046828	0.276305926072166
0.399660064812808	0.245317382260872
-0.31479876138457	0.180378411709713
0.874837813731355	0.879257730952005
-0.0487032251175779	0.0265504640277595
-0.235462187373492	0.138072780517714
-0.877128198496476	0.577191008258668
-0.732129713916639	0.441387161072424
-0.235316786021102	0.137981180349472
-0.877107195262802	0.577129826927392
-0.119332055713698	0.0729221946382817
0.796326504549897	0.546125168287339
0.546961719451806	0.399642103935353
-0.746921508101353	0.697565218519348
2.23909959407759	1.78017430309562
-0.571850481296198	0.312666676322475
-0.167913421135379	0.0870179199793379
1.15001189224992	0.773840743719683
0.522254066330468	0.423767227511228
-0.573135403447075	0.392220170007954
0.116307687959683	0.0681343944936411
0.60666747478801	0.367841714094269
0.584661003530846	0.379748330250831
-0.13980099327149	0.105977883175518
-0.518970256784061	0.498946684593018
0.116284536468204	0.0681178066573984
-0.701908866845412	0.471042169258016
-0.422491449282457	0.236691862572536
0.211964338892854	0.113888136941665
-0.658660630797548	0.622085083749103
0.845873572645785	0.715100082050027
0.399212954997496	0.293273871802001
0.711928262731637	0.546541091843573
0.711915228195204	0.546557048928131
-0.788101962939554	0.414130609919789
0.0617424742393982	0.0239084459082885
-2.683695069597	1.94097616444278
0.399522808019211	0.245179011225327
-0.516625938445608	0.17859542475739
-0.00645917082308286	0.00360555572465806
-2.06190930501356	1.69803791500244
0.963507761145778	0.737129368422307
-0.487792808417601	0.372915311409266
-1.01100712019044	1.0467688034003
-0.0344081561738779	0.0245554787313122
-0.658705200469273	0.622151746026057
-0.471926829276133	0.328942702328004
1.03231421993805	0.911417879412006
0.681171948846945	0.550519576410294
0.085809101416214	0.0468035936787465
-0.314943947858019	0.180508496860338
-0.00649619072655505	0.00362618846728953
0.750918451769797	0.546500400749536
-0.686749044698813	0.508320544769257
-0.877149112430242	0.577216000555005
-0.00654276926370439	0.00365105635225601
0.671494664560962	0.334807235682389
1.34298968142901	1.01511461811393
0.512951075410827	0.436721582636296
0.929668112702298	1.04567254603525
-0.285127572665304	0.18640202474893
0.058487651644296	0.0369500740198118
-0.351757803318784	0.276475769948736
-0.265442027789063	0.194004074913417
0.196812447404238	0.145987123372345
0.276583399332681	0.193444888966908
-1.12679749314645	0.723768445088123
0.196550516671539	0.145785143711548
-0.933970131292149	0.913864241707956
-0.32230722459072	0.232131766985263
-0.139533547797956	0.105749013163599
0.232295194523647	0.197749437782886
-0.414108739961493	0.321191938612219
-0.00631528212526665	0.00352626021625771
-0.00838197902019954	0.00540198391606737
0.39911149736699	0.261109190448986
0.522252560339762	0.423708164361216
-0.0758613446971181	0.0472573155696398
0.968633454978264	0.894672147645549
0.522198047701686	0.42346118444799
-1.06767495064489	1.0295945475418
0.0478678062535957	0.0241529007811321
0.141918226728449	0.0887664170461289
0.711689612368676	0.546035344324959
0.264862528257026	0.174652712342763
-1.13148915097421	0.8673744406205
0.399652120253719	0.245289401469063
-0.0760095348319967	0.0473545458793008
0.398899413000892	0.260942508796847
0.398713891522661	0.276963185861334
0.294738909806025	0.229142445569835
-1.1143440462202	0.540707013154826
-0.933992156297381	0.914003033691674
-0.131167945964282	0.0901320351584368
-0.500052357400139	0.415859651019115
1.3079203140791	1.83340984956378
-1.32061027118199	1.32511225206066
1.02243732538821	1.0667368304008
-0.0944930290534367	0.0658343548273408
-0.314699730212324	0.180218493668682
0.373063689449818	0.176309167899013
3.06638063274165	2.37977390853699
0.372828104257578	0.176187601416706
0.963393199846714	0.7367047449008
-0.732192865670734	0.441473163114747
0.671465868796485	0.334774054050095
1.21238000227573	0.971369902993594
0.584721353956748	0.379925831477889
0.0617424742393982	0.0239084459082885
0.7964775407151	0.546436206750712
-0.390061785551925	0.276414705453124
-0.792005881270846	0.630719515069575
0.398811843473839	0.277059701974975
0.803908700644487	0.712145574984858
0.234485925762261	0.13568717529672
-0.358772871569101	0.23009838326523
-0.939077485445265	0.734512322363123
-0.499823211373845	0.415338272847497
0.546961719451806	0.399642103935353
0.365691750007034	0.150278237952888
-0.579047233084989	0.267435837190726
-0.322074100214376	0.231931358442459
-0.701702767711259	0.470609868870099
-0.571618661584741	0.312525279780433
0.365902024574029	0.150387445991254
0.606826204302058	0.368017845521227
0.399796895410157	0.325428904465751
1.0225205736927	1.06683589542078
0.399000722417802	0.293018170923285
0.917305485294015	0.884519673248624
0.584683124801269	0.379889250809324
0.0856102865405148	0.0466836802412313
0.399188400393345	0.293278030550534
0.91735983713384	0.88459815617751
-0.173854045087214	0.117638793695144
-0.0490461137062827	0.0267468360349336
0.584789793668832	0.379972034303177
1.03228811396477	0.911373667372357
2.04759954409151	1.45234980116813
-0.173665041486168	0.117482242301805
-0.100688927061247	0.0535323661912431
0.399058289087215	0.261066486593233
0.372828104257578	0.176187601416706
0.963499842446657	0.736981665988245
-2.93123604016202	2.38545753830241
0.928880311944051	0.545314341145758
0.546751032897838	0.399472875834704
0.671494664560962	0.334807235682389
-0.487633965163832	0.372797634315868
0.968619124572232	0.894642985006881
-1.00959977615633	0.719347916460793
0.6070937235966	0.368145307451031
0.399698378494952	0.245331839655781
-1.27072298147689	0.885399734353617
-0.449559643029099	0.282553005776485
-1.12659180740866	0.72324520596923
-0.422277886081322	0.236628606264027
0.0479747380547107	0.0242080962692441
-0.449827940395289	0.282731266711348
-0.171975261730541	0.103067661326467
-0.461912443461038	0.447401297062778
-1.0442948303691	0.874612671953292
-0.568541766074588	0.350174119857092
-0.00469172861944419	0.00217379346282996
0.398793855759975	0.26086314753592
-0.571612713488628	0.312477898458969
0.399291845109091	0.293235369888824
-1.27049253342463	0.885127265289124
-0.576979499479811	0.434315794257747
-0.078745871602922	0.0353461577361168
-0.100696563025694	0.0535453328515396
-0.358509316483428	0.229953272680103
-0.578902974009509	0.267254122102802
0.128504583636049	0.0570536698492632
0.606761084387309	0.367905172141757
0.178394582455224	0.0879597751455033
-0.674951828177522	0.545806361158126
0.533352804546952	0.411255786419984
0.929922774575149	1.04610518450702
0.399228404544203	0.355333715609178
-0.665440101127456	0.583556844305442
0.264672040453276	0.174541981042422
-1.63522242686526	1.39559777272768
1.30768027584197	1.83288441673066
-0.167776509342108	0.0869605415634023
-0.391716070497778	0.191515317219743
0.606985572740634	0.368039181171655
-0.877235699762874	0.576995364187196
0.0856373726497179	0.0467057526082143
-0.100727214653496	0.0535560137029474
-0.487500816684725	0.372594781225635
-0.0786522619879239	0.0353023758590265
0.264634988622785	0.174528423682581
0.898339298766934	0.723330813645462
-0.449730708473686	0.282688698372418
-0.0488879942131119	0.0266619172719185
1.15458507968611	1.10902660350339
0.928890577483864	0.545239423768143
1.36196249802231	1.19596376725455
0.398788702445974	0.277022374151166
0.39864448297339	0.276848894710108
0.845886876869285	0.715098908302365
-0.171840142126793	0.102971998105413
0.497109606497017	0.461600806705287
-0.119491077741782	0.0730364768299565
-0.701908866845412	0.471042169258016
-0.422363725502875	0.236700130314835
0.0478757935477757	0.0241566119386645
-0.579359558285776	0.475463311637417
1.04451843552852	0.75427672392129
0.838299255605635	0.876921147738516
0.123515650223371	0.0917803540039835
0.181399908429285	0.127687118867493
-0.314936050194936	0.180496880170545
0.635564005317325	0.565008227026761
0.504420463654406	0.449147231085128
-1.04446560025431	0.874951843477017
-0.413815629625469	0.320996865707269
-0.167844965554481	0.0869955704368866
0.56439909771469	0.389627774542729
-0.391957975436554	0.191620519285313
0.751013853753835	0.54655060088885
-0.852500197789548	0.785757997478442
0.399019063877058	0.261052466805314
0.398811843473839	0.277059701974975
-0.686643295235763	0.50818911175335
-0.376031363505098	0.319750089878646
0.522414617894451	0.423918668845377
0.577181824701095	0.601932377550912
0.0633347972227344	0.047109459691025
-0.868386907017763	0.967841950693089
-0.242670275181169	0.211440087094734
0.286397472197663	0.211642737890306
0.740665212525889	0.716400610903666
-1.55226178575715	1.814813218726
0.0479444191794637	0.0241924711034532
0.3996138541701	0.245240556317635
0.17856779616299	0.0880459181741458
-0.105329780244259	0.0292757305992616
1.04415699444182	0.754003890830394
-0.260579855127371	0.131555960501043
-3.48219873584491	0.919655084022901
-2.54153628033773	1.70669422256616
-1.1145954954322	0.541089063658969
-0.422277491765285	0.236577437285146
0.711928262731637	0.546541091843573
-0.70190117287605	0.471095771394012
-0.0485721805865624	0.0264769453824871
0.398793855759975	0.26086314753592
-0.00649619072655505	0.00362618846728953
-0.389798224379841	0.27617873057893
-0.167776509342108	0.0869605415634023
-1.11423834940659	0.540537025048118
-0.0789466320583325	0.0354412383139809
0.387350306201344	0.203615179010527
-0.824972574974717	0.599243066457034
-0.00469223554792906	0.00217704265702508
1.21233708646883	0.971304917656255
0.399019063877058	0.261052466805314
-0.224335078077715	0.149257804118276
0.917332660208241	0.884581953780753
-0.167723743572673	0.0869307434564531
0.796412832540613	0.54632387049216
0.631688588846007	0.352176797827841
-0.0491118939546748	0.0267775844251664
-0.571731700161253	0.312583492623591
1.14990698215722	0.773998601930091
1.7295454778798	2.47045351762133
-0.167677774336158	0.0868939558902765
0.396111062600139	0.226300322457463
-1.00950067227012	0.71944848988664
-4.18692465030888	1.51167343819974
-0.327335550717987	0.129625546394617
-1.24517554132759	1.02181331761789
-1.32931437217088	0.732704638322614
-0.260357985752607	0.131395186767185
0.928532535536287	0.544905767686774
0.0616700182489409	0.0238789606093496
-0.18438336931455	0.0790808605857554
0.234299063326123	0.135610764338717
1.34281537634135	1.01484161778391
-0.0485067562528936	0.0264320392029561
-1.14264716589991	1.020621151012
-0.877149112430242	0.577216000555005
0.116307687959683	0.0681343944936411
1.11249070322188	0.937318472384691
0.0585918553379603	0.0370192038447161
0.764486778123062	0.331447869942357
-1.13157352576474	0.867806795163739
0.398956040914501	0.277132929710772
-0.433095553431679	0.364313656755575
-1.04438698797144	0.874823359724042
-0.788353018666431	0.414337941238971
0.671538371030747	0.334855559136084
-1.96368093592683	0.955822689151189
-0.449812502559788	0.2827095155416
-1.40173959677607	1.05032179808904
-1.52282056881161	1.2210719678012
-0.167723743572673	0.0869307434564531
-0.788455095258988	0.414291169728785
-0.104844951344196	0.0291451841025915
0.671465868796485	0.334774054050095
-1.96299502372977	0.955165401048326
-1.83952105309984	1.75934467377957
1.21222890975055	0.971060007159056
-1.12738334500874	0.724176297801358
0.584789793668832	0.379972034303177
0.232306307019016	0.197752316669945
0.0835075465371211	0.055929965895347
0.294583424130792	0.229073862185232
-0.376077386551352	0.319792328705742
0.398939685964909	0.260998562871579
0.286246677290265	0.21143983910713
-0.0488357677346139	0.0266327969000951
0.17812834085497	0.0877816639505461
0.546776887558269	0.399444308869271
-0.472047704335293	0.329071112036136
-0.766416122941331	0.662953426739208
0.141999791938549	0.0888227103233252
0.0479444191794637	0.0241924711034532
0.0288765481797219	0.017124337713658
-0.933929260638794	0.913928254492498
-0.119597131265098	0.0730980839289773
-0.701832486364182	0.471016343360915
0.564332334827496	0.389653895586746
0.142186070876474	0.0889284491342572
-0.701840167512445	0.470997103993803
0.635522631800618	0.564955794700488
-0.224495591706642	0.149371318920318
-0.449559643029099	0.282553005776485
-0.568541766074588	0.350174119857092
0.38745688057007	0.203646525201812
0.116368199676192	0.0681703696479722
0.163647281269824	0.108834487474704
-0.766306935255432	0.662900709878385
0.116247166995476	0.068095355374989
0.52227981971219	0.423783646269679
-0.572990344273574	0.39206853349588
0.116345045748615	0.0681537780773569
-0.00887297177040951	0.00291884997088316
-0.47190363868862	0.32891647785336
1.03214221452611	0.911241377499726
-0.326181664826682	0.279912875467181
-1.92843205093798	2.41159093712217
0.512887991688242	0.436697103672068
-1.32063595865383	1.32480906247359
0.0289583677449382	0.0171730144127463
-0.0345814780533842	0.0246777870193367
0.0289326517762757	0.0171551334141549
-0.0488357677346139	0.0266327969000951
0.178142816773624	0.0878120900805318
-0.571618661584741	0.312525279780433
-1.23430272897716	1.17056832595407
-0.322455400598742	0.232188736708391
-0.173621071576	0.117433649679011
0.39953817911878	0.34068496776478
0.787645960183645	1.03481923447663
0.50474081336435	0.44936647731323
-0.217366086087978	0.161042824286404
0.286375548943213	0.211623257913393
0.116437662597498	0.0681974969553085
0.96859600145578	0.89460902425551
0.0185468055343983	0.0124802149628198
-0.390037371011563	0.276419788363124
-1.13158857540356	0.867399130843876
-0.260436979275461	0.131458797580532
0.365796592364056	0.150347828566248
0.372828104257578	0.176187601416706
1.34307053574539	1.01506199733172
0.211934111461218	0.113871149144747
1.05626488614213	0.549849792880685
-0.18438336931455	0.0790808605857554
-1.27056950611993	0.885278385976038
-0.100711867297307	0.053558502180433
-0.224283721636834	0.149230159915673
0.0584409984340268	0.036915350809846
-1.00950067227012	0.71944848988664
0.740475736617461	0.71620400051152
1.49727859150126	1.43015598901896
0.396111644177902	0.226268937832337
0.845860264717128	0.715059134269568
0.751023300013365	0.54650935831214
-0.0788332563552394	0.0353882174785728
-1.27032283110676	0.884788987516767
-0.568412513831888	0.350074832940256
-0.282469522826157	0.244173060213639
0.512951075410827	0.436721582636296
0.250566688022217	0.155113796049089
-0.732114848484512	0.441422043241892
1.21242292633537	0.971216031525722
0.128853508420719	0.0572225471771537
0.606573930730702	0.367747138860669
-1.12714451863863	0.72393034465297
-0.571505531550015	0.3124149088738
-0.571505531550015	0.3124149088738
0.178394582455224	0.0879597751455033
0.631932759206064	0.352507886935394
-0.23539602597155	0.138035568356171
-0.578975115762517	0.267390226446819
-0.701931635787829	0.4711048335323
-0.260550540039889	0.131455843182404
-0.171961096389896	0.103053583967166
-0.732021846522536	0.441299012127764
0.846058516894194	0.715174091580805
-0.968160264279937	0.567066206054291
0.584713362680071	0.379926319520258
0.0480276212667614	0.0242276397887854
0.085491672280226	0.0466198744971157
1.36820136636916	1.36299986156957
-0.00462762409852259	0.00214716140244468
0.387350306201344	0.203615179010527
-0.260486639341066	0.131500765009026
0.853021070490942	0.546910029300553
-1.13150479970894	0.867635884459367
0.387135893359323	0.203431730102371
-0.284900121084257	0.18619222264879
-1.12679220912905	0.723340404207666
0.846031860202732	0.71521854127108
-0.358588196149511	0.23002237558786
-0.0487568225975182	0.0265874476193196
0.387793623993806	0.203833458215704
0.058506856910663	0.0369659911939458
0.221735734147989	0.180727977578826
-0.144424755477061	0.118988327618892
0.48158993373559	0.500644754144185
0.756261856343656	0.878197278877868
-0.938919602641575	0.734277294146734
0.0185468055343983	0.0124802149628198
-0.766467382827036	0.663135102628169
-0.235435439231718	0.137985086278011
0.0481423623540218	0.0242791627075554
-0.701832486364182	0.471016343360915
-0.039180769912236	0.0248401870186644
-0.877256584690999	0.57705638656403
-0.674820100668733	0.545683412508346
-1.35092907110827	1.18241295811439
-0.414045673528618	0.321172019975283
0.264537573070616	0.174438139402009
-0.314806633342869	0.180404619625564
-0.472033637882765	0.32898027204842
0.860980596244526	1.03523462833595
-0.167647468271265	0.0868700825002316
-0.10045091808691	0.0534111225538958
-0.167852880383599	0.0870058064419345
0.681111391978709	0.550473937505231
-0.314883095294388	0.18046152778602
0.750820935056823	0.546362059972189
-1.74082383434391	1.57538292909139
-0.131167945964282	0.0901320351584368
1.08187298351993	1.0839158727603
1.02254635039986	1.06701992887898
0.398751303919128	0.277008501801979
-0.51051431050128	0.458078669775097
-0.572977137866887	0.392068629563688
-0.653755904174533	0.660171664152563
-0.449820216110179	0.282733562407957
-1.01092223648267	1.04647115178995
-0.217279988244725	0.16095610036151
0.0634739417389823	0.0472242003056847
0.116431594821656	0.0987887372856757
-0.253172941659382	0.20349196228865
0.276609133537466	0.193488659541977
0.67165474986319	0.334887885324188
0.564488688995179	0.389636352486356
0.564294147739273	0.389319281940809
-0.235237583424851	0.13791980571296
0.058399910005269	0.0368930739841914
0.693577076250364	0.724997239271892
-0.174065180927794	0.117772475330616
0.504482174981438	0.449280164892039
-0.665713715910468	0.583821826978918
-0.449415256441594	0.40705607729714
-0.732078312418509	0.73290941491741
0.938024224807822	1.20209270577559
0.294452154904269	0.228940098432368
-0.224256440322004	0.149207271874944
-0.305826373956289	0.282869596646318
-0.686762524177882	0.508259419397331
-0.422342376725643	0.236676559474934
-0.422428119128095	0.236719234912365
-0.00793643439331131	0.00260858291975344
0.387712424627645	0.203798195508622
-0.260673005754938	0.131596036501488
0.373186918798905	0.176352245678087
-0.327440587999834	0.129669435996948
-0.787990233828196	0.414043933099704
1.1503789659688	0.774433753881929
-0.576738613916999	0.43388799813031
0.116307687959683	0.0681343944936411
-0.171733333748742	0.102903938585626
-0.568481019853327	0.350153375981782
0.671465868796485	0.334774054050095
-0.26050123433033	0.131519082409796
0.631810563958237	0.352386442821737
0.898600884471324	0.723432327376269
-0.472108155766521	0.32911275292109
-0.44947814360217	0.282431103264722
0.128967157113683	0.0572682747137997
-0.28520156807023	0.18639121230759
0.917467277675311	0.884594163667925
-0.104530837627992	0.0290497664010843
-1.51140958843186	0.927490892016474
-0.9676881851453	0.566449087740737
0.048065854555806	0.0242465685272344
-1.5115270734062	0.927411578516509
1.05636969913488	0.549855793811326
-1.96498450145697	0.956723482218052
0.765015511027073	0.33174094912973
-0.577063067083383	0.43440075790853
1.52795712428337	1.06638735732902
-0.732036673044235	0.441341043477748
0.234209408113983	0.135557017197127
0.0618874605913469	0.0239557699496388
0.396197438898127	0.226365511940548
-0.260329029925159	0.131417764875266
-0.449551847246755	0.28255524491248
-1.13155047031351	0.86769390868449
0.387431007706947	0.203668807909657
0.178502584419716	0.0880150507571391
-0.515740598803656	0.178130668849307
0.178423283573288	0.0879679360806085
1.72118578227213	1.34715372139245
1.31729408016793	0.590203599966043
0.396219281155119	0.226374014114269
-0.391368449200474	0.19130152788782
0.522416147224192	0.423823307058413
-0.732114848484512	0.441422043241892
-0.57133188727889	0.312155289651699
0.250684905061533	0.155242539654961
-0.224363956956832	0.149288353019299
-0.934036220048153	0.914018836599402
-0.783212332998339	0.87962044583674
-0.25327537508775	0.203569327142878
-0.173687033340215	0.117497462851281
0.0584657231335231	0.036938288303298
0.141997104178952	0.088805963956645
0.0289038193280555	0.0171413780587822
-0.422277886081322	0.236628606264027
-0.889729543678196	0.758074443440553
-0.50001086788531	0.415771722946453
-3.14457343371923	2.82454080160987
-0.351737144610455	0.276443296639625
-1.00947796190947	0.719130924368753
-1.49919087435766	1.94962443006761
-0.732037943741207	0.732767940869475
-1.74055815189192	1.57530601005613
-0.119465260841818	0.0730241295804546
-0.224258052383295	0.149194322465968
0.0288765481797219	0.017124337713658
-0.358693947004867	0.230050693313241
0.606826204302058	0.368017845521227
-0.579422604835936	0.475506520812133
1.6636969038813	1.51644247306866
0.39934784930913	0.244961382807216
0.399187088913684	0.293282605618885
0.399407141715624	0.340553854433012
0.141944077139845	0.0887738399296703
-0.285020674166101	0.18629562430315
0.398701328129008	0.260738292067998
0.264811725711639	0.174560653706994
0.398667618958224	0.276904598251902
-0.583820740480199	0.556691651394067
-0.413900585107279	0.321072021268116
0.0836180150286238	0.0560004475283622
-0.235541515753558	0.138114100829824
0.853059512734654	0.546803258889018
-1.40189120522422	1.48436648948901
-0.889752898331209	0.758159798405766
-0.939064223681972	0.734584867529678
0.712087176452811	0.546654737619279
-1.8392069581833	1.75967751839127
-1.28427476481862	1.61960019600163
-1.01120058538935	1.04695271671224
0.0855308318507437	0.0466342661884509
-0.499945379236407	0.415667965251814
0.142078665577231	0.0888764959093391
0.512696027906123	0.436403646127151
-0.352064841641615	0.276713286241383
0.546895990778706	0.399626688998168
0.56422737419145	0.389555636326398
-0.351781995904038	0.276467930110183
1.11266921340707	0.937364453845918
-0.314897752349974	0.180460386792066
-1.27053859534947	0.884788693072327
-0.16770805249265	0.0869124257822003
0.0615540730712499	0.0238263165776983
-0.578975115762517	0.267390226446819
1.15471676187458	1.10897600538362
0.128975937783999	0.0572771124689474
0.264672040453276	0.174541981042422
0.141839318732247	0.0887064926781886
0.181486135511974	0.127750720166101
0.399603870596398	0.325373118908551
0.606920023753657	0.368081471821074
-1.35088900600006	1.18177239645162
0.846045190403945	0.71521740606195
-1.63532929636177	1.39514815749531
0.84596605132746	0.715188219408872
0.681050825914096	0.550390686111211
0.898256993301542	0.723151630240779
0.929003379570485	0.54534639567847
-0.877063949356056	0.577066528922155
-0.939050965893036	0.734553872901206
-0.732021846522536	0.441299012127764
-0.472061788963516	0.329033357464412
0.750828254194413	0.546393815900103
1.26784764779204	1.31667952320161
0.680967123732398	0.550257340688247
-0.674818648861795	0.545711507796161
0.398819918961831	0.260856352026993
-0.224550146185248	0.149390211458941
-0.0791792203244651	0.0355425675709154
0.396068108708119	0.226269963646636
0.533278629838246	0.411119999919621
-1.1143440462202	0.540707013154826
-0.327335889648938	0.129624283363844
0.0480050835828071	0.0242224684999677
-1.74046142431729	1.57505016256449
-0.184617640808077	0.0791844639739394
-0.701794275583271	0.470910260347338
0.0615106551227168	0.023806118014709
-0.00652904367584633	0.00364139419557065
-0.0487568225975182	0.0265874476193196
-0.167806752329096	0.0869693039478201
0.242433613537815	0.215003388154403
-0.224497167957806	0.149363575120558
-0.868214047976158	0.96759620565671
0.635544469288338	0.564969109409345
-0.57950760152142	0.475508587411243
-0.791982672273346	0.630647826107759
-0.314905683790335	0.180488007236133
1.15013402987552	0.774255798157072
-0.877042886893742	0.577005310114962
-0.0488357677346139	0.0266327969000951
0.399550257329705	0.245208994329299
-0.167776509342108	0.0869605415634023
0.751030635482201	0.546424035832756
0.250723826116666	0.155210950494773
0.845900177389557	0.715055557737215
0.681065128684954	0.550417910328223
0.91722647769723	0.88417047151083
0.681088260233002	0.550461509138893
-0.0393981764029331	0.0249849676031559
-0.0944467336337251	0.0657926616464486
0.740517027836407	0.716317009145669
0.058399910005269	0.0368930739841914
-0.0629524049072091	0.0444238840275183
-5.03426197646044	2.85062614636498
0.178408925233274	0.0879707492156317
0.178582044959992	0.0880558495915799
-0.31484487118018	0.180441066493249
-0.171770631410099	0.102932060208856
-0.184505553212383	0.0791373504854963
-0.0081408866142675	0.00267744478079309
-1.04438698797144	0.874823359724042
1.15001189224992	0.773840743719683
-1.14266100878965	1.02075039593394
-0.0789466320583325	0.0354412383139809
-0.285211168305487	0.186448644459638
-0.579018048486102	0.267409454362904
-0.327441581340123	0.129627520191826
-0.260609107685329	0.131524552950785
-0.472084972467567	0.329086525090447
-0.282165043535673	0.244155786040293
0.750752556247719	0.54618955126339
0.387443934982169	0.203677658568846
-0.358574770830738	0.230008355533989
0.671683450052401	0.334892644976188
-0.791871143337214	0.630390709467059
0.264477213375641	0.174370334435578
0.533269183355893	0.41120691108276
-0.284923432219298	0.186232006972448
0.584713362680071	0.379926319520258
-1.12692027910398	0.723978664203291
0.396154537368834	0.226335141231484
-1.27056950611993	0.885278385976038
0.79649870309776	0.546379576538645
0.387550535001938	0.203669254003449
0.387592918851795	0.203717843721853
1.61921927158841	1.66840432921933
1.36206119919618	1.1970941656282
1.73182602418012	1.91440883225691
0.60689160893552	0.367944282805084
1.49718849841406	1.43018473224439
0.656180365938769	0.556560417149379
0.399621764926025	0.24528629890332
0.898429094995836	0.72345739395091
0.25069825731129	0.155248653610278
0.681125680716043	0.55046354075607
0.750828254194413	0.546393815900103
-0.568481019853327	0.350153375981782
0.631801930370392	0.352266186569217
0.712034903422775	0.54650813320988
1.15002904169146	0.774161366781223
1.34270869671627	1.01444337638405
0.396132754922445	0.226326677718278
-0.568481019853327	0.350153375981782
0.750828254194413	0.546393815900103
1.92290584280607	2.03872655208866
-0.848034357080434	0.353432748047731
-0.568450605056492	0.350111713650879
-0.078745871602922	0.0353461577361168
-0.167921349798371	0.0870253071256986
-0.167844965554481	0.0869955704368866
-0.877063949356056	0.577066528922155
0.0856373726497179	0.0467057526082143
-0.422341841578886	0.236653826502526
0.399460747825954	0.309473285617717
0.711769199762494	0.546256352478611
0.67158217394513	0.334848424054662
0.0857298001699369	0.0467611300263588
1.15026509610464	0.774341633185776
-0.0047138086914673	0.00218770251866513
-1.11469959880058	0.540907832368884
0.796607070563234	0.546529871565748
-0.212757121541721	0.172612736206995
0.178394582455224	0.0879597751455033
-0.260357985752607	0.131395186767185
0.0480354557534122	0.0242354399961968
0.058487651644296	0.0369500740198118
0.564414409634204	0.389702848742374
0.533245913804934	0.411170667653861
0.399321690028494	0.293377910100217
0.301484906683333	0.24559974384761
-0.00645917082308286	0.00360555572465806
0.178157308327179	0.0878173743340906
0.632055174789326	0.352583555456159
-0.686683761512667	0.508174597084697
-1.29908946058951	1.47212769755754
0.68102769657429	0.550378261045452
-1.83936393226721	1.75969644020423
0.211857686193715	0.113839275081236
0.399629756186755	0.245296505376421
-0.265440394119317	0.193918014480937
0.0584849086837611	0.0369509486462666
-0.471964074016085	0.328988442076057
-0.100681301885454	0.0535096902678108
-0.358509316483428	0.229953272680103
-0.167852880383599	0.0870058064419345
-0.472094075181024	0.329036698021253
-0.968152752066219	0.567121503023109
0.564234976882592	0.389578962842842
1.6193014252908	1.66860541656033
0.0855710855814217	0.0466692685549772
-0.573161765273624	0.392176229876356
0.963439305415341	0.737033359814109
0.178488280870952	0.0880114930246788
-0.10061457138053	0.053506852680468
-0.701931635787829	0.4711048335323
-0.701893398829885	0.471060653765222
0.128739954381237	0.0571706971446716
-0.568541766074588	0.350174119857092
1.36215994324786	1.1972387166861
-0.422363725502875	0.236700130314835
0.584721353956748	0.379925831477889
-0.0790660786633357	0.0354934239501734
0.522411558342393	0.423764426893118
0.301717274648487	0.24597744808797
-0.00475680929605525	0.00220672361861251
0.845846953081435	0.714973032125146
0.0855710855814217	0.0466692685549772
-1.00946265936106	0.719458642516027
0.898608533156055	0.723494902630146
-0.0761602239433356	0.0474406546388811
0.27644858156017	0.19332892779995
-1.14279106919311	1.02036788121124
-0.449738456594333	0.282686420755686
-2.37610671608508	2.297579497496
-1.32058615050085	1.32442575604015
0.116419719317602	0.0681684460391056
0.116382389556848	0.0681657453416837
-0.449388889063725	0.282323347402516
0.234112079861019	0.135489192248169
-0.38995717249119	0.276378670243734
0.681111391978709	0.550473937505231
0.533352804546952	0.411255786419984
-0.665691709552174	0.583914618045903
-1.06764935472228	1.02971956899807
1.86183645000811	2.56903785189893
0.250763944228594	0.155289556810608
-1.14260067669355	1.02066115370797
-0.579192540483135	0.475198566276202
-0.47183406576705	0.328620794138756
1.4970983512604	1.42998892106674
-0.100427730451234	0.0533968200283202
-0.889883134132148	0.75790953065701
-1.40175717981349	1.05019821423188
-0.260436979275461	0.131458797580532
-0.0785585849311568	0.0352548515118034
-0.35874606176488	0.230128359214925
0.79652044983038	0.5464742420311
0.399591436244457	0.245265409014508
-0.00637557637037879	0.00355970996600095
1.86167584375225	2.56917673668463
0.533255361430788	0.411152401885777
-0.0758420447116388	0.0472493626621867
-0.31487529078185	0.180469531977314
0.0856635463965309	0.0467239502969187
-0.167883164706142	0.0870145895376265
0.693803320882029	0.725326387420048
-0.00469223554792906	0.00217704265702508
-0.0788332563552394	0.0353882174785728
0.606826204302058	0.368017845521227
-0.701893398829885	0.471060653765222
-0.573056252013549	0.392154337670413
-1.06754356591929	1.02960059011662
0.546763550924814	0.399339336091513
-1.14269810995914	1.02058716072578
0.399521803713762	0.32522594558865
0.058399910005269	0.0368930739841914
0.399507976970823	0.293374297641467
-0.422320612835452	0.236661180017005
-1.08434221084797	1.18416873197409
0.58461467910062	0.379754194113975
-0.31504298439335	0.180518434415824
1.7319054727028	1.9146344812991
0.898144483187345	0.722682452073047
0.963576217500344	0.737080806847057
-0.235528417687142	0.138093242377677
-0.577002826250074	0.434347034870591
0.522149504302315	0.423453078938017
-0.31504298439335	0.180518434415824
-0.22441533242714	0.149321786982421
0.0857298001699369	0.0467611300263588
0.533315723427002	0.411212454690432
-0.471940885671565	0.328935283128993
1.92290584280607	2.03872655208866
0.399441211531121	0.309440121880816
0.533088084526954	0.410953314616359
0.399212954997496	0.293273871802001
0.116224017930216	0.0680787722672144
0.512909913035259	0.436711637663413
-2.01772474395059	2.13653125268441
0.681079413346784	0.550270340745516
-0.0490861725203619	0.0267669169635936
0.250684905061533	0.155242539654961
-0.0760314155104479	0.0473703860597685
0.399591436244457	0.245265409014508
-0.665584753500923	0.583875515619935
0.796283459281589	0.545802815271353
0.234396349619033	0.13565353178987
0.564332334827496	0.389653895586746
1.26780139530442	1.31689537172487
1.72956489554424	2.47002079401942
-0.87699966280205	0.576773649682754
1.56242373742647	1.98818563123546
0.399187088913684	0.293282605618885
0.533171724953987	0.411076621770173
-0.260422454505934	0.131473076198748
-0.100629944992226	0.0535126365530659
0.116209783657585	0.0680661387473735
-1.51151931630602	0.92801396381259
0.845873572645785	0.715100082050027
0.396197438898127	0.226365511940548
0.606746759712527	0.367950501034703
-0.171710160877072	0.102884135352662
0.104836055462708	0.0740814102197707
-0.487635606562525	0.372739875622519
-0.449536287830222	0.282477104716803
-0.732085071167485	0.441120871664386
0.750654953713116	0.546018463507429
-0.766306935255432	0.662900709878385
-0.322159103419451	0.232023888318447
1.18713780251147	1.28220765920754
0.711796642593891	0.546274512948649
0.396175686819008	0.226339115191097
-0.939129990442434	0.734614739532522
0.671465868796485	0.334774054050095
0.564444903908369	0.389524229896583
-0.321969946980768	0.23182896791386
-0.701931635787829	0.4711048335323
-0.824867619725942	0.599090428767936
-0.10061457138053	0.053506852680468
-0.788111377288474	0.414177817025583
-0.389690847103412	0.276025100447376
0.0288508268156486	0.017108910813176
-1.70890461576874	1.86284063227085
0.681050825914096	0.550390686111211
0.286501692822054	0.211716469912503
0.399356121540845	0.309309822427589
0.142237703285155	0.0889433969557531
-0.413708678497943	0.320841292921872
-0.766545965442813	0.663057988239818
0.497303000936201	0.461850728353355
-0.171831111220029	0.102975093490661
-0.573293818099177	0.392293154873551
-0.31484487118018	0.180441066493249
-0.791885092082105	0.630573386077958
-0.731928779514293	0.441051573299806
0.617765549837633	0.573828948863495
-0.422191800151715	0.236513786519909
0.584743628490391	0.37993126836576
0.963447321374807	0.737010024602681
-0.422277886081322	0.236628606264027
-2.17321031456561	1.89432595008778
0.396089460373207	0.22625207081107
-0.571737584667295	0.312608565413617
-1.2705849386164	0.884874460944387
-0.13119228043096	0.090142188377435
-0.674817198274832	0.545513567053862
0.0479668102951513	0.0242035155870716
0.398858126103384	0.277086879421163
-0.391133191914634	0.191077180316364
-0.449462493686468	0.282465667764756
-0.791922270637053	0.630589539613816
-0.701862955864654	0.471051609861451
0.372950968880263	0.176251163954604
-0.0785715154224317	0.0352603267586224
-0.788111377288474	0.414177817025583
0.0855177827123777	0.0466323453857927
-0.571505531550015	0.3124149088738
0.564355117461022	0.389477229975633
-1.00954648594502	0.719429089721718
0.853127837722916	0.547021736367706
-0.449843421145938	0.282604485538357
0.396046476092211	0.226243653582569
-0.00635228232034153	0.00354698853506701
1.11237126320517	0.937446712499808
-0.413560800334939	0.320565669637261
-0.174087114264549	0.117781424483619
0.083314574255325	0.0557866227768806
0.28646056595442	0.211694108651968
-1.04455779344299	0.874947175637136
-0.131143697203118	0.0901020574886367
-0.825232150203982	0.599654790054676
0.564324718997456	0.389655936649954
-0.391490026470118	0.191378721986921
-0.260249986440471	0.131363174492885
-0.00887297177040951	0.00291884997088316
-0.260264417486449	0.131354868014329
0.211926139913565	0.113876387771514
-0.17172428998244	0.102870175347123
0.584797854611504	0.379914775785752
0.584713362680071	0.379926319520258
-0.70190117287605	0.471095771394012
-0.00655651078964978	0.00365922616789442
0.6563136995897	0.556790487890074
0.533101929070067	0.410966339617484
-0.285067287514914	0.186362204940924
0.963584205771531	0.737122253083976
0.546816875156251	0.399566848469562
1.1503789659688	0.774433753881929
-0.422342376725643	0.236676559474934
0.211887954999951	0.113856287486724
0.128496054262865	0.0570471936487537
1.34298968142901	1.01511461811393
-0.422213104445052	0.236447362399352
0.671494664560962	0.334807235682389
0.0480276212667614	0.0242276397887854
0.396132754922445	0.226326677718278
-0.967680409289104	0.566583655563607
-1.13157352576474	0.867806795163739
-0.173750001371629	0.117554131790799
0.558705195675226	0.623880839701594
0.740368790380674	0.716027240369008
-1.4018007776737	1.0507394544735
0.178582044959992	0.0880558495915799
-0.391603095504156	0.191462066890932
1.02262514402835	1.06701801940565
1.36199273025046	1.1965750860903
-0.746943588893125	0.697581345058754
0.635566301998327	0.564954796623497
0.396176409966509	0.226325721913052
-0.314905683790335	0.180488007236133
-0.57682215557269	0.434063965729552
-0.260486639341066	0.131500765009026
0.564414409634204	0.389702848742374
-0.571612713488628	0.312477898458969
-0.00644961089764576	0.00360056110007621
0.211827445314614	0.113815124257299
-1.00955415243895	0.719594277702576
0.681134523924624	0.550455151752996
1.72096739972343	1.34672668451877
0.373063689449818	0.176309167899013
0.399736705985783	0.245328474613378
-0.391707819032516	0.191441091636894
1.24617031205853	1.14619044136978
-0.0487568225975182	0.0265874476193196
0.301511367876869	0.245744345505414
0.399649092630306	0.325420637325106
0.399698378494952	0.245331839655781
-0.167814701890377	0.0869867978736486
0.23420176261692	0.135550725555505
-0.87719241026191	0.577211271023757
-0.314897752349974	0.180460386792066
0.845860264717128	0.715059134269568
0.846058516894194	0.715174091580805
-0.00477816764385727	0.00221449009969904
0.178423283573288	0.0879679360806085
0.0583587733453041	0.0368674418310713
-0.934014185883018	0.914054579689335
0.264634988622785	0.174528423682581
-0.167921349798371	0.0870253071256986
0.0478678062535957	0.0241529007811321
0.0479364447408366	0.0241891330477726
0.211758999475203	0.113754851501744
0.211880101492958	0.113837225827733
-1.04445204539498	0.874915515762286
-2.01771473011584	2.13667124235592
0.681218217759428	0.550448454438737
-0.573003554697925	0.392024760025173
0.796434639915807	0.546296788418666
0.846176646140746	0.714913445411332
0.23420176261692	0.135550725555505
-1.27047713945773	0.885153560442061
-0.167761860218221	0.0869497148664064
-0.139692590234455	0.105897572019939
0.141918226728449	0.0887664170461289
0.712153501308998	0.546649045090273
0.0290370556228624	0.0172206399698484
-0.0785715154224317	0.0352603267586224
0.398834984692158	0.277080991308156
-0.422341841578886	0.236653826502526
-0.658399592489094	0.62140362472847
0.796391115232239	0.546294317805983
0.387537631223081	0.203721585062821
-0.572990344273574	0.39206853349588
-0.167852880383599	0.0870058064419345
-0.57318827386279	0.392147128313302
-0.260673005754938	0.131596036501488
-1.93132393920753	1.94708148483335
-0.422341841578886	0.236653826502526
0.399621764926025	0.24528629890332
0.606948500498358	0.367931765715433
0.584773922216367	0.379896911238035
-0.358588196149511	0.23002237558786
-0.788111377288474	0.414177817025583
1.72095928758516	1.34693687200033
-0.422320612835452	0.236661180017005
-0.173980160570205	0.117722034894432
-0.702008068561507	0.470948690948521
-0.260451488548062	0.131406619854658
1.61929379610612	1.66848223652305
0.0855710855814217	0.0466692685549772
0.564250149840858	0.389549415415737
0.372828104257578	0.176187601416706
0.0858222138874829	0.0468112400675287
1.37277047420366	1.53253015141933
-0.171793801836589	0.102951867486592
-0.571963286722402	0.312637127021938
0.564339939851966	0.389626426333852
0.96859600145578	0.89460902425551
0.398751303919128	0.277008501801979
0.0478951238309963	0.0241632634006464
-0.788343745757691	0.414362328106443
0.0618587111049973	0.0239501477339738
0.0617712952826897	0.0239168790122259
-0.171710160877072	0.102884135352662
0.178502584419716	0.0880150507571391
-0.00486435955028876	0.00225474722485634
0.751013853753835	0.54655060088885
-0.0759682684831344	0.0473317038327201
0.0855841566218966	0.0466768866551627
-1.47872278981458	1.6473945148113
-1.27055405837643	0.88524530962507
1.15003764119501	0.773920592462937
1.79952441165151	1.77579134039774
1.24617031205853	1.14619044136978
1.05637106962915	0.549947620800554
-0.235303642562071	0.137970517714117
-0.516625938445608	0.17859542475739
1.6637398985447	1.51663739569065
0.373063689449818	0.176309167899013
0.632168963645606	0.352673317989728
0.128504583636049	0.0570536698492632
-1.40170709816041	1.48407444104334
0.711874779189576	0.546278728368417
1.04433042627028	0.75412128636301
1.0442650852691	0.754232399790507
-0.358640290259768	0.230034639766072
-0.732021846522536	0.441299012127764
1.15014266729831	0.774326861652598
-4.67488466633706	2.19322251114066
0.399589521954357	0.309615387563153
-0.939129990442434	0.734614739532522
1.18689830799405	1.28205160600231
0.852684638589434	0.546640068159778
-1.32037139758953	1.32436238342875
-1.12727160136541	0.724050372770115
0.606811949914098	0.367954213314213
0.163394799247274	0.108667158772753
0.39912458626215	0.261113883283656
0.234217042819429	0.135554715301903
-0.0760314155104479	0.0473703860597685
-0.260673005754938	0.131596036501488
-0.00632898795488209	0.00353408767115909
-1.83928542687321	1.75973110046113
0.387605725992851	0.203766496048981
-0.224309396879475	0.149251198329982
-0.472056825457161	0.328875946914149
-0.171672874969225	0.102850188008038
-0.26075136346481	0.131621234430019
-1.66966433654189	1.12047352362829
-0.701809625083862	0.470900828404984
0.276342535462504	0.193174599087629
-1.14270749319091	1.02071038229888
-1.63523693445129	1.39496761953319
-0.11951965129848	0.073057555006467
0.564234976882592	0.389578962842842
-0.572977137866887	0.392068629563688
-0.952612120944232	0.272853156193857
1.72107248767705	1.34710454212271
-3.14457343371923	2.82454080160987
-0.260393358324243	0.131430586479957
-0.0488357677346139	0.0266327969000951
-2.17317929246476	1.89401240060278
0.234127312196873	0.135493151380613
0.632265093678669	0.352482391383828
0.56422737419145	0.389555636326398
-1.52278995090759	1.22112318048924
0.178236240272615	0.0878720950705939
-0.449544062178421	0.282531156107745
-0.422191800151715	0.236513786519909
0.181313675255168	0.127612911033939
0.546988418746887	0.39964943368048
0.584751571128831	0.379962887188801
0.398806889390494	0.260867793545225
-0.939156482635233	0.734573163138473
1.02254635039986	1.06701992887898
-0.568481019853327	0.350153375981782
-0.285141261563713	0.186367441200295
-1.24546657804873	1.02238626711349
-0.579422604835936	0.475506520812133
-0.889849917085526	0.758267834539312
-0.00471351223080486	0.00218494087160831
-0.100711867297307	0.053558502180433
0.234217042819429	0.135554715301903
-0.0760120659596625	0.0473565155075544
-0.877149112430242	0.577216000555005
0.047768842388667	0.0240951234492321
-0.449559643029099	0.282553005776485
-0.665587887433238	0.583689090508115
-0.00649619072655505	0.00362618846728953
1.15469088355296	1.10916330782568
-0.686643295235763	0.50818911175335
1.02249331252454	1.06690079768204
-1.13157352576474	0.867806795163739
-0.00469172861944419	0.00217379346282996
-0.391724305318784	0.191524028484181
-1.11459571417205	0.540895302433044
0.396154537368834	0.226335141231484
0.39861589339111	0.276785187769467
1.77531051836038	2.3112410931304
-0.0788332563552394	0.0353882174785728
-1.04440055935085	0.874733287180993
0.38733733715432	0.203585026748655
-0.167883164706142	0.0870145895376265
-1.13159638241731	0.867557605747178
-1.1541618858415	1.32585418247166
0.0422801964941737	0.0299581726434151
0.963507761145778	0.737129368422307
0.0582982524624387	0.0368187442862962
0.234119701427991	0.135495466226445
-0.260407914201451	0.131463826799335
-0.167746238435569	0.0869469108163603
-0.732099967580472	0.441350213980641
-0.235316786021102	0.137981180349472
1.52783477727406	1.06674636561976
0.163394799247274	0.108667158772753
-0.119466645047769	0.0730195618404143
-0.449567449519245	0.282520625046012
-0.00793643439331131	0.00260858291975344
0.60666747478801	0.367841714094269
-0.472033637882765	0.32898027204842
-0.766387156575993	0.663061566941855
0.0857298001699369	0.0467611300263588
0.398965812529665	0.261023979914902
-0.449544062178421	0.282531156107745
0.276610672067615	0.193443289170944
-0.576979499479811	0.434315794257747
0.564265279528888	0.389400208415248
-0.260579855127371	0.131555960501043
-0.119757606738171	0.0731889804068172
0.399159908508708	0.293233000552049
0.968642247901215	0.894627010363366
0.680943996995515	0.550213767822116
-1.14257743176478	1.02045612355461
-0.391837132279878	0.191577190293029
-0.788464314880281	0.414424326723021
-0.00630569327131983	0.00352098828536637
-0.472084972467567	0.329086525090447
-0.449559643029099	0.282553005776485
0.116140343707943	0.0680159834349419
0.178727305968527	0.0880825682066825
0.874521874708077	0.879150251001781
-0.167715939625543	0.086928424290891
0.796563367283465	0.546405439872833
0.635692775513996	0.565109371608688
0.845939413203912	0.715148403086207
-0.701824725138337	0.470945497752617
-0.576956172384241	0.434247580911962
-0.967800698735012	0.566773743831677
0.286463214356391	0.211641208437371
-0.260579855127371	0.131555960501043
-0.0787328393819667	0.0353418953097744
0.0835487526622134	0.0559518379536002
-0.487688538815458	0.372809546750251
1.73189239603199	1.91455208197623
-0.939209052150764	0.734638357608288
-0.00650993522150788	0.00363359785395652
-0.184495602328439	0.0791280415311326
-0.568549525224171	0.350166151783107
0.750828254194413	0.546393815900103
-0.235687213827602	0.138153487420727
-0.791838664214195	0.630355242517293
-1.83886904840497	1.75848574830624
0.584652914869478	0.379820092954532
-0.571737584667295	0.312608565413617
-0.579274580544113	0.475386205460311
0.264778926388733	0.174621340640128
0.606905808623433	0.368049054219425
-0.500142036551076	0.415930998019855
-0.686749044698813	0.508320544769257
0.504695746106167	0.44928259301085
0.399187088913684	0.293282605618885
-0.449835675409196	0.282698812654352
0.804043307590794	0.71233864047186
0.276581864658763	0.193470468193327
-1.14891173655776	1.17265415072568
0.301517681127355	0.245819645773621
0.399640462504326	0.245290629353771
-1.47878561028031	1.64750986507036
1.08178934049594	1.08361520694499
0.53323209335637	0.411160796994751
0.286419390851797	0.211652533237129
0.917493168960845	0.884712128619311
-0.171998424677568	0.10308111895244
0.54676433796816	0.399440426883127
-0.674818648861795	0.545711507796161
0.396154537368834	0.226335141231484
0.57724669322125	0.601953159977941
-0.039180769912236	0.0248401870186644
-0.472122254448979	0.329060173996601
0.564250149840858	0.389549415415737
1.3725893123695	1.53203929792298
