x	y
-0.235369770675652	0.138004043591348
-0.848756633713589	0.353692019334519
-1.96467671705873	0.956602614744049
0.764809448292814	0.331596623912213
0.387618551364921	0.203775351678185
0.372950968880263	0.176251163954604
-1.00955415243895	0.719594277702576
0.365691013165346	0.150286033986656
-0.701877609992905	0.470669254535473
0.765221229893607	0.331833236925771
-0.848554588996423	0.353709685597233
0.396046476092211	0.226243653582569
2.67868888783708	1.64677136244639
0.396219281155119	0.226374014114269
-0.517513875524486	0.178911161319999
0.38745688057007	0.203646525201812
-0.579060886134685	0.267400175341313
-0.184271044593708	0.0790222441021079
0.671610898104777	0.334894991105506
-0.327546345457555	0.129698049658362
0.853033866383466	0.547002647083637
-1.00956173625136	0.719582795507295
0.387686875825049	0.203780516144307
0.963545976406489	0.737152407988497
-0.450014749302251	0.282738579014419
-1.11449125834891	0.540788176297302
1.83326139716287	1.14059855001168
-0.00887297177040951	0.00291884997088316
-0.260436979275461	0.131458797580532
0.631932759206064	0.352507886935394
-0.57896117813973	0.267319458250344
0.387524745750924	0.203731359245904
-0.00469223554792906	0.00217704265702508
-0.422428119128095	0.236719234912365
0.178423283573288	0.0879679360806085
-0.315020434775958	0.180475284483757
0.963554013368603	0.737102462140653
0.632055174789326	0.352583555456159
0.178502584419716	0.0880150507571391
0.402089212506356	0.13919342312955
-0.0785585849311568	0.0352548515118034
-0.573056252013549	0.392154337670413
0.399698378494952	0.245331839655781
0.23410444750179	0.135473731879832
-0.0786262627254148	0.0352769823335984
-1.81203188881971	1.3132177825067
-0.327440212159224	0.129629361099382
-2.06202987534165	1.69822917351249
0.584743628490391	0.37993126836576
0.963507761145778	0.737129368422307
0.750820935056823	0.546362059972189
0.373053344931518	0.176282869574425
-0.358983125499466	0.230200576533501
1.89247801032157	1.63179595611889
-0.967913118768585	0.566880494409038
-1.11480389157877	0.541093044086259
0.671494664560962	0.334807235682389
1.51292070183513	1.26323270659872
0.128609310588168	0.0570988901799906
-0.571505531550015	0.3124149088738
0.671451054414393	0.334664702764609
1.04459843672637	0.754019514650505
0.365797211168257	0.150339977566715
0.396154024889711	0.226290818605055
-0.579090117832204	0.267455039000505
-0.0047138086914673	0.00218770251866513
-0.825142928248916	0.599571444913089
0.898264524653063	0.723119555449305
-0.104844951344196	0.0291451841025915
0.764693051385642	0.33154041613148
0.373063689449818	0.176309167899013
0.12908973581767	0.0573229047507517
0.796563367283465	0.546405439872833
-0.184393374089649	0.0790787932600563
-0.968384130058026	0.567051569300168
-0.422406829788458	0.236695706877833
-0.0081408866142675	0.00267744478079309
0.373299878341106	0.176389734786326
0.852859024632958	0.546883761518186
-1.51140176261422	0.927988291760551
0.584705454785635	0.379865393865165
0.584751571128831	0.379962887188801
0.0479827463402476	0.0242098150145323
0.128862234571198	0.0572251923644326
-1.81214262506424	1.31280718646836
0.372950968880263	0.176251163954604
-1.32938572253344	0.733074998982863
1.30817931439108	0.797679491776654
1.15014266729831	0.774326861652598
0.607187780002941	0.368139762144304
-0.327230881004658	0.129566059642725
-2.19317610517767	1.21115236630217
-1.1146996213552	0.541121784175122
0.764693051385642	0.33154041613148
0.37294067854689	0.176245525558977
-0.0789466320583325	0.0354412383139809
-0.32733529210431	0.129585538245281
-1.68694899077746	0.703952762450668
-1.67035171659667	1.12130058923539
0.128739954381237	0.0571706971446716
2.59830808808347	0.565621890602798
-0.578975115762517	0.267390226446819
-0.952612120944232	0.272853156193857
-0.578975115762517	0.267390226446819
0.63229174929066	0.352703851644874
-1.51128399880157	0.927879913676698
1.03218127253685	0.911052508375353
0.373176502294703	0.176346584481927
-0.314867405965761	0.180451526135702
-0.00482134538163185	0.00223622028267589
-0.449641252180695	0.282629245641421
0.234217042819429	0.135554715301903
0.372838340462595	0.176172443452236
0.372961276956232	0.176215374962572
-0.167822568183777	0.0869921519796813
1.05626633094545	0.549797046240232
0.399522808019211	0.245179011225327
-0.516877128372687	0.178641872315134
-0.449641252180695	0.282629245641421
-0.391611384485079	0.191440763997525
0.584781816253386	0.379967818774411
1.52784463210771	1.0661843353169
0.0479747380547107	0.0242080962692441
-0.573043063375869	0.392116283470683
-3.87503061007077	1.20658143667459
-0.184505553212383	0.0791373504854963
-0.171854279210956	0.102994903376511
-0.731943567101129	0.441217944876616
-0.0488357677346139	0.0266327969000951
0.0859146137953314	0.0468559151956241
-0.78812077431086	0.414038094571237
0.264584122052665	0.174447372671049
0.929116274088441	0.545396838220442
0.372950968880263	0.176251163954604
0.671567142878356	0.33484663200897
-0.184393374089649	0.0790787932600563
-1.32923129610163	0.732528030362833
1.30829511341016	0.797784880803241
0.928870064051347	0.54523415602611
0.632273962207813	0.352668549463053
-0.518151592408807	0.17915606425969
-0.877171466206336	0.577150150243609
-0.00887297177040951	0.00291884997088316
0.365900780420747	0.150323570811862
-0.26050123433033	0.131519082409796
-0.0083456807373163	0.00274570284113593
0.845979364827558	0.715144881301218
-0.968040626027814	0.567014988604947
-0.516625938445608	0.17859542475739
-0.57891800770035	0.267189778165235
-0.078745871602922	0.0353461577361168
0.372817885836604	0.176161081982385
0.0617424742393982	0.0239084459082885
-1.24510261178724	1.02227857312988
0.373053344931518	0.176282869574425
0.963401097638603	0.736897946780892
0.656340882707527	0.556764329453062
0.178582044959992	0.0880558495915799
-1.13154295188984	0.867783868580836
0.372950968880263	0.176251163954604
0.234232279831925	0.135519937396651
-0.314814424996404	0.18040114856928
-1.13153535371861	0.867658783457998
0.398728165319106	0.276971181700825
0.116088690904934	0.0679714760425284
-0.391837132279878	0.191577190293029
-0.389984373105749	0.276377432670347
-0.788232305482405	0.414275835906919
-0.391957975436554	0.191620519285313
-0.702076942109083	0.470860675959319
0.264597924244184	0.174496820223054
-1.83912852621356	1.75953578805059
-0.701931635787829	0.4711048335323
0.396089831394072	0.226278388755559
0.178423283573288	0.0879679360806085
0.852952818714724	0.546952016374648
-0.327545278073981	0.129659072969271
0.387618551364921	0.203775351678185
0.929003379570485	0.54534639567847
1.04417132370979	0.75412450860252
0.373176502294703	0.176346584481927
-0.167891044836085	0.0870165131143139
0.564145183307959	0.389473891906218
0.606905808623433	0.368049054219425
-0.571518586146758	0.312432773778368
0.607253832843967	0.368042159060639
-0.47193598369863	0.328714911628813
-0.00482134538163185	0.00223622028267589
1.72130744598584	1.34723838494901
-0.167814701890377	0.0869867978736486
-0.100369256397121	0.0533525851212288
-0.0790660786633357	0.0354934239501734
1.05615920010244	0.549561803212589
-0.579004253227954	0.267391767117248
-0.849075640655895	0.353944854479088
-1.13161921532796	0.867471882192457
-0.078745871602922	0.0353461577361168
0.712061048069147	0.546653091630455
0.796412832540613	0.54632387049216
1.11255166293503	0.937740334633732
0.398820720900162	0.277025474674033
0.178394582455224	0.0879597751455033
0.928757462515204	0.545183921949788
0.387524745750924	0.203731359245904
-0.573452381665004	0.39227606589535
0.211827445314614	0.113815124257299
1.04435891259757	0.754279565754827
-0.889789726075743	0.758188605908356
-0.449827940395289	0.282731266711348
-0.171868434519582	0.102987037446451
0.396111062600139	0.226300322457463
0.632055174789326	0.352583555456159
0.178835485532827	0.0881531101647819
-0.00471351223080486	0.00218494087160831
-0.224365553416683	0.149241083034403
0.211887954999951	0.113856287486724
-0.184505553212383	0.0791373504854963
-0.391603095504156	0.191462066890932
-0.788111377288474	0.414177817025583
1.51274755477291	1.26322709321652
-0.788111377288474	0.414177817025583
0.671639646013065	0.334844260911513
-0.00479974634476388	0.00222777119469707
-1.0094856146547	0.719469300354575
0.178236240272615	0.0878720950705939
-0.351647589951643	0.276314271546504
0.396111062600139	0.226300322457463
-1.00946265936106	0.719458642516027
0.211849784137663	0.11382783840282
-0.825053757516349	0.59945569070679
-0.358732662393978	0.230114354749903
-1.40182099425293	1.05074397500167
-0.100517289863626	0.0534489339909363
0.178329729181954	0.0879236922445928
0.128975937783999	0.0572771124689474
-0.56834400715451	0.349927830323958
-1.1145954954322	0.541089063658969
0.671494664560962	0.334807235682389
1.83326228442444	1.14063930125445
1.04437317883755	0.754099794507054
-1.81203188881971	1.3132177825067
0.402733937014348	0.139484956672463
-0.171710160877072	0.102884135352662
0.712206659121283	0.546432988175045
0.0286645343390209	0.0169901706521527
1.3429766972884	1.01493823898538
0.711955520499496	0.546473472346318
0.398952751279318	0.261019310889639
0.546816875156251	0.399566848469562
-0.327335889648938	0.129624283363844
-0.235224426170279	0.137909137164948
2.17433880348467	0.972352135469458
-0.260407914201451	0.131463826799335
0.0479364447408366	0.0241891330477726
-0.788353018666431	0.414337941238971
-0.322054918949587	0.231926205197877
-0.939301367765877	0.734653716487146
-0.0786522619879239	0.0353023758590265
1.24625237863766	1.14601124538298
-0.981582700758372	0.891019279351557
-0.171733333748742	0.102903938585626
0.898518839798478	0.723517076998338
0.398952751279318	0.261019310889639
-1.12692027910398	0.723978664203291
1.0442507952022	0.75417682170438
-0.788232305482405	0.414275835906919
-0.571518586146758	0.312432773778368
0.671639646013065	0.334844260911513
-0.788343745757691	0.414362328106443
-0.571856302171083	0.312667878337296
0.898526453765479	0.723531388531303
1.11246149016777	0.937645880867221
0.399268642118077	0.293337031059412
-0.571731700161253	0.312583492623591
-0.119360655922449	0.072933055218904
0.399482143469601	0.293362056490243
-0.100711867297307	0.053558502180433
0.399800945096896	0.309744897520225
0.250684905061533	0.155242539654961
0.234194106334154	0.135535242488063
0.51280296993901	0.436612787781603
-2.38057347701196	1.46158705263183
-0.449470313294104	0.282463449072139
1.89211770711783	1.63150362162291
0.250592487483807	0.155172004789474
0.399438087502248	0.24508360369272
-1.32931437217088	0.732704638322614
-1.32949835504126	0.73284027733314
-0.516375129736063	0.178441001382876
-0.104191034118389	0.0289508643830017
-0.848756633713589	0.353692019334519
1.72142932893131	1.34673984927258
0.398952751279318	0.261019310889639
1.36223634861539	1.19727846089222
0.85276529812906	0.546766261298029
-0.184260968187063	0.0790176636787065
-0.260314528745779	0.131393590854783
0.67165474986319	0.334887885324188
0.956226036647493	0.344930752421141
-0.184393374089649	0.0790787932600563
0.396218627105279	0.226311693792237
-0.10062225280412	0.0535115969827204
-0.31484487118018	0.180441066493249
-0.487900342715734	0.372935930454834
-2.06194765321577	1.69869793520873
1.15450585703504	1.10876383623045
1.15475674214887	1.10924916729094
-0.938919602641575	0.734277294146734
-0.579162162837228	0.267406238343768
1.34289595232922	1.01499095487319
2.04737150187157	1.45176978076316
-0.22441533242714	0.149321786982421
-0.358351663559802	0.229777267503482
0.750975541614246	0.54652601352424
-0.788101962939554	0.414130609919789
-0.391716070497778	0.191515317219743
1.720975527959	1.34577221656854
-0.848235856286303	0.353414829103439
-0.579047233084989	0.267435837190726
-1.24511065089149	1.02221469041217
1.0442650852691	0.754232399790507
2.5647512484324	2.43468317678237
0.38733733715432	0.203585026748655
-1.1144886963805	0.541000350984738
2.04744320483324	1.45215470726529
0.656285226223935	0.556752931738205
-1.81215013291437	1.31285472539129
0.584721353956748	0.379925831477889
1.03232726684426	0.91135634635286
-0.732051484142669	0.441276325037825
-0.674873072019471	0.545745098121915
0.128626494876668	0.0571126960744007
0.116368199676192	0.0681703696479722
-0.0757763188863928	0.0471943830956684
-2.01782154664776	2.13818998921818
0.250513390435162	0.155108504066862
0.671567142878356	0.33484663200897
0.898444264260743	0.723439633854202
0.584896464035114	0.37989890806462
-0.422320612835452	0.236661180017005
0.955740311572938	0.344597279041458
-1.27066180837054	0.885025373031595
0.449482770198073	0.0873321855854351
1.72118578227213	1.34715372139245
1.05637106962915	0.549947620800554
-0.0078192213786039	0.00257237113093503
-0.171816972074702	0.102965328684015
-0.235528417687142	0.138093242377677
0.75104417444328	0.546490588732559
0.365797749259746	0.15029510416954
2.45265512874046	1.302355134432
1.04409201173031	0.753962957849965
1.15459837683384	1.10904984901962
0.39934784930913	0.244961382807216
1.37272395436852	1.53219799065654
-0.67476713709981	0.545597783452129
-0.889739439393221	0.757923214285955
-0.487633965163832	0.372797634315868
-0.314943947858019	0.180508496860338
0.178329729181954	0.0879236922445928
-0.571505531550015	0.3124149088738
0.607079602467905	0.368102950443178
-2.06200452346201	1.69886589485288
1.15015132121946	0.774176029611433
0.372583028617614	0.175978797190814
-0.579126611208689	0.47515484208015
-0.487632324172963	0.372729702384032
-1.27072298147689	0.885399734353617
-0.314867405965761	0.180451526135702
-2.54164604234959	1.70690389932735
-0.0083456807373163	0.00274570284113593
0.631924054382468	0.352475981362613
1.80554775261157	0.656236220945208
0.956055118653698	0.344844233810228
-0.391603095504156	0.191462066890932
-0.449470313294104	0.282463449072139
0.750975541614246	0.54652601352424
-0.788334455485247	0.414193392330842
0.372715621940169	0.176108968034927
1.89249130591191	1.63157728953475
2.23920215645425	1.77948666453676
-0.568481019853327	0.350153375981782
-0.100509606076791	0.0534359574492713
0.632055174789326	0.352583555456159
0.399187088913684	0.293282605618885
-0.327120299645599	0.129477764934943
0.0290370556228624	0.0172206399698484
-0.100532689740455	0.0534621458761021
-0.389823995955751	0.276239675249137
0.671465868796485	0.334774054050095
-0.579132907592339	0.26744572765706
-0.327230659220978	0.129567376802136
1.14990698215722	0.773998601930091
0.671538371030747	0.334855559136084
0.365797211168257	0.150339977566715
0.396197438898127	0.226365511940548
-0.732114848484512	0.441422043241892
0.853033866383466	0.547002647083637
-0.516375129736063	0.178441001382876
0.178408925233274	0.0879707492156317
1.15013402987552	0.774255798157072
0.264416845184415	0.174291804898732
0.286397472197663	0.211642737890306
0.564519365410335	0.389682043346549
-1.70869317560185	1.86211141399862
-0.577002826250074	0.434347034870591
-5.31159209807022	3.42682726072569
0.584721353956748	0.379925831477889
-0.285090593703859	0.186376827935707
-0.139721466554896	0.105919060593926
-0.568511406865005	0.350173903370174
0.128513129788498	0.0570429042556451
1.31729408016793	0.590203599966043
-0.103877372062926	0.0288628201081387
-0.788222961863263	0.414264406349458
0.402089212506356	0.13919342312955
-0.0081408866142675	0.00267744478079309
0.928880311944051	0.545314341145758
0.387443934982169	0.203677658568846
-1.66978153680175	1.12073707888591
-0.260594489203997	0.131559221193867
-0.848034357080434	0.353432748047731
-0.00647290097493442	0.00361346614744142
-0.315012604577116	0.180519573244866
0.372950968880263	0.176251163954604
0.681316174111768	0.550453254299595
-0.285164564145787	0.186407245785783
-0.766493021691875	0.663087724450388
0.11614924186535	0.0680207405035995
0.845952734120206	0.715189374908091
-0.100696563025694	0.0535453328515396
-0.260766091295426	0.131607173198637
0.399058289087215	0.261066486593233
-0.167738302724452	0.0869260433210468
-0.314837032959884	0.180433066341452
-0.686656780325162	0.508238057982816
-0.314867405965761	0.180451526135702
-0.56857990501294	0.350166387556922
0.764486778123062	0.331447869942357
-0.104674754370764	0.0290881727694566
0.956540565542805	0.344960841267334
-0.327231183041061	0.129525284241862
0.440364661588217	0.120386763104114
1.59491187457724	0.855036907978974
0.387712424627645	0.203798195508622
0.671567142878356	0.33484663200897
0.178329729181954	0.0879236922445928
0.765015511027073	0.33174094912973
-0.00469223554792906	0.00217704265702508
-0.184260968187063	0.0790176636787065
-1.00963028713932	0.719349342460465
-1.44931854075231	1.3467404647264
-0.0489803984799141	0.0267132188815541
0.211797232378301	0.113783323335555
-0.889692726726828	0.75800789084331
0.53306482134508	0.410917102288188
-0.167746238435569	0.0869469108163603
0.211819494672195	0.113810815709731
0.917278312388255	0.884409022298023
0.711928262731637	0.546541091843573
-0.877105806247263	0.577078965683136
-0.389875558702191	0.27626357840334
-0.167814701890377	0.0869867978736486
-0.571737584667295	0.312608565413617
0.928757462515204	0.545183921949788
0.440364661588217	0.120386763104114
-3.87542104119766	1.20695765047403
0.128739954381237	0.0571706971446716
0.852684638589434	0.546640068159778
0.0478981651999103	0.0241685434406286
-0.516877128372687	0.178641872315134
-0.579060886134685	0.267400175341313
1.2122505761694	0.971192499435083
-0.732456119062806	0.441453292209616
0.365691013165346	0.150286033986656
0.0616264557748945	0.0238611614751663
-2.01765464579412	2.13623082814416
0.211819494672195	0.113810815709731
-1.04453070585904	0.875000983365389
-0.573386218971462	0.392297574695439
0.211950305206356	0.113796547942838
-0.265725247681282	0.194240756701471
-0.00855432177690796	0.00551122029529314
-0.825224295078979	0.599634201404957
-0.889896617486106	0.758357339826199
0.128626494876668	0.0571126960744007
-0.212489504312492	0.172344875267486
0.533436421763997	0.411253513347066
-0.889859782606406	0.75818922164643
-0.674898840923898	0.545790922920221
-0.358482443566859	0.22990725334661
-0.235316786021102	0.137981180349472
-0.449649024133895	0.282626986880979
0.178661665260978	0.0880903270670572
-2.19317610517767	1.21115236630217
0.671538371030747	0.334855559136084
0.0616264557748945	0.0238611614751663
-0.105329780244259	0.0292757305992616
-0.788575520499092	0.414353051058273
0.365586141782211	0.150181109261029
0.178596309255561	0.0880509577055597
0.0617861815936593	0.0239238580331253
-2.06208631210555	1.69806558567079
2.67818428844214	1.6460879033049
-0.579076394161371	0.267343048259156
0.403632537227691	0.139839884189156
1.05637163360447	0.549884852122293
0.546830196927245	0.399558804431895
0.396176409966509	0.226325721913052
0.606826204302058	0.368017845521227
1.6636969038813	1.51644247306866
-0.824015227765256	0.816295717198775
-0.414026562963196	0.32117309809927
-0.686866363195777	0.508263388565242
-0.449641252180695	0.282629245641421
0.803945827600581	0.712263366492621
0.234396349619033	0.13565353178987
-0.167639595000555	0.086842707979077
-0.285127572665304	0.18640202474893
0.387537631223081	0.203721585062821
0.769812401916228	0.713361601759979
-0.701801990339726	0.470952990233888
-1.13147421927421	0.867563171264953
-0.10061457138053	0.053506852680468
0.7964775407151	0.546436206750712
-0.260314528745779	0.131393590854783
0.796671892313859	0.546511095379513
-0.968152752066219	0.567121503023109
2.04770081271462	1.45297093609191
0.852952818714724	0.546952016374648
0.75083556199308	0.546388049889566
0.387699641114235	0.203810552040452
-0.184617640808077	0.0791844639739394
0.963485578094049	0.737033103872343
1.31550430715225	0.588802943698808
0.0858353222994158	0.0468161299105287
0.632396826255826	0.352744510096783
-0.517262058968037	0.178864495866734
-0.327335889648938	0.129624283363844
0.632055174789326	0.352583555456159
0.972468370376312	1.05471170220811
-1.74055815189192	1.57530601005613
0.211797232378301	0.113783323335555
-0.889933464924159	0.758398727133385
-0.877105806247263	0.577078965683136
-0.0065935539137356	0.00367940017156973
0.396197438898127	0.226365511940548
0.968642247901215	0.894627010363366
-0.358838437756147	0.230161188232916
-0.00486416332271454	0.00225720774190238
1.2460805514049	1.14608745729724
0.398793855759975	0.26086314753592
0.250724950671121	0.155232778584426
-0.938985249993604	0.734486826092846
1.0563721169038	0.549683027568135
-0.00907866149999291	0.00298664964320787
-1.96467671705873	0.956602614744049
0.928767656287062	0.545207466605494
0.439986145529585	0.120240256039653
-0.18438336931455	0.0790808605857554
-0.877149112430242	0.577216000555005
1.0563721169038	0.549683027568135
-0.184505553212383	0.0791373504854963
-1.1146996213552	0.541121784175122
0.403765825794991	0.1398030758734
0.365796592364056	0.150347828566248
-0.951768045880078	0.27264192625531
0.399629756186755	0.245296505376421
1.21238000227573	0.971369902993594
-1.54111924579196	1.5152294871778
-0.877149112430242	0.577216000555005
-1.54099879245736	1.51471945368246
0.75093310637041	0.546451336382571
-0.573043063375869	0.392116283470683
-0.100704209772987	0.0535537703395433
-0.171975261730541	0.103067661326467
-0.0489803984799141	0.0267132188815541
-1.04417858698584	0.873712627502975
0.751013853753835	0.54655060088885
0.0290113532844415	0.0172048544907705
-0.00482134538163185	0.00223622028267589
-0.487686905437284	0.372851819278413
-0.686539864471545	0.507744196866069
0.504309720214518	0.449011318954947
-0.0489147483452937	0.0266769411251259
-0.00486435955028876	0.00225474722485634
0.178250692646318	0.087868903847657
1.24619310387053	1.14613373756296
-0.0784648403539831	0.0352003266724505
0.671610898104777	0.334894991105506
0.439871247620891	0.120233355559156
-1.35610128709322	0.474818712797072
0.606573930730702	0.367747138860669
0.750745284981443	0.546232890910934
0.928880311944051	0.545314341145758
0.852859024632958	0.546883761518186
-0.314928072102401	0.180459211008952
-4.44943194328068	1.84281496770354
-0.579090117832204	0.267455039000505
1.34262833885246	1.01429436864152
0.399071356027783	0.261037052212534
-0.487714193016348	0.372872010913352
0.853033866383466	0.547002647083637
0.606573930730702	0.367747138860669
1.03228811396477	0.911373667372357
0.898256993301542	0.723151630240779
-0.167731464486394	0.0869187079317173
-1.52282792740514	1.22121094412113
-0.516375129736063	0.178441001382876
1.11240037562521	0.937119290552478
-0.0786522619879239	0.0353023758590265
0.37294067854689	0.176245525558977
-2.17327909245359	1.89551544980822
2.1818777444032	2.20352361668525
-0.100734904473534	0.0535427688744678
-0.260422454505934	0.131473076198748
1.2460805514049	1.14608745729724
0.606826204302058	0.368017845521227
-0.00473520578037929	0.00219591531042473
0.398774442714311	0.277029786852801
-0.260170783678341	0.131299457961473
1.34289595232922	1.01499095487319
0.750738002359985	0.54623867910786
-0.0789466320583325	0.0354412383139809
-0.0394021869687792	0.0249870624350815
1.21240187826844	0.971357094877432
-0.314913534863782	0.18049000784073
-0.968272243637976	0.567172585007472
0.250579140813568	0.1551468753094
1.26763398027087	1.31639315234962
0.38733733715432	0.203585026748655
-0.327230881004658	0.129566059642725
1.04427939074659	0.754117796960099
0.399728693730097	0.24533491213199
0.564152751246519	0.389471809180536
-0.0489147483452937	0.0266769411251259
-0.100443178122335	0.0534100513858687
0.0618149550089233	0.0239347187925616
-0.359062217383498	0.230191290592715
0.963401097638603	0.736897946780892
0.681241352515058	0.550356675529182
0.399026614516123	0.293037091397908
-0.449551847246755	0.28255524491248
-4.18716485783141	1.51198812883872
1.80580755289182	0.656394825107787
0.852697656326824	0.546485183471197
0.852952818714724	0.546952016374648
1.04453259252245	0.754314244963196
0.765953398420328	0.332013285790487
-0.327335550717987	0.129625546394617
-2.19317773508491	1.21121855507647
-1.35579670478113	0.474613983393002
0.399759035636576	0.245315310439663
-2.54154023086546	1.70666508754853
0.404528506212484	0.140109187892536
1.05647634350404	0.549821521222389
0.852871940568314	0.546825607663817
1.72130744598584	1.34723838494901
-0.389822567124657	0.276209731907798
-0.471950019674365	0.328941989211809
0.533208825612179	0.411146860046541
1.24609570894549	1.14612220009606
-0.119652878662126	0.0731350870173091
0.211849784137663	0.11382783840282
-0.235382896302948	0.138024912443037
1.51274755477291	1.26322709321652
0.681163087292863	0.55039022934489
-0.472094075181024	0.329036698021253
0.804029465539626	0.712392747137759
0.211895891785283	0.113859386997973
0.234112079861019	0.135489192248169
-0.487608320482119	0.37274814708529
0.0856102865405148	0.0466836802412313
-0.167677774336158	0.0868939558902765
1.92301070858002	2.03867543852803
0.12908973581767	0.0573229047507517
0.87454587146669	0.879157328057056
-0.422406153924719	0.236701653650632
-1.11449125834891	0.540788176297302
1.7210806538876	1.34702122879155
-0.00467057234517247	0.00216620810420213
0.264574648130701	0.174478236700459
0.399265993705074	0.293298484223624
0.803899309122687	0.712078870782328
-0.390008771037508	0.276395178397817
1.61920407161184	1.66826285973626
-0.100427730451234	0.0533968200283202
1.72118578227213	1.34715372139245
-0.358640290259768	0.230034639766072
0.264741881640269	0.174598132091718
-0.788353018666431	0.414337941238971
0.712113288580267	0.546512641902705
-1.52285115919996	1.22094655905409
0.584789793668832	0.379972034303177
-2.19242126769198	1.21041099953334
-0.825150817760178	0.599509934408343
-0.184148497629906	0.0789589941501255
-0.571425270298364	0.312336137740824
0.92864495305129	0.545077172240108
1.5277028808094	1.06619660026767
-1.68718740077762	0.704071354649794
-0.391255137428528	0.191169523108121
-0.391368449200474	0.19130152788782
1.79951650032039	1.77572252920144
0.963584205771531	0.737122253083976
-0.167883164706142	0.0870145895376265
-0.687077928471641	0.508348508650678
-0.167655258361164	0.0868735579417123
1.0322086691734	0.911326076798724
-0.0487300164360545	0.0265724014795389
-0.17198944513495	0.103050930947346
0.607028100327419	0.368040761400758
-0.573109057679514	0.392100635956525
0.396197438898127	0.226365511940548
-0.260658316972533	0.131581223015508
0.141892369815366	0.0887500114785208
0.928880311944051	0.545314341145758
2.56490773114907	2.43466840278722
0.128722661231086	0.0571444794901516
0.399660064812808	0.245317382260872
0.128975937783999	0.0572771124689474
0.963409078782663	0.736933842807329
1.52782493970326	1.0667583525539
0.211857686193715	0.113839275081236
0.372715621940169	0.176108968034927
0.128609310588168	0.0570988901799906
-0.327335550717987	0.129625546394617
0.928993059852903	0.545364679729449
-1.00938659182668	0.718995558718003
-0.260422454505934	0.131473076198748
-0.18438336931455	0.0790808605857554
0.0479972024740841	0.0242164984656391
0.396024933516971	0.226195455441666
0.584737587247751	0.379737389134723
-0.00477816764385727	0.00221449009969904
-0.16770805249265	0.0869124257822003
-0.731958339276255	0.441230120289073
1.15026509610464	0.774341633185776
-0.391707819032516	0.191441091636894
-0.167647468271265	0.0868700825002316
0.852671639124429	0.546588557482098
0.23418643927166	0.135508047994074
-0.391594789884239	0.191438279351218
2.67818428844214	1.6460879033049
-1.27081507817581	0.885146462492235
-0.578902974009509	0.267254122102802
0.439871247620891	0.120233355559156
0.402345342397214	0.139296846935855
1.59470739222458	0.85474153603705
-0.422449318801549	0.236728116220036
-0.516877128372687	0.178641872315134
-0.967928406766678	0.566690436445225
-1.96368093592683	0.955822689151189
0.564242568767649	0.389576900413468
0.372705457589149	0.176103244649458
-1.27081507817581	0.885146462492235
0.396024933516971	0.226195455441666
0.061698863167424	0.023890625298551
-1.54126302224802	1.51567196747083
1.36212966873912	1.19733244835361
-0.573056252013549	0.392154337670413
-0.938958711023036	0.734322134192378
0.533352804546952	0.411255786419984
-0.167685612928479	0.0869045304599133
-0.358588196149511	0.23002237558786
0.512887991688242	0.436697103672068
-0.573135403447075	0.392220170007954
0.234404021406471	0.135642044145342
0.142026984342139	0.0888324262134955
0.128496054262865	0.0570471936487537
-0.0786522619879239	0.0353023758590265
0.671698698273033	0.33479207593374
1.21227233254194	0.971179568236575
-0.100965858344056	0.0536677616504564
0.606999733160499	0.368112755368252
2.04748541642585	1.45280064834541
0.0616119293818908	0.0238454086482069
0.365902525614416	0.150379543777498
-0.26050123433033	0.131519082409796
-0.788241631735444	0.41410029348193
-0.260658316972533	0.131581223015508
0.852846126923184	0.546816711265645
0.234119701427991	0.135495466226445
0.128617894345499	0.0571115897629187
1.34307053574539	1.01506199733172
-0.184505553212383	0.0791373504854963
0.928767656287062	0.545207466605494
-0.890114108701225	0.758325900391627
0.546882652287686	0.39961135638563
-0.31487529078185	0.180469531977314
-0.571969057025845	0.312725884763733
0.399005980674987	0.261013769672977
0.399523941949888	0.309549797669524
-0.579047233084989	0.267435837190726
-0.184485633764555	0.0790929662935038
-0.0788269788881849	0.0353859300459337
0.234380973697782	0.135649480050334
-2.81228038488489	2.16531995733398
1.15002045869346	0.774163935987156
-0.327230659220978	0.129567376802136
0.396240348787542	0.226360026749263
2.87963000652241	2.00211060739267
0.671378649492526	0.334583333907498
0.928767656287062	0.545207466605494
-0.260687678894057	0.131570425690877
0.0616700182489409	0.0238789606093496
1.52772243101706	1.06654333577132
0.372838340462595	0.176172443452236
1.51240256295862	1.26195140214666
0.533320052489699	0.411063399391082
-1.1145954954322	0.541089063658969
-0.788111377288474	0.414177817025583
0.26445394149922	0.174351762604569
0.396132754922445	0.226326677718278
-0.579085619235567	0.475083606385818
-0.314982198182125	0.180510673545541
-0.104530837627992	0.0290497664010843
0.0480050835828071	0.0242224684999677
0.211781317206402	0.113772152167333
-0.00475644377704416	0.00220336623888643
-0.167852880383599	0.0870058064419345
0.928982757783092	0.545220013672355
-0.791908305713741	0.630579329942369
-0.358561349203797	0.229976361393022
-0.449738456594333	0.282686420755686
0.917306749414009	0.884428769024171
-0.18438336931455	0.0790808605857554
-0.0792983182988193	0.0355880668052682
-0.731943567101129	0.441217944876616
0.178236240272615	0.0878720950705939
1.08191010479496	1.08387246777139
0.0615540730712499	0.0238263165776983
-0.938971978520868	0.734455823851989
0.366007310144161	0.150389420387711
-0.568442908073705	0.35011647403505
0.365691013165346	0.150286033986656
0.387631395002869	0.203744369619616
0.0288765481797219	0.017124337713658
-2.06201088940925	1.69806729104494
-0.119518275601168	0.0730591665263058
-0.825313591982397	0.599686009158765
0.584713362680071	0.379926319520258
-0.0946461025916477	0.065946218902393
-0.18485131374827	0.0792610028696062
0.0857035906830453	0.0467362147826808
-1.96417843831088	0.956262812874776
1.59511601418842	0.855215915166121
0.929003379570485	0.54534639567847
0.711955520499496	0.546473472346318
1.15013402987552	0.774255798157072
0.898429094995836	0.72345739395091
0.0856897039185628	0.0467307539129102
0.365691750007034	0.150278237952888
0.399720762046032	0.245300880797733
-0.327546345457555	0.129698049658362
0.234119701427991	0.135495466226445
1.2460805514049	1.14608745729724
-1.51163666013488	0.927934310168409
-0.224258052383295	0.149194322465968
-0.00492854277876656	0.0022864262251376
0.898503579485957	0.723336576315312
-0.732192865670734	0.441473163114747
0.399137671090677	0.261102471627967
-0.449656806802103	0.282594576641388
-0.260343515581359	0.131418537401997
0.632055174789326	0.352583555456159
0.796434639915807	0.546296788418666
-0.167844965554481	0.0869955704368866
-1.3293741599723	0.732677246408085
-0.0489147483452937	0.0266769411251259
-1.51151154262208	0.927724141804404
-0.184515486374521	0.0791276552318126
-0.674897402447207	0.545676629601899
0.928880311944051	0.545314341145758
0.928532535536287	0.544905767686774
-0.260422454505934	0.131473076198748
-0.422191756794098	0.236454601983767
1.8333666502392	1.14033606036781
-0.184729636999735	0.0792123581775086
-0.0789528454821435	0.0354404697364153
0.128739954381237	0.0571706971446716
0.211849784137663	0.11382783840282
0.852965692838688	0.546844532922721
0.399452705761677	0.245117872994277
0.128862234571198	0.0572251923644326
-0.701824725138337	0.470945497752617
-1.04457134267591	0.874614940191236
-1.40182099425293	1.05074397500167
-0.167685612928479	0.0869045304599133
0.373063689449818	0.176309167899013
-1.94202876330122	1.5053209239681
0.584751571128831	0.379962887188801
1.15001189224992	0.773840743719683
0.963576217500344	0.737080806847057
2.04492582372715	1.91779361320126
0.365691750007034	0.150278237952888
-0.968025445363508	0.56675996581703
0.387605725992851	0.203766496048981
-0.968033043844823	0.567023112730889
-0.967913118768585	0.566880494409038
-0.788232305482405	0.414275835906919
-0.00477832280722481	0.00221735527016294
-0.788241631735444	0.41410029348193
-0.391949865486702	0.191579791283879
-0.260515813735499	0.131513276350311
0.75090690912795	0.546464500138251
-0.579033367168222	0.267270811025254
-1.24509458323549	1.02214379691749
0.79652044983038	0.5464742420311
-0.449559643029099	0.282553005776485
-0.260673005754938	0.131596036501488
-1.27081507817581	0.885146462492235
0.129098587708665	0.0573264026873503
-0.391481666646295	0.191384943509599
-0.788111377288474	0.414177817025583
-0.579076394161371	0.267343048259156
0.0479364447408366	0.0241891330477726
0.372961276956232	0.176215374962572
1.05626564904319	0.549859734255288
-0.184138349574932	0.0789468767059439
-0.327440587999834	0.129669435996948
0.929116274088441	0.545396838220442
-0.00898964020268047	0.0029539361524627
-0.579090117832204	0.267455039000505
-0.450007061953605	0.282771054431683
-0.078745871602922	0.0353461577361168
-0.171928935227595	0.103021233645045
0.373063689449818	0.176309167899013
0.365901442885752	0.150373308319952
0.234299063326123	0.135610764338717
0.396111062600139	0.226300322457463
0.387592918851795	0.203717843721853
0.681186223507185	0.550467240857607
-0.00473520578037929	0.00219591531042473
0.178315331624704	0.0879190895682354
-0.18438336931455	0.0790808605857554
1.72106433760576	1.34644340349619
-0.184260968187063	0.0790176636787065
-0.788464314880281	0.414424326723021
-0.0786522619879239	0.0353023758590265
0.0616849033102692	0.0238703046354245
0.632273962207813	0.352668549463053
2.1745030772457	0.97257047022004
-0.0786392714965295	0.0352944119780959
-0.847196756999081	0.352694669460464
1.15025638771776	0.774418861125706
0.365796592364056	0.150347828566248
-0.184505553212383	0.0791373504854963
0.67150962292298	0.334766898185218
-1.3294270748627	0.733061521380134
2.1745030772457	0.97257047022004
-1.67035171659667	1.12130058923539
-0.579204904764993	0.267396917142687
0.12908973581767	0.0573229047507517
-0.260235539921703	0.131347478886903
0.852927125088669	0.54679237203476
-1.1145954954322	0.541089063658969
1.15446598229208	1.10826795893098
-0.358561349203797	0.229976361393022
0.546513328683927	0.399039953447598
0.399463044974	0.30944698726286
0.564488688995179	0.389636352486356
-0.472024518616386	0.329044883502682
1.92280838489995	2.03809939202119
-0.38993138298359	0.276323571369034
0.142051476455936	0.0888577884553235
-0.100719535592776	0.0535595262511556
-0.00477832280722481	0.00221735527016294
0.51280296993901	0.436612787781603
-0.0489147483452937	0.0266769411251259
-0.100435448908401	0.053405283159304
-0.787868874847883	0.413866295648985
-0.422406829788458	0.236695706877833
0.0616700182489409	0.0238789606093496
0.398941805303243	0.277111850128745
-0.686656780325162	0.508238057982816
0.546882652287686	0.39961135638563
-0.167883164706142	0.0870145895376265
0.264755643837087	0.174602748105253
0.128844798984404	0.0572090254928978
-0.391481666646295	0.191384943509599
-0.788232305482405	0.414275835906919
-0.449730708473686	0.282688698372418
0.398926616585652	0.260959883765235
0.178315331624704	0.0879190895682354
-0.732036673044235	0.441341043477748
-0.00887297177040951	0.00291884997088316
0.365691750007034	0.150278237952888
0.387431007706947	0.203668807909657
0.396176409966509	0.226325721913052
-0.848034357080434	0.353432748047731
0.372950968880263	0.176251163954604
-0.788473517099805	0.414356124603627
0.387350306201344	0.203615179010527
0.399550257329705	0.245208994329299
-0.573280670685844	0.392255128412562
1.24610327152177	1.14603064260661
0.750820935056823	0.546362059972189
0.398820720900162	0.277025474674033
2.04762898972722	1.45306199877903
0.128739954381237	0.0571706971446716
-0.235607797127112	0.138127518084743
0.372695311062578	0.1760365339899
-0.0790660786633357	0.0354934239501734
-0.449454684785548	0.282441571160091
0.12874862606073	0.0571671158579758
-0.0790599160932567	0.0354904532922947
0.928757462515204	0.545183921949788
-0.568541766074588	0.350174119857092
-1.81214638498018	1.31346636503693
0.85276529812906	0.546766261298029
0.584699288308755	0.37975753651039
0.211797232378301	0.113783323335555
0.0477902660040493	0.0241097371861677
1.21257442549333	0.971034627776287
0.128714039855774	0.0571029284271864
-0.167669852484744	0.0868611566354239
1.52783477727406	1.06674636561976
-0.825321423367854	0.599706575982585
0.656098836707982	0.556370497555478
-0.0786522619879239	0.0353023758590265
1.11255900834009	0.937756926523111
-1.00955415243895	0.719594277702576
-0.00469223554792906	0.00217704265702508
-0.00467057234517247	0.00216620810420213
-0.314913534863782	0.18049000784073
-0.732114848484512	0.441422043241892
-0.00475680929605525	0.00220672361861251
0.671538371030747	0.334855559136084
0.632273962207813	0.352668549463053
0.0617424742393982	0.0239084459082885
0.234291393901341	0.135604455620529
-0.578932087841688	0.267346135716811
0.671567142878356	0.33484663200897
-0.732114848484512	0.441422043241892
0.764809448292814	0.331596623912213
1.05647678982563	0.549758738961787
-0.00479980150253003	0.00222543899707575
-0.571737584667295	0.312608565413617
-1.4020082803769	1.05002133863402
0.564496374275452	0.38968806074679
-2.19242126769198	1.21041099953334
-0.315012604577116	0.180519573244866
0.764693051385642	0.33154041613148
0.178394582455224	0.0879597751455033
-0.391481666646295	0.191384943509599
-0.167715939625543	0.086928424290891
0.764486778123062	0.331447869942357
2.2394247921777	1.77898306958691
-0.391837132279878	0.191577190293029
-0.568481019853327	0.350153375981782
-0.422428119128095	0.236719234912365
-0.391246652475677	0.191209210716848
0.128739954381237	0.0571706971446716
1.24608813557136	1.14614110823046
-0.358667111251907	0.23008064430689
-1.51139392024975	0.927615958914171
0.0478678062535957	0.0241529007811321
-0.674818648861795	0.545711507796161
0.23431436981484	0.13559697571964
-0.167814701890377	0.0869867978736486
0.399621764926025	0.24528629890332
0.631801930370392	0.352266186569217
-1.12668504630645	0.723641797428308
-0.167814701890377	0.0869867978736486
-0.326826054547014	0.129307389949932
-1.32946833469828	0.732965002131583
-5.43162132598238	3.68083484144962
0.584691164752436	0.379856682356652
-0.184260968187063	0.0790176636787065
0.0618149550089233	0.0239347187925616
0.061684264453287	0.0238716146824014
1.52794721558097	1.06684388833972
-0.568382091800531	0.35000896247181
-0.260766091295426	0.131607173198637
-0.846996344736511	0.352712982272515
0.928880311944051	0.545314341145758
-1.2704617302546	0.88475871812798
0.0616700182489409	0.0238789606093496
0.852791231826911	0.546553226745956
0.129098587708665	0.0573264026873503
1.34315155927538	1.0146867240711
0.963592277608293	0.737012836381491
0.0478757935477757	0.0241566119386645
0.234209408113983	0.135557017197127
0.92864495305129	0.545077172240108
1.05637042484898	0.549937742703155
0.178142816773624	0.0878120900805318
-2.94720125929596	0.646055459499367
0.928880311944051	0.545314341145758
-0.10060690072741	0.0534984057920706
-0.391368449200474	0.19130152788782
0.233947696597948	0.135345684971314
1.15025638771776	0.774418861125706
0.79636990975931	0.546127549646644
1.34292205818967	1.01450959971465
-0.184617640808077	0.0791844639739394
0.234217042819429	0.135554715301903
0.0856102865405148	0.0466836802412313
0.0856373726497179	0.0467057526082143
-0.788353018666431	0.414337941238971
-0.848554588996423	0.353709685597233
0.128853508420719	0.0572225471771537
1.15013402987552	0.774255798157072
0.212010593123458	0.113852361361511
-0.788213600919535	0.414059767247702
-0.579162162837228	0.267406238343768
-0.848235856286303	0.353414829103439
1.05615920010244	0.549561803212589
0.128853508420719	0.0572225471771537
-0.327546345457555	0.129698049658362
-2.17331686162569	1.8947602690183
-0.57885989796914	0.267210036729404
0.387618551364921	0.203775351678185
-1.35626224425971	0.474875835650706
-0.0786522619879239	0.0353023758590265
0.632168963645606	0.352673317989728
-0.104674754370764	0.0290881727694566
-0.0788332563552394	0.0353882174785728
0.128975937783999	0.0572771124689474
-0.326826054547014	0.129307389949932
-0.00887297177040951	0.00291884997088316
-1.24510261178724	1.02227857312988
-0.391611384485079	0.191440763997525
-0.0788395206722486	0.0353837508560663
-0.571737584667295	0.312608565413617
-1.00963028713932	0.719349342460465
-0.260407914201451	0.131463826799335
0.917332660208241	0.884581953780753
-0.00462762409852259	0.00214716140244468
-0.472094075181024	0.329036698021253
0.399438087502248	0.24508360369272
0.365796592364056	0.150347828566248
1.11254430621574	0.937658562049887
0.211811627312371	0.113789183497608
1.66363218006478	1.5163341370245
-1.13151235160817	0.867711109736061
0.606985572740634	0.368039181171655
0.40427466411489	0.14004859743002
-0.568549525224171	0.350166151783107
0.671538371030747	0.334855559136084
-0.825224295078979	0.599634201404957
0.0479747380547107	0.0242080962692441
0.396132754922445	0.226326677718278
-1.1145954954322	0.541089063658969
-0.00887297177040951	0.00291884997088316
1.04443859417144	0.754332078234377
0.584743628490391	0.37993126836576
1.34298968142901	1.01511461811393
-1.6700152989722	1.12100199645362
0.796714735389882	0.546405370933732
-1.94216123291022	1.50467513780192
0.750918451769797	0.546500400749536
-0.00630569327131983	0.00352098828536637
-0.100458668795975	0.0534076702199801
0.396067948211418	0.226156805658469
0.845952734120206	0.715189374908091
-0.877084922463205	0.577091573709713
-1.12692027910398	0.723978664203291
0.365796592364056	0.150347828566248
-1.68779819019677	0.704372690601768
-0.18438336931455	0.0790808605857554
-0.391837132279878	0.191577190293029
-1.52275930550516	1.22110242110204
0.0479364447408366	0.0241891330477726
0.211857686193715	0.113839275081236
-1.52272863262192	1.2210077243497
0.750940416657925	0.546365990802168
-0.171975261730541	0.103067661326467
-0.846996344736511	0.352712982272515
-0.389982968519614	0.276402027316149
0.968800840708488	0.894865284437944
0.387524745750924	0.203731359245904
0.0617424742393982	0.0239084459082885
0.387443934982169	0.203677658568846
-0.516877128372687	0.178641872315134
-1.96349123148842	0.955719882005179
0.956055118653698	0.344844233810228
1.15002904169146	0.774161366781223
-1.00956173625136	0.719582795507295
0.387618551364921	0.203775351678185
0.399032143012627	0.261073229564847
0.399347543067605	0.293399579549052
-0.824032777257902	0.816033223245985
-0.0488357677346139	0.0266327969000951
0.396219281155119	0.226374014114269
-0.184260968187063	0.0790176636787065
0.12874862606073	0.0571671158579758
0.178344142351158	0.0879130866885018
0.373176502294703	0.176346584481927
-0.327441044350617	0.12966822779127
-0.939077485445265	0.734512322363123
0.234194106334154	0.135535242488063
-0.119518275601168	0.0730591665263058
0.712113288580267	0.546512641902705
0.606854759600209	0.367937503742949
-0.571731700161253	0.312583492623591
0.564055338292891	0.389338724185396
-1.81237114136569	1.31320997805571
0.0616700182489409	0.0238789606093496
-0.314806633342869	0.180404619625564
1.66343823540867	1.51523341491711
0.632414755868724	0.352649603014564
0.402478055947086	0.139341983658164
2.87962845611698	2.00197642674719
-1.11449125834891	0.540788176297302
0.750752556247719	0.54618955126339
-0.0791731085684495	0.0355323931006965
1.04434466175505	0.754284813205743
0.387618551364921	0.203775351678185
-0.358403573374647	0.229826301873213
-0.877213265073092	0.577236204859608
0.398956040914501	0.277132929710772
0.606840474184464	0.368014046586871
0.0479668102951513	0.0242035155870716
-1.12691507044464	0.723963263011774
0.403632537227691	0.139839884189156
1.80569663457174	0.656115285251937
-0.184627520138321	0.0791861460962011
0.365795892718222	0.150333644094674
0.750918451769797	0.546500400749536
1.03212918709089	0.911191470796257
-0.0626968733749649	0.0442364556382022
-1.00946265936106	0.719458642516027
-0.0788269788881849	0.0353859300459337
-0.848034357080434	0.353432748047731
-0.0489670362588258	0.0267049448325151
0.0479364447408366	0.0241891330477726
0.796542286709821	0.546503907985386
0.387686875825049	0.203780516144307
-1.66989852421153	1.12091319161198
-2.94698077954152	0.645760131429668
-0.84751494297264	0.353113627072122
-0.00855081732767539	0.00281333836665934
0.92864495305129	0.545077172240108
0.928890577483864	0.545239423768143
0.0479668102951513	0.0242035155870716
3.44542702694839	0.961324616818369
0.12908973581767	0.0573229047507517
-1.35082355811961	1.18222589649286
0.584683124801269	0.379889250809324
0.387443934982169	0.203677658568846
0.0855449313339043	0.0466444126680162
-0.701870683447116	0.471060482975925
3.0661005254668	2.38053530310131
0.387249349429255	0.203527671777068
0.373186918798905	0.176352245678087
0.373063689449818	0.176309167899013
-0.00467057234517247	0.00216620810420213
-0.0789466320583325	0.0354412383139809
-0.0489536777384871	0.0266950254107167
-0.217496910387678	0.16115931261989
0.0479972024740841	0.0242164984656391
-0.732051484142669	0.441276325037825
-0.00462697564859522	0.00214403876152766
-0.284946743038968	0.186258778585444
-0.571624596727463	0.31249828110112
0.396068108708119	0.226269963646636
-1.00945513744605	0.719425138137918
-1.13161168414825	0.867789638280916
3.44549632854058	0.961689054878872
-0.0083456807373163	0.00274570284113593
-0.951401566537421	0.272432782475208
0.12874862606073	0.0571671158579758
0.399295830525548	0.293323626553402
-0.235475303257102	0.138083428952403
0.546751032897838	0.399472875834704
0.67158217394513	0.334848424054662
-0.701809625083862	0.470900828404984
0.399652120253719	0.245289401469063
0.0479061058216731	0.0241734985376833
-0.00475680929605525	0.00220672361861251
-0.65342930032136	0.659939226936215
0.522335862115233	0.423792468739469
-0.260249986440471	0.131363174492885
-0.422341841578886	0.236653826502526
1.04442439792067	0.754229357853164
0.6070937235966	0.368145307451031
-1.63529122922898	1.39567717437349
0.564391425580226	0.389538938922036
0.211926139913565	0.113876387771514
0.211857686193715	0.113839275081236
0.399045218082428	0.26107791038966
-0.0788332563552394	0.0353882174785728
-0.391732523448923	0.191484277454062
-0.327336309025416	0.12958353525551
-0.00649619072655505	0.00362618846728953
-0.73228569888236	0.441519104636812
0.853115083689341	0.546978454245952
-1.4018007776737	1.0507394544735
0.250737202542004	0.155249271773575
0.750975541614246	0.54652601352424
-0.0785585849311568	0.0352548515118034
-0.449462493686468	0.282465667764756
0.211720780665111	0.113716184465266
0.250763944228594	0.155289556810608
-0.327230881004658	0.129566059642725
-0.358653698911515	0.230066631527229
-1.1146996213552	0.541121784175122
1.49719585959021	1.43025097472277
0.750918451769797	0.546500400749536
0.372950968880263	0.176251163954604
-0.788111377288474	0.414177817025583
0.396175686819008	0.226339115191097
0.396240348787542	0.226360026749263
-0.284839857471493	0.186127346710592
-1.63525314851119	1.39557866658653
-0.358338199255754	0.229763232599452
-0.00803395862623717	0.00517844159444174
-0.422384984558512	0.236709053249403
-0.568511406865005	0.350173903370174
-2.17337197529272	1.89538975628836
-1.14266100878965	1.02075039593394
0.294472717861019	0.228954252983232
-0.389796790631925	0.276201776044944
-2.2775597360936	2.09374687790579
0.68102769657429	0.550378261045452
0.399542940036478	0.245217361896434
0.264718600927762	0.174588722278937
0.399660064812808	0.245317382260872
-1.51128399880157	0.927879913676698
-0.579132907592339	0.26744572765706
0.178063989321977	0.0877574446225287
0.365691013165346	0.150286033986656
0.764280160087122	0.331303341451248
0.955740311572938	0.344597279041458
0.67158217394513	0.334848424054662
-0.517262058968037	0.178864495866734
0.128504583636049	0.0570536698492632
-0.571969057025845	0.312725884763733
-0.579047233084989	0.267435837190726
0.398811843473839	0.277059701974975
-0.235409159682121	0.13803600571538
0.0859014915634962	0.0468510187878195
0.7964775407151	0.546436206750712
-1.11469959880058	0.540907832368884
-0.391594789884239	0.191438279351218
-0.825135049387965	0.599550836734038
0.796455763646197	0.546406595576815
0.632177810904669	0.352614000083049
-0.184271044593708	0.0790222441021079
0.751013853753835	0.54655060088885
-1.35610128709322	0.474818712797072
1.05626488614213	0.549849792880685
0.632273962207813	0.352668549463053
-0.391246652475677	0.191209210716848
0.396046476092211	0.226243653582569
0.606732450583422	0.367923078259537
1.04434466175505	0.754284813205743
0.796541650916955	0.546177037573804
-0.314829114370994	0.180396854124777
-0.701931635787829	0.4711048335323
0.142052828198632	0.0888586735653421
0.79652044983038	0.5464742420311
-1.52288917648104	1.22103436031875
0.584729428763778	0.379865866604109
0.60646600983677	0.367508730833853
0.750842858445568	0.546344713229705
-1.27064632211145	0.885370023376595
0.211819494672195	0.113810815709731
0.128504583636049	0.0570536698492632
-1.63522972023997	1.39563734551123
0.211841965286831	0.113798584359214
1.03218257457099	0.911036740652747
0.804113099523654	0.712433124334927
0.396111062600139	0.226300322457463
-1.32930273991253	0.732898294853153
1.30813599240279	0.797331200154474
-0.171854279210956	0.102994903376511
0.0617712952826897	0.0239168790122259
-0.358588196149511	0.23002237558786
-0.422342376725643	0.236676559474934
-0.422320938196137	0.236638315029538
0.607065496715046	0.367945620350343
-0.877128198496476	0.577191008258668
-0.260170783678341	0.131299457961473
0.564250149840858	0.389549415415737
0.67165474986319	0.334887885324188
-0.32230722459072	0.232131766985263
0.048065854555806	0.0242465685272344
0.396068108708119	0.226269963646636
0.584737587247751	0.379737389134723
0.963447321374807	0.737010024602681
1.34298968142901	1.01511461811393
0.606718156961319	0.367821304480344
0.845886876869285	0.715098908302365
0.128504583636049	0.0570536698492632
1.15037020306817	0.774437355317741
0.956396713452994	0.344907057276545
-0.44947814360217	0.282431103264722
0.128739954381237	0.0571706971446716
-2.38053634733883	1.46170029835018
0.584805999228682	0.379787977545452
0.128382892136535	0.0569893614731727
-1.63519892643573	1.39549661695138
-1.0094856146547	0.719469300354575
0.399217015706365	0.261114920942857
-0.57896117813973	0.267319458250344
-0.578932087841688	0.267346135716811
0.39626323630729	0.226333379929574
1.21248873398817	0.97117970489929
-0.35841702097782	0.229858290125378
0.584713362680071	0.379926319520258
-1.0094856146547	0.719469300354575
-0.732036673044235	0.441341043477748
-0.579119326010413	0.267387068020036
-0.788213600919535	0.414059767247702
-1.12691507044464	0.723963263011774
-0.571618661584741	0.312525279780433
0.372950968880263	0.176251163954604
0.178582044959992	0.0880558495915799
-0.0047138086914673	0.00218770251866513
0.211956415974128	0.113885749261243
-0.578975115762517	0.267390226446819
-0.167784410327834	0.086973154849
-0.422277886081322	0.236628606264027
0.0480276212667614	0.0242276397887854
-0.571850481296198	0.312666676322475
0.972463366464259	1.05463181039566
-0.171891600284617	0.103013652092688
-0.472061788963516	0.329033357464412
-0.171998424677568	0.10308111895244
-0.358825047661998	0.230165183940644
0.387618551364921	0.203775351678185
0.396306055166336	0.226385658893362
-1.12715469735633	0.724097661397232
-0.00635228232034153	0.00354698853506701
-1.00962268959251	0.719542660462454
-0.449373191513552	0.282357849246829
0.39632692028808	0.226385536728356
0.387443934982169	0.203677658568846
0.52217378315206	0.423624436973434
0.671698698273033	0.33479207593374
0.178755600198499	0.0881263357965595
-0.167822568183777	0.0869921519796813
0.606985572740634	0.368039181171655
0.372705457589149	0.176103244649458
0.38745688057007	0.203646525201812
-0.100443178122335	0.0534100513858687
0.178315331624704	0.0879190895682354
0.764486778123062	0.331447869942357
0.365586915834717	0.150136424649181
-1.32938572253344	0.733074998982863
-1.35116560867072	1.18231797168079
0.440364661588217	0.120386763104114
1.83336628379572	1.14025227551831
-0.852330345091486	0.785468465244391
-0.0488223758110372	0.0266260448981406
-1.27055405837643	0.88524530962507
-0.00482134538163185	0.00223622028267589
-0.731958339276255	0.441230120289073
-0.877169937096785	0.577203324418684
-0.967920770914226	0.56691647468837
-0.0490071340311382	0.0267250488141324
-0.568495736270134	0.350034919147592
-0.18474927035291	0.07921920886612
0.853046680452927	0.54697101885335
-0.172119439263314	0.103135555113045
0.796649935663657	0.546481330595372
0.264695320532999	0.174570131584808
-1.54146709807893	1.51537725096509
0.387605725992851	0.203766496048981
1.73191854537865	1.91460587234165
-0.579004253227954	0.267391767117248
-0.571438507774477	0.312330254718005
-0.788222961863263	0.414264406349458
0.402345342397214	0.139296846935855
-2.94698077954152	0.645760131429668
-0.391490026470118	0.191378721986921
-0.413875672465274	0.320977131804376
1.21220733325969	0.970647456267243
-0.0789466320583325	0.0354412383139809
-0.00482134538163185	0.00223622028267589
0.584797854611504	0.379914775785752
0.398737028107333	0.276969072845267
0.264597924244184	0.174496820223054
-1.12661930704846	0.723236986952181
0.234127312196873	0.135493151380613
0.631941480740873	0.352454317015294
-0.568442908073705	0.35011647403505
0.048043370639892	0.0242397906790943
0.606920023753657	0.368081471821074
0.373063689449818	0.176309167899013
-0.100427730451234	0.0533968200283202
0.606840474184464	0.368014046586871
0.671683450052401	0.334892644976188
-1.52295778355149	1.22037459430084
-1.32063750941111	1.32518813993376
0.128617894345499	0.0571115897629187
1.05647678982563	0.549758738961787
-0.732099967580472	0.441350213980641
0.584751571128831	0.379962887188801
-0.119410862413062	0.0729743072486799
0.7964775407151	0.546436206750712
-1.27047713945773	0.885153560442061
-0.422277491765285	0.236577437285146
0.387874993216381	0.203847604957289
-0.96814522350334	0.566902385585879
0.128862234571198	0.0572251923644326
0.963584205771531	0.737122253083976
1.47066591704473	1.7562483792622
0.846031860202732	0.71521854127108
1.34307053574539	1.01506199733172
0.399542940036478	0.245217361896434
-0.571963286722402	0.312637127021938
0.211948576329243	0.113865296765307
0.372828104257578	0.176187601416706
-1.11459571417205	0.540895302433044
-0.449559643029099	0.282553005776485
-0.57896117813973	0.267319458250344
-4.86850020904637	2.52996282419655
-1.96398821246931	0.956159377765416
0.632757592270864	0.352657196323027
-0.171710160877072	0.102884135352662
-0.968040626027814	0.567014988604947
-1.3293741599723	0.732677246408085
1.31601382519203	0.589391230638723
-0.327441044350617	0.12966822779127
0.396046476092211	0.226243653582569
0.211865671605164	0.113835246684773
0.852846126923184	0.546816711265645
-0.314897752349974	0.180460386792066
0.396003500216528	0.22619139160627
-0.825045854923464	0.599435065359958
1.05637042484898	0.549937742703155
0.372930405999128	0.176198353336861
-0.981454072512139	0.890626361593795
-0.224418508914257	0.149284999516883
-0.00482107994105268	0.00223775864590989
1.03203665003496	0.910860397596398
-0.732300657555277	0.441384704650949
0.853033866383466	0.547002647083637
0.365797211168257	0.150339977566715
0.584652914869478	0.379820092954532
1.15002045869346	0.774163935987156
0.89833172185645	0.723268328705126
-0.571969057025845	0.312725884763733
-0.788101962939554	0.414130609919789
-1.1145954954322	0.541089063658969
2.56465885685624	2.43449811662649
1.30810700637317	0.797487899674034
-0.578975115762517	0.267390226446819
0.061698863167424	0.023890625298551
-0.568549525224171	0.350166151783107
-0.260343515581359	0.131418537401997
-1.68779819019677	0.704372690601768
2.87952885388624	2.00002987660407
-0.787878413463182	0.41380613890332
0.632282847428213	0.352728572431533
-1.27064632211145	0.885370023376595
1.21242292633537	0.971216031525722
0.402989430804172	0.139588222045671
-1.40176007896768	1.05053093345221
0.606999733160499	0.368112755368252
0.96343137288018	0.736917816316698
0.399640462504326	0.245290629353771
0.387350306201344	0.203615179010527
0.845873572645785	0.715100082050027
0.564070415451044	0.389309124334447
0.163377630623726	0.10859769143394
-0.171975261730541	0.103067661326467
0.399715905368462	0.309723545765256
0.58475959722206	0.379934996153133
-1.4018007776737	1.0507394544735
0.522360088449923	0.423880206162727
-0.0756939795411211	0.0471439039702148
0.234127312196873	0.135493151380613
0.79652044983038	0.5464742420311
0.396175686819008	0.226339115191097
-1.51128399880157	0.927879913676698
0.128731299422086	0.0571633654848292
-1.35563614408753	0.474557097061527
-0.184485633764555	0.0790929662935038
-1.00947009883375	0.719304676003473
0.0855972236079637	0.0466817565088722
-0.171998424677568	0.10308111895244
-0.0489670362588258	0.0267049448325151
-0.078745871602922	0.0353461577361168
1.83315748715589	1.14002036875355
0.365797211168257	0.150339977566715
0.373299878341106	0.176389734786326
0.178661665260978	0.0880903270670572
-0.571737584667295	0.312608565413617
0.898436685031673	0.723471675074255
-2.81259942697913	2.16615330817919
-0.517262058968037	0.178864495866734
-0.260249986440471	0.131363174492885
-0.571743456153145	0.312557694105377
0.372950968880263	0.176251163954604
-1.52272863262192	1.2210077243497
-0.571518586146758	0.312432773778368
0.23418643927166	0.135508047994074
0.92910590013713	0.545350618768897
-0.84751494297264	0.353113627072122
0.796434076670658	0.546311995607716
-0.17191476584973	0.103033463272345
-0.391724305318784	0.191524028484181
-0.167754090883061	0.0869546539632337
-0.422256203593566	0.236584739055081
-1.27064632211145	0.885370023376595
-0.571518586146758	0.312432773778368
0.178488280870952	0.0880114930246788
0.402989430804172	0.139588222045671
-0.358588196149511	0.23002237558786
0.141972601536965	0.0888084008407711
-0.825135049387965	0.599550836734038
0.917384462544242	0.88455288039271
-0.00469172861944419	0.00217379346282996
0.048043370639892	0.0242397906790943
1.11263885012019	0.93771101399471
0.396003500216528	0.22619139160627
0.141971261916633	0.0888023742952421
0.211849784137663	0.11382783840282
0.211972345235843	0.113872699829732
-0.701954205111435	0.470997917343372
-1.12679749314645	0.723768445088123
0.564317092367707	0.389632583146479
-0.732021846522536	0.441299012127764
-0.825240015986526	0.599593248021543
-0.173832089409108	0.117617618957449
-0.217455541006197	0.161111172388021
-0.701733296858074	0.470750763953156
-0.0787328393819667	0.0353418953097744
0.764486778123062	0.331447869942357
1.49720320947363	1.4302235810709
-1.68718740077762	0.704071354649794
-0.184607743758422	0.0791560168022034
-0.00484279931117502	0.00224682304483335
0.396197438898127	0.226365511940548
-1.94225216532037	1.50553265197483
-0.100809177603537	0.0536037457387776
-0.26050123433033	0.131519082409796
0.402733937014348	0.139484956672463
-0.571518586146758	0.312432773778368
0.387135893359323	0.203431730102371
-0.103877372062926	0.0288628201081387
-0.422534666368396	0.236684555505511
0.963545976406489	0.737152407988497
-0.167844965554481	0.0869955704368866
0.396219281155119	0.226374014114269
-1.51151154262208	0.927724141804404
-0.422342376725643	0.236676559474934
0.845873572645785	0.715100082050027
-0.449567449519245	0.282520625046012
-1.00959222676061	0.719584185538748
1.05626488614213	0.549849792880685
0.564122414641642	0.389310285120803
1.21218648169928	0.97007771886859
0.178171815553057	0.0877974492768327
0.276580329693046	0.19344851355763
-0.0786522619879239	0.0353023758590265
-1.51151931630602	0.92801396381259
0.372930405999128	0.176198353336861
0.387362897339459	0.203602422991271
0.12874862606073	0.0571671158579758
0.396176409966509	0.226325721913052
-0.100704209772987	0.0535537703395433
1.51266839892472	1.26305167166492
-1.00959977615633	0.719347916460793
0.584713362680071	0.379926319520258
-5.31161802611049	3.42665332502171
-1.35610128709322	0.474818712797072
0.963515763266062	0.737132596613881
1.04451843552852	0.75427672392129
-0.314943947858019	0.180508496860338
0.129212535291802	0.0573722565547967
-0.48773985319078	0.372891051623747
-1.00956173625136	0.719582795507295
0.0856635463965309	0.0467239502969187
1.02262514402835	1.06701801940565
0.750925784738589	0.546494659096437
0.711981637507327	0.546618402945273
-0.358667111251907	0.23008064430689
-1.00956173625136	0.719582795507295
0.0617136769175722	0.0238943545769967
-0.167784410327834	0.086973154849
0.234037530116601	0.135423779769217
-0.472010450119347	0.329013950089207
0.522387352151361	0.423910040361166
0.750828254194413	0.546393815900103
1.83326228442444	1.14063930125445
0.632046398741327	0.352597545210657
0.764693051385642	0.33154041613148
1.52759073399483	1.06609938425288
1.34292205818967	1.01450959971465
1.14992405591297	0.773472574326896
-1.12692027910398	0.723978664203291
0.963530152814313	0.736722197443284
0.178380255200628	0.0879339556141732
0.955740311572938	0.344597279041458
0.764280160087122	0.331303341451248
1.79956263903777	1.77568387754819
1.72083813991956	1.34622694854748
-0.422299294346764	0.236652215203968
0.178488280870952	0.0880114930246788
0.128731299422086	0.0571633654848292
-1.12692027910398	0.723978664203291
0.234045106137132	0.135412255558396
0.53314845932752	0.411062687777545
1.15049293093026	0.774452381792266
0.128617894345499	0.0571115897629187
-0.100517289863626	0.0534489339909363
1.05615920010244	0.549561803212589
-0.732099967580472	0.441350213980641
-0.701964617793267	0.470641887137066
0.963477527286397	0.737109537115533
-1.32939707744189	0.732594884382895
-0.422277886081322	0.236628606264027
-2.06201088940925	1.69806729104494
-0.422299294346764	0.236652215203968
0.396154537368834	0.226335141231484
-0.298972855797397	0.237791115055507
-0.260329029925159	0.131417764875266
0.547001762815925	0.399617013866294
-0.390061785551925	0.276414705453124
0.929643518511942	1.0458337869089
1.30810700637317	0.797487899674034
1.0442507952022	0.75417682170438
0.606573930730702	0.367747138860669
-1.1144886963805	0.541000350984738
-0.00471351223080486	0.00218494087160831
1.04445280576643	0.754261634807508
-1.32935577109624	0.732691233079291
-1.00955415243895	0.719594277702576
0.671567142878356	0.33484663200897
-1.81215013291437	1.31285472539129
0.21178923311276	0.113786657240428
1.72130744598584	1.34723838494901
-0.171831111220029	0.102975093490661
-0.100696563025694	0.0535453328515396
-0.968160264279937	0.567066206054291
-0.413922579675039	0.321055963873097
-0.788464314880281	0.414424326723021
0.0479061058216731	0.0241734985376833
-0.391603095504156	0.191462066890932
1.15014266729831	0.774326861652598
0.0586138048858016	0.0370310004256046
-0.224176207643439	0.149125663287847
0.0857559934226779	0.0467736506521512
0.606826204302058	0.368017845521227
-0.825135049387965	0.599550836734038
-2.68380367508382	1.94115029656109
2.17513790583725	0.973023061087874
-1.96398821246931	0.956159377765416
-0.422363725502875	0.236700130314835
0.631932759206064	0.352507886935394
0.632160133035675	0.352652701983811
-0.224444197210169	0.149331124302083
-0.00940109644110474	0.00309197435180766
0.796649935663657	0.546481330595372
-0.0788269788881849	0.0353859300459337
-0.0945393578382475	0.0658711107151154
-0.981399630784679	0.891065326956382
0.234127312196873	0.135493151380613
0.7964775407151	0.546436206750712
0.250500056767619	0.155083394711135
-0.576979499479811	0.434315794257747
-1.13156588129176	0.86763319064665
-0.391732523448923	0.191484277454062
0.898346864870289	0.72334506195932
0.796564213761884	0.546476908211474
-0.391845296294967	0.191567449673164
1.11266385916294	0.937574051569259
-0.00475680929605525	0.00220672361861251
-0.391481666646295	0.191384943509599
0.365900780420747	0.150323570811862
0.061698863167424	0.023890625298551
0.656259339378735	0.556754166748311
0.211827445314614	0.113815124257299
-0.571731700161253	0.312583492623591
-0.73185039601604	0.440970472276922
0.396240348787542	0.226360026749263
0.796434639915807	0.546296788418666
0.399647793634485	0.245264441983756
-0.487633965163832	0.372797634315868
0.0288765481797219	0.017124337713658
-1.14893374072295	1.17278247571731
0.0479364447408366	0.0241891330477726
1.36842556246621	1.36339969894907
1.89222444352011	1.63101272854574
-0.952244254371164	0.272799090918146
-0.653561443121922	0.660098329044915
-0.939222282586451	0.734669327956872
-0.422299294346764	0.236652215203968
0.211934111461218	0.113871149144747
-0.389743814973355	0.276121848681845
-0.167792228123067	0.0869736387408147
-0.571438507774477	0.312330254718005
-0.449738456594333	0.282686420755686
-0.517899147573227	0.179109173088448
-0.119518275601168	0.0730591665263058
-0.571856302171083	0.312667878337296
0.564414409634204	0.389702848742374
-2.27755296626638	2.09471785974243
-1.27072298147689	0.885399734353617
1.21172416106259	1.45640753424195
-0.788222961863263	0.414264406349458
0.373074051711785	0.176294168822822
-0.701954205111435	0.470997917343372
-0.235211272959703	0.137888266645417
-1.32934427758984	0.733020573050618
-0.0488357677346139	0.0266327969000951
1.11256634242361	0.937710941311817
0.128739954381237	0.0571706971446716
0.178236240272615	0.0878720950705939
-1.32938572253344	0.733074998982863
-0.579162162837228	0.267406238343768
-0.877105806247263	0.577078965683136
0.39899192284154	0.260983107314941
0.546724411633398	0.399465628855253
-0.391611384485079	0.191440763997525
0.399660064812808	0.245317382260872
-0.571264727546249	0.312100456881526
0.584781816253386	0.379967818774411
1.52772243101706	1.06654333577132
0.128496054262865	0.0570471936487537
-0.00462697564859522	0.00214403876152766
-0.422256203593566	0.236584739055081
-1.14269810995914	1.02058716072578
0.711597008358633	0.545705075298784
-0.260422454505934	0.131473076198748
-0.0789404054704349	0.0354352126325418
0.398873322187915	0.260949289938167
-0.581706916550235	0.516552765117265
-1.40176007896768	1.05053093345221
-0.571737584667295	0.312608565413617
0.37294067854689	0.176245525558977
0.606905808623433	0.368049054219425
-0.73236345422613	0.441536831391427
-0.260579855127371	0.131555960501043
-1.13156588129176	0.86763319064665
0.399137671090677	0.261102471627967
0.116247166995476	0.068095355374989
-1.13147421927421	0.867563171264953
-0.422449318801549	0.236728116220036
-0.422299294346764	0.236652215203968
0.21178923311276	0.113786657240428
-0.579548768182676	0.475535437918908
-1.52283520394249	1.22073671253041
0.632046398741327	0.352597545210657
1.3082516470813	0.797772341886517
-1.2708914783869	0.8851051120351
-0.571624596727463	0.31249828110112
0.399085307374028	0.261049706921744
-0.472084972467567	0.329086525090447
-0.167860712017752	0.0870028481663323
0.25069825731129	0.155248653610278
-0.265528231091648	0.194101021679468
-0.577002826250074	0.434347034870591
1.03227505489586	0.911263981477454
-0.877064920772214	0.576888285316872
-0.788343745757691	0.414362328106443
0.564324718997456	0.389655936649954
-1.12714961438317	0.724193919652426
0.584773922216367	0.379896911238035
0.584789793668832	0.379972034303177
-0.284863170771258	0.186167116622821
-0.322202951136644	0.232055249653008
1.03232726684426	0.91135634635286
0.564242568767649	0.389576900413468
0.0615396189200832	0.0238160009844623
-0.00477816764385727	0.00221449009969904
-0.96814522350334	0.566902385585879
-0.788343745757691	0.414362328106443
-0.00467079966762356	0.00216832415669696
0.928634831032234	0.54488630078218
0.58461467910062	0.379754194113975
-0.571731700161253	0.312583492623591
-0.105015388977172	0.0291873412061693
1.72107248767705	1.34710454212271
-0.167754090883061	0.0869546539632337
-0.391594789884239	0.191438279351218
-0.422513615603326	0.236692024525798
1.04441021697393	0.753863930323266
0.372705457589149	0.176103244649458
-0.568481019853327	0.350153375981782
-0.391619656780104	0.191352477050547
-1.52280449040303	1.22064201753855
1.68372514227525	2.06529008384581
-0.167715939625543	0.086928424290891
1.15001189224992	0.773840743719683
-3.14460526730556	2.82470106318165
-1.40178047258965	1.05066848132629
-0.573293818099177	0.392293154873551
-1.52266720448533	1.22056025209671
0.712020782542115	0.546569081267276
-0.265417598331787	0.193999504196372
-0.314837032959884	0.180433066341452
-0.100711867297307	0.053558502180433
-0.100883640783606	0.0536391768639727
0.584751571128831	0.379962887188801
0.584721353956748	0.379925831477889
5.24564892776215	3.51471432473646
-0.701832486364182	0.471016343360915
-0.732114848484512	0.441422043241892
-0.766414454254694	0.663108225094003
0.399728693730097	0.24533491213199
-0.571850481296198	0.312666676322475
0.67165474986319	0.334887885324188
0.632282847428213	0.352728572431533
0.365691013165346	0.150286033986656
-0.18485131374827	0.0792610028696062
-0.877086102697969	0.57703082808025
-0.167875201304295	0.0869988913766136
-0.56850361312045	0.350137185021699
-0.358588196149511	0.23002237558786
-1.12659180740866	0.72324520596923
-0.422363981986835	0.236602897283002
-0.260249986440471	0.131363174492885
0.796455763646197	0.546406595576815
-0.184505553212383	0.0791373504854963
-1.51140176261422	0.927988291760551
-0.119518275601168	0.0730591665263058
-0.314974334266225	0.180517382779914
-0.10098861578477	0.0536818360768069
-0.572950737104586	0.391949105687165
-0.0489937644034561	0.0267199564240236
-0.791968693252402	0.630667165648645
-0.3518681556598	0.276580045277437
0.750828254194413	0.546393815900103
0.399506947905007	0.245044308972317
-0.0489147483452937	0.0266769411251259
0.0617136769175722	0.0238943545769967
-0.877169937096785	0.577203324418684
0.584743628490391	0.37993126836576
0.898541649291977	0.723418983530821
0.11654967911571	0.0682554656091333
-0.788222961863263	0.414264406349458
-0.391611384485079	0.191440763997525
-0.00482134538163185	0.00223622028267589
-0.00846262185640431	0.00278126286689462
0.387443934982169	0.203677658568846
-0.889896617486106	0.758357339826199
-0.00486435955028876	0.00225474722485634
-0.0491385627932144	0.0267957601177499
-0.825321423367854	0.599706575982585
0.387431007706947	0.203668807909657
-0.422406153924719	0.236701653650632
-0.413982629671486	0.321139429957632
-1.2704617302546	0.88475871812798
1.15451914124302	1.10878704990263
0.399421589217941	0.309329946071088
-0.449804799749989	0.28265548947605
0.0856373726497179	0.0467057526082143
-0.568473274508818	0.35013698342253
-0.701870683447116	0.471060482975925
0.0858353222994158	0.0468161299105287
-1.13155790912152	0.86727191766947
-0.939235516993964	0.73459676282174
-0.35841702097782	0.229858290125378
0.178300949641365	0.0878996403275426
-0.119518275601168	0.0730591665263058
0.398873322187915	0.260949289938167
-1.47884845413098	1.6475598085936
0.396284062791461	0.226395002349251
0.0617424742393982	0.0239084459082885
-0.571531865159127	0.312374846114351
-0.391594789884239	0.191438279351218
0.631915366318177	0.352321134986156
-0.184617640808077	0.0791844639739394
-1.13161921532796	0.867471882192457
-0.967800698735012	0.566773743831677
-0.788222961863263	0.414264406349458
0.963584205771531	0.737122253083976
0.546816875156251	0.399566848469562
-0.391603095504156	0.191462066890932
-0.449544062178421	0.282531156107745
0.852927125088669	0.54679237203476
-0.581493316424148	0.516181740506804
0.712061048069147	0.546653091630455
0.396068108708119	0.226269963646636
-0.171672874969225	0.102850188008038
0.917332660208241	0.884581953780753
-3.48219873584491	0.919655084022901
-0.877169937096785	0.577203324418684
0.712087176452811	0.546654737619279
-0.701947036572414	0.470904281816488
-0.173750001371629	0.117554131790799
0.250368394130716	0.154969982860933
0.396154024889711	0.226290818605055
-0.732036673044235	0.441341043477748
0.211887954999951	0.113856287486724
-0.119599857211976	0.0731028704874724
1.11253191126054	0.937495750855169
-0.579170559296308	0.475220785916367
-0.579315675588001	0.475397408670997
0.264537573070616	0.174438139402009
0.234217042819429	0.135554715301903
0.606653110878273	0.367855821635787
0.963477527286397	0.737109537115533
0.398895517433152	0.277116160983013
-0.358719266708361	0.230082368721598
1.2461626932187	1.1460589544713
0.564130014999798	0.389398997481229
-0.167814701890377	0.0869867978736486
-1.51162895510891	0.92774969099266
-0.260329029925159	0.131417764875266
0.796499407903853	0.546409161577071
0.712074114293426	0.546670662650068
-0.57896117813973	0.267319458250344
0.398500236490718	0.276584870823905
-0.571737584667295	0.312608565413617
-0.422449318801549	0.236728116220036
-0.968040626027814	0.567014988604947
0.276528860013888	0.193418045680985
-1.00955415243895	0.719594277702576
-0.260314528745779	0.131393590854783
0.128739954381237	0.0571706971446716
-1.68657752983501	0.703681756485321
0.928767656287062	0.545207466605494
2.67779426210929	1.64599318128183
-1.35517165583896	0.474174060906171
-0.571856302171083	0.312667878337296
0.061698863167424	0.023890625298551
-0.87719241026191	0.577211271023757
-0.167844965554481	0.0869955704368866
0.264621200685865	0.174506228380541
-0.686670269083675	0.508235697146491
0.546961719451806	0.399642103935353
1.24609570894549	1.14612220009606
0.963545976406489	0.737152407988497
-1.00956173625136	0.719582795507295
0.387443934982169	0.203677658568846
-0.422277886081322	0.236628606264027
-0.578932087841688	0.267346135716811
-0.327440212159224	0.129629361099382
-0.00482134538163185	0.00223622028267589
-1.13144361242623	0.867435958813376
0.60666747478801	0.367841714094269
0.711941293208047	0.546490151457986
-0.571425270298364	0.312336137740824
-0.471987262164561	0.329014669520781
-0.877020695133298	0.576798736351056
-0.573161765273624	0.392176229876356
-0.701893398829885	0.471060653765222
-0.674979038043576	0.545799116154301
-0.487820095488423	0.372935503474609
-0.686526342442764	0.507925612342817
-0.568420162491824	0.350045818239286
0.061698863167424	0.023890625298551
0.75083556199308	0.546388049889566
0.396328137822807	0.226354449596928
-0.0788332563552394	0.0353882174785728
-0.968391518768341	0.567163423048126
0.061698863167424	0.023890625298551
0.0477902660040493	0.0241097371861677
2.23898845091075	1.77980843134963
-0.701870683447116	0.471060482975925
-0.235237583424851	0.13791980571296
-0.686670269083675	0.508235697146491
-0.358667111251907	0.23008064430689
-0.00649619072655505	0.00362618846728953
0.398630197161081	0.276859229197656
0.606905808623433	0.368049054219425
-0.732114848484512	0.441422043241892
0.399005980674987	0.261013769672977
-0.57682215557269	0.434063965729552
-0.82521645061763	0.599532139278292
-0.449827940395289	0.282731266711348
-0.235567724001161	0.138125157356038
1.34289595232922	1.01499095487319
0.928757462515204	0.545183921949788
0.211956415974128	0.113885749261243
-0.314951765219021	0.180492172724413
-0.00466985491995489	0.00216243815769023
-0.184148497629906	0.0789589941501255
-0.184617640808077	0.0791844639739394
-0.449812502559788	0.2827095155416
-0.568404782301551	0.350035267727637
-0.167746238435569	0.0869469108163603
0.365901442885752	0.150373308319952
-0.67460829313894	0.54516836090086
0.671756026907541	0.334811636820967
-0.848554588996423	0.353709685597233
-1.12660556615059	0.723424083244053
0.128836106310346	0.0571785114392814
0.0478981651999103	0.0241685434406286
-0.579004253227954	0.267391767117248
-0.26047202873032	0.131455981528686
0.898608533156055	0.723494902630146
-0.787990233828196	0.414043933099704
0.128496054262865	0.0570471936487537
0.398705026911756	0.276915459656852
0.546724411633398	0.399465628855253
0.178647471174659	0.0880725942603887
-1.00942463255137	0.719335114329613
0.387016284218031	0.203288856565479
0.681079413346784	0.550270340745516
0.522414617894451	0.423918668845377
-0.433054031066367	0.364298691297709
-0.686800933612094	0.508334523103492
0.546803549672268	0.399551531032605
0.234404021406471	0.135642044145342
0.234209408113983	0.135557017197127
-0.825142928248916	0.599571444913089
1.05637042484898	0.549937742703155
-1.04463646342788	0.874990427387679
0.750828254194413	0.546393815900103
-0.00473520578037929	0.00219591531042473
1.66371822130544	1.51651645580778
-0.731943567101129	0.441217944876616
-0.788455095258988	0.414291169728785
-1.68633971949454	0.703563702264362
-0.391603095504156	0.191462066890932
-0.358904068916121	0.230190038652968
0.399587112669457	0.309611469101884
-0.731943567101129	0.441217944876616
-0.260579855127371	0.131555960501043
0.0856373726497179	0.0467057526082143
0.276689402129867	0.193541003738113
-0.100524984420176	0.0534573894442428
0.211797232378301	0.113783323335555
0.7964775407151	0.546436206750712
-0.285355074499555	0.186488581381283
-0.00488584384338446	0.00226550049600557
2.03545056973946	2.303437357999
-0.327441581340123	0.129627520191826
0.963545976406489	0.737152407988497
-0.100719535592776	0.0535595262511556
-0.0490861725203619	0.0267669169635936
-0.732129713916639	0.441387161072424
-0.825329265417905	0.599645011435276
0.398820720900162	0.277025474674033
-0.119466645047769	0.0730195618404143
0.116368199676192	0.0681703696479722
1.36219813888498	1.19730010441067
-0.285067287514914	0.186362204940924
-0.0788269788881849	0.0353859300459337
-0.848554588996423	0.353709685597233
0.656340882707527	0.556764329453062
-0.00664012457361048	0.00370465466943885
-0.48776714051348	0.372911243742093
0.399058289087215	0.261066486593233
0.116489195276326	0.068231887094166
-0.571425270298364	0.312336137740824
0.178329729181954	0.0879236922445928
-1.27030752944923	0.884515695384717
0.178553562825416	0.0880207736400299
-0.260422454505934	0.131473076198748
0.769571520063183	0.713070408413511
-1.94186265136482	1.50418868278503
-0.391368449200474	0.19130152788782
0.396111062600139	0.226300322457463
-0.100548132647953	0.0534597278788284
-1.32949835504126	0.73284027733314
-0.578988840358499	0.267264150644971
-0.184260968187063	0.0790176636787065
0.396111062600139	0.226300322457463
-0.10045091808691	0.0534111225538958
1.59563961177111	0.855317024832039
-1.66978153680175	1.12073707888591
-0.327230659220978	0.129567376802136
-1.13148915097421	0.8673744406205
0.396197438898127	0.226365511940548
-0.471964074016085	0.328988442076057
-0.00477816764385727	0.00221449009969904
0.116321892006772	0.0681330650452862
-0.260844344966973	0.131632308807157
1.03231421993805	0.911417879412006
-0.100427730451234	0.0533968200283202
-1.14263776625694	1.02054534626861
-0.422234800101602	0.236535643078274
0.250842947914754	0.155326910864604
0.399583478821329	0.245237435874431
-2.24953476497007	2.72757898653972
-1.40171654076873	1.05012262395993
-0.571969057025845	0.312725884763733
-0.449909775073669	0.28276271969984
0.0858222138874829	0.0468112400675287
-0.732192865670734	0.441473163114747
0.399134034293624	0.293226555893517
0.250658189413967	0.155202280541469
-0.449827940395289	0.282731266711348
0.276581864658763	0.193470468193327
0.398899413000892	0.260942508796847
0.0479827463402476	0.0242098150145323
0.398873322187915	0.260949289938167
-0.00635228232034153	0.00354698853506701
1.51249594980248	1.26224926748032
0.373043018200174	0.176196842081039
-0.184495602328439	0.0791280415311326
-0.391481666646295	0.191384943509599
-0.579090117832204	0.267455039000505
0.061698863167424	0.023890625298551
-0.260766091295426	0.131607173198637
-0.171663814572557	0.102822273193775
0.387605725992851	0.203766496048981
0.399715905368462	0.309723545765256
1.03208869656893	0.91095244316846
0.234119701427991	0.135495466226445
-0.572911281189244	0.391961099142485
-0.576798822309945	0.434032740346792
0.234022345651087	0.135419850996738
-0.327335550717987	0.129625546394617
-0.967792976635222	0.566690506749215
0.23420176261692	0.135550725555505
-0.568481019853327	0.350153375981782
-0.22446989148558	0.149358942874387
-0.889956812825115	0.758402852078309
1.11228825202632	0.937145135717021
-0.70190117287605	0.471095771394012
-0.358719266708361	0.230082368721598
1.92290584280607	2.03872655208866
-1.68596857506758	0.70320287292914
0.764280160087122	0.331303341451248
0.372950968880263	0.176251163954604
0.564332334827496	0.389653895586746
0.711981637507327	0.546618402945273
0.399401919280144	0.293389116830328
-0.00462762409852259	0.00214716140244468
0.403244537973636	0.13964937041993
0.929003379570485	0.54534639567847
0.929116274088441	0.545396838220442
0.956226036647493	0.344930752421141
-1.11469972387002	0.540927932422351
1.15026509610464	0.774341633185776
0.372950968880263	0.176251163954604
0.0616700182489409	0.0238789606093496
-0.518151592408807	0.17915606425969
-0.951401566537421	0.272432782475208
-0.732051484142669	0.441276325037825
-1.51128399880157	0.927879913676698
0.852884874763862	0.546572093051792
-0.732114848484512	0.441422043241892
1.18684644570709	1.28144407450187
0.142105856690795	0.0888908050395115
0.373186918798905	0.176352245678087
-1.1146996213552	0.541121784175122
-2.81238692043553	2.16575002187005
0.23420176261692	0.135550725555505
0.250605830440359	0.15518710398705
0.398690755140477	0.276941906629452
0.0857428988252296	0.0467687674262433
0.116307687959683	0.0681343944936411
-0.358403573374647	0.229826301873213
-0.167723743572673	0.0869307434564531
-0.471940885671565	0.328935283128993
-0.184495602328439	0.0791280415311326
2.17466711646327	0.972626601623044
2.41060914450771	2.10932219683277
-0.327230881004658	0.129566059642725
1.31690798760239	0.590129049397097
0.796606293096119	0.546158185143479
-0.171984261369787	0.103051577974899
0.396305048544428	0.22635906900751
-1.32945704925353	0.732853759751035
-0.665480935932273	0.583713359197363
-0.00648664693834309	0.00362048714281482
-0.389769583320189	0.276143628521976
-0.31484487118018	0.180441066493249
0.221431770752806	0.1804683906791
-0.00486435955028876	0.00225474722485634
-0.732114848484512	0.441422043241892
0.584675168308242	0.379860425930649
-0.701923815248982	0.471043419126657
0.276636404460945	0.193497311214723
0.178488280870952	0.0880114930246788
-0.472205907833513	0.329124538961589
-0.285331777159086	0.18648697481029
0.671595938472723	0.334701676392793
-1.32935577109624	0.732691233079291
1.34296373115712	1.01434754167408
-3.87522571878201	1.20686794936312
-1.1143440462202	0.540707013154826
0.211758999475203	0.113754851501744
-0.732207785471608	0.441468073086455
-0.171747460792849	0.102905455652846
1.34309643861636	1.01494888434125
-0.260407914201451	0.131463826799335
0.632282847428213	0.352728572431533
-0.184515486374521	0.0791276552318126
1.52760044668779	1.06645806620459
0.178380255200628	0.0879339556141732
-0.788584669491101	0.414442391647873
-0.968025445363508	0.56675996581703
-0.579076394161371	0.267343048259156
0.607028100327419	0.368040761400758
-1.32938572253344	0.733074998982863
-0.0784777290597165	0.0352127653673877
0.963592277608293	0.737012836381491
-0.235224426170279	0.137909137164948
-0.391473290236428	0.191346105669389
0.0854786109845643	0.0466093321343159
-4.67539847713504	2.1949233780132
0.750940416657925	0.546365990802168
0.399660064812808	0.245317382260872
1.11255166293503	0.937740334633732
0.635542147388228	0.564938315062389
-0.422341841578886	0.236653826502526
0.0480050835828071	0.0242224684999677
-0.315012604577116	0.180519573244866
0.584721353956748	0.379925831477889
-0.422342376725643	0.236676559474934
1.21229354415916	0.97118520731588
-0.87719241026191	0.577211271023757
-1.00950067227012	0.71944848988664
-0.967800698735012	0.566773743831677
-1.32945704925353	0.732853759751035
-0.18438336931455	0.0790808605857554
-0.0761796434419279	0.0474561177777776
-0.167891044836085	0.0870165131143139
-0.0489937644034561	0.0267199564240236
0.522281329542169	0.423797055534019
0.929967885695215	1.04609552673282
-0.217276821226002	0.160919858355403
-0.0486779129594599	0.0265406888410703
-0.0396814410612331	0.0251608659615002
0.211926139913565	0.113876387771514
-0.731943567101129	0.441217944876616
0.0478903049748244	0.0241603677989813
0.681065128684954	0.550417910328223
-0.938958711023036	0.734322134192378
0.234045106137132	0.135412255558396
-0.824383750910279	0.816708876301236
0.715420927636754	0.720370237594475
0.399630859244332	0.309670206289546
-0.579132907592339	0.26744572765706
0.365795892718222	0.150333644094674
-0.260565205418295	0.131526093259204
-2.19255723702801	1.21048047914659
-0.167746238435569	0.0869469108163603
-0.500384116407905	0.415977091627779
0.972405141097591	1.05453750102546
-0.260407914201451	0.131463826799335
-1.35075817831556	1.18224018628913
0.387255709282983	0.203530837713989
-0.260422454505934	0.131473076198748
-0.184148497629906	0.0789589941501255
-0.571505531550015	0.3124149088738
-1.81203569785462	1.31269978621735
-1.6700152989722	1.12100199645362
-2.38046183086917	1.46152631292284
1.24626765331327	1.14619646041486
0.764693051385642	0.33154041613148
1.05637163360447	0.549884852122293
-0.00940109644110474	0.00309197435180766
0.399265993705074	0.293298484223624
1.15470418627042	1.1090568619249
-0.00484278533217776	0.00224382481702178
-0.00482134538163185	0.00223622028267589
-0.825329265417905	0.599645011435276
-2.38060556106765	1.46186003707845
0.128844798984404	0.0572090254928978
-0.422256388009115	0.236590327517095
-1.13151982382572	0.867566618244343
-0.889873267452747	0.758353213221804
-0.00631528212526665	0.00352626021625771
0.0854122216696239	0.0465677936508463
-0.968033043844823	0.567023112730889
0.898549230839987	0.723282904851052
0.928655092758678	0.545035913914066
0.365902024574029	0.150387445991254
-0.16770805249265	0.0869124257822003
-0.167792228123067	0.0869736387408147
0.211857686193715	0.113839275081236
0.116353991523378	0.0681564763741826
0.061698863167424	0.023890625298551
-0.0757378547283631	0.0471733688474449
0.196439582011284	0.145665671305679
0.0834175183910981	0.0558589724174055
-0.395612825062935	0.361222603760321
0.232162683178511	0.197621027730203
0.128391367175165	0.0569839724059529
0.0479747380547107	0.0242080962692441
-0.701771467802911	0.470856745105674
-0.314921305698856	0.18046368292624
-0.573227757311324	0.392266514424076
0.0424250288085928	0.0300635275203983
-0.390008771037508	0.276395178397817
0.163669198809145	0.108853324515277
0.128739954381237	0.0571706971446716
-1.12692027910398	0.723978664203291
0.211994594277884	0.113897485870755
-0.967920770914226	0.56691647468837
-0.0490594629448469	0.026755104726524
-0.981319481473907	0.890878556348043
0.740728326047132	0.716368602560022
-1.23430272897716	1.17056832595407
-0.260235539921703	0.131347478886903
0.38733733715432	0.203585026748655
-0.788353018666431	0.414337941238971
-0.327441044350617	0.12966822779127
-0.968152752066219	0.567121503023109
-1.5112760877357	0.927430513104126
-1.52283520394249	1.22073671253041
-2.27758402649673	2.09472843709473
1.799486198384	1.77577862977117
0.396068108708119	0.226269963646636
-0.787980748731883	0.413953048132144
0.387511878551028	0.203703880087379
2.45241191557909	1.30193076722493
0.23431436981484	0.13559697571964
-0.314974334266225	0.180517382779914
2.23921082823121	1.78036743679166
2.04466105195722	1.91697692281088
0.178423283573288	0.0879679360806085
-0.167814701890377	0.0869867978736486
0.37294067854689	0.176245525558977
-1.27041540395048	0.884913999923827
1.24628288486729	1.14608617026441
-0.31479876138457	0.180378411709713
0.398847215126186	0.260889903756827
-0.579060886134685	0.267400175341313
0.17843765751352	0.0879488879768174
-0.167784410327834	0.086973154849
-0.00866762541139504	0.00285038216826518
0.584812089314716	0.379933439174538
0.796542286709821	0.546503907985386
0.178315331624704	0.0879190895682354
1.37271009537197	1.53252357342144
0.399222543011287	0.355292590484285
-0.792126707406141	0.630748496181635
-0.224391233949113	0.149292990518483
0.656339583124585	0.556847987421022
1.26779258378229	1.31667844288435
0.116284536468204	0.0681178066573984
-0.568427265107588	0.349891406907026
-0.472084972467567	0.329086525090447
-0.119703215800082	0.0731475848934729
-0.119545471464112	0.0730778713492053
-0.0489937644034561	0.0267199564240236
-0.449730708473686	0.282688698372418
-1.27055405837643	0.88524530962507
-1.24519154070041	1.02240393492908
0.750918451769797	0.546500400749536
0.178236240272615	0.0878720950705939
0.750828254194413	0.546393815900103
0.250605830440359	0.15518710398705
0.396197438898127	0.226365511940548
1.52783477727406	1.06674636561976
-0.73222268978962	0.441303913539979
1.04401285919836	0.753591006608618
0.387537631223081	0.203721585062821
-0.732114848484512	0.441422043241892
1.52805974606069	1.06683589829208
-0.579162162837228	0.267406238343768
-0.167852880383599	0.0870058064419345
0.396068108708119	0.226269963646636
-0.579004253227954	0.267391767117248
-0.0789466320583325	0.0354412383139809
-0.848235856286303	0.353414829103439
0.366007310144161	0.150389420387711
1.31665444033133	0.59000828848376
-4.18716485783141	1.51198812883872
0.440364661588217	0.120386763104114
0.0616264557748945	0.0238611614751663
1.52771264725973	1.06666096129644
-1.5110558718895	0.927170816332459
-1.1145954954322	0.541089063658969
0.373310366844819	0.176356716153452
-0.791885092082105	0.630573386077958
-0.119571298130348	0.0730913852716358
0.0479364447408366	0.0241891330477726
-0.314883095294388	0.18046152778602
-0.260422454505934	0.131473076198748
-0.701794275583271	0.470910260347338
0.14218469850418	0.0889273626107717
-0.260343515581359	0.131418537401997
-1.63516090488621	1.39539822720117
-0.00866762541139504	0.00285038216826518
-0.568511406865005	0.350173903370174
0.546895990778706	0.399626688998168
0.387443934982169	0.203677658568846
-0.184363306761202	0.079022323203439
0.403377677871532	0.139736809774786
-0.389929969887617	0.276359669549728
1.66358897460334	1.51640910704017
-0.260343515581359	0.131418537401997
0.711954319625439	0.546398943965734
-0.792043083136801	0.630677137943554
0.396111644177902	0.226268937832337
-0.848756633713589	0.353692019334519
-0.84751494297264	0.353113627072122
1.89231776807821	1.63096840991959
-0.391845296294967	0.191567449673164
0.963409078782663	0.736933842807329
0.40402043752692	0.139945751112398
0.178394582455224	0.0879597751455033
0.387699641114235	0.203810552040452
-1.74098496326182	1.57417263056597
-0.877042886893742	0.577005310114962
-0.579090117832204	0.267455039000505
-0.701885544577957	0.470937287450026
1.29019459198889	0.361113808702474
-0.422234825621056	0.236575732189162
0.373063689449818	0.176309167899013
-3.87483571435345	1.20595805352468
2.17513790583725	0.973023061087874
-0.848756633713589	0.353692019334519
-0.32733529210431	0.129585538245281
-1.00955415243895	0.719594277702576
1.52794721558097	1.06684388833972
0.632168963645606	0.352673317989728
-0.171840142126793	0.102971998105413
1.11264915203471	0.937731269932564
-1.27032283110676	0.884788987516767
-0.00626868938445479	0.00350064201151358
-0.0487836436137319	0.0265956041613835
-1.14272135010516	1.02079220806414
-0.184393374089649	0.0790787932600563
-0.78812077431086	0.414038094571237
0.0479668102951513	0.0242035155870716
-0.322159103419451	0.232023888318447
0.928880311944051	0.545314341145758
-0.788353018666431	0.414337941238971
-0.732099967580472	0.441350213980641
-0.572963935477394	0.392030574725598
-0.852456218495276	0.785740006128746
-1.63526048784184	1.39569625082924
-0.358601625161616	0.230018412531975
0.711730166768591	0.546202489300631
-2.81249326775805	2.16602772295298
-0.00482134538163185	0.00223622028267589
-0.579060886134685	0.267400175341313
0.0479061058216731	0.0241734985376833
-0.314814424996404	0.18040114856928
-0.184495602328439	0.0791280415311326
-2.27755296626638	2.09471785974243
-1.0094931847238	0.719548716819513
0.631819214311294	0.352378760345744
-0.0786522619879239	0.0353023758590265
1.89213118621328	1.63092374685983
-1.81203188881971	1.3132177825067
0.387537631223081	0.203721585062821
-0.787990233828196	0.414043933099704
-0.184627520138321	0.0791861460962011
0.956396713452994	0.344907057276545
0.44905816517692	0.0872417415102285
-0.0787328393819667	0.0353418953097744
-0.968272243637976	0.567172585007472
0.372848594408941	0.176096925377732
0.564414409634204	0.389702848742374
0.522443418877019	0.423757465424
1.72107248767705	1.34710454212271
-0.877128198496476	0.577191008258668
0.606948500498358	0.367931765715433
2.03542758092068	2.3049466316469
-0.184260968187063	0.0790176636787065
0.96343137288018	0.736917816316698
0.12908973581767	0.0573229047507517
0.211964338892854	0.113888136941665
-1.40173690457141	1.05019360565639
-0.119518275601168	0.0730591665263058
1.51257484205558	1.26286408488973
-0.0760727161610578	0.0473915429084817
-1.52276656842253	1.22109541407879
-0.104674754370764	0.0290881727694566
-0.571737584667295	0.312608565413617
-0.788241631735444	0.41410029348193
0.365691750007034	0.150278237952888
-0.825232150203982	0.599654790054676
0.39626323630729	0.226333379929574
0.7964775407151	0.546436206750712
-0.167776509342108	0.0869605415634023
0.631932759206064	0.352507886935394
0.79636990975931	0.546127549646644
-0.573227757311324	0.392266514424076
0.631924054382468	0.352475981362613
-0.327547000333358	0.129657395648122
-0.184393374089649	0.0790787932600563
-1.12679749314645	0.723768445088123
0.564324718997456	0.389655936649954
0.764809448292814	0.331596623912213
0.712074114293426	0.546670662650068
-0.314768381769117	0.180349988527173
1.37285410708172	1.5323853087147
1.66337409765215	1.51465051629016
-1.35069245838201	1.18195495046559
0.234283713697625	0.135588951948784
1.02267815932405	1.0668492289337
-0.877169937096785	0.577203324418684
-2.68369725056309	1.94087167157593
-0.788584669491101	0.414442391647873
-1.04468813256807	0.875044381033776
0.769732112894498	0.713348024140361
0.398705026911756	0.276915459656852
-0.260594489203997	0.131559221193867
-0.0786652342337771	0.0353041509350032
-0.26050123433033	0.131519082409796
-0.788232305482405	0.414275835906919
-0.00482134538163185	0.00223622028267589
-2.81259918367834	2.16580080935946
0.365691750007034	0.150278237952888
0.0618437521545455	0.023937914845111
0.128853508420719	0.0572225471771537
-4.67539847713504	2.1949233780132
-2.3804937863766	1.46139845086505
-0.00482134538163185	0.00223622028267589
1.15479585261157	1.10888808105017
-0.38993138298359	0.276323571369034
0.399583478821329	0.245237435874431
0.399652120253719	0.245289401469063
1.21235899265637	0.971148479720349
-0.848352883478491	0.353483822010577
0.58475959722206	0.379934996153133
1.80633861484955	2.72015939424127
-1.00959222676061	0.719584185538748
-0.93393255315192	0.913691329519322
-1.83877257948876	1.75781745834112
0.0617712952826897	0.0239168790122259
-0.315012604577116	0.180519573244866
0.12874862606073	0.0571671158579758
0.372695311062578	0.1760365339899
-0.422470428841596	0.236720676316415
1.21250957982858	0.971245583613829
0.234217042819429	0.135554715301903
0.181206908180697	0.127492090059504
1.03211615560474	0.911081852028009
0.0857959848849942	0.0467930000380248
-0.119413646587186	0.0729782863760738
-0.0488357677346139	0.0266327969000951
-0.26050123433033	0.131519082409796
-0.167822568183777	0.0869921519796813
-0.167852880383599	0.0870058064419345
-0.0785844277089899	0.0352590751064225
-0.731614293985743	0.440526867154893
-0.897298311642027	0.939858830586143
1.61921167697855	1.66838596758329
-0.260422454505934	0.131473076198748
-1.66989852421153	1.12091319161198
0.372828104257578	0.176187601416706
-0.0489415173073643	0.0266850504474818
0.564317092367707	0.389632583146479
-1.74046142431729	1.57505016256449
-1.27087583065267	0.88522210511978
0.606718156961319	0.367821304480344
1.3621074612167	1.19703151090983
0.606811949914098	0.367954213314213
-1.52275930550516	1.22110242110204
-0.0395746681987161	0.0250974132707609
-0.260579855127371	0.131555960501043
-0.104191034118389	0.0289508643830017
1.04398399761367	0.75369610299678
0.387618551364921	0.203775351678185
-0.487715822601909	0.372764980793623
-0.322032975668386	0.231903465341743
-0.686735568887376	0.508322918373419
1.15453242176802	1.10874641219142
-0.0489147483452937	0.0266769411251259
0.0857959848849942	0.0467930000380248
-0.00650575303563362	0.00362995040657906
-1.13151235160817	0.867711109736061
-0.167655258361164	0.0868735579417123
0.0477975991315875	0.0241126721121997
-0.390037371011563	0.276419788363124
1.21250957982858	0.971245583613829
-0.260329029925159	0.131417764875266
0.116391353791918	0.0681832637592717
-0.701763799486029	0.470846950090697
-0.235343085069702	0.137969584760359
0.564130014999798	0.389398997481229
-0.422428119128095	0.236719234912365
-0.571737584667295	0.312608565413617
0.128382892136535	0.0569893614731727
-0.825127181183508	0.599448766878507
-0.44972297108106	0.282664634540686
-0.732114848484512	0.441422043241892
-0.100443178122335	0.0534100513858687
0.898429094995836	0.72345739395091
-0.788343745757691	0.414362328106443
-0.00486435955028876	0.00225474722485634
0.178394582455224	0.0879597751455033
0.0618437521545455	0.023937914845111
-1.67000918546535	1.12155961645345
-0.174109052195754	0.117783220062988
0.0478374739349464	0.0241360072493468
-0.351757803318784	0.276475769948736
-1.12714451863863	0.72393034465297
-0.73236345422613	0.441536831391427
-0.825247892420489	0.59937445297054
-0.674741391027964	0.545420306406661
0.387524745750924	0.203731359245904
-0.422428119128095	0.236719234912365
-0.100517289863626	0.0534489339909363
0.396024933516971	0.226195455441666
-0.0490327681648237	0.0267369195294689
0.398978869716779	0.26101254726313
-1.13147421927421	0.867563171264953
-0.422299294346764	0.236652215203968
0.0584218523132793	0.0369098436699805
0.50450666466925	0.449281337097482
-0.358615057868531	0.229992454909469
-0.852541166752993	0.785872227558357
-1.6700152989722	1.12100199645362
1.05616008139829	0.549571799070062
-0.100435448908401	0.053405283159304
-0.260343515581359	0.131418537401997
-0.732099967580472	0.441350213980641
-0.00469223554792906	0.00217704265702508
-0.358653698911515	0.230066631527229
-1.13160407322127	0.867781212342318
1.93401081886868	2.4269567710615
-0.788222961863263	0.414264406349458
0.234373269576146	0.135633958116151
0.365902525614416	0.150379543777498
0.163542982860668	0.108778932354839
-0.282308673696907	0.244280557502124
-1.32029126465892	1.32343090818493
0.178647471174659	0.0880725942603887
0.928532535536287	0.544905767686774
1.14991551077885	0.773906023057076
-0.877254707096913	0.577167546274364
-0.701824725138337	0.470945497752617
-0.327335889648938	0.129624283363844
-0.0787588855722984	0.0353441950334484
-0.472061788963516	0.329033357464412
1.4971130121614	1.4300276735307
0.372828104257578	0.176187601416706
2.23943356998438	1.78025757563909
-0.422470428841596	0.236720676316415
-0.825135049387965	0.599550836734038
-0.747050919444729	0.697737592033022
-1.14888973713581	1.17237307012783
-0.472084972467567	0.329086525090447
1.15480919604772	1.10904894116388
1.36209942212886	1.19724209000592
-0.00469223554792906	0.00217704265702508
0.0479747380547107	0.0242080962692441
-2.19242126769198	1.21041099953334
-1.27049253342463	0.885127265289124
-1.94225216532037	1.50553265197483
0.181399908429285	0.127687118867493
-0.351823286685247	0.276549016111137
-0.00846262185640431	0.00278126286689462
-1.35100787997699	1.18244366847572
-0.788353018666431	0.414337941238971
0.211857686193715	0.113839275081236
0.178329729181954	0.0879236922445928
-0.573069444667283	0.392154228921532
-0.449551847246755	0.28255524491248
-0.825492339365296	0.599688769725692
0.584705454785635	0.379865393865165
0.399690400102612	0.24532046887855
1.05647520889823	0.549729892713676
-0.314867405965761	0.180451526135702
-0.224391233949113	0.149292990518483
-1.24502179654099	1.02203226696656
-0.00656605805463023	0.00366311165284494
-0.568481019853327	0.350153375981782
0.852884874763862	0.546572093051792
-1.44924009417487	1.34667726234533
0.606653110878273	0.367855821635787
-0.449656806802103	0.282594576641388
0.116563826250676	0.0682294811400808
0.211758999475203	0.113754851501744
0.711809675508547	0.546366920879928
0.764280160087122	0.331303341451248
-0.449470313294104	0.282463449072139
-0.571737584667295	0.312608565413617
-0.0785585849311568	0.0352548515118034
-0.732058126746874	0.73286505952673
-0.746688922364523	0.696902987289913
-0.314791617249593	0.180275854936804
-1.32074490619597	1.32451870251919
0.656233446083565	0.556691460943664
0.564309454944135	0.389580908495401
0.178582044959992	0.0880558495915799
0.606573930730702	0.367747138860669
0.606573930730702	0.367747138860669
0.968647767407082	0.894397866217944
0.128862234571198	0.0572251923644326
0.671639646013065	0.334844260911513
0.711848749891497	0.546420854556282
1.15015132121946	0.774176029611433
-1.27063082055851	0.885275144897396
-0.571612713488628	0.312477898458969
-0.358561349203797	0.229976361393022
-0.981476778516433	0.891022138441651
-0.686800933612094	0.508334523103492
-0.686526342442764	0.507925612342817
-0.579271811951938	0.475172822923278
0.178300949641365	0.0878996403275426
1.51274755477291	1.26322709321652
-1.35610128709322	0.474818712797072
0.387431007706947	0.203668807909657
-0.00473520578037929	0.00219591531042473
0.399640462504326	0.245290629353771
0.142186070876474	0.0889284491342572
-0.314883095294388	0.18046152778602
0.398965812529665	0.261023979914902
-0.235541515753558	0.138114100829824
-0.391238150997326	0.191181990707606
1.34307053574539	1.01506199733172
-0.167822568183777	0.0869921519796813
1.15025638771776	0.774418861125706
1.0442650852691	0.754232399790507
0.928767656287062	0.545207466605494
0.399445402301504	0.245109628862533
-0.235237583424851	0.13791980571296
0.546777639333109	0.399379896900915
-0.981425340198277	0.891193190806152
0.250566688022217	0.155113796049089
0.504630078138919	0.449236167013076
-0.825142928248916	0.599571444913089
0.584789793668832	0.379972034303177
-0.391603095504156	0.191462066890932
0.21178923311276	0.113786657240428
0.0854786109845643	0.0466093321343159
-0.00486435955028876	0.00225474722485634
-1.52269793227587	1.22083213392647
-1.96398821246931	0.956159377765416
0.60666747478801	0.367841714094269
-0.848554588996423	0.353709685597233
0.38745688057007	0.203646525201812
0.546856829337564	0.399465822275732
0.398952751279318	0.261019310889639
-0.686629813814052	0.508081781188768
0.178488280870952	0.0880114930246788
-0.517010624683618	0.178709666938849
-0.103708004302289	0.0288061650208548
0.750745284981443	0.546232890910934
0.0857959848849942	0.0467930000380248
0.67158217394513	0.334848424054662
1.0442650852691	0.754232399790507
-2.37576401745755	2.2971069492082
-0.314897752349974	0.180460386792066
-0.00471351223080486	0.00218494087160831
-1.32945704925353	0.732853759751035
-0.184495602328439	0.0791280415311326
-0.573161765273624	0.392176229876356
0.750738002359985	0.54623867910786
-0.0787328393819667	0.0353418953097744
-0.314814424996404	0.18040114856928
0.0615829893731542	0.0238409326210027
1.79944799922107	1.775645902734
2.23921082823121	1.78036743679166
0.387524745750924	0.203731359245904
1.24607295645166	1.14595601921863
-1.35083692672937	1.18239134984024
-1.13157352576474	0.867806795163739
-0.449381034942207	0.282355651950242
-0.877128198496476	0.577191008258668
-1.14261009456794	1.02009861068441
-0.732021846522536	0.441299012127764
0.250486719388227	0.155045140625533
-0.732192865670734	0.441473163114747
-0.449902085367847	0.282738693009958
-1.51151154262208	0.927724141804404
-0.395591193509099	0.36113722143418
-0.391246652475677	0.191209210716848
-1.35083692672937	1.18239134984024
0.234194106334154	0.135535242488063
0.372950968880263	0.176251163954604
-0.314768381769117	0.180349988527173
0.387780900587077	0.203824632971973
-0.235528417687142	0.138093242377677
0.0586109535655877	0.0370290854361946
-1.40192482241543	1.05063466740639
-0.078745871602922	0.0353461577361168
-0.579047233084989	0.267435837190726
1.72129917148825	1.34707589489112
-0.472122254448979	0.329060173996601
0.584743628490391	0.37993126836576
-0.390169212191209	0.276478799929784
-0.449625740443677	0.282551117626882
-0.792140730414016	0.630498390847998
-0.391360018543522	0.191292687350545
-0.0083456807373163	0.00274570284113593
-0.674845861436495	0.545752345612659
-0.0487568225975182	0.0265874476193196
-0.571624596727463	0.31249828110112
-0.939143234552252	0.734645723530448
-0.26007708425706	0.131229093076941
0.398939685964909	0.260998562871579
0.898459390275946	0.723223104564238
-0.472145435547435	0.32911333829104
-0.686800933612094	0.508334523103492
0.58482001808895	0.37997695034666
0.796607070563234	0.546529871565748
-0.167822568183777	0.0869921519796813
0.0480130451548229	0.024225429664649
-0.173706043323555	0.117517735171807
-0.00638929513398506	0.00356739098780242
-0.314974334266225	0.180517382779914
1.03232726684426	0.91135634635286
-0.314982198182125	0.180510673545541
0.0859277319671003	0.0468578545566706
-0.788464314880281	0.414424326723021
0.606811949914098	0.367954213314213
-0.686564529117942	0.508078747495984
-0.579018048486102	0.267409454362904
-4.4491249689858	1.84196048033348
0.372950968880263	0.176251163954604
-1.13158109042507	0.867766686637026
-0.938971978520868	0.734455823851989
0.387592918851795	0.203717843721853
0.0478981651999103	0.0241685434406286
-1.32938572253344	0.733074998982863
0.365691750007034	0.150278237952888
-0.327440212159224	0.129629361099382
-0.00469223554792906	0.00217704265702508
1.3082662459452	0.797390693711427
-1.35123122376781	1.18221763674194
-0.314867405965761	0.180451526135702
-0.849278232245566	0.35392746874739
-0.422385450751323	0.236657506409627
1.05647678982563	0.549758738961787
-0.791959463063889	0.630501322211344
