x	y	clickSelects
-0.10610128709322	0.474818712797072	286
-0.10610128709322	0.474818712797072	286
0.11851827506826	0.867583831883534	286
0.12297271439621	0.7237887552699	77
-0.02056950611993	0.885278385976038	77
0.00452546659570996	1.02198841912545	296
-0.02038470831303	0.884666905678582	296
0.12319723541074	0.723836733698945	296
0.10743639904147	1.02057817622063	135
-0.02056950611993	0.885278385976038	135
0.12285548136137	0.72393034465297	135
-0.10626224425971	0.474875835650706	332
0.12331495369355	0.723641797428308	471
-0.10579670478113	0.474613983393002	278
-0.0207229814768899	0.885399734353617	131
-0.10626224425971	0.474875835650706	326
-0.07938572253344	0.733074998982863	326
-0.10579670478113	0.474613983393002	326
-0.0206618083705401	0.885025373031595	154
-0.10517165583896	0.474174060906171	421
-0.07938572253344	0.733074998982863	421
-0.07941565093715	0.732799399043906	421
0.12296241001834	0.724067663560919	97
0.12284530264367	0.724097661397232	97
-0.10579670478113	0.474613983393002	73
-0.10626224425971	0.474875835650706	73
-0.10656708661147	0.475009288267318	73
0.00481646426906002	1.02226916355506	164
0.12285038561683	0.724193919652426	357
0.12330163482412	0.723532054881941	286
-0.0206463221114499	0.885370023376595	286
0.10755701210115	1.02013483694232	523
0.12308492955536	0.723963263011774	296
-0.07938572253344	0.733074998982863	296
-0.07938572253344	0.733074998982863	296
-0.0205540583764301	0.88524530962507	135
-0.10610128709322	0.474818712797072	332
0.11842647423526	0.867806795163739	496
-0.10672844137063	0.47506664569878	285
-0.10563614408753	0.474557097061527	471
-0.10563614408753	0.474557097061527	326
-0.10610128709322	0.474818712797072	326
-0.10579670478113	0.474613983393002	326
-0.10563614408753	0.474557097061527	326
-0.10672844137063	0.47506664569878	154
-0.0792908996241799	0.732090218105419	421
-0.10533182117744	0.474230709506602	421
-0.10563614408753	0.474557097061527	421
0.00471148745589001	1.02241091253556	155
0.11853336613096	0.867221021748422	97
-0.10672844137063	0.47506664569878	73
-0.07931437217088	0.732704638322614	73
-0.10579670478113	0.474613983393002	73
-0.10656708661147	0.475009288267318	73
-0.10579670478113	0.474613983393002	73
0.12309015085595	0.723594191723434	164
-0.07945704925353	0.732853759751035	52
-0.07931437217088	0.732704638322614	52
0.12320250685355	0.723768445088123	52
-0.10610128709322	0.474818712797072	148
0.12273845161794	0.724019034618447	733
0.11841890957493	0.867766686637026	357
0.12273341870883	0.724223760675267	286
0.11845704811016	0.867783868580836	77
-0.10626224425971	0.474875835650706	77
-0.0206463221114499	0.885370023376595	296
-0.0492997317738599	1.47253333977019	275
-0.10059575035503	1.18172808417882	135
-0.10656708661147	0.475009288267318	332
-0.10672844137063	0.47506664569878	471
-0.10090235712844	1.18231625144187	278
-0.03410187232851	1.61859612427001	624
-0.10610128709322	0.474818712797072	326
-0.10610128709322	0.474818712797072	421
-0.10579670478113	0.474613983393002	421
-0.09497212212525	1.77082852794073	94
0.00452546659570996	1.02198841912545	155
-0.10517165583896	0.474174060906171	73
-0.10579670478113	0.474613983393002	73
0.0046384063381899	1.02235654200607	612
0.10735283410009	1.020621151012	357
0.0292059156008999	1.47091392934164	242
-0.02049253342463	0.885127265289124	312
-0.07931437217088	0.732704638322614	312
0.12285548136137	0.72393034465297	357
0.12285038561683	0.724193919652426	357
-0.07058615050085	1.32442575604015	353
-0.10533182117744	0.474230709506602	286
-0.0204000637258801	0.885002340015008	286
-0.0205849386164001	0.884874460944387	77
0.11852578072579	0.867563171264953	296
-0.11901546018881	1.62818523028013	296
-0.0794270748627	0.733061521380134	309
-0.0207994842964401	0.885358424086186	296
-0.0793027399125299	0.732898294853153	296
0.10733899121035	1.02075039593394	296
-0.10656708661147	0.475009288267318	332
-0.10626224425971	0.474875835650706	332
0.02907891932236	1.47059017070109	496
-0.0793442775898401	0.733020573050618	501
0.12296241001834	0.724067663560919	502
0.11842647423526	0.867806795163739	278
-0.10563614408753	0.474557097061527	26
-0.07935577109624	0.732691233079291	326
-0.0793442775898401	0.733020573050618	154
-0.0793741599722999	0.732677246408085	421
-0.0793027399125299	0.732898294853153	155
-0.10108672583712	1.18241341100106	155
0.12308492955536	0.723963263011774	155
-0.10626224425971	0.474875835650706	73
-0.10517165583896	0.474174060906171	73
-0.07931437217088	0.732704638322614	312
-0.10059575035503	1.18172808417882	357
-0.02078387503192	0.885097812149195	357
-0.10610128709322	0.474818712797072	286
-0.10579670478113	0.474613983393002	286
-0.10626224425971	0.474875835650706	286
0.12331495369355	0.723641797428308	755
0.00490541676450995	1.02214379691749	755
-0.07938572253344	0.733074998982863	77
-0.10672844137063	0.47506664569878	77
0.00470348494459993	1.02201297535583	523
-0.10563614408753	0.474557097061527	296
0.11852578072579	0.867563171264953	296
-0.10672844137063	0.47506664569878	502
-0.10626224425971	0.474875835650706	502
-0.10626224425971	0.474875835650706	326
-0.10610128709322	0.474818712797072	326
-0.10610128709322	0.474818712797072	421
0.10114799186921	1.17241360926227	60
-0.1189739280061	1.62802663308737	94
0.12273341870883	0.724223760675267	73
-0.10626224425971	0.474875835650706	225
-0.0794683346982801	0.732965002131583	225
-0.10610128709322	0.474818712797072	223
-0.10082355811961	1.18222589649286	733
-0.10067946693909	1.18202418964724	357
-0.10626224425971	0.474875835650706	286
-0.07945704925353	0.732853759751035	286
0.12295727694134	0.723683093678629	77
0.11845704811016	0.867783868580836	523
-0.10563614408753	0.474557097061527	296
-0.0202454415289199	0.884504115044886	296
-0.10563614408753	0.474557097061527	296
0.12284530264367	0.724097661397232	135
0.0156839179807999	1.17039000322975	135
-0.10626224425971	0.474875835650706	332
-0.10610128709322	0.474818712797072	501
-0.10656708661147	0.475009288267318	502
-0.10626224425971	0.474875835650706	502
0.0922745065174999	1.47307871006964	624
0.12307972089602	0.723978664203291	131
-0.10656708661147	0.475009288267318	326
-0.10563614408753	0.474557097061527	326
-0.10656708661147	0.475009288267318	326
-0.10579670478113	0.474613983393002	326
-0.0794683346982801	0.732965002131583	154
-0.07938572253344	0.733074998982863	97
-0.07931437217088	0.732704638322614	97
-0.10610128709322	0.474818712797072	73
0.12285038561683	0.724193919652426	612
-0.07938572253344	0.733074998982863	52
-0.10563614408753	0.474557097061527	52
-0.07945704925353	0.732853759751035	225
0.12319723541074	0.723836733698945	148
-0.10656708661147	0.475009288267318	223
-0.10563614408753	0.474557097061527	312
0.11844952968649	0.86769390868449	286
0.12285038561683	0.724193919652426	77
-0.10086367567653	1.18186022537456	77
0.0899352798978901	1.62039784436958	523
-0.07938572253344	0.733074998982863	296
-0.02063082055851	0.885275144897396	296
-0.07079631369006	1.32493172804645	296
-0.10563614408753	0.474557097061527	332
-0.0792312961016299	0.732528030362833	471
0.11839592677873	0.867781212342318	278
-0.04917429922992	1.4723113078035	746
-0.10610128709322	0.474818712797072	326
-0.10610128709322	0.474818712797072	326
-0.10626224425971	0.474875835650706	326
0.12308492955536	0.723963263011774	73
-0.10610128709322	0.474818712797072	73
-0.10517165583896	0.474174060906171	73
-0.10090235712844	1.18231625144187	164
-0.10626224425971	0.474875835650706	148
-0.10656708661147	0.475009288267318	148
-0.10610128709322	0.474818712797072	223
0.00515575915357003	1.02146390598249	357
0.03365334589021	1.61809658646466	357
-0.10656708661147	0.475009288267318	286
-0.07945704925353	0.732853759751035	286
-0.10610128709322	0.474818712797072	77
-0.02049253342463	0.885127265289124	523
-0.10094243396079	1.18195051659866	296
-0.10610128709322	0.474818712797072	296
0.00471148745589001	1.02241091253556	135
-0.10656708661147	0.475009288267318	326
-0.10610128709322	0.474818712797072	706
-0.10579670478113	0.474613983393002	706
-0.10533182117744	0.474230709506602	97
-0.10563614408753	0.474557097061527	73
-0.10672844137063	0.47506664569878	73
-0.10656708661147	0.475009288267318	73
-0.0950789553518101	1.77074174197394	164
0.12307972089602	0.723978664203291	52
-0.10579670478113	0.474613983393002	225
0.00453342195127005	1.02238626711349	339
0.12297271439621	0.7237887552699	339
-0.07945704925353	0.732853759751035	148
-0.07938572253344	0.733074998982863	148
0.10743639904147	1.02057817622063	357
-0.04650821235304	2.18382584404427	353
-0.03401050181294	1.61877380619337	354
0.12331495369355	0.723641797428308	309
0.10727864989484	1.02079220806414	296
0.11858702082281	0.867243874914386	135
-0.0793442775898401	0.733020573050618	332
-0.0204771394577301	0.885153560442061	332
0.11835017111758	0.867494853538219	278
0.01556364328912	1.17047509799713	726
0.11831958394501	0.86746936633199	131
-0.10672844137063	0.47506664569878	326
-0.10656708661147	0.475009288267318	326
-0.0793442775898401	0.733020573050618	421
-0.10610128709322	0.474818712797072	73
-0.10672844137063	0.47506664569878	73
-0.07938572253344	0.733074998982863	97
-0.10626224425971	0.474875835650706	97
0.12296755585385	0.724105062479207	73
-0.10626224425971	0.474875835650706	73
0.12308492955536	0.723963263011774	225
0.11847278350548	0.867079877595063	225
-0.10610128709322	0.474818712797072	223
-0.10626224425971	0.474875835650706	223
0.11856392670175	0.867148395933223	557
-0.10626224425971	0.474875835650706	557
0.10110715052626	1.17269849127263	557
-0.10610128709322	0.474818712797072	286
-0.0793027399125299	0.732898294853153	77
0.10737607859551	1.02071657436321	523
0.01569727102284	1.17056832595407	36
0.08899727962896	1.76152065131779	36
-0.10563614408753	0.474557097061527	309
0.11832720761731	0.867688530047492	296
0.12307972089602	0.723978664203291	278
-0.10533182117744	0.474230709506602	501
0.10743639904147	1.02057817622063	294
-0.07945704925353	0.732853759751035	131
-0.10579670478113	0.474613983393002	421
-0.10610128709322	0.474818712797072	421
-0.0204771394577301	0.885153560442061	155
-0.10533182117744	0.474230709506602	73
-0.10610128709322	0.474818712797072	73
-0.10579670478113	0.474613983393002	73
-0.10563614408753	0.474557097061527	73
0.11833491116542	0.867575115414988	164
0.12296755585385	0.724105062479207	52
-0.10610128709322	0.474818712797072	52
-0.10533182117744	0.474230709506602	225
-0.10656708661147	0.475009288267318	148
0.00499431826276009	1.0219613406848	357
0.11845704811016	0.867783868580836	357
0.12308492955536	0.723963263011774	357
-0.07938572253344	0.733074998982863	286
0.00471947940608009	1.02247485915243	36
-0.0793442775898401	0.733020573050618	77
0.11829669312852	0.86755806948783	296
0.01561376769572	1.17057560991048	296
0.12319723541074	0.723836733698945	602
-0.10656708661147	0.475009288267318	602
-0.10610128709322	0.474818712797072	332
-0.10719529787251	0.475144061818858	332
-0.10091571216432	1.1824817039579	278
0.01543336181993	1.17062438134029	501
-0.10563614408753	0.474557097061527	326
-0.10626224425971	0.474875835650706	326
-0.10579670478113	0.474613983393002	154
-0.10626224425971	0.474875835650706	154
-0.10610128709322	0.474818712797072	706
-0.07945704925353	0.732853759751035	706
-0.07949835504126	0.73284027733314	73
-0.10626224425971	0.474875835650706	73
-0.10672844137063	0.47506664569878	73
-0.0793442775898401	0.733020573050618	52
-0.0795395684214799	0.732743827144696	52
0.0157206565782	1.17050598068434	339
-0.10091571216432	1.1824817039579	733
0.10727864989484	1.02079220806414	357
-0.0201527006656601	0.884017732379165	357
-0.10656708661147	0.475009288267318	286
-0.07927288054565	0.732650220342582	286
-0.10099453460357	1.18251242155464	755
-0.10672844137063	0.47506664569878	309
0.0156004032513899	1.17069584688429	36
0.12307972089602	0.723978664203291	296
-0.09508338670284	1.77135412451231	135
0.11828902316591	0.867393921282527	278
-0.10626224425971	0.474875835650706	501
-0.10672844137063	0.47506664569878	278
-0.10579670478113	0.474613983393002	326
-0.10579670478113	0.474613983393002	326
-0.10672844137063	0.47506664569878	326
-0.10610128709322	0.474818712797072	326
-0.10610128709322	0.474818712797072	421
-0.10517165583896	0.474174060906171	706
-0.10610128709322	0.474818712797072	73
-0.10610128709322	0.474818712797072	73
-0.10656708661147	0.475009288267318	73
-0.10563614408753	0.474557097061527	73
-0.10719529787251	0.475144061818858	73
-0.10517165583896	0.474174060906171	73
0.10739932330645	1.02066115370797	164
0.12273845161794	0.724019034618447	52
0.12319723541074	0.723836733698945	148
-0.10610128709322	0.474818712797072	357
-0.10533182117744	0.474230709506602	286
-0.0206618083705401	0.885025373031595	755
-0.10579670478113	0.474613983393002	77
-0.07931437217088	0.732704638322614	77
0.0158174856301401	1.17015444487828	36
0.12285038561683	0.724193919652426	296
0.10098132680071	1.17280790498688	36
-0.02049253342463	0.885127265289124	296
-0.10579670478113	0.474613983393002	602
-0.10672844137063	0.47506664569878	332
-0.07938572253344	0.733074998982863	278
-0.10579670478113	0.474613983393002	326
-0.10563614408753	0.474557097061527	154
-0.10626224425971	0.474875835650706	421
-0.10517165583896	0.474174060906171	421
0.00506700681071992	1.02178636042737	627
0.0958617544367999	1.3254939006993	94
-0.02049253342463	0.885127265289124	155
-0.10626224425971	0.474875835650706	73
-0.10610128709322	0.474818712797072	225
0.12296755585385	0.724105062479207	148
-0.0794270748627	0.733061521380134	357
-0.07941565093715	0.732799399043906	286
-0.07939707744189	0.732594884382895	286
-0.07941565093715	0.732799399043906	286
-0.10083692672937	1.18239134984024	755
0.10725540997542	1.02084763016626	523
0.11838831585175	0.867789638280916	296
-0.10092907110827	1.18241295811439	36
0.0156004032513899	1.17069584688429	135
-0.10648131164605	2.19736155311892	99
-0.0794270748627	0.733061521380134	135
0.12319723541074	0.723836733698945	278
-0.07927288054565	0.732650220342582	154
-0.10563614408753	0.474557097061527	326
-0.10672844137063	0.47506664569878	326
-0.10610128709322	0.474818712797072	154
0.12285548136137	0.72393034465297	154
0.00449771537115007	2.17663696659456	94
-0.10563614408753	0.474557097061527	706
-0.10672844137063	0.47506664569878	73
-0.10626224425971	0.474875835650706	73
-0.10626224425971	0.474875835650706	73
-0.07938572253344	0.733074998982863	33
-0.0207385215307701	0.885116853872745	33
0.0918914180189101	1.47541739504595	164
-0.01165680798956	1.90329366573074	36
0.03818595938284	1.76029715151204	36
0.11841890957493	0.867766686637026	296
0.01575738264685	1.17039160209649	135
0.11839592677873	0.867781212342318	135
-0.0705573515625999	1.32508128150296	135
0.11858702082281	0.867243874914386	99
0.12284530264367	0.724097661397232	285
-0.0207229814768899	0.885399734353617	278
0.00481646426906002	1.02226916355506	501
0.12295727694134	0.723683093678629	154
-0.10579670478113	0.474613983393002	326
-0.10703354439901	0.475086476038986	326
-0.10656708661147	0.475009288267318	326
0.1230745249301	0.723652906776775	154
-0.10703354439901	0.475086476038986	421
-0.02063082055851	0.885275144897396	627
-0.10626224425971	0.474875835650706	421
0.0156004032513899	1.17069584688429	155
-0.02056950611993	0.885278385976038	97
-0.10626224425971	0.474875835650706	73
-0.07941565093715	0.732799399043906	73
0.11855638757377	0.867435958813376	97
-0.10563614408753	0.474557097061527	73
-0.10563614408753	0.474557097061527	73
-0.10610128709322	0.474818712797072	73
-0.10626224425971	0.474875835650706	73
-0.10610128709322	0.474818712797072	73
0.11851827506826	0.867583831883534	52
0.11848764839183	0.867711109736061	52
0.11853336613096	0.867221021748422	52
0.0157440424742501	1.17026871323905	339
-0.10086367567653	1.18186022537456	339
0.12285038561683	0.724193919652426	357
-0.10533182117744	0.474230709506602	312
-0.07061027118199	1.32511225206066	557
-0.0491521542065001	1.47232348893029	36
0.10749671021687	1.02038670219003	296
0.08902441955004	1.76159770050478	36
0.0240630479487001	1.32033982974582	99
0.09585889905917	1.32578579128168	99
0.0337328520301099	1.61787329751127	135
0.12319723541074	0.723836733698945	332
-0.10610128709322	0.474818712797072	285
-0.10065267930977	1.18131521817578	278
0.00497820345901001	1.02203226696656	294
-0.02056950611993	0.885278385976038	154
-0.10610128709322	0.474818712797072	326
-0.07938572253344	0.733074998982863	154
0.1225050014552	0.724001242650154	154
-0.0794270748627	0.733061521380134	761
-0.10094243396079	1.18195051659866	155
-0.0793027399125299	0.732898294853153	706
-0.10563614408753	0.474557097061527	73
-0.0792312961016299	0.732528030362833	73
-0.10579670478113	0.474613983393002	33
-0.10579670478113	0.474613983393002	73
-0.10563614408753	0.474557097061527	73
0.12296241001834	0.724067663560919	612
-0.07931437217088	0.732704638322614	52
-0.10579670478113	0.474613983393002	225
0.12319723541074	0.723836733698945	339
-0.10626224425971	0.474875835650706	148
0.00489738821276009	1.02227857312988	733
0.11832720761731	0.867688530047492	357
0.10736223374306	1.02054534626861	357
-0.0762565226190499	1.91297096793486	99
0.10091837983176	1.17279193699477	99
0.12319723541074	0.723836733698945	154
0.12296241001834	0.724067663560919	154
-0.10626224425971	0.474875835650706	326
-0.10656708661147	0.475009288267318	326
0.11845704811016	0.867783868580836	155
-0.07931437217088	0.732704638322614	97
0.00480845929959006	1.02240393492908	97
0.12284530264367	0.724097661397232	97
-0.0794270748627	0.733061521380134	97
0.00498626613330999	1.02209610358304	97
-0.0794270748627	0.733061521380134	33
-0.10626224425971	0.474875835650706	33
-0.10563614408753	0.474557097061527	73
0.12308492955536	0.723963263011774	33
0.10106625927705	1.17278247571731	164
-0.07949835504126	0.73284027733314	148
0.00481646426906002	1.02226916355506	357
0.0885222375208601	1.90012439369943	46
0.0423622685107901	1.8991137243575	36
-0.10610128709322	0.474818712797072	471
0.11844952968649	0.86769390868449	278
-0.07069043643063	1.32516232626876	278
0.10115118533739	1.17257606466501	294
-0.10075817831556	1.18224018628913	294
-0.0795095021621599	0.732690573076271	131
0.10085540947663	1.172726766653	131
0.11838831585175	0.867789638280916	154
-0.0794382913293501	0.732320836210408	154
-0.07938572253344	0.733074998982863	326
-0.02056950611993	0.885278385976038	154
0.11843411870824	0.86763319064665	19
0.12295727694134	0.723683093678629	154
0.12296241001834	0.724067663560919	19
0.11854892812711	0.867391659084884	19
0.1075432095043	1.02012638028614	60
0.12296755585385	0.724105062479207	97
-0.0795395684214799	0.732743827144696	97
-0.10517165583896	0.474174060906171	97
-0.07945704925353	0.732853759751035	33
-0.10090235712844	1.18231625144187	612
-0.07938572253344	0.733074998982863	148
-0.03440699135922	1.61968520056855	36
0.10723217028021	1.02075219205701	99
-0.02056950611993	0.885278385976038	471
-0.0343154769777501	1.61959315126928	294
0.12285038561683	0.724193919652426	154
0.00480845929959006	1.02240393492908	19
-0.0208150781758101	0.885146462492235	761
0.11850283200348	0.867243890221472	761
-0.10563614408753	0.474557097061527	97
0.11839592677873	0.867781212342318	97
-0.07931437217088	0.732704638322614	33
-0.07949835504126	0.73284027733314	33
-0.10610128709322	0.474818712797072	33
0.10713470452622	1.0207869603234	612
0.0046384063381899	1.02235654200607	164
-0.11918755823528	1.62730487411437	164
0.10125159137846	1.17153801815151	52
-0.02063082055851	0.885275144897396	225
-0.07949835504126	0.73284027733314	733
-0.02049253342463	0.885127265289124	357
0.0154935056801699	1.17066069656251	357
0.01569727102284	1.17056832595407	36
0.09179740587279	1.47542638322107	36
0.0241037596495499	1.32032608578155	99
-0.0795395684214799	0.732743827144696	471
0.0294102373679499	1.47037525469748	294
0.0916962251822	1.47532442941367	726
-0.0794683346982801	0.732965002131583	154
0.12272839863459	0.724050372770115	154
-0.02056950611993	0.885278385976038	154
0.12296755585385	0.724105062479207	154
0.10743639904147	1.02057817622063	627
0.12308492955536	0.723963263011774	155
-0.0792193858858199	0.732310710939257	97
-0.0794270748627	0.733061521380134	97
0.11850283200348	0.867243890221472	97
-0.10672844137063	0.47506664569878	33
0.11850283200348	0.867243890221472	52
-0.0204000637258801	0.885002340015008	339
0.12308492955536	0.723963263011774	571
-0.10085029924819	1.18232262095185	733
0.12272839863459	0.724050372770115	357
0.0961614296687401	1.32467255518057	36
0.09189858976439	1.47534110389057	36
-0.0888431661604601	2.32928496744194	275
-0.10059575035503	1.18172808417882	726
-0.10082355811961	1.18222589649286	131
-0.02063082055851	0.885275144897396	154
-0.0793442775898401	0.733020573050618	154
-0.0207229814768899	0.885399734353617	627
-0.0207994842964401	0.885358424086186	155
0.12307972089602	0.723978664203291	155
0.11842647423526	0.867806795163739	97
-0.07949835504126	0.73284027733314	97
0.12296241001834	0.724067663560919	97
-0.0207994842964401	0.885358424086186	33
-0.02063082055851	0.885275144897396	339
0.12285038561683	0.724193919652426	733
-0.0704787748606	1.32492339350812	357
0.12350738591729	2.04588798699618	111
0.0425941034677899	1.89936286917108	36
0.10104425036994	1.17277655134832	36
0.0159844542390499	1.16915647138666	131
0.12296755585385	0.724105062479207	154
0.12328785276576	0.723044602553723	154
0.00436305030583006	1.02216264619002	627
0.12307972089602	0.723978664203291	627
-0.07935577109624	0.732691233079291	97
-0.0793442775898401	0.733020573050618	52
0.11835774852874	0.867764086305046	339
-0.10074479612772	1.18207475191099	357
-0.03391925970278	1.61798649206722	36
0.0459595528180401	2.0367188294466	36
0.0892756526294301	1.7605931605614	440
0.12330163482412	0.723532054881941	278
-0.10099453460357	1.18251242155464	278
0.12330963206982	0.723421814438265	278
0.03815237633393	1.7605853079145	294
-0.10579670478113	0.474613983393002	26
0.12273845161794	0.724019034618447	131
-0.02056950611993	0.885278385976038	154
-0.07927288054565	0.732650220342582	154
-0.10626224425971	0.474875835650706	154
-0.10090235712844	1.18231625144187	60
0.10737607859551	1.02071657436321	155
0.11845704811016	0.867783868580836	155
-0.10656708661147	0.475009288267318	97
-0.10563614408753	0.474557097061527	97
-0.10610128709322	0.474818712797072	73
-0.10626224425971	0.474875835650706	73
-0.0795095021621599	0.732690573076271	33
-0.10626224425971	0.474875835650706	317
0.10743639904147	1.02057817622063	164
-0.07931437217088	0.732704638322614	52
0.00480845929959006	1.02240393492908	339
-0.0792312961016299	0.732528030362833	357
0.0336243806596701	1.61797229669416	357
0.11844952968649	0.86769390868449	36
0.12308492955536	0.723963263011774	36
0.12273341870883	0.724223760675267	36
0.02380835614887	1.32045716391472	36
0.12297271439621	0.7237887552699	36
0.0897140401787899	1.62088167159062	36
-0.10116560867072	1.18231797168079	99
-0.10563614408753	0.474557097061527	310
-0.10563614408753	0.474557097061527	790
-0.10626224425971	0.474875835650706	154
-0.10533182117744	0.474230709506602	154
-0.10626224425971	0.474875835650706	154
-0.10626224425971	0.474875835650706	155
0.00472746078908992	1.02234010991608	97
-0.10563614408753	0.474557097061527	97
-0.02038470831303	0.884666905678582	97
-0.07935577109624	0.732691233079291	33
0.11836540575182	0.867705619289095	612
-0.0706647456406999	1.32506083168626	52
-0.10610128709322	0.474818712797072	148
-0.10672844137063	0.47506664569878	148
0.10729250680909	1.02071038229888	366
0.10737607859551	1.02071657436321	99
0.02966967809905	1.46988689311175	99
-0.0793442775898401	0.733020573050618	310
-0.0794270748627	0.733061521380134	310
0.00488934910851002	1.02221469041217	790
-0.02078387503192	0.885097812149195	278
-0.11901546018881	1.62818523028013	48
0.0156371507802999	1.1706896552133	278
-0.0794683346982801	0.732965002131583	154
-0.0792611093834199	0.73269315682669	154
0.00463044854541006	1.02249125178531	19
-0.10626224425971	0.474875835650706	154
-0.07931437217088	0.732704638322614	761
0.12285038561683	0.724193919652426	627
-0.07927288054565	0.732650220342582	627
0.0336028062190801	1.61823835162008	60
-0.10563614408753	0.474557097061527	434
0.12285038561683	0.724193919652426	97
-0.10626224425971	0.474875835650706	73
-0.0794683346982801	0.732965002131583	317
0.0918914180189101	1.47541739504595	164
0.11842647423526	0.867806795163739	182
0.00507509304988996	1.02185014029931	762
-0.0204617302546	0.88475871812798	310
0.00471148745589001	1.02241091253556	310
-0.10626224425971	0.474875835650706	655
-0.02056950611993	0.885278385976038	19
-0.0792312961016299	0.732528030362833	19
-0.10563614408753	0.474557097061527	761
-0.10626224425971	0.474875835650706	434
0.12307972089602	0.723978664203291	97
-0.07938572253344	0.733074998982863	73
-0.0794270748627	0.733061521380134	33
-0.10563614408753	0.474557097061527	317
-0.10626224425971	0.474875835650706	317
-0.10672844137063	0.47506664569878	317
0.10743639904147	1.02057817622063	52
-0.10610128709322	0.474818712797072	225
0.10719506184369	1.02084195360638	339
-0.10626224425971	0.474875835650706	148
-0.07939707744189	0.732594884382895	369
-0.04917429922992	1.4723113078035	182
0.11852578072579	0.867563171264953	182
0.12273845161794	0.724019034618447	190
0.00471148745589001	1.02241091253556	36
-0.0204000637258801	0.885002340015008	762
-0.07938572253344	0.733074998982863	790
0.0294102373679499	1.47037525469748	48
-0.10563614408753	0.474557097061527	618
-0.0793442775898401	0.733020573050618	761
-0.0207994842964401	0.885358424086186	155
0.12340819259134	0.72324520596923	60
-0.10656708661147	0.475009288267318	33
-0.10719529787251	0.475144061818858	148
-0.07918961872126	0.732323078576545	182
-0.02063082055851	0.885275144897396	190
0.00471947940608009	1.02247485915243	36
0.01566053420781	1.17062730393621	440
0.00525259383008003	1.02109845581713	440
0.0293385019088099	1.4708775694154	36
-0.10533182117744	0.474230709506602	790
-0.0793442775898401	0.733020573050618	278
-0.10610128709322	0.474818712797072	776
-0.0489641390137101	1.47155054979702	294
-0.10626224425971	0.474875835650706	154
-0.10610128709322	0.474818712797072	715
-0.10703354439901	0.475086476038986	154
-0.10672844137063	0.47506664569878	761
0.10721829938141	1.02078653749584	155
-0.0205540583764301	0.88524530962507	97
-0.10579670478113	0.474613983393002	97
0.12273845161794	0.724019034618447	97
-0.10626224425971	0.474875835650706	73
-0.10626224425971	0.474875835650706	317
-0.0489015110858999	1.47115632766221	164
-0.0794270748627	0.733061521380134	52
0.1230745249301	0.723652906776775	225
-0.10517165583896	0.474174060906171	225
0.12285038561683	0.724193919652426	339
-0.10563614408753	0.474557097061527	148
-0.0206463221114499	0.885370023376595	148
0.10129899089588	1.17199531312961	357
-0.02056950611993	0.885278385976038	247
0.1070511054796	1.02058323614315	36
0.12331495369355	0.723641797428308	440
-0.02063082055851	0.885275144897396	261
0.12285038561683	0.724193919652426	271
-0.0794683346982801	0.732965002131583	310
-0.0491927392026199	1.47230001629076	131
-0.0793325762403701	0.732472307546603	655
-0.10656708661147	0.475009288267318	618
0.0482204327737801	2.17467038546677	94
0.10729250680909	1.02071038229888	97
-0.10579670478113	0.474613983393002	434
-0.10533182117744	0.474230709506602	705
0.12307972089602	0.723978664203291	97
-0.0206618083705401	0.885025373031595	97
-0.10563614408753	0.474557097061527	73
-0.03445279611393	1.61939742351674	164
-0.10610128709322	0.474818712797072	225
-0.0793027399125299	0.732898294853153	148
-0.0205849386164001	0.884874460944387	182
0.12308492955536	0.723963263011774	383
-0.0492997317738599	1.47253333977019	190
-0.0703201101844999	1.32408493023242	36
0.12331495369355	0.723641797428308	440
-0.10070082312504	1.18148574248685	440
-0.09516975499017	1.77165597013603	36
-0.0794683346982801	0.732965002131583	771
0.00454136673165007	1.0224502405297	261
0.12309015085595	0.723594191723434	285
0.0882352695748101	1.8997792298836	48
0.11845704811016	0.867783868580836	294
-0.10563614408753	0.474557097061527	64
-0.0705044396924499	1.32499356923095	131
-0.10517165583896	0.474174060906171	154
-0.10626224425971	0.474875835650706	154
-0.10626224425971	0.474875835650706	761
-0.0795395684214799	0.732743827144696	761
0.0243104179318101	1.318895927548	60
0.00482445867240999	1.02181331761789	60
-0.07945704925353	0.732853759751035	97
-0.10579670478113	0.474613983393002	33
-0.10672844137063	0.47506664569878	317
-0.0794382913293501	0.732320836210408	225
0.12284530264367	0.724097661397232	339
0.11855638757377	0.867435958813376	339
-0.07941565093715	0.732799399043906	148
-0.10610128709322	0.474818712797072	369
-0.10092907110827	1.18241295811439	247
0.00472746078908992	1.02234010991608	383
0.12285038561683	0.724193919652426	190
0.11594989638562	2.33325736262643	46
-0.10610128709322	0.474818712797072	271
-0.0793741599722999	0.732677246408085	310
-0.10579670478113	0.474613983393002	285
-0.10579670478113	0.474613983393002	285
0.12296241001834	0.724067663560919	278
-0.0207229814768899	0.885399734353617	64
-0.10656708661147	0.475009288267318	618
-0.10533182117744	0.474230709506602	761
-0.02056950611993	0.885278385976038	97
-0.10626224425971	0.474875835650706	73
-0.07941565093715	0.732799399043906	33
-0.10563614408753	0.474557097061527	33
-0.10626224425971	0.474875835650706	33
-0.034183340802	1.61929283945027	164
-0.10579670478113	0.474613983393002	225
-0.07941565093715	0.732799399043906	339
-0.10656708661147	0.475009288267318	148
-0.10563614408753	0.474557097061527	369
0.12308492955536	0.723963263011774	190
0.0241665270887901	1.32011287379601	99
0.12297271439621	0.7237887552699	271
-0.10672844137063	0.47506664569878	310
-0.10610128709322	0.474818712797072	285
-0.10517165583896	0.474174060906171	64
0.1230745249301	0.723652906776775	154
-0.10610128709322	0.474818712797072	715
-0.07945704925353	0.732853759751035	655
0.10738547650029	1.02005896735123	19
-0.0793442775898401	0.733020573050618	155
-0.10517165583896	0.474174060906171	434
-0.0794270748627	0.733061521380134	457
0.04252611677799	1.89943667224403	164
0.00454930093091011	1.02231558843021	359
0.11835774852874	0.867764086305046	359
-0.02041540395048	0.884913999923827	571
-0.10610128709322	0.474818712797072	369
0.11838831585175	0.867789638280916	440
0.10110715052626	1.17269849127263	261
-0.0117946820474	1.9040382860656	36
-0.10563614408753	0.474557097061527	285
-0.07938572253344	0.733074998982863	116
0.0958381141585001	1.32585418247166	294
-0.02032283110676	0.884788987516767	64
0.12308492955536	0.723963263011774	154
0.12285038561683	0.724193919652426	154
0.10725540997542	1.02084763016626	19
-0.10563614408753	0.474557097061527	761
0.12272839863459	0.724050372770115	155
-0.08926229390204	2.32841416103915	60
0.00497013024618997	1.02163460494814	91
-0.10626224425971	0.474875835650706	317
-0.10610128709322	0.474818712797072	821
-0.07941565093715	0.732799399043906	821
0.12296755585385	0.724105062479207	366
-0.0204771394577301	0.885153560442061	440
0.08901769406952	1.76129667547259	36
0.10117002725675	1.17257316998894	99
0.12331495369355	0.723641797428308	310
0.12307972089602	0.723978664203291	310
0.12309015085595	0.723594191723434	116
-0.0795095021621599	0.732690573076271	294
-0.07927288054565	0.732650220342582	64
-0.10517165583896	0.474174060906171	26
-0.0705301109869201	1.32480386849696	797
-0.02032283110676	0.884788987516767	227
-0.10610128709322	0.474818712797072	655
-0.10656708661147	0.475009288267318	618
-0.07941565093715	0.732799399043906	618
0.11844952968649	0.86769390868449	19
-0.07938572253344	0.733074998982863	761
-0.10085029924819	1.18232262095185	719
-0.10517165583896	0.474174060906171	73
-0.11882260540108	1.62732653000381	52
-0.0204771394577301	0.885153560442061	52
-0.10563614408753	0.474557097061527	148
-0.10563614408753	0.474557097061527	148
0.03814741777815	1.76012973130152	226
0.11835017111758	0.867494853538219	182
-0.10091571216432	1.1824817039579	182
0.11848764839183	0.867711109736061	182
0.08969093208018	1.62105448873818	99
0.12272839863459	0.724050372770115	715
-0.0207994842964401	0.885358424086186	227
-0.10107339402949	1.18248216137797	19
0.03357383586358	1.61811405858469	60
-0.10626224425971	0.474875835650706	73
-0.0794270748627	0.733061521380134	52
-0.0205849386164001	0.884874460944387	571
0.10721829938141	1.02078653749584	182
-0.0703986392216001	1.32463964307793	116
0.10739932330645	1.02066115370797	116
0.10135851676916	1.17188689612572	48
0.0155402637317701	1.1707123925068	294
0.11853336613096	0.867221021748422	131
-0.10086367567653	1.18186022537456	227
0.0240851217556399	1.32001981906622	227
-0.0205540583764301	0.88524530962507	60
-0.10075817831556	1.18224018628913	97
-0.0207994842964401	0.885358424086186	52
0.10726926493593	1.02032607142289	52
-0.10656708661147	0.475009288267318	225
0.10125492207173	1.17240463951953	359
-0.02041540395048	0.884913999923827	571
-0.0703970510297001	1.32391406424971	182
0.00480044377019007	1.02234001569233	366
0.02399679911735	1.32029057095335	366
0.02953725743383	1.47044421498804	182
0.0958617544367999	1.3254939006993	804
-0.0207074260831399	0.885233973269698	285
-0.0792312961016299	0.732528030362833	797
0.11842647423526	0.867806795163739	227
0.12319723541074	0.723836733698945	227
0.00491343475751993	1.02168799625125	227
0.11835774852874	0.867764086305046	227
-0.07622315997033	1.91297300471971	60
-0.07935577109624	0.732691233079291	60
0.10748289349599	1.02031777514858	97
-0.07938572253344	0.733074998982863	52
0.00471148745589001	1.02241091253556	359
0.10741315213225	1.02048278027836	359
-0.0794270748627	0.733061521380134	366
-0.0204000637258801	0.885002340015008	366
0.0046384063381899	1.02235654200607	182
0.00448367096074009	2.17667591039797	65
-0.0225407972412599	1.76370588544696	804
-0.10091571216432	1.1824817039579	116
0.00488934910851002	1.02221469041217	116
0.10736223374306	1.02054534626861	294
0.11842647423526	0.867806795163739	227
0.10129571039032	1.17217190386863	227
0.01569727102284	1.17056832595407	60
-0.07061182671971	1.32502985258489	60
-0.07061182671971	1.32502985258489	19
0.1011291703025	1.17270439918049	60
0.11841890957493	0.867766686637026	457
0.11845704811016	0.867783868580836	52
0.0917179092471501	1.47555856138665	226
-0.0793027399125299	0.732898294853153	366
-0.04938466770955	1.47239180664027	366
-0.10533182117744	0.474230709506602	116
-0.07600734107945	1.91194340835278	48
-0.0207994842964401	0.885358424086186	294
0.11848017617428	0.867566618244343	294
0.0959685826836001	1.32567709844915	449
0.02942501945044	1.4705593560294	227
0.0154801156719999	1.17067606353664	227
-0.02038470831303	0.884666905678582	227
-0.10610128709322	0.474818712797072	227
0.11840361758269	0.867557605747178	60
0.10106625927705	1.17278247571731	60
-0.0207229814768899	0.885399734353617	19
-0.10563614408753	0.474557097061527	97
-0.10083692672937	1.18239134984024	719
0.12261665499126	0.724176297801358	819
0.10095932401871	1.17264827086487	359
-0.02041540395048	0.884913999923827	52
0.0381573727827	1.76082432293548	359
0.10751995975593	1.02033130172564	359
-0.02049253342463	0.885127265289124	359
-0.02049253342463	0.885127265289124	366
0.0958143913576399	1.32560208576941	182
-0.10090235712844	1.18231625144187	235
-0.07938572253344	0.733074998982863	116
-0.0206463221114499	0.885370023376595	19
0.10731574889979	1.02080581954915	60
0.11831958394501	0.86746936633199	643
-0.03420867525606	1.61947723378289	457
-0.02049253342463	0.885127265289124	719
-0.10626224425971	0.474875835650706	719
0.11844952968649	0.86769390868449	52
0.12319197659531	0.723563792790257	52
-0.0204000637258801	0.885002340015008	359
-0.10563614408753	0.474557097061527	570
-0.0205540583764301	0.88524530962507	182
-0.0794270748627	0.733061521380134	116
0.10725540997542	1.02084763016626	48
-0.0206153036757	0.884747748728149	294
0.02380835614887	1.32045716391472	227
-0.10107339402949	1.18248216137797	227
-0.10656708661147	0.475009288267318	96
0.0238745105678899	1.32050656174933	60
0.10751995975593	1.02033130172564	60
0.10102223672229	1.17261692411578	457
0.01567388580565	1.17045430231733	457
0.01587757995074	1.16984793589916	719
-0.02032283110676	0.884788987516767	719
0.12261665499126	0.724176297801358	819
-0.0206618083705401	0.885025373031595	52
0.0157206565782	1.17050598068434	359
0.10737607859551	1.02071657436321	182
0.12296755585385	0.724105062479207	182
0.02949672265276	1.47044105352652	294
0.00491343475751993	1.02168799625125	797
0.0240851217556399	1.32001981906622	227
0.11845704811016	0.867783868580836	227
0.11839592677873	0.867781212342318	60
-0.10656708661147	0.475009288267318	96
-0.0207229814768899	0.885399734353617	60
0.00489738821276009	1.02227857312988	719
0.1011291703025	1.17270439918049	305
0.10106625927705	1.17278247571731	305
-0.0206618083705401	0.885025373031595	52
-0.07053167862064	1.32506944803707	359
-0.10108672583712	1.18241341100106	4
0.12319723541074	0.723836733698945	4
-0.02038470831303	0.884666905678582	366
0.12331495369355	0.723641797428308	366
0.00480845929959006	1.02240393492908	182
0.0887745986074999	1.89832448491738	687
0.01567388580565	1.17045430231733	710
0.10743639904147	1.02057817622063	797
-0.04917429922992	1.4723113078035	227
0.00497820345901001	1.02203226696656	19
-0.0793442775898401	0.733020573050618	96
0.12307972089602	0.723978664203291	301
0.10723217028021	1.02075219205701	457
0.11848764839183	0.867711109736061	719
0.10733899121035	1.02075039593394	359
0.11843411870824	0.86763319064665	52
-0.0207385215307701	0.885116853872745	763
-0.0794683346982801	0.732965002131583	4
-0.10610128709322	0.474818712797072	4
-0.0793325762403701	0.732472307546603	4
0.11828902316591	0.867393921282527	4
0.119645097693	2.18841766843011	46
-0.10579670478113	0.474613983393002	26
0.0239153215640699	1.32064684862152	60
0.10749671021687	1.02038670219003	60
0.00471947940608009	1.02247485915243	643
-0.07935577109624	0.732691233079291	719
-0.10610128709322	0.474818712797072	91
-0.11877814865967	1.62748394013773	305
-0.10075817831556	1.18224018628913	359
0.11849520029106	0.867635884459367	763
-0.10083692672937	1.18239134984024	182
-0.10579670478113	0.474613983393002	4
0.10115118533739	1.17257606466501	182
0.12319723541074	0.723836733698945	116
0.0920720970495701	1.47475703685246	449
0.02401888662853	1.32047574805381	449
-0.09528113024032	1.77182221009552	449
-0.0207385215307701	0.885116853872745	704
-0.0793027399125299	0.732898294853153	96
-0.02056950611993	0.885278385976038	643
-0.10626224425971	0.474875835650706	83
-0.0793325762403701	0.732472307546603	52
0.00471148745589001	1.02241091253556	52
-0.0792611093834199	0.73269315682669	52
0.11852578072579	0.867563171264953	763
0.01561376769572	1.17057560991048	182
-0.07945704925353	0.732853759751035	4
-0.04938466770955	1.47239180664027	182
0.0961197904614399	1.32524070829306	216
-0.0793442775898401	0.733020573050618	687
0.10755701210115	1.02013483694232	349
-0.07938572253344	0.733074998982863	349
-0.0207385215307701	0.885116853872745	479
0.11831958394501	0.86746936633199	797
0.10127695885454	1.17227631918769	60
-0.02056950611993	0.885278385976038	704
-0.07061182671971	1.32502985258489	19
-0.10626224425971	0.474875835650706	96
-0.10672844137063	0.47506664569878	96
-0.10090235712844	1.18231625144187	643
-0.10563614408753	0.474557097061527	719
0.10751995975593	1.02033130172564	91
-0.10610128709322	0.474818712797072	83
-0.07945704925353	0.732853759751035	396
-0.10563614408753	0.474557097061527	4
-0.0208150781758101	0.885146462492235	4
-0.07935577109624	0.732691233079291	216
-0.0795806895165701	0.732469625313111	216
0.00480845929959006	1.02240393492908	182
-0.10533182117744	0.474230709506602	216
-0.10656708661147	0.475009288267318	216
-0.04917429922992	1.4723113078035	235
0.11842647423526	0.867806795163739	349
-0.10563614408753	0.474557097061527	349
-0.0207229814768899	0.885399734353617	349
-0.02041540395048	0.884913999923827	349
0.09598938847809	1.3256086785678	479
-0.10563614408753	0.474557097061527	26
0.00498626613330999	1.02209610358304	60
-0.07941565093715	0.732799399043906	19
0.12273845161794	0.724019034618447	301
0.12285548136137	0.72393034465297	301
-0.02063082055851	0.885275144897396	719
-0.07938572253344	0.733074998982863	52
0.00490541676450995	1.02214379691749	52
-0.0795395684214799	0.732743827144696	52
-0.10626224425971	0.474875835650706	396
-0.0794270748627	0.733061521380134	396
-0.10626224425971	0.474875835650706	216
-0.10672844137063	0.47506664569878	216
0.0920214965046	1.47501849248911	732
-0.0598246755624501	2.04893964235585	732
0.12339443384941	0.723424083244053	687
-0.04639419876317	2.18357803266556	65
0.0237895831822399	1.32060380259632	479
-0.10626224425971	0.474875835650706	26
0.12296241001834	0.724067663560919	704
0.11849520029106	0.867635884459367	19
-0.10579670478113	0.474613983393002	96
-0.02038470831303	0.884666905678582	719
0.10742256823522	1.02045612355461	91
-0.10626224425971	0.474875835650706	4
-0.10719529787251	0.475144061818858	216
0.10127695885454	1.17227631918769	732
-0.09530158632241	1.7719099457178	732
-0.02222427659312	1.76352637590692	732
0.0155034931370399	1.17043880852511	687
-0.10672844137063	0.47506664569878	26
0.09181910188812	1.47556622594222	449
0.10108826344224	1.17265415072568	60
-0.10610128709322	0.474818712797072	19
-0.10672844137063	0.47506664569878	301
-0.10563614408753	0.474557097061527	301
0.12307972089602	0.723978664203291	301
-0.07061027118199	1.32511225206066	457
-0.07063750941111	1.32518813993376	643
-0.10082355811961	1.18222589649286	643
-0.0205540583764301	0.88524530962507	719
0.01545673856718	1.17073840362308	305
-0.02049253342463	0.885127265289124	52
-0.02056950611993	0.885278385976038	52
0.11835774852874	0.867764086305046	763
0.12330963206982	0.723421814438265	396
0.00488934910851002	1.02221469041217	763
-0.0795395684214799	0.732743827144696	4
-0.0223680426692501	1.76411502741648	732
0.0336028062190801	1.61823835162008	53
-0.10563614408753	0.474557097061527	349
-0.10610128709322	0.474818712797072	26
-0.10579670478113	0.474613983393002	26
0.0957520679539301	1.32580713370107	449
0.1070975708479	1.02062320615709	60
-0.0207385215307701	0.885116853872745	60
-0.0794270748627	0.733061521380134	19
-0.11884338577679	1.62772620751868	19
0.00497820345901001	1.02203226696656	19
-0.10579670478113	0.474613983393002	96
-0.10563614408753	0.474557097061527	96
-0.10563614408753	0.474557097061527	96
0.00481646426906002	1.02226916355506	91
-0.0794683346982801	0.732965002131583	91
-0.10563614408753	0.474557097061527	83
0.12308492955536	0.723963263011774	52
-0.07927288054565	0.732650220342582	396
-0.10672844137063	0.47506664569878	4
0.00490541676450995	1.02214379691749	4
-0.10626224425971	0.474875835650706	26
-0.10610128709322	0.474818712797072	26
-0.10563614408753	0.474557097061527	26
0.0239560844228299	1.32058227347366	305
-0.10626224425971	0.474875835650706	83
-0.07938572253344	0.733074998982863	52
0.10703719287205	1.02045400073685	763
0.10713470452622	1.0207869603234	182
0.0241444231443999	1.32010393190176	182
0.12296241001834	0.724067663560919	4
0.12307972089602	0.723978664203291	216
-0.0793442775898401	0.733020573050618	797
0.10758026406767	1.02007945476379	60
0.0960962186872201	1.32488107100036	60
-0.10672844137063	0.47506664569878	96
0.1070975708479	1.02062320615709	91
-0.0794270748627	0.733061521380134	184
0.10715793969175	1.02073155485904	457
-0.0341172965702099	1.61905932401005	689
-0.0794270748627	0.733061521380134	52
0.11838831585175	0.867789638280916	52
0.12261169785065	0.723828643957528	763
-0.10579670478113	0.474613983393002	570
0.10102531814023	1.17268553875547	182
-0.07935577109624	0.732691233079291	4
-0.10563614408753	0.474557097061527	4
0.0101602247638299	2.31396490686677	491
-0.10533182117744	0.474230709506602	349
0.12285038561683	0.724193919652426	60
-0.0793027399125299	0.732898294853153	19
-0.10074479612772	1.18207475191099	19
-0.10579670478113	0.474613983393002	96
-0.10517165583896	0.474174060906171	96
0.12296755585385	0.724105062479207	643
0.11849520029106	0.867635884459367	457
-0.0206618083705401	0.885025373031595	719
-0.10563614408753	0.474557097061527	83
0.00489738821276009	1.02227857312988	52
0.12330963206982	0.723421814438265	52
-0.0762565226190499	1.91297096793486	359
0.01544333447863	1.17034695701693	359
-0.02063082055851	0.885275144897396	396
-0.07931437217088	0.732704638322614	4
-0.10533182117744	0.474230709506602	4
0.00480845929959006	1.02240393492908	182
-0.10610128709322	0.474818712797072	216
-0.0703745849922599	1.32344224062414	349
-0.0793442775898401	0.733020573050618	411
0.10100332484166	1.17281384342028	479
-0.10656708661147	0.475009288267318	26
-0.10610128709322	0.474818712797072	26
0.00480845929959006	1.02240393492908	60
-0.10579670478113	0.474613983393002	19
-0.0705573515625999	1.32508128150296	60
0.10106929050511	1.17181218269125	19
-0.10626224425971	0.474875835650706	301
-0.0207994842964401	0.885358424086186	643
-0.10100787997699	1.18244366847572	457
0.0158174856301401	1.17015444487828	91
0.12296241001834	0.724067663560919	4
0.11845704811016	0.867783868580836	182
0.11844209087848	0.86727191766947	182
0.10104730669514	1.17240448559064	479
0.00453342195127005	1.02238626711349	60
-0.0703986392216001	1.32463964307793	60
0.0239781568725801	1.32059127842871	60
0.11842647423526	0.867806795163739	184
-0.07069197987351	1.32454442129789	91
0.00489738821276009	1.02227857312988	91
0.02385246366216	1.32065141892179	763
0.0293845185013499	1.47085787728493	763
0.10719506184369	1.02084195360638	763
-0.0207229814768899	0.885399734353617	4
-0.04932186092821	1.47232145376909	182
0.0147803497388099	2.45250541287819	46
0.12296755585385	0.724105062479207	449
-0.10094243396079	1.18195051659866	60
0.11854892812711	0.867391659084884	149
-0.07949835504126	0.73284027733314	96
0.10106625927705	1.17278247571731	91
0.11837314291544	0.867427129954227	91
-0.10563614408753	0.474557097061527	457
0.12345991796863	0.722765171127483	719
0.11836540575182	0.867705619289095	91
0.1070511054796	1.02058323614315	91
0.10102531814023	1.17268553875547	91
0.0921081380275801	1.47408526285897	305
-0.0204000637258801	0.885002340015008	52
-0.0202454415289199	0.884504115044886	52
-0.07047719876855	1.32471617945953	763
0.11848017617428	0.867566618244343	763
0.10729250680909	1.02071038229888	763
0.10714403717699	1.01993227729132	763
0.10725540997542	1.02084763016626	182
0.00463044854541006	1.02249125178531	182
0.00490541676450995	1.02214379691749	182
-0.0793442775898401	0.733020573050618	116
0.10121408381245	1.17245072591068	69
-0.10626224425971	0.474875835650706	615
0.11848764839183	0.867711109736061	60
0.1070511054796	1.02058323614315	457
-0.0206463221114499	0.885370023376595	91
-0.10656708661147	0.475009288267318	83
-0.02023019359023	0.884302429720813	763
-0.0204771394577301	0.885153560442061	182
0.11838831585175	0.867789638280916	182
-0.0794270748627	0.733061521380134	410
0.11842647423526	0.867806795163739	116
0.11845704811016	0.867783868580836	60
0.10114799186921	1.17241360926227	60
-0.119214568269	1.62751467908106	70
0.12273341870883	0.724223760675267	70
-0.10083692672937	1.18239134984024	60
0.00489738821276009	1.02227857312988	60
-0.10563614408753	0.474557097061527	96
0.12340819259134	0.72324520596923	91
0.12296241001834	0.724067663560919	184
-0.0795395684214799	0.732743827144696	184
-0.10091571216432	1.1824817039579	457
-0.0205540583764301	0.88524530962507	91
-0.0206463221114499	0.885370023376595	91
-0.07927288054565	0.732650220342582	52
0.12273341870883	0.724223760675267	763
0.12296241001834	0.724067663560919	763
-0.0205540583764301	0.88524530962507	763
0.11852578072579	0.867563171264953	763
0.11844952968649	0.86769390868449	182
-0.07935577109624	0.732691233079291	4
0.12320250685355	0.723768445088123	182
0.12309015085595	0.723594191723434	182
0.11857960755567	0.867110072814605	116
-0.10610128709322	0.474818712797072	285
0.00498626613330999	1.02209610358304	479
0.00524446047838989	1.0210348329069	479
-0.0793442775898401	0.733020573050618	615
-0.10563614408753	0.474557097061527	26
-0.10672844137063	0.47506664569878	149
-0.10563614408753	0.474557097061527	96
0.12296755585385	0.724105062479207	96
-0.10703354439901	0.475086476038986	96
0.12296241001834	0.724067663560919	184
0.00482445867240999	1.02181331761789	457
0.10731574889979	1.02080581954915	91
-0.10626224425971	0.474875835650706	83
-0.02056950611993	0.885278385976038	763
-0.0794270748627	0.733061521380134	4
-0.0207229814768899	0.885399734353617	4
-0.07938572253344	0.733074998982863	43
0.10720893080689	1.02036788121124	116
-0.0491521542065001	1.47232348893029	116
0.01557702194168	1.17075819927854	411
0.10739932330645	1.02066115370797	479
0.11829669312852	0.86755806948783	479
-0.10610128709322	0.474818712797072	615
0.02958320289839	1.47026821300687	60
-0.0206463221114499	0.885370023376595	184
-0.07063750941111	1.32518813993376	457
-0.0206618083705401	0.885025373031595	719
-0.10083692672937	1.18239134984024	719
0.12284530264367	0.724097661397232	719
-0.02056950611993	0.885278385976038	91
-0.0793741599722999	0.732677246408085	83
-0.0206463221114499	0.885370023376595	763
-0.10092907110827	1.18241295811439	763
-0.0206618083705401	0.885025373031595	763
-0.0794270748627	0.733061521380134	4
-0.07945704925353	0.732853759751035	615
-0.10073141784938	1.18153101136281	60
0.10729250680909	1.02071038229888	70
0.12297271439621	0.7237887552699	60
0.01575738264685	1.17039160209649	149
0.12320250685355	0.723768445088123	91
-0.0204771394577301	0.885153560442061	184
-0.10067946693909	1.18202418964724	184
0.11841890957493	0.867766686637026	457
0.10737607859551	1.02071657436321	91
-0.07941565093715	0.732799399043906	52
0.12296241001834	0.724067663560919	52
0.11835017111758	0.867494853538219	763
-0.10098119313702	1.1823469892879	763
0.11834269471679	0.867231076495987	763
-0.10579670478113	0.474613983393002	17
0.12285548136137	0.72393034465297	17
0.12261665499126	0.724176297801358	182
-0.0208914783869001	0.8851051120351	410
-0.10083692672937	1.18239134984024	60
0.10125492207173	1.17240463951953	60
0.12273341870883	0.724223760675267	70
0.11851084902579	0.8673744406205	60
0.12284530264367	0.724097661397232	149
-0.07945704925353	0.732853759751035	96
-0.10049905594713	1.18117835891804	184
-0.02063082055851	0.885275144897396	184
0.0046384063381899	1.02235654200607	184
0.11835017111758	0.867494853538219	719
-0.10077156441332	1.18217148426361	91
-0.07949835504126	0.73284027733314	52
0.12273341870883	0.724223760675267	52
0.00480845929959006	1.02240393492908	763
-0.10085029924819	1.18232262095185	763
0.00479241768702998	1.02194211579956	116
0.10743639904147	1.02057817622063	69
-0.0204000637258801	0.885002340015008	411
-0.02056950611993	0.885278385976038	70
0.11841890957493	0.867766686637026	70
0.10744581338411	1.019969794901	149
-0.10579670478113	0.474613983393002	96
-0.0794270748627	0.733061521380134	184
0.12308492955536	0.723963263011774	184
0.0156004032513899	1.17069584688429	184
-0.0794683346982801	0.732965002131583	719
0.00462248017836009	1.0224272869465	719
-0.07938572253344	0.733074998982863	763
0.0152996204862399	1.17020896379875	763
0.12319723541074	0.723836733698945	763
0.12307972089602	0.723978664203291	17
-0.0204000637258801	0.885002340015008	182
-0.0792312961016299	0.732528030362833	43
0.00489738821276009	1.02227857312988	43
0.00497820345901001	1.02203226696656	116
0.00480845929959006	1.02240393492908	411
0.11829669312852	0.86755806948783	411
0.03370388636823	1.61790334715423	479
0.0960129631562201	1.32545222387988	60
-0.02229617434647	1.76401158315366	60
0.00471947940608009	1.02247485915243	60
0.00489738821276009	1.02227857312988	60
0.10739932330645	1.02066115370797	70
0.11838831585175	0.867789638280916	184
-0.0491706131182901	1.47193939303082	184
-0.07938572253344	0.733074998982863	184
-0.0705044396924499	1.32499356923095	184
-0.10083692672937	1.18239134984024	457
0.10723217028021	1.02075219205701	457
0.10739932330645	1.02066115370797	457
0.11853336613096	0.867221021748422	91
0.12273845161794	0.724019034618447	91
0.12261169785065	0.723828643957528	52
0.11843411870824	0.86763319064665	763
0.01573399528718	1.17027761559353	763
-0.0794270748627	0.733061521380134	763
-0.02063082055851	0.885275144897396	182
0.11845704811016	0.867783868580836	43
0.11846464628139	0.867658783457998	43
-0.0794683346982801	0.732965002131583	410
-0.0792312961016299	0.732528030362833	410
0.12324715745812	2.04619731561283	3
-0.10626224425971	0.474875835650706	26
-0.05985718365821	2.04827760438239	60
-0.10563614408753	0.474557097061527	96
0.11842647423526	0.867806795163739	91
0.11839592677873	0.867781212342318	457
0.10741315213225	1.02048278027836	763
-0.0204771394577301	0.885153560442061	17
0.02412584852383	1.32018118860644	182
0.12307972089602	0.723978664203291	410
-0.07918961872126	0.732323078576545	116
0.12297271439621	0.7237887552699	116
0.00488934910851002	1.02221469041217	411
-0.0793442775898401	0.733020573050618	615
0.01557702194168	1.17075819927854	70
0.10731574889979	1.02080581954915	70
0.00471148745589001	1.02241091253556	545
-0.10563614408753	0.474557097061527	96
-0.10626224425971	0.474875835650706	96
0.00488129945804006	1.0218168813678	184
0.11835774852874	0.867764086305046	184
0.12330163482412	0.723532054881941	91
0.00463044854541006	1.02249125178531	457
0.10102531814023	1.17268553875547	91
0.12319723541074	0.723836733698945	52
-0.10610128709322	0.474818712797072	17
-0.0205079121921401	0.884661458500863	182
-0.02056950611993	0.885278385976038	182
-0.07935577109624	0.732691233079291	4
0.12285038561683	0.724193919652426	4
-0.10656708661147	0.475009288267318	4
-0.07941565093715	0.732799399043906	410
-0.07927288054565	0.732650220342582	410
0.12273341870883	0.724223760675267	781
0.10719506184369	1.02084195360638	69
0.10115118533739	1.17257606466501	69
0.12296755585385	0.724105062479207	775
-0.10090235712844	1.18231625144187	775
0.01534983512655	1.1700808918836	411
0.00461450124308005	1.02202936613203	411
-0.10092907110827	1.18241295811439	60
0.12309015085595	0.723594191723434	70
-0.0707706067320599	1.32495081081725	70
-0.0204000637258801	0.885002340015008	149
-0.10563614408753	0.474557097061527	96
-0.10563614408753	0.474557097061527	96
0.00454136673165007	1.0224502405297	91
-0.07941565093715	0.732799399043906	83
0.12319723541074	0.723836733698945	52
0.10724153715018	1.020581514347	52
-0.10563614408753	0.474557097061527	17
0.11838078467204	0.867471882192457	43
-0.02056950611993	0.885278385976038	182
-0.10672844137063	0.47506664569878	410
-0.0023045437979099	2.03841196700095	561
0.0920792519475899	1.47456103283111	53
-0.10082355811961	1.18222589649286	411
-0.10082355811961	1.18222589649286	411
-0.0207385215307701	0.885116853872745	411
-0.10656708661147	0.475009288267318	545
-0.10517165583896	0.474174060906171	96
0.12319723541074	0.723836733698945	184
-0.10579670478113	0.474613983393002	184
-0.0793442775898401	0.733020573050618	83
-0.0793027399125299	0.732898294853153	17
-0.10082355811961	1.18222589649286	763
0.0960546004115801	1.32544933238086	3
0.09181910188812	1.47556622594222	3
-0.10579670478113	0.474613983393002	116
0.12285548136137	0.72393034465297	411
0.10735283410009	1.020621151012	479
-0.0207994842964401	0.885358424086186	615
0.11842647423526	0.867806795163739	70
0.12319723541074	0.723836733698945	70
0.12296755585385	0.724105062479207	184
0.01569727102284	1.17056832595407	91
-0.07938572253344	0.733074998982863	83
0.12319723541074	0.723836733698945	52
-0.10579670478113	0.474613983393002	52
0.11836540575182	0.867705619289095	763
0.0154801156719999	1.17067606353664	182
-0.0207229814768899	0.885399734353617	4
0.11853336613096	0.867221021748422	70
-0.02056950611993	0.885278385976038	70
-0.07938572253344	0.733074998982863	96
0.12297271439621	0.7237887552699	91
0.10110715052626	1.17269849127263	457
0.01566053420781	1.17062730393621	91
-0.0207229814768899	0.885399734353617	91
0.12273845161794	0.724019034618447	52
-0.10091571216432	1.1824817039579	763
0.11845704811016	0.867783868580836	17
-0.07931437217088	0.732704638322614	4
0.12307972089602	0.723978664203291	43
0.08755284963443	2.03863670024333	3
-0.02016789492353	0.884123175266073	116
0.10724153715018	1.020581514347	116
-0.10579670478113	0.474613983393002	116
0.0957490817189399	1.32557319345295	479
0.10711146959386	1.02069156014116	60
0.10110715052626	1.17269849127263	60
0.12308492955536	0.723963263011774	149
-0.10610128709322	0.474818712797072	96
0.00471148745589001	1.02241091253556	91
-0.0707690764793501	1.32485586886128	457
-0.10563614408753	0.474557097061527	83
-0.0204771394577301	0.885153560442061	763
-0.02056950611993	0.885278385976038	763
0.12273341870883	0.724223760675267	4
0.12285038561683	0.724193919652426	4
-0.07931437217088	0.732704638322614	43
-0.07949835504126	0.73284027733314	43
-0.10626224425971	0.474875835650706	116
-0.10579670478113	0.474613983393002	775
-0.10579670478113	0.474613983393002	615
-0.0794270748627	0.733061521380134	615
-0.07938572253344	0.733074998982863	70
-0.10085029924819	1.18232262095185	70
-0.07945704925353	0.732853759751035	60
0.11833491116542	0.867575115414988	184
-0.0793027399125299	0.732898294853153	17
0.11841890957493	0.867766686637026	182
0.00488934910851002	1.02221469041217	43
-0.10703354439901	0.475086476038986	410
-0.1189739280061	1.62802663308737	411
0.12319723541074	0.723836733698945	411
0.01544333447863	1.17034695701693	60
-0.02049253342463	0.885127265289124	70
0.12330963206982	0.723421814438265	184
0.12340819259134	0.72324520596923	184
-0.10626224425971	0.474875835650706	83
-0.0705301109869201	1.32480386849696	763
-0.10563614408753	0.474557097061527	17
-0.0206618083705401	0.885025373031595	43
-0.0345341396016501	1.61934562126923	46
0.11850283200348	0.867243890221472	411
-0.0206463221114499	0.885370023376595	615
0.02412584852383	1.32018118860644	60
-0.02049253342463	0.885127265289124	149
0.10755701210115	1.02013483694232	149
-0.10563614408753	0.474557097061527	96
0.00498626613330999	1.02209610358304	721
-0.0705044396924499	1.32499356923095	457
-0.0706631985450501	1.32508644215251	91
-0.0793442775898401	0.733020573050618	52
-0.10610128709322	0.474818712797072	17
-0.0792312961016299	0.732528030362833	17
-0.0207229814768899	0.885399734353617	43
-0.07941565093715	0.732799399043906	410
-0.10085029924819	1.18232262095185	116
0.12319723541074	0.723836733698945	615
-0.10703354439901	0.475086476038986	26
-0.07931437217088	0.732704638322614	615
-0.07061027118199	1.32511225206066	60
0.10743639904147	1.02057817622063	70
-0.0793325762403701	0.732472307546603	70
-0.0205385953494699	0.884788693072327	545
0.0046384063381899	1.02235654200607	91
-0.0793027399125299	0.732898294853153	721
-0.07949835504126	0.73284027733314	184
0.11849520029106	0.867635884459367	91
-0.0207074260831399	0.885233973269698	91
0.12319723541074	0.723836733698945	52
0.00454136673165007	1.0224502405297	52
0.12285038561683	0.724193919652426	17
0.12296241001834	0.724067663560919	17
-0.0203533890412499	0.883996506355677	411
-0.10656708661147	0.475009288267318	26
0.11836540575182	0.867705619289095	615
0.10723217028021	1.02075219205701	556
0.00488934910851002	1.02221469041217	721
0.0157440424742501	1.17026871323905	91
0.11856392670175	0.867148395933223	184
-0.0793741599722999	0.732677246408085	52
-0.10579670478113	0.474613983393002	17
-0.10075817831556	1.18224018628913	17
-0.0793442775898401	0.733020573050618	570
0.00471947940608009	1.02247485915243	781
-0.02038470831303	0.884666905678582	775
0.02945076324067	1.4707138539778	556
0.0157206565782	1.17050598068434	70
-0.07938572253344	0.733074998982863	721
0.12296755585385	0.724105062479207	91
0.10110715052626	1.17269849127263	457
-0.0207074260831399	0.885233973269698	457
-0.0706647456406999	1.32506083168626	52
0.12285038561683	0.724193919652426	83
0.12319723541074	0.723836733698945	52
0.11838831585175	0.867789638280916	52
-0.0204000637258801	0.885002340015008	763
-0.0204771394577301	0.885153560442061	17
-0.07938572253344	0.733074998982863	17
-0.02056950611993	0.885278385976038	70
-0.0204000637258801	0.885002340015008	149
0.00517196822141997	1.02139294470145	149
-0.07935577109624	0.732691233079291	545
-0.07927288054565	0.732650220342582	545
-0.10626224425971	0.474875835650706	96
-0.10563614408753	0.474557097061527	96
-0.0204771394577301	0.885153560442061	91
-0.07931437217088	0.732704638322614	721
0.0158408754708901	1.17009212748614	91
-0.10626224425971	0.474875835650706	83
-0.0794270748627	0.733061521380134	52
-0.10098119313702	1.1823469892879	52
0.11841890957493	0.867766686637026	763
-0.10610128709322	0.474818712797072	4
-0.07061027118199	1.32511225206066	411
0.11855638757377	0.867435958813376	411
-0.0207385215307701	0.885116853872745	411
-0.07945704925353	0.732853759751035	615
0.0957965301452499	1.32555909051447	556
0.02412584852383	1.32018118860644	70
0.12285038561683	0.724193919652426	70
0.11849520029106	0.867635884459367	545
-0.0207074260831399	0.885233973269698	96
0.00480044377019007	1.02234001569233	457
0.11838831585175	0.867789638280916	457
0.10127695885454	1.17227631918769	83
0.00480044377019007	1.02234001569233	763
0.12296241001834	0.724067663560919	52
0.10100332484166	1.17281384342028	182
-0.02041540395048	0.884913999923827	4
0.12331495369355	0.723641797428308	4
-0.08887458902024	2.32935349088532	3
0.10743639904147	1.02057817622063	411
-0.10610128709322	0.474818712797072	615
0.0157206565782	1.17050598068434	70
0.12284530264367	0.724097661397232	545
-0.10091571216432	1.1824817039579	91
-0.10100787997699	1.18244366847572	91
0.10106309675524	1.17206399732265	184
0.12296241001834	0.724067663560919	457
0.00471947940608009	1.02247485915243	457
0.10736223374306	1.02054534626861	457
0.11838078467204	0.867471882192457	17
0.00471947940608009	1.02247485915243	17
-0.10610128709322	0.474818712797072	4
-0.10626224425971	0.474875835650706	4
0.12308492955536	0.723963263011774	4
0.11852578072579	0.867563171264953	43
0.11841890957493	0.867766686637026	4
-0.0207994842964401	0.885358424086186	116
-0.10610128709322	0.474818712797072	116
0.01569727102284	1.17056832595407	411
0.12296755585385	0.724105062479207	615
-0.0794270748627	0.733061521380134	615
0.01543336181993	1.17062438134029	70
0.11835017111758	0.867494853538219	70
0.11838831585175	0.867789638280916	70
-0.10108672583712	1.18241341100106	70
-0.10086367567653	1.18186022537456	70
-0.0202454415289199	0.884504115044886	70
-0.0206463221114499	0.885370023376595	91
-0.1191460496739	1.62824933344552	457
0.10727864989484	1.02079220806414	457
0.12285548136137	0.72393034465297	52
0.10735283410009	1.020621151012	763
-0.0793027399125299	0.732898294853153	52
0.12307972089602	0.723978664203291	763
0.10729250680909	1.02071038229888	763
-0.0792611093834199	0.73269315682669	763
-0.10067946693909	1.18202418964724	17
0.11835017111758	0.867494853538219	17
-0.10579670478113	0.474613983393002	4
0.10733899121035	1.02075039593394	781
0.0838910608310801	2.46530914218578	561
0.0859808691385799	2.17993042218846	3
0.12330163482412	0.723532054881941	116
0.0154801156719999	1.17067606353664	411
-0.07938572253344	0.733074998982863	615
-0.0491927392026199	1.47230001629076	60
-0.1187310433831	1.62601144067991	70
-0.0704787748606	1.32492339350812	70
0.11839592677873	0.867781212342318	70
0.0240002247543401	1.32044637753544	70
0.0239781568725801	1.32059127842871	149
-0.0492148696884101	1.4724622075108	149
0.1011291703025	1.17270439918049	91
0.10750614104582	1.01983155319931	721
0.12331495369355	0.723641797428308	721
-0.10092907110827	1.18241295811439	91
-0.0794270748627	0.733061521380134	83
0.12308492955536	0.723963263011774	4
-0.0207229814768899	0.885399734353617	4
-0.10610128709322	0.474818712797072	43
-0.07945704925353	0.732853759751035	615
0.10110715052626	1.17269849127263	556
-0.11877814865967	1.62748394013773	556
0.10724153715018	1.020581514347	60
-0.02038470831303	0.884666905678582	70
-0.1189739280061	1.62802663308737	70
0.0156371507802999	1.1706896552133	60
-0.10098119313702	1.1823469892879	70
-0.10563614408753	0.474557097061527	545
0.00497820345901001	1.02203226696656	96
0.01562378491145	1.17045853727708	91
0.00497820345901001	1.02203226696656	820
0.12296241001834	0.724067663560919	820
0.10724153715018	1.020581514347	91
0.01569727102284	1.17056832595407	91
0.11848764839183	0.867711109736061	763
-0.10656708661147	0.475009288267318	570
-0.10517165583896	0.474174060906171	4
-0.10672844137063	0.47506664569878	116
0.12319723541074	0.723836733698945	411
0.10708823489227	1.02030739092131	716
0.12273845161794	0.724019034618447	70
-0.07945704925353	0.732853759751035	70
0.0241037596495499	1.32032608578155	70
0.00490541676450995	1.02214379691749	149
0.10749671021687	1.02038670219003	91
0.09587967922286	1.3255834634938	91
-0.07939707744189	0.732594884382895	91
0.12320250685355	0.723768445088123	817
-0.07931437217088	0.732704638322614	817
0.11835774852874	0.867764086305046	591
0.0242107212723801	1.31964809823042	763
-0.10579670478113	0.474613983393002	43
0.11835017111758	0.867494853538219	4
-0.0793027399125299	0.732898294853153	4
-0.07935577109624	0.732691233079291	410
0.12296241001834	0.724067663560919	716
-0.11908074362165	1.62824669144379	70
0.00480845929959006	1.02240393492908	149
0.12307972089602	0.723978664203291	149
-0.02078387503192	0.885097812149195	149
-0.10610128709322	0.474818712797072	272
-0.10579670478113	0.474613983393002	184
0.0157206565782	1.17050598068434	184
-0.02038470831303	0.884666905678582	91
-0.10086367567653	1.18186022537456	91
0.10102223672229	1.17261692411578	457
0.12319723541074	0.723836733698945	91
0.11843411870824	0.86763319064665	591
-0.10085029924819	1.18232262095185	763
0.12296241001834	0.724067663560919	17
0.00471947940608009	1.02247485915243	17
0.11849520029106	0.867635884459367	17
-0.10626224425971	0.474875835650706	570
-0.10100787997699	1.18244366847572	87
-0.0343612182790301	1.61975020960029	69
-0.07058303095055	1.32483484241424	411
-0.10626224425971	0.474875835650706	615
0.10727864989484	1.02079220806414	716
0.12331495369355	0.723641797428308	70
0.00480044377019007	1.02234001569233	70
0.00471947940608009	1.02247485915243	149
-0.10610128709322	0.474818712797072	272
-0.10533182117744	0.474230709506602	184
-0.07931437217088	0.732704638322614	184
-0.0704242943009501	1.32457018847525	91
0.00517196822141997	1.02139294470145	591
-0.10112566564183	1.18167786082714	763
0.10721829938141	1.02078653749584	763
-0.02032283110676	0.884788987516767	17
-0.10058738326017	1.18156985095734	17
-0.07939707744189	0.732594884382895	17
-0.0208150781758101	0.885146462492235	43
-0.0208150781758101	0.885146462492235	43
-0.10563614408753	0.474557097061527	4
-0.10610128709322	0.474818712797072	116
0.10125492207173	1.17240463951953	411
0.00473543159881995	1.02188427870886	411
-0.10626224425971	0.474875835650706	615
0.10117002725675	1.17257316998894	556
-0.07927288054565	0.732650220342582	70
0.10749671021687	1.02038670219003	70
0.10739932330645	1.02066115370797	60
-0.07938572253344	0.733074998982863	272
0.00488934910851002	1.02221469041217	184
-0.07931437217088	0.732704638322614	91
0.11846464628139	0.867658783457998	91
0.11849520029106	0.867635884459367	91
-0.02041540395048	0.884913999923827	820
0.12296755585385	0.724105062479207	91
0.0157206565782	1.17050598068434	763
0.12330963206982	0.723421814438265	591
0.1230745249301	0.723652906776775	116
-0.07949835504126	0.73284027733314	615
0.12273341870883	0.724223760675267	70
0.11848764839183	0.867711109736061	70
-0.02038470831303	0.884666905678582	149
0.11842647423526	0.867806795163739	91
0.00517196822141997	1.02139294470145	817
0.12296241001834	0.724067663560919	591
0.12308492955536	0.723963263011774	591
0.11841890957493	0.867766686637026	763
0.00471148745589001	1.02241091253556	763
0.00481646426906002	1.02226916355506	9
-0.0793741599722999	0.732677246408085	43
-0.10610128709322	0.474818712797072	410
-0.0207994842964401	0.885358424086186	467
0.0154701271807001	1.17020888223708	411
-0.0206463221114499	0.885370023376595	70
0.00488934910851002	1.02221469041217	149
-0.0793741599722999	0.732677246408085	272
-0.07949835504126	0.73284027733314	272
-0.10610128709322	0.474818712797072	272
0.11839592677873	0.867781212342318	591
0.11851827506826	0.867583831883534	591
0.11848017617428	0.867566618244343	591
0.11840361758269	0.867557605747178	9
0.11848017617428	0.867566618244343	17
0.11849520029106	0.867635884459367	87
0.00490541676450995	1.02214379691749	43
-0.0208150781758101	0.885146462492235	43
0.02389325960464	1.32063782819019	90
0.10719506184369	1.02084195360638	411
0.12308492955536	0.723963263011774	70
-0.0204771394577301	0.885153560442061	70
0.11838831585175	0.867789638280916	70
0.0158174856301401	1.17015444487828	149
-0.0207385215307701	0.885116853872745	149
0.01566053420781	1.17062730393621	91
-0.0704787748606	1.32492339350812	91
-0.11923528379063	1.62791412650095	91
-0.07939707744189	0.732594884382895	820
-0.0794683346982801	0.732965002131583	817
-0.0491116157545399	1.47211553971168	91
0.11858702082281	0.867243874914386	591
-0.0205385953494699	0.884788693072327	591
-0.0793741599722999	0.732677246408085	9
-0.0794270748627	0.733061521380134	43
-0.02063082055851	0.885275144897396	716
0.10739932330645	1.02066115370797	60
0.11840361758269	0.867557605747178	149
-0.10563614408753	0.474557097061527	272
-0.10563614408753	0.474557097061527	272
-0.0205540583764301	0.88524530962507	184
-0.07941565093715	0.732799399043906	91
-0.07053167862064	1.32506944803707	91
0.11841890957493	0.867766686637026	91
0.00463044854541006	1.02249125178531	91
0.1230745249301	0.723652906776775	591
-0.0205540583764301	0.88524530962507	591
-0.10059575035503	1.18172808417882	591
0.00488129945804006	1.0218168813678	591
-0.10075817831556	1.18224018628913	591
-0.0205540583764301	0.88524530962507	591
-0.07918961872126	0.732323078576545	4
-0.10626224425971	0.474875835650706	410
-0.07949835504126	0.73284027733314	716
0.10131776279035	1.17217774742664	60
0.0156004032513899	1.17069584688429	149
-0.10626224425971	0.474875835650706	272
0.10742256823522	1.02045612355461	91
0.10737607859551	1.02071657436321	91
0.12284023249298	0.723636091648933	184
0.10719506184369	1.02084195360638	91
0.0239153215640699	1.32064684862152	91
-0.07050286840946	1.32414757060363	457
0.10129899089588	1.17199531312961	91
0.12285548136137	0.72393034465297	591
-0.0206463221114499	0.885370023376595	591
0.00497820345901001	1.02203226696656	17
0.10727864989484	1.02079220806414	9
0.12331495369355	0.723641797428308	43
-0.0794683346982801	0.732965002131583	43
-0.0204617302546	0.88475871812798	43
0.11848764839183	0.867711109736061	615
-0.10563614408753	0.474557097061527	615
0.12296755585385	0.724105062479207	556
0.11846464628139	0.867658783457998	70
0.12273845161794	0.724019034618447	149
0.12319723541074	0.723836733698945	149
-0.0208914783869001	0.8851051120351	91
0.11833491116542	0.867575115414988	91
0.00516386895203991	1.02152761629074	817
-0.0794683346982801	0.732965002131583	4
0.12308492955536	0.723963263011774	4
-0.10626224425971	0.474875835650706	43
0.10125812139955	1.17157740952114	467
-0.0792312961016299	0.732528030362833	717
-0.09530158632241	1.7719099457178	60
-0.02032283110676	0.884788987516767	70
0.00498626613330999	1.02209610358304	70
-0.0205540583764301	0.88524530962507	70
-0.0205540583764301	0.88524530962507	70
-0.10563614408753	0.474557097061527	272
-0.0793442775898401	0.733020573050618	272
-0.10533182117744	0.474230709506602	96
0.11843411870824	0.86763319064665	91
0.12307972089602	0.723978664203291	620
-0.10092907110827	1.18241295811439	184
-0.0204000637258801	0.885002340015008	91
0.00480845929959006	1.02240393492908	91
0.00471148745589001	1.02241091253556	91
0.10737607859551	1.02071657436321	91
0.11838831585175	0.867789638280916	91
0.12307972089602	0.723978664203291	591
0.12319723541074	0.723836733698945	591
0.00443638101662991	1.02188350328324	17
0.00489738821276009	1.02227857312988	43
0.11848764839183	0.867711109736061	43
-0.10610128709322	0.474818712797072	410
-0.07935577109624	0.732691233079291	410
0.00473543159881995	1.02188427870886	116
-0.10077156441332	1.18217148426361	411
-0.0793741599722999	0.732677246408085	717
-0.03447312826739	1.61964639166948	60
0.01556364328912	1.17047509799713	70
0.0291395977625299	1.47085501275006	60
-0.10626224425971	0.474875835650706	96
-0.0207385215307701	0.885116853872745	620
0.12320250685355	0.723768445088123	620
-0.0203075294492301	0.884515695384717	620
0.11855638757377	0.867435958813376	620
-0.10082355811961	1.18222589649286	91
0.12295727694134	0.723683093678629	91
0.00498626613330999	1.02209610358304	91
-0.10092907110827	1.18241295811439	9
0.12307972089602	0.723978664203291	17
0.12307972089602	0.723978664203291	43
-0.07935577109624	0.732691233079291	4
-0.0794683346982801	0.732965002131583	410
0.10110715052626	1.17269849127263	69
0.12285038561683	0.724193919652426	69
-0.10626224425971	0.474875835650706	717
0.10117319562953	1.17229498244905	70
-0.10085029924819	1.18232262095185	70
0.00471947940608009	1.02247485915243	184
0.10723217028021	1.02075219205701	91
0.12262162502917	0.724048758565795	91
0.12272839863459	0.724050372770115	91
0.1230745249301	0.723652906776775	591
0.01557702194168	1.17075819927854	17
-0.07939707744189	0.732594884382895	17
-0.10563614408753	0.474557097061527	410
0.00507509304988996	1.02185014029931	90
-0.10610128709322	0.474818712797072	26
0.0243325579693401	1.3190806064957	60
0.11838831585175	0.867789638280916	70
-0.0207074260831399	0.885233973269698	591
-0.07935577109624	0.732691233079291	17
0.12308492955536	0.723963263011774	43
0.12331495369355	0.723641797428308	4
-0.10626224425971	0.474875835650706	4
-0.07945704925353	0.732853759751035	4
-0.07938572253344	0.733074998982863	69
-0.0208914783869001	0.8851051120351	411
0.0899070357142	1.62023814124377	90
-0.02032283110676	0.884788987516767	90
0.02942501945044	1.4705593560294	556
-0.02056950611993	0.885278385976038	70
-0.0208914783869001	0.8851051120351	70
-0.07945704925353	0.732853759751035	70
0.10749671021687	1.02038670219003	91
-0.0205540583764301	0.88524530962507	620
0.11855638757377	0.867435958813376	91
-0.0208150781758101	0.885146462492235	591
-0.10082355811961	1.18222589649286	43
-0.10517165583896	0.474174060906171	4
0.11838831585175	0.867789638280916	43
-0.07063750941111	1.32518813993376	90
0.11848764839183	0.867711109736061	90
0.12308492955536	0.723963263011774	60
0.02422927187624	1.31984091312126	70
-0.02038470831303	0.884666905678582	149
-0.10672844137063	0.47506664569878	272
0.00471148745589001	1.02241091253556	91
0.12284530264367	0.724097661397232	91
0.12295727694134	0.723683093678629	591
0.11846464628139	0.867658783457998	17
-0.07938572253344	0.733074998982863	17
-0.07935577109624	0.732691233079291	17
-0.10563614408753	0.474557097061527	410
0.0919563872792299	1.47456660866218	69
0.0159844542390499	1.16915647138666	90
0.10733899121035	1.02075039593394	90
-0.02038470831303	0.884666905678582	60
-0.10610128709322	0.474818712797072	60
0.0154935056801699	1.17066069656251	149
-0.07938572253344	0.733074998982863	272
-0.10703354439901	0.475086476038986	96
-0.10092907110827	1.18241295811439	91
0.12330163482412	0.723532054881941	620
0.12320779087095	0.723340404207666	91
0.01566053420781	1.17062730393621	91
-0.10626224425971	0.474875835650706	684
0.12285038561683	0.724193919652426	17
0.12330163482412	0.723532054881941	9
0.10733899121035	1.02075039593394	43
-0.10610128709322	0.474818712797072	43
-0.10672844137063	0.47506664569878	410
0.10737607859551	1.02071657436321	60
0.11835017111758	0.867494853538219	60
0.01573399528718	1.17027761559353	60
0.02412584852383	1.32018118860644	60
0.10127365325251	1.1720124837826	60
-0.07935577109624	0.732691233079291	149
-0.07949835504126	0.73284027733314	149
0.10719506184369	1.02084195360638	91
0.01567388580565	1.17045430231733	91
-0.02049253342463	0.885127265289124	620
-0.11873374121568	1.62735282286768	91
-0.07063750941111	1.32518813993376	91
0.10738990543206	1.02009861068441	91
0.00481646426906002	1.02226916355506	91
-0.02056950611993	0.885278385976038	591
0.00454930093091011	1.02231558843021	9
-0.0206463221114499	0.885370023376595	43
-0.0793027399125299	0.732898294853153	43
0.12308492955536	0.723963263011774	43
-0.0202454415289199	0.884504115044886	615
-0.10092907110827	1.18241295811439	70
-0.0205079121921401	0.884661458500863	70
-0.10104674213032	1.1817730684567	70
0.11849520029106	0.867635884459367	60
0.11836540575182	0.867705619289095	272
-0.10058738326017	1.18156985095734	620
-0.10115229042388	1.18238670873705	91
0.12284530264367	0.724097661397232	43
-0.07938572253344	0.733074998982863	43
-0.10116560867072	1.18231797168079	43
-0.0205540583764301	0.88524530962507	43
-0.0489015110858999	1.47115632766221	60
0.10723217028021	1.02075219205701	391
0.00471947940608009	1.02247485915243	70
0.10758026406767	1.02007945476379	70
0.11852578072579	0.867563171264953	70
-0.04938459983689	1.47234994866712	70
0.10720893080689	1.02036788121124	70
0.10719506184369	1.02084195360638	91
0.11839592677873	0.867781212342318	91
-0.0207074260831399	0.885233973269698	620
0.0157674287135601	1.16970256472582	91
0.01557702194168	1.17075819927854	91
0.01561376769572	1.17057560991048	91
0.02422927187624	1.31984091312126	91
0.0155536409797099	1.17064414704929	91
0.10731574889979	1.02080581954915	9
0.12338069295154	0.723236986952181	43
-0.10626224425971	0.474875835650706	4
-0.07063750941111	1.32518813993376	43
-0.0204771394577301	0.885153560442061	43
-0.10563614408753	0.474557097061527	410
0.00474343643212993	2.17582576789897	3
0.00489738821276009	1.02227857312988	31
-0.02241078472296	1.76325756266302	69
0.0920503714415699	1.47485929506852	69
0.10731574889979	1.02080581954915	90
-0.10672844137063	0.47506664569878	717
-0.0794270748627	0.733061521380134	60
0.09194202220063	1.47525732098777	556
-0.11921137832196	1.62819204851242	391
0.10729250680909	1.02071038229888	70
-0.04936248080998	1.47256183805511	70
-0.07918961872126	0.732323078576545	70
-0.07949835504126	0.73284027733314	70
-0.10517165583896	0.474174060906171	96
-0.0203075294492301	0.884515695384717	620
-0.0206463221114499	0.885370023376595	91
-0.0703457506315	1.32436371539339	91
0.12284530264367	0.724097661397232	91
0.12331495369355	0.723641797428308	91
-0.0207229814768899	0.885399734353617	91
0.00480845929959006	1.02240393492908	91
-0.0793027399125299	0.732898294853153	818
-0.07941565093715	0.732799399043906	684
-0.0793442775898401	0.733020573050618	684
-0.10115229042388	1.18238670873705	591
0.1070975708479	1.02062320615709	9
-0.0793741599722999	0.732677246408085	43
-0.10533182117744	0.474230709506602	4
-0.10656708661147	0.475009288267318	615
0.0335381829375201	1.61783104388596	60
0.10737607859551	1.02071657436321	70
0.10724153715018	1.020581514347	60
-0.10533182117744	0.474230709506602	96
0.11840361758269	0.867557605747178	91
-0.10610128709322	0.474818712797072	684
0.12307972089602	0.723978664203291	591
0.01557702194168	1.17075819927854	91
-0.0205540583764301	0.88524530962507	591
0.11858702082281	0.867243874914386	87
-0.0206463221114499	0.885370023376595	43
-0.10563614408753	0.474557097061527	43
0.00480845929959006	1.02240393492908	70
0.12285038561683	0.724193919652426	272
0.0291395977625299	1.47085501275006	91
-0.0491927392026199	1.47230001629076	91
-0.0207229814768899	0.885399734353617	91
-0.0202454415289199	0.884504115044886	91
0.10102223672229	1.17261692411578	91
-0.07061027118199	1.32511225206066	91
0.1014654432588	1.17141186347811	91
0.02376754219069	1.32059475945658	91
0.12296755585385	0.724105062479207	91
-0.034183340802	1.61929283945027	91
0.12296241001834	0.724067663560919	818
-0.10091571216432	1.1824817039579	591
0.11856392670175	0.867148395933223	591
0.00464635355073995	1.02190078561831	91
-0.02056950611993	0.885278385976038	591
-0.10610128709322	0.474818712797072	17
-0.0206463221114499	0.885370023376595	43
-0.10579670478113	0.474613983393002	4
0.12320250685355	0.723768445088123	43
-0.04953629885824	1.47233273210034	467
0.01575738264685	1.17039160209649	90
0.11850283200348	0.867243890221472	90
-0.07061027118199	1.32511225206066	60
0.01573399528718	1.17027761559353	149
-0.10533182117744	0.474230709506602	96
0.12296241001834	0.724067663560919	91
0.12285038561683	0.724193919652426	91
0.11851827506826	0.867583831883534	91
0.12319723541074	0.723836733698945	591
0.0239153215640699	1.32064684862152	591
0.11838831585175	0.867789638280916	91
0.12273845161794	0.724019034618447	591
0.00480845929959006	1.02240393492908	9
0.0154935056801699	1.17066069656251	9
-0.0794270748627	0.733061521380134	4
-0.10610128709322	0.474818712797072	43
0.12307972089602	0.723978664203291	43
-0.07486242449168	2.46280450663433	53
0.12296241001834	0.724067663560919	615
-0.10672844137063	0.47506664569878	158
0.00481646426906002	1.02226916355506	391
-0.0793027399125299	0.732898294853153	188
0.10737607859551	1.02071657436321	91
0.01557702194168	1.17075819927854	91
0.10108826344224	1.17265415072568	91
0.12273341870883	0.724223760675267	91
0.12308492955536	0.723963263011774	591
-0.10579670478113	0.474613983393002	17
0.12307972089602	0.723978664203291	43
-0.07939707744189	0.732594884382895	43
-0.07935577109624	0.732691233079291	43
-0.0204000637258801	0.885002340015008	331
0.10745964616196	1.02052276315938	90
-0.10656708661147	0.475009288267318	615
-0.0793027399125299	0.732898294853153	158
-0.10610128709322	0.474818712797072	158
0.0241037596495499	1.32032608578155	60
0.10106309675524	1.17206399732265	391
0.0156004032513899	1.17069584688429	70
0.10121408381245	1.17245072591068	91
0.00463044854541006	1.02249125178531	91
-0.0490489541647099	1.471859588863	91
-0.10110006155101	1.1819510549587	91
0.11841890957493	0.867766686637026	91
0.01573399528718	1.17027761559353	91
0.10758026406767	1.02007945476379	91
0.11854892812711	0.867391659084884	91
0.00488129945804006	1.0218168813678	91
-0.0207385215307701	0.885116853872745	9
0.0240816662071599	1.32031712000427	9
0.11843411870824	0.86763319064665	43
0.10106625927705	1.17278247571731	43
-0.0207229814768899	0.885399734353617	43
-0.0793442775898401	0.733020573050618	43
-0.07938572253344	0.733074998982863	43
0.12285038561683	0.724193919652426	467
-0.07927288054565	0.732650220342582	331
0.0239340074060701	1.32039706212288	90
0.10100332484166	1.17281384342028	90
-0.0952765951227501	1.77138585847937	463
0.11856392670175	0.867148395933223	391
0.10720893080689	1.02036788121124	391
0.01551688452966	1.17077474119754	91
0.0154935056801699	1.17066069656251	91
-0.10082355811961	1.18222589649286	91
0.00481646426906002	1.02226916355506	91
0.00498626613330999	1.02209610358304	91
-0.0205385953494699	0.884788693072327	818
0.00497820345901001	1.02203226696656	591
0.11845704811016	0.867783868580836	91
0.10730189004086	1.02058716072578	43
0.11843411870824	0.86763319064665	43
0.11852578072579	0.867563171264953	43
-0.0208914783869001	0.8851051120351	43
0.12285038561683	0.724193919652426	43
-0.0705845901392801	1.32515716760403	391
0.10119205790498	1.17257905901325	60
0.10104730669514	1.17240448559064	60
-0.0204617302546	0.88475871812798	149
0.12331495369355	0.723641797428308	188
0.02412584852383	1.32018118860644	91
0.12295727694134	0.723683093678629	818
0.11835774852874	0.867764086305046	591
0.12307972089602	0.723978664203291	9
0.12340819259134	0.72324520596923	43
0.10737607859551	1.02071657436321	467
-0.10661361976765	2.19666465992463	90
-0.02056950611993	0.885278385976038	158
-0.0705589155558599	1.32494214197076	60
-0.10083692672937	1.18239134984024	60
0.00506700681071992	1.02178636042737	70
0.12272839863459	0.724050372770115	188
-0.0705301109869201	1.32480386849696	91
-0.02049253342463	0.885127265289124	91
-0.0204771394577301	0.885153560442061	91
0.0157206565782	1.17050598068434	214
0.0156004032513899	1.17069584688429	214
0.01556364328912	1.17047509799713	91
0.10117002725675	1.17257316998894	91
0.12273845161794	0.724019034618447	91
0.00454136673165007	1.0224502405297	91
0.11839592677873	0.867781212342318	91
-0.10075817831556	1.18224018628913	91
-0.0204617302546	0.88475871812798	43
0.11844209087848	0.86727191766947	43
0.11838078467204	0.867471882192457	43
-0.10579670478113	0.474613983393002	31
0.11835774852874	0.867764086305046	90
0.0155302603629	1.17019230392778	90
0.10123288054887	1.17239877212357	90
0.10138058004871	1.17189271265162	463
-0.11903923307201	1.6280881315577	60
-0.10090235712844	1.18231625144187	391
0.11842647423526	0.867806795163739	60
-0.02049253342463	0.885127265289124	188
-0.07938572253344	0.733074998982863	188
0.10748289349599	1.02031777514858	91
-0.02023019359023	0.884302429720813	91
0.11852578072579	0.867563171264953	91
-0.0793741599722999	0.732677246408085	371
-0.10517165583896	0.474174060906171	43
0.11855638757377	0.867435958813376	43
-0.02063082055851	0.885275144897396	60
0.10737607859551	1.02071657436321	70
0.10696750224584	1.02003025140024	91
0.12285038561683	0.724193919652426	91
0.10733899121035	1.02075039593394	91
0.12320250685355	0.723768445088123	91
0.12307972089602	0.723978664203291	591
0.12339443384941	0.723424083244053	43
-0.0203075294492301	0.884515695384717	43
-0.10656708661147	0.475009288267318	467
-0.07939707744189	0.732594884382895	331
-0.0597599341020501	2.04865012882038	69
-0.0207074260831399	0.885233973269698	158
0.10125159137846	1.17153801815151	60
0.11851827506826	0.867583831883534	149
0.11842647423526	0.867806795163739	149
0.12273341870883	0.724223760675267	188
0.11851084902579	0.8673744406205	91
-0.07061027118199	1.32511225206066	91
-0.02056950611993	0.885278385976038	371
-0.0207229814768899	0.885399734353617	91
0.12340819259134	0.72324520596923	91
-0.02049253342463	0.885127265289124	91
0.0239781568725801	1.32059127842871	9
-0.07949835504126	0.73284027733314	43
0.11851084902579	0.8673744406205	43
0.10736223374306	1.02054534626861	43
-0.0705589155558599	1.32494214197076	60
0.11842647423526	0.867806795163739	70
0.00480845929959006	1.02240393492908	188
0.00482445867240999	1.02181331761789	91
-0.07931437217088	0.732704638322614	91
0.10735283410009	1.020621151012	91
0.11842647423526	0.867806795163739	91
0.12261665499126	0.724176297801358	91
-0.0706359586538301	1.32480906247359	91
-0.0793442775898401	0.733020573050618	591
0.11842647423526	0.867806795163739	591
-0.10517165583896	0.474174060906171	17
-0.07945704925353	0.732853759751035	43
-0.07935577109624	0.732691233079291	43
0.09182631217285	1.47512791566321	69
0.0158408754708901	1.17009212748614	90
-0.10610128709322	0.474818712797072	26
-0.11895019939863	1.62806497097258	60
0.00462248017836009	1.0224272869465	60
0.01569727102284	1.17056832595407	91
0.11841142459644	0.867399130843876	91
-0.02056950611993	0.885278385976038	91
-0.02032283110676	0.884788987516767	91
-0.10110006155101	1.1819510549587	214
0.12285548136137	0.72393034465297	91
0.11849520029106	0.867635884459367	91
0.12320779087095	0.723340404207666	91
-0.10092907110827	1.18241295811439	91
0.12273845161794	0.724019034618447	17
-0.07938572253344	0.733074998982863	43
-0.07945704925353	0.732853759751035	43
-0.10075817831556	1.18224018628913	43
0.12307972089602	0.723978664203291	60
0.11844952968649	0.86769390868449	91
0.0293845185013499	1.47085787728493	87
0.11848017617428	0.867566618244343	43
0.12307972089602	0.723978664203291	43
0.01569727102284	1.17056832595407	43
0.12285548136137	0.72393034465297	331
0.02422927187624	1.31984091312126	90
0.11829669312852	0.86755806948783	90
0.11842647423526	0.867806795163739	158
-0.07941565093715	0.732799399043906	158
0.10095932401871	1.17264827086487	391
0.00454136673165007	1.0224502405297	149
-0.07071613364611	1.32500218320237	149
0.01562378491145	1.17045853727708	188
-0.0224261875780201	1.7643360347641	254
-0.0342747648186199	1.61960019600163	91
-0.0205385953494699	0.884788693072327	91
-0.10088900600006	1.18177239645162	91
-0.02063082055851	0.885275144897396	591
0.12297271439621	0.7237887552699	9
-0.02041540395048	0.884913999923827	43
0.10713470452622	1.0207869603234	87
-0.0205540583764301	0.88524530962507	43
0.00480845929959006	1.02240393492908	43
-0.10533182117744	0.474230709506602	158
0.10117002725675	1.17257316998894	60
-0.10610128709322	0.474818712797072	188
-0.10626224425971	0.474875835650706	188
0.12319723541074	0.723836733698945	188
0.10733899121035	1.02075039593394	91
0.12307972089602	0.723978664203291	91
-0.02056950611993	0.885278385976038	91
-0.0793442775898401	0.733020573050618	591
0.10141610992452	1.17154265817196	591
0.00471148745589001	1.02241091253556	591
0.11835774852874	0.867764086305046	591
-0.02063082055851	0.885275144897396	591
0.01575738264685	1.17039160209649	9
0.0337618232463699	1.61769899531393	9
-0.11905998589219	1.62826523219893	87
-0.10533182117744	0.474230709506602	158
-0.10610128709322	0.474818712797072	158
-0.10610128709322	0.474818712797072	158
0.10725540997542	1.02084763016626	60
0.03358124841771	1.61829986460773	60
0.11849520029106	0.867635884459367	60
0.0918696993893	1.47550041384363	725
-0.07938572253344	0.733074998982863	188
-0.0793442775898401	0.733020573050618	188
0.10094036700969	1.17279788706179	214
-0.10100787997699	1.18244366847572	214
0.11831958394501	0.86746936633199	361
-0.04908946058951	1.47212769755754	91
0.12296755585385	0.724105062479207	591
-0.10672844137063	0.47506664569878	591
-0.07931437217088	0.732704638322614	591
0.12296241001834	0.724067663560919	591
0.0046384063381899	1.02235654200607	591
0.12296755585385	0.724105062479207	9
-0.02049253342463	0.885127265289124	9
-0.02032283110676	0.884788987516767	43
0.10727864989484	1.02079220806414	43
0.12273341870883	0.724223760675267	31
0.00490541676450995	1.02214379691749	158
0.0917902119406	1.47559568139221	60
0.10720893080689	1.02036788121124	91
-0.07058615050085	1.32442575604015	91
0.11841890957493	0.867766686637026	214
0.10739932330645	1.02066115370797	91
0.10753376033757	1.02003954157894	371
-0.0344680228662999	1.61938440073431	371
-0.0793442775898401	0.733020573050618	591
-0.10066607116929	1.18185879535167	9
0.12331495369355	0.723641797428308	9
-0.10091571216432	1.1824817039579	17
-0.0793442775898401	0.733020573050618	158
-0.0703986392216001	1.32463964307793	60
-0.0705044396924499	1.32499356923095	60
0.10117002725675	1.17257316998894	725
0.10730189004086	1.02058716072578	91
0.11852578072579	0.867563171264953	214
0.01566053420781	1.17062730393621	371
0.12319723541074	0.723836733698945	591
0.10117319562953	1.17229498244905	9
0.02401888662853	1.32047574805381	9
0.0157807703399999	1.17032926796651	9
-0.02069185531387	0.88461193209408	9
0.12320250685355	0.723768445088123	43
-0.10069245838201	1.18195495046559	43
-0.10563614408753	0.474557097061527	331
0.01569727102284	1.17056832595407	158
0.10104730669514	1.17240448559064	60
0.11843411870824	0.86763319064665	343
-0.10060412748648	1.18165238371827	214
0.11835017111758	0.867494853538219	361
0.01551688452966	1.17077474119754	87
0.10727864989484	1.02079220806414	87
0.12296241001834	0.724067663560919	243
0.10733899121035	1.02075039593394	86
0.0891636690836199	1.76115128972109	69
-0.07063750941111	1.32518813993376	60
0.0241037596495499	1.32032608578155	60
0.0158408754708901	1.17009212748614	60
-0.0205849386164001	0.884874460944387	91
0.11847232433058	0.867218322233017	593
0.12308492955536	0.723963263011774	371
0.11836540575182	0.867705619289095	9
0.12296755585385	0.724105062479207	31
-0.10579670478113	0.474613983393002	331
0.11844952968649	0.86769390868449	90
0.0156004032513899	1.17069584688429	90
-0.07931437217088	0.732704638322614	158
-0.10091571216432	1.1824817039579	343
0.00463044854541006	1.02249125178531	60
-0.0492148696884101	1.4724622075108	254
-0.0207229814768899	0.885399734353617	617
0.12307972089602	0.723978664203291	413
0.11842647423526	0.867806795163739	91
-0.04917429922992	1.4723113078035	9
0.10721829938141	1.02078653749584	87
-0.02038470831303	0.884666905678582	86
-0.02087583065267	0.88522210511978	43
0.10711146959386	1.02069156014116	31
0.10715793969175	1.02073155485904	90
-0.0205540583764301	0.88524530962507	149
0.0957728471561701	1.32587275256703	60
-0.0794270748627	0.733061521380134	617
0.0156371507802999	1.1706896552133	617
0.02980203204093	1.46907464029103	254
0.12308492955536	0.723963263011774	395
0.10087439125274	1.17215744669599	714
0.11843411870824	0.86763319064665	593
0.0957728471561701	1.32587275256703	668
0.12285038561683	0.724193919652426	9
0.11849520029106	0.867635884459367	9
0.11848764839183	0.867711109736061	43
-0.0204000637258801	0.885002340015008	31
-0.0119484872389199	1.90360208979775	90
0.10739932330645	1.02066115370797	343
0.0154935056801699	1.17066069656251	60
0.10737607859551	1.02071657436321	254
0.02383041218886	1.3206423857401	254
-0.0204771394577301	0.885153560442061	91
-0.0207074260831399	0.885233973269698	9
0.09603378415644	1.32551776029747	9
0.10723217028021	1.02075219205701	17
-0.10073141784938	1.18153101136281	17
0.10104730669514	1.17240448559064	87
-0.0205540583764301	0.88524530962507	243
0.09598938847809	1.3256086785678	507
0.12285548136137	0.72393034465297	43
-0.07935577109624	0.732691233079291	31
0.09598938847809	1.3256086785678	90
0.02401888662853	1.32047574805381	90
0.12296241001834	0.724067663560919	158
-0.0761073944969599	1.91227319651096	117
-0.0706616525241099	1.32406880364359	149
0.11851827506826	0.867583831883534	149
0.12331495369355	0.723641797428308	149
-0.11901546018881	1.62818523028013	254
0.11843411870824	0.86763319064665	593
0.0293182571997299	1.47095140452915	668
0.00462248017836009	1.0224272869465	9
0.10737607859551	1.02071657436321	9
0.0156004032513899	1.17069584688429	9
0.11856392670175	0.867148395933223	243
-0.0794270748627	0.733061521380134	243
0.11852578072579	0.867563171264953	43
0.10760351623935	1.01987462767944	598
-0.10610128709322	0.474818712797072	472
-0.10579670478113	0.474613983393002	331
0.01569727102284	1.17056832595407	90
0.10737607859551	1.02071657436321	90
0.00507509304988996	1.02185014029931	343
0.11835774852874	0.867764086305046	343
0.01596105975194	1.16939331640454	60
0.00479241768702998	1.02194211579956	149
0.10738990543206	1.02009861068441	725
0.0959033593426799	1.32578895827275	725
-0.0492148696884101	1.4724622075108	254
0.10748289349599	1.02031777514858	617
-0.10626224425971	0.474875835650706	413
-0.03438665249503	1.61943618483657	371
-0.0705044396924499	1.32499356923095	371
0.10723217028021	1.02075219205701	668
-0.10563614408753	0.474557097061527	144
0.12285038561683	0.724193919652426	144
0.11839592677873	0.867781212342318	43
-0.07029126465892	1.32343090818493	43
-0.08891899039257	2.3292755557603	362
-0.10626224425971	0.474875835650706	472
0.12320250685355	0.723768445088123	277
0.11844952968649	0.86769390868449	90
0.12273845161794	0.724019034618447	343
-0.0207385215307701	0.885116853872745	343
0.12307972089602	0.723978664203291	149
-0.0794270748627	0.733061521380134	149
0.11843411870824	0.86763319064665	149
0.00489738821276009	1.02227857312988	617
-0.0793442775898401	0.733020573050618	395
-0.0205540583764301	0.88524530962507	91
-0.0204771394577301	0.885153560442061	361
-0.02032283110676	0.884788987516767	413
-0.07938572253344	0.733074998982863	413
0.0157206565782	1.17050598068434	371
-0.10563614408753	0.474557097061527	482
0.12319723541074	0.723836733698945	482
0.10108512601003	1.17253888843594	482
0.00507509304988996	1.02185014029931	482
0.10731574889979	1.02080581954915	9
0.02898670345254	1.47064479505024	9
-0.10563614408753	0.474557097061527	144
-0.07949835504126	0.73284027733314	144
0.10111026286419	1.17237307012783	43
-0.11901546018881	1.62818523028013	362
0.1230745249301	0.723652906776775	277
0.12296755585385	0.724105062479207	343
0.12273845161794	0.724019034618447	343
0.12285548136137	0.72393034465297	343
0.12273845161794	0.724019034618447	343
-0.0704787748606	1.32492339350812	60
-0.02056950611993	0.885278385976038	149
-0.0794270748627	0.733061521380134	149
0.12285038561683	0.724193919652426	149
-0.10610128709322	0.474818712797072	149
-0.0703713975895299	1.32436238342875	91
0.12272839863459	0.724050372770115	91
-0.0204617302546	0.88475871812798	361
-0.10610128709322	0.474818712797072	488
-0.07945704925353	0.732853759751035	9
0.12296755585385	0.724105062479207	9
-0.0793442775898401	0.733020573050618	17
0.12308492955536	0.723963263011774	17
-0.02049253342463	0.885127265289124	43
-0.10100787997699	1.18244366847572	43
0.1011291703025	1.17270439918049	90
0.00481646426906002	1.02226916355506	90
0.12330163482412	0.723532054881941	343
0.12307972089602	0.723978664203291	149
0.12273341870883	0.724223760675267	149
0.12273845161794	0.724019034618447	149
-0.0204771394577301	0.885153560442061	395
-0.10610128709322	0.474818712797072	395
-0.0207385215307701	0.885116853872745	770
-0.10672844137063	0.47506664569878	770
-0.0205540583764301	0.88524530962507	361
0.0156839179807999	1.17039000322975	214
-0.02041540395048	0.884913999923827	413
0.10729250680909	1.02071038229888	91
0.12319197659531	0.723563792790257	593
0.12308492955536	0.723963263011774	488
0.00481646426906002	1.02226916355506	371
0.10096234944488	1.17266961366099	9
-0.0207385215307701	0.885116853872745	144
0.10741315213225	1.02048278027836	87
0.11831958394501	0.86746936633199	243
0.12308492955536	0.723963263011774	31
-0.07938572253344	0.733074998982863	472
-0.02041540395048	0.884913999923827	90
0.09598938847809	1.3256086785678	367
-0.0207385215307701	0.885116853872745	343
0.12347359987142	0.723128957984479	343
0.10730189004086	1.02058716072578	343
0.01575738264685	1.17039160209649	149
0.0157106082584999	1.16982600019398	149
0.10724153715018	1.020581514347	149
0.11835017111758	0.867494853538219	725
0.10749671021687	1.02038670219003	254
0.12308492955536	0.723963263011774	395
0.12296755585385	0.724105062479207	395
-0.0793442775898401	0.733020573050618	714
0.12307972089602	0.723978664203291	482
0.11832720761731	0.867688530047492	482
-0.10610128709322	0.474818712797072	171
-0.07941565093715	0.732799399043906	144
-0.0793442775898401	0.733020573050618	144
0.00497820345901001	1.02203226696656	43
0.10731574889979	1.02080581954915	277
0.11857227376811	0.866600073610983	277
-0.0207385215307701	0.885116853872745	343
0.11858702082281	0.867243874914386	149
0.00453342195127005	1.02238626711349	91
0.0241444231443999	1.32010393190176	714
0.12320250685355	0.723768445088123	413
0.11842647423526	0.867806795163739	91
0.00462248017836009	1.0224272869465	482
0.12273341870883	0.724223760675267	482
0.11855638757377	0.867435958813376	17
0.0155402637317701	1.1707123925068	87
-0.07074490619597	1.32451870251919	43
-0.02229617434647	1.76401158315366	195
0.12307972089602	0.723978664203291	90
-0.07618458024645	1.9129183851347	90
0.11833491116542	0.867575115414988	90
-0.10099453460357	1.18251242155464	343
-0.0205849386164001	0.884874460944387	759
0.11838831585175	0.867789638280916	149
-0.07931437217088	0.732704638322614	149
0.12285038561683	0.724193919652426	149
0.10111026286419	1.17237307012783	149
-0.0208914783869001	0.8851051120351	149
0.12297271439621	0.7237887552699	149
0.12285038561683	0.724193919652426	149
-0.0705044396924499	1.32499356923095	725
0.10735283410009	1.020621151012	254
0.11840361758269	0.867557605747178	91
-0.10656708661147	0.475009288267318	413
0.0958381141585001	1.32585418247166	91
-0.10610128709322	0.474818712797072	593
0.10758026406767	1.02007945476379	371
-0.10610128709322	0.474818712797072	243
-0.02063082055851	0.885275144897396	43
-0.10610128709322	0.474818712797072	43
-0.07938572253344	0.733074998982863	31
0.02958320289839	1.47026821300687	90
0.00507509304988996	1.02185014029931	90
0.10729250680909	1.02071038229888	149
-0.10091571216432	1.1824817039579	149
0.0241037596495499	1.32032608578155	725
-0.10610128709322	0.474818712797072	395
0.12272839863459	0.724050372770115	395
-0.07938572253344	0.733074998982863	770
0.01557702194168	1.17075819927854	371
0.12319723541074	0.723836733698945	9
0.11852578072579	0.867563171264953	9
0.11836540575182	0.867705619289095	9
-0.10610128709322	0.474818712797072	17
0.00489738821276009	1.02227857312988	17
-0.02038470831303	0.884666905678582	87
0.12307972089602	0.723978664203291	243
0.10730189004086	1.02058716072578	343
-0.0793325762403701	0.732472307546603	149
-0.07063750941111	1.32518813993376	149
-0.0207229814768899	0.885399734353617	149
-0.0951492860361101	1.77156822317242	617
0.00471148745589001	1.02241091253556	254
-0.10672844137063	0.47506664569878	395
0.10742256823522	1.02045612355461	91
0.11846464628139	0.867658783457998	361
0.12262162502917	0.724048758565795	413
-0.0207229814768899	0.885399734353617	593
0.00499431826276009	1.0219613406848	9
-0.07931437217088	0.732704638322614	144
0.12319723541074	0.723836733698945	243
0.10129571039032	1.17217190386863	598
0.11841890957493	0.867766686637026	277
-0.0795395684214799	0.732743827144696	90
0.12285038561683	0.724193919652426	90
-0.07938572253344	0.733074998982863	158
-0.0207229814768899	0.885399734353617	343
0.12320250685355	0.723768445088123	343
-0.07941565093715	0.732799399043906	343
-0.10059575035503	1.18172808417882	149
0.10731574889979	1.02080581954915	149
-0.10108672583712	1.18241341100106	617
-0.10579670478113	0.474613983393002	395
-0.0204000637258801	0.885002340015008	361
-0.10610128709322	0.474818712797072	593
-0.10703354439901	0.475086476038986	488
-0.10082355811961	1.18222589649286	9
0.10108826344224	1.17265415072568	9
0.10123288054887	1.17239877212357	9
0.00480845929959006	1.02240393492908	9
-0.10610128709322	0.474818712797072	171
-0.10610128709322	0.474818712797072	472
0.11849520029106	0.867635884459367	343
0.11844952968649	0.86769390868449	343
-0.10091571216432	1.1824817039579	149
-0.04938466770955	1.47239180664027	725
-0.10672844137063	0.47506664569878	395
0.12307972089602	0.723978664203291	361
0.12296755585385	0.724105062479207	17
-0.07945704925353	0.732853759751035	43
-0.10656708661147	0.475009288267318	472
-0.02056950611993	0.885278385976038	277
0.12273341870883	0.724223760675267	90
0.03388446288382	1.61695817216117	367
-0.0206618083705401	0.885025373031595	149
-0.0795395684214799	0.732743827144696	149
0.11842647423526	0.867806795163739	361
-0.0794270748627	0.733061521380134	413
-0.0794270748627	0.733061521380134	593
-0.07949835504126	0.73284027733314	488
-0.10656708661147	0.475009288267318	488
-0.10563614408753	0.474557097061527	488
-0.0495121288420399	1.47224272004538	9
0.10125492207173	1.17240463951953	9
0.11838831585175	0.867789638280916	9
-0.10563614408753	0.474557097061527	144
-0.0795395684214799	0.732743827144696	87
-0.0793442775898401	0.733020573050618	243
-0.0703986392216001	1.32463964307793	86
-0.10083692672937	1.18239134984024	43
0.11842647423526	0.867806795163739	43
0.12296755585385	0.724105062479207	472
0.00480845929959006	1.02240393492908	277
0.00466266875003996	2.17516636904452	195
0.01562378491145	1.17045853727708	90
-0.10081019341843	1.18168206483099	343
-0.02032283110676	0.884788987516767	60
0.11842647423526	0.867806795163739	725
-0.0340308837874299	1.6188544978151	254
0.10138058004871	1.17189271265162	254
-0.07938572253344	0.733074998982863	770
-0.10058738326017	1.18156985095734	361
0.0155536409797099	1.17064414704929	214
-0.07938572253344	0.733074998982863	413
0.10108826344224	1.17265415072568	91
0.11835774852874	0.867764086305046	593
0.12295727694134	0.723683093678629	482
-0.10533182117744	0.474230709506602	482
0.12295727694134	0.723683093678629	482
-0.0207229814768899	0.885399734353617	9
-0.07938572253344	0.733074998982863	144
-0.0207385215307701	0.885116853872745	243
0.10725540997542	1.02084763016626	86
0.10738990543206	1.02009861068441	43
0.12285038561683	0.724193919652426	472
0.10749671021687	1.02038670219003	277
-0.10099453460357	1.18251242155464	177
0.00480845929959006	1.02240393492908	149
-0.10100787997699	1.18244366847572	149
-0.10069245838201	1.18195495046559	149
0.11844952968649	0.86769390868449	149
0.11829669312852	0.86755806948783	725
0.0153597940255501	1.17043147741506	725
0.10727864989484	1.02079220806414	254
-0.0206463221114499	0.885370023376595	395
-0.0207229814768899	0.885399734353617	488
0.11849520029106	0.867635884459367	371
0.10759405047013	1.01971353857603	371
0.03805673710254	1.76120962874339	668
-0.10066607116929	1.18185879535167	482
0.11839592677873	0.867781212342318	9
-0.0204000637258801	0.885002340015008	87
0.0154935056801699	1.17066069656251	87
0.02387119307832	1.32045260192769	86
0.0241071909924999	1.31934300606778	86
-0.10610128709322	0.474818712797072	472
0.0239781568725801	1.32059127842871	177
-0.0204771394577301	0.885153560442061	149
-0.0345596088157201	1.61963198525626	254
0.10108512601003	1.17253888843594	361
0.11851827506826	0.867583831883534	770
0.11848764839183	0.867711109736061	214
-0.0793442775898401	0.733020573050618	488
0.0155402637317701	1.1707123925068	371
-0.10083692672937	1.18239134984024	43
0.00497820345901001	1.02203226696656	90
0.11841890957493	0.867766686637026	149
-0.0207229814768899	0.885399734353617	361
0.0157807703399999	1.17032926796651	714
0.12330963206982	0.723421814438265	593
-0.0206463221114499	0.885370023376595	371
-0.0341629699169199	1.6193805349632	668
-0.07938572253344	0.733074998982863	668
0.01556364328912	1.17047509799713	668
0.10717182453465	1.02074652768718	9
0.00489738821276009	1.02227857312988	482
-0.0207229814768899	0.885399734353617	17
-0.0489236967033899	1.47114426070218	90
-0.10067946693909	1.18202418964724	90
-0.03407654371911	1.61906628247815	367
0.11835774852874	0.867764086305046	158
-0.02049253342463	0.885127265289124	343
0.02947102216233	1.4706400066119	254
0.11845704811016	0.867783868580836	593
-0.02023019359023	0.884302429720813	144
-0.02056950611993	0.885278385976038	277
-0.0491927392026199	1.47230001629076	195
0.10713470452622	1.0207869603234	117
0.11855638757377	0.867435958813376	356
-0.0205540583764301	0.88524530962507	343
0.0958381141585001	1.32585418247166	60
0.10737607859551	1.02071657436321	725
0.11832720761731	0.867688530047492	254
0.02942501945044	1.4705593560294	254
0.1230745249301	0.723652906776775	770
-0.0204000637258801	0.885002340015008	593
0.0240002247543401	1.32044637753544	9
0.11836540575182	0.867705619289095	482
-0.0951947403898801	1.77144964615119	106
-0.07047719876855	1.32471617945953	86
-0.07941565093715	0.732799399043906	31
-0.0794270748627	0.733061521380134	472
0.11842647423526	0.867806795163739	90
0.01561376769572	1.17057560991048	343
-0.10059575035503	1.18172808417882	149
0.1011291703025	1.17270439918049	149
-0.0207229814768899	0.885399734353617	617
-0.0206618083705401	0.885025373031595	361
-0.07935577109624	0.732691233079291	413
0.11845704811016	0.867783868580836	593
0.0156004032513899	1.17069584688429	668
0.11841890957493	0.867766686637026	17
-0.02041540395048	0.884913999923827	87
0.12330963206982	0.723421814438265	243
0.10739932330645	1.02066115370797	86
0.00515575915357003	1.02146390598249	86
0.00488934910851002	1.02221469041217	86
0.11846464628139	0.867658783457998	586
0.0958143913576399	1.32560208576941	90
0.0292777597887599	1.47061269976757	117
0.12319723541074	0.723836733698945	343
0.10745964616196	1.02052276315938	60
-0.10092907110827	1.18241295811439	149
0.00499431826276009	1.0219613406848	254
-0.07037299063742	1.32443953662003	254
-0.04936248080998	1.47256183805511	254
-0.0794270748627	0.733061521380134	361
-0.10092907110827	1.18241295811439	361
-0.10610128709322	0.474818712797072	413
0.00453342195127005	1.02238626711349	9
0.0157807703399999	1.17032926796651	106
-0.0794683346982801	0.732965002131583	87
0.0958617544367999	1.3254939006993	86
-0.07938572253344	0.733074998982863	86
-0.0204771394577301	0.885153560442061	343
0.12308492955536	0.723963263011774	343
0.11841890957493	0.867766686637026	343
-0.10075817831556	1.18224018628913	149
-0.02023019359023	0.884302429720813	149
0.12308492955536	0.723963263011774	361
-0.07938572253344	0.733074998982863	361
0.10717182453465	1.02074652768718	371
0.01566053420781	1.17062730393621	106
0.10727864989484	1.02079220806414	20
-0.0207074260831399	0.885233973269698	144
-0.10091571216432	1.1824817039579	87
0.12331495369355	0.723641797428308	427
0.11852578072579	0.867563171264953	86
0.11841890957493	0.867766686637026	43
0.03357383586358	1.61811405858469	362
-0.10626224425971	0.474875835650706	472
0.12319723541074	0.723836733698945	586
-0.03440699135922	1.61968520056855	195
-0.10517165583896	0.474174060906171	26
0.12319723541074	0.723836733698945	177
0.11851827506826	0.867583831883534	343
-0.0795395684214799	0.732743827144696	149
0.00453342195127005	1.02238626711349	725
-0.10626224425971	0.474875835650706	395
0.1070975708479	1.02062320615709	361
0.12308492955536	0.723963263011774	593
-0.07931437217088	0.732704638322614	482
0.09603378415644	1.32551776029747	106
-0.10099453460357	1.18251242155464	17
-0.0206463221114499	0.885370023376595	17
0.11841890957493	0.867766686637026	87
-0.07927288054565	0.732650220342582	427
0.11846464628139	0.867658783457998	86
-0.07938572253344	0.733074998982863	43
-0.07053167862064	1.32506944803707	174
-0.0793027399125299	0.732898294853153	31
-0.10579670478113	0.474613983393002	177
0.12295727694134	0.723683093678629	343
-0.0204000637258801	0.885002340015008	149
-0.10610128709322	0.474818712797072	149
-0.02041540395048	0.884913999923827	784
-0.07945704925353	0.732853759751035	395
-0.10579670478113	0.474613983393002	395
0.10727864989484	1.02079220806414	361
0.00488934910851002	1.02221469041217	361
0.11840361758269	0.867557605747178	714
0.12308492955536	0.723963263011774	488
-0.0794270748627	0.733061521380134	488
0.0919708967067701	1.47522791080676	668
-0.10664087831349	2.19670728462909	668
-0.11884338577679	1.62772620751868	106
-0.10610128709322	0.474818712797072	144
-0.10610128709322	0.474818712797072	144
-0.00286302912967007	2.03955133029572	511
-0.049277607019	1.47254555813649	186
-0.10563614408753	0.474557097061527	285
0.00507509304988996	1.02185014029931	277
0.02940477030941	1.47078403384386	367
0.10721829938141	1.02078653749584	177
0.00471947940608009	1.02247485915243	60
0.12307972089602	0.723978664203291	149
0.0918842898785499	1.47486132030046	725
-0.02239711790131	1.76430513926723	254
-0.07935577109624	0.732691233079291	395
-0.0706631985450501	1.32508644215251	361
-0.10719529787251	0.475144061818858	413
0.0237895831822399	1.32060380259632	214
-0.10517165583896	0.474174060906171	593
0.12296755585385	0.724105062479207	593
-0.10626224425971	0.474875835650706	488
-0.07931437217088	0.732704638322614	488
-0.0794270748627	0.733061521380134	482
-0.0204771394577301	0.885153560442061	9
-0.0951243398861299	1.7713431220822	511
-0.10610128709322	0.474818712797072	427
-0.10123122376781	1.18221763674194	43
0.10725540997542	1.02084763016626	586
0.01566053420781	1.17062730393621	586
0.00488129945804006	1.0218168813678	61
0.01577070693268	1.16958908678082	177
0.12273341870883	0.724223760675267	343
-0.10579670478113	0.474613983393002	343
-0.09541303492745	1.77184786964695	254
0.12331495369355	0.723641797428308	395
0.11848017617428	0.867566618244343	593
0.03381235428221	1.61745223036607	668
-0.0342494009491601	1.61947021360025	106
0.12319197659531	0.723563792790257	171
-0.0794270748627	0.733061521380134	144
0.01566053420781	1.17062730393621	87
0.12296241001834	0.724067663560919	427
0.08749307431668	2.03895979880633	362
-0.0705589155558599	1.32494214197076	382
-0.10672844137063	0.47506664569878	472
-0.10086367567653	1.18186022537456	149
0.00498626613330999	1.02209610358304	725
0.11850283200348	0.867243890221472	617
-0.0793442775898401	0.733020573050618	214
0.00498626613330999	1.02209610358304	61
0.10737607859551	1.02071657436321	356
-0.0705845901392801	1.32515716760403	60
0.0239560844228299	1.32058227347366	149
0.00491343475751993	1.02168799625125	149
0.0960546004115801	1.32544933238086	725
0.11852578072579	0.867563171264953	725
0.0961197904614399	1.32524070829306	668
-0.0794270748627	0.733061521380134	234
-0.0207385215307701	0.885116853872745	234
-0.0224552517040699	1.76419659859031	668
0.11838831585175	0.867789638280916	9
0.00491343475751993	1.02168799625125	508
0.00500235984101005	1.02150564823143	508
0.01557702194168	1.17075819927854	20
-0.0793442775898401	0.733020573050618	61
0.0890618479160099	1.76107579908032	206
-0.0953220447405101	1.7718111283865	206
-0.10099453460357	1.18251242155464	60
-0.10092907110827	1.18241295811439	725
0.12285548136137	0.72393034465297	254
0.01575738264685	1.17039160209649	361
0.10123288054887	1.17239877212357	214
0.11845704811016	0.867783868580836	214
-0.0793027399125299	0.732898294853153	543
-0.0793442775898401	0.733020573050618	751
0.10127695885454	1.17227631918769	481
0.11841890957493	0.867766686637026	277
-0.0954994467563499	1.77186120818529	206
-0.10563614408753	0.474557097061527	422
0.0917902119406	1.47559568139221	254
-0.0204771394577301	0.885153560442061	361
0.10117002725675	1.17257316998894	668
0.1230745249301	0.723652906776775	234
-0.10719529787251	0.475144061818858	508
0.10727864989484	1.02079220806414	106
-0.0794270748627	0.733061521380134	543
0.10719506184369	1.02084195360638	86
-0.0271732470925099	2.45580107018047	195
0.11845704811016	0.867783868580836	617
-0.10610128709322	0.474818712797072	422
-0.10610128709322	0.474818712797072	422
-0.07931437217088	0.732704638322614	617
0.11835774852874	0.867764086305046	214
0.11852578072579	0.867563171264953	214
0.11833491116542	0.867575115414988	361
0.12297271439621	0.7237887552699	668
0.12340819259134	0.72324520596923	234
0.00507509304988996	1.02185014029931	9
-0.10672844137063	0.47506664569878	543
0.11852578072579	0.867563171264953	543
0.00458897725516994	2.176409264222	195
-0.07938572253344	0.733074998982863	61
-0.11890864556659	1.62790634652463	725
0.01566053420781	1.17062730393621	725
0.10098132680071	1.17280790498688	725
0.11839592677873	0.867781212342318	149
-0.07927288054565	0.732650220342582	422
-0.0207229814768899	0.885399734353617	617
0.00490541676450995	1.02214379691749	214
-0.07935577109624	0.732691233079291	361
0.10713470452622	1.0207869603234	361
0.12284530264367	0.724097661397232	361
-0.07047719876855	1.32471617945953	214
0.10733899121035	1.02075039593394	9
-0.0794270748627	0.733061521380134	508
-0.10107339402949	1.18248216137797	20
0.10751995975593	1.02033130172564	20
0.00471947940608009	1.02247485915243	658
-0.10563614408753	0.474557097061527	751
-0.02049253342463	0.885127265289124	481
0.00471947940608009	1.02247485915243	481
-0.10099453460357	1.18251242155464	206
0.10110715052626	1.17269849127263	206
0.11845704811016	0.867783868580836	725
-0.0793442775898401	0.733020573050618	725
0.12319723541074	0.723836733698945	617
0.09596573115266	1.32515221487138	214
-0.0204000637258801	0.885002340015008	361
0.01551688452966	1.17077474119754	214
0.11841890957493	0.867766686637026	9
0.12296755585385	0.724105062479207	9
-0.10579670478113	0.474613983393002	171
-0.0794270748627	0.733061521380134	481
-0.0795395684214799	0.732743827144696	61
-0.10626224425971	0.474875835650706	26
-0.10579670478113	0.474613983393002	61
-0.0492554866642601	1.47238337761927	206
0.01569727102284	1.17056832595407	356
0.10735283410009	1.020621151012	725
0.10730189004086	1.02058716072578	725
0.11844952968649	0.86769390868449	700
0.0158174856301401	1.17015444487828	361
-0.0204000637258801	0.885002340015008	214
0.00454930093091011	1.02231558843021	214
-0.0207229814768899	0.885399734353617	234
-0.0206463221114499	0.885370023376595	747
0.02414793282898	1.31986121866297	658
-0.0795395684214799	0.732743827144696	751
0.12307972089602	0.723978664203291	86
0.11846464628139	0.867658783457998	481
0.02945076324067	1.4707138539778	277
0.10123288054887	1.17239877212357	195
-0.0207229814768899	0.885399734353617	61
-0.0206463221114499	0.885370023376595	61
0.11841890957493	0.867766686637026	61
0.12273845161794	0.724019034618447	356
0.12308492955536	0.723963263011774	356
0.12297271439621	0.7237887552699	149
0.12273341870883	0.724223760675267	617
0.10758026406767	1.02007945476379	361
0.11842647423526	0.867806795163739	21
0.00471947940608009	1.02247485915243	234
0.00453342195127005	1.02238626711349	9
0.12307972089602	0.723978664203291	9
0.00481646426906002	1.02226916355506	9
0.12307972089602	0.723978664203291	747
-0.0794683346982801	0.732965002131583	486
-0.10075817831556	1.18224018628913	481
-0.04940533345663	1.47255125028009	277
0.10729250680909	1.02071038229888	195
-0.10672844137063	0.47506664569878	26
-0.11903923307201	1.6280881315577	725
0.10745964616196	1.02052276315938	149
-0.0206618083705401	0.885025373031595	617
-0.07061182671971	1.32502985258489	361
0.11836540575182	0.867705619289095	214
0.12296755585385	0.724105062479207	407
0.0237895831822399	1.32060380259632	668
0.12296241001834	0.724067663560919	234
0.11845704811016	0.867783868580836	9
-0.10083692672937	1.18239134984024	20
-0.10610128709322	0.474818712797072	486
-0.0794270748627	0.733061521380134	486
-0.0792312961016299	0.732528030362833	751
0.12307972089602	0.723978664203291	356
-0.10085029924819	1.18232262095185	356
-0.0794683346982801	0.732965002131583	149
0.10733899121035	1.02075039593394	149
0.12339443384941	0.723424083244053	149
0.00479241768702998	1.02194211579956	147
0.00463044854541006	1.02249125178531	617
-0.10703354439901	0.475086476038986	361
-0.10672844137063	0.47506664569878	214
-0.10610128709322	0.474818712797072	21
0.00463044854541006	1.02249125178531	234
-0.10579670478113	0.474613983393002	486
-0.07931437217088	0.732704638322614	611
0.00471947940608009	1.02247485915243	87
0.11851827506826	0.867583831883534	277
0.00436305030583006	1.02216264619002	277
-0.10563614408753	0.474557097061527	26
0.00489738821276009	1.02227857312988	61
-0.10533182117744	0.474230709506602	149
0.02953725743383	1.47044421498804	725
0.01566053420781	1.17062730393621	725
-0.0794683346982801	0.732965002131583	147
0.0239560844228299	1.32058227347366	725
-0.0206463221114499	0.885370023376595	617
0.11845704811016	0.867783868580836	617
0.12273341870883	0.724223760675267	617
0.10758026406767	1.02007945476379	617
-0.10610128709322	0.474818712797072	361
0.10747346088489	1.02029134824388	214
0.12262162502917	0.724048758565795	21
0.11848764839183	0.867711109736061	21
0.0957728471561701	1.32587275256703	9
0.12340819259134	0.72324520596923	747
0.0240816662071599	1.32031712000427	20
-0.02063082055851	0.885275144897396	87
0.02398148003169	1.31950511792397	147
0.10741315213225	1.02048278027836	361
0.10719506184369	1.02084195360638	9
0.11854892812711	0.867391659084884	281
0.11833491116542	0.867575115414988	747
0.12285038561683	0.724193919652426	124
0.12330163482412	0.723532054881941	611
-0.07931437217088	0.732704638322614	481
0.12296241001834	0.724067663560919	61
0.0241665270887901	1.32011287379601	725
-0.09543347820075	1.77193557427799	725
-0.10579670478113	0.474613983393002	617
-0.0705573515625999	1.32508128150296	617
0.0239560844228299	1.32058227347366	617
0.10739932330645	1.02066115370797	214
0.0239373789556701	1.32050196369301	668
-0.07061027118199	1.32511225206066	214
0.00507509304988996	1.02185014029931	9
-0.0707418372562501	1.3245786329462	106
-0.0207074260831399	0.885233973269698	124
-0.0204771394577301	0.885153560442061	124
-0.09528113024032	1.77182221009552	658
-0.07087649878486	1.32458990331446	175
0.12308492955536	0.723963263011774	481
-0.0793027399125299	0.732898294853153	61
-0.11895019939863	1.62806497097258	725
0.00480845929959006	1.02240393492908	214
0.02404096957266	1.32048473480933	21
-0.10091571216432	1.1824817039579	106
0.10744581338411	1.019969794901	86
0.10095932401871	1.17264827086487	195
0.0294912784108301	1.47041534369517	725
0.02925197936966	1.47099483455648	725
0.01569727102284	1.17056832595407	617
0.10129571039032	1.17217190386863	214
-0.10107339402949	1.18248216137797	214
0.00497820345901001	1.02203226696656	214
0.12319723541074	0.723836733698945	9
-0.0207385215307701	0.885116853872745	234
0.11841142459644	0.867399130843876	281
0.0240630479487001	1.32033982974582	175
-0.10579670478113	0.474613983393002	61
-0.10533182117744	0.474230709506602	26
0.11845704811016	0.867783868580836	214
0.10756645946422	1.01964032597072	281
0.10727864989484	1.02079220806414	281
-0.04934036618178	1.47257407049439	658
0.0918696993893	1.47550041384363	86
0.01575738264685	1.17039160209649	87
-0.0792611093834199	0.73269315682669	481
0.11846464628139	0.867658783457998	277
0.12261665499126	0.724176297801358	277
-0.10626224425971	0.474875835650706	61
-0.10563614408753	0.474557097061527	26
0.0335522673638999	1.61832996219873	725
-0.11905998589219	1.62826523219893	725
0.12285038561683	0.724193919652426	147
0.12320250685355	0.723768445088123	147
-0.10626224425971	0.474875835650706	406
0.12296755585385	0.724105062479207	617
-0.0793027399125299	0.732898294853153	386
0.11848017617428	0.867566618244343	214
-0.0793442775898401	0.733020573050618	281
-0.10656708661147	0.475009288267318	124
0.0337618232463699	1.61769899531393	658
0.01569727102284	1.17056832595407	147
-0.07063750941111	1.32518813993376	386
0.02916545183888	1.47091065301745	668
-0.10656708661147	0.475009288267318	234
0.00506700681071992	1.02178636042737	281
-0.0793027399125299	0.732898294853153	106
-0.10563614408753	0.474557097061527	124
-0.10672844137063	0.47506664569878	124
-0.0792611093834199	0.73269315682669	611
-0.10672844137063	0.47506664569878	611
-0.0794270748627	0.733061521380134	611
0.0426581471993399	1.89915782485476	725
0.02929800982722	1.47087432780868	725
0.0239153215640699	1.32064684862152	147
0.01569727102284	1.17056832595407	617
0.10106625927705	1.17278247571731	214
-0.03440699135922	1.61968520056855	214
-0.10533182117744	0.474230709506602	234
-0.0207229814768899	0.885399734353617	234
0.10132101819427	1.17140318527814	106
0.12296755585385	0.724105062479207	124
-0.0207385215307701	0.885116853872745	124
-0.0492997317738599	1.47253333977019	658
0.0960129631562201	1.32545222387988	86
0.12296755585385	0.724105062479207	481
0.10115118533739	1.17257606466501	277
-0.07938572253344	0.733074998982863	61
-0.07945704925353	0.732853759751035	61
-0.0205079121921401	0.884661458500863	147
0.0237046496256801	1.32049243129713	147
-0.07053167862064	1.32506944803707	147
-0.10579670478113	0.474613983393002	406
0.10733899121035	1.02075039593394	214
0.0155402637317701	1.1707123925068	214
-0.04947080446007	1.47247215991292	386
-0.11912530275374	1.62826788851375	214
0.11845704811016	0.867783868580836	21
0.12307972089602	0.723978664203291	234
-0.0794270748627	0.733061521380134	234
0.11845704811016	0.867783868580836	281
0.10106625927705	1.17278247571731	106
-0.0204771394577301	0.885153560442061	175
-0.10091571216432	1.1824817039579	481
0.09183367543393	1.47502134564341	195
0.00497820345901001	1.02203226696656	147
-0.07063750941111	1.32518813993376	725
-0.07071767231333	1.32503504052351	147
0.1011291703025	1.17270439918049	147
0.1225050014552	0.724001242650154	147
0.12296755585385	0.724105062479207	147
-0.0207229814768899	0.885399734353617	406
0.12319723541074	0.723836733698945	617
0.00490541676450995	1.02214379691749	617
0.12308492955536	0.723963263011774	386
0.10748289349599	1.02031777514858	386
-0.0207994842964401	0.885358424086186	386
-0.02049253342463	0.885127265289124	386
-0.07069197987351	1.32454442129789	21
0.11839592677873	0.867781212342318	21
0.12295727694134	0.723683093678629	214
0.11835017111758	0.867494853538219	281
0.01575738264685	1.17039160209649	124
0.00453342195127005	1.02238626711349	106
-0.10533182117744	0.474230709506602	171
0.01580415836913	1.17009205934247	20
-0.02056950611993	0.885278385976038	175
0.00480845929959006	1.02240393492908	175
0.12296241001834	0.724067663560919	175
0.10753376033757	1.02003954157894	86
-0.10563614408753	0.474557097061527	86
0.12285038561683	0.724193919652426	86
-0.01190910023315	1.90397118446469	195
0.10745964616196	1.02052276315938	147
0.10104425036994	1.17277655134832	147
-0.02056950611993	0.885278385976038	147
-0.10656708661147	0.475009288267318	406
0.0156839179807999	1.17039000322975	617
-0.10067946693909	1.18202418964724	617
-0.10060412748648	1.18165238371827	386
-0.0205540583764301	0.88524530962507	386
0.01566053420781	1.17062730393621	214
0.12285038561683	0.724193919652426	234
-0.10719529787251	0.475144061818858	234
0.11845704811016	0.867783868580836	234
0.00498626613330999	1.02209610358304	124
-0.07941565093715	0.732799399043906	171
0.0240851217556399	1.32001981906622	20
0.10108512601003	1.17253888843594	175
0.12285548136137	0.72393034465297	481
-0.0793741599722999	0.732677246408085	481
0.11845704811016	0.867783868580836	61
-0.10610128709322	0.474818712797072	26
0.00489738821276009	1.02227857312988	147
0.00471148745589001	1.02241091253556	147
0.12296755585385	0.724105062479207	406
0.00480845929959006	1.02240393492908	617
-0.0492148696884101	1.4724622075108	214
-0.10082355811961	1.18222589649286	386
0.0157440424742501	1.17026871323905	214
-0.07935577109624	0.732691233079291	234
-0.0794270748627	0.733061521380134	234
-0.07949835504126	0.73284027733314	234
-0.0794683346982801	0.732965002131583	175
0.10727864989484	1.02079220806414	86
0.12307972089602	0.723978664203291	481
-0.07601766807751	1.91207308518882	365
0.10123288054887	1.17239877212357	32
0.10735283410009	1.020621151012	617
0.0046384063381899	1.02235654200607	386
0.11845704811016	0.867783868580836	386
0.10745964616196	1.02052276315938	386
0.12296241001834	0.724067663560919	386
0.10723217028021	1.02075219205701	214
-0.07935577109624	0.732691233079291	281
-0.07938572253344	0.733074998982863	281
-0.0206618083705401	0.885025373031595	175
0.11848764839183	0.867711109736061	365
0.03820100425533	1.76058432021444	195
0.10129571039032	1.17217190386863	678
0.09598938847809	1.3256086785678	678
-0.07945704925353	0.732853759751035	147
-0.0205540583764301	0.88524530962507	147
-0.10517165583896	0.474174060906171	147
-0.09497212212525	1.77082852794073	147
-0.0204000637258801	0.885002340015008	147
-0.02023019359023	0.884302429720813	32
0.10111026286419	1.17237307012783	214
-0.0793741599722999	0.732677246408085	617
0.09603378415644	1.32551776029747	214
0.10729250680909	1.02071038229888	21
-0.0204000637258801	0.885002340015008	21
0.00453342195127005	1.02238626711349	21
-0.0794270748627	0.733061521380134	175
0.10735283410009	1.020621151012	86
0.12273341870883	0.724223760675267	481
-0.10579670478113	0.474613983393002	285
0.12307972089602	0.723978664203291	147
0.11848017617428	0.867566618244343	147
-0.07938572253344	0.733074998982863	617
0.12319723541074	0.723836733698945	281
-0.10533182117744	0.474230709506602	281
-0.0794683346982801	0.732965002131583	281
-0.0205079121921401	0.884661458500863	175
0.02389655290515	1.32018660058271	20
0.10737607859551	1.02071657436321	86
0.12297271439621	0.7237887552699	277
-0.10650162322078	2.19738916923703	147
-0.10579670478113	0.474613983393002	147
-0.0207994842964401	0.885358424086186	147
0.11849520029106	0.867635884459367	32
-0.07935577109624	0.732691233079291	617
-0.0206463221114499	0.885370023376595	386
0.0241444231443999	1.32010393190176	214
0.12320250685355	0.723768445088123	21
-0.0491706131182901	1.47193939303082	214
0.0335381829375201	1.61783104388596	20
-0.07053167862064	1.32506944803707	281
0.10742256823522	1.02045612355461	281
-0.0704787748606	1.32492339350812	283
0.1230745249301	0.723652906776775	175
-0.07949835504126	0.73284027733314	175
-0.10610128709322	0.474818712797072	175
0.09194202220063	1.47525732098777	195
0.12296755585385	0.724105062479207	147
0.10739932330645	1.02066115370797	147
0.1230745249301	0.723652906776775	147
-0.0204000637258801	0.885002340015008	32
0.12331495369355	0.723641797428308	617
0.00472746078908992	1.02234010991608	617
-0.0208914783869001	0.8851051120351	386
0.11851827506826	0.867583831883534	214
0.12273341870883	0.724223760675267	281
0.10725540997542	1.02084763016626	214
-0.0703986392216001	1.32463964307793	20
0.12307972089602	0.723978664203291	281
0.10721829938141	1.02078653749584	106
0.11848764839183	0.867711109736061	175
0.0154801156719999	1.17067606353664	86
0.10098132680071	1.17280790498688	365
-0.10106006612746	1.1823167692108	195
-0.0207229814768899	0.885399734353617	147
0.01545673856718	1.17073840362308	147
0.11859451370419	0.867021333043542	147
0.12309015085595	0.723594191723434	32
0.10737607859551	1.02071657436321	214
0.01551688452966	1.17077474119754	214
0.10730189004086	1.02058716072578	617
0.12308492955536	0.723963263011774	386
-0.0207074260831399	0.885233973269698	386
-0.10091571216432	1.1824817039579	386
-0.0704515355770099	1.32484752767539	21
-0.0205540583764301	0.88524530962507	21
0.12295727694134	0.723683093678629	21
0.0960129631562201	1.32545222387988	281
0.0958381141585001	1.32585418247166	214
0.10094036700969	1.17279788706179	214
0.12285038561683	0.724193919652426	281
-0.10563614408753	0.474557097061527	171
-0.0794270748627	0.733061521380134	175
0.0158174856301401	1.17015444487828	175
-0.0705845901392801	1.32515716760403	481
0.12308492955536	0.723963263011774	481
-0.0704258788644701	1.32471548991879	147
-0.02056950611993	0.885278385976038	147
0.10129571039032	1.17217190386863	147
-0.03407654371911	1.61906628247815	214
0.10727864989484	1.02079220806414	281
0.00506700681071992	1.02178636042737	281
0.0240816662071599	1.32031712000427	281
0.11839592677873	0.867781212342318	281
-0.10579670478113	0.474613983393002	171
-0.10672844137063	0.47506664569878	171
0.0241665270887901	1.32011287379601	20
0.11845704811016	0.867783868580836	175
-0.09488578019341	1.77033348125193	195
0.11846464628139	0.867658783457998	147
0.02916545183888	1.47091065301745	147
-0.10091571216432	1.1824817039579	147
0.0293845185013499	1.47085787728493	147
0.01569727102284	1.17056832595407	147
0.12273341870883	0.724223760675267	32
-0.07061027118199	1.32511225206066	214
-0.02063082055851	0.885275144897396	617
-0.10563614408753	0.474557097061527	386
-0.0206463221114499	0.885370023376595	21
0.11841142459644	0.867399130843876	281
-0.07053167862064	1.32506944803707	214
-0.02056950611993	0.885278385976038	281
0.00489738821276009	1.02227857312988	283
-0.04913001358459	1.47216129983	106
-0.10672844137063	0.47506664569878	175
-0.0794382913293501	0.732320836210408	175
-0.10108672583712	1.18241341100106	175
0.01567388580565	1.17045430231733	175
0.0239560844228299	1.32058227347366	147
0.0156004032513899	1.17069584688429	147
0.11855638757377	0.867435958813376	147
-0.02087583065267	0.88522210511978	147
-0.0794270748627	0.733061521380134	147
0.10119205790498	1.17257905901325	214
-0.0208914783869001	0.8851051120351	214
0.12295727694134	0.723683093678629	617
-0.02032283110676	0.884788987516767	21
0.00497820345901001	1.02203226696656	281
0.12273845161794	0.724019034618447	281
0.12273341870883	0.724223760675267	171
-0.07938572253344	0.733074998982863	175
0.10737607859551	1.02071657436321	20
-0.0793027399125299	0.732898294853153	175
0.12296755585385	0.724105062479207	175
-0.04902678885335	1.47187172012451	277
-0.10115229042388	1.18238670873705	195
-0.0492997317738599	1.47253333977019	195
0.00471148745589001	1.02241091253556	147
-0.07938572253344	0.733074998982863	147
-0.02063082055851	0.885275144897396	32
0.10737607859551	1.02071657436321	386
0.12307972089602	0.723978664203291	214
-0.0204617302546	0.88475871812798	21
-0.10533182117744	0.474230709506602	171
-0.0492997317738599	1.47253333977019	20
-0.07938572253344	0.733074998982863	175
0.11845704811016	0.867783868580836	20
0.11835017111758	0.867494853538219	175
-0.11881974583777	1.62764258797494	365
-0.07941565093715	0.732799399043906	26
-0.0205540583764301	0.88524530962507	147
0.10749671021687	1.02038670219003	147
0.12309015085595	0.723594191723434	147
0.10131776279035	1.17217774742664	147
0.11840361758269	0.867557605747178	386
0.11845704811016	0.867783868580836	21
0.01543336181993	1.17062438134029	281
0.12307972089602	0.723978664203291	281
0.00498626613330999	1.02209610358304	283
0.00470348494459993	1.02201297535583	283
0.11852578072579	0.867563171264953	20
0.11852578072579	0.867563171264953	175
-0.07941565093715	0.732799399043906	175
0.01557702194168	1.17075819927854	86
-0.10626224425971	0.474875835650706	26
-0.0492148696884101	1.4724622075108	147
0.0961197904614399	1.32524070829306	74
-0.01193006409492	1.90410308042623	147
0.00489738821276009	1.02227857312988	147
0.0157940961182099	1.17004051237846	147
-0.10563614408753	0.474557097061527	32
0.00497820345901001	1.02203226696656	214
0.10743639904147	1.02057817622063	214
-0.07935577109624	0.732691233079291	617
0.10751995975593	1.02033130172564	281
0.01556364328912	1.17047509799713	283
0.10742256823522	1.02045612355461	283
0.00480044377019007	1.02234001569233	283
0.11846464628139	0.867658783457998	283
0.12297271439621	0.7237887552699	175
-0.07927288054565	0.732650220342582	175
-0.10579670478113	0.474613983393002	175
0.02940477030941	1.47078403384386	74
-0.07945704925353	0.732853759751035	32
-0.0207229814768899	0.885399734353617	21
-0.0204771394577301	0.885153560442061	21
-0.0704258788644701	1.32471548991879	281
0.00463044854541006	1.02249125178531	281
-0.10059575035503	1.18172808417882	20
-0.10098119313702	1.1823469892879	175
-0.0208150781758101	0.885146462492235	175
-0.10059575035503	1.18172808417882	175
0.11845704811016	0.867783868580836	175
0.12273845161794	0.724019034618447	481
0.11835774852874	0.867764086305046	195
0.0154801156719999	1.17067606353664	147
0.10131776279035	1.17217774742664	147
0.02389325960464	1.32063782819019	147
0.11861768046033	0.866962409896525	147
0.10718117509288	1.02052657859932	214
0.12340819259134	0.72324520596923	281
-0.10610128709322	0.474818712797072	281
0.00471947940608009	1.02247485915243	281
0.12295727694134	0.723683093678629	281
0.1075432095043	1.02012638028614	283
-0.0705589155558599	1.32494214197076	20
0.00489738821276009	1.02227857312988	175
-0.02078387503192	0.885097812149195	175
-0.1189739280061	1.62802663308737	86
-0.0793442775898401	0.733020573050618	147
-0.10113897608118	1.18222137787946	147
0.00480845929959006	1.02240393492908	147
-0.10610128709322	0.474818712797072	32
0.10096234944488	1.17266961366099	214
0.10725540997542	1.02084763016626	214
0.01562378491145	1.17045853727708	20
0.10741315213225	1.02048278027836	106
0.10129571039032	1.17217190386863	20
-0.0208150781758101	0.885146462492235	175
-0.0794270748627	0.733061521380134	32
-0.0705044396924499	1.32499356923095	214
-0.049277607019	1.47254555813649	214
-0.0704242943009501	1.32457018847525	214
0.10727864989484	1.02079220806414	20
0.12296755585385	0.724105062479207	175
0.0157807703399999	1.17032926796651	175
0.09594777214655	1.32561153028409	277
-0.03420867525606	1.61947723378289	277
-0.0492370045750501	1.47245000624079	74
0.11842647423526	0.867806795163739	74
-0.07927288054565	0.732650220342582	147
-0.07945704925353	0.732853759751035	147
0.00480845929959006	1.02240393492908	147
0.0156004032513899	1.17069584688429	147
0.10735283410009	1.020621151012	214
0.11829669312852	0.86755806948783	617
0.02435469344068	1.31908945638773	214
0.00462248017836009	1.0224272869465	214
0.12320250685355	0.723768445088123	386
-0.0205540583764301	0.88524530962507	281
0.12319197659531	0.723563792790257	175
0.00471947940608009	1.02247485915243	175
0.12307972089602	0.723978664203291	481
-0.09497212212525	1.77082852794073	74
0.11839592677873	0.867781212342318	147
-0.10067946693909	1.18202418964724	281
-0.07938572253344	0.733074998982863	20
0.11835774852874	0.867764086305046	20
0.0296493977504599	1.46996072425428	20
-0.10626224425971	0.474875835650706	175
0.12339443384941	0.723424083244053	175
0.0241037596495499	1.32032608578155	175
0.12285038561683	0.724193919652426	481
0.08969093208018	1.62105448873818	195
0.10119205790498	1.17257905901325	74
0.0960962186872201	1.32488107100036	74
-0.0953879767096599	1.77185258711682	307
-0.0792611093834199	0.73269315682669	492
0.12339443384941	0.723424083244053	32
0.00506700681071992	1.02178636042737	214
-0.0208150781758101	0.885146462492235	214
0.10119205790498	1.17257905901325	106
0.12296755585385	0.724105062479207	481
0.0917396100624901	1.4756151895887	195
0.10117002725675	1.17257316998894	147
-0.07061182671971	1.32502985258489	147
-0.0793442775898401	0.733020573050618	147
0.0239781568725801	1.32059127842871	214
0.09594777214655	1.32561153028409	214
0.12347359987142	0.723128957984479	617
0.11832720761731	0.867688530047492	281
-0.0792312961016299	0.732528030362833	281
0.10756645946422	1.01964032597072	281
-0.10099453460357	1.18251242155464	20
-0.04938466770955	1.47239180664027	106
0.10715793969175	1.02073155485904	20
-0.10610128709322	0.474818712797072	588
0.00498626613330999	1.02209610358304	20
0.10719506184369	1.02084195360638	20
0.00480044377019007	1.02234001569233	175
0.12330163482412	0.723532054881941	147
0.12296755585385	0.724105062479207	74
0.01557702194168	1.17075819927854	32
0.10725540997542	1.02084763016626	32
0.10089935737004	1.17260449505332	214
-0.02056950611993	0.885278385976038	214
0.0336897506704501	1.61770491070671	214
-0.0338988615293701	1.61807398032865	214
0.12284530264367	0.724097661397232	281
-0.0204771394577301	0.885153560442061	703
0.00488129945804006	1.0218168813678	86
0.12296755585385	0.724105062479207	481
0.12331495369355	0.723641797428308	277
0.0918696993893	1.47550041384363	147
-0.07061182671971	1.32502985258489	74
-0.10579670478113	0.474613983393002	214
0.10106309675524	1.17206399732265	813
-0.07087649878486	1.32458990331446	20
0.00481646426906002	1.02226916355506	703
-0.02063082055851	0.885275144897396	86
0.10106625927705	1.17278247571731	277
0.0381424971814499	1.75940398265803	195
-0.10610128709322	0.474818712797072	74
0.11845704811016	0.867783868580836	74
0.10738990543206	1.02009861068441	74
-0.10517165583896	0.474174060906171	492
0.11835774852874	0.867764086305046	727
0.12296241001834	0.724067663560919	617
0.01551688452966	1.17077474119754	214
0.11838831585175	0.867789638280916	214
-0.0704787748606	1.32492339350812	214
-0.0342544124862401	1.61935113974516	813
0.12307972089602	0.723978664203291	703
0.0295575208043399	1.47021958433138	74
-0.10081019341843	1.18168206483099	20
-0.02063082055851	0.885275144897396	632
-0.0705845901392801	1.32515716760403	20
0.12296755585385	0.724105062479207	265
-0.02063082055851	0.885275144897396	265
-0.0207385215307701	0.885116853872745	265
0.11840361758269	0.867557605747178	831
-0.10563614408753	0.474557097061527	831
-0.034096918885	1.61914698286443	74
0.00473543159881995	1.02188427870886	147
0.10108826344224	1.17265415072568	727
0.10735283410009	1.020621151012	214
0.10102223672229	1.17261692411578	214
0.00479241768702998	1.02194211579956	214
0.02412584852383	1.32018118860644	214
-0.0793442775898401	0.733020573050618	772
-0.0793027399125299	0.732898294853153	772
0.11844952968649	0.86769390868449	772
0.12320779087095	0.723340404207666	772
0.10711146959386	1.02069156014116	20
-0.07938572253344	0.733074998982863	588
0.0336243806596701	1.61797229669416	20
0.12320250685355	0.723768445088123	265
0.10108826344224	1.17265415072568	86
-0.07058303095055	1.32483484241424	175
-0.10672844137063	0.47506664569878	481
0.0239781568725801	1.32059127842871	74
0.02376754219069	1.32059475945658	307
-0.10672844137063	0.47506664569878	492
0.12261665499126	0.724176297801358	727
0.01566053420781	1.17062730393621	214
0.10748289349599	1.02031777514858	214
0.0156371507802999	1.1706896552133	214
-0.11910456074075	1.6280908209131	214
-0.10672844137063	0.47506664569878	772
-0.0204771394577301	0.885153560442061	772
-0.10656708661147	0.475009288267318	772
0.11859451370419	0.867021333043542	588
-0.0205540583764301	0.88524530962507	265
0.11851827506826	0.867583831883534	831
0.12319197659531	0.723563792790257	147
0.10719506184369	1.02084195360638	727
-0.0206618083705401	0.885025373031595	80
0.10751995975593	1.02033130172564	20
0.11848764839183	0.867711109736061	20
-0.10083692672937	1.18239134984024	20
0.10721829938141	1.02078653749584	20
-0.07931437217088	0.732704638322614	265
-0.10579670478113	0.474613983393002	265
0.00443638101662991	1.02188350328324	86
0.00499431826276009	1.0219613406848	86
0.10108512601003	1.17253888843594	481
-0.0793442775898401	0.733020573050618	277
-0.07938572253344	0.733074998982863	831
-0.10563614408753	0.474557097061527	831
-0.10610128709322	0.474818712797072	492
-0.10610128709322	0.474818712797072	772
0.12284530264367	0.724097661397232	20
0.0241665270887901	1.32011287379601	20
0.11845704811016	0.867783868580836	20
-0.10579670478113	0.474613983393002	265
0.1011291703025	1.17270439918049	365
-0.10610128709322	0.474818712797072	831
0.0898684193656201	1.62064491562479	121
-0.0345799392174999	1.61954425728883	74
0.10098132680071	1.17280790498688	583
0.00507509304988996	1.02185014029931	147
-0.0794270748627	0.733061521380134	147
-0.0792312961016299	0.732528030362833	147
0.01557702194168	1.17075819927854	727
-0.09512881942882	1.771294036392	214
-0.0706631985450501	1.32508644215251	214
0.00480044377019007	1.02234001569233	214
0.09616412140021	1.32504823917929	214
-0.02049253342463	0.885127265289124	20
0.10110715052626	1.17269849127263	20
-0.10579670478113	0.474613983393002	588
-0.10626224425971	0.474875835650706	831
-0.10083692672937	1.18239134984024	147
0.11848017617428	0.867566618244343	147
-0.07945704925353	0.732853759751035	492
-0.0206463221114499	0.885370023376595	492
-0.0793027399125299	0.732898294853153	727
-0.0793442775898401	0.733020573050618	727
0.10723217028021	1.02075219205701	214
-0.07047719876855	1.32471617945953	214
0.0154801156719999	1.17067606353664	214
-0.0705845901392801	1.32515716760403	214
-0.10083692672937	1.18239134984024	20
0.1070975708479	1.02062320615709	20
0.10091837983176	1.17279193699477	20
0.0156004032513899	1.17069584688429	20
-0.07945704925353	0.732853759751035	265
-0.0204771394577301	0.885153560442061	175
0.12308492955536	0.723963263011774	481
0.12339443384941	0.723424083244053	831
-0.10563614408753	0.474557097061527	831
0.0157440424742501	1.17026871323905	74
-0.07061182671971	1.32502985258489	147
0.10745964616196	1.02052276315938	147
-0.10099453460357	1.18251242155464	307
-0.0707978402685101	1.3244346032502	147
-0.10533182117744	0.474230709506602	492
0.00480845929959006	1.02240393492908	727
-0.0706647456406999	1.32506083168626	214
-0.07918961872126	0.732323078576545	80
0.10094036700969	1.17279788706179	214
0.00489738821276009	1.02227857312988	214
0.11835017111758	0.867494853538219	772
0.12284023249298	0.723636091648933	20
0.10736223374306	1.02054534626861	20
-0.10579670478113	0.474613983393002	588
0.00463044854541006	1.02249125178531	20
-0.10610128709322	0.474818712797072	265
0.12273845161794	0.724019034618447	265
-0.10082355811961	1.18222589649286	481
-0.07927288054565	0.732650220342582	577
0.02923173908761	1.47091775129428	74
-0.0207229814768899	0.885399734353617	147
-0.10672844137063	0.47506664569878	214
0.00488129945804006	1.0218168813678	20
-0.10085029924819	1.18232262095185	813
0.09588255925981	1.32572336584658	813
0.10735283410009	1.020621151012	20
0.00497820345901001	1.02203226696656	20
-0.0207074260831399	0.885233973269698	265
0.11832720761731	0.867688530047492	265
-0.0207385215307701	0.885116853872745	285
-0.11888496127407	1.62788484898053	337
-0.07053324746137	1.32427982501262	337
0.09173244878829	1.47519964128535	121
-0.0793442775898401	0.733020573050618	74
-0.0206618083705401	0.885025373031595	727
0.01559038495152	1.17012378952531	80
-0.0205540583764301	0.88524530962507	80
0.12295727694134	0.723683093678629	80
0.11841890957493	0.867766686637026	214
-0.0706359586538301	1.32480906247359	214
0.11846464628139	0.867658783457998	20
0.10737607859551	1.02071657436321	20
-0.10092907110827	1.18241295811439	265
-0.0792312961016299	0.732528030362833	337
0.10104425036994	1.17277655134832	74
-0.0204771394577301	0.885153560442061	147
-0.0492554866642601	1.47238337761927	147
-0.07045311652084	1.32458825121686	80
0.11852578072579	0.867563171264953	80
0.0240630479487001	1.32033982974582	214
0.11852578072579	0.867563171264953	20
-0.0793027399125299	0.732898294853153	265
-0.0204771394577301	0.885153560442061	583
0.10102531814023	1.17268553875547	307
0.12308492955536	0.723963263011774	214
0.10087738579486	1.17273272582273	20
0.11828783610244	0.866972682464519	20
0.00515575915357003	1.02146390598249	20
0.12273341870883	0.724223760675267	20
0.10721829938141	1.02078653749584	20
0.10751995975593	1.02033130172564	20
-0.02041540395048	0.884913999923827	265
-0.0205540583764301	0.88524530962507	265
-0.0793027399125299	0.732898294853153	337
0.12309015085595	0.723594191723434	831
-0.0343358368100899	1.61929942590169	121
0.0157206565782	1.17050598068434	74
0.0154935056801699	1.17066069656251	214
-0.10085029924819	1.18232262095185	80
-0.11910456074075	1.6280908209131	214
0.12285548136137	0.72393034465297	214
0.00481646426906002	1.02226916355506	20
0.00481646426906002	1.02226916355506	20
-0.02041540395048	0.884913999923827	20
0.00472746078908992	1.02234010991608	265
-0.04896031933794	1.47058462942979	121
-0.07069043643063	1.32516232626876	76
-0.07071767231333	1.32503504052351	583
0.10726926493593	1.02032607142289	147
-0.0759508319004001	1.91129070427582	307
0.12320250685355	0.723768445088123	147
-0.0793027399125299	0.732898294853153	307
0.0155536409797099	1.17064414704929	214
-0.0205849386164001	0.884874460944387	214
0.11845704811016	0.867783868580836	20
-0.04953629885824	1.47233273210034	106
0.10735283410009	1.020621151012	20
0.12296755585385	0.724105062479207	20
0.11849520029106	0.867635884459367	265
0.10725540997542	1.02084763016626	86
0.01562378491145	1.17045853727708	481
0.02951699138411	1.47051806176672	365
0.12308492955536	0.723963263011774	337
0.11849520029106	0.867635884459367	675
0.00508316875202008	1.02171541089273	675
0.10129571039032	1.17217190386863	121
0.1070511054796	1.02058323614315	74
0.10721829938141	1.02078653749584	147
0.0153130485098401	1.1703798547219	147
-0.0205540583764301	0.88524530962507	147
0.11849520029106	0.867635884459367	552
0.0155402637317701	1.1707123925068	214
0.1230745249301	0.723652906776775	80
0.00499431826276009	1.0219613406848	80
0.0157206565782	1.17050598068434	80
0.00471148745589001	1.02241091253556	20
0.12296755585385	0.724105062479207	20
0.11845704811016	0.867783868580836	20
-0.0491706131182901	1.47193939303082	20
0.10719506184369	1.02084195360638	265
-0.10065267930977	1.18131521817578	74
0.0154099854276	1.17017264819769	74
-0.10640634762055	2.19694293147637	307
0.00471947940608009	1.02247485915243	214
0.0959921374108099	1.3252228583856	813
0.11845704811016	0.867783868580836	20
-0.0705044396924499	1.32499356923095	20
-0.10610128709322	0.474818712797072	588
0.0461047305382201	2.03642287955957	377
0.09592695686681	1.32538210405439	121
0.00488934910851002	1.02221469041217	76
0.10100332484166	1.17281384342028	583
0.02942501945044	1.4705593560294	74
0.10743639904147	1.02057817622063	27
0.02947102216233	1.4706400066119	27
-0.07618458024645	1.9129183851347	813
-0.10672844137063	0.47506664569878	588
-0.10672844137063	0.47506664569878	576
0.11848764839183	0.867711109736061	86
0.02953725743383	1.47044421498804	365
-0.10626224425971	0.474875835650706	26
0.01580415836913	1.17009205934247	76
0.11855638757377	0.867435958813376	462
0.00480845929959006	1.02240393492908	341
-0.0206618083705401	0.885025373031595	341
0.10115118533739	1.17257606466501	147
0.11851827506826	0.867583831883534	329
-0.03418831616653	1.6192281843046	20
0.10715793969175	1.02073155485904	813
-0.0204000637258801	0.885002340015008	576
-0.10719529787251	0.475144061818858	576
-0.10083692672937	1.18239134984024	841
-0.10579670478113	0.474613983393002	26
0.01573399528718	1.17027761559353	675
0.0157206565782	1.17050598068434	76
0.12319197659531	0.723563792790257	648
-0.07941565093715	0.732799399043906	253
-0.0794270748627	0.733061521380134	253
-0.07938572253344	0.733074998982863	552
0.12273845161794	0.724019034618447	232
0.00479241768702998	1.02194211579956	80
0.02389325960464	1.32063782819019	80
-0.10626224425971	0.474875835650706	830
0.10106625927705	1.17278247571731	20
-0.0792611093834199	0.73269315682669	576
0.12308492955536	0.723963263011774	745
-0.0794270748627	0.733061521380134	745
0.11829669312852	0.86755806948783	86
0.0294102373679499	1.47037525469748	365
0.0861022222327501	2.17995094130613	121
-0.10626224425971	0.474875835650706	76
-0.07941565093715	0.732799399043906	648
-0.10672844137063	0.47506664569878	648
-0.07945704925353	0.732853759751035	648
0.12296241001834	0.724067663560919	648
0.12308492955536	0.723963263011774	76
-0.10563614408753	0.474557097061527	253
0.12309015085595	0.723594191723434	462
0.0155536409797099	1.17064414704929	74
-0.07941565093715	0.732799399043906	462
-0.10703354439901	0.475086476038986	232
-0.0793442775898401	0.733020573050618	232
-0.10579670478113	0.474613983393002	530
-0.10579670478113	0.474613983393002	530
-0.07941565093715	0.732799399043906	202
-0.10563614408753	0.474557097061527	329
-0.10672844137063	0.47506664569878	576
-0.05991301031678	2.04874820938851	380
-0.05968906031166	2.04779515607622	380
-0.034183340802	1.61929283945027	380
0.12285548136137	0.72393034465297	648
-0.0206463221114499	0.885370023376595	648
0.0961197904614399	1.32524070829306	583
0.12308492955536	0.723963263011774	462
0.12273341870883	0.724223760675267	462
0.12273341870883	0.724223760675267	232
0.12296241001834	0.724067663560919	530
0.11838831585175	0.867789638280916	731
0.12308492955536	0.723963263011774	731
-0.10533182117744	0.474230709506602	830
-0.07931437217088	0.732704638322614	830
0.02943050164337	1.47063681463646	27
-0.0793442775898401	0.733020573050618	576
0.12296755585385	0.724105062479207	76
0.11855638757377	0.867435958813376	583
0.0046384063381899	1.02235654200607	74
0.0156371507802999	1.1706896552133	74
-0.10656708661147	0.475009288267318	202
-0.07927288054565	0.732650220342582	731
0.12348729957804	0.723028054614847	20
0.0240002247543401	1.32044637753544	20
-0.10563614408753	0.474557097061527	576
0.08858828003159	1.89997162138487	365
-0.0707978402685101	1.3244346032502	841
0.0379613331778199	1.76089399473868	121
-0.07945704925353	0.732853759751035	76
-0.10563614408753	0.474557097061527	584
-0.0204771394577301	0.885153560442061	462
0.12331495369355	0.723641797428308	462
-0.07931437217088	0.732704638322614	341
0.12342570461194	2.04591689810656	600
0.12296755585385	0.724105062479207	329
-0.07938572253344	0.733074998982863	20
-0.10517165583896	0.474174060906171	576
0.12285038561683	0.724193919652426	648
-0.10563614408753	0.474557097061527	584
0.11835774852874	0.867764086305046	462
-0.0118881057076501	1.90362878338778	307
-0.10610128709322	0.474818712797072	232
-0.07949835504126	0.73284027733314	530
-0.07941565093715	0.732799399043906	530
0.12309015085595	0.723594191723434	202
0.12308492955536	0.723963263011774	731
0.00488934910851002	1.02221469041217	20
-0.07938572253344	0.733074998982863	20
-0.10579670478113	0.474613983393002	576
-0.10610128709322	0.474818712797072	576
0.12297271439621	0.7237887552699	20
-0.11886417106788	1.62790332601184	841
-0.07927288054565	0.732650220342582	648
0.11832720761731	0.867688530047492	76
-0.10579670478113	0.474613983393002	584
-0.10610128709322	0.474818712797072	253
-0.07938572253344	0.733074998982863	253
-0.10563614408753	0.474557097061527	253
0.12285038561683	0.724193919652426	253
-0.07927288054565	0.732650220342582	462
-0.0793442775898401	0.733020573050618	530
-0.0206463221114499	0.885370023376595	202
0.12285038561683	0.724193919652426	329
0.0920072950900399	1.47339628636165	324
-0.10563614408753	0.474557097061527	674
-0.10563614408753	0.474557097061527	576
0.02925197936966	1.47099483455648	380
-0.0951947403898801	1.77144964615119	515
-0.10090235712844	1.18231625144187	583
-0.10086367567653	1.18186022537456	462
-0.02056950611993	0.885278385976038	107
-0.0793027399125299	0.732898294853153	80
0.12296241001834	0.724067663560919	530
0.11841142459644	0.867399130843876	530
-0.0207385215307701	0.885116853872745	731
0.0241444231443999	1.32010393190176	214
0.11845704811016	0.867783868580836	329
0.10719506184369	1.02084195360638	27
0.0240630479487001	1.32033982974582	101
-0.10610128709322	0.474818712797072	520
-0.0794683346982801	0.732965002131583	462
0.12272839863459	0.724050372770115	80
-0.10059575035503	1.18172808417882	80
-0.10563614408753	0.474557097061527	530
0.10717182453465	1.02074652768718	214
0.12261665499126	0.724176297801358	295
-0.0794270748627	0.733061521380134	76
-0.0205385953494699	0.884788693072327	583
0.10755701210115	1.02013483694232	462
0.10138058004871	1.17189271265162	307
0.0293440068740001	1.47051920945837	107
0.11838831585175	0.867789638280916	80
0.11828902316591	0.867393921282527	329
0.0156839179807999	1.17039000322975	324
0.0156004032513899	1.17069584688429	813
-0.0343815688535201	1.61966245807691	86
0.0297358634267	1.46951638194094	209
0.09189858976439	1.47534110389057	307
0.01551688452966	1.17077474119754	214
-0.0204000637258801	0.885002340015008	324
-0.07053167862064	1.32506944803707	101
-0.10099453460357	1.18251242155464	462
-0.11888496127407	1.62788484898053	462
-0.07935577109624	0.732691233079291	107
0.10729250680909	1.02071038229888	307
0.01557702194168	1.17075819927854	80
0.01557702194168	1.17075819927854	80
0.00471947940608009	1.02247485915243	530
-0.0494260043000701	1.47253632992075	214
-0.10092907110827	1.18241295811439	20
0.09179740587279	1.47542638322107	20
-0.07918961872126	0.732323078576545	576
0.10745964616196	1.02052276315938	295
0.12297271439621	0.7237887552699	295
-0.0202454415289199	0.884504115044886	314
0.00471148745589001	1.02241091253556	209
-0.07945704925353	0.732853759751035	515
0.0892009144458099	1.76097273219429	121
-0.10108672583712	1.18241341100106	462
0.0239781568725801	1.32059127842871	307
-0.10626224425971	0.474875835650706	107
0.12297271439621	0.7237887552699	80
-0.07061027118199	1.32511225206066	214
-0.07063750941111	1.32518813993376	27
0.12296755585385	0.724105062479207	324
-0.07931437217088	0.732704638322614	20
0.01587757995074	1.16984793589916	20
0.11841890957493	0.867766686637026	295
-0.0794270748627	0.733061521380134	295
-0.10610128709322	0.474818712797072	520
0.0157206565782	1.17050598068434	462
0.12307972089602	0.723978664203291	80
0.01567388580565	1.17045430231733	214
-0.07058615050085	1.32442575604015	80
0.10745021175778	1.01990732548271	214
0.10123288054887	1.17239877212357	685
-0.0207229814768899	0.885399734353617	324
-0.02032283110676	0.884788987516767	324
0.0241037596495499	1.32032608578155	554
-0.10626224425971	0.474875835650706	674
0.02898670345254	1.47064479505024	101
-0.10077156441332	1.18217148426361	295
0.0294102373679499	1.47037525469748	209
-0.09530158632241	1.7719099457178	121
0.00471947940608009	1.02247485915243	583
0.0156839179807999	1.17039000322975	74
0.01545673856718	1.17073840362308	74
0.02404096957266	1.32048473480933	214
0.11845704811016	0.867783868580836	214
0.01557702194168	1.17075819927854	220
0.11846464628139	0.867658783457998	220
0.01569727102284	1.17056832595407	619
-0.10082355811961	1.18222589649286	324
0.00436305030583006	1.02216264619002	324
0.12330163482412	0.723532054881941	324
0.00446014458264998	1.02221061261405	20
0.10742256823522	1.02045612355461	20
0.00435515270761999	1.02209869014028	314
-0.0205849386164001	0.884874460944387	314
0.0918768985505001	1.47510843074253	121
0.11839592677873	0.867781212342318	74
0.02947102216233	1.4706400066119	74
-0.11888496127407	1.62788484898053	307
0.1070511054796	1.02058323614315	214
0.01569727102284	1.17056832595407	220
0.01551688452966	1.17077474119754	27
0.11841142459644	0.867399130843876	399
-0.10075817831556	1.18224018628913	324
0.10739932330645	1.02066115370797	20
0.00481646426906002	1.02226916355506	295
0.03801310104588	1.76095725679747	380
0.0241886264651401	1.31996799713796	86
0.00488934910851002	1.02221469041217	86
0.0157206565782	1.17050598068434	209
0.12307972089602	0.723978664203291	520
-0.07941565093715	0.732799399043906	520
0.10737607859551	1.02071657436321	128
0.10723217028021	1.02075219205701	307
0.10743639904147	1.02057817622063	619
0.10743639904147	1.02057817622063	86
0.10719506184369	1.02084195360638	86
-0.0793027399125299	0.732898294853153	385
0.01567388580565	1.17045430231733	583
0.02385246366216	1.32065141892179	74
-0.10610128709322	0.474818712797072	107
0.12285548136137	0.72393034465297	80
0.11832720761731	0.867688530047492	220
-0.03442733270723	1.61976587171317	214
0.1013398104511	1.17204945201185	27
-0.0207994842964401	0.885358424086186	685
-0.0794683346982801	0.732965002131583	685
-0.0492554866642601	1.47238337761927	20
0.11844952968649	0.86769390868449	324
-0.0795395684214799	0.732743827144696	20
0.02412231463306	1.31991888351565	20
-0.04929853706378	1.47205578250895	20
0.09603378415644	1.32551776029747	86
0.10737607859551	1.02071657436321	314
0.11841890957493	0.867766686637026	314
0.10739932330645	1.02066115370797	314
0.00471947940608009	1.02247485915243	314
0.0293789833470599	1.47024391647809	365
0.0884052195220599	1.89984691438654	121
0.00481646426906002	1.02226916355506	74
-0.10579670478113	0.474613983393002	385
0.01567388580565	1.17045430231733	74
0.10129571039032	1.17217190386863	74
0.10713470452622	1.0207869603234	80
0.12307972089602	0.723978664203291	220
0.0294912784108301	1.47041534369517	214
0.10733899121035	1.02075039593394	220
-0.07931437217088	0.732704638322614	619
-0.10100787997699	1.18244366847572	619
-0.0205540583764301	0.88524530962507	685
0.00507509304988996	1.02185014029931	324
0.00453342195127005	1.02238626711349	324
0.00471947940608009	1.02247485915243	20
0.11847232433058	0.867218322233017	20
-0.0224047701252601	1.76407667373734	86
0.12309015085595	0.723594191723434	385
-0.0206618083705401	0.885025373031595	385
0.09603378415644	1.32551776029747	307
0.10091837983176	1.17279193699477	220
-0.10108672583712	1.18241341100106	220
0.11842647423526	0.867806795163739	399
-0.0793442775898401	0.733020573050618	685
-0.0794270748627	0.733061521380134	685
0.11855638757377	0.867435958813376	20
-0.10100787997699	1.18244366847572	324
-0.10563614408753	0.474557097061527	629
0.03788404421327	1.76102501181566	365
0.10737607859551	1.02071657436321	365
0.10117319562953	1.17229498244905	74
-0.10092907110827	1.18241295811439	385
0.12285038561683	0.724193919652426	583
-0.0704258788644701	1.32471548991879	214
-0.0206618083705401	0.885025373031595	619
-0.10610128709322	0.474818712797072	619
0.10104425036994	1.17277655134832	324
-0.10075817831556	1.18224018628913	324
0.02958320289839	1.47026821300687	554
-0.0705845901392801	1.32515716760403	380
-0.07945704925353	0.732853759751035	314
-0.07927288054565	0.732650220342582	128
0.00497820345901001	1.02203226696656	128
0.00488934910851002	1.02221469041217	385
0.0156839179807999	1.17039000322975	80
0.11852578072579	0.867563171264953	80
-0.0207229814768899	0.885399734353617	220
-0.09541303492745	1.77184786964695	27
-0.0953879767096599	1.77185258711682	27
0.00498626613330999	1.02209610358304	324
-0.11877814865967	1.62748394013773	20
0.10717182453465	1.02074652768718	101
0.10729250680909	1.02071038229888	101
0.10100332484166	1.17281384342028	209
0.10751995975593	1.02033130172564	74
-0.049277607019	1.47254555813649	74
0.0295980395176501	1.46900727754042	74
-0.07927288054565	0.732650220342582	267
-0.10085029924819	1.18232262095185	220
-0.0491116157545399	1.47211553971168	20
-0.0204771394577301	0.885153560442061	295
0.00471947940608009	1.02247485915243	295
-0.0356845590575201	2.31845986414289	365
0.04261413206964	1.89939371355099	365
-0.0793442775898401	0.733020573050618	520
0.0379845999577499	1.76123207386246	121
0.10117002725675	1.17257316998894	80
0.11839592677873	0.867781212342318	220
0.11852578072579	0.867563171264953	214
-0.10610128709322	0.474818712797072	258
-0.10610128709322	0.474818712797072	258
0.02404096957266	1.32048473480933	101
-0.02063082055851	0.885275144897396	295
0.12307972089602	0.723978664203291	86
-0.0223252337891799	1.76404244463161	86
-0.0207994842964401	0.885358424086186	314
0.0958381141585001	1.32585418247166	365
-0.10672844137063	0.47506664569878	26
0.02958320289839	1.47026821300687	74
-0.0492148696884101	1.4724622075108	57
0.11845704811016	0.867783868580836	57
0.11831958394501	0.86746936633199	74
0.11846464628139	0.867658783457998	80
0.11849520029106	0.867635884459367	80
0.00480845929959006	1.02240393492908	214
0.0157206565782	1.17050598068434	214
-0.10610128709322	0.474818712797072	692
0.00489738821276009	1.02227857312988	314
-0.0118936552482301	1.9033700307486	365
-0.07061182671971	1.32502985258489	74
-0.07931437217088	0.732704638322614	107
0.12320250685355	0.723768445088123	80
-0.07941565093715	0.732799399043906	220
0.10744581338411	1.019969794901	27
0.0920214965046	1.47501849248911	27
-0.02199332336451	1.76166989671875	27
-0.10656708661147	0.475009288267318	258
-0.07941565093715	0.732799399043906	258
-0.10563614408753	0.474557097061527	258
-0.10610128709322	0.474818712797072	258
0.11839592677873	0.867781212342318	324
-0.0491521542065001	1.47232348893029	324
-0.04938459983689	1.47234994866712	554
-0.02063082055851	0.885275144897396	295
0.12296755585385	0.724105062479207	295
0.12273341870883	0.724223760675267	86
-0.10626224425971	0.474875835650706	314
-0.10563614408753	0.474557097061527	520
0.10749671021687	1.02038670219003	307
0.00471148745589001	1.02241091253556	80
-0.10610128709322	0.474818712797072	80
-0.10626224425971	0.474875835650706	80
-0.07938572253344	0.733074998982863	80
0.0157807703399999	1.17032926796651	80
-0.11908074362165	1.62824669144379	324
-0.07927288054565	0.732650220342582	692
-0.0793027399125299	0.732898294853153	20
-0.07941565093715	0.732799399043906	520
0.0242919939980499	1.31950346222412	74
0.1011291703025	1.17270439918049	57
0.00463044854541006	1.02249125178531	57
-0.10626224425971	0.474875835650706	80
-0.02056950611993	0.885278385976038	80
0.10743639904147	1.02057817622063	214
0.12330163482412	0.723532054881941	220
0.00472746078908992	1.02234010991608	220
0.11841890957493	0.867766686637026	220
0.10125492207173	1.17240463951953	619
-0.07927288054565	0.732650220342582	324
-0.0205540583764301	0.88524530962507	209
0.0920503714415699	1.47485929506852	365
0.12285038561683	0.724193919652426	520
0.04571576874203	2.03661180110788	121
0.10127695885454	1.17227631918769	74
-0.07927288054565	0.732650220342582	267
0.11853336613096	0.867221021748422	80
0.10737607859551	1.02071657436321	220
-0.0794270748627	0.733061521380134	220
-0.10085029924819	1.18232262095185	220
0.02943050164337	1.47063681463646	27
0.0378789318697299	1.76097626119653	27
-0.10083692672937	1.18239134984024	20
-0.07047719876855	1.32471617945953	101
0.10719506184369	1.02084195360638	101
0.0241886264651401	1.31996799713796	86
0.00472746078908992	1.02234010991608	86
0.10747346088489	1.02029134824388	86
0.11843411870824	0.86763319064665	209
0.04603520732369	2.03682832740935	121
0.11841890957493	0.867766686637026	27
0.09189858976439	1.47534110389057	27
-0.11912530275374	1.62826788851375	101
0.12331495369355	0.723641797428308	86
0.11846464628139	0.867658783457998	57
-0.10091571216432	1.1824817039579	74
0.11848764839183	0.867711109736061	80
0.0959685826836001	1.32567709844915	80
-0.0205540583764301	0.88524530962507	220
-0.10091571216432	1.1824817039579	220
0.00499431826276009	1.0219613406848	220
-0.0208914783869001	0.8851051120351	220
0.0238745105678899	1.32050656174933	816
0.11833491116542	0.867575115414988	27
-0.02033811762487	0.884629200026325	295
-0.0492554866642601	1.47238337761927	86
0.12295727694134	0.723683093678629	86
0.00507509304988996	1.02185014029931	516
0.02387119307832	1.32045260192769	74
0.1075432095043	1.02012638028614	74
-0.10579670478113	0.474613983393002	267
0.0239560844228299	1.32058227347366	307
0.0158642656429699	1.16985500556109	220
-0.0706631985450501	1.32508644215251	324
-0.0490673098265599	1.47196552379937	324
-0.0793442775898401	0.733020573050618	258
0.10737607859551	1.02071657436321	20
0.0961197904614399	1.32524070829306	20
0.09183367543393	1.47502134564341	842
-0.0207074260831399	0.885233973269698	20
0.12295727694134	0.723683093678629	811
0.12319723541074	0.723836733698945	811
-0.10091571216432	1.1824817039579	101
0.12284530264367	0.724097661397232	86
0.0239185906730499	1.31950984029936	28
-0.07945704925353	0.732853759751035	520
-0.034183340802	1.61929283945027	74
-0.0206463221114499	0.885370023376595	816
-0.0704515355770099	1.32484752767539	554
-0.0794683346982801	0.732965002131583	20
0.02925197936966	1.47099483455648	20
0.10119205790498	1.17257905901325	20
-0.10579670478113	0.474613983393002	397
0.00472746078908992	1.02234010991608	101
-0.11886417106788	1.62790332601184	86
-0.02069185531387	0.88461193209408	86
-0.0207229814768899	0.885399734353617	86
-0.00259114823221007	2.04013756433015	209
0.10098132680071	1.17280790498688	516
-0.07050601215449	1.32479611255655	57
-0.11897098368429	1.62782249890285	307
0.0238491219860999	1.31990591381553	220
0.10735283410009	1.020621151012	220
-0.0203075294492301	0.884515695384717	220
0.00471947940608009	1.02247485915243	20
0.00462248017836009	1.0224272869465	20
0.11850283200348	0.867243890221472	811
0.0154199590954101	1.17058414688752	101
0.10127695885454	1.17227631918769	86
0.0899301478082299	1.62046088950234	365
0.10725540997542	1.02084763016626	74
-0.10092907110827	1.18241295811439	74
0.11847232433058	0.867218322233017	74
-0.0208150781758101	0.885146462492235	80
0.11849520029106	0.867635884459367	80
0.12296241001834	0.724067663560919	220
0.1225050014552	0.724001242650154	220
0.11838831585175	0.867789638280916	816
0.12308492955536	0.723963263011774	816
0.12295727694134	0.723683093678629	324
-0.07938572253344	0.733074998982863	324
0.12296755585385	0.724105062479207	324
-0.11899469164179	1.62820375326601	554
0.0424581301976199	1.89929244392175	20
0.10745964616196	1.02052276315938	86
0.12320250685355	0.723768445088123	514
0.00498626613330999	1.02209610358304	220
0.0154801156719999	1.17067606353664	324
-0.10099453460357	1.18251242155464	86
-0.0206618083705401	0.885025373031595	514
-0.0705589155558599	1.32494214197076	121
-0.07061027118199	1.32511225206066	74
-0.02041540395048	0.884913999923827	107
-0.10098119313702	1.1823469892879	307
0.00480845929959006	1.02240393492908	220
0.12307972089602	0.723978664203291	220
0.10100332484166	1.17281384342028	27
-0.0207229814768899	0.885399734353617	324
-0.10517165583896	0.474174060906171	324
0.00498626613330999	1.02209610358304	20
-0.0706647456406999	1.32506083168626	101
0.12273341870883	0.724223760675267	295
0.00497820345901001	1.02203226696656	295
0.0459309413553599	2.03706935194522	365
-0.0792908996241799	0.732090218105419	520
0.12261665499126	0.724176297801358	514
0.10711146959386	1.02069156014116	121
0.01566053420781	1.17062730393621	74
0.02929800982722	1.47087432780868	74
0.10717182453465	1.02074652768718	107
-0.0204617302546	0.88475871812798	7
0.12262162502917	0.724048758565795	220
-0.0703970510297001	1.32391406424971	220
-0.07053167862064	1.32506944803707	816
0.10123288054887	1.17239877212357	816
0.10117002725675	1.17257316998894	324
-0.0793442775898401	0.733020573050618	324
-0.0204000637258801	0.885002340015008	20
0.00471148745589001	1.02241091253556	101
0.12308492955536	0.723963263011774	520
0.10745964616196	1.02052276315938	74
-0.0206618083705401	0.885025373031595	57
-0.11882260540108	1.62732653000381	107
-0.10610128709322	0.474818712797072	7
-0.07945704925353	0.732853759751035	80
0.00462248017836009	1.0224272869465	816
-0.10563614408753	0.474557097061527	490
0.11835774852874	0.867764086305046	20
0.10094036700969	1.17279788706179	20
0.12319723541074	0.723836733698945	20
0.11842647423526	0.867806795163739	101
-0.07058303095055	1.32483484241424	101
0.12331495369355	0.723641797428308	86
-0.10533182117744	0.474230709506602	26
-0.10579670478113	0.474613983393002	26
-0.07938572253344	0.733074998982863	335
0.10125492207173	1.17240463951953	74
0.02935874395706	1.47065289363566	74
-0.10610128709322	0.474818712797072	7
0.00480845929959006	1.02240393492908	220
0.12285038561683	0.724193919652426	220
0.12319723541074	0.723836733698945	324
-0.10083692672937	1.18239134984024	20
0.12307972089602	0.723978664203291	419
0.11838831585175	0.867789638280916	528
-0.0794270748627	0.733061521380134	520
-0.10533182117744	0.474230709506602	520
-0.10083692672937	1.18239134984024	74
0.00480044377019007	1.02234001569233	57
0.12331495369355	0.723641797428308	7
-0.10533182117744	0.474230709506602	7
0.12261665499126	0.724176297801358	264
0.10138058004871	1.17189271265162	80
0.10745964616196	1.02052276315938	220
0.10721829938141	1.02078653749584	220
0.10737607859551	1.02071657436321	27
0.12296755585385	0.724105062479207	324
0.00454136673165007	1.0224502405297	20
0.10715793969175	1.02073155485904	20
0.11853336613096	0.867221021748422	101
-0.0793027399125299	0.732898294853153	295
-0.02056950611993	0.885278385976038	86
0.10102531814023	1.17268553875547	74
0.0239185906730499	1.31950984029936	201
0.12309015085595	0.723594191723434	80
0.0336392272444901	1.6177964502204	27
-0.10563614408753	0.474557097061527	490
0.12285548136137	0.72393034465297	490
0.12273845161794	0.724019034618447	20
0.10739932330645	1.02066115370797	20
-0.02038470831303	0.884666905678582	419
-0.10579670478113	0.474613983393002	419
-0.10672844137063	0.47506664569878	397
0.10136185337109	1.1717685266058	101
-0.10085029924819	1.18232262095185	86
0.0838205127010501	2.46638395254288	316
-0.10626224425971	0.474875835650706	335
-0.02038470831303	0.884666905678582	74
-0.0794270748627	0.733061521380134	7
0.12307972089602	0.723978664203291	80
-0.07938572253344	0.733074998982863	264
-0.10719529787251	0.475144061818858	497
0.11849520029106	0.867635884459367	528
0.00471947940608009	1.02247485915243	86
-0.10533182117744	0.474230709506602	335
-0.10059575035503	1.18172808417882	220
0.10727864989484	1.02079220806414	27
-0.10579670478113	0.474613983393002	490
-0.10610128709322	0.474818712797072	335
0.11838831585175	0.867789638280916	514
0.00480044377019007	1.02234001569233	74
-0.10610128709322	0.474818712797072	7
0.10123288054887	1.17239877212357	220
-0.04917429922992	1.4723113078035	307
-0.0221952273581501	1.76349554712023	27
0.10751995975593	1.02033130172564	101
-0.0793442775898401	0.733020573050618	37
-0.10579670478113	0.474613983393002	335
-0.10672844137063	0.47506664569878	335
0.11828902316591	0.867393921282527	514
-0.0792611093834199	0.73269315682669	264
0.10087738579486	1.17273272582273	80
-0.0705044396924499	1.32499356923095	27
-0.0340308837874299	1.6188544978151	27
-0.10672844137063	0.47506664569878	490
-0.10656708661147	0.475009288267318	490
-0.10563614408753	0.474557097061527	490
-0.0705301109869201	1.32480386849696	20
-0.02078387503192	0.885097812149195	419
-0.0794683346982801	0.732965002131583	20
0.01566053420781	1.17062730393621	86
-0.0206463221114499	0.885370023376595	365
0.04839174084179	2.17512321038809	316
0.0918768985505001	1.47510843074253	316
0.12320250685355	0.723768445088123	57
0.10731574889979	1.02080581954915	57
-0.10610128709322	0.474818712797072	7
-0.0206463221114499	0.885370023376595	207
0.11845704811016	0.867783868580836	220
0.00471947940608009	1.02247485915243	27
-0.10626224425971	0.474875835650706	490
-0.10083692672937	1.18239134984024	20
0.12319723541074	0.723836733698945	419
-0.0794270748627	0.733061521380134	295
0.0239560844228299	1.32058227347366	86
-0.07935577109624	0.732691233079291	520
0.12348267841512	2.04576753959341	728
-0.10626224425971	0.474875835650706	57
-0.10610128709322	0.474818712797072	7
0.11842647423526	0.867806795163739	207
0.10741315213225	1.02048278027836	220
-0.0793027399125299	0.732898294853153	220
0.10106309675524	1.17206399732265	324
-0.0206618083705401	0.885025373031595	679
-0.0204000637258801	0.885002340015008	20
0.10121408381245	1.17245072591068	20
0.00498626613330999	1.02209610358304	616
0.11852578072579	0.867563171264953	57
0.12308492955536	0.723963263011774	80
-0.07945704925353	0.732853759751035	220
-0.11895019939863	1.62806497097258	27
-0.10626224425971	0.474875835650706	490
-0.10656708661147	0.475009288267318	679
-0.0207074260831399	0.885233973269698	37
-0.10656708661147	0.475009288267318	26
-0.10672844137063	0.47506664569878	26
0.02401888662853	1.32047574805381	74
-0.10100787997699	1.18244366847572	220
-0.10563614408753	0.474557097061527	493
-0.0792312961016299	0.732528030362833	490
-0.10579670478113	0.474613983393002	490
-0.0793325762403701	0.732472307546603	679
-0.10085029924819	1.18232262095185	20
0.11842647423526	0.867806795163739	20
-0.10579670478113	0.474613983393002	419
0.00489738821276009	1.02227857312988	20
-0.10626224425971	0.474875835650706	295
0.12319197659531	0.723563792790257	295
-0.10085029924819	1.18232262095185	86
0.11838078467204	0.867471882192457	86
-0.10563614408753	0.474557097061527	57
0.0959449452888701	1.32551820693131	201
-0.10517165583896	0.474174060906171	7
-0.0794270748627	0.733061521380134	264
-0.0705573515625999	1.32508128150296	27
-0.02041540395048	0.884913999923827	27
0.00514763883259994	1.02106673809957	20
0.10751995975593	1.02033130172564	295
-0.10563614408753	0.474557097061527	295
-0.10579670478113	0.474613983393002	37
-0.07939707744189	0.732594884382895	616
0.11844184312318	0.867142819215901	616
0.0918696993893	1.47550041384363	316
-0.10656708661147	0.475009288267318	26
-0.10610128709322	0.474818712797072	335
0.02385246366216	1.32065141892179	57
-0.10672844137063	0.47506664569878	7
-0.02063082055851	0.885275144897396	207
0.10719506184369	1.02084195360638	220
0.11848764839183	0.867711109736061	220
-0.07945704925353	0.732853759751035	490
-0.08898507878126	2.32978822092832	652
-0.10626224425971	0.474875835650706	26
-0.10517165583896	0.474174060906171	335
0.0426581471993399	1.89915782485476	121
-0.00262560397979006	2.04026948856629	121
0.12319723541074	0.723836733698945	57
0.11851827506826	0.867583831883534	264
0.10748289349599	1.02031777514858	220
0.00481646426906002	1.02226916355506	220
0.0046384063381899	1.02235654200607	220
0.00508316875202008	1.02171541089273	220
-0.0794382913293501	0.732320836210408	679
0.11851084902579	0.8673744406205	101
-0.10563614408753	0.474557097061527	812
-0.10626224425971	0.474875835650706	26
0.0890481963416701	1.76154619267531	121
-0.09492677233581	1.77032260145737	74
0.11852578072579	0.867563171264953	57
0.02918568504532	1.47098773467667	201
0.11858702082281	0.867243874914386	207
0.00489738821276009	1.02227857312988	264
0.12307972089602	0.723978664203291	264
0.10737607859551	1.02071657436321	493
-0.07931437217088	0.732704638322614	490
0.11839592677873	0.867781212342318	282
-0.10719529787251	0.475144061818858	37
-0.0749536681824501	2.4631511846807	365
-0.0204000637258801	0.885002340015008	443
0.04254225786488	1.89947711848066	121
-0.02213711228394	1.7629452519491	134
0.03375442764409	1.61765651077159	134
-0.07071767231333	1.32503504052351	749
0.10115118533739	1.17257606466501	282
0.02925197936966	1.47099483455648	86
-0.10563614408753	0.474557097061527	335
-0.10102122925792	1.18198123970337	121
0.10715793969175	1.02073155485904	74
0.0958381141585001	1.32585418247166	74
0.00488129945804006	1.0218168813678	207
-0.0950379844831599	1.77116715156011	27
0.0425941034677899	1.89936286917108	27
0.10732513041581	1.02010078601796	134
0.03358124841771	1.61829986460773	269
0.10725540997542	1.02084763016626	282
0.0959033593426799	1.32578895827275	207
0.12308492955536	0.723963263011774	207
0.10104425036994	1.17277655134832	307
0.09588255925981	1.32572336584658	307
0.10755701210115	1.02013483694232	799
-0.0204771394577301	0.885153560442061	27
0.10117319562953	1.17229498244905	134
0.02404096957266	1.32048473480933	282
0.11591973301496	2.33326693709026	311
-0.0205540583764301	0.88524530962507	74
-0.10092907110827	1.18241295811439	74
-0.10090235712844	1.18231625144187	74
0.10104425036994	1.17277655134832	201
0.12319723541074	0.723836733698945	307
-0.02041540395048	0.884913999923827	27
0.09564224779906	1.32576544329526	269
0.0382630680429801	1.76016665000086	121
0.09598938847809	1.3256086785678	121
-0.0705573515625999	1.32508128150296	2
0.10092132420093	1.17232357622698	207
-0.02056950611993	0.885278385976038	220
-0.07061027118199	1.32511225206066	220
-0.0794270748627	0.733061521380134	749
0.10737607859551	1.02071657436321	282
-0.10092907110827	1.18241295811439	443
-0.0793442775898401	0.733020573050618	443
0.11838831585175	0.867789638280916	443
-0.0224475883689501	1.76437224062635	307
-0.0762846064168501	1.91274496478358	307
-0.0707433711921901	1.32507805787354	307
0.10717182453465	1.02074652768718	27
0.0155536409797099	1.17064414704929	27
-0.10061251464937	1.18118343842724	134
0.10111026286419	1.17237307012783	134
0.0957728471561701	1.32587275256703	134
0.10748289349599	1.02031777514858	749
-0.0206463221114499	0.885370023376595	282
-0.11890575639509	1.62764243878299	652
-0.10626224425971	0.474875835650706	26
0.08989157960579	1.62058931546654	121
-0.07053167862064	1.32506944803707	2
0.0157206565782	1.17050598068434	307
0.00516386895203991	1.02152761629074	134
0.10730189004086	1.02058716072578	269
-0.0463561945765401	2.18315597754969	653
-0.11916991098837	1.62803359356092	86
0.00488934910851002	1.02221469041217	220
0.0293182571997299	1.47095140452915	27
-0.10083692672937	1.18239134984024	134
0.0155402637317701	1.1707123925068	134
0.01566053420781	1.17062730393621	20
0.12273341870883	0.724223760675267	749
0.01561376769572	1.17057560991048	749
0.0426102359785601	1.89926174399668	201
-0.10533182117744	0.474230709506602	342
-0.07938572253344	0.733074998982863	233
-0.0206463221114499	0.885370023376595	397
-0.0792312961016299	0.732528030362833	282
0.0153965840774399	1.17064647321519	282
0.0890481963416701	1.76154619267531	311
0.12296755585385	0.724105062479207	222
-0.0704515355770099	1.32484752767539	2
0.00462248017836009	1.0224272869465	162
-0.02032283110676	0.884788987516767	300
-0.07068889409102	1.32472486087539	300
0.09594777214655	1.32561153028409	27
-0.02049253342463	0.885127265289124	233
-0.10610128709322	0.474818712797072	228
-0.10610128709322	0.474818712797072	228
-0.07941565093715	0.732799399043906	173
-0.0204771394577301	0.885153560442061	134
-0.07044995584618	1.32405993438515	134
0.12273341870883	0.724223760675267	142
-0.0204307290241099	0.884376983986302	405
-0.10610128709322	0.474818712797072	228
-0.0794270748627	0.733061521380134	183
-0.0792193858858199	0.732310710939257	342
0.12296241001834	0.724067663560919	300
0.12320250685355	0.723768445088123	300
0.11841890957493	0.867766686637026	220
0.0957936216239701	1.32580438195431	27
-0.0207385215307701	0.885116853872745	173
-0.04936248080998	1.47256183805511	134
-0.07938572253344	0.733074998982863	228
-0.10579670478113	0.474613983393002	228
-0.0793442775898401	0.733020573050618	282
0.10100332484166	1.17281384342028	86
-0.10066607116929	1.18185879535167	86
-0.0206618083705401	0.885025373031595	374
-0.10579670478113	0.474613983393002	26
-0.10610128709322	0.474818712797072	222
-0.10610128709322	0.474818712797072	222
-0.07931437217088	0.732704638322614	162
0.11844209087848	0.86727191766947	162
-0.07939707744189	0.732594884382895	162
-0.0793442775898401	0.733020573050618	342
-0.10656708661147	0.475009288267318	767
-0.10656708661147	0.475009288267318	458
-0.07938572253344	0.733074998982863	458
-0.10579670478113	0.474613983393002	228
-0.10094243396079	1.18195051659866	134
0.11859451370419	0.867021333043542	142
-0.10579670478113	0.474613983393002	397
0.11848764839183	0.867711109736061	405
-0.07941565093715	0.732799399043906	405
0.10727864989484	1.02079220806414	652
0.10711146959386	1.02069156014116	374
-0.10656708661147	0.475009288267318	222
0.12273341870883	0.724223760675267	222
0.12308492955536	0.723963263011774	207
-0.10610128709322	0.474818712797072	183
-0.10610128709322	0.474818712797072	342
0.11848764839183	0.867711109736061	27
-0.0205540583764301	0.88524530962507	233
-0.07949835504126	0.73284027733314	228
0.12296241001834	0.724067663560919	173
0.0296237465973701	1.46996979126343	405
-0.0749080468990999	2.46300541266466	282
-0.10610128709322	0.474818712797072	26
-0.03440699135922	1.61968520056855	587
-0.0704258788644701	1.32471548991879	2
-0.0793442775898401	0.733020573050618	183
-0.10099453460357	1.18251242155464	711
-0.0704787748606	1.32492339350812	711
-0.10563614408753	0.474557097061527	228
-0.10579670478113	0.474613983393002	228
-0.10656708661147	0.475009288267318	397
-0.02041540395048	0.884913999923827	405
-0.0495121288420399	1.47224272004538	374
-0.11923528379063	1.62791412650095	650
0.12296755585385	0.724105062479207	162
0.11839592677873	0.867781212342318	162
-0.10563614408753	0.474557097061527	183
0.11835017111758	0.867494853538219	342
0.11841890957493	0.867766686637026	767
0.02943050164337	1.47063681463646	220
0.0157106082584999	1.16982600019398	233
0.0241444231443999	1.32010393190176	27
-0.10719529787251	0.475144061818858	228
-0.0792611093834199	0.73269315682669	228
0.12273845161794	0.724019034618447	142
-0.07941565093715	0.732799399043906	228
0.01545673856718	1.17073840362308	2
0.0239560844228299	1.32058227347366	2
-0.07935577109624	0.732691233079291	222
0.11835774852874	0.867764086305046	220
-0.10610128709322	0.474818712797072	458
0.02958320289839	1.47026821300687	27
-0.10563614408753	0.474557097061527	129
-0.10579670478113	0.474613983393002	228
0.12285038561683	0.724193919652426	142
-0.0204771394577301	0.885153560442061	397
0.11839592677873	0.867781212342318	405
0.10100021833543	1.1721419923355	245
-0.10579670478113	0.474613983393002	183
0.0155536409797099	1.17064414704929	307
0.11836540575182	0.867705619289095	307
-0.10579670478113	0.474613983393002	342
-0.10579670478113	0.474613983393002	342
-0.07941565093715	0.732799399043906	307
0.0240630479487001	1.32033982974582	307
-0.10672844137063	0.47506664569878	787
0.02405956819773	1.32013199691728	220
-0.10626224425971	0.474875835650706	245
-0.0204000637258801	0.885002340015008	245
-0.0206618083705401	0.885025373031595	374
-0.0793442775898401	0.733020573050618	251
0.10741315213225	1.02048278027836	2
0.11848017617428	0.867566618244343	2
0.12296241001834	0.724067663560919	162
-0.07938572253344	0.733074998982863	162
-0.10563614408753	0.474557097061527	129
0.10731574889979	1.02080581954915	307
0.00463044854541006	1.02249125178531	711
-0.07935577109624	0.732691233079291	173
-0.07938572253344	0.733074998982863	173
-0.0207385215307701	0.885116853872745	134
0.118266205073	0.867362015215146	134
-0.0206618083705401	0.885025373031595	228
-0.0204771394577301	0.885153560442061	142
-0.10610128709322	0.474818712797072	228
0.12297271439621	0.7237887552699	251
-0.0204617302546	0.88475871812798	251
0.00490541676450995	1.02214379691749	2
-0.10626224425971	0.474875835650706	767
-0.0205849386164001	0.884874460944387	233
-0.0204000637258801	0.885002340015008	233
-0.07931437217088	0.732704638322614	233
-0.10610128709322	0.474818712797072	173
-0.10563614408753	0.474557097061527	173
0.12340819259134	0.72324520596923	173
-0.10626224425971	0.474875835650706	228
0.11843411870824	0.86763319064665	405
0.11845704811016	0.867783868580836	405
-0.10610128709322	0.474818712797072	228
-0.10626224425971	0.474875835650706	26
-0.07939707744189	0.732594884382895	162
-0.10610128709322	0.474818712797072	183
-0.0207229814768899	0.885399734353617	767
-0.10610128709322	0.474818712797072	458
-0.0207229814768899	0.885399734353617	233
-0.10656708661147	0.475009288267318	233
-0.07939707744189	0.732594884382895	228
-0.10533182117744	0.474230709506602	245
-0.10563614408753	0.474557097061527	245
0.12285038561683	0.724193919652426	245
-0.10626224425971	0.474875835650706	245
-0.10563614408753	0.474557097061527	26
-0.10656708661147	0.475009288267318	26
-0.07941565093715	0.732799399043906	251
-0.10626224425971	0.474875835650706	26
0.00481646426906002	1.02226916355506	2
-0.0794270748627	0.733061521380134	2
-0.10656708661147	0.475009288267318	129
-0.0793442775898401	0.733020573050618	162
-0.10656708661147	0.475009288267318	183
-0.10703354439901	0.475086476038986	183
-0.0204771394577301	0.885153560442061	162
-0.10563614408753	0.474557097061527	342
-0.10579670478113	0.474613983393002	767
-0.10672844137063	0.47506664569878	787
-0.07938572253344	0.733074998982863	711
-0.10656708661147	0.475009288267318	233
0.12308492955536	0.723963263011774	233
-0.10610128709322	0.474818712797072	228
-0.10610128709322	0.474818712797072	142
-0.10610128709322	0.474818712797072	397
-0.10626224425971	0.474875835650706	228
-0.10626224425971	0.474875835650706	228
-0.07927288054565	0.732650220342582	245
-0.10610128709322	0.474818712797072	26
0.11842647423526	0.867806795163739	2
0.11854892812711	0.867391659084884	2
-0.02023019359023	0.884302429720813	222
-0.10626224425971	0.474875835650706	342
-0.0206618083705401	0.885025373031595	767
-0.10059575035503	1.18172808417882	711
0.10731574889979	1.02080581954915	711
-0.10626224425971	0.474875835650706	173
-0.10579670478113	0.474613983393002	173
-0.07938572253344	0.733074998982863	173
0.11847232433058	0.867218322233017	173
-0.0795395684214799	0.732743827144696	228
-0.0204617302546	0.88475871812798	245
0.12331495369355	0.723641797428308	251
-0.0793442775898401	0.733020573050618	251
0.12285548136137	0.72393034465297	251
-0.10672844137063	0.47506664569878	222
-0.10626224425971	0.474875835650706	222
-0.10563614408753	0.474557097061527	222
-0.10626224425971	0.474875835650706	183
-0.10579670478113	0.474613983393002	787
-0.10626224425971	0.474875835650706	787
-0.10579670478113	0.474613983393002	233
-0.10610128709322	0.474818712797072	173
-0.10579670478113	0.474613983393002	397
-0.10626224425971	0.474875835650706	397
-0.10610128709322	0.474818712797072	397
-0.10626224425971	0.474875835650706	228
0.0957936216239701	1.32580438195431	88
-0.10563614408753	0.474557097061527	183
0.12330963206982	0.723421814438265	183
-0.07931437217088	0.732704638322614	342
-0.0793741599722999	0.732677246408085	342
0.01569727102284	1.17056832595407	233
-0.10610128709322	0.474818712797072	228
0.04573340564419	2.03657766816542	140
-0.02063082055851	0.885275144897396	139
-0.10626224425971	0.474875835650706	228
0.0239340074060701	1.32039706212288	88
0.11851827506826	0.867583831883534	88
-0.02063082055851	0.885275144897396	88
-0.10703354439901	0.475086476038986	183
-0.07927288054565	0.732650220342582	342
-0.10610128709322	0.474818712797072	342
0.12307972089602	0.723978664203291	767
0.00480044377019007	1.02234001569233	767
-0.0206463221114499	0.885370023376595	233
-0.10043604302362	1.1802763393482	233
0.08615909312343	2.17982076835739	642
-0.0794270748627	0.733061521380134	26
-0.02049253342463	0.885127265289124	88
-0.0793442775898401	0.733020573050618	88
-0.10610128709322	0.474818712797072	183
0.01557702194168	1.17075819927854	183
-0.10579670478113	0.474613983393002	129
-0.10517165583896	0.474174060906171	183
-0.10610128709322	0.474818712797072	183
0.12309015085595	0.723594191723434	233
-0.0794270748627	0.733061521380134	173
0.12331495369355	0.723641797428308	173
0.10115118533739	1.17257606466501	110
-0.07935577109624	0.732691233079291	139
-0.10579670478113	0.474613983393002	139
0.09588255925981	1.32572336584658	753
-0.10563614408753	0.474557097061527	26
0.00488934910851002	1.02221469041217	88
0.0241444231443999	1.32010393190176	41
0.12296241001834	0.724067663560919	342
-0.0206618083705401	0.885025373031595	767
-0.10656708661147	0.475009288267318	767
-0.10610128709322	0.474818712797072	142
-0.02049253342463	0.885127265289124	222
0.09199977678286	1.47506866565603	88
-0.10626224425971	0.474875835650706	183
0.11835774852874	0.867764086305046	313
0.10741315213225	1.02048278027836	142
-0.04632508325103	2.18341468080174	259
-0.07931437217088	0.732704638322614	251
-0.10092907110827	1.18241295811439	88
0.12273341870883	0.724223760675267	446
-0.07938572253344	0.733074998982863	183
-0.07945704925353	0.732853759751035	342
0.11845704811016	0.867783868580836	313
0.0959033593426799	1.32578895827275	313
0.10100332484166	1.17281384342028	313
-0.0205540583764301	0.88524530962507	173
-0.10563614408753	0.474557097061527	173
0.10106625927705	1.17278247571731	176
-0.0793442775898401	0.733020573050618	251
-0.0794270748627	0.733061521380134	88
0.12296755585385	0.724105062479207	88
-0.0204000637258801	0.885002340015008	88
0.10725540997542	1.02084763016626	88
0.11846464628139	0.867658783457998	88
-0.07945704925353	0.732853759751035	446
-0.0794270748627	0.733061521380134	446
0.12285038561683	0.724193919652426	41
-0.10533182117744	0.474230709506602	342
0.11848764839183	0.867711109736061	767
-0.07931437217088	0.732704638322614	767
-0.10563614408753	0.474557097061527	173
-0.0794683346982801	0.732965002131583	173
-0.10656708661147	0.475009288267318	176
-0.11903923307201	1.6280881315577	259
-0.10626224425971	0.474875835650706	26
-0.02016789492353	0.884123175266073	88
0.0154801156719999	1.17067606353664	88
-0.10563614408753	0.474557097061527	183
-0.10517165583896	0.474174060906171	183
0.12296241001834	0.724067663560919	313
0.11845704811016	0.867783868580836	767
-0.0794270748627	0.733061521380134	767
0.12319723541074	0.723836733698945	767
-0.10626224425971	0.474875835650706	767
-0.10066607116929	1.18185879535167	233
-0.10579670478113	0.474613983393002	228
0.12273845161794	0.724019034618447	173
-0.0205079121921401	0.884661458500863	139
0.12285038561683	0.724193919652426	245
-0.07608960823279	1.91241634192204	156
-0.03429511964818	1.61968089291607	499
0.12296241001834	0.724067663560919	233
-0.0493192089180401	1.4724136925159	834
-0.07061182671971	1.32502985258489	140
-0.11899469164179	1.62820375326601	140
0.0290473238862401	1.46993815146112	63
0.0883078266367701	1.90007014558129	230
-0.0890164843402099	2.32969866686773	156
0.00472746078908992	1.02234010991608	156
-0.0203075294492301	0.884515695384717	387
-0.07931437217088	0.732704638322614	26
0.0875669920445501	2.03823452390144	302
-0.0793442775898401	0.733020573050618	257
0.0336823166759901	1.61806652108899	156
0.09562148943943	1.32569982814967	140
0.02412584852383	1.32018118860644	257
0.12285038561683	0.724193919652426	257
0.0424542027625401	1.89952016969778	156
-0.07061027118199	1.32511225206066	156
0.08913987208424	1.76134604918909	499
0.11843411870824	0.86763319064665	233
0.09192029766526	1.47538796993255	156
0.0886164356577399	1.89914202495709	499
0.10117002725675	1.17257316998894	233
0.0838247041887801	2.46661979900187	63
-0.10563614408753	0.474557097061527	26
0.0425662075889	1.89949767160702	248
0.08909230537179	1.76158966026289	230
0.11842647423526	0.867806795163739	238
0.00507509304988996	1.02185014029931	238
0.11849520029106	0.867635884459367	127
0.11846464628139	0.867658783457998	233
0.0293845185013499	1.47085787728493	219
-0.02049253342463	0.885127265289124	219
-0.0793027399125299	0.732898294853153	198
0.11842647423526	0.867806795163739	263
0.00480845929959006	1.02240393492908	63
-0.0950629136430201	1.77107997419587	197
-0.10656708661147	0.475009288267318	26
0.0960546004115801	1.32544933238086	604
0.11846464628139	0.867658783457998	238
0.0961432794472299	1.32498279002544	127
0.11838078467204	0.867471882192457	233
-0.07938572253344	0.733074998982863	233
0.11842647423526	0.867806795163739	834
0.0239781568725801	1.32059127842871	834
-0.07941565093715	0.732799399043906	429
0.0957520679539301	1.32580713370107	480
0.11844952968649	0.86769390868449	238
-0.10102122925792	1.18198123970337	127
0.0379561839674201	1.76115018968473	110
-0.0488611008620199	1.4706642945045	140
0.00455722454315	1.02185997008411	263
-0.10091571216432	1.1824817039579	197
-0.0205385953494699	0.884788693072327	387
0.12308492955536	0.723963263011774	429
0.0239373789556701	1.32050196369301	238
0.10121408381245	1.17245072591068	127
-0.0205540583764301	0.88524530962507	219
0.0876299544764201	2.03848303329226	140
-0.10070082312504	1.18148574248685	263
-0.0208914783869001	0.8851051120351	197
0.1230745249301	0.723652906776775	578
0.01569727102284	1.17056832595407	127
-0.04913001358459	1.47216129983	127
0.08837056774971	1.89990305916614	127
-0.0705573515625999	1.32508128150296	127
0.0919637633181101	1.47493841770156	110
0.0293385019088099	1.4708775694154	197
-0.07069043643063	1.32516232626876	786
0.08922807764506	1.761033870185	84
-0.07945704925353	0.732853759751035	198
0.02915981862219	1.47063044471238	84
0.00480845929959006	1.02240393492908	578
0.01551688452966	1.17077474119754	238
0.0459687690895001	2.03690734124596	84
-0.10069245838201	1.18195495046559	238
-0.02056950611993	0.885278385976038	219
-0.07931437217088	0.732704638322614	219
0.12331495369355	0.723641797428308	263
0.0899687246385901	1.62020116312627	63
-0.0705044396924499	1.32499356923095	63
0.12273845161794	0.724019034618447	197
0.11851827506826	0.867583831883534	197
0.10739932330645	1.02066115370797	541
0.08972956199003	1.62092587423672	834
-0.0204000637258801	0.885002340015008	263
-0.0207385215307701	0.885116853872745	578
-0.0207229814768899	0.885399734353617	541
0.09592695686681	1.32538210405439	834
0.0957728471561701	1.32587275256703	834
-0.0207229814768899	0.885399734353617	219
0.12285038561683	0.724193919652426	263
0.12284530264367	0.724097661397232	197
-0.10077156441332	1.18217148426361	541
0.0102991579591301	2.31349104570108	370
0.03812381833709	1.76100346595945	370
-0.04934399448142	1.47169998220712	786
-0.01190668796067	1.90417902124146	230
-0.07061182671971	1.32502985258489	578
0.0960309858402	1.32504035688085	238
0.08972956199003	1.62092587423672	127
-0.10081019341843	1.18168206483099	263
0.12307972089602	0.723978664203291	16
-0.0793442775898401	0.733020573050618	68
0.12319197659531	0.723563792790257	213
0.10721829938141	1.02078653749584	213
0.09176850517098	1.47558571874258	84
0.0873278706351599	2.03855272237045	110
0.02383365146271	1.32013909784611	68
0.08913987208424	1.76134604918909	370
0.10094036700969	1.17279788706179	127
0.09581732452061	1.32578857314432	59
0.00507509304988996	1.02185014029931	613
0.09179740587279	1.47542638322107	230
-0.03401050181294	1.61877380619337	238
-0.10085029924819	1.18232262095185	59
-0.0952561279236599	1.77171278988145	834
-0.0598924826078999	2.04916242552824	436
-0.07939707744189	0.732594884382895	68
-0.02056950611993	0.885278385976038	213
0.00470348494459993	1.02201297535583	453
-0.0950175025950799	1.77107941347993	238
-0.0705589155558599	1.32494214197076	439
0.01559038495152	1.17012378952531	16
-0.10077156441332	1.18217148426361	16
0.00480044377019007	1.02234001569233	387
-0.0223252337891799	1.76404244463161	469
-0.10610128709322	0.474818712797072	213
-0.07063750941111	1.32518813993376	59
-0.10083692672937	1.18239134984024	59
0.10742256823522	1.02045612355461	59
-0.0705845901392801	1.32515716760403	59
-0.0705573515625999	1.32508128150296	213
-0.07945704925353	0.732853759751035	213
0.02387119307832	1.32045260192769	453
0.10102531814023	1.17268553875547	84
0.0242071574262399	1.31983199823147	59
0.11848764839183	0.867711109736061	68
0.10131776279035	1.17217774742664	469
-0.0794270748627	0.733061521380134	213
0.0239560844228299	1.32058227347366	84
0.09596573115266	1.32515221487138	127
0.11846464628139	0.867658783457998	16
-0.10579670478113	0.474613983393002	26
0.02389655290515	1.32018660058271	613
0.0336823166759901	1.61806652108899	469
-0.07063750941111	1.32518813993376	59
0.10106625927705	1.17278247571731	198
0.11847278350548	0.867079877595063	68
-0.0793442775898401	0.733020573050618	213
-0.07938572253344	0.733074998982863	198
0.09192029766526	1.47538796993255	140
0.08920776223616	1.76105994119617	230
0.00480845929959006	1.02240393492908	213
-0.03588115739609	2.31878167317347	84
0.09186254394345	1.4753078952798	238
0.03799482270969	1.76101263937695	499
-0.0343001815045301	1.61896572860322	110
0.10736223374306	1.02054534626861	213
0.00471947940608009	1.02247485915243	213
-0.0341172965702099	1.61905932401005	84
-0.0703986392216001	1.32463964307793	59
-0.09534250549766	1.77148417635568	16
0.0459626220769001	2.03697765838668	613
-0.10638610030757	2.19714722012367	230
0.0296291147084899	1.46988380490512	84
-0.00265275466715997	2.04035365476897	84
-0.08876409921229	2.3281020293661	230
0.0918408145958301	1.4755298540469	469
-0.01161251506738	1.90279872684044	127
0.0959033593426799	1.32578895827275	834
0.0425981071219499	1.89890537966878	84
0.0425941034677899	1.89936286917108	84
0.00488129945804006	1.0218168813678	198
0.11835774852874	0.867764086305046	213
-0.0888431661604601	2.32928496744194	84
0.10102223672229	1.17261692411578	834
0.0896188928321	1.62096622639231	110
0.00492600576891999	2.17430424717076	110
0.02936426402371	1.47078081518311	140
-0.0343815688535201	1.61966245807691	140
0.11934777100319	2.18882394796706	63
-0.10563614408753	0.474557097061527	68
-0.0338124719475701	1.61748984566513	108
0.08986324737755	1.62080507068987	110
0.12296755585385	0.724105062479207	16
0.10106309675524	1.17206399732265	213
0.00471148745589001	1.02241091253556	108
0.02405956819773	1.32013199691728	16
0.0917613275756399	1.47548619625684	613
0.0485428168664901	2.17416131089781	834
0.0157674287135601	1.16970256472582	686
0.11845704811016	0.867783868580836	686
-0.0205540583764301	0.88524530962507	783
0.00489738821276009	1.02227857312988	108
0.00490541676450995	1.02214379691749	238
0.10739932330645	1.02066115370797	474
0.11838831585175	0.867789638280916	16
-0.07941565093715	0.732799399043906	213
0.03388446288382	1.61695817216117	84
0.0336965231814299	1.61721139926231	63
0.00471148745589001	1.02241091253556	108
0.11846464628139	0.867658783457998	63
-0.0794270748627	0.733061521380134	783
-0.07061027118199	1.32511225206066	213
-0.07945704925353	0.732853759751035	213
0.10089638791235	1.1726323137217	110
0.00481646426906002	1.02226916355506	16
-0.11901546018881	1.62818523028013	63
-0.0490673098265599	1.47196552379937	63
-0.06007533079992	2.04885575555753	613
-0.10652190670285	2.1971536098804	230
0.01562378491145	1.17045853727708	213
0.01445523927131	2.45507902319378	499
0.08855362407116	1.90011988630686	230
-0.0120444714032	1.90338670256326	127
0.12320250685355	0.723768445088123	103
0.0338049697087599	1.61735294798931	224
-0.03407654371911	1.61906628247815	252
0.01575738264685	1.17039160209649	198
0.12296755585385	0.724105062479207	198
-0.07938572253344	0.733074998982863	63
-0.10626224425971	0.474875835650706	398
-0.10517165583896	0.474174060906171	398
-0.10610128709322	0.474818712797072	398
-0.10610128709322	0.474818712797072	398
-0.10672844137063	0.47506664569878	398
-0.10610128709322	0.474818712797072	398
-0.07945704925353	0.732853759751035	105
0.10731574889979	1.02080581954915	224
0.01545673856718	1.17073840362308	224
0.00471148745589001	1.02241091253556	130
0.03353071553168	1.6183419343582	108
0.12307972089602	0.723978664203291	185
-0.02056950611993	0.885278385976038	185
-0.0792611093834199	0.73269315682669	398
0.0158642656429699	1.16985500556109	489
0.02422927187624	1.31984091312126	252
0.10742256823522	1.02045612355461	292
0.12296241001834	0.724067663560919	292
-0.0491927392026199	1.47230001629076	280
-0.10085029924819	1.18232262095185	185
-0.0794270748627	0.733061521380134	398
-0.07938572253344	0.733074998982863	505
-0.0207385215307701	0.885116853872745	292
-0.07935577109624	0.732691233079291	105
0.00463044854541006	1.02249125178531	105
-0.0205849386164001	0.884874460944387	185
-0.10533182117744	0.474230709506602	398
-0.10626224425971	0.474875835650706	398
-0.10626224425971	0.474875835650706	398
-0.1007849544214	1.18170919445884	489
0.12284530264367	0.724097661397232	505
0.00488934910851002	1.02221469041217	252
-0.10579670478113	0.474613983393002	198
0.11845704811016	0.867783868580836	103
-0.0492370045750501	1.47245000624079	103
-0.07061027118199	1.32511225206066	378
0.12285548136137	0.72393034465297	452
-0.10656708661147	0.475009288267318	185
-0.10672844137063	0.47506664569878	398
0.10735283410009	1.020621151012	198
-0.07945704925353	0.732853759751035	198
-0.07938572253344	0.733074998982863	292
0.00488934910851002	1.02221469041217	105
-0.10563614408753	0.474557097061527	181
-0.10579670478113	0.474613983393002	826
-0.0794270748627	0.733061521380134	826
-0.0206463221114499	0.885370023376595	452
-0.10563614408753	0.474557097061527	398
-0.10610128709322	0.474818712797072	185
-0.10563614408753	0.474557097061527	198
0.02389325960464	1.32063782819019	280
-0.02033811762487	0.884629200026325	103
-0.10579670478113	0.474613983393002	181
-0.0209677222476099	0.884968836000274	130
-0.10610128709322	0.474818712797072	398
-0.02056950611993	0.885278385976038	505
0.12319723541074	0.723836733698945	550
0.1230745249301	0.723652906776775	224
-0.0206463221114499	0.885370023376595	130
-0.10656708661147	0.475009288267318	398
-0.0793442775898401	0.733020573050618	185
0.0886229387933799	1.89977590910793	79
-0.07935577109624	0.732691233079291	505
-0.10610128709322	0.474818712797072	398
-0.10579670478113	0.474613983393002	398
-0.07941565093715	0.732799399043906	105
-0.10626224425971	0.474875835650706	398
-0.10533182117744	0.474230709506602	398
-0.10626224425971	0.474875835650706	181
-0.10610128709322	0.474818712797072	181
-0.10626224425971	0.474875835650706	181
-0.10610128709322	0.474818712797072	185
-0.10703354439901	0.475086476038986	398
-0.10626224425971	0.474875835650706	398
-0.0204000637258801	0.885002340015008	12
-0.02056950611993	0.885278385976038	224
-0.10563614408753	0.474557097061527	181
0.10140263858982	1.17176445561074	378
-0.0206463221114499	0.885370023376595	108
0.11846464628139	0.867658783457998	372
-0.0951243398861299	1.7713431220822	372
-0.10517165583896	0.474174060906171	398
0.11840361758269	0.867557605747178	292
-0.0206463221114499	0.885370023376595	292
-0.10579670478113	0.474613983393002	550
-0.07941565093715	0.732799399043906	105
-0.10656708661147	0.475009288267318	105
-0.10672844137063	0.47506664569878	181
-0.07949835504126	0.73284027733314	181
-0.10563614408753	0.474557097061527	398
-0.10563614408753	0.474557097061527	181
-0.07949835504126	0.73284027733314	181
0.12347509840442	2.046029983301	378
-0.10719529787251	0.475144061818858	130
-0.10517165583896	0.474174060906171	398
-0.07938572253344	0.733074998982863	505
0.10758026406767	1.02007945476379	505
-0.10672844137063	0.47506664569878	398
-0.0204771394577301	0.885153560442061	292
0.0157073021018601	1.16982377065794	34
-0.10563614408753	0.474557097061527	398
-0.10610128709322	0.474818712797072	398
-0.10672844137063	0.47506664569878	398
-0.10626224425971	0.474875835650706	398
-0.10672844137063	0.47506664569878	398
-0.10533182117744	0.474230709506602	398
-0.10610128709322	0.474818712797072	398
-0.07927288054565	0.732650220342582	105
-0.0793442775898401	0.733020573050618	181
0.00488934910851002	1.02221469041217	181
-0.07931437217088	0.732704638322614	130
-0.10626224425971	0.474875835650706	517
-0.10563614408753	0.474557097061527	519
0.00490541676450995	1.02214379691749	143
0.12296241001834	0.724067663560919	505
0.12308492955536	0.723963263011774	198
0.12319197659531	0.723563792790257	539
-0.10563614408753	0.474557097061527	398
0.0238745105678899	1.32050656174933	34
0.11850283200348	0.867243890221472	181
0.09616412140021	1.32504823917929	360
-0.10081019341843	1.18168206483099	130
0.0156004032513899	1.17069584688429	246
-0.10563614408753	0.474557097061527	517
-0.02063082055851	0.885275144897396	803
0.00480845929959006	1.02240393492908	505
0.11950902219618	2.18894112199565	596
-0.0205540583764301	0.88524530962507	198
-0.10672844137063	0.47506664569878	398
0.10770084476302	1.01932230452599	103
-0.0794270748627	0.733061521380134	803
0.11844952968649	0.86769390868449	143
-0.07935577109624	0.732691233079291	398
0.12285548136137	0.72393034465297	181
-0.10563614408753	0.474557097061527	826
-0.02056950611993	0.885278385976038	246
-0.07938572253344	0.733074998982863	826
-0.10517165583896	0.474174060906171	517
-0.07938572253344	0.733074998982863	519
-0.0794270748627	0.733061521380134	372
-0.0793442775898401	0.733020573050618	372
0.12262162502917	0.724048758565795	505
-0.02049253342463	0.885127265289124	539
-0.10579670478113	0.474613983393002	398
-0.0793741599722999	0.732677246408085	551
0.01573399528718	1.17027761559353	103
0.00499431826276009	1.0219613406848	103
0.01561376769572	1.17057560991048	246
-0.07935577109624	0.732691233079291	517
0.12296241001834	0.724067663560919	519
-0.07949835504126	0.73284027733314	519
0.12273845161794	0.724019034618447	505
0.11845704811016	0.867783868580836	551
0.12319723541074	0.723836733698945	181
0.12338069295154	0.723236986952181	181
0.11851084902579	0.8673744406205	181
0.00480845929959006	1.02240393492908	181
-0.0206618083705401	0.885025373031595	246
-0.10610128709322	0.474818712797072	517
-0.0205540583764301	0.88524530962507	572
0.10736223374306	1.02054534626861	34
-0.0225407972412599	1.76370588544696	789
0.02404096957266	1.32048473480933	360
0.02925197936966	1.47099483455648	318
0.12296241001834	0.724067663560919	826
0.10751995975593	1.02033130172564	246
0.00497820345901001	1.02203226696656	246
0.00507509304988996	1.02185014029931	246
-0.10610128709322	0.474818712797072	517
0.12319197659531	0.723563792790257	519
-0.07938572253344	0.733074998982863	505
-0.0793442775898401	0.733020573050618	428
0.11835017111758	0.867494853538219	12
0.10133591618935	1.17172843736721	103
-0.02056950611993	0.885278385976038	181
0.0156004032513899	1.17069584688429	130
0.12284530264367	0.724097661397232	572
0.00490541676450995	1.02214379691749	572
-0.0706359586538301	1.32480906247359	519
0.10731574889979	1.02080581954915	143
0.01573399528718	1.17027761559353	143
0.11848764839183	0.867711109736061	172
0.10727864989484	1.02079220806414	539
-0.07935577109624	0.732691233079291	428
-0.0794270748627	0.733061521380134	34
-0.0207229814768899	0.885399734353617	34
0.12307972089602	0.723978664203291	360
-0.0208150781758101	0.885146462492235	246
-0.0949926128730601	1.77072987649953	246
-0.10091571216432	1.1824817039579	237
0.10725540997542	1.02084763016626	572
0.10091837983176	1.17279193699477	572
0.12296755585385	0.724105062479207	572
-0.0793442775898401	0.733020573050618	519
-0.0491116157545399	1.47211553971168	143
0.10117002725675	1.17257316998894	143
0.10751995975593	1.02033130172564	539
-0.07938572253344	0.733074998982863	428
0.10106625927705	1.17278247571731	12
0.11847232433058	0.867218322233017	551
0.10091837983176	1.17279193699477	360
-0.0205540583764301	0.88524530962507	826
0.10733899121035	1.02075039593394	246
0.10129571039032	1.17217190386863	796
0.10742256823522	1.02045612355461	572
-0.07071613364611	1.32500218320237	172
0.01575738264685	1.17039160209649	539
0.11838831585175	0.867789638280916	237
0.00489738821276009	1.02227857312988	172
0.0889939753394999	1.76111659582755	72
0.11845704811016	0.867783868580836	34
-0.10083692672937	1.18239134984024	34
-0.07058303095055	1.32483484241424	103
-0.0204771394577301	0.885153560442061	539
0.11841890957493	0.867766686637026	539
0.11849520029106	0.867635884459367	551
-0.0208150781758101	0.885146462492235	34
0.10138872044379	1.17139203416018	461
-0.10579670478113	0.474613983393002	461
0.08929254400044	1.76031177920199	549
-0.0341426015448001	1.61929983092013	539
0.10102223672229	1.17261692411578	98
-0.11871293423787	1.62717576351251	551
-0.07927288054565	0.732650220342582	461
-0.02056950611993	0.885278385976038	66
-0.04647365437388	2.18377087757005	549
-0.00261465663809002	2.04011861825078	284
0.0155536409797099	1.17064414704929	98
-0.0704258788644701	1.32471548991879	12
0.00507509304988996	1.02185014029931	50
0.12307972089602	0.723978664203291	461
0.0156371507802999	1.1706896552133	461
-0.10563614408753	0.474557097061527	66
-0.0707433711921901	1.32507805787354	299
0.10727864989484	1.02079220806414	98
-0.0794270748627	0.733061521380134	461
-0.0761230113943201	1.91264280850658	143
0.00497013024618997	1.02163460494814	549
0.11841890957493	0.867766686637026	98
-0.0794270748627	0.733061521380134	837
0.10748289349599	1.02031777514858	98
-0.0795395684214799	0.732743827144696	461
0.11836540575182	0.867705619289095	355
0.00471947940608009	1.02247485915243	66
-0.05984830514008	2.0491627660375	72
-0.10610128709322	0.474818712797072	408
0.12296241001834	0.724067663560919	837
0.10751995975593	1.02033130172564	50
-0.10100787997699	1.18244366847572	355
-0.02056950611993	0.885278385976038	66
-0.07938572253344	0.733074998982863	66
0.12308492955536	0.723963263011774	837
-0.02056950611993	0.885278385976038	34
-0.0705301109869201	1.32480386849696	34
-0.10083692672937	1.18239134984024	34
0.0898298116390499	1.62090482522725	115
-0.10626224425971	0.474875835650706	837
-0.07069043643063	1.32516232626876	461
-0.07949835504126	0.73284027733314	461
0.0238491219860999	1.31990591381553	299
-0.0117269903635799	1.90369218152717	549
0.10739932330645	1.02066115370797	98
0.10753376033757	1.02003954157894	98
0.10085540947663	1.172726766653	34
0.08848759020631	1.90013518603099	115
-0.07053167862064	1.32506944803707	66
-0.0344680228662999	1.61938440073431	50
0.10731574889979	1.02080581954915	34
-0.10610128709322	0.474818712797072	461
0.0497159916399701	2.31679433855465	159
-0.10085029924819	1.18232262095185	143
0.04604134877392	2.0365716213239	143
-0.0704515355770099	1.32484752767539	98
0.02401888662853	1.32047574805381	98
-0.03405126828752	1.61876688521975	50
0.00471148745589001	1.02241091253556	34
0.11841890957493	0.867766686637026	34
0.10129571039032	1.17217190386863	355
0.02404096957266	1.32048473480933	50
0.0501208436678799	2.31441151323483	159
-0.11908074362165	1.62824669144379	98
-0.07938572253344	0.733074998982863	355
0.11848017617428	0.867566618244343	66
0.10748289349599	1.02031777514858	66
-0.0494260043000701	1.47253632992075	549
0.12285038561683	0.724193919652426	34
0.10738547650029	1.02005896735123	461
-0.0951038621162299	1.77144186964534	345
-0.1191222738078	1.6273021738962	549
-0.0762179323410901	1.91291631891834	72
-0.1007849544214	1.18170919445884	34
-0.0795395684214799	0.732743827144696	34
-0.0204617302546	0.88475871812798	461
0.12285038561683	0.724193919652426	461
0.0959685826836001	1.32567709844915	143
-0.10643018019872	2.19714266343815	549
0.00488934910851002	1.02221469041217	34
0.11835774852874	0.867764086305046	34
0.1230745249301	0.723652906776775	461
-0.0342747648186199	1.61960019600163	143
-0.0705589155558599	1.32494214197076	98
0.0957728471561701	1.32587275256703	50
0.12273341870883	0.724223760675267	34
-0.02224570127706	1.76378252399234	549
0.0875843266374901	2.03868803871965	168
-0.0205540583764301	0.88524530962507	50
0.00463044854541006	1.02249125178531	50
-0.0204771394577301	0.885153560442061	355
0.12308492955536	0.723963263011774	66
0.0920503714415699	1.47485929506852	549
0.12285038561683	0.724193919652426	104
0.0239153215640699	1.32064684862152	98
0.12340819259134	0.72324520596923	66
-0.02032283110676	0.884788987516767	66
0.00505891004090997	1.02138890786306	34
0.11841142459644	0.867399130843876	355
-0.10672844137063	0.47506664569878	66
-0.0704515355770099	1.32484752767539	72
0.12295727694134	0.723683093678629	104
-0.02056950611993	0.885278385976038	34
0.12320250685355	0.723768445088123	355
-0.10610128709322	0.474818712797072	461
-0.10563614408753	0.474557097061527	66
-0.11862692962177	1.62639649988887	143
0.02942501945044	1.4705593560294	50
0.12319723541074	0.723836733698945	461
0.12296755585385	0.724105062479207	461
0.04604134877392	2.0365716213239	345
-0.0704242943009501	1.32457018847525	143
0.11844209087848	0.86727191766947	34
-0.10082355811961	1.18222589649286	355
0.0460730341406199	2.03666631234652	345
-0.10090235712844	1.18231625144187	34
0.10733899121035	1.02075039593394	461
-0.0492591438618899	1.47223814464213	143
0.11838078467204	0.867471882192457	66
0.10091837983176	1.17279193699477	143
-0.10647781794701	2.197364539628	98
0.01561376769572	1.17057560991048	98
0.00488934910851002	1.02221469041217	104
0.12319197659531	0.723563792790257	98
0.11840361758269	0.867557605747178	34
0.0158408754708901	1.17009212748614	461
0.00488934910851002	1.02221469041217	461
0.0875669920445501	2.03823452390144	115
-0.0763232177706601	1.91279967141995	345
0.11616514808941	2.33209765656993	115
0.00482067086229998	2.17522672205996	401
0.10100021833543	1.1721419923355	599
0.12296241001834	0.724067663560919	104
0.11850283200348	0.867243890221472	34
0.03809534586578	1.76107213938404	345
0.11859451370419	0.867021333043542	50
0.01551688452966	1.17077474119754	34
-0.07945704925353	0.732853759751035	355
-0.10610128709322	0.474818712797072	461
0.11848764839183	0.867711109736061	66
0.0898195443533001	1.62078340806128	143
0.08911265670867	1.76154972872875	143
0.10094036700969	1.17279788706179	599
-0.07938572253344	0.733074998982863	104
-0.02056950611993	0.885278385976038	34
0.0339134187517101	1.61678407434717	355
0.0243104179318101	1.318895927548	355
0.12296755585385	0.724105062479207	104
-0.07945704925353	0.732853759751035	461
0.12319723541074	0.723836733698945	461
-0.10610128709322	0.474818712797072	66
0.0958381141585001	1.32585418247166	599
-0.10102122925792	1.18198123970337	104
-0.10086367567653	1.18186022537456	104
0.0241444231443999	1.32010393190176	50
-0.0794382913293501	0.732320836210408	66
0.02404096957266	1.32048473480933	599
0.11848764839183	0.867711109736061	98
-0.10090235712844	1.18231625144187	104
0.02399679911735	1.32029057095335	104
-0.0793442775898401	0.733020573050618	104
0.10727864989484	1.02079220806414	34
-0.10610128709322	0.474818712797072	461
-0.049277607019	1.47254555813649	143
0.0898195443533001	1.62078340806128	143
0.10730189004086	1.02058716072578	599
0.12379229878781	2.04447378487273	62
0.0292059156008999	1.47091392934164	98
0.12308492955536	0.723963263011774	104
0.11842647423526	0.867806795163739	50
0.12319723541074	0.723836733698945	34
-0.04907112387795	1.47164793090163	49
-0.0761073944969599	1.91227319651096	115
-0.01174919015638	1.90348977027273	115
0.01566053420781	1.17062730393621	143
0.12285548136137	0.72393034465297	66
0.11836540575182	0.867705619289095	104
-0.07037299063742	1.32443953662003	345
-0.10610128709322	0.474818712797072	66
-0.0793741599722999	0.732677246408085	66
-0.07941565093715	0.732799399043906	34
-0.07949835504126	0.73284027733314	461
-0.10610128709322	0.474818712797072	66
0.12296241001834	0.724067663560919	431
-0.0490673098265599	1.47196552379937	104
0.12261665499126	0.724176297801358	461
0.12261665499126	0.724176297801358	66
0.00480044377019007	1.02234001569233	50
0.0101925136171701	2.31345433710723	401
0.0457888684807	2.03690090923664	72
-0.0492554866642601	1.47238337761927	50
0.0960101895302301	1.32540633456302	50
0.0874474498285101	2.03902768136552	119
0.08979638551402	1.62095795823377	72
0.03350918041819	1.61816005132403	143
0.0156839179807999	1.17039000322975	47
0.0958381141585001	1.32585418247166	143
0.02387119307832	1.32045260192769	50
0.04839174084179	2.17512321038809	284
-0.0491521542065001	1.47232348893029	49
-0.0746940579453199	2.46186602540057	284
0.02953725743383	1.47044421498804	50
0.02940477030941	1.47078403384386	50
0.12261665499126	0.724176297801358	239
-0.0704787748606	1.32492339350812	47
0.0154801156719999	1.17067606353664	239
-0.0206463221114499	0.885370023376595	109
-0.10077156441332	1.18217148426361	256
-0.0205540583764301	0.88524530962507	754
0.10753376033757	1.02003954157894	308
-0.0793741599722999	0.732677246408085	49
0.0896575243782201	1.62096877256117	244
-0.11886417106788	1.62790332601184	244
-0.0203075294492301	0.884515695384717	109
-0.07949835504126	0.73284027733314	109
-0.0794270748627	0.733061521380134	109
-0.10090235712844	1.18231625144187	754
-0.05982773475666	2.04915690729242	50
-0.10563614408753	0.474557097061527	239
-0.10610128709322	0.474818712797072	239
0.00463044854541006	1.02249125178531	109
-0.07938572253344	0.733074998982863	109
0.03353071553168	1.6183419343582	143
0.10732513041581	1.02010078601796	256
0.04611086066031	2.03636303256523	284
0.12320250685355	0.723768445088123	308
0.12296241001834	0.724067663560919	308
-0.07941565093715	0.732799399043906	239
-0.0355476709459599	2.31762882039085	119
-0.07941565093715	0.732799399043906	109
0.08869551518268	1.8993777736597	62
-0.0207385215307701	0.885116853872745	754
-0.07938572253344	0.733074998982863	239
-0.11892942002598	1.62808347273682	119
0.10127365325251	1.1720124837826	143
0.0921950541668499	1.47364070971881	143
-0.04908946058951	1.47212769755754	284
0.00480044377019007	1.02234001569233	239
-0.10610128709322	0.474818712797072	109
0.10737607859551	1.02071657436321	109
-0.10579670478113	0.474613983393002	109
0.10106625927705	1.17278247571731	62
0.12308492955536	0.723963263011774	754
-0.0704242943009501	1.32457018847525	244
-0.0793027399125299	0.732898294853153	143
0.12296755585385	0.724105062479207	308
-0.0342747648186199	1.61960019600163	62
-0.10067946693909	1.18202418964724	47
0.11841890957493	0.867766686637026	47
0.10089638791235	1.1726323137217	284
0.0917396100624901	1.4756151895887	47
-0.0705589155558599	1.32494214197076	143
-0.07931437217088	0.732704638322614	250
-0.0705589155558599	1.32494214197076	50
0.0335017293337401	1.61837204841583	143
-0.0204771394577301	0.885153560442061	568
-0.0208914783869001	0.8851051120351	47
0.10745964616196	1.02052276315938	308
0.09603378415644	1.32551776029747	308
0.00497820345901001	1.02203226696656	143
0.10100332484166	1.17281384342028	256
-0.10610128709322	0.474818712797072	250
0.00469779717970997	2.1760674273214	284
0.00471148745589001	1.02241091253556	308
0.11842647423526	0.867806795163739	308
0.10742256823522	1.02045612355461	49
-0.10579670478113	0.474613983393002	250
-0.04917429922992	1.4723113078035	50
0.11837314291544	0.867427129954227	47
0.10727864989484	1.02079220806414	47
0.12285038561683	0.724193919652426	308
-0.02709156124782	2.45522508464796	62
0.12353965293057	2.0455747990734	72
0.0457650320599501	2.03643364438037	119
0.08900409247795	1.76134789416241	62
0.0295629270187601	1.47019124457505	119
-0.10650849265265	2.1967418475157	12
-0.02049253342463	0.885127265289124	50
0.0888027595393	1.89844920200336	603
0.08964713585692	1.62094198709509	119
-0.07058303095055	1.32483484241424	50
-0.03420867525606	1.61947723378289	143
0.0155402637317701	1.1707123925068	47
0.0427100826128	1.89857839817925	50
0.0961849586032999	1.32497980865784	72
0.00498626613330999	1.02209610358304	47
-0.07931437217088	0.732704638322614	47
-0.02049253342463	0.885127265289124	308
0.10100332484166	1.17281384342028	49
0.10117002725675	1.17257316998894	143
0.0891805389112199	1.76127737122813	575
0.0156004032513899	1.17069584688429	47
0.00489738821276009	1.02227857312988	47
0.1230745249301	0.723652906776775	49
0.10737607859551	1.02071657436321	575
0.0155402637317701	1.1707123925068	308
-0.09523566307049	1.77181159345855	72
0.0920792519475899	1.47456103283111	72
0.01551688452966	1.17077474119754	47
0.0960129631562201	1.32545222387988	50
0.11839592677873	0.867781212342318	308
-0.04908946058951	1.47212769755754	308
-0.07050601215449	1.32479611255655	291
-0.07053167862064	1.32506944803707	284
0.02389325960464	1.32063782819019	50
0.02401888662853	1.32047574805381	12
0.02940477030941	1.47078403384386	50
0.0959033593426799	1.32578895827275	308
-0.01197678601796	1.9037939801579	72
-0.04913001358459	1.47216129983	47
0.0860699962454301	2.1800309576064	466
0.12350738591729	2.04588798699618	466
-0.0599014208767601	2.04881106370808	466
0.10759405047013	1.01971353857603	47
0.11848017617428	0.867566618244343	47
0.00479241768702998	1.02194211579956	308
0.00452578238629009	2.17589226938154	24
0.04261413206964	1.89939371355099	466
0.0919131532595301	1.47514783029943	466
0.09603378415644	1.32551776029747	575
0.0837499469882299	2.46690349008257	466
0.10748289349599	1.02031777514858	568
0.0897912125332501	1.62103337125801	466
0.09189858976439	1.47534110389057	466
0.09596573115266	1.32515221487138	308
0.08848105399373	1.90024478520362	466
0.0885222375208601	1.90012439369943	466
0.00472746078908992	1.02234010991608	291
0.0918914180189101	1.47541739504595	466
-0.00247322014680007	2.03963445823345	466
-0.059916109797	2.04932731001604	466
0.10733899121035	1.02075039593394	291
-0.10116560867072	1.18231797168079	291
0.12334402957267	2.0457603788421	229
0.00436083170162993	2.17660379290556	200
0.0959449452888701	1.32551820693131	466
-0.00276339344555998	2.04028738627421	466
0.12339443384941	0.723424083244053	291
-0.0491116157545399	1.47211553971168	12
0.0897809830860099	1.62063437270454	284
-0.0748907123343501	2.46299065755323	24
-0.07503076849247	2.46304821301781	24
0.0145535951462501	2.45417444102753	766
-0.10647781794701	2.197364539628	766
0.0334006557849	1.61830697825138	72
-0.0463699618631399	2.18328198727358	13
-0.0358355324353301	2.31882226713251	229
-0.0223680426692501	1.76411502741648	25
-0.0889059992435499	2.32901222779906	25
0.0100955837999199	2.31434558749807	95
-0.03578990631278	2.31881070114379	95
0.0508367032107	2.46001088111969	95
-0.0954539237959999	1.77183675762489	95
0.08457206544939	2.32361497529868	25
0.03339322616923	1.61791941296827	95
-0.00258386279786005	2.04034470255022	95
0.0917396100624901	1.4756151895887	95
0.0918914180189101	1.47541739504595	95
-0.0224475883689501	1.76437224062635	95
-0.0890164843402099	2.32969866686773	95
-0.09536752471092	1.77195140882951	95
0.0920214965046	1.47501849248911	95
0.0241037596495499	1.32032608578155	691
0.0885255074381299	1.8998510220439	25
0.11923187066664	2.18959654175716	25
0.0885503640559799	1.89999466035719	25
0.11591973301496	2.33326693709026	699
0.0293845185013499	1.47085787728493	95
0.04254225786488	1.89947711848066	95
-0.10636582461428	2.19710676171662	95
0.11947367842551	2.18909972667308	95
0.02918568504532	1.47098773467667	691
-0.02087583065267	0.88522210511978	741
0.11597484510924	2.33310870688294	24
0.00446612479855002	2.17647394780903	25
0.0862330412157199	2.17941239243504	25
0.0155402637317701	1.1707123925068	25
0.00498626613330999	1.02209610358304	25
-0.07069043643063	1.32516232626876	25
-0.05991913550995	2.04948952830802	25
-0.03420867525606	1.61947723378289	699
0.11944337481042	2.18890471237713	699
-0.02041540395048	0.884913999923827	95
0.10727864989484	1.02079220806414	95
-0.0205540583764301	0.88524530962507	95
0.11835774852874	0.867764086305046	95
-0.0224261875780201	1.7643360347641	95
0.10106625927705	1.17278247571731	95
0.00489738821276009	1.02227857312988	412
-0.10060412748648	1.18165238371827	475
0.01566053420781	1.17062730393621	13
0.0335954209795499	1.61765129405174	229
-0.0792611093834199	0.73269315682669	741
-0.0749851509370201	2.46295695799255	25
0.11960975488359	2.18838145114329	25
-0.10659331647569	2.19705738885011	25
0.0334006557849	1.61830697825138	25
0.0499677020863001	2.31592533733411	95
-0.04639074726638	2.18315797999073	95
-0.08894716536425	2.32970059587221	95
0.11578979178827	2.33345048387108	95
0.11355780000585	2.47599793812043	95
0.11366283661575	2.47598541068822	95
0.00445208626361993	2.17667587204823	95
-0.02023019359023	0.884302429720813	250
0.0238745105678899	1.32050656174933	250
-0.0118156056996099	1.90417235548872	25
-0.0598513375252201	2.04926538024075	25
-0.0492333707102099	1.47202275778009	25
0.0898195443533001	1.62078340806128	25
0.08775269512625	2.03784760765162	25
0.0883078266367701	1.90007014558129	25
0.11362275584963	2.47601584742522	699
0.12368583833203	2.04446648381902	95
0.08862619578682	1.89981809889856	95
0.0335597073067699	1.61816751674453	95
0.0239781568725801	1.32059127842871	95
0.0898350035172599	1.62069801756154	95
0.08740182645095	2.03905050800265	95
0.0918479974230999	1.47540689834971	412
0.0335448710641999	1.61779302817862	95
-0.07949835504126	0.73284027733314	250
0.0957936216239701	1.32580438195431	250
-0.10117893082242	1.18185575247148	45
0.12331495369355	0.723641797428308	45
0.09167455792024	1.47490188073293	350
0.0890685355545	1.76164115556485	350
0.03809534586578	1.76107213938404	25
0.08743328977906	2.03896864994783	25
0.08898030870032	1.76139941017856	25
0.12285548136137	0.72393034465297	161
0.10119205790498	1.17257905901325	412
-0.0793442775898401	0.733020573050618	51
0.12285548136137	0.72393034465297	51
-0.10075817831556	1.18224018628913	547
-0.07063750941111	1.32518813993376	547
0.00490541676450995	1.02214379691749	346
-0.0705845901392801	1.32515716760403	45
-0.10643372402577	2.19736907378518	350
-0.07945704925353	0.732853759751035	414
-0.0760844633959901	1.91258827966142	25
0.01557702194168	1.17075819927854	132
-0.0705301109869201	1.32480386849696	132
0.10136133301203	1.17092669230645	132
0.10110715052626	1.17269849127263	161
-0.0205540583764301	0.88524530962507	161
-0.0953879767096599	1.77185258711682	95
0.00472746078908992	1.02234010991608	412
0.01580415836913	1.17009205934247	412
-0.07938572253344	0.733074998982863	51
-0.10517165583896	0.474174060906171	51
0.0240816662071599	1.32031712000427	163
-0.0760740534497999	1.91221979466228	163
-0.0204000637258801	0.885002340015008	250
-0.10656708661147	0.475009288267318	477
-0.08909556849486	2.32940864646802	229
-0.04908946058951	1.47212769755754	89
0.0459881903064101	2.03517719318919	350
-0.10074479612772	1.18207475191099	350
-0.10533182117744	0.474230709506602	414
-0.0464667569184001	2.18382982123796	25
-0.10092907110827	1.18241295811439	132
-0.10517165583896	0.474174060906171	132
-0.07074490619597	1.32451870251919	132
0.02945076324067	1.4707138539778	25
-0.07622834762727	1.91278740860117	25
0.10725540997542	1.02084763016626	161
-0.02056950611993	0.885278385976038	161
0.11845704811016	0.867783868580836	412
0.10730189004086	1.02058716072578	412
0.12330963206982	0.723421814438265	51
-0.10656708661147	0.475009288267318	51
-0.0492148696884101	1.4724622075108	163
0.11841890957493	0.867766686637026	547
-0.10517165583896	0.474174060906171	475
0.01534983512655	1.1700808918836	346
-0.02038470831303	0.884666905678582	346
-0.0206618083705401	0.885025373031595	477
-0.10563614408753	0.474557097061527	45
0.0498863026165499	2.31632074209111	350
0.10098132680071	1.17280790498688	25
0.10100332484166	1.17281384342028	132
0.11941822631291	2.18923072370885	25
0.12296755585385	0.724105062479207	161
0.0918408145958301	1.4755298540469	95
0.00471148745589001	1.02241091253556	412
-0.0207229814768899	0.885399734353617	51
0.0921515630119201	1.47428055782325	72
-0.10563614408753	0.474557097061527	477
-0.07931437217088	0.732704638322614	477
-0.10656708661147	0.475009288267318	45
0.11603513930613	2.33283434293026	24
0.0509973343991299	2.45929168855082	25
0.01556364328912	1.17047509799713	118
-0.11905998589219	1.62826523219893	118
0.04825487307626	2.17539821661094	25
0.0919058052752499	1.47463235935841	132
0.0960101895302301	1.32540633456302	132
0.10731574889979	1.02080581954915	132
0.08760163903731	2.03855329491893	25
-0.0224766631725	1.76440315360119	95
0.00472746078908992	1.02234010991608	412
-0.0492370045750501	1.47245000624079	412
-0.0492591438618899	1.47223814464213	412
0.01569727102284	1.17056832595407	51
-0.0203075294492301	0.884515695384717	163
0.10739932330645	1.02066115370797	45
-0.02736130643499	2.45621318274892	350
0.1236631454967	2.0449280222411	350
0.00480845929959006	1.02240393492908	118
0.10111026286419	1.17237307012783	118
0.0885255074381299	1.8998510220439	25
-0.10090235712844	1.18231625144187	132
0.08968573828228	1.62109095791256	25
0.0461047305382201	2.03642287955957	25
0.00479241768702998	1.02194211579956	161
-0.11892942002598	1.62808347273682	412
0.00470348494459993	1.02201297535583	51
-0.10610128709322	0.474818712797072	51
-0.0490489541647099	1.471859588863	163
0.00472746078908992	1.02234010991608	250
-0.07927288054565	0.732650220342582	477
-0.10656708661147	0.475009288267318	477
-0.07935577109624	0.732691233079291	477
0.08913641956332	1.76149824972377	89
0.01562378491145	1.17045853727708	389
0.10098132680071	1.17280790498688	118
-0.0340308837874299	1.6188544978151	118
-0.0492148696884101	1.4724622075108	118
0.0890651577389401	1.76151519545201	25
0.0143173233488101	2.45544197148653	25
-0.04650130772284	2.18377877427063	25
0.0239594317785099	1.32018195771346	132
0.0462468597622101	2.03525537085136	25
0.00480044377019007	1.02234001569233	161
-0.11895019939863	1.62806497097258	161
0.01551688452966	1.17077474119754	412
-0.10579670478113	0.474613983393002	477
0.09182631217285	1.47512791566321	45
0.12336112633754	2.04619985694555	25
-0.0761793332985301	1.91268717847935	25
-0.10644060489314	2.19658038618595	25
0.01422107569954	2.45585975959889	25
-0.0762126648046799	1.91262956808151	161
0.11838831585175	0.867789638280916	161
-0.02226710935948	1.76382154237544	412
0.0424341522234799	1.89932015894262	319
0.0381339631012601	1.76079031859517	412
0.10129571039032	1.17217190386863	412
0.04247816570612	1.8995406873865	163
0.00498626613330999	1.02209610358304	477
0.12273845161794	0.724019034618447	118
0.0336102350429599	1.61812546014226	25
0.0292777597887599	1.47061269976757	25
-0.08898832790683	2.32960897717959	25
0.0424542027625401	1.89952016969778	25
0.10733899121035	1.02075039593394	412
-0.0705573515625999	1.32508128150296	412
-0.0273365999662201	2.4563094920378	95
0.01545673856718	1.17073840362308	412
0.02399679911735	1.32029057095335	412
-0.0705301109869201	1.32480386849696	412
-0.0795095021621599	0.732690573076271	51
-0.0490673098265599	1.47196552379937	691
0.12296241001834	0.724067663560919	250
-0.07945704925353	0.732853759751035	477
-0.10088900600006	1.18177239645162	118
-0.0952561279236599	1.77171278988145	25
-0.01185990507928	1.90417614977014	25
-0.03581811708919	2.3182985151395	25
-0.0705845901392801	1.32515716760403	132
0.0144231724363899	2.4553646928864	25
0.10121408381245	1.17245072591068	412
0.01566053420781	1.17062730393621	412
0.10724153715018	1.020581514347	412
0.12307972089602	0.723978664203291	51
0.12285038561683	0.724193919652426	51
-0.0223680426692501	1.76411502741648	163
-0.03574427902529	2.31874713237638	163
0.02383041218886	1.3206423857401	547
0.12308492955536	0.723963263011774	475
-0.0793741599722999	0.732677246408085	477
-0.02038470831303	0.884666905678582	45
-0.11925600421492	1.62809108624317	118
0.03365334589021	1.61809658646466	118
-0.10645400362362	2.19728269418089	25
0.0495456896892601	2.31684422175945	25
0.11594466671733	2.33299409440189	25
0.11939306923978	2.18943170570411	25
-0.07611784580197	1.91275530140151	25
-0.04657386174695	2.18375920856103	25
-0.07053167862064	1.32506944803707	412
0.00489738821276009	1.02227857312988	412
-0.0491706131182901	1.47193939303082	412
0.10729250680909	1.02071038229888	51
0.0860623724148	2.17966837230297	163
-0.07945704925353	0.732853759751035	477
-0.02063082055851	0.885275144897396	477
0.12308492955536	0.723963263011774	477
0.0156371507802999	1.1706896552133	45
0.10729250680909	1.02071038229888	118
0.00470348494459993	1.02201297535583	118
0.09592415468563	1.32572055065883	118
-0.10638610030757	2.19714722012367	25
-0.0951038621162299	1.77144186964534	132
-0.09523566307049	1.77181159345855	25
0.04277014729302	1.89809663501124	95
0.10102531814023	1.17268553875547	412
-0.0207229814768899	0.885399734353617	51
-0.03464609413419	1.6193901779687	72
-0.02049253342463	0.885127265289124	346
-0.10579670478113	0.474613983393002	477
0.0426341874121701	1.89923409082593	24
0.10713470452622	1.0207869603234	118
-0.10533182117744	0.474230709506602	118
0.02947102216233	1.4706400066119	118
0.10735283410009	1.020621151012	25
0.01557702194168	1.17075819927854	412
0.12285548136137	0.72393034465297	51
-0.07938572253344	0.733074998982863	51
-0.10563614408753	0.474557097061527	475
-0.10656708661147	0.475009288267318	346
0.02404096957266	1.32048473480933	118
-0.0356073901415801	2.31824118686726	118
-0.11877536992662	1.62709219388089	132
0.0239373789556701	1.32050196369301	132
-0.07622315997033	1.91297300471971	25
-0.09521069995052	1.77123030597426	25
-0.10636227478179	2.19694749304933	25
-0.0951492860361101	1.77156822317242	25
0.08915678300746	1.76132883032899	25
-0.05996630764542	2.04943339841424	412
-0.0224475883689501	1.76437224062635	412
-0.10098119313702	1.1823469892879	412
0.0239340074060701	1.32039706212288	412
0.1011291703025	1.17270439918049	412
0.08621596486485	2.17964541201354	241
0.0337328520301099	1.61787329751127	412
0.0238745105678899	1.32050656174933	51
-0.0761793332985301	1.91268717847935	319
0.10110715052626	1.17269849127263	51
0.0335232918766999	1.61820567762328	403
0.00471947940608009	1.02247485915243	403
-0.0204617302546	0.88475871812798	260
0.00498626613330999	1.02209610358304	260
0.00480044377019007	1.02234001569233	210
0.02923173908761	1.47091775129428	210
-0.10579670478113	0.474613983393002	45
-0.07055578871402	1.32417855788341	89
-0.10085029924819	1.18232262095185	89
0.11355780000585	2.47599793812043	319
0.12285038561683	0.724193919652426	475
-0.0951038621162299	1.77144186964534	833
-0.07032171306889	1.3229901851922	833
0.0292059156008999	1.47091392934164	546
0.08850919168892	1.89940130080608	718
0.10100332484166	1.17281384342028	833
0.12307972089602	0.723978664203291	835
0.11841890957493	0.867766686637026	693
0.08385789700602	2.46626485973118	133
0.0237895831822399	1.32060380259632	740
0.0425901656398	1.89947000431979	740
0.0293440068740001	1.47051920945837	315
0.0338049697087599	1.61735294798931	485
0.11857960755567	0.867110072814605	136
-0.0204617302546	0.88475871812798	633
0.10751995975593	1.02033130172564	89
0.0884496727154001	1.90028870627482	740
0.04247816570612	1.8995406873865	740
-0.0760844633959901	1.91258827966142	327
-0.01176879703917	1.90396067357865	327
0.0239153215640699	1.32064684862152	89
-0.00264909698933002	2.04004704602515	740
-0.0890890544520799	2.32970218962545	315
0.10741315213225	1.02048278027836	327
-0.11899469164179	1.62820375326601	835
0.0509472374370901	2.45988105383143	740
0.11351268727345	2.47638755667018	740
0.12353208557997	2.04588054494932	315
-0.03577248687387	2.31833903093578	126
0.04819204770608	2.17542437848641	56
0.04969138243341	2.31679638993397	327
-0.0222885007904801	1.76363450548853	327
-0.0358637461506099	2.31820538000543	740
-0.07618458024645	1.9129183851347	315
0.02414793282898	1.31986121866297	89
-0.0274505336525801	2.45631652703502	56
-0.0749992883448301	2.46324246130993	315
-0.10638610030757	2.19714722012367	718
0.00480845929959006	1.02240393492908	89
0.04261413206964	1.89939371355099	327
0.08614388191806	2.17922336875539	315
0.0508669158401101	2.4600531612801	56
0.0509523611882099	2.45977112208363	315
0.12358907348859	2.04568771498368	315
0.02389325960464	1.32063782819019	136
0.10727864989484	1.02079220806414	89
0.08474324183309	2.32347157878514	315
-0.05978650497904	2.04844313480936	315
0.04968381846324	2.31671598251671	18
0.0883424667591799	1.9001968272272	315
0.05127885939274	2.45835267855021	315
0.10743639904147	1.02057817622063	89
-0.11919064220269	1.62821061437034	89
0.11589479108308	2.33341555857571	18
-0.04908946058951	1.47212769755754	89
0.1013398104511	1.17204945201185	293
-0.10563614408753	0.474557097061527	293
0.0156839179807999	1.17039000322975	764
0.10721829938141	1.02078653749584	138
0.0240002247543401	1.32044637753544	92
-0.1007849544214	1.18170919445884	451
-0.10656708661147	0.475009288267318	138
-0.0794270748627	0.733061521380134	293
0.11856392670175	0.867148395933223	451
0.0917179092471501	1.47555856138665	126
-0.07941565093715	0.732799399043906	293
0.10733899121035	1.02075039593394	92
0.12296241001834	0.724067663560919	138
0.02405956819773	1.32013199691728	92
0.12285548136137	0.72393034465297	293
0.11841890957493	0.867766686637026	293
0.0334727487080999	1.6182477838783	165
0.01557702194168	1.17075819927854	138
0.11851827506826	0.867583831883534	92
0.0156004032513899	1.17069584688429	780
0.0156839179807999	1.17039000322975	764
-0.10636582461428	2.19710676171662	165
0.11848764839183	0.867711109736061	780
0.11844952968649	0.86769390868449	293
0.00463044854541006	1.02249125178531	780
0.09614061243874	1.32503841218834	165
0.11584488253433	2.33333569288943	18
0.11843411870824	0.86763319064665	138
0.11861031334085	0.866617255124223	92
-0.0357758119098699	2.31874392744355	18
0.11583968676255	2.33353043237282	18
0.10749671021687	1.02038670219003	451
0.0336823166759901	1.61806652108899	451
0.02383041218886	1.3206423857401	451
-0.0343205246074001	1.61942047824128	92
0.02936426402371	1.47078081518311	18
0.02383041218886	1.3206423857401	451
-0.09510835516528	1.7707920537287	157
0.0889159002695299	1.76005892486452	92
0.12324715745812	2.04619731561283	18
0.0897860783683	1.62093089050877	165
0.0332921337060701	1.61775292920375	218
0.08900065173987	1.76160331405092	218
0.10736223374306	1.02054534626861	835
0.10724153715018	1.020581514347	451
0.10737607859551	1.02071657436321	333
0.10733899121035	1.02075039593394	92
0.12296755585385	0.724105062479207	333
0.12261665499126	0.724176297801358	623
0.12308492955536	0.723963263011774	333
0.11855638757377	0.867435958813376	333
0.1225050014552	0.724001242650154	333
0.12319723541074	0.723836733698945	333
0.11825848879151	0.867263622879315	451
0.08994045087964	1.62013849142694	333
0.00480044377019007	1.02234001569233	835
-0.0492554866642601	1.47238337761927	451
0.0292059156008999	1.47091392934164	92
0.00480845929959006	1.02240393492908	835
-0.0463285235219699	2.18350192818388	157
0.08911265670867	1.76154972872875	92
0.10725540997542	1.02084763016626	92
0.0335887046638199	1.61783849720715	435
-0.0490489541647099	1.471859588863	451
0.0859562458707099	2.18006636411397	795
0.00497820345901001	1.02203226696656	417
-0.0706390613066701	1.32451342623195	333
0.11620044603481	2.33182532923168	435
0.11853336613096	0.867221021748422	451
0.0156004032513899	1.17069584688429	451
0.00486631519561009	2.17487665129973	157
-0.10085029924819	1.18232262095185	92
0.12285038561683	0.724193919652426	92
0.10104425036994	1.17277655134832	451
0.00508316875202008	1.02171541089273	92
0.0458205339559301	2.03694462302756	451
-0.0117503639820999	1.90371936029057	157
0.11952913118828	2.18892545738667	667
0.0238745105678899	1.32050656174933	667
0.0958381141585001	1.32585418247166	157
-0.10092907110827	1.18241295811439	835
-0.10659331647569	2.19705738885011	667
0.12319723541074	0.723836733698945	215
0.00480044377019007	1.02234001569233	417
0.00472746078908992	1.02234010991608	215
-0.07945704925353	0.732853759751035	736
0.12307972089602	0.723978664203291	215
-0.0793442775898401	0.733020573050618	215
-0.0206463221114499	0.885370023376595	417
-0.0793741599722999	0.732677246408085	215
-0.02063082055851	0.885275144897396	215
0.08773853821244	2.037937241664	795
0.10717182453465	1.02074652768718	325
0.1013398104511	1.17204945201185	742
0.12331495369355	0.723641797428308	215
0.0957728471561701	1.32587275256703	697
-0.0205849386164001	0.884874460944387	742
-0.07061027118199	1.32511225206066	325
0.10743639904147	1.02057817622063	153
-0.11892942002598	1.62808347273682	325
0.10737607859551	1.02071657436321	559
-0.0205540583764301	0.88524530962507	417
-0.02262808464921	1.76428760744209	153
-0.0223542876923299	1.76390301404023	400
0.00448367096074009	2.17667591039797	683
0.08463255999408	2.32364778054944	240
0.0960129631562201	1.32545222387988	559
0.11975094840093	2.18778408405334	11
0.0507615368672101	2.45982521949882	67
-0.0224261875780201	1.7643360347641	509
0.12273341870883	0.724223760675267	707
-0.049277607019	1.47254555813649	509
0.08925186057987	1.76083918523785	67
-0.03413767677742	1.61876577841141	153
-0.0706631985450501	1.32508644215251	509
0.0237895831822399	1.32060380259632	536
0.01573399528718	1.17027761559353	536
0.00481646426906002	1.02226916355506	203
-0.08873590839401	2.32845218449556	426
0.01575738264685	1.17039160209649	707
0.00480845929959006	1.02240393492908	707
0.01567388580565	1.17045430231733	157
0.0154935056801699	1.17066069656251	153
0.0337833881888101	1.61762647659867	203
-0.10656708661147	0.475009288267318	707
-0.01185990507928	1.90417614977014	153
-0.08895366057063	2.32947078550835	426
0.11845704811016	0.867783868580836	81
0.11849520029106	0.867635884459367	81
-0.10082355811961	1.18222589649286	487
0.12285038561683	0.724193919652426	81
0.11839592677873	0.867781212342318	81
0.10733899121035	1.02075039593394	487
0.00480845929959006	1.02240393492908	153
0.12308492955536	0.723963263011774	81
0.12308492955536	0.723963263011774	81
-0.07938572253344	0.733074998982863	487
-0.0205540583764301	0.88524530962507	203
0.11848764839183	0.867711109736061	81
0.0897243493208699	1.62109357244624	153
0.0293845185013499	1.47085787728493	542
-0.0205540583764301	0.88524530962507	203
-0.07938572253344	0.733074998982863	81
-0.02063082055851	0.885275144897396	487
-0.10579670478113	0.474613983393002	81
0.10723217028021	1.02075219205701	659
0.08855362407116	1.90011988630686	544
0.09585889905917	1.32578579128168	203
0.1225050014552	0.724001242650154	81
0.10725540997542	1.02084763016626	146
0.10727864989484	1.02079220806414	153
0.0379896925549399	1.76121899330392	153
0.11849520029106	0.867635884459367	417
0.0890481963416701	1.76154619267531	82
0.0873105830149099	2.03896016540489	438
0.12386647494511	2.0440857725083	82
0.10115118533739	1.17257606466501	153
0.0890651577389401	1.76151519545201	153
-0.03442733270723	1.61976587171317	153
0.11919642470444	2.18932295316823	82
0.0891805389112199	1.76127737122813	82
0.08911265670867	1.76154972872875	153
0.11835774852874	0.867764086305046	334
-0.00251131597592003	2.04002908448224	82
-0.0206618083705401	0.885025373031595	153
-0.11869213217897	1.62677628135978	153
-0.0204771394577301	0.885153560442061	417
0.0237046496256801	1.32049243129713	417
0.0898530200299099	1.62058658887063	153
-0.0224552517040699	1.76419659859031	320
0.0898966927578699	1.62065764724729	153
0.0877558407024399	2.03735317114839	153
0.09592695686681	1.32538210405439	409
0.10115118533739	1.17257606466501	417
0.0238745105678899	1.32050656174933	409
-0.10073141784938	1.18153101136281	744
0.00490541676450995	1.02214379691749	744
0.00462248017836009	1.0224272869465	167
0.00498626613330999	1.02209610358304	167
0.12308492955536	0.723963263011774	167
-0.0206463221114499	0.885370023376595	167
-0.10092907110827	1.18241295811439	167
0.10723217028021	1.02075219205701	167
0.0958617544367999	1.3254939006993	167
0.00488934910851002	1.02221469041217	167
