x	y
-1.14272135010516	1.02079220806414
-0.579381506779687	0.475441032582408
0.0291173019445393	0.017266599974287
-0.167723743572673	0.0869307434564531
0.5847074956156	0.37954515646611
-0.171816972074702	0.102965328684015
0.116307687959683	0.0681343944936411
0.058567001214877	0.0369934428419499
0.750918451769797	0.546500400749536
0.116247166995476	0.068095355374989
0.972317688642441	1.05460207705216
0.286251825194704	0.211443392661095
0.796412832540613	0.54632387049216
-0.235316786021102	0.137981180349472
-1.68718740077762	0.704071354649794
-0.265635006259592	0.194195863617721
0.972380876003831	1.05477624341821
-0.413774697789642	0.320922462967189
-0.0487434176606647	0.0265806887940662
-0.583509843385899	0.556277697290018
0.129098587708665	0.0573264026873503
-0.265483188904491	0.194066813915525
-1.23442297805832	1.17075819927854
0.141971261916633	0.0888023742952421
-0.358705874706347	0.230028410567358
1.03212918709089	0.911191470796257
1.29047191149383	0.361322640689658
-0.86830047519012	0.967771091298143
0.085809101416214	0.0468035936787465
-0.358719266708361	0.230082368721598
-0.571345083187715	0.31223357533473
0.0290900259567636	0.0172511793350693
0.0617712952826897	0.0239168790122259
0.250658189413967	0.155202280541469
0.264584122052665	0.174447372671049
1.61919645549368	1.66802506960173
-0.579047233084989	0.267435837190726
0.892950902474441	1.03963025554267
-0.516625938445608	0.17859542475739
0.769544261815604	0.713015822805521
-1.01088159159492	1.04645124106137
0.681125680716043	0.55046354075607
-0.391724305318784	0.191524028484181
-1.35107339402949	1.18248216137797
0.671523484063149	0.334704051901253
-1.14248004024407	1.02033130172564
-0.686749044698813	0.508320544769257
-0.167844965554481	0.0869955704368866
0.584789793668832	0.379972034303177
-0.766441749899156	0.663094658546721
-0.877277380430432	0.577081252829866
-0.119466645047769	0.0730195618404143
-0.103877372062926	0.0288628201081387
-1.92883015284058	2.41192085964052
0.0479444191794637	0.0241924711034532
-0.93893289575533	0.734006664912678
-0.167822568183777	0.0869921519796813
1.21238000227573	0.971369902993594
0.399558829422796	0.340706732944273
0.128382892136535	0.0569893614731727
-0.285113899572739	0.186378443168237
0.163521087137834	0.108760112686365
-1.68633971949454	0.703563702264362
0.398607063386386	0.276821936720652
-0.422363725502875	0.236700130314835
-1.35083692672937	1.18239134984024
-0.472033637882765	0.32898027204842
0.71214042126202	0.546631460156574
-0.00654276926370439	0.00365105635225601
-0.766547614007605	0.663120820841962
-1.22591833379284	1.32031712000427
-0.433184674513129	0.364519878038037
0.602279817140659	0.582897967718392
-0.938971978520868	0.734455823851989
0.211887954999951	0.113856287486724
-0.298946691877838	0.237766403306769
-0.720065159764406	0.767703482283893
-0.358588196149511	0.23002237558786
-0.449196621979601	0.406822611660208
0.196684959888842	0.145864602457353
0.142052828198632	0.0888586735653421
0.54679022047352	0.399511882423471
0.11627031625817	0.0681082454094151
0.0479444191794637	0.0241924711034532
-0.100517289863626	0.0534489339909363
0.163309752377474	0.108589945028276
0.588814454473303	0.592047060816601
-0.471866405691572	0.328853477360802
0.0584409984340268	0.036915350809846
-0.792066289731086	0.630748823283636
-0.449328790336753	0.407000668559091
-0.389852625870065	0.276150525589661
-0.50046630222451	0.416155403630056
0.399279259902007	0.32489092294034
0.181375246212359	0.127661746302116
-1.52283520394249	1.22073671253041
-0.0487822222888425	0.026595821843986
0.917493168960845	0.884712128619311
0.546803549672268	0.399551531032605
1.34298968142901	1.01511461811393
0.196677964076169	0.145868147294492
-0.422277886081322	0.236628606264027
-0.322181024893116	0.23204661658807
-0.00479980150253003	0.00222543899707575
0.584751571128831	0.379962887188801
0.769730612762067	0.713415955765321
-1.44919913680901	1.34593887864065
-0.934118015430441	0.914046639201442
-0.461970570480696	0.447447446289047
-1.0443084110125	0.874649006739739
0.39899340656642	0.277103771022362
1.26786196807041	1.31690885537426
0.116307687959683	0.0681343944936411
-0.26554880296696	0.194126969543783
-0.573056252013549	0.392154337670413
-0.414001779626925	0.321054394591022
-0.572871632750994	0.391841686089549
0.399698378494952	0.245331839655781
-0.224416920480156	0.149326489856746
0.0586109535655877	0.0370290854361946
-0.358653698911515	0.230066631527229
0.564242568767649	0.389576900413468
0.163606102560209	0.108818672900978
-1.10660760351608	1.48394145936372
-0.131106092943825	0.0900693868095668
1.45566306966498	2.09409872670101
-0.674765676785215	0.545649823465162
-0.167739102520525	0.0868823712232745
0.399482601711874	0.309510248663981
-0.568481019853327	0.350153375981782
-0.358588196149511	0.23002237558786
-0.00490723824214601	0.00227607344204021
-0.573069444667283	0.392154228921532
-0.701832486364182	0.471016343360915
0.968861394372827	0.894764321872648
-0.472047704335293	0.329071112036136
0.898279554878711	0.722903072271464
-0.0488223758110372	0.0266260448981406
-0.107333850039996	0.0821536891304139
-2.24945462789665	2.72747772621142
0.398858126103384	0.277086879421163
-0.390037371011563	0.276419788363124
0.0185410853283632	0.0124748888188237
0.399562329483327	0.340638691694545
0.163499186639607	0.108735858602432
-0.131164345483986	0.0901048674294726
1.58601963972952	1.82444204886059
0.399145891651284	0.369872811896577
0.702194196784532	0.893377196382218
-0.00844750902079572	0.00544355644903052
0.51280296993901	0.436612787781603
-0.747006414651001	0.697678094612967
0.0583807005428617	0.0368824650389447
-0.171807943033785	0.102948482806925
0.163438542313277	0.108699687883226
-0.366281584733911	0.358630733469294
-0.00807535621702306	0.00520516817189816
-0.171854279210956	0.102994903376511
0.399386507498078	0.340517384533603
-0.299013141070043	0.237825804071924
0.313378508050284	0.278505570202133
-0.747071538984321	0.697751766608455
-0.224468311403556	0.149348426055333
-0.0393981764029331	0.0249849676031559
0.0583175884876117	0.0368387315914876
0.399497104185646	0.325254990433101
0.276556128649085	0.193436235303888
0.264815958511053	0.174624707221394
-0.171961096389896	0.103053583967166
0.276662130961792	0.193532353478315
-0.792029090058758	0.630725452876737
0.0584218523132793	0.0369098436699805
0.76959729993245	0.713177830099595
-1.01073401163232	1.04579152609069
-1.51116602461278	0.927694205065401
-0.00645917082308286	0.00360555572465806
-0.573148582352656	0.392220049465515
-1.23419584163087	1.17009205934247
-0.82521645061763	0.599532139278292
1.66358897460334	1.51640910704017
0.79649870309776	0.546379576538645
-0.235316786021102	0.137981180349472
-0.358601625161616	0.230018412531975
0.250684905061533	0.155242539654961
-1.4789333563747	1.64762539341322
0.399241455715525	0.293334087412803
-0.358286371369422	0.229658875533436
-1.22591487824436	1.32001981906622
0.276556128649085	0.193436235303888
-0.701801990339726	0.470952990233888
0.276662130961792	0.193532353478315
-0.449544062178421	0.282531156107745
-0.939077485445265	0.734512322363123
-0.413856609751681	0.32103831463558
-0.217410789822541	0.161083572869334
0.803996781242706	0.712059316844062
-1.44899127097839	1.34616571840251
0.564250149840858	0.389549415415737
-0.701870683447116	0.471060482975925
-1.0109037146347	1.04650903893007
-0.235316786021102	0.137981180349472
-1.40182099425293	1.05074397500167
0.522467618245619	0.423938836998602
-0.746944135550892	0.697466632412004
0.294583424130792	0.229073862185232
-0.21747622332068	0.161139158750961
0.251107919181734	0.2315506970676
-0.472084972467567	0.329086525090447
-0.235528417687142	0.138093242377677
-0.298972855797397	0.237791115055507
-0.13108178201676	0.0900649149244417
0.656365460204942	0.556840951197036
0.10494279492139	0.0741722381789076
-0.119545471464112	0.0730778713492053
0.656259339378735	0.556754166748311
0.564324718997456	0.389655936649954
0.512868702446158	0.436656332232589
-0.389904182000159	0.276324804610237
0.294456049888475	0.228906959816142
0.0423814853970688	0.0300328030402259
1.08199373502602	1.08398592332374
-0.131151081550929	0.0900864556652895
0.0290643313532979	0.0172360612881144
0.264681545443047	0.174556420254131
0.929532569097909	1.04541644150442
0.602217904967972	0.582701867989042
0.54679022047352	0.399511882423471
0.681195083204236	0.550500792823466
-0.889789726075743	0.758188605908356
0.242073506036721	0.214695141521734
-0.176850638734612	0.144676461473467
-0.413982629671486	0.321139429957632
1.37272275959094	1.53224599844284
-0.529832558899293	0.574779798759551
-1.68832263178155	2.15942370953752
0.399326799468722	0.370168690426846
0.5847357691575	0.379831069254859
-0.579609371455788	0.475322445246199
-0.235211272959703	0.137888266645417
0.711915228195204	0.546557048928131
1.15473009233139	1.1091368898902
-0.285007010964892	0.186314582604357
0.735787305980269	0.882184135183001
0.313487041310955	0.278609543579124
0.209631472171883	0.163206564584607
-0.576956172384241	0.434247580911962
0.286353621089143	0.21159382496386
-0.284923432219298	0.186232006972448
-0.487688538815458	0.372809546750251
-0.449649024133895	0.282626986880979
-0.665776664088426	0.58385482272296
0.0835112294018514	0.0559228835432487
-0.47190363868862	0.32891647785336
-0.314883095294388	0.18046152778602
-0.034610477668306	0.0247004503221773
0.972465931823031	1.05493761996588
0.497156077798762	0.461611415336602
-0.217493608406643	0.161114128298981
1.11255166293503	0.937740334633732
-0.471987262164561	0.329014669520781
-0.0489803984799141	0.0267132188815541
-0.471987262164561	0.329014669520781
0.211887954999951	0.113856287486724
0.398895517433152	0.277116160983013
0.398873322187915	0.260949289938167
0.286101104435843	0.211295404085997
0.504395950512197	0.449166470865585
-0.326181664826682	0.279912875467181
0.0290627520003243	0.0172349600444844
-0.171952098581378	0.103047850133584
0.968549755849973	0.894382250245405
-0.00840262799863025	0.0054152268864909
0.512739851557972	0.436540967621389
-0.58373420454877	0.556543794496588
0.804150196357836	0.712431712436207
-0.0394638266369213	0.0250273580585416
0.313342280019726	0.278346602549144
0.711876100216125	0.546394638638759
-0.897235938642563	0.939821244116649
0.398895517433152	0.277116160983013
-0.175772347454021	0.131737219307016
0.116391353791918	0.0681832637592717
-0.217579706189392	0.161150359813106
0.399135337315706	0.293206775102603
0.0289568043675961	0.0171732158028847
0.398849230316022	0.277057537590374
-0.358680527282511	0.230076669085373
-0.100719535592776	0.0535595262511556
0.250592487483807	0.155172004789474
-0.119677366473292	0.0731471910441104
-0.171831111220029	0.102975093490661
0.163713019558149	0.108875768416847
-1.22610344709485	1.32018660058271
0.399493311157774	0.340648530554729
0.116451858679516	0.0682159522077023
0.286227407877686	0.211463970334282
0.0583807005428617	0.0368824650389447
0.769623073931675	0.713199877922648
0.142052828198632	0.0888586735653421
-0.35160622414567	0.276264765452183
0.845978502253242	0.714741204026359
0.71182270436237	0.546419306318742
0.656180365938769	0.556560417149379
0.546882652287686	0.39961135638563
0.398858126103384	0.277086879421163
1.48110243286796	1.58954913573289
-0.877084922463205	0.577091573709713
0.234029943286015	0.135426106733778
0.141972601536965	0.0888084008407711
0.533413147285571	0.411261900516729
-1.21646181706248	1.61783104388596
-0.217479677185733	0.161078881488715
0.155600218387415	0.126753285450839
0.105075745602191	0.0742611086247324
-0.0491519027542736	0.0268024821055204
-0.00667717656401973	0.00372485518624013
0.221554871682995	0.180596168149768
0.211895891785283	0.113859386997973
-0.167715939625543	0.086928424290891
0.715400384218384	0.720358404474324
0.163397194928647	0.108655313544341
-0.32201386012934	0.231860376653194
0.209712239774351	0.16326463549996
0.141944077139845	0.0887738399296703
-0.395663406989814	0.361290176411202
0.584721353956748	0.379925831477889
0.681293034901226	0.550472011957838
0.294669620325618	0.229140922317883
-0.889813078580762	0.758273976852272
0.490646966265987	0.473802742500122
-1.3203986392216	1.32463964307793
-0.0489013694262602	0.0266701962197787
0.6070937235966	0.368145307451031
0.286482495123052	0.211703912226392
-0.322054918949587	0.231926205197877
-0.314943947858019	0.180508496860338
0.209764225756806	0.163333422516228
-0.472145435547435	0.32911333829104
-0.224336677934566	0.149274089294747
0.711861766568871	0.546369917782611
0.250711605847258	0.155245755704872
-0.315012604577116	0.180519573244866
-0.217603722736994	0.161225948096316
0.584789793668832	0.379972034303177
-0.0758420447116388	0.0472493626621867
-0.00637557637037879	0.00355970996600095
0.804029465539626	0.712392747137759
-0.576979499479811	0.434315794257747
1.02238575150709	1.06666914591894
-0.665773692590593	0.583973930211519
0.1420256374432	0.0888443640776842
0.399190814322264	0.261121611043745
0.917253653961805	0.884186672243287
-0.518803753380631	0.498766395537524
0.898534056931897	0.723499377018564
0.221612631380022	0.180649625956717
-1.00945513744605	0.719425138137918
-0.889956812825115	0.758402852078309
-1.40188477168528	1.05085158297314
-0.487608320482119	0.37274814708529
-0.322266028375118	0.232102188709418
0.522361610077758	0.423873731893028
-0.472047704335293	0.329071112036136
-0.131233499060858	0.0901795833894835
-1.47870072698841	1.64705484344262
0.546882652287686	0.39961135638563
-0.686958713339299	0.508381254265831
0.234306721965948	0.135608476227016
-0.487608320482119	0.37274814708529
0.116368199676192	0.0681703696479722
1.36212966873912	1.19733244835361
-0.265680101467543	0.194226915105528
-0.939143234552252	0.734645723530448
-0.326188804154412	0.279936145025404
-0.581555343950065	0.51639606863397
-0.653581818564943	0.660076410351881
-0.28522486854119	0.186431013075127
0.838274447403973	0.876904626318797
0.276689402129867	0.193541003738113
0.104743245653756	0.0740199231291502
0.845952734120206	0.715189374908091
-0.224283721636834	0.149230159915673
0.546816875156251	0.399566848469562
0.0857035906830453	0.0467362147826808
1.18695265402208	1.28220770319229
1.58595025247397	1.82431171344876
0.25061916968494	0.155193208312974
0.17856779616299	0.0880459181741458
-0.577146638675989	0.434429840249087
-0.17191476584973	0.103033463272345
-0.472131338862803	0.329112025572246
0.512824885374524	0.436647875751912
0.28639475084546	0.211604828749654
0.264732361595383	0.174574594918419
0.674871439343272	0.730956829875266
-0.792066289731086	0.630748823283636
-0.100532689740455	0.0534621458761021
0.294345367414453	0.228800712823426
0.963554013368603	0.737102462140653
0.294624588337035	0.229092284949089
-1.22583347291121	1.32011287379601
0.606732450583422	0.367923078259537
0.301264006479485	0.245368337313708
-0.390063176806021	0.276452098473583
-0.791945482047303	0.630661225316363
0.674798734663243	0.730950141111018
-0.674979038043576	0.545799116154301
1.45567610522242	2.09527574570452
0.680981438499674	0.550257678966188
0.399019063877058	0.261052466805314
1.64832620840126	2.2258774356218
0.606999733160499	0.368112755368252
-1.04420268594293	0.874225060290528
0.0855972236079637	0.0466817565088722
0.803922568196068	0.712192740421232
0.680897744133689	0.550020700954404
-0.933888438208591	0.913869462420194
-0.449641252180695	0.282629245641421
0.892930837050421	1.0395784959162
0.286501692822054	0.211716469912503
0.250368394130716	0.154969982860933
-0.573135403447075	0.392220170007954
-0.119332055713698	0.0729221946382817
0.874798937057536	0.879642881682537
0.141944077139845	0.0887738399296703
0.750868604531952	0.54636055890442
-0.500138255989741	0.415949444097617
-0.358653698911515	0.230066631527229
-0.00657979808016496	0.00367176203867503
0.399624374491165	0.325372109335796
1.12030004251093	1.25744286931594
0.250856326202682	0.155333043784006
0.512698605043471	0.436482208723404
0.846031860202732	0.71521854127108
-0.0490461137062827	0.0267468360349336
-1.63519892643573	1.39549661695138
1.11256634242361	0.937710941311817
0.264718600927762	0.174588722278937
0.399240135763075	0.293323481760192
0.399419373310531	0.309418425129263
0.399562847415415	0.325330940942825
0.286545576800344	0.211745782117452
0.715507167060038	0.720447115157577
-0.173832089409108	0.117617618957449
-0.235475303257102	0.138083428952403
-0.500203818321057	0.416021304548639
0.740492528179604	0.716046992649911
-0.00477832280722481	0.00221735527016294
-0.0489536777384871	0.0266950254107167
0.564137604557153	0.38945059624571
-0.167647468271265	0.0868700825002316
0.276609133537466	0.193488659541977
-0.665565860044932	0.583781834448672
-1.14262392140449	1.02071657436321
0.497323089950261	0.46184531937003
0.0585946038137859	0.0370092215808578
-0.449420320191667	0.407086076013793
-0.0760727161610578	0.0473915429084817
-0.568511406865005	0.350173903370174
-0.100727214653496	0.0535560137029474
-0.449551847246755	0.28255524491248
-1.04438698797144	0.874823359724042
0.546961719451806	0.399642103935353
-0.658595338348797	0.621955343661036
0.276821078379656	0.193605143329561
1.02254635039986	1.06701992887898
0.250368394130716	0.154969982860933
0.0832901482158074	0.0557734875345424
0.52230708112406	0.423835271535181
0.264597924244184	0.174496820223054
-0.285076935050368	0.186315869673887
-1.29929973177386	1.47253333977019
-0.0761164605046595	0.0474209476110106
0.142133049799469	0.0889005170529464
0.276687851535201	0.193548878671475
0.264634988622785	0.174528423682581
-0.701954205111435	0.470997917343372
0.264551372342609	0.174450099076039
-1.13154295188984	0.867783868580836
0.264574648130701	0.174478236700459
1.2977483356233	1.66225846886558
0.399607087468157	0.340593485452162
0.301624426483687	0.245890779392786
0.398793855759975	0.26086314753592
-0.167792228123067	0.0869736387408147
1.21229417889242	0.971023102627933
-0.358338199255754	0.229763232599452
0.399016555113696	0.277125062239942
-1.04443849416344	0.874753778962291
0.39927558823212	0.340363933062622
0.968763405945866	0.894851243166186
0.846031860202732	0.71521854127108
-0.968033043844823	0.567023112730889
-0.224362360916797	0.149289333907045
0.504420463654406	0.449147231085128
0.546895990778706	0.399626688998168
0.141919557864797	0.0887687130470317
0.399591436244457	0.245265409014508
0.276580329693046	0.19344851355763
0.53323209335637	0.411160796994751
-0.224307793196518	0.149216619470666
-1.13147421927421	0.867563171264953
0.588748066995233	0.59200760590694
1.21253157563892	0.971232920512448
-0.732114848484512	0.441422043241892
0.250579140813568	0.1551468753094
0.564437296550224	0.389617501213836
0.264551372342609	0.174450099076039
2.11200842438136	2.96329788203651
0.91735983713384	0.88459815617751
-0.314829114370994	0.180396854124777
-0.746836607530863	0.697370404864275
-0.314936050194936	0.180496880170545
-0.766467382827036	0.663135102628169
-0.0065935539137356	0.00367940017156973
-0.577327431972234	0.434411818338388
0.769623073931675	0.713199877922648
1.08182495853407	1.08349838901012
0.693756835462802	0.725337625091135
-0.577076671192185	0.434336142010334
-0.0947125918300153	0.0659933735364849
-0.472047704335293	0.329071112036136
0.635627197707316	0.565069375339754
1.18687113800311	1.28186897875034
-0.314928072102401	0.180459211008952
0.53323209335637	0.411160796994751
0.564339939851966	0.389626426333852
0.681088260233002	0.550461509138893
-0.389798224379841	0.27617873057893
0.635459381759895	0.56483017811683
0.399517607121712	0.325283423741794
-0.119572665333446	0.0730925935206141
0.968656580278954	0.89475746323902
0.294452154904269	0.228940098432368
-0.171854279210956	0.102994903376511
0.874500038233403	0.878976319401561
-0.487606675292995	0.372750836390607
-0.039439317665799	0.0250060004000574
0.399583361571094	0.325359390748264
0.399526295151965	0.309538833718973
-0.173728020048257	0.11753891692866
0.635734111800497	0.565150333147693
-0.00623169814283398	0.00347992391678904
-0.10062225280412	0.0535115969827204
0.546724411633398	0.399465628855253
0.398630197161081	0.276859229197656
0.286290525771017	0.211533426053093
0.0290370556228624	0.0172206399698484
-0.390143390150611	0.276470382539367
0.234119701427991	0.135495466226445
-0.322032975668386	0.231903465341743
-0.322096027819269	0.231968199161496
-0.686906702044741	0.508417242046547
0.0290354800723843	0.0172179111621941
0.399660064812808	0.245317382260872
0.264588433083303	0.174461165469055
-0.285104268291679	0.18637524470887
0.617876537585669	0.573905355454488
0.142051476455936	0.0888577884553235
0.399621764926025	0.24528629890332
0.116126097415367	0.0680078566263147
0.632046398741327	0.352597545210657
-0.389822567124657	0.276209731907798
-1.35059575035503	1.18172808417882
-0.348089349843465	0.320058529456619
-0.449544062178421	0.282531156107745
-0.389955764282231	0.276364109155234
0.0835112294018514	0.0559228835432487
0.399240135763075	0.293323481760192
-0.0486779129594599	0.0265406888410703
0.0288492790676066	0.0171063524837311
0.399218376667999	0.369964660976577
-0.674579591195471	0.545223020806348
-0.0759901648345779	0.0473452882734231
-0.119359254656873	0.0729448682063679
0.0858353222994158	0.0468161299105287
-0.449551847246755	0.28255524491248
-0.389982968519614	0.276402027316149
0.211865671605164	0.113835246684773
1.36837342604012	1.36380080845913
-0.100809177603537	0.0536037457387776
0.141998448683475	0.0888256576774279
0.301431028422242	0.245728277307987
0.0480130451548229	0.024225429664649
0.635374287864194	0.564629028837333
-0.35874606176488	0.230128359214925
0.399587501082125	0.32528713958625
-0.284909796442049	0.186208505440676
0.711835729156345	0.546436820610805
0.845846953081435	0.714973032125146
-0.583933081685749	0.556659176370974
0.399704247347247	0.385127023877231
-0.701801990339726	0.470952990233888
-0.1843733468576	0.0790649086662853
-0.358640290259768	0.230034639766072
0.128496054262865	0.0570471936487537
0.399629756186755	0.245296505376421
1.34298968142901	1.01511461811393
0.0290386308033832	0.0172194422525343
-0.284946743038968	0.186258778585444
-0.573161765273624	0.392176229876356
-0.3518681556598	0.276580045277437
-0.98145256366974	0.891200517436491
0.276686300569109	0.193508117395282
-0.852563147890518	0.785844565177501
-1.32055891555586	1.32494214197076
-0.358838437756147	0.230161188232916
1.68389241107195	2.06545391941086
1.02257212127383	1.06706916732697
1.03228811396477	0.911373667372357
-0.581531321742681	0.516249288055892
-1.23437621508855	1.17045853727708
0.533292453228994	0.411220850834707
0.196505607634886	0.145735446962698
-0.665414863495902	0.583529006517462
-0.573161765273624	0.392176229876356
-0.389876979031048	0.276305805054114
0.874733372651614	0.879546458639137
0.0857428988252296	0.0467687674262433
0.617592996401604	0.573602115923189
0.0479061058216731	0.0241734985376833
-0.00635228232034153	0.00354698853506701
0.163628004413102	0.108832428913685
-0.852541166752993	0.785872227558357
-0.26554880296696	0.194126969543783
-0.686722096742145	0.508273973989328
-0.224574291726157	0.1493822359724
0.845833637736842	0.714834002688832
-0.358719266708361	0.230082368721598
0.490762156200957	0.473981561701064
0.497176170399837	0.461686114752281
-0.173854045087214	0.117638793695144
-0.573293818099177	0.392293154873551
1.66367519661399	1.51663816830781
0.211956415974128	0.113885749261243
-0.576942594038448	0.434274061427803
-0.702061148447174	0.470945196729944
-0.581448545316625	0.516184178027551
-0.075798222718319	0.047215301015411
-0.791838664214195	0.630355242517293
0.92979544469033	1.04613960732077
-0.578918889346183	0.474554934503607
-1.14870428960968	1.17217190386863
-0.100353717964887	0.0533549282245805
0.276475847907459	0.193356630316495
0.104983037818287	0.0742023474051644
0.0828382842492208	0.0645463187224026
-0.119625687146688	0.073124812578289
-0.171816972074702	0.102965328684015
0.974175882880497	1.21092773547196
-0.499990261721044	0.415683518855422
0.874777087030697	0.879653666456889
-0.322287948489279	0.232095083624974
-0.48773985319078	0.372891051623747
0.845926088576779	0.715062270678513
-0.449649024133895	0.282626986880979
1.48111575292373	1.58971426281971
0.399456082929561	0.325150043240249
-0.217345378121757	0.161022659194176
0.196571155039691	0.145799378267807
-0.00629198591006161	0.00351353991767755
-0.0489670362588258	0.0267049448325151
0.0291429888016969	0.017280972797924
0.512764260738263	0.43646290380295
-0.510502494070374	0.45794090685494
0.104809778461194	0.0740730848898321
1.89230437179661	1.63181515054755
0.963477527286397	0.737109537115533
0.0583175884876117	0.0368387315914876
-0.422320938196137	0.236638315029538
-0.746965674104659	0.697538837656829
0.558743910902164	0.623946656537059
0.211895891785283	0.113859386997973
-0.732207785471608	0.441468073086455
0.399019063877058	0.261052466805314
-0.284960393323697	0.186248011498073
-0.37620999787926	0.319901497700275
-0.801834027688405	0.848161563336183
-0.449069419618803	0.406617583551957
0.123407352794006	0.0916878444239555
0.116368199676192	0.0681703696479722
-0.285127572665304	0.18640202474893
-0.967920770914226	0.56691647468837
-0.00473520578037929	0.00219591531042473
0.276581864658763	0.193470468193327
-0.56857990501294	0.350166387556922
-0.00475680929605525	0.00220672361861251
0.234209408113983	0.135557017197127
-0.173873205805169	0.117633901391615
0.178408925233274	0.0879707492156317
0.250684905061533	0.155242539654961
0.584721353956748	0.379925831477889
0.711941293208047	0.546490151457986
0.512953741925571	0.436677869543888
-0.0394021869687792	0.0249870624350815
0.497369553260182	0.461892949717221
0.264634988622785	0.174528423682581
-1.14272135010516	1.02079220806414
0.399190814322264	0.261121611043745
0.83812232801213	0.876582734080381
-0.686512824090886	0.507986633485621
0.522281329542169	0.423797055534019
0.399109451867775	0.293122136863222
-0.0759489641588138	0.0473161986698993
-0.224442612976316	0.149344680362211
0.796629057528294	0.546502925119404
0.398860270688586	0.260928559216684
-0.449308426980827	0.406991087215356
-0.500117645690407	0.41594675017541
0.0289552406293329	0.0171693793902521
0.178078535713941	0.0877459986019668
-0.0759244901058836	0.0472976538205904
-0.224309396879475	0.149251198329982
1.12030233812361	1.25777863394742
-0.348227758837327	0.320218394382372
0.0289840778068076	0.0171894330672799
-1.00945513744605	0.719425138137918
-0.487555395458036	0.372661743498495
0.0288780997559482	0.0171251235675729
-0.801589579730977	0.847760717326087
0.0345047109930047	0.0268788020579371
0.30772086020475	0.26219763713504
0.845952734120206	0.715189374908091
-0.100540405818408	0.0534632011451723
-0.0789466320583325	0.0354412383139809
-0.510508360746495	0.458157320115953
0.196791762552259	0.14596683233119
0.0856504615516148	0.0467163223346054
-0.321928906871781	0.231766108461651
0.163436065309358	0.108691569460196
1.36831997193212	1.36351409835264
0.853008292739814	0.546628030187236
-0.314982198182125	0.180510673545541
0.606854759600209	0.367937503742949
-0.00471351223080486	0.00218494087160831
-0.967920770914226	0.56691647468837
0.398811843473839	0.277059701974975
-0.171937931217338	0.103046922596437
1.7319054727028	1.9146344812991
-0.788343745757691	0.414362328106443
-0.472205907833513	0.329124538961589
-0.167814701890377	0.0869867978736486
-0.00632898795488209	0.00353408767115909
0.0837041635696377	0.0560538686655978
0.085809101416214	0.0468035936787465
-0.119413646587186	0.0729782863760738
-0.51861588676007	0.498505436112912
-0.299013141070043	0.237825804071924
-0.00637557637037879	0.00355970996600095
0.512909913035259	0.436711637663413
-0.889836430756796	0.758278106424201
0.142052828198632	0.0888586735653421
0.0290643313532979	0.0172360612881144
0.0584218523132793	0.0369098436699805
0.264658266871447	0.174547011346903
-0.571618661584741	0.312525279780433
-0.413982629671486	0.321139429957632
-0.358653698911515	0.230066631527229
1.47069309243724	1.75625356964095
-1.32938572253344	0.733074998982863
-0.0488491633688526	0.0266379092504318
0.234022345651087	0.135419850996738
-0.939064223681972	0.734584867529678
-0.70190117287605	0.471095771394012
-0.0947388678669597	0.0660126012466129
-0.568473274508818	0.35013698342253
0.399690400102612	0.24532046887855
-0.391732523448923	0.191484277454062
-0.568481019853327	0.350153375981782
-0.171961096389896	0.103053583967166
-1.13164225147126	0.867764086305046
-0.889896617486106	0.758357339826199
-0.358653698911515	0.230066631527229
-0.119465260841818	0.0730241295804546
-1.00962268959251	0.719542660462454
-0.260264417486449	0.131354868014329
0.365690195287924	0.15027180821769
0.533376076879672	0.411247392753159
0.307568730364768	0.262032565107844
0.25052672039259	0.155123588624536
-0.11965016965936	0.0731244973706263
0.0289840778068076	0.0171894330672799
-0.2533001092088	0.203601929046433
0.0857428988252296	0.0467687674262433
-0.889789726075743	0.758188605908356
0.968907660425431	0.894680981991094
0.181161707247234	0.127465686323971
0.617704044951954	0.573751586513024
-1.22035060224954	1.46996072425428
-0.499904609919789	0.415608076245927
0.105029408368081	0.0742345750140804
0.181071152637485	0.127375241815767
0.399248595251253	0.355362739185054
-0.659008128254439	0.622396171256163
-0.585270283144339	0.667496681520561
-0.326282921574832	0.279983944213401
-0.252999961565679	0.203277186516238
-0.171952098581378	0.103047850133584
0.715182695447538	0.719780686300919
-0.173769055054967	0.117569809360543
-0.358536204185177	0.229923387816294
-0.322137186716877	0.231987050042715
-0.119465260841818	0.0730241295804546
0.972339558644507	1.05466068289494
-0.0489415173073643	0.0266850504474818
0.0832245071972136	0.0557223041876927
0.250579140813568	0.1551468753094
-0.471940885671565	0.328935283128993
0.286312443114443	0.211562843707214
-0.224363956956832	0.149288353019299
-0.390063176806021	0.276452098473583
1.28505911174188	1.48944337418782
-0.939156482635233	0.734573163138473
-0.0786652342337771	0.0353041509350032
-0.235343085069702	0.137969584760359
-0.449738456594333	0.282686420755686
0.398873322187915	0.260949289938167
0.58482001808895	0.37997695034666
-0.167822568183777	0.0869921519796813
0.0479827463402476	0.0242098150145323
-0.314806633342869	0.180404619625564
-0.500449840731595	0.415968532576147
-0.500074420317747	0.415863932501337
-0.167844965554481	0.0869955704368866
0.178408925233274	0.0879707492156317
-0.500248816324381	0.416075405525705
0.63543755037969	0.564789288279985
0.286501692822054	0.211716469912503
-0.217386798813199	0.161055170874197
-0.825232150203982	0.599654790054676
0.294755810663967	0.229188035861915
-0.766359856860222	0.662954716710527
-0.265655577152492	0.19420060457605
-0.85258513378082	0.785727272580979
-0.26554880296696	0.194126969543783
0.058443790022945	0.0369248768508539
-0.217472896625838	0.161120018705492
-0.224466731562708	0.149296130589758
-0.413774697789642	0.320922462967189
-1.47887049999173	1.64764091153487
-0.577086391382454	0.434395001497962
-0.119625687146688	0.073124812578289
0.838360729437366	0.876949959289591
-0.212576391894844	0.172435175292425
0.204066543855617	0.194555346901739
-0.658746694522627	0.622188073930247
0.163436065309358	0.108691569460196
-0.414067627369576	0.321199031531157
0.250737202542004	0.155249271773575
0.123464934646896	0.0917372677950668
-0.766921861134754	0.909857938987361
0.693950231920721	0.725377615588946
-1.03366331974116	1.2000162830891
1.17360355123181	1.59865981506235
-0.285043981003217	0.18633542576247
-0.173982954598215	0.117708458388327
-1.35099453460357	1.18251242155464
-0.100793899580135	0.0535980179050429
1.24605773420729	1.14538666943175
-0.686656780325162	0.508238057982816
-0.35874606176488	0.230128359214925
-1.83912852621356	1.75953578805059
-0.235488423181181	0.138083855479216
0.264574648130701	0.174478236700459
0.234112079861019	0.135489192248169
-0.00887297177040951	0.00291884997088316
-0.422277886081322	0.236628606264027
-1.14284206030825	1.02073155485904
0.142026984342139	0.0888324262134955
0.276422828346798	0.193285347164671
0.276609133537466	0.193488659541977
0.11640554574906	0.0681864626339526
0.644488060704326	0.746134185761975
0.968907660425431	0.894680981991094
0.0290370556228624	0.0172206399698484
-0.50003366272126	0.415736790615178
-1.24501373386669	1.02209610358304
0.234029943286015	0.135426106733778
1.2460805514049	1.14608745729724
0.0854252651203599	0.0465753906061697
-0.00650575303563362	0.00362995040657906
-0.351995588476625	0.276684378744971
-0.0761991489672372	0.0474598588877058
0.504806425447381	0.449358036248633
0.399801027209005	0.325508782495425
-1.14280493815631	1.02084195360638
0.313378508050284	0.278505570202133
0.584644909741346	0.379823349107698
0.680906541731071	0.550094280150441
0.399801027209005	0.325508782495425
0.128617894345499	0.0571115897629187
-0.877128198496476	0.577191008258668
1.34316444194402	1.01510003139785
0.602094402203679	0.582308859116664
-0.006422163534817	0.00358458688008767
0.276713566146756	0.193546048520699
0.533111348046998	0.410967245492059
-0.224363956956832	0.149288353019299
-0.449730708473686	0.282688698372418
-0.100524984420176	0.0534573894442428
-0.422256203593566	0.236584739055081
0.6563136995897	0.556790487890074
0.163545465520998	0.108760223168551
-0.298681060259313	0.237447909614573
-0.579255505788466	0.475298800982053
-0.568473274508818	0.35013698342253
-0.791945482047303	0.630661225316363
-0.665521819029769	0.583797970147497
-0.510508360746495	0.458157320115953
0.250632505219279	0.155190304364966
-0.701832486364182	0.471016343360915
-0.265331425625766	0.193898436806191
-0.0394187444678999	0.0249961651205256
1.36851924853759	1.36370108964016
-0.877149112430242	0.577216000555005
-0.579047233084989	0.267435837190726
-1.67058051825447	1.12073625462147
-0.472024518616386	0.329044883502682
0.584751571128831	0.379962887188801
0.796434639915807	0.546296788418666
-1.40171654076873	1.05012262395993
-0.981398114737543	0.89108804281965
0.656234728821609	0.556537976415837
-0.578816726523907	0.267137751477965
-0.791871143337214	0.630390709467059
0.0422012286597865	0.029872051855644
-0.0760314155104479	0.0473703860597685
0.196812447404238	0.145987123372345
0.5469093255531	0.399618657335497
-0.433425532275609	0.364761001663511
0.234194106334154	0.135535242488063
-0.171937931217338	0.103046922596437
0.711835729156345	0.546436820610805
0.845807667058939	0.714953390541008
0.083531860600796	0.0559422626006625
-0.699247102304186	0.833511681599796
0.0186794610530569	0.0125692209146826
-0.933992156297381	0.914003033691674
-0.719653056135599	0.767329384359328
0.522199546042069	0.423640144248227
0.0290643313532979	0.0172360612881144
0.504437055003611	0.449193999168316
0.28646056595442	0.211694108651968
0.564152751246519	0.389471809180536
-1.00952368242225	0.719592912783372
-0.285104268291679	0.18637524470887
-0.376031363505098	0.319750089878646
-0.376204428712321	0.319882435630065
0.39927558823212	0.340363933062622
-0.792066289731086	0.630748823283636
-0.00648246208559319	0.00361788921927842
0.234217042819429	0.135554715301903
-0.285080963587514	0.186335439955397
0.141945413134548	0.0887896964119642
1.21191365543116	1.45656340224725
0.399314662876828	0.309202846658573
-0.933929260638794	0.913928254492498
-0.792103503205385	0.630676821498528
-0.314913534863782	0.18049000784073
-0.358719266708361	0.230082368721598
-0.674818648861795	0.545711507796161
-0.568481019853327	0.350153375981782
0.0182870914839333	0.0122997815009644
-0.0760508511526107	0.0473733456090217
-0.487606675292995	0.372750836390607
-0.119652878662126	0.0731350870173091
-0.00488584384338446	0.00226550049600557
0.898354420160912	0.723312999645903
1.30817931439108	0.797679491776654
-0.167814701890377	0.0869867978736486
0.928880311944051	0.545314341145758
-0.391490026470118	0.191378721986921
0.968786534258991	0.894783796754406
0.116224017930216	0.0680787722672144
0.163671793784879	0.108844312873
0.584713362680071	0.379926319520258
-1.40175994456982	1.48426246745865
0.181551804261509	0.127792825572201
-1.32087649878486	1.32458990331446
0.52230708112406	0.423835271535181
0.250513390435162	0.155108504066862
-0.889813078580762	0.758273976852272
-0.500289997067372	0.416050158083887
-0.233438004124338	0.218028625924495
-0.510427708774961	0.457907554625565
-0.648453406768735	0.696391400359992
-0.0082716539685023	0.00533164399155396
0.6356684869711	0.565026076353992
-0.433490984422864	0.364800092627028
-0.686656780325162	0.508238057982816
0.564152751246519	0.389471809180536
0.656285226223935	0.556752931738205
-0.572990344273574	0.39206853349588
-0.22428211378869	0.149219672599838
0.234127312196873	0.135493151380613
-0.00490723824214601	0.00227607344204021
0.163732271593213	0.108881835348847
0.232118420869378	0.197580096070396
-0.568481019853327	0.350153375981782
-0.825053757516349	0.59945569070679
0.906550247167224	1.19612086809581
0.588661478391186	0.591862849675889
0.104777143171935	0.0740169569923832
-0.665543837243447	0.583813760351764
1.12009268579754	1.25646413406069
0.740473234131663	0.716223363511951
1.6837855144885	2.06536688342019
-0.0396198870409477	0.0251239671273293
-1.00956173625136	0.719582795507295
0.50445759985372	0.449177651062902
-0.877084922463205	0.577091573709713
-0.39008898908593	0.276452622310432
0.181399908429285	0.127687118867493
-0.413944578834918	0.321010097492682
-0.235554617857959	0.138124741028281
1.73195773944914	1.91382278849291
0.234127312196873	0.135493151380613
-0.0788269788881849	0.0353859300459337
-2.54143033420223	1.70645519996906
0.607013909009565	0.368113947865685
0.963515763266062	0.737132596613881
-0.0081408866142675	0.00267744478079309
-0.825142928248916	0.599571444913089
-1.74056640685165	1.57465072330792
1.02243879636946	1.06686892521899
-0.322139897340277	0.231999577337031
-0.472047704335293	0.329071112036136
-0.00651948015524466	0.00363872630473713
-0.131233499060858	0.0901795833894835
-0.298727270943622	0.23752949611939
0.399161216342137	0.293259882473176
0.693910056418938	0.725414914170609
0.796607070563234	0.546529871565748
0.0855580104856908	0.0466587120748805
0.0479061058216731	0.0241734985376833
-0.10061457138053	0.053506852680468
0.396068108708119	0.226269963646636
-0.224309396879475	0.149251198329982
-0.174084452716403	0.117766759392137
0.0289310925154956	0.0171575933732068
-0.176557549672564	0.144409641583328
-0.00913897326050833	0.00658970720462946
-0.58142786356269	0.516074777966456
0.155660664247065	0.126815079567046
0.809233743487657	1.03406903103067
-0.389904182000159	0.276324804610237
0.276660584190188	0.193521158081898
-0.0488879942131119	0.0266619172719185
0.398956040914501	0.277132929710772
-0.0488879942131119	0.0266619172719185
0.142131685932888	0.0889044303481582
0.276636404460945	0.193497311214723
0.804015607829325	0.712240290170832
0.769785136813603	0.71341704442789
-0.577063067083383	0.43440075790853
-0.376031363505098	0.319750089878646
0.0583175884876117	0.0368387315914876
-0.0082303190676378	0.00530493174834557
-0.171984261369787	0.103051577974899
-0.449242328827492	0.406908615644518
-0.389904182000159	0.276324804610237
0.497123314125918	0.461589678685721
-0.732255734909084	0.441342441812926
-0.70190117287605	0.471095771394012
0.968451698246621	0.893971801306482
0.211956415974128	0.113885749261243
0.398952751279318	0.261019310889639
0.617786041208643	0.573801635694511
0.963499842446657	0.736981665988245
0.75090690912795	0.546464500138251
0.163372920550334	0.108642931660014
0.398728165319106	0.276971181700825
0.294497222084847	0.22898750613545
0.577080466801893	0.601827455426082
-1.55201070838787	1.81489630714572
-0.171900614616488	0.103015029122361
0.740558270925095	0.716353910708763
0.89833172185645	0.723268328705126
0.178315331624704	0.0879190895682354
-0.413711788121587	0.320827630028504
-1.7516309047942	2.33473164042985
-0.171877447008978	0.10300836389379
0.656072923896844	0.556293316562473
-0.00654276926370439	0.00365105635225601
0.58475959722206	0.379934996153133
0.681111391978709	0.550473937505231
0.635712241634038	0.565136977878951
-0.389929969887617	0.276359669549728
-1.35081019341843	1.18168206483099
-0.487712563830129	0.372844245573686
-0.235462187373492	0.138072780517714
0.38733733715432	0.203585026748655
-0.235145247146307	0.137839576861201
0.178315331624704	0.0879190895682354
0.584713362680071	0.379926319520258
0.533292453228994	0.411220850834707
-0.568412513831888	0.350074832940256
-0.167875201304295	0.0869988913766136
-0.581359151128326	0.516011299897913
-0.389876979031048	0.276305805054114
-0.358574770830738	0.230008355533989
-0.17191476584973	0.103033463272345
0.0478757935477757	0.0241566119386645
0.779678541744073	0.876127577905722
-0.573135403447075	0.392220170007954
0.972465931823031	1.05493761996588
-0.326340721653588	0.280055228883983
-0.0393776134712881	0.024972610225115
1.18695265402208	1.28220770319229
-0.510574782260195	0.458219887010343
-0.322096027819269	0.231968199161496
-0.686656780325162	0.508238057982816
0.398939685964909	0.260998562871579
-0.224391233949113	0.149292990518483
0.276422828346798	0.193285347164671
-0.938971978520868	0.734455823851989
0.68120935990724	0.550510843550439
0.399188400393345	0.293278030550534
0.0479444191794637	0.0241924711034532
0.567045928137025	0.612310526763477
-1.40184012030513	1.48423814538764
-0.573148582352656	0.392220049465515
-0.414045673528618	0.321172019975283
1.66380463832702	1.51652270797735
-0.674818648861795	0.545711507796161
-1.32058459013928	1.32515716760403
0.396089460373207	0.22625207081107
0.0616264557748945	0.0238611614751663
-0.184271044593708	0.0790222441021079
1.26768022241532	1.31647167770262
0.584751571128831	0.379962887188801
-0.890017016750693	0.758414603504005
0.399187088913684	0.293282605618885
0.286375548943213	0.211623257913393
-0.766281321352695	0.662925995029655
-0.171793801836589	0.102951867486592
-0.119465260841818	0.0730241295804546
-0.260422454505934	0.131473076198748
0.564137604557153	0.38945059624571
-0.390169212191209	0.276478799929784
0.178408925233274	0.0879707492156317
-0.731865129243729	0.441106968732687
-0.0629236060915945	0.0444021687248854
0.181461497683364	0.127719005886034
-0.176092701762525	0.132037342702651
-0.171937931217338	0.103046922596437
0.23420176261692	0.135550725555505
-0.28498370230448	0.186287806202676
2.03524822861427	2.30438201649728
-0.56850361312045	0.350137185021699
1.04418566840128	0.754070728099669
0.396154537368834	0.226335141231484
-1.14288853040614	1.02069156014116
0.803838928750739	0.711930031988231
-0.358574770830738	0.230008355533989
0.769810889993383	0.71345620863575
-0.171998424677568	0.10308111895244
-0.100353717964887	0.0533549282245805
1.61919645549368	1.66802506960173
-0.422534666368396	0.236684555505511
-0.31484487118018	0.180441066493249
0.116200869059932	0.0680580725820629
-0.87719241026191	0.577211271023757
1.11255900834009	0.937756926523111
-0.358588196149511	0.23002237558786
-0.573056252013549	0.392154337670413
0.264718600927762	0.174588722278937
0.546895990778706	0.399626688998168
-0.487741478563822	0.37286372866831
-0.472122254448979	0.329060173996601
-0.314852629161087	0.180421594369275
-0.00473520578037929	0.00219591531042473
-0.413812652775072	0.320920649600339
0.796629057528294	0.546502925119404
0.968800840708488	0.894865284437944
-1.44924009417487	1.34667726234533
-0.224177831521075	0.149123008506547
0.294624588337035	0.229092284949089
-0.253081360855656	0.203407265235028
-0.314852629161087	0.180421594369275
-0.766416122941331	0.662953426739208
0.740772155187391	0.716254749005915
0.0834250749936645	0.0558569520618806
0.399497104185646	0.325254990433101
-1.07259890262312	1.63396298361277
-1.21637561934033	1.61797229669416
-0.572977137866887	0.392068629563688
0.874798937057536	0.879642881682537
-0.171816972074702	0.102965328684015
0.617724551709158	0.573803901808267
1.29775290121313	1.66281945885999
0.63575597718878	0.565136053841601
0.39912458626215	0.261113883283656
0.399431337581939	0.325164311149595
-0.825224295078979	0.599634201404957
0.769863898760568	0.713423555290037
0.546882652287686	0.39961135638563
-0.449633490948602	0.282605167831363
0.048065854555806	0.0242465685272344
-0.260673005754938	0.131596036501488
0.0856897039185628	0.0467307539129102
0.584713362680071	0.379926319520258
0.564137604557153	0.38945059624571
-0.100435448908401	0.053405283159304
0.399032143012627	0.261073229564847
0.512739851557972	0.436540967621389
-2.17627532021733	2.52708849538268
0.399550257329705	0.245208994329299
0.234373269576146	0.135633958116151
0.396284062791461	0.226395002349251
-0.358653698911515	0.230066631527229
0.0857559934226779	0.0467736506521512
0.504502735556337	0.449284046539359
-1.55190373958333	1.81427558011745
-0.107362917274733	0.0821835404654891
-0.38995717249119	0.276378670243734
0.14218469850418	0.0889273626107717
-0.0758858858027726	0.0472742031099182
-1.04422986940011	0.874422999949284
-0.732192865670734	0.441473163114747
-0.0790599160932567	0.0354904532922947
-0.224418508914257	0.149284999516883
-0.500117645690407	0.41594675017541
-0.791968693252402	0.630667165648645
-0.0490594629448469	0.026755104726524
-0.573043063375869	0.392116283470683
-0.322054918949587	0.231926205197877
-0.00635228232034153	0.00354698853506701
-0.579483049275729	0.475381431875576
-0.217259274575659	0.160928109899912
-0.934136996424094	0.913629612932512
0.846018526288771	0.715177552485163
-0.0947187570420703	0.0659954812826102
-0.285067287514914	0.186362204940924
0.546711095435536	0.399426004119964
-0.0488491633688526	0.0266379092504318
-0.391716070497778	0.191515317219743
0.11627031625817	0.0681082454094151
0.79649870309776	0.546379576538645
-0.665798664523435	0.583627553184594
-0.11944083957987	0.0729885715376702
1.51317402269584	1.26279463131605
0.681157656073289	0.550402812682356
0.711981637507327	0.546618402945273
0.0860069998865555	0.0468940377087505
-0.787878413463182	0.41380613890332
-0.314905683790335	0.180488007236133
-0.801416648059938	0.847189281292113
-0.500335013403893	0.416119731996958
-0.579381506779687	0.475441032582408
-0.11949245706525	0.0730428325659769
-0.0627864863179747	0.0442912908968405
0.286205496442117	0.211423685038507
-0.0065236953956343	0.00363999690457921
0.182273303094911	0.161310099089429
0.196550516671539	0.145785143711548
1.02241154137659	1.06677223909026
0.169566445527114	0.144093159168212
0.294304228577311	0.228694747817518
-0.00647290097493442	0.00361346614744142
-0.824956711698704	0.599283845361732
0.711809675508547	0.546366920879928
0.0858484266526765	0.04681806473566
0.396154537368834	0.226335141231484
-0.449551847246755	0.28255524491248
1.15025638771776	0.774418861125706
0.0289568043675961	0.0171732158028847
-0.50001086788531	0.415771722946453
-1.6275266188014	1.68719559173123
0.712020782542115	0.546569081267276
-0.167814701890377	0.0869867978736486
-1.52282056881161	1.2210719678012
-0.167860712017752	0.0870028481663323
0.128967157113683	0.0572682747137997
0.399535611406082	0.245209094708849
-1.14248004024407	1.02033130172564
-1.40194408173303	1.48430583566526
-0.487714193016348	0.372872010913352
0.0584657231335231	0.036938288303298
-0.167792228123067	0.0869736387408147
0.0479747380547107	0.0242080962692441
-0.00486416332271454	0.00225720774190238
0.211956415974128	0.113885749261243
-0.571737584667295	0.312608565413617
0.671494664560962	0.334807235682389
0.796585173823348	0.546500154315464
-0.74675524296729	0.69711960438114
-1.13151235160817	0.867711109736061
0.584773922216367	0.379896911238035
0.211819494672195	0.113810815709731
0.286482495123052	0.211703912226392
-0.119704561280386	0.0731658962210294
-0.701870683447116	0.471060482975925
0.874796547964319	0.879509255478815
-0.686591528873148	0.508125343240681
0.898421494158947	0.723394863993532
0.307597547064356	0.262024526586002
-1.35083692672937	1.18239134984024
-0.0788332563552394	0.0353882174785728
-0.579044677321282	0.47495254421008
0.178408925233274	0.0879707492156317
-0.577026152697648	0.434341282550561
1.34317734260664	1.01509854295805
0.71182270436237	0.546419306318742
-0.284970053545889	0.186273402942853
-0.253427453308091	0.203635964309351
-0.665710690297418	0.583963836619084
-0.171816972074702	0.102965328684015
0.163438542313277	0.108699687883226
0.196746997365906	0.14594511021234
0.779805492458163	0.876253399465802
0.0833312993184489	0.0557999793428451
-0.265528231091648	0.194101021679468
0.0423886429867831	0.0300321424868328
1.34308347816206	1.01515253512817
-0.146795401198714	0.129977540609433
-1.14278170061859	1.02078653749584
0.18142044331366	0.127703356871127
-0.00647290097493442	0.00361346614744142
0.656340882707527	0.556764329453062
0.276422828346798	0.193285347164671
-0.167776509342108	0.0869605415634023
-0.472061788963516	0.329033357464412
0.0291445799665164	0.0172811839825682
0.211956415974128	0.113885749261243
0.852952818714724	0.546952016374648
1.03224778068107	0.911308684661655
0.584675168308242	0.379860425930649
-0.0785585849311568	0.0352548515118034
-0.0786522619879239	0.0353023758590265
0.123349793447901	0.0916234881356772
0.399159908508708	0.293233000552049
0.250671549096301	0.155227427239656
-0.487635606562525	0.372739875622519
-0.00638929513398506	0.00356739098780242
1.66365357907218	1.51651729798337
-0.314951765219021	0.180492172724413
0.17843765751352	0.0879488879768174
-1.67000305639844	1.12104617706866
0.372705457589149	0.176103244649458
-0.701931635787829	0.4711048335323
0.917252398243405	0.88435030569052
-1.63519167898621	1.39553890660412
0.178315331624704	0.0879190895682354
-1.12715469735633	0.724097661397232
-0.171854279210956	0.102994903376511
-0.322159103419451	0.232023888318447
-0.573043063375869	0.392116283470683
-0.766520318870356	0.663134379752832
-0.284970053545889	0.186273402942853
1.21222890975055	0.971060007159056
0.546816875156251	0.399566848469562
-0.967003514283352	1.06761328279377
-0.167852880383599	0.0870058064419345
0.250592487483807	0.155172004789474
0.584713362680071	0.379926319520258
-1.51117398792917	0.92735653097427
0.68120935990724	0.550510843550439
-0.877084922463205	0.577091573709713
-0.358574770830738	0.230008355533989
0.0478678062535957	0.0241529007811321
-0.0757789679966719	0.047205567072054
-0.314837032959884	0.180433066341452
0.711796642593891	0.546274512948649
0.399469015900662	0.340575435973702
-0.449641252180695	0.282629245641421
0.584636987999026	0.37975716331902
-0.167959520845469	0.0870189957436055
-0.719558928349798	0.76696164013134
-0.579148582871039	0.475205392066826
0.968823971221591	0.894849317055589
0.232123980618122	0.197583321634287
0.0186131411471097	0.0125249060305687
-0.890017016750693	0.758414603504005
0.169299119734909	0.143869387877463
-0.351995588476625	0.276684378744971
-1.22583347291121	1.32011287379601
0.656447005613635	0.556851119320473
0.564317092367707	0.389632583146479
-1.13154295188984	0.867783868580836
-0.877105806247263	0.577078965683136
1.0442507952022	0.75417682170438
0.276768103389844	0.193591961324523
0.209677652008319	0.163241730118945
0.564317092367707	0.389632583146479
-0.568511406865005	0.350173903370174
-1.04447915874277	0.874861737721261
-0.825158717915544	0.599291194086621
-0.107445266925151	0.0822548647762746
-0.85399339177849	1.16158996375858
-1.0675179913994	1.02948100786859
0.08359737792427	0.0559836450072054
-0.422299294346764	0.236652215203968
0.740368790380674	0.716027240369008
-0.791922270637053	0.630589539613816
0.845939413203912	0.715148403086207
-2.93109936895854	2.38561979852741
-1.27049253342463	0.885127265289124
0.606826204302058	0.368017845521227
0.606494910070136	0.367553197372354
0.250592487483807	0.155172004789474
-0.0489937644034561	0.0267199564240236
0.0856635463965309	0.0467239502969187
0.656339583124585	0.556847987421022
-0.358509316483428	0.229953272680103
-0.11938505528066	0.0729634588982928
-0.00635228232034153	0.00354698853506701
0.860923006600159	1.03518479092378
0.803922568196068	0.712192740421232
-0.686564529117942	0.508078747495984
0.142104496445826	0.0888857228357281
-1.14889284947374	1.17269849127263
0.58872202751629	0.59201419436435
0.898413882526757	0.723276956405637
0.963401097638603	0.736897946780892
-0.573069444667283	0.392154228921532
-0.235475303257102	0.138083428952403
0.0289840778068076	0.0171894330672799
-1.8391799029434	1.75874340091899
0.0479061058216731	0.0241734985376833
-0.358378603274479	0.229747473417537
-0.167776509342108	0.0869605415634023
-2.38060556106765	1.46186003707845
0.0479364447408366	0.0241891330477726
1.0820635195697	1.08400874146865
0.14218469850418	0.0889273626107717
-0.217562355222036	0.161209704519002
1.21231527031093	0.971317789997125
0.0425116604546674	0.0301227542204785
0.0834869360630492	0.055915544926037
-0.389929969887617	0.276359669549728
-0.351819809100106	0.276476130712377
-0.212626980343274	0.172494475704482
0.264718600927762	0.174588722278937
0.313349550631209	0.278454022916629
-0.581600116981307	0.516448993782105
-0.11949245706525	0.0730428325659769
0.196571155039691	0.145799378267807
0.512846796210458	0.436662397859969
0.234209408113983	0.135557017197127
-0.791954732383849	0.6302863210645
0.116330839643921	0.0681472868212352
-0.314867405965761	0.180451526135702
-0.00479980150253003	0.00222543899707575
-1.35083692672937	1.18239134984024
0.533269183355893	0.41120691108276
-0.568374408633626	0.349993657688987
0.0479061058216731	0.0241734985376833
-1.4018411223619	1.05067730412742
0.396175686819008	0.226339115191097
-1.49925707458118	1.94968807487112
0.141892369815366	0.0887500114785208
0.264755643837087	0.174602748105253
-0.00816484380810605	0.00526291870258437
-0.0395089598661675	0.025056610537209
0.234217042819429	0.135554715301903
-1.1429024291521	1.02062320615709
-0.422277886081322	0.236628606264027
0.715379835872052	0.720314515791548
0.116186636806352	0.0680532515196002
-0.00462762409852259	0.00214716140244468
1.15014266729831	0.774326861652598
0.796585173823348	0.546500154315464
-0.314829114370994	0.180396854124777
-0.82539514311777	0.599603262801723
1.21238000227573	0.971369902993594
1.24625237863766	1.14601124538298
0.584606708762691	0.37972008462059
-0.100345964860746	0.0533501486030699
1.11263885012019	0.93771101399471
-0.449641252180695	0.282629245641421
-0.265569379973613	0.194142537482544
-1.14908162016824	1.17279193699477
0.399630859244332	0.309670206289546
-0.686629813814052	0.508081781188768
0.387511878551028	0.203703880087379
0.804006203687662	0.71236161428316
0.116293465720791	0.0681174351116925
-0.00467057234517247	0.00216620810420213
0.0480050835828071	0.0242224684999677
0.396176409966509	0.226325721913052
-0.358667111251907	0.23008064430689
0.264704824340339	0.174556238904536
-0.119413646587186	0.0729782863760738
0.845807667058939	0.714953390541008
-0.167852880383599	0.0870058064419345
0.0836143359602563	0.0559953690438363
-0.897535626753379	0.939624540059683
0.0187255229833575	0.0125989154686343
0.141919557864797	0.0887687130470317
-0.0345166891399515	0.0246353687525861
0.399776379328832	0.32546269058336
-1.23439959674861	1.17069584688429
0.892930837050421	1.0395784959162
-0.176811975097461	0.144652617011614
-0.801564089565075	0.847478749417598
0.656419821809539	0.556877278723426
0.250553369184273	0.155126774488292
-0.167883164706142	0.0870145895376265
-0.167814701890377	0.0869867978736486
0.606826204302058	0.368017845521227
-1.94223549396993	1.5045144241473
0.584721353956748	0.379925831477889
1.1122955106478	0.937099102205197
-1.40184436730211	1.0507762370863
0.898429094995836	0.72345739395091
-1.00950067227012	0.71944848988664
0.845781080857291	0.714913663492623
0.211880101492958	0.113837225827733
0.38745688057007	0.203646525201812
0.796542286709821	0.546503907985386
1.36228261879729	1.19705561837483
-0.00488584384338446	0.00226550049600557
0.11627031625817	0.0681082454094151
0.0422948394581713	0.029970376284185
1.11996194455009	1.25585008569237
0.874652793314231	0.879212872639166
-0.665921720067713	0.583934285373817
-0.766334235224492	0.663007552598854
0.399583361571094	0.325359390748264
0.181218879803094	0.127478911378089
0.69373675513114	0.725279719780685
-0.235369770675652	0.138004043591348
-0.18438336931455	0.0790808605857554
-1.63513010457781	1.39516657758567
0.181506676501752	0.127761413863331
-1.12715976750702	0.723636091648933
0.852965692838688	0.546844532922721
-0.100696563025694	0.0535453328515396
-0.358667111251907	0.23008064430689
-0.11951965129848	0.073057555006467
-1.14263776625694	1.02054534626861
-0.824053520094759	0.815689463743273
-0.573043063375869	0.392116283470683
-0.131299074733757	0.0902242295103592
0.399521456990761	0.309383129511473
0.399629756186755	0.245296505376421
-0.0786522619879239	0.0353023758590265
-0.939064223681972	0.734584867529678
-0.167776509342108	0.0869605415634023
0.250513390435162	0.155108504066862
-0.825142928248916	0.599571444913089
-0.571505531550015	0.3124149088738
-1.24536955145459	1.02249125178531
0.0187052782337953	0.0125841562637739
1.29796642239093	1.66261549908735
1.06391083798541	1.23852953622882
-0.217386798813199	0.161055170874197
-0.252928795461028	0.203232807187632
-0.422449318801549	0.236728116220036
-0.665458907197563	0.583697557335818
-1.44912068702329	1.34581068891959
-0.267754114955362	0.24897632238434
0.0856635463965309	0.0467239502969187
0.635566301998327	0.564954796623497
0.497343176313332	0.461819887770308
0.711730166768591	0.546202489300631
-0.732017763398792	0.732611827506294
0.264862528257026	0.174652712342763
-2.24924364904757	2.72657547947036
0.852939962809722	0.546934303038246
0.372817885836604	0.176161081982385
-0.100727214653496	0.0535560137029474
0.264393575409618	0.174273240913154
-0.358574770830738	0.230008355533989
0.564422049407264	0.389700830190336
-1.24511870054196	1.0218168813678
0.211797232378301	0.113783323335555
0.632168963645606	0.352673317989728
0.711876100216125	0.546394638638759
0.0854786109845643	0.0466093321343159
-0.422277886081322	0.236628606264027
-0.314936050194936	0.180496880170545
-1.01119899680506	1.04676944355582
0.564414409634204	0.389702848742374
0.963447321374807	0.737010024602681
0.250711605847258	0.155245755704872
-0.265524370552137	0.194087155247442
-0.358640290259768	0.230034639766072
0.0584026231420108	0.0368958685761365
0.399045218082428	0.26107791038966
-0.376123441249274	0.319807562477193
-0.167792228123067	0.0869736387408147
0.399407141715624	0.340553854433012
-0.577002826250074	0.434347034870591
-2.24929638263872	2.7269750673282
-0.576835707979372	0.43408115095225
0.892970965265706	1.03963856948692
-0.852393270064865	0.785621271260328
-0.0947187570420703	0.0659954812826102
-0.358443927278773	0.229868386699299
-0.433054031066367	0.364298691297709
0.0186535911440055	0.0125518766756815
0.399055083123292	0.293101037531056
0.14173058793318	0.0885674882754995
-0.746880785015513	0.697457472057385
0.0854513398718554	0.0465821652294128
0.852965692838688	0.546844532922721
-1.00950836314294	0.719089409895543
-0.285067287514914	0.186362204940924
0.264634988622785	0.174528423682581
-0.224335078077715	0.149257804118276
-0.29896684560065	0.237764756905772
0.0479668102951513	0.0242035155870716
0.116428702122489	0.0682030568622803
0.212032786642904	0.113899009719921
-0.747009695727971	0.697540867601289
-0.413837630123317	0.321003545361389
0.399694028346507	0.309716645373078
0.250500056767619	0.155083394711135
0.845846953081435	0.714973032125146
-1.04438698797144	0.874823359724042
0.533222644573356	0.411110517018407
-1.14264716589991	1.020621151012
0.387699641114235	0.203810552040452
0.398676465327399	0.276886388703587
0.693796988188397	0.725361460329095
-0.0889179673602541	0.0741443596904479
-1.24502179654099	1.02203226696656
-0.171854279210956	0.102994903376511
0.250869700770155	0.155330162038453
-0.732021846522536	0.441299012127764
-0.184617640808077	0.0791844639739394
-0.00649619072655505	0.00362618846728953
-0.171831111220029	0.102975093490661
1.21242292633537	0.971216031525722
0.0857559934226779	0.0467736506521512
-0.674714181318261	0.545486301742271
2.62110694170072	3.37555345996245
-0.0488357677346139	0.0266327969000951
-0.167746238435569	0.0869469108163603
-0.171975261730541	0.103067661326467
-1.62165225549142	1.98513647666453
0.740602076435248	0.716379445772882
0.845952734120206	0.715189374908091
0.264597924244184	0.174496820223054
-0.224336677934566	0.149274089294747
0.0480354557534122	0.0242354399961968
0.398834984692158	0.277080991308156
-0.70190117287605	0.471095771394012
0.178582044959992	0.0880558495915799
-0.791931519146898	0.630510016423755
0.606732450583422	0.367923078259537
-1.13153535371861	0.867658783457998
0.178502584419716	0.0880150507571391
1.3429766972884	1.01493823898538
1.04443859417144	0.754332078234377
-0.171793801836589	0.102951867486592
-0.0394884245435511	0.0250431843018384
-1.04455779344299	0.874947175637136
-1.03370397294107	1.20014450289202
0.116247166995476	0.068095355374989
1.36834733364942	1.3634932741219
-2.27758402649673	2.09472843709473
-0.889739439393221	0.757923214285955
-0.172142597189996	0.1031422069792
0.0856635463965309	0.0467239502969187
0.163606102560209	0.108818672900978
1.7210806538876	1.34702122879155
0.656206267324745	0.556658827111305
-1.63519892643573	1.39549661695138
-0.568481019853327	0.350153375981782
-0.413856609751681	0.32103831463558
0.141812133034718	0.0886832257263414
0.750820935056823	0.546362059972189
-0.0627833616009338	0.0443022408208826
0.0290611722085172	0.0172297015831793
-0.0626562031570379	0.0442004301817222
0.307743773102706	0.262224260847629
-0.389876979031048	0.276305805054114
0.399217015706365	0.261114920942857
0.26446338576984	0.174301051074133
-0.823946722165788	0.815989994097617
0.27644858156017	0.19332892779995
-0.701779056173517	0.470759815695374
-1.14262392140449	1.02071657436321
-0.10045091808691	0.0534111225538958
-0.119597131265098	0.0730980839289773
0.607013909009565	0.368113947865685
-0.260249986440471	0.131363174492885
0.264802209253012	0.174630751522979
-0.568435128141284	0.350055756569714
-0.235462187373492	0.138072780517714
-0.260422454505934	0.131473076198748
-0.472070889856049	0.329070387884181
-0.23539602597155	0.138035568356171
-0.235422297435303	0.138023944040312
-0.235541515753558	0.138114100829824
0.37294067854689	0.176245525558977
0.399674684710546	0.245151371326007
1.15467757714598	1.10920392728072
0.584721353956748	0.379925831477889
-0.518717139325865	0.498710792667444
-1.54128630833344	1.51559465425464
-0.701939376185849	0.471077472243728
1.11234930987536	0.936952015171795
-0.224444197210169	0.149331124302083
-0.701893398829885	0.471060653765222
-0.568465446136222	0.350055947729783
-0.568533923892215	0.350116156310502
-0.825053757516349	0.59945569070679
0.0858353222994158	0.0468161299105287
1.31640050781925	0.589791315671906
0.387350306201344	0.203615179010527
0.387605725992851	0.203766496048981
0.234037530116601	0.135423779769217
-0.100704209772987	0.0535537703395433
-0.285164564145787	0.186407245785783
-0.701840167512445	0.470997103993803
-0.235145247146307	0.137839576861201
0.0856373726497179	0.0467057526082143
-0.70185514814014	0.4709545254248
0.211964338892854	0.113888136941665
-0.791847927464025	0.630459992763821
0.804029465539626	0.712392747137759
-0.931703587844186	1.09118687231564
0.0479926332673003	0.0242104355625978
0.750925784738589	0.546494659096437
1.15002904169146	0.774161366781223
0.656180365938769	0.556560417149379
1.11246149016777	0.937645880867221
-0.0488625627152605	0.026640929763916
-0.449641252180695	0.282629245641421
-0.938985249993604	0.734486826092846
0.0858222138874829	0.0468112400675287
-0.171854279210956	0.102994903376511
-1.08438682576281	1.18431059237427
-0.322054918949587	0.231926205197877
0.211887954999951	0.113856287486724
-0.449746215436977	0.282653986067633
-1.44914801393284	1.34662983469792
-0.00473520578037929	0.00219591531042473
-0.449381034942207	0.282355651950242
-0.0490327681648237	0.0267369195294689
0.564332334827496	0.389653895586746
1.0442507952022	0.75417682170438
-0.701824725138337	0.470945497752617
1.1503789659688	0.774433753881929
-0.0788269788881849	0.0353859300459337
0.39899340656642	0.277103771022362
0.963477527286397	0.737109537115533
0.845926088576779	0.715062270678513
-0.285067287514914	0.186362204940924
0.178582044959992	0.0880558495915799
0.0479285507635982	0.0241829353640545
-1.0674906827344	1.02947600253339
-0.471758725866629	0.48567728187109
-0.212908892138904	0.172730738669614
-0.0346178706262051	0.0247078734374804
-0.658856639279355	0.622339256267809
-0.653495364178972	0.660029290410333
0.803959680966698	0.712177078510325
0.234306721965948	0.135608476227016
0.398788702445974	0.277022374151166
0.264537573070616	0.174438139402009
-0.389849774073474	0.276267896625035
0.845794375808675	0.714954580622306
-0.167814701890377	0.0869867978736486
-0.449551847246755	0.28255524491248
0.116293465720791	0.0681174351116925
0.546803549672268	0.399551531032605
-0.877234030673162	0.57722347245481
0.396003500216528	0.22619139160627
-0.686827855694164	0.508381075212563
-0.968152752066219	0.567121503023109
-0.788575520499092	0.414353051058273
-1.1143440462202	0.540707013154826
0.533269183355893	0.41120691108276
-1.13147421927421	0.867563171264953
0.497256514275307	0.461780828443272
-0.00484279931117502	0.00224682304483335
0.365691013165346	0.150286033986656
-0.50003147918059	0.415829258616164
0.398978869716779	0.26101254726313
0.0478951238309963	0.0241632634006464
-0.674606807220515	0.545311820434884
-0.579132907592339	0.26744572765706
-0.322117960194991	0.23199093386192
-0.877213265073092	0.577236204859608
0.564234976882592	0.389578962842842
-0.414089585802961	0.321205667469224
-0.284923432219298	0.186232006972448
-0.314974334266225	0.180517382779914
-0.314867405965761	0.180451526135702
0.80705957812295	0.876060732863568
0.0291173019445393	0.017266599974287
-0.568557201492344	0.350052320551455
-0.413897638138578	0.321047365091402
-0.26050123433033	0.131519082409796
-0.00656605805463023	0.00366311165284494
-0.449902085367847	0.282738693009958
-0.449551847246755	0.28255524491248
0.635670921022849	0.565123666576565
-0.0393776134712881	0.024972610225115
-0.358495878177703	0.22993924642698
-0.852541166752993	0.785872227558357
-0.889752898331209	0.758159798405766
-0.462071604614263	0.447544144705906
0.635797279164171	0.565136562997593
0.845939413203912	0.715148403086207
0.533074224432527	0.410820481124023
1.15465095325541	1.10909169821672
0.750925784738589	0.546494659096437
1.21233708646883	0.971304917656255
-0.674818648861795	0.545711507796161
0.512929138946497	0.436686471681773
-0.0943803103510877	0.0657370239083681
-0.449446886597541	0.282387526346653
0.141918226728449	0.0887664170461289
-0.285150876711098	0.186416646333165
0.276606055592833	0.19343332797173
-1.04446560025431	0.874951843477017
-0.235224426170279	0.137909137164948
-0.568511406865005	0.350173903370174
-1.83928542687321	1.75973110046113
0.061698863167424	0.023890625298551
-0.788464314880281	0.414424326723021
1.05637106962915	0.549947620800554
0.399652120253719	0.245289401469063
1.03228811396477	0.911373667372357
0.142024289324118	0.088834502541531
0.398774442714311	0.277029786852801
1.2121859198127	0.970985606335259
0.546803549672268	0.399551531032605
1.36223634861539	1.19727846089222
0.632055174789326	0.352583555456159
-0.390116190617883	0.276471622817521
0.387016284218031	0.203288856565479
-0.37620999787926	0.319901497700275
-1.14912261420514	1.17273272582273
-0.00919435529485763	0.00662639220918426
0.140219454670309	0.109219867197938
0.318841784717758	0.294884811796106
-0.58372876896372	0.556635209274743
0.209764225756806	0.163333422516228
1.4501133270605	2.26047763132436
0.75083556199308	0.546388049889566
0.656258050770637	0.556657931195888
-1.40173082067787	1.48324626497749
-0.0760508511526107	0.0473733456090217
1.03234030969814	0.911234857602017
-0.171831111220029	0.102975093490661
-0.100509606076791	0.0534359574492713
0.211758999475203	0.113754851501744
-0.314936050194936	0.180496880170545
-0.877150432874458	0.577051214111517
1.83633860207439	2.16697649135902
0.141784949337596	0.0886547167873832
-0.184393374089649	0.0790787932600563
-1.13171216389756	0.866972682464519
-1.24484424084643	1.02146390598249
-0.391603095504156	0.191462066890932
-0.422363725502875	0.236700130314835
-0.571618661584741	0.312525279780433
-0.568541766074588	0.350174119857092
-0.100629944992226	0.0535126365530659
-1.12726658129117	0.724223760675267
-0.167639595000555	0.086842707979077
-0.422406153924719	0.236701653650632
0.141997104178952	0.088805963956645
0.0186996940277383	0.01258294431161
-0.85258218567443	0.785881930049397
-0.732099967580472	0.441350213980641
0.398886369625052	0.260953947356794
0.0857298001699369	0.0467611300263588
-0.939011804865643	0.734143578649317
0.399346206124844	0.293353645104424
-0.224442612976316	0.149344680362211
0.606840474184464	0.368014046586871
-0.100540405818408	0.0534632011451723
1.6193014252908	1.66860541656033
0.286463214356391	0.211641208437371
0.796542286709821	0.546503907985386
-1.14278170061859	1.02078653749584
-1.14248004024407	1.02033130172564
0.0288235559180433	0.017091874728813
-0.048928130971809	0.0266820435245928
-0.0396157317770593	0.0251209170851008
-0.285043981003217	0.18633542576247
-0.433336122325977	0.364703762729005
-0.0760314155104479	0.0473703860597685
-0.686841322231433	0.508319933207446
0.972317688642441	1.05460207705216
0.564250149840858	0.389549415415737
0.399501274168248	0.325144115047923
-0.0488357677346139	0.0266327969000951
-0.00649619072655505	0.00362618846728953
-0.167754090883061	0.0869546539632337
1.36838646618932	1.36382581239861
-0.100540405818408	0.0534632011451723
0.0479972024740841	0.0242164984656391
0.396024933516971	0.226195455441666
0.546961719451806	0.399642103935353
0.399523941949888	0.309549797669524
-0.0394021869687792	0.0249870624350815
-1.47888929105725	1.64720470954228
-0.10061457138053	0.053506852680468
0.234127312196873	0.135493151380613
-0.471829186744988	0.328742750980923
0.25061916968494	0.155193208312974
-0.568412513831888	0.350074832940256
-1.24518353573094	1.02226916355506
0.584721353956748	0.379925831477889
-0.0083456807373163	0.00274570284113593
-0.0064125873499607	0.00358029417270733
-0.471926829276133	0.328942702328004
1.66365357907218	1.51651729798337
0.681186223507185	0.550467240857607
0.178315331624704	0.0879190895682354
-0.171952098581378	0.103047850133584
0.399652120253719	0.245289401469063
0.84600598071378	0.714914240546533
0.398909748906723	0.277074306709338
-0.11951965129848	0.073057555006467
0.968451698246621	0.893971801306482
0.681148814685048	0.550507144497065
-0.583489547943399	0.556222757830288
-0.931797317558975	1.09032125746656
0.681125680716043	0.55046354075607
-0.690511590816209	0.86459287858874
-1.24518353573094	1.02226916355506
-0.119332055713698	0.0729221946382817
-0.224418508914257	0.149284999516883
-2.06196026447901	1.69776589847848
0.533171724953987	0.411076621770173
-0.173960995646723	0.117706641264591
-0.472131338862803	0.329112025572246
0.656180365938769	0.556560417149379
0.399784452452093	0.325369294997388
0.533315723427002	0.411212454690432
0.399640462504326	0.245290629353771
1.36213765917752	1.19730352814855
0.399045218082428	0.26107791038966
-0.0082751661711623	0.00533311398454879
0.564242568767649	0.389576900413468
-0.314776207125623	0.180364724263437
0.128496054262865	0.0570471936487537
-0.260579855127371	0.131555960501043
0.211964338892854	0.113888136941665
0.141945413134548	0.0887896964119642
1.1506158795956	0.774230707923706
-0.579252630682082	0.475335656833146
-0.572963935477394	0.392030574725598
0.0289840778068076	0.0171894330672799
-0.487659615823777	0.372805015575226
-0.449501899405118	0.407156451405089
-0.824964638019071	0.599304485288219
-0.224336677934566	0.149274089294747
-0.889752898331209	0.758159798405766
-0.877149112430242	0.577216000555005
-1.51116602461278	0.927694205065401
-0.472145435547435	0.32911333829104
0.0479747380547107	0.0242080962692441
-0.171672874969225	0.102850188008038
-0.766202814805571	0.662720170897392
-0.877171466206336	0.577150150243609
-0.449649024133895	0.282626986880979
-0.358759464822714	0.230124373095012
0.564055338292891	0.389338724185396
-0.358338199255754	0.229763232599452
0.264704824340339	0.174556238904536
-0.167830351359906	0.0869843248816228
-0.576798822309945	0.434032740346792
0.845834238464192	0.714821367838863
0.0289310925154956	0.0171575933732068
-0.285030319307596	0.186329206529657
-0.389823995955751	0.276239675249137
0.25061916968494	0.155193208312974
-1.04435985610666	0.874625311859659
-1.27041540395048	0.884913999923827
-0.314730116445587	0.180258311560965
0.564040217861889	0.389263917430793
0.796499407903853	0.546409161577071
0.387350306201344	0.203615179010527
1.72118578227213	1.34715372139245
-1.81225698285298	1.31305541513534
-0.422299294346764	0.236652215203968
-0.0788269788881849	0.0353859300459337
0.584721353956748	0.379925831477889
-1.8123784047149	1.31285784388823
-1.13154295188984	0.867783868580836
0.65628393276432	0.556549724778025
-0.577109715356513	0.434343995222223
0.116200869059932	0.0680580725820629
0.85276529812906	0.546766261298029
-0.167852880383599	0.0870058064419345
-0.0757351241842837	0.0471715022586644
-0.265438197847895	0.194015088063721
0.396068108708119	0.226269963646636
-0.422406829788458	0.236695706877833
-0.00653322317101659	0.0036465042430468
0.917438811743989	0.884725847367179
-0.100629944992226	0.0535126365530659
-0.285030319307596	0.186329206529657
0.602247988606009	0.582510771533773
0.399579474975585	0.340714052579879
-0.00462762409852259	0.00214716140244468
0.163479839725159	0.108734620174476
-0.487765519305277	0.372868506449094
0.123470033931929	0.0917220277227788
1.29760522891707	1.66172488267175
-0.0082716539685023	0.00533164399155396
-0.0393981764029331	0.0249849676031559
-0.766334235224492	0.663007552598854
-0.422384984558512	0.236709053249403
-0.525047221570816	0.537640996638675
-0.674606807220515	0.545311820434884
0.0586299686294415	0.0370301806432825
0.399718825474951	0.325361456759775
0.711928262731637	0.546541091843573
-1.4018411223619	1.05067730412742
-0.358495878177703	0.22993924642698
0.264755643837087	0.174602748105253
1.02251760829959	1.06692995816121
0.803959680966698	0.712177078510325
-1.44906962486651	1.34643416861096
-0.224256440322004	0.149207271874944
1.24600584917066	1.14588779083778
-1.14264716589991	1.020621151012
0.399293174835511	0.293348093652088
-0.0393325496403381	0.024941756470311
-0.0345456563800635	0.0246553997405873
0.250711605847258	0.155245755704872
-0.376071889165895	0.319753127321117
0.196698598613991	0.145862963986332
0.398737028107333	0.276969072845267
0.116345045748615	0.0681537780773569
-1.40189120522422	1.48436648948901
-0.825150817760178	0.599509934408343
-0.422341841578886	0.236653826502526
-0.26050123433033	0.131519082409796
-0.299186356433563	0.237903230513784
0.181247958681044	0.127555825979943
-0.171589247729284	0.102768626280301
-0.968152752066219	0.567121503023109
-1.12703244414615	0.724105062479207
-0.0791731085684495	0.0355323931006965
1.61923442851625	1.66813230356403
-0.788353018666431	0.414337941238971
-2.63663692010668	2.9282670378132
-1.67011975493959	1.1212219569525
0.956055118653698	0.344844233810228
-0.104844951344196	0.0291451841025915
1.05637042484898	0.549937742703155
0.372828104257578	0.176187601416706
0.116353991523378	0.0681564763741826
1.51256029730163	1.2627409392019
-0.487449567927641	0.372427493305648
-0.487526450081566	0.372605884789749
0.0856635463965309	0.0467239502969187
-0.877126600741735	0.577023179258317
2.03541220156276	2.30518415704901
-0.701832486364182	0.471016343360915
-0.167754090883061	0.0869546539632337
-2.01794175162844	2.13852598139909
-1.24528851254411	1.02241091253556
-0.792135908239007	0.630461653713601
0.563957910990887	0.389141925051857
-0.32216183925384	0.231992500035391
-1.51140176261422	0.927988291760551
0.398873322187915	0.260949289938167
0.178408925233274	0.0879707492156317
0.372950968880263	0.176251163954604
-0.572819021505573	0.391827856235246
-0.568511406865005	0.350173903370174
-0.449357536760179	0.282279719438215
-0.686749044698813	0.508320544769257
-1.54122606340521	1.5155252402389
0.0289856450192817	0.0171876033787954
0.681088260233002	0.550461509138893
-0.224335078077715	0.149257804118276
-1.51140176261422	0.927988291760551
-0.391716070497778	0.191515317219743
1.72095928758516	1.34693687200033
0.398899413000892	0.260942508796847
0.251289501872468	0.231824361233566
0.779811396220978	0.87626515296942
-0.390010170761787	0.276421028544424
0.234112079861019	0.135489192248169
0.756146261645206	0.878229366181112
-0.351671673042719	0.276359714240994
0.276687851535201	0.193548878671475
-0.171802851269498	0.10292209404379
-0.825247892420489	0.59937445297054
0.0478678062535957	0.0241529007811321
1.86175614934356	2.569353834027
-0.889933464924159	0.758398727133385
-0.939143234552252	0.734645723530448
-0.766414454254694	0.663108225094003
-0.572898061025124	0.391961181557989
-1.47876355830022	1.64717018564489
-1.12703244414615	0.724105062479207
-0.686578027159609	0.508127690026033
0.39861589339111	0.276785187769467
-0.171807943033785	0.102948482806925
-1.13154295188984	0.867783868580836
-0.686800933612094	0.508334523103492
-0.298900419989747	0.237697708205345
-0.933825598331623	0.913722165965181
-1.29917061311829	1.47193939303082
0.497395875009334	0.461863020590874
-0.658877367777441	0.622335582429877
0.398872373781685	0.277094868971369
-0.00645917082308286	0.00360555572465806
-0.0788269788881849	0.0353859300459337
0.301604328908405	0.245891631114233
0.28629311459722	0.211522605665442
-0.21743486344375	0.161074769704632
0.60232470354801	0.582905598832482
0.399427762550982	0.293408073399654
0.264765162673262	0.174597949426574
-0.260486639341066	0.131500765009026
0.56404778348369	0.389315463518407
-0.471987262164561	0.329014669520781
0.3996138541701	0.245240556317635
-0.686827855694164	0.508381075212563
-0.686906702044741	0.508417242046547
-0.701939376185849	0.471077472243728
0.584713362680071	0.379926319520258
0.20967186091443	0.163248405197176
-0.732192865670734	0.441473163114747
0.898526453765479	0.723531388531303
0.588716102570079	0.59184746581679
0.250540046641692	0.155129683229478
-0.235475303257102	0.138083428952403
-0.44972297108106	0.282664634540686
-0.235462187373492	0.138072780517714
-0.171831111220029	0.102975093490661
-0.217541678589498	0.161189557587135
-0.568511406865005	0.350173903370174
-0.674659755958964	0.545452715371539
-0.0942534144140577	0.0656355256114052
0.635712241634038	0.565136977878951
0.0857828642932185	0.0467786521757069
0.250711605847258	0.155245755704872
-1.74063844091159	1.57535262830099
-0.119572665333446	0.0730925935206141
2.18202871150512	2.20438548597952
-0.23539602597155	0.138035568356171
-0.939354087831655	0.734429846552257
-0.0392235940548987	0.0248648465646559
0.399459997875481	0.245109493784926
0.399340667894882	0.324976765604508
-0.265569379973613	0.194142537482544
-0.868280070505847	0.96771546914886
-0.31487529078185	0.180469531977314
0.564332334827496	0.389653895586746
-0.70190117287605	0.471095771394012
-0.791945482047303	0.630661225316363
-0.434885481750146	0.475078414801678
0.588661478391186	0.591862849675889
-0.376163929996024	0.31987943573016
-0.0629016945424448	0.0443887505971142
-0.174738405410546	0.164509123379052
-0.76630861954926	0.662972643880192
0.0835937245357483	0.0559856134374031
0.0858883652709848	0.0468433639331458
0.142052828198632	0.0888586735653421
-1.13154295188984	0.867783868580836
-0.573161765273624	0.392176229876356
0.606573930730702	0.367747138860669
-0.658856639279355	0.622339256267809
-0.00643587924542967	0.00359301632558093
-0.389823995955751	0.276239675249137
0.769863898760568	0.713423555290037
-1.51354314152565	2.24554373459344
-0.326015091771257	0.279672279685413
-0.389905600027587	0.276230437849223
-1.32050443969245	1.32499356923095
0.635439735036713	0.56466886588527
-0.0653423435850286	0.0547948111674085
-0.121034317756622	0.107675777355465
-0.175939889037554	0.131914260685591
-1.55194799548868	1.814741921593
0.0833969394353422	0.0558492320351235
-0.487420605927676	0.372414142447701
0.286353621089143	0.21159382496386
-0.889849917085526	0.758267834539312
-0.665499805404787	0.583737580326332
0.286438632184769	0.211674618036817
-0.576919265114257	0.434242823481618
-0.801589579730977	0.847760717326087
1.04446703274559	0.753998678572659
-0.351823286685247	0.276549016111137
0.845860264717128	0.715059134269568
0.399526295151965	0.309538833718973
-0.235462187373492	0.138072780517714
-0.224391233949113	0.149292990518483
0.387524745750924	0.203731359245904
0.29438648653125	0.228859204294919
0.116330839643921	0.0681472868212352
0.399189710758493	0.29319633856664
0.968642247901215	0.894627010363366
-0.0760751911908723	0.0473951822819531
-0.00638929513398506	0.00356739098780242
-0.00857965448550668	0.00552685306878767
-0.449501899405118	0.407156451405089
-0.0758613446971181	0.0472573155696398
-0.449641252180695	0.282629245641421
-0.938893028343589	0.734318770281423
0.37294067854689	0.176245525558977
0.234119701427991	0.135495466226445
1.30832400447743	0.79777889706228
-0.766545965442813	0.663057988239818
0.211887954999951	0.113856287486724
-1.85884398306671	2.22430358247842
0.617847484547524	0.573530055527894
0.181338272981322	0.127601363220539
0.276584933817289	0.193368240910986
-1.04462293069808	0.875080562846637
-0.576775488736498	0.433964583805533
-0.579381506779687	0.475441032582408
-0.462129729933686	0.447484803552373
0.210003694385071	0.163521719676352
-0.094605844788756	0.0659202457636271
0.29438648653125	0.228859204294919
0.588655595562123	0.591917317354838
-0.674924616313003	0.545765523362656
0.250921916093917	0.15535132838476
-0.487712563830129	0.372844245573686
-0.577206894554713	0.43444537062023
0.632101558237791	0.754705635686905
0.522252560339762	0.423708164361216
0.617638290188199	0.573665780578026
0.286479743931269	0.211687013027323
-0.322329129041418	0.232140380002769
0.286356264003954	0.211592099352807
-0.472010450119347	0.329013950089207
-0.573056252013549	0.392154337670413
-0.0485721805865624	0.0264769453824871
-1.54116582767189	1.51538502427765
-0.285080963587514	0.186335439955397
-0.85258218567443	0.785881930049397
0.399674586706663	0.30966868726512
-0.487608320482119	0.37274814708529
0.221590869897824	0.180619646662104
-0.131061153506705	0.0900441324975503
-0.04894032291715	0.0266830057727092
1.77549701732734	2.31367343588197
-0.0487568225975182	0.0265874476193196
1.44626032932874	2.42922767255635
-0.791885092082105	0.630573386077958
0.318604058693102	0.294597824130586
0.756312516979762	0.878292128270238
0.16951820997962	0.144030618440909
-0.00621801989780372	0.00347133379138808
0.87467245095911	0.879518477267215
1.02259938083604	1.06705854609469
0.399347543067605	0.293399579549052
-1.40186565980495	1.48444853822536
0.546843514987056	0.39952635801972
-1.04453070585904	0.875000983365389
-0.00475680929605525	0.00220672361861251
0.564519365410335	0.389682043346549
0.116186636806352	0.0680532515196002
-0.100793899580135	0.0535980179050429
0.399720762046032	0.245300880797733
-0.889980160389902	0.758313948686625
0.129212535291802	0.0573722565547967
-0.449454684785548	0.282441571160091
-0.314897752349974	0.180460386792066
-2.38046183086917	1.46152631292284
-0.422256388009115	0.236590327517095
-0.686643295235763	0.50818911175335
0.116451858679516	0.0682159522077023
-0.897253909040203	0.93949918990685
-1.47884845413098	1.6475598085936
0.399776379328832	0.32546269058336
0.399407141715624	0.340553854433012
0.116330839643921	0.0681472868212352
0.693670173069584	0.725194243207079
-0.577026152697648	0.434341282550561
-0.0488879942131119	0.0266619172719185
-0.284863170771258	0.186167116622821
-1.28418831616653	1.6192281843046
-0.260314528745779	0.131393590854783
0.968786534258991	0.894783796754406
-0.472024518616386	0.329044883502682
0.656233446083565	0.556691460943664
0.399621764926025	0.24528629890332
0.0855710855814217	0.0466692685549772
-0.449633490948602	0.282605167831363
-0.260407914201451	0.131463826799335
-1.51117398792917	0.92735653097427
-0.389849774073474	0.276267896625035
1.05088334474898	1.38942219027613
0.372838340462595	0.176172443452236
-0.44972297108106	0.282664634540686
0.163479839725159	0.108734620174476
-0.217386798813199	0.161055170874197
-0.499945379236407	0.415667965251814
-0.0630099856496405	0.0444621396484759
-0.00475680929605525	0.00220672361861251
0.213151213421777	0.21032282402695
-0.224522869966244	0.149385580535303
-1.40202428860571	1.48426410708133
0.7964775407151	0.546436206750712
-0.686485798413027	0.507940032132344
-0.825142928248916	0.599571444913089
0.751013853753835	0.54655060088885
-0.391837132279878	0.191577190293029
1.59491187457724	0.855036907978974
-0.0787328393819667	0.0353418953097744
-0.173769055054967	0.117569809360543
0.140342264680331	0.109336636793216
0.193702732959704	0.178099977209146
0.0289840778068076	0.0171894330672799
-0.130971422385491	0.0899710371539595
0.399002333656761	0.277128626590305
-0.791885092082105	0.630573386077958
-0.472047704335293	0.329071112036136
-1.51140176261422	0.927988291760551
-0.471926829276133	0.328942702328004
0.399640462504326	0.245290629353771
0.085809101416214	0.0468035936787465
0.874524064957301	0.879168158207239
-0.422449318801549	0.236728116220036
0.396089460373207	0.22625207081107
0.584721353956748	0.379925831477889
-0.449446886597541	0.282387526346653
0.128967157113683	0.0572682747137997
-0.658835915529018	0.622299304766125
-0.176673524872822	0.144533156049907
-0.171831111220029	0.102975093490661
-0.731987837543225	0.440861040773785
-0.472131338862803	0.329112025572246
-1.14893374072295	1.17278247571731
0.740662547834992	0.716278945507002
-0.0491385627932144	0.0267957601177499
-0.322011037157674	0.231866624991855
-0.252949161662399	0.203250918677192
-0.579148582871039	0.475205392066826
0.631941480740873	0.352454317015294
-0.568511406865005	0.350173903370174
0.116535513473797	0.06825397199116
0.23410444750179	0.135473731879832
0.399045218082428	0.26107791038966
0.396068108708119	0.226269963646636
1.30810700637317	0.797487899674034
-1.52283520394249	1.22073671253041
-0.571531865159127	0.312374846114351
0.564332334827496	0.389653895586746
-0.957611229281436	1.23786968455214
-0.824276944220782	0.816610642593843
0.372603231471355	0.175990694219304
0.0584629558579508	0.0369341675612139
-0.390010170761787	0.276421028544424
0.178582044959992	0.0880558495915799
-0.391124636098368	0.191098464958088
0.584743628490391	0.37993126836576
0.56422737419145	0.389555636326398
0.21178923311276	0.113786657240428
-0.449909775073669	0.28276271969984
-0.0490728158822873	0.0267618346413515
0.365902024574029	0.150387445991254
0.399728693730097	0.24533491213199
-0.449544062178421	0.282531156107745
0.632168963645606	0.352673317989728
0.38741809871021	0.203620033078419
0.047887776877987	0.0241619538247141
1.30833867576296	0.79748357258179
-0.422320612835452	0.236661180017005
0.37294067854689	0.176245525558977
-0.413812652775072	0.320920649600339
-1.4493048975108	1.34682131015526
1.29059040546749	0.361273728188317
0.211819494672195	0.113810815709731
-0.968272243637976	0.567172585007472
-0.413837630123317	0.321003545361389
0.211956415974128	0.113885749261243
0.898256993301542	0.723151630240779
-1.52282792740514	1.22121094412113
-0.299013141070043	0.237825804071924
0.211849784137663	0.11382783840282
-0.00479980150253003	0.00222543899707575
-1.40192482241543	1.05063466740639
1.51266839892472	1.26305167166492
1.30810700637317	0.797487899674034
0.671567142878356	0.33484663200897
-0.224309396879475	0.149251198329982
0.399348878782669	0.293364502635155
-0.119599857211976	0.0731028704874724
-0.265659552066275	0.194200980313433
0.181354727690782	0.127651068600099
-0.00638929513398506	0.00356739098780242
-0.314951765219021	0.180492172724413
-0.139743235874131	0.105939373673095
1.26764274140403	1.31596275236084
0.142158877408837	0.0889187387226178
-0.0760339718572247	0.0473650341811024
-0.167784410327834	0.086973154849
-0.0488746227041933	0.0266519956042316
-0.358430472278739	0.229872321405079
-0.852541166752993	0.785872227558357
0.399660064812808	0.245317382260872
-0.890017016750693	0.758414603504005
-0.56850361312045	0.350137185021699
-0.0489937644034561	0.0267199564240236
0.0584849086837611	0.0369509486462666
0.085809101416214	0.0468035936787465
-0.732032135539211	0.732821298651971
-0.100704209772987	0.0535537703395433
-0.686670269083675	0.508235697146491
-1.4490049653761	1.346084984323
0.715445504442213	0.720411590700479
0.276662130961792	0.193532353478315
1.54357113994753	2.15451911941801
-0.171831111220029	0.102975093490661
0.399254339622618	0.370073790344915
0.0479589629339549	0.0241959289933283
-0.0786262627254148	0.0352769823335984
2.4198029300754	2.78511103612385
-0.787878413463182	0.41380613890332
-0.327440587999834	0.129669435996948
0.853046680452927	0.54697101885335
-0.100361481812431	0.0533560155306658
-0.510415937668821	0.457934244674187
-0.686512824090886	0.507986633485621
0.750828254194413	0.546393815900103
0.398630197161081	0.276859229197656
0.398811843473839	0.277059701974975
-0.85258513378082	0.785727272580979
-1.12651270042196	0.723028054614847
-0.487606675292995	0.372750836390607
-1.04447915874277	0.874861737721261
-0.062844101700979	0.0443436364973041
0.396219281155119	0.226374014114269
-0.0785585849311568	0.0352548515118034
-0.701962072171393	0.471087613431695
-0.579378743921397	0.475440639742885
-1.22599977524566	1.32044637753544
-0.314913534863782	0.18049000784073
-0.167806752329096	0.0869693039478201
0.399187088913684	0.293282605618885
0.497109606497017	0.461600806705287
0.963507761145778	0.737129368422307
0.398820720900162	0.277025474674033
-0.825127181183508	0.599448766878507
0.301537774326487	0.245829002801816
-0.235488423181181	0.138083855479216
-0.0284027572203765	0.0222477973730666
-0.732021846522536	0.441299012127764
-0.395453749887947	0.361008071619802
0.0479747380547107	0.0242080962692441
-1.44924009417487	1.34667726234533
-0.260486639341066	0.131500765009026
-0.078745871602922	0.0353461577361168
1.15482253578082	1.10913791862697
-0.414045673528618	0.321172019975283
-0.573043063375869	0.392116283470683
-0.792052298639449	0.630656110813843
0.512781049904591	0.43655611193485
0.52227981971219	0.423783646269679
-0.28518786639213	0.186434024764144
-1.32938572253344	0.733074998982863
-0.568412513831888	0.350074832940256
-0.0393981764029331	0.0249849676031559
-0.100809177603537	0.0536037457387776
0.178755600198499	0.0881263357965595
-0.577026152697648	0.434341282550561
0.852752358645311	0.546638913003178
-0.285076935050368	0.186315869673887
0.234388667047457	0.135655805195531
-1.94202876330122	1.5053209239681
0.116489195276326	0.068231887094166
0.313422209721872	0.278508852576411
1.51240256295862	1.26195140214666
-0.732036673044235	0.441341043477748
-0.568473274508818	0.35013698342253
-1.01098502187099	1.04660896365302
-0.0759928025280038	0.0473296290751159
-0.747006414651001	0.697678094612967
0.96343137288018	0.736917816316698
-0.0652388242130053	0.0547055922826562
-0.686683761512667	0.508174597084697
0.584773922216367	0.379896911238035
0.928767656287062	0.545207466605494
-0.732192865670734	0.441473163114747
0.564332334827496	0.389653895586746
-0.766334235224492	0.663007552598854
0.564152751246519	0.389471809180536
-1.24511065089149	1.02221469041217
-0.413730680333414	0.320888721656759
0.116428702122489	0.0682030568622803
1.15025638771776	0.774418861125706
-0.701939376185849	0.471077472243728
1.03236752144278	0.911314788146664
0.0478678062535957	0.0241529007811321
-0.510289006936431	0.457857532003872
0.0479668102951513	0.0242035155870716
-1.00953121808198	0.719538579271265
-0.224203491251128	0.149157174432024
-0.167761860218221	0.0869497148664064
0.25077730949292	0.155295680303515
-0.449365358784094	0.282333748586784
-0.260673005754938	0.131596036501488
1.15451914124302	1.10878704990263
-0.648474836848896	0.696402792335681
1.05615920010244	0.549561803212589
-1.32938572253344	0.733074998982863
-0.573293818099177	0.392293154873551
-0.449559643029099	0.282553005776485
0.276554597821924	0.193442752888539
-0.0629811980915433	0.0444439033569025
-0.674818648861795	0.545711507796161
-0.366243612889351	0.358664121547742
-0.171816972074702	0.102965328684015
0.23420176261692	0.135550725555505
-0.732099967580472	0.441350213980641
-1.12702728560379	0.7237887552699
1.21242384434224	0.97120071712665
-0.967913118768585	0.566880494409038
-0.253233963274829	0.203545989804676
0.546566029400145	0.399212398420784
-0.413834628965583	0.320990882717356
0.656260626852243	0.556695144537498
-0.577146638675989	0.434429840249087
-1.04446560025431	0.874951843477017
0.372838340462595	0.176172443452236
0.796607070563234	0.546529871565748
-0.568465446136222	0.350055947729783
0.0858484266526765	0.04681806473566
0.681050825914096	0.550390686111211
0.250711605847258	0.155245755704872
0.584721353956748	0.379925831477889
0.399177707527431	0.261100828258101
0.852791231826911	0.546553226745956
-0.265569379973613	0.194142537482544
0.294538374539166	0.229025751018913
-0.100629944992226	0.0535126365530659
-0.100629944992226	0.0535126365530659
0.399441211531121	0.309440121880816
0.588748066995233	0.59200760590694
2.04495556501966	1.91702160426515
-0.260422454505934	0.131473076198748
-0.889776252660043	0.758163932303549
0.838278754077182	0.876829800366686
-0.576989250936056	0.434217336157644
0.635435234092424	0.564601883477342
0.294476638454516	0.228953020613935
-0.381135591421568	0.395482098555254
-0.224522869966244	0.149385580535303
0.796542286709821	0.546503907985386
0.211964338892854	0.113888136941665
0.606559527610197	0.367723081536763
-0.449388889063725	0.282323347402516
0.0478981651999103	0.0241685434406286
-0.256382919765607	0.254029691273109
-0.533040894845234	0.609695424693133
1.0638084564045	1.23775651710272
0.621662383058177	0.764438501561995
-0.931761349385131	1.091256783625
-0.529604142883641	0.574491896206736
0.0290370556228624	0.0172206399698484
0.779704620602312	0.876014559891543
0.399452705761677	0.245117872994277
-0.6867874780642	0.508227184141461
-1.66989234257219	1.1213835592074
-0.184515486374521	0.0791276552318126
-0.100704209772987	0.0535537703395433
-0.358522758485451	0.22994932308938
-0.571505531550015	0.3124149088738
-0.572977137866887	0.392068629563688
-0.358693947004867	0.230050693313241
0.142051476455936	0.0888577884553235
-0.938756652318534	0.733858328376305
0.0478678062535957	0.0241529007811321
-0.686893252102377	0.508419637507065
0.806886108648653	0.875870098818518
-0.139772117374668	0.105960867449711
-0.358430472278739	0.229872321405079
-0.167746238435569	0.0869469108163603
0.398751303919128	0.277008501801979
0.399652725365107	0.309677096898813
-0.731965786857973	0.732716523926003
0.294390436438278	0.228835531941377
-0.0490728158822873	0.0267618346413515
-0.573056252013549	0.392154337670413
-0.389716607294637	0.276063724492673
0.276500070262287	0.193354946144982
-0.487581032377036	0.372727958048912
-0.934099117313195	0.914058426198824
0.708912384893728	1.05640288850647
-0.115115151513792	0.0954543642312413
0.196812447404238	0.145987123372345
0.0835075465371211	0.055929965895347
-0.039353128958727	0.024952962953098
0.929881668108966	1.04618174195779
-0.282252241621035	0.244227591554584
0.294607819320488	0.229068114143061
-0.852478205765596	0.785785640793822
0.242189747274423	0.214780860108511
0.399240135763075	0.293323481760192
0.399072206274967	0.260987481131941
0.546895990778706	0.399626688998168
1.48090463609748	1.5880214670176
-0.0342780216513415	0.0244563443209237
0.328825624179127	0.327634912700911
-0.299039335555122	0.237842953860494
1.52859174858403	2.31982448419118
0.602365984917455	0.582957641170346
0.6563136995897	0.556790487890074
-0.285174180431765	0.18641825772864
0.656259339378735	0.556754166748311
-0.314829114370994	0.180396854124777
0.234209408113983	0.135557017197127
-0.897517881794049	0.94030942754423
0.387618551364921	0.203775351678185
0.163416673168622	0.108685956637582
0.116489195276326	0.068231887094166
0.564242568767649	0.389576900413468
0.104703034434308	0.0739775122064196
-0.0344877163074795	0.0246144600334162
0.163457954905026	0.108715810889068
-0.0626510774488338	0.0442001932599015
-0.581793052068323	0.516564135047131
0.803959680966698	0.712177078510325
0.89833172185645	0.723268328705126
0.606775424646266	0.367743257815245
-0.801742222533774	0.848030929183181
-0.76614992368499	0.662541981757469
0.211895891785283	0.113859386997973
-0.981611408958103	0.891369034784776
0.250592487483807	0.155172004789474
0.396284062791461	0.226395002349251
0.956396713452994	0.344907057276545
0.533399349534821	0.41121498793797
0.387631395002869	0.203744369619616
0.0290370556228624	0.0172206399698484
0.606920023753657	0.368081471821074
-1.52283520394249	1.22073671253041
0.632282847428213	0.352728572431533
2.1818564625166	2.20461815797293
1.15458507968611	1.10902660350339
0.294476638454516	0.228953020613935
-0.43510302770915	0.475247858556392
-0.107551153683785	0.0823416233519769
0.399161216342137	0.293259882473176
-0.746943588893125	0.697581345058754
-0.394647333226417	0.432309003892481
-0.256333439926687	0.253764701931971
0.0635226648707954	0.0472632648058733
-0.0491118939546748	0.0267775844251664
-0.107445266925151	0.0822548647762746
0.0184140873354235	0.0123897500406228
0.128496054262865	0.0570471936487537
-0.322139897340277	0.231999577337031
-0.260451488548062	0.131406619854658
-0.119493837664983	0.0730298441674234
0.301431028422242	0.245728277307987
0.123566366575258	0.0918206157842435
0.209625631446277	0.163187826384293
-0.674765676785215	0.545649823465162
0.632184240857334	0.755024890639782
1.24617031205853	1.14619044136978
1.0439984206623	0.753790274969522
0.602176606450493	0.582412612894064
0.0585889796897032	0.037012284025817
-0.235316786021102	0.137981180349472
-0.265528231091648	0.194101021679468
-0.487447898620229	0.372489368911228
0.602188118792115	0.582715701476752
0.264607397051008	0.17443616572978
-0.10062225280412	0.0535115969827204
0.712127337147734	0.546578998958016
-0.568473274508818	0.35013698342253
-0.568632676727066	0.350029265440457
4.63430294481952	2.19996467617937
1.30815037571614	0.797500355917327
-1.85884760734052	2.22555536990508
-0.579107606565021	0.475099010712088
0.276578794334769	0.193367140274466
1.21197677518373	1.45632330100297
-0.93180479874251	1.09131519015588
-0.825329265417905	0.599645011435276
-0.235224426170279	0.137909137164948
-0.981293788363556	0.890655671091952
0.75092933952196	0.54630009282899
-0.173936295864811	0.117673468431337
0.769624558410942	0.71323243362851
-0.788464314880281	0.414424326723021
0.852778255844793	0.546757450411459
0.399652725365107	0.309677096898813
0.398952751279318	0.261019310889639
-0.500380080758317	0.416143187482361
-0.144514755084719	0.119091478732699
-0.139772117374668	0.105960867449711
-0.352019872466604	0.276711013413076
-0.584060130208692	0.55682533919967
-0.889896617486106	0.758357339826199
0.123493734026014	0.0917568764110301
-0.524970000529164	0.537568009744887
-0.981505504330676	0.891295148402178
0.276795375061017	0.193600610596379
-0.100704209772987	0.0535537703395433
-0.358403573374647	0.229826301873213
0.163501719768619	0.108748360137995
0.963439305415341	0.737033359814109
-0.41394158326969	0.321121824292564
-0.2988802591657	0.237699342993491
0.123566366575258	0.0918206157842435
-0.32207686699996	0.231934859347299
0.399254339622618	0.370073790344915
0.963439305415341	0.737033359814109
0.398751303919128	0.277008501801979
0.116293465720791	0.0681174351116925
0.399294503275736	0.293374967381293
-1.04445204539498	0.874915515762286
-1.63519167898621	1.39553890660412
-0.939064223681972	0.734584867529678
0.91735983713384	0.88459815617751
0.234217042819429	0.135554715301903
0.845873572645785	0.715100082050027
-1.85870012554999	2.22525393615243
0.852939962809722	0.546934303038246
0.399718825474951	0.325361456759775
-0.171793801836589	0.102951867486592
-0.235303642562071	0.137970517714117
-0.792210335867543	0.63072241981127
-0.314867405965761	0.180451526135702
0.0616264557748945	0.0238611614751663
-0.938827414231148	0.734169359590649
0.606826204302058	0.368017845521227
0.178408925233274	0.0879707492156317
1.56255558760552	1.9870841629817
-0.0758201313271384	0.0472335094023848
0.504592859831749	0.449371582331686
-0.823991306393046	0.816234952867646
-0.00649619072655505	0.00362618846728953
-0.472010450119347	0.329013950089207
-0.00477832280722481	0.00221735527016294
-0.314768381769117	0.180349988527173
-0.32201386012934	0.231860376653194
0.0479668102951513	0.0242035155870716
-0.224362360916797	0.149289333907045
1.18695265402208	1.28220770319229
-0.26554880296696	0.194126969543783
-0.422256388009115	0.236590327517095
0.0857559934226779	0.0467736506521512
-0.674898840923898	0.545790922920221
0.264755643837087	0.174602748105253
-0.376316793960035	0.319978706555717
0.658660672190756	0.738047782770317
-0.0759657878041337	0.0473154261582423
-0.119198878267825	0.0727991691119748
-0.581772393937408	0.516603728381565
-0.472001332696941	0.328991717662355
0.105162340264299	0.074317482503853
1.02259938083604	1.06705854609469
0.504465487353853	0.449126230590619
0.399267318521548	0.293356816796475
0.874755232228374	0.879621813051408
-1.40190822494449	1.05042639207658
-0.422170319287072	0.236445552920328
-0.0629166854646846	0.0443874264978067
0.25069825731129	0.155248653610278
-0.413878595132534	0.321065353400636
-0.253253479677255	0.203569659989082
-0.115229748822603	0.0955619688228996
0.0858222138874829	0.0468112400675287
-0.217214620217507	0.160883332934616
-0.265745785858005	0.194266682659516
0.399459997875481	0.245109493784926
1.36205327835221	1.19693733715299
-0.171975261730541	0.103067661326467
-0.449649024133895	0.282626986880979
-0.568412513831888	0.350074832940256
-0.568549525224171	0.350166151783107
-1.94202876330122	1.5053209239681
-0.472084972467567	0.329086525090447
0.546737724120211	0.399480929625377
0.617506710602747	0.573402877920645
-0.00645917082308286	0.00360555572465806
-0.265528231091648	0.194101021679468
-1.00945513744605	0.719425138137918
-0.674873072019471	0.545745098121915
-0.938800820501774	0.734004736031384
-0.11949245706525	0.0730428325659769
-0.686827855694164	0.508381075212563
-0.358680527282511	0.230076669085373
0.0857166974560899	0.0467505479059537
0.11640554574906	0.0681864626339526
-1.35092907110827	1.18241295811439
0.116284536468204	0.0681178066573984
-0.389796790631925	0.276201776044944
1.21231527031093	0.971317789997125
0.0617424742393982	0.0239084459082885
-0.167814701890377	0.0869867978736486
1.03195710721328	0.91053284243886
-0.358759464822714	0.230124373095012
-0.0788269788881849	0.0353859300459337
0.178423283573288	0.0879679360806085
1.15014266729831	0.774326861652598
-0.0083456807373163	0.00274570284113593
-0.391828951569218	0.191518019745526
-0.358574770830738	0.230008355533989
0.740580175979295	0.716383544036968
-1.15820259412721	1.47542638322107
0.584705454785635	0.379865393865165
0.21018235903179	0.163577071711599
1.56239501229612	1.98800541553546
-0.217472896625838	0.161120018705492
-0.389665093474376	0.275942565673882
0.0857298001699369	0.0467611300263588
-0.701908866845412	0.471042169258016
0.0185410853283632	0.0124748888188237
-0.877107195262802	0.577129826927392
0.0480050835828071	0.0242224684999677
-0.568442908073705	0.35011647403505
0.0832695652648969	0.0557567398338088
0.286586685653519	0.211767249976155
0.163394799247274	0.108667158772753
0.0585918553379603	0.0370192038447161
0.658349618478751	0.737524345851844
-0.212728154709746	0.172597522843799
-0.173854045087214	0.117638793695144
0.029009781927305	0.0172044213737388
0.11614924186535	0.0680207405035995
-0.389904182000159	0.276324804610237
-0.391368449200474	0.19130152788782
0.1161634901573	0.0680366741364742
0.398713891522661	0.276963185861334
0.917333928024658	0.884398862694894
0.533473481420511	0.411229430272123
-0.100524984420176	0.0534573894442428
0.617633949705955	0.573627105982473
-0.284909796442049	0.186208505440676
-0.686564529117942	0.508078747495984
-0.358522758485451	0.22994932308938
-0.572950737104586	0.391949105687165
-0.119704561280386	0.0731658962210294
-1.32931437217088	0.732704638322614
1.03232726684426	0.91135634635286
1.61912944828132	1.66792181356854
-0.579570684013687	0.475513133484025
-0.674820100668733	0.545683412508346
-0.224389641716655	0.149312226642465
0.0289568043675961	0.0171732158028847
-0.686827855694164	0.508381075212563
1.34281537634135	1.01484161778391
0.365691013165346	0.150286033986656
-0.568481019853327	0.350153375981782
-0.422320612835452	0.236661180017005
0.250790671040038	0.155292789736014
0.671465868796485	0.334774054050095
-0.87719241026191	0.577211271023757
0.740434397306547	0.716014111872294
-0.57208742748561	0.312754566699712
0.711994689914987	0.546635957220775
0.264621200685865	0.174506228380541
0.209579370766367	0.163114805205098
-1.23412242004926	1.16984793589916
0.399241455715525	0.293334087412803
-0.389982968519614	0.276402027316149
-0.173580087793681	0.117399147714015
0.209871007942117	0.163430267821291
0.711902189597772	0.546539513612059
0.39899192284154	0.260983107314941
0.250605830440359	0.15518710398705
0.874840284125199	0.879616479175003
-0.314936050194936	0.180496880170545
0.898249451131516	0.723137417121878
-0.314974334266225	0.180517382779914
0.588661478391186	0.591862849675889
-0.285271468462928	0.1864724062747
-0.579277480835323	0.475228598288427
0.301497585276184	0.245800297176315
0.142024289324118	0.088834502541531
-0.351954321284277	0.276666513577105
0.584629149493546	0.379576303003956
0.564137604557153	0.38945059624571
-0.579162162837228	0.267406238343768
0.39892755151948	0.27699433857672
0.181445038128079	0.127712516882967
-0.573148582352656	0.392220049465515
0.512761756487038	0.436576039484465
0.178408925233274	0.0879707492156317
-0.674792889721164	0.545690657241514
0.396262160673801	0.22638646126689
0.656393948036414	0.55682550587557
0.491044565940696	0.47427386197998
-1.01094434495271	1.04663097728092
-1.00956173625136	0.719582795507295
0.564422049407264	0.389700830190336
0.399132730097224	0.29316432327694
0.963409078782663	0.736933842807329
1.54387975270588	2.15359252841373
-1.54122606340521	1.5155252402389
0.711689612368676	0.546035344324959
0.398766407004086	0.26066969112291
-1.62746656990769	1.68716123511056
-0.732207785471608	0.441468073086455
-2.06194765321577	1.69869793520873
0.396197438898127	0.226365511940548
0.365901442885752	0.150373308319952
-0.391481666646295	0.191384943509599
0.680762230747312	0.549487862503984
-0.390061785551925	0.276414705453124
-1.54120277495639	1.51560255027329
-0.568511406865005	0.350173903370174
0.294521640785527	0.228969184933619
-1.04446560025431	0.874951843477017
-0.131102415469497	0.0900815453227977
-0.573082641337609	0.392110428954273
-0.487714193016348	0.372872010913352
-0.314913534863782	0.18049000784073
-0.500011585210668	0.415763046521763
-0.500074420317747	0.415863932501337
1.21240187826844	0.971357094877432
-0.746773805218384	0.697217532176898
-1.00955415243895	0.719594277702576
0.276581864658763	0.193470468193327
-1.52282056881161	1.2210719678012
0.0859014915634962	0.0468510187878195
-0.314897752349974	0.180460386792066
0.764280160087122	0.331303341451248
-0.487475189289329	0.372536126788705
-0.1738760053631	0.117653995479651
-0.326340721653588	0.280055228883983
0.3133568651253	0.278502834108035
0.196963983046581	0.146063698205019
0.533134611908103	0.410958862717587
0.522387352151361	0.423910040361166
-0.119544100623782	0.0730686929218244
-0.568412513831888	0.350074832940256
0.396197438898127	0.226365511940548
1.02233124403325	1.0664180482969
-0.389902765292212	0.276321754862654
0.11640554574906	0.0681864626339526
-0.00639887010765399	0.00357225047147287
0.584683124801269	0.379889250809324
-1.0674633720414	1.02935545738054
-0.6533224692108	0.659742172425277
-0.314966389985357	0.180495713336035
1.24580343826428	1.14465216138894
0.178300949641365	0.0878996403275426
0.234373269576146	0.135633958116151
0.399553130100988	0.245216534651606
0.584789793668832	0.379972034303177
0.606480452143739	0.367614523278075
0.163564873806924	0.108792680582514
-0.573056252013549	0.392154337670413
-1.24553985541735	1.02221061261405
-0.391368449200474	0.19130152788782
-0.471782795938621	0.32871723395479
0.96346955997511	0.737053210534985
0.399640462504326	0.245290629353771
-1.11459535646121	0.54087500274063
0.845873572645785	0.715100082050027
-0.00471351223080486	0.00218494087160831
-1.00966077046649	0.719307892669355
-0.167852880383599	0.0870058064419345
-0.571963286722402	0.312637127021938
0.196857180322845	0.146002107202353
-0.389982968519614	0.276402027316149
0.972339558644507	1.05466068289494
1.08183584988741	1.08380771699508
0.286356264003954	0.211592099352807
0.399780484479693	0.325495020172414
-1.14257743176478	1.02045612355461
0.0290370556228624	0.0172206399698484
1.47066591704473	1.7562483792622
-0.518767764431231	0.498788787929921
-0.653520699235575	0.660012762681798
-0.472047704335293	0.329071112036136
0.796499407903853	0.546409161577071
-0.391611384485079	0.191440763997525
0.142024289324118	0.088834502541531
-1.1145954954322	0.541089063658969
-0.732192865670734	0.441473163114747
-0.224309396879475	0.149251198329982
-0.298906392453111	0.237731703124378
1.23112577958427	1.62842515904195
-0.433404845741956	0.364699211077833
0.803885443008125	0.712114459554289
-0.792089496111302	0.630754759552082
0.917251141488071	0.884244559525744
-1.94219445552014	1.50498311534234
0.0479972024740841	0.0242164984656391
1.73177374825058	1.9133142003872
-0.119359254656873	0.0729448682063679
0.39924277451529	0.293267579091374
1.04382595187159	0.753163483259836
-0.76630861954926	0.662972643880192
0.398849230316022	0.277057537590374
0.399583478821329	0.245237435874431
-0.877063949356056	0.577066528922155
-0.422277886081322	0.236628606264027
0.211972345235843	0.113872699829732
-0.0394021869687792	0.0249870624350815
-0.184515486374521	0.0791276552318126
-1.14260067669355	1.02066115370797
0.178675874793748	0.0880918078933201
0.671494664560962	0.334807235682389
-0.968033043844823	0.567023112730889
-1.11394961846196	0.540358650867839
-0.674791434292598	0.545622611509452
0.52227981971219	0.423783646269679
0.25069825731129	0.155248653610278
-0.732036673044235	0.441341043477748
-0.100532689740455	0.0534621458761021
1.36216788507174	1.197393867706
0.399629756186755	0.245296505376421
-0.131430293705036	0.0903044965525303
0.715309996970718	0.720037016954227
-0.897473319431295	0.940274502101517
-0.0393816506771032	0.0249713880146857
-0.510540482505122	0.457864513047275
-0.487476854839703	0.372419261064492
0.12348686169197	0.0917573670050925
0.399497104185646	0.325254990433101
0.0289583677449382	0.0171730144127463
0.211895891785283	0.113859386997973
-0.298946691877838	0.237766403306769
-0.167814701890377	0.0869867978736486
0.796564213761884	0.546476908211474
-0.391603095504156	0.191462066890932
-0.265721215652657	0.194247194772182
-0.568564206808089	0.350070670790836
0.399583361571094	0.325359390748264
-0.0342853636409643	0.0244612522534935
0.336847733418029	0.358885996476873
-0.207516075733724	0.181925954217484
0.181592903597219	0.127808502828107
1.58599651041562	1.82449680106622
1.09685974205195	1.40781389017121
-0.07853991043707	0.0606392660068378
-0.573122228556241	0.392182120784472
-0.571856302171083	0.312667878337296
0.181399908429285	0.127687118867493
0.276606055592833	0.19343332797173
-0.48776714051348	0.372911243742093
0.0584820385997071	0.0369335042050101
-0.449454684785548	0.282441571160091
-1.44922643815521	1.34675809657747
0.39911149736699	0.261109190448986
-0.00643587924542967	0.00359301632558093
0.963545976406489	0.737152407988497
0.399550257329705	0.245208994329299
0.116247166995476	0.068095355374989
0.286523637112009	0.211735970130416
0.617572512063333	0.573549849162246
-0.0787328393819667	0.0353418953097744
0.584713362680071	0.379926319520258
-1.01101069684062	1.04647536420941
-1.7403729918924	1.57476677113384
1.02249183379048	1.06698805226884
0.294624588337035	0.229092284949089
-0.433267654425615	0.36444301757585
0.0291173019445393	0.017266599974287
0.28646056595442	0.211694108651968
0.917251141488071	0.884244559525744
-0.10062225280412	0.0535115969827204
0.286397472197663	0.211642737890306
0.0583807005428617	0.0368824650389447
-0.322178395619235	0.231981400310909
0.264741881640269	0.174598132091718
-0.433466919585418	0.364819102057598
0.398952751279318	0.261019310889639
-1.49895176135266	1.9483334331428
0.512761756487038	0.436576039484465
-0.0947992162507255	0.0660470348324582
0.221677584144413	0.180625376033142
-0.585678095145911	0.632428096615653
-1.06756914640479	1.02956080335463
0.632212375301958	0.754947055258201
-0.967115841730446	1.06802087090465
-0.253127136174988	0.203457367020829
-0.131167945964282	0.0901320351584368
-0.171710160877072	0.102884135352662
0.250658189413967	0.155202280541469
0.142133049799469	0.0889005170529464
0.504461609472985	0.449256492439233
0.0184400211106945	0.0124062591472949
-1.29925548666426	1.47238337761927
0.058443790022945	0.0369248768508539
-1.06759645658401	1.02968138226897
-0.322351038261174	0.232133263902682
0.0831627759593761	0.0556638894266571
-0.00477832280722481	0.00221735527016294
-1.32953956842148	0.732743827144696
0.211857686193715	0.113839275081236
1.77549575861363	2.31352048967866
-0.100599240850681	0.0534854334490669
-1.22587768536694	1.31991888351565
0.512970237951791	0.436624773340006
-0.0630631761328545	0.0444890086203535
0.104690465700424	0.0739545968334879
0.711928262731637	0.546541091843573
0.29451780077967	0.229011585671989
-0.175985918182125	0.131965687487415
0.0290370556228624	0.0172206399698484
-0.57703974245666	0.434369516798473
-0.897235938642563	0.939821244116649
-0.493185817479885	0.594498885076357
-1.29929853706378	1.47205578250895
0.546658537699458	0.39936889682843
0.681171948846945	0.550519576410294
0.577022716204165	0.601654361345825
-0.852522194565737	0.78564073577593
0.497209994677897	0.461670038484069
-1.10660230793931	1.48380957861403
0.155721600850576	0.12687834443863
-0.326167034279988	0.279895016681894
-0.747243871804815	0.697658653014912
0.163523595034267	0.108757021919746
0.522385826382764	0.42384874536182
0.163397194928647	0.108655313544341
-0.224230772830144	0.149180058323105
-0.449812502559788	0.2827095155416
1.12026088529769	1.2576313920689
0.635690366690533	0.565096016504913
-1.63536003126478	1.39505113351174
0.750662199786763	0.545975134251731
0.264741881640269	0.174598132091718
0.546605877869157	0.399187163660505
-1.24528052059392	1.02247485915243
-0.389876979031048	0.276305805054114
0.028796287060234	0.0170738957105835
-0.852330345091486	0.785468465244391
-0.175919634649486	0.131903962046959
-1.54134656243585	1.515594319823
-0.17191476584973	0.103033463272345
0.656339583124585	0.556847987421022
0.564332334827496	0.389653895586746
-1.13152767566942	0.867218322233017
-2.55476617804427	2.71356531195152
0.155566938084678	0.126731001090433
-0.472205907833513	0.329124538961589
-0.938827414231148	0.734169359590649
0.750925784738589	0.546494659096437
-0.348061454900727	0.320015478080447
-0.510268821300903	0.457810866617401
-0.107341453784658	0.082163398094189
0.169428199350425	0.144016971661243
0.196657324790361	0.145866264172984
-0.766988581484473	0.909877064119505
0.399288969240364	0.355377886242979
-0.746795901915655	0.697288451086869
0.715445504442213	0.720411590700479
-0.500162625347248	0.415988532677424
-0.449917475520698	0.282760406761296
-1.55201070838787	1.81489630714572
-0.265721215652657	0.194247194772182
-0.265352152266523	0.193924496597866
-0.824964638019071	0.599304485288219
1.11244681567147	0.937407616180729
-1.13144361242623	0.867435958813376
-0.422320612835452	0.236661180017005
1.48120823469628	1.58988664151166
0.399058289087215	0.261066486593233
0.750898958716416	0.546360004087353
1.37643340765381	1.70424700707092
-0.0395089598661675	0.025056610537209
0.286463214356391	0.211641208437371
-0.285127572665304	0.18640202474893
-0.579170559296308	0.475220785916367
1.28503481611261	1.48998404867528
-0.0489147483452937	0.0266769411251259
-0.260170783678341	0.131299457961473
-0.00837846316080255	0.00539937770157817
0.0288250995353104	0.017091994259572
0.209758456177988	0.163326009705207
-0.10062225280412	0.0535115969827204
0.968861394372827	0.894764321872648
1.64834802048995	2.22596844460326
0.787934045375903	1.03601928624716
0.301410936946005	0.245698749845167
-0.144347482915285	0.118935443860856
1.29760071252804	1.6619365177802
0.399161216342137	0.293259882473176
0.0834419623206405	0.0558844880401982
0.490827974489673	0.474115375699646
0.399085307374028	0.261049706921744
-0.0625442574324194	0.0441144022110367
-0.131233499060858	0.0901795833894835
0.845807667058939	0.714953390541008
-0.573122228556241	0.392182120784472
0.234217042819429	0.135554715301903
-0.0758037032991897	0.0471981357487303
0.769730612762067	0.713415955765321
0.163479839725159	0.108734620174476
0.83836500572015	0.876939662208736
0.28633168863619	0.211553497560757
0.804043307590794	0.71233864047186
0.39876777631751	0.260803810478479
-0.00915515031490818	0.00660096196247951
-0.0345240156627033	0.0246372566495516
0.674610887661891	0.730488774459145
0.551503754697752	0.635830807293453
0.854777059455906	1.1916270038697
-0.224339878915846	0.149154479217494
-0.472061788963516	0.329033357464412
-0.17191476584973	0.103033463272345
0.39947267127484	0.340626777725325
0.972550981502203	1.05497512183915
0.656285226223935	0.556752931738205
-0.0626917745731088	0.0442259554152427
0.399407141715624	0.340553854433012
-0.282273703440341	0.244259195374869
-0.934058258791843	0.913876341257033
0.398872373781685	0.277094868971369
-0.235488423181181	0.138083855479216
-0.510554622345062	0.458200766709878
-1.36877814865967	1.62748394013773
-0.00482134538163185	0.00223622028267589
0.874565533340917	0.879347201685896
0.399135928796419	0.355192589938646
0.323881598263012	0.311202905126171
-0.321969946980768	0.23182896791386
-0.322032975668386	0.231903465341743
-1.92796112064593	2.88036309486203
0.403145290784748	0.445942121434028
-0.643589144437603	0.731014996816122
0.399568034880372	0.384829545128459
0.018812053599662	0.0126565986208311
0.490987000639688	0.474260257071092
0.399735331760836	0.325480178596874
-0.322452970399392	0.232128712488947
0.279876622082569	0.296435788303267
0.123544444385558	0.0917999591205901
-0.568404782301551	0.350035267727637
0.399628368616537	0.309604165886801
-0.487712563830129	0.372844245573686
0.0183679043233225	0.0123576609212751
0.874798937057536	0.879642881682537
-1.29911161575454	1.47211553971168
0.635478942495935	0.564844995830792
0.963614426148617	0.737050648301604
0.234283713697625	0.135588951948784
-0.235541515753558	0.138114100829824
-0.766334235224492	0.663007552598854
-1.00946265936106	0.719458642516027
-0.224283721636834	0.149230159915673
0.50424804408914	0.448737256729663
-0.065131791350478	0.0546081800508031
-0.173897970235959	0.117662972860727
-0.38998156515249	0.276336993708321
0.558705195675226	0.623880839701594
-0.533027326994499	0.60953115765537
0.0638718754258879	0.0475051469040637
0.477781945907163	0.513958714043543
-0.119544100623782	0.0730686929218244
-0.699200512200604	0.833451751970731
0.399720607549941	0.385193537883879
-0.579204904764993	0.267396917142687
-0.0759051448786092	0.0472913722500453
-0.413878595132534	0.321065353400636
-0.931783082408798	1.09134486803983
-0.581624290033833	0.516338790918282
-0.322329129041418	0.232140380002769
-0.449641252180695	0.282629245641421
0.0288250995353104	0.017091994259572
-0.00645917082308286	0.00360555572465806
0.711981637507327	0.546618402945273
-0.167746238435569	0.0869469108163603
0.712007738259608	0.546620013704936
1.49709100386471	1.42982237386332
-0.801635430468389	0.847866999017909
0.399630859244332	0.309670206289546
0.617683533066332	0.573670786029231
-0.00490723824214601	0.00227607344204021
-0.242698282493497	0.211457535821574
0.0829050009289711	0.0645975373907651
0.181461497683364	0.127719005886034
0.140233724667506	0.109227025155213
0.0289840778068076	0.0171894330672799
-0.119571298130348	0.0730913852716358
0.399883146756721	0.325402878402676
0.128617894345499	0.0571115897629187
-0.0759270521319743	0.0473049630283594
0.750918451769797	0.546500400749536
-0.0761164605046595	0.0474209476110106
0.398728165319106	0.276971181700825
-0.572990344273574	0.39206853349588
0.491066507690182	0.474268099677738
0.711994689914987	0.546635957220775
0.286419390851797	0.211652533237129
0.264718600927762	0.174588722278937
0.211926139913565	0.113876387771514
-0.130974989534363	0.0899653112912351
-0.348105387530893	0.320033254099907
-0.358667111251907	0.23008064430689
-0.224497167957806	0.149363575120558
-0.25302030787739	0.203324725442653
0.182361910440671	0.161392802196229
0.323920457598895	0.311225939434377
-0.746921508101353	0.697565218519348
0.399319024625334	0.293304042556435
-0.00820619958532179	0.00528963663095982
0.18157630714099	0.12779076341899
0.606920023753657	0.368081471821074
-0.10062225280412	0.0535115969827204
-0.00479974634476388	0.00222777119469707
0.804089835220899	0.712440424822514
2.41979537982991	2.785346946121
-0.8976039643065	0.940339593994941
-0.897149901643297	0.93946085437114
1.73193161406079	1.91446615771262
-0.665817649525553	0.583957697516659
-0.173963892428136	0.117627229306608
0.0832283845628636	0.0557150235975179
-0.217452189601796	0.161116070471731
0.764073196708025	0.331075185621132
-0.0489937644034561	0.0267199564240236
0.898413882526757	0.723276956405637
0.58839573724381	0.591308665015612
0.750820935056823	0.546362059972189
0.25069825731129	0.155248653610278
0.399545206485419	0.245165917378088
-0.852456218495276	0.785740006128746
-0.571963286722402	0.312637127021938
-2.81249308077895	2.16583786673649
-0.788353018666431	0.414337941238971
0.564160308367146	0.3894443144624
-0.579162162837228	0.267406238343768
0.29438648653125	0.228859204294919
-0.889956812825115	0.758402852078309
-0.235501547146439	0.13807177886782
0.276633318877016	0.193483226455459
-1.08408107527004	1.18337350066005
-0.868280070505847	0.96771546914886
0.490863603511581	0.474160698559786
-0.284849548019155	0.186132645130386
-1.06765107084076	1.02955906828335
-0.992426200195267	1.21832402858514
0.181748669580594	0.127876750991096
-0.571974814230293	0.312696668009941
-0.224283721636834	0.149230159915673
1.02254635039986	1.06701992887898
-0.825232150203982	0.599654790054676
1.36851924853759	1.36370108964016
1.34300268361462	1.0150029618971
-0.327335550717987	0.129625546394617
-1.32930273991253	0.732898294853153
-0.322181024893116	0.23204661658807
-0.487820095488423	0.372935503474609
-1.0675418341879	1.02930872282752
0.128853508420719	0.0572225471771537
0.533413147285571	0.411261900516729
0.0290082101700786	0.0171999121963372
0.12908973581767	0.0573229047507517
0.963455420905012	0.736843119096666
-0.825232150203982	0.599654790054676
0.898511215036685	0.72345451589888
0.286501692822054	0.211716469912503
-0.285043981003217	0.18633542576247
-0.731958339276255	0.441230120289073
-0.171975261730541	0.103067661326467
-0.314867405965761	0.180451526135702
-0.171793801836589	0.102951867486592
0.853115083689341	0.546978454245952
-2.38060556106765	1.46186003707845
0.178250692646318	0.087868903847657
0.803982942164289	0.712290972688709
-0.50003147918059	0.415829258616164
-0.500228233640452	0.416045323723521
0.250711605847258	0.155245755704872
0.711915228195204	0.546557048928131
0.399501274168248	0.325144115047923
0.504441039030717	0.449212629872115
0.750723403080249	0.546133424431026
-1.62728647447465	1.68659990243211
-0.449649024133895	0.282626986880979
-0.968033043844823	0.567023112730889
0.3075330390325	0.262055958899197
0.234306721965948	0.135608476227016
-0.852497218741647	0.785707725980518
-0.981532725450441	0.891190458093011
-0.358667111251907	0.23008064430689
-0.265614440495864	0.194180304416663
-0.282064016872865	0.244046438348143
-0.581489923647832	0.516289087537008
-0.573161765273624	0.392176229876356
0.606999733160499	0.368112755368252
-1.35083692672937	1.18239134984024
-0.390010170761787	0.276421028544424
0.718039331585202	0.887504887568775
-0.13127473744166	0.0902000576828426
-0.322117960194991	0.23199093386192
0.564339939851966	0.389626426333852
-0.389904182000159	0.276324804610237
1.27270444378972	2.13753874262459
-0.766361533159932	0.663054207629342
-0.0488746227041933	0.0266519956042316
-0.581472650460056	0.516020564429497
0.584713362680071	0.379926319520258
0.15568292200841	0.126847980041654
0.301511367876869	0.245744345505414
-0.235250744723944	0.137920266673397
-0.0787197888754788	0.035331436723466
-0.389904182000159	0.276324804610237
0.399698378494952	0.245331839655781
1.58614077553153	1.8243361412073
-0.449656806802103	0.282594576641388
0.564145183307959	0.389473891906218
0.211819494672195	0.113810815709731
-0.868320882219923	0.967754079816769
-0.0783292059263208	0.0604785756480132
1.29777335107123	1.66281727234075
-0.298952717156067	0.237755631770726
-0.573452381665004	0.39227606589535
0.398918661272857	0.277122050938888
-0.217583036604374	0.161222023874358
0.181313675255168	0.127612911033939
0.968838261637287	0.894730342815249
0.711994689914987	0.546635957220775
-0.571612713488628	0.312477898458969
0.860973754168909	1.03525734443883
0.874755232228374	0.879621813051408
0.0584218523132793	0.0369098436699805
0.617749253219165	0.573725609780785
-0.00816484380810605	0.00526291870258437
0.477781945907163	0.513958714043543
-0.643550461480804	0.730915650386072
-0.674847309630688	0.545617365600518
-0.314943947858019	0.180508496860338
-0.933844341584592	0.913679106263852
0.399053792212464	0.293105730792436
-0.648663057944753	0.69653411354096
0.584773922216367	0.379896911238035
0.141999791938549	0.0888227103233252
0.0480276212667614	0.0242276397887854
0.0855972236079637	0.0466817565088722
-0.581489923647832	0.516289087537008
0.264597924244184	0.174496820223054
1.21222890975055	0.971060007159056
-0.472070889856049	0.329070387884181
-0.510335207495744	0.457920435994576
0.286208055506217	0.211433815000391
-0.314951765219021	0.180492172724413
0.833219938849932	1.03342891156724
-0.487659615823777	0.372805015575226
-0.852500197789548	0.785757997478442
-0.665502969254937	0.58368145739329
-0.472131338862803	0.329112025572246
-0.665691709552174	0.583914618045903
-0.119598493637038	0.0731100910843556
-0.100532689740455	0.0534621458761021
-0.315012604577116	0.180519573244866
-0.358495878177703	0.22993924642698
0.56422737419145	0.389555636326398
-0.260422454505934	0.131473076198748
-0.0490327681648237	0.0267369195294689
0.656314994430771	0.556610111148418
0.313226677352076	0.278345815789874
0.196616031972375	0.145843799490633
0.209784434728169	0.163357596997261
0.0185410853283632	0.0124748888188237
0.588915411597909	0.592052982008925
1.29786408703858	1.66300682995499
-0.167784410327834	0.086973154849
-1.04468813256807	0.875044381033776
1.28492726238366	1.48980352606368
0.533329532533883	0.411241844029059
0.53306482134508	0.410917102288188
0.294804421093105	0.229160179151352
0.233940133706948	0.135348023118357
-0.0394187444678999	0.0249961651205256
0.276607594746272	0.193486442141265
-1.14262392140449	1.02071657436321
-1.15388020953856	1.32524070829306
-0.583576043533161	0.556409517844478
0.602701447760452	0.784113952337375
1.66350284586653	1.51576009674976
-0.967228266612289	1.0681833497165
-1.93116782314265	1.94659156429095
-1.27070742608314	0.885233973269698
0.123515650223371	0.0917803540039835
0.533245913804934	0.411170667653861
-1.01102922292255	1.04682659260225
0.211857686193715	0.113839275081236
-0.877063949356056	0.577066528922155
-0.686893252102377	0.508419637507065
-0.0946924686572058	0.0659817992337953
-0.674979038043576	0.545799116154301
0.533245913804934	0.411170667653861
1.06402620529673	1.23811800186846
0.399270093859004	0.26108084640531
-0.0759901648345779	0.0473452882734231
-0.0947992162507255	0.0660470348324582
0.584773922216367	0.379896911238035
0.769757873763193	0.71343453825599
-0.0787328393819667	0.0353418953097744
1.29059040546749	0.361273728188317
-0.571862109960018	0.31258660103728
-1.32946833469828	0.732965002131583
0.564422049407264	0.389700830190336
0.75104417444328	0.546490588732559
-0.314814424996404	0.18040114856928
-1.22074802063034	1.47099483455648
-0.653276819191851	0.65967225997152
-0.0395089598661675	0.025056610537209
0.286378167548745	0.211591909850807
0.276581864658763	0.193470468193327
0.779998889100459	0.875983337531133
0.347901512226661	0.416939551767379
0.602279817140659	0.582897967718392
1.03214221452611	0.911241377499726
-0.801727227562063	0.847797084014525
-0.119598493637038	0.0731100910843556
-0.58157945198374	0.516378936823913
0.0832861940626326	0.0557585074552099
-0.173643054231129	0.117461058877291
0.399321690028494	0.293377910100217
0.564444903908369	0.389524229896583
-1.14880794209502	1.17257905901325
0.398952751279318	0.261019310889639
0.181247958681044	0.127555825979943
-0.665584753500923	0.583875515619935
0.0186074566745822	0.0125199585315506
-0.939129990442434	0.734614739532522
0.398690755140477	0.276941906629452
0.398653331140568	0.276880501006235
0.632046398741327	0.352597545210657
0.546988418746887	0.39964943368048
-0.957775833532503	1.23682666033189
-0.583616628412319	0.55641461520282
-0.376163929996024	0.31987943573016
0.577210698025747	0.601982344577596
1.04321304265581	1.54249593463611
-0.351451444819049	0.275933838119159
0.522494886277939	0.42392561650573
-0.139916902234191	0.106050723694839
0.196595378439059	0.145823539637778
-0.217235349122221	0.160903505377967
0.181531246888365	0.127776568502257
0.740536361273309	0.71628986382389
-0.171696050116023	0.102863648758974
0.178423283573288	0.0879679360806085
1.03218127253685	0.911052508375353
-1.24528052059392	1.02247485915243
1.03228811396477	0.911373667372357
-0.578902974009509	0.267254122102802
0.128844798984404	0.0572090254928978
-0.746880785015513	0.697457472057385
-0.26561054937938	0.19413962489936
0.778257399647156	1.19492336586937
0.469762872538389	0.554999214723327
-0.0628698544044172	0.0443650532359503
-0.433360101876516	0.364709457252257
-0.638785167148522	0.764139415462275
0.674690420480179	0.730725096540126
0.286438632184769	0.211674618036817
-0.449481371905418	0.407113163310949
0.399624374491165	0.325372109335796
-0.176098300794053	0.13206066315773
0.399694263653972	0.325437950839049
0.567156457418707	0.612522500364788
0.333307869931454	0.343742242774571
-0.493231461685958	0.594545495416189
-0.39593788244703	0.36145589876382
0.0829436615362906	0.0646312697887717
0.715355215038476	0.720233940388528
-1.24537751982164	1.0224272869465
-0.746965674104659	0.697538837656829
0.533389873121626	0.411247955675694
-0.701931635787829	0.4711048335323
-0.00834069530117223	0.00537484137975938
-0.224230772830144	0.149180058323105
-0.224468311403556	0.149348426055333
-0.17657980921943	0.144386376850687
0.0291157145799139	0.0172647535261351
-0.500183219270712	0.41601862452228
-0.351737144610455	0.276443296639625
-0.00635228232034153	0.00354698853506701
-0.413900585107279	0.321072021268116
-0.665543837243447	0.583813760351764
0.602107464729187	0.582613241396535
0.399831090745276	0.385294200989034
0.323920457598895	0.311225939434377
-0.358588196149511	0.23002237558786
0.906533412885562	1.19615860811006
-0.314737975535389	0.180310123749427
0.968740277837925	0.894867219943855
-0.76609704007338	0.662319000207469
0.632168963645606	0.352673317989728
0.399019063877058	0.261052466805314
-0.260579855127371	0.131555960501043
0.0478757935477757	0.0241566119386645
-0.766493021691875	0.663087724450388
-0.0758858858027726	0.0472742031099182
0.104896410612126	0.0741403678084016
0.674487243110603	1.07390492352395
-0.006422163534817	0.00358458688008767
-0.173750001371629	0.117554131790799
-1.20754186980238	1.89929244392175
0.402304805170748	0.430979189813339
-0.82397057836553	0.816220702874999
-0.449130560508539	0.406713175504153
0.567023887253369	0.611923932641216
-0.701870683447116	0.471060482975925
0.806866146813055	0.875803365601958
0.128617894345499	0.0571115897629187
0.18152721235634	0.127766383065718
-0.171891600284617	0.103013652092688
0.399672146546433	0.30969489565243
0.0635750301668646	0.0472982104906535
-0.665355201300079	0.583437405971673
0.264611710694309	0.174500278389277
-0.119598493637038	0.0731100910843556
-0.391360018543522	0.191292687350545
0.399421775048638	0.355505081548686
-1.63529122922898	1.39567717437349
0.0586959218520654	0.037080909149561
-0.119598493637038	0.0731100910843556
-0.579252630682082	0.475335656833146
0.635478942495935	0.564844995830792
0.250566688022217	0.155113796049089
-0.390116190617883	0.276471622817521
0.606934254365584	0.368046449019147
0.181638013029537	0.127839712820135
0.116345045748615	0.0681537780773569
0.52217378315206	0.423624436973434
0.250540046641692	0.155129683229478
-0.146875311192199	0.130077950217597
0.693630018491373	0.724978476831694
-0.094499096567093	0.0658340442278749
-0.579170559296308	0.475220785916367
0.30749743053463	0.261976438841343
-0.11938505528066	0.0729634588982928
0.656339583124585	0.556847987421022
-0.17594543043347	0.131927464899078
0.804196729548054	0.712377530199034
0.105202620354052	0.0743418107031497
0.522225303003891	0.423604266288646
-0.568511406865005	0.350173903370174
0.533218257216579	0.411035841415906
-0.167860712017752	0.0870028481663323
1.3766472330919	1.70463075114012
0.51284933020946	0.436504885439809
0.181547743075507	0.127765068502275
-0.500293865375713	0.416087006797925
0.0290113532844415	0.0172048544907705
0.693730385123165	0.725275945041031
-0.414026562963196	0.32117309809927
0.892910768990597	1.03948206300516
-0.843804110301446	0.995126018405209
-1.54126302224802	1.51567196747083
0.898608533156055	0.723494902630146
0.140479786292581	0.109445523682401
0.399492797380015	0.325205407768763
-0.801854317333041	0.848211428219714
-0.719761430277388	0.767560566360836
0.656286518481059	0.556786806671946
-0.85235235414452	0.785514109137052
0.104916523665419	0.0741539664078005
-0.981373927907795	0.890781296672914
-1.54108230795146	1.51524777375836
-0.732192865670734	0.441473163114747
0.398952751279318	0.261019310889639
-0.119518275601168	0.0730591665263058
0.264634988622785	0.174528423682581
0.838451251285341	0.876940780207278
-0.0784291748277791	0.0605540433766112
-0.579044677321282	0.47495254421008
-0.171840142126793	0.102971998105413
0.893017506561415	1.03969156702207
0.674747996043736	0.730865020105919
-0.00816484380810605	0.00526291870258437
-0.487714193016348	0.372872010913352
-0.314943947858019	0.180508496860338
-0.173917091531538	0.117682478952323
-0.0758228309056645	0.0472304207766757
-0.139584184695706	0.105796997542341
-0.433380803591891	0.364749116803
-0.173769055054967	0.117569809360543
-0.48773985319078	0.372891051623747
0.24216806486053	0.214829080665528
0.756095580946045	0.878091605614151
-0.6655407518731	0.583706954287991
0.740475736617461	0.71620400051152
-0.852749383920513	0.785736599318866
-1.24501373386669	1.02209610358304
-1.0841908394185	1.1839217961835
1.2849559830724	1.48962129723847
0.398895517433152	0.277116160983013
-0.281976799508057	0.243874701142432
1.08201699621029	1.08405169334965
-0.00655651078964978	0.00365922616789442
0.286608635866589	0.211777070579348
-0.791778278670169	0.63023596164161
0.116284536468204	0.0681178066573984
1.15466426704745	1.109180653183
-0.889692726726828	0.75800789084331
0.584683124801269	0.379889250809324
-0.285030319307596	0.186329206529657
1.03236752144278	0.911314788146664
-0.265725247681282	0.194240756701471
0.893064014965812	1.03963383965687
0.141973939974442	0.0887927403169208
-0.0627864863179747	0.0442912908968405
0.142078665577231	0.0888764959093391
-0.584876369892694	0.701704200294794
0.210064359244016	0.163535951313013
-1.01119899680506	1.04676944355582
0.123464934646896	0.0917372677950668
-0.525069856353762	0.537739737339014
-0.358811661251362	0.230151188866686
0.387712424627645	0.203798195508622
0.399402265192724	0.340486801701286
1.18700448407068	1.28232067962445
0.497063102201755	0.461548138594148
0.558705195675226	0.623880839701594
-0.175985918182125	0.131965687487415
-0.0395089598661675	0.025056610537209
0.181440973065105	0.12771404261578
0.058399910005269	0.0368930739841914
0.399161974239366	0.340128943876745
-1.0970695948812	1.33531573143221
-0.572911281189244	0.391961099142485
0.533292453228994	0.411220850834707
-0.284886483760576	0.186193881211873
-0.957639381667115	1.23773090824046
1.00970623400763	1.53101267792603
0.399055214239898	0.35504527815603
0.163355797599466	0.108600904695281
0.196612417539357	0.145809472088384
0.71531816126221	0.719970499276285
1.26771768986517	1.31674662495615
0.533376076879672	0.411247392753159
0.512759125271984	0.43647542070763
0.0290113532844415	0.0172048544907705
0.681171948846945	0.550519576410294
-0.298886246745705	0.237696218895223
-0.35874606176488	0.230128359214925
1.1871131868423	1.28236843791619
0.234014737217533	0.135404415420104
-0.285150876711098	0.186416646333165
0.234194106334154	0.135535242488063
0.286290525771017	0.211533426053093
-0.390061785551925	0.276414705453124
0.163353483206327	0.108632941562139
1.24596799386918	1.14515271177722
-0.131123053864947	0.0900940267751824
-0.572990344273574	0.39206853349588
0.264597924244184	0.174496820223054
0.845952734120206	0.715189374908091
0.740602076435248	0.716379445772882
-1.74038958465519	1.5741743323275
0.085491672280226	0.0466198744971157
-0.376302228031285	0.319862108597667
-0.298839945557986	0.237664632715062
0.546895990778706	0.399626688998168
-0.306014619729646	0.283081303853055
0.399055262205551	0.339913722752329
-0.583703120286155	0.556469965414031
-0.00929364229965847	0.00669996117398404
0.399407141715624	0.340553854433012
-1.63522242686526	1.39559777272768
0.264732361595383	0.174574594918419
-0.576905701247131	0.434174829667432
-0.938971978520868	0.734455823851989
0.0422730605607783	0.0299553321539199
0.0184140873354235	0.0123897500406228
-0.665754668238517	0.583947621249913
-0.358588196149511	0.23002237558786
0.617745053337773	0.573829512967194
0.276607594746272	0.193486442141265
-2.0618843804679	1.69776678752019
0.180943897863625	0.127209449035194
-0.00639887010765399	0.00357225047147287
-1.27040006372588	0.885002340015008
-0.322181024893116	0.23204661658807
0.740772155187391	0.716254749005915
0.294649024931363	0.229126736383415
0.22139578377839	0.180415415615322
-0.449155871919584	0.406781156806053
-0.265766329160354	0.194282222886208
1.08182495853407	1.08349838901012
0.0834869360630492	0.055915544926037
-0.766361533159932	0.663054207629342
0.929709215444752	1.0459804557593
-0.0759270521319743	0.0473049630283594
-1.13164225147126	0.867764086305046
-0.167701040945087	0.0868717110921114
0.301584228677068	0.245882268110851
-0.0488223758110372	0.0266260448981406
0.0289840778068076	0.0171894330672799
-0.852478205765596	0.785785640793822
0.0836180150286238	0.0560004475283622
0.874694274441782	0.87946409221883
0.396111644177902	0.226268937832337
0.929598321605102	1.0456993982652
0.32407840996225	0.311356084786066
-0.298854181539672	0.237605909237022
0.0585918553379603	0.0370192038447161
-0.0946461025916477	0.065946218902393
-0.131319680632085	0.090236686104291
0.39924277451529	0.293267579091374
-1.14905963299031	1.17279788706179
-0.131302917296805	0.0902033142079328
1.36209942212886	1.19724209000592
2.03541220156276	2.30518415704901
-1.04451716750516	0.874839243596844
1.46248925914119	1.92614626917301
0.804043307590794	0.71233864047186
-0.0760120659596625	0.0473565155075544
0.606905808623433	0.368049054219425
0.163479839725159	0.108734620174476
-1.63528384391216	1.39548147626719
1.03241977236141	0.911176126539993
-0.390169212191209	0.276478799929784
-0.314936050194936	0.180496880170545
-1.12680276458926	0.723836733698945
0.606920023753657	0.368081471821074
0.564504048775446	0.389711454635039
0.5469093255531	0.399618657335497
-0.235329933523451	0.137981629173474
0.968786534258991	0.894783796754406
0.163312117213553	0.108589066231643
0.398751303919128	0.277008501801979
-0.499860465544217	0.415459258378593
0.656204987181497	0.556596773272788
-0.167852880383599	0.0870058064419345
0.116466036447424	0.0682152914594682
-0.0062083994465546	0.00346702968859519
0.28629557648775	0.211408064556072
-0.732190934953927	0.732950060175185
-0.792043083136801	0.630677137943554
-0.581751740738373	0.516604081856749
-0.175858886558173	0.131837800502943
-0.131167945964282	0.0901320351584368
-0.389929969887617	0.276359669549728
0.128626494876668	0.0571126960744007
-0.119465260841818	0.0730241295804546
1.02246605341778	1.06691141992885
0.211865671605164	0.113835246684773
-0.487606675292995	0.372750836390607
-1.35083692672937	1.18239134984024
1.06411243891816	1.23812069041587
0.0479827463402476	0.0242098150145323
-0.322098819818195	0.231927798872294
-0.00835438081343435	0.00538245025635167
-0.766416122941331	0.662953426739208
0.963507761145778	0.737129368422307
0.26478844402946	0.17458672189578
-1.06770226032767	1.02971511897472
0.141971261916633	0.0888023742952421
0.399548134704097	0.309530415835099
-0.889956812825115	0.758402852078309
-0.235263910068046	0.137908242010453
-0.701801990339726	0.470952990233888
-0.235475303257102	0.138083428952403
0.396024933516971	0.226195455441666
-0.579044677321282	0.47495254421008
-1.24545863326835	1.0224502405297
-1.47858429983032	1.6465448818674
-0.265614440495864	0.194180304416663
0.681171948846945	0.550519576410294
-0.217386798813199	0.161055170874197
0.845886876869285	0.715098908302365
0.23420176261692	0.135550725555505
-0.823925978332443	0.8160460081573
-0.176761382978101	0.144532743908247
-1.63519892643573	1.39549661695138
-0.285211168305487	0.186448644459638
0.765426605459758	0.331837835999836
-1.14284206030825	1.02073155485904
-0.665669707780211	0.583946577934216
0.803931958623145	0.712138276644329
-0.472131338862803	0.329112025572246
0.234194106334154	0.135535242488063
1.34281537634135	1.01484161778391
-0.686591528873148	0.508125343240681
-0.500096487660414	0.415837649908461
-0.824080622929075	0.816419155705699
0.128731299422086	0.0571633654848292
-0.939050965893036	0.734553872901206
-0.674712712482376	0.545564195725926
0.564152751246519	0.389471809180536
-0.184739462555253	0.0792331882344397
0.11627031625817	0.0681082454094151
-0.0485587570329189	0.0264670223893172
-1.00944753293436	0.719129583406553
-0.314790808992742	0.180305122718427
1.1124541585777	0.937564150996836
0.178049458613281	0.087734816536545
0.845728421926689	0.71474764956451
-0.260329029925159	0.131417764875266
-0.358667111251907	0.23008064430689
0.533269183355893	0.41120691108276
-0.00835779426278159	0.00538654948419021
-1.12726154838206	0.724019034618447
1.52794721558097	1.06684388833972
-0.968160264279937	0.567066206054291
-1.14260067669355	1.02066115370797
-0.23539602597155	0.138035568356171
0.0289568043675961	0.0171732158028847
-0.173621071576	0.117433649679011
0.0290386308033832	0.0172194422525343
-0.31484487118018	0.180441066493249
1.03223474756332	0.911370242557373
-0.0489803984799141	0.0267132188815541
0.769626042733507	0.713071516733049
-0.449551847246755	0.28255524491248
-0.358732662393978	0.230114354749903
-0.314913534863782	0.18049000784073
0.617740716640036	0.57365987610029
-0.358653698911515	0.230066631527229
-0.167913421135379	0.0870179199793379
0.234299063326123	0.135610764338717
0.632160133035675	0.352652701983811
0.0859146137953314	0.0468559151956241
-1.0094931847238	0.719548716819513
-0.449462493686468	0.282465667764756
0.398751303919128	0.277008501801979
-0.358680527282511	0.230076669085373
1.11255900834009	0.937756926523111
0.39924277451529	0.293267579091374
-1.94226882179905	1.50505591635616
0.399058289087215	0.261066486593233
-0.581817251546368	0.516636521761929
0.963439305415341	0.737033359814109
-0.449656806802103	0.282594576641388
0.963409078782663	0.736933842807329
1.12030004251093	1.25744286931594
-0.391351571354595	0.19123548774465
0.711994689914987	0.546635957220775
0.512739851557972	0.436540967621389
-1.81248510073721	1.3132670232214
-0.131450877985573	0.09031693518474
-0.119546843544292	0.0730678346020511
-0.747071538984321	0.697751766608455
0.301404616266885	0.245675525790736
1.02246605341778	1.06691141992885
-0.314959502406938	0.180428286273073
0.399071356027783	0.261037052212534
-0.674924616313003	0.545765523362656
-0.28520156807023	0.18639121230759
-0.825119323641709	0.599193489684866
-0.471954960246831	0.328749066069968
-1.54122606340521	1.5155252402389
-0.788241631735444	0.41410029348193
1.52782493970326	1.0667583525539
-1.06743780703558	1.02930498309819
-0.00462762409852259	0.00214716140244468
0.740412532926917	0.716052689303468
-0.00647290097493442	0.00361346614744142
0.116330839643921	0.0681472868212352
-0.358680527282511	0.230076669085373
0.0480050835828071	0.0242224684999677
-0.449633490948602	0.282605167831363
-0.23539602597155	0.138035568356171
-0.358482443566859	0.22990725334661
-0.358390129467864	0.229772371541714
-0.314982198182125	0.180510673545541
0.399341037123646	0.370129367319202
0.584713362680071	0.379926319520258
0.796649935663657	0.546481330595372
-0.094585719883577	0.0659031201935779
0.0583395005806904	0.036852126768332
-0.500314436828124	0.416117076848796
-0.0790660786633357	0.0354934239501734
0.142105856690795	0.0888908050395115
-0.235171593301652	0.137850724253849
-0.119466645047769	0.0730195618404143
1.26767144342387	1.31651925107115
-0.391490026470118	0.191378721986921
0.387511878551028	0.203703880087379
-0.571743456153145	0.312557694105377
-0.877128198496476	0.577191008258668
0.399019063877058	0.261052466805314
-0.167822568183777	0.0869921519796813
-0.422384984558512	0.236709053249403
-0.571737584667295	0.312608565413617
0.250829565904853	0.155311776681559
0.294542240172284	0.229015266462376
-0.731943567101129	0.441217944876616
0.276715120914925	0.193567071549497
-0.701939376185849	0.471077472243728
-0.285053627335216	0.186330826663221
0.163479839725159	0.108734620174476
0.75090690912795	0.546464500138251
-0.235316786021102	0.137981180349472
-0.299146088752765	0.237921778175476
-0.00643587924542967	0.00359301632558093
-0.284970053545889	0.186273402942853
-0.391837132279878	0.191577190293029
-0.449633490948602	0.282605167831363
-0.389771020667503	0.276159735319747
0.399674586706663	0.30966868726512
-1.00958459475678	0.719552722677059
0.058399910005269	0.0368930739841914
0.128617894345499	0.0571115897629187
1.51293507506516	1.26330464690653
-0.260314528745779	0.131393590854783
-0.0490338844054316	0.0267263919470892
-0.00484279931117502	0.00224682304483335
0.128382892136535	0.0569893614731727
-0.235422297435303	0.138023944040312
-0.701954205111435	0.470997917343372
0.211857686193715	0.113839275081236
-0.167738302724452	0.0869260433210468
-0.487738228148574	0.372793191105451
0.963447321374807	0.737010024602681
0.123573244183589	0.0918161057288017
-1.32053011098692	1.32480386849696
0.803885443008125	0.712114459554289
0.0586329228416671	0.0370441448141597
-0.732036673044235	0.441341043477748
0.674942746305654	0.730775709037383
-0.389771020667503	0.276159735319747
-0.825232150203982	0.599654790054676
-0.981425340198277	0.891193190806152
-0.352081748182746	0.276711216668374
1.26763398027087	1.31639315234962
-0.00484278533217776	0.00224382481702178
-0.0490861725203619	0.0267669169635936
-1.32946833469828	0.732965002131583
-0.00477832280722481	0.00221735527016294
0.7964775407151	0.546436206750712
0.0834869360630492	0.055915544926037
-0.422428119128095	0.236719234912365
-0.0487434176606647	0.0265806887940662
0.917414197030757	0.884489794876882
-0.746964756087618	0.69759436484439
-1.35083692672937	1.18239134984024
-0.00482134538163185	0.00223622028267589
0.0856766271852479	0.0467288268596743
0.0857690839630121	0.0467755813981377
-1.81214262506424	1.31280718646836
-0.792126707406141	0.630748496181635
0.116307687959683	0.0681343944936411
0.564250149840858	0.389549415415737
0.0585479424400123	0.0369907265993461
0.116172386524902	0.0680299304118524
0.631819214311294	0.352378760345744
-1.63512286978942	1.39469943017789
-0.314913534863782	0.18049000784073
0.399797323002189	0.245311926130522
0.750975541614246	0.54652601352424
-0.568473274508818	0.35013698342253
-0.171937931217338	0.103046922596437
-0.0785456362005581	0.0352399196503108
1.30832400447743	0.79777889706228
-0.00866762541139504	0.00285038216826518
0.234396349619033	0.13565353178987
0.276583399332681	0.193444888966908
-1.00969122612077	0.719220324858859
0.845807667058939	0.714953390541008
0.0583587733453041	0.0368674418310713
0.365797211168257	0.150339977566715
-0.32207686699996	0.231934859347299
-1.27040006372588	0.885002340015008
-1.14878591618755	1.17245072591068
0.250737202542004	0.155249271773575
0.769863898760568	0.713423555290037
-1.03348528044262	1.19961266473414
-0.449559643029099	0.282553005776485
1.05647678982563	0.549758738961787
0.250737202542004	0.155249271773575
1.24602843275469	1.14536528168191
0.0480050835828071	0.0242224684999677
-0.7322707246791	0.441490978820015
0.11649817235391	0.0682301834161441
0.7964775407151	0.546436206750712
-0.39158646767252	0.19134903588659
-0.571725802687708	0.312448617253001
0.681111391978709	0.550473937505231
-0.389982968519614	0.276402027316149
-0.500138255989741	0.415949444097617
-1.51129189335851	0.927465012449234
0.234306721965948	0.135608476227016
0.0856102865405148	0.0466836802412313
0.396154537368834	0.226335141231484
0.715593400661711	0.720450443911061
-0.358784899473647	0.230065262811463
0.712127337147734	0.546578998958016
0.196684959888842	0.145864602457353
-0.31487529078185	0.180469531977314
-0.17191476584973	0.103033463272345
1.15461167029424	1.10900921430707
0.234291393901341	0.135604455620529
0.387699641114235	0.203810552040452
-0.824956711698704	0.599283845361732
0.972594761450647	1.05484289193962
0.656365460204942	0.556840951197036
-1.35085029924819	1.18232262095185
-0.981638629359483	0.89126434873263
0.250605830440359	0.15518710398705
-0.260357985752607	0.131395186767185
-1.13157352576474	0.867806795163739
-0.0759051448786092	0.0472913722500453
0.631932759206064	0.352507886935394
-0.358759464822714	0.230124373095012
0.968740277837925	0.894867219943855
-1.24510261178724	1.02227857312988
0.264862528257026	0.174652712342763
0.584812089314716	0.379933439174538
-0.98166437291329	0.891348219855638
-0.732114848484512	0.441422043241892
-0.358430472278739	0.229872321405079
-0.314936050194936	0.180496880170545
0.968656580278954	0.89475746323902
-1.2448523611674	1.02106673809957
0.387524745750924	0.203731359245904
-0.167792228123067	0.0869736387408147
-0.10063764793885	0.0535091432232982
0.0479364447408366	0.0241891330477726
0.286627746217097	0.211766247959133
-0.877149112430242	0.577216000555005
-0.968033043844823	0.567023112730889
0.522441885682082	0.423905445396472
0.0855710855814217	0.0466692685549772
0.398774442714311	0.277029786852801
0.631915366318177	0.352321134986156
-0.167905409124362	0.0869950394493306
-0.0487702312480759	0.0265925698568664
-0.235382896302948	0.138024912443037
1.36209942212886	1.19724209000592
0.751023300013365	0.54650935831214
1.15475674214887	1.10924916729094
-0.260422454505934	0.131473076198748
0.128967157113683	0.0572682747137997
1.89211770711783	1.63150362162291
-0.389822567124657	0.276209731907798
0.365797211168257	0.150339977566715
-0.568412513831888	0.350074832940256
0.396046476092211	0.226243653582569
-0.078745871602922	0.0353461577361168
0.898354420160912	0.723312999645903
0.178315331624704	0.0879190895682354
0.250895122277037	0.155311008820621
-1.68657752983501	0.703681756485321
0.264574648130701	0.174478236700459
0.25052672039259	0.155123588624536
-0.131036907601626	0.0900279719569885
-0.103877372062926	0.0288628201081387
-0.352085446203454	0.276745724130434
-0.212807712605218	0.172656903022634
-0.327440587999834	0.129669435996948
-0.172044749974993	0.103085764962224
-0.579337614554796	0.475447950640614
-0.788343745757691	0.414362328106443
-0.100548132647953	0.0534597278788284
0.963362903941932	0.736684857359088
0.756124476380908	0.878135062575888
-0.391845296294967	0.191567449673164
-0.265589962111222	0.194147290259864
0.203849042192498	0.194303193036499
0.365585286629066	0.150188844604602
0.234291393901341	0.135604455620529
0.602214265983302	0.582821561060711
-0.825313591982397	0.599686009158765
1.05102044255343	1.3898513065571
0.0854107597543864	0.0750554177127139
-0.967672617245601	0.566440097305884
-0.0946120025303768	0.0659073213499102
-1.23433946579219	1.17062730393621
-1.00959222676061	0.719584185538748
-0.648323343491058	0.696127132054422
0.264695320532999	0.174570131584808
0.142077308944848	0.0888624360218098
