x	y	clickSelects
0.063343219674838	0.508238057982816	286
-0.098235856286303	0.353414829103439	286
0.018056432898871	0.441217944876616	77
-0.038464314880281	0.414424326723021	77
-0.0384550952589881	0.414291169728785	77
-0.041982672273346	0.630647826107759	523
0.017963326955765	0.441341043477748	296
0.048167513635818	0.471016343360915	296
0.063329730916325	0.508235697146491	296
-0.038101962939554	0.414130609919789	296
0.084415246499077	0.583875515619935	296
-0.10241225822089	0.785412764059539	296
0.091274054880803	0.622191717871612	275
-0.041982672273346	0.630647826107759	135
-0.074770615882228	0.598736917205988	135
-0.038241631735444	0.41410029348193	332
-0.118143327583173	0.967200514735442	746
-0.099278232245566	0.35392746874739	326
-0.0419547323838489	0.6302863210645	627
0.063316238487333	0.508174597084697	94
0.106472594652315	0.730996143549834	94
-0.097314325335099	0.352888726716764	155
-0.0980343570804339	0.353432748047731	706
-0.097196756999081	0.352694669460464	73
-0.0980343570804339	0.353432748047731	73
0.017978153477464	0.441299012127764	73
0.048152231285691	0.470882504514928	73
-0.038111377288474	0.414177817025583	612
-0.09771589802742	0.353095483927744	52
0.04809882712395	0.471095771394012	52
-0.098352883478491	0.353483822010577	225
-0.09771589802742	0.353095483927744	225
-0.0383344554852471	0.414193392330842	148
-0.098554588996423	0.353709685597233	148
-0.054323161532234	1.04868440054173	357
-0.051742222533774	0.848030929183181	353
0.04809882712395	0.471095771394012	286
-0.0980343570804339	0.353432748047731	286
0.018041660723745	0.441230120289073	286
-0.098352883478491	0.353483822010577	755
-0.098554588996423	0.353709685597233	77
-0.038222961863263	0.414264406349458	77
-0.097833196182046	0.353207340512575	296
-0.038232305482405	0.414275835906919	296
0.0480761847510181	0.471043419126657	296
0.04797713468845	0.470963379535774	296
0.017900032419528	0.441350213980641	135
0.063329730916325	0.508235697146491	135
0.063237475822118	0.508259419397331	624
-0.069184157268034	1.21256603881576	94
-0.075305771267545	0.599583968274633	155
-0.03812077431086	0.414038094571237	155
-0.097833196182046	0.353207340512575	706
-0.0980343570804339	0.353432748047731	73
-0.037999701638591	0.413940026884914	73
-0.09771589802742	0.353095483927744	73
-0.098873389158817	0.353718585819526	73
0.063408471126852	0.508125343240681	612
0.017466387036037	0.441427357819843	52
0.017948515857331	0.441276325037825	52
-0.097314325335099	0.352888726716764	225
-0.097833196182046	0.353207340512575	148
0.017963326955765	0.441341043477748	148
-0.0980343570804339	0.353432748047731	148
-0.038343745757691	0.414362328106443	312
-0.075150817760178	0.599509934408343	357
-0.041894359018436	0.630167096930256	357
-0.060523753327011	1.77812372352247	510
-0.03843296417955	1.07548811476324	503
-0.0383344554852471	0.414193392330842	286
-0.099075640655895	0.353944854479088	286
-0.099075640655895	0.353944854479088	286
-0.0517272275620631	0.847797084014525	36
-0.102456218495276	0.785740006128746	523
-0.098554588996423	0.353709685597233	309
0.063329730916325	0.508235697146491	296
0.048205724416729	0.470910260347338	296
-0.038222961863263	0.414264406349458	296
0.04809882712395	0.471095771394012	135
-0.075135049387965	0.599550836734038	496
0.063514201586973	0.507940032132344	496
-0.038473517099805	0.414356124603627	471
-0.098235856286303	0.353414829103439	471
-0.038111377288474	0.414177817025583	278
-0.102563147890518	0.785844565177501	624
-0.09771589802742	0.353095483927744	326
-0.098235856286303	0.353414829103439	421
0.0177292753209	0.441490978820015	627
0.101319938065806	0.696178615437493	94
-0.038222961863263	0.414264406349458	155
-0.0980343570804339	0.353432748047731	97
-0.097314325335099	0.352888726716764	73
-0.098554588996423	0.353709685597233	73
0.07507394885366	0.545783675338654	164
0.048236200513971	0.470846950090697	164
-0.098554588996423	0.353709685597233	52
-0.038353018666431	0.414337941238971	52
-0.038464314880281	0.414424326723021	148
-0.09771589802742	0.353095483927744	148
0.017963326955765	0.441341043477748	357
0.091446188067871	0.621831737478407	353
-0.038232305482405	0.414275835906919	286
-0.074035939998639	0.816375692949902	286
0.063408471126852	0.508125343240681	286
-0.09751494297264	0.353113627072122	286
-0.098554588996423	0.353709685597233	286
-0.0750458549234641	0.599435065359958	77
0.0914016202769971	0.621829025779538	523
-0.038111377288474	0.414177817025583	296
0.017855436085875	0.441193221226084	309
0.0177143011176401	0.441519104636812	309
-0.038464314880281	0.414424326723021	309
0.048167513635818	0.471016343360915	296
-0.03812077431086	0.414038094571237	296
-0.097833196182046	0.353207340512575	296
-0.038505507498841	1.07577254731158	275
0.048129316552884	0.471060482975925	135
0.063408471126852	0.508125343240681	135
-0.037990233828196	0.414043933099704	135
0.063250955301187	0.508320544769257	496
0.063093297955259	0.508417242046547	471
-0.075240015986526	0.599593248021543	278
-0.016388829064612	0.663040642355053	278
-0.074146040742489	0.816512466993869	278
0.01763654577387	0.441536831391427	278
-0.038353018666431	0.414337941238971	278
-0.098235856286303	0.353414829103439	502
0.040701027667097	0.801086246794398	624
-0.098235856286303	0.353414829103439	421
-0.098554588996423	0.353709685597233	421
0.041011352635689	0.801273952586243	60
0.0427351190902751	1.09318308778037	94
-0.102456218495276	0.785740006128746	94
0.018306846680804	0.440715130124699	97
-0.016359856860222	0.662954716710527	155
-0.0980343570804339	0.353432748047731	73
-0.098235856286303	0.353414829103439	73
-0.038222961863263	0.414264406349458	73
-0.038222961863263	0.414264406349458	73
-0.10235235414452	0.785514109137052	612
-0.041908305713741	0.630579329942369	164
0.048068364212171	0.4711048335323	164
0.018120152890429	0.441085742998587	52
-0.0980343570804339	0.353432748047731	225
0.063370186185948	0.508081781188768	339
-0.0162011144783351	0.66270873611259	339
-0.0383344554852471	0.414193392330842	148
0.091425427238918	0.621915360766391	242
-0.038213600919535	0.414059767247702	312
0.063408471126852	0.508125343240681	357
-0.0161226246794109	0.662495372105202	357
-0.037990233828196	0.414043933099704	353
0.0480761847510181	0.471043419126657	755
-0.0980343570804339	0.353432748047731	755
0.075154138563505	0.545752345612659	523
-0.099075640655895	0.353944854479088	296
-0.098554588996423	0.353709685597233	296
0.063172144305836	0.508381075212563	296
-0.038353018666431	0.414337941238971	135
-0.09751494297264	0.353113627072122	471
0.063250955301187	0.508320544769257	278
0.063356704764237	0.50818911175335	278
0.063408471126852	0.508125343240681	294
0.096504635821028	0.660029290410333	746
-0.042173115154123	0.630685101687991	131
-0.098352883478491	0.353483822010577	326
-0.09771589802742	0.353095483927744	154
-0.038232305482405	0.414275835906919	97
-0.097833196182046	0.353207340512575	73
0.0177292753209	0.441490978820015	612
-0.096996344736511	0.352712982272515	52
-0.0980343570804339	0.353432748047731	52
-0.098554588996423	0.353709685597233	52
0.048114101292369	0.47074469564081	339
-0.0980343570804339	0.353432748047731	148
-0.09751494297264	0.353113627072122	357
0.072675880327523	0.928074638168312	242
-0.016518666460027	0.662951172837911	242
0.017947666343921	0.732754184124322	242
-0.0980343570804339	0.353432748047731	357
0.075260074216374	0.545605022666558	111
0.096793972881687	0.659260258654703	353
-0.07397057836553	0.816220702874999	523
-0.0166278501167501	0.663003913653235	296
-0.042089496111302	0.630754759552082	296
0.018306846680804	0.440715130124699	296
-0.0749646380190711	0.599304485288219	296
0.08466349758448	0.583130966181742	296
-0.0980343570804339	0.353432748047731	296
-0.038353018666431	0.414337941238971	296
-0.038353018666431	0.414337941238971	296
-0.055454553196583	1.24020715475455	275
0.033402273348501	1.31935094481431	275
-0.016387156575993	0.663061566941855	135
0.048175274861663	0.470945497752617	471
-0.038464314880281	0.414424326723021	278
-0.041945482047303	0.630661225316363	294
-0.0980343570804339	0.353432748047731	326
-0.00257415446557496	0.939031324229273	60
0.111099608707929	0.764284559254469	94
0.00468536426668398	1.19352654322959	94
0.00973784388130305	0.968380304239349	94
0.048205724416729	0.470910260347338	97
-0.038464314880281	0.414424326723021	97
-0.098554588996423	0.353709685597233	73
-0.038213600919535	0.414059767247702	73
-0.09751494297264	0.353113627072122	73
-0.037990233828196	0.414043933099704	164
0.075258608972036	0.545420306406661	357
0.091143360720645	0.622339256267809	357
-0.09771589802742	0.353095483927744	312
0.074914964874669	0.545755927653591	357
-0.041959463063889	0.630501322211344	357
-0.0383344554852471	0.414193392330842	286
0.018056432898871	0.441217944876616	77
-0.09751494297264	0.353113627072122	77
0.017792214528392	0.441468073086455	523
-0.038695731466628	0.414371031823955	309
0.018056432898871	0.441217944876616	309
-0.037980748731883	0.413953048132144	296
0.017792214528392	0.441468073086455	296
0.048205724416729	0.470910260347338	135
-0.075127181183508	0.599448766878507	135
-0.0162301115167101	0.662706630838277	135
0.063185607178434	0.508383460359442	135
-0.075142928248916	0.599571444913089	135
-0.038464314880281	0.414424326723021	278
-0.074778579016601	0.598838855860113	294
0.063145207565161	0.508138259065505	726
-0.098554588996423	0.353709685597233	326
-0.097833196182046	0.353207340512575	326
-0.0980343570804339	0.353432748047731	421
-0.038353018666431	0.414337941238971	421
-0.099075640655895	0.353944854479088	97
0.101467024812931	0.696480310691995	164
0.063435470882058	0.508078747495984	164
-0.096996344736511	0.352712982272515	225
-0.0980343570804339	0.353432748047731	225
0.0177143011176401	0.441519104636812	339
0.017855436085875	0.441193221226084	339
-0.098554588996423	0.353709685597233	148
-0.099075640655895	0.353944854479088	312
0.111211631993151	0.764126122812867	357
-0.017176599744962	0.910087286186079	111
0.116699855524737	1.77562044042958	268
0.048129316552884	0.471060482975925	557
-0.038101962939554	0.414130609919789	286
0.048175274861663	0.470945497752617	755
-0.041922270637053	0.630589539613816	755
-0.038111377288474	0.414177817025583	77
-0.102519190369605	0.785826602283405	523
0.063514201586973	0.507940032132344	523
0.075260074216374	0.545605022666558	523
0.048030140972728	0.471086554526434	296
-0.038695731466628	0.414371031823955	296
0.063370186185948	0.508081781188768	296
0.0480379278286071	0.471087613431695	296
-0.002892135198168	0.939409013085609	275
-0.099075640655895	0.353944854479088	471
-0.098554588996423	0.353709685597233	471
-0.0980343570804339	0.353432748047731	471
-0.075142928248916	0.599571444913089	726
-0.099075640655895	0.353944854479088	131
-0.098352883478491	0.353483822010577	421
0.082106482963932	0.994089787277874	94
-0.038709147040087	1.07570758900434	94
0.10139508984043	0.696542317612013	94
-0.0980343570804339	0.353432748047731	97
-0.098873389158817	0.353718585819526	73
-0.099075640655895	0.353944854479088	52
-0.098235856286303	0.353414829103439	225
-0.075061670752121	0.599394220982401	357
-0.038232305482405	0.414275835906919	357
0.07539170686106	0.54516836090086	357
0.063343219674838	0.508238057982816	557
0.048091133154588	0.471042169258016	557
-0.038464314880281	0.414424326723021	286
0.017699342444723	0.441384704650949	77
-0.051747518947093	0.847979241733637	36
-0.073905239437654	0.816031742983378	36
0.048205724416729	0.470910260347338	296
0.075234323214785	0.545649823465162	36
-0.042163932456785	0.630644827033637	36
0.017900032419528	0.441350213980641	296
-0.09751494297264	0.353113627072122	309
0.00311921498448697	0.697457472057385	296
-0.0750458549234641	0.599435065359958	296
-0.042019876326016	0.630530640063288	296
-0.042066289731086	0.630748823283636	296
0.11811539241798	0.830460444949871	275
-0.075061670752121	0.599394220982401	135
0.075046740623488	0.545717615515664	135
-0.038343745757691	0.414362328106443	332
0.0480379278286071	0.471087613431695	496
0.04809882712395	0.471095771394012	496
-0.097314325335099	0.352888726716764	285
0.074967967294757	0.545790526472073	278
-0.074956711698704	0.599283845361732	278
-0.041959463063889	0.630501322211344	278
0.048060623814151	0.471077472243728	278
0.0965910856076549	0.659917412289735	294
-0.038678131322783	1.0759756174493	746
-0.08170768550193	1.37847269671956	746
0.048060623814151	0.471077472243728	131
-0.098756633713589	0.353692019334519	326
-0.098873389158817	0.353718585819526	421
-0.097833196182046	0.353207340512575	421
-0.085368888875214	1.18654642894976	94
-0.037990233828196	0.414043933099704	706
-0.075135049387965	0.599550836734038	155
-0.038464314880281	0.414424326723021	73
-0.097196756999081	0.352694669460464	73
0.075128371293633	0.5457500837636	164
0.04809882712395	0.471095771394012	164
0.017933720144475	0.441049099583088	52
-0.037990233828196	0.414043933099704	52
-0.038232305482405	0.414275835906919	339
-0.038101962939554	0.414130609919789	148
0.018134870756271	0.441106968732687	148
-0.042005881270846	0.630719515069575	357
-0.0420430831368011	0.630677137943554	357
0.0177292753209	0.441490978820015	286
-0.03775690953188	0.413628552068713	77
-0.075240015986526	0.599593248021543	77
-0.093796521306471	0.995422279507028	36
0.047991931438493	0.470948690948521	36
-0.016281321352695	0.662925995029655	36
0.017807134329266	0.441473163114747	296
-0.038222961863263	0.414264406349458	296
-0.041945482047303	0.630661225316363	36
-0.098554588996423	0.353709685597233	309
-0.0420430831368011	0.630677137943554	296
-0.0754107477259231	0.59972581114889	296
-0.074232160893451	0.816656260054727	296
-0.118366506412099	0.967858973564698	135
0.04809882712395	0.471095771394012	135
0.063264431112624	0.508322918373419	135
-0.038464314880281	0.414424326723021	332
-0.09771589802742	0.353095483927744	332
-0.0980343570804339	0.353432748047731	471
0.018056432898871	0.441217944876616	278
-0.038222961863263	0.414264406349458	131
-0.098352883478491	0.353483822010577	326
-0.098554588996423	0.353709685597233	421
0.04797713468845	0.470963379535774	627
-0.0980343570804339	0.353432748047731	73
-0.038464314880281	0.414424326723021	164
-0.0980343570804339	0.353432748047731	148
-0.038695731466628	0.414371031823955	148
0.017885151515488	0.441422043241892	357
0.017900032419528	0.441350213980641	357
-0.04176434001203	0.630299228341388	357
0.030166210951231	0.767669262259195	111
-0.0690439872941711	1.2120264755551	354
-0.016832082342005	0.909580986089449	353
0.047991931438493	0.470948690948521	354
-0.097833196182046	0.353207340512575	286
-0.098554588996423	0.353709685597233	557
-0.098756633713589	0.353692019334519	557
-0.075321423367854	0.599706575982585	755
-0.016441749899156	0.663094658546721	36
0.063185607178434	0.508383460359442	36
0.096504635821028	0.660029290410333	36
-0.042029090058758	0.630725452876737	36
0.0751526903693121	0.545617365600518	36
0.048137044135346	0.471051609861451	296
0.018120152890429	0.441085742998587	296
0.084352289404545	0.58393081140269	296
0.048205724416729	0.470910260347338	296
0.017885151515488	0.441422043241892	602
-0.09751494297264	0.353113627072122	602
-0.097833196182046	0.353207340512575	602
0.115304000732515	0.796631811155027	624
-0.042005881270846	0.630719515069575	131
-0.098235856286303	0.353414829103439	154
-0.038362274170581	0.414118625175472	627
-0.09751494297264	0.353113627072122	421
-0.074972574974717	0.599243066457034	155
-0.09751494297264	0.353113627072122	73
-0.09751494297264	0.353113627072122	73
-0.097833196182046	0.353207340512575	33
-0.051721916884086	0.848043425468633	164
-0.037999701638591	0.413940026884914	52
-0.038343745757691	0.414362328106443	52
-0.038222961863263	0.414264406349458	148
0.018198803524186	0.440897396086556	357
0.063356704764237	0.50818911175335	357
0.018134870756271	0.441106968732687	357
0.084374282001252	0.583870435607684	111
0.0177143011176401	0.441519104636812	557
0.00279733770240898	0.697822392172466	36
-0.041908305713741	0.630579329942369	36
0.048137044135346	0.471051609861451	36
0.017792214528392	0.441468073086455	296
-0.016387156575993	0.663061566941855	36
0.017699342444723	0.441384704650949	296
-0.041801495132781	0.63038238662287	296
0.075365978735715	0.545352624230085	135
0.01763654577387	0.441536831391427	135
-0.09771589802742	0.353095483927744	332
-0.102371276659045	0.785502406310806	278
0.030137323365088	0.767705345432537	48
-0.037980748731883	0.413953048132144	278
0.111099608707929	0.764284559254469	746
-0.016441749899156	0.663094658546721	131
-0.098554588996423	0.353709685597233	154
-0.098554588996423	0.353709685597233	154
-0.0754107477259231	0.59972581114889	155
-0.09751494297264	0.353113627072122	73
0.018056432898871	0.441217944876616	612
0.0178702860833611	0.441387161072424	612
-0.075135049387965	0.599550836734038	52
-0.038343745757691	0.414362328106443	52
-0.0980343570804339	0.353432748047731	225
0.084415246499077	0.583875515619935	339
-0.096996344736511	0.352712982272515	148
-0.099075640655895	0.353944854479088	148
0.018228146026064	0.44085949939863	733
0.00316339246913699	0.697370404864275	357
0.047969254831406	0.471023900646723	357
-0.09939471515573	0.353874659115583	312
-0.098554588996423	0.353709685597233	312
0.106439114394858	0.731042205742158	111
0.111106105221413	0.764101752209184	111
0.084223335911574	0.58385482272296	357
0.096723180808149	0.65967225997152	354
-0.041945482047303	0.630661225316363	557
0.017885151515488	0.441422043241892	286
-0.0754029400831731	0.599705268512402	755
0.04800751798394	0.471042122206643	755
-0.098756633713589	0.353692019334519	77
-0.016414454254694	0.663108225094003	36
-0.104177160199062	1.16200040214621	36
-0.118036501910335	0.967094569904697	36
0.075234323214785	0.545649823465162	36
-0.073905239437654	0.816031742983378	36
0.084688893688887	0.583361206761243	135
0.063133636804223	0.508263388565242	135
-0.097833196182046	0.353207340512575	602
-0.098554588996423	0.353709685597233	471
-0.098352883478491	0.353483822010577	131
0.00299358534899896	0.697678094612967	131
-0.038473517099805	0.414356124603627	154
-0.09751494297264	0.353113627072122	326
0.0288802702201521	1.02870085318916	94
-0.075224295078979	0.599634201404957	155
-0.075142928248916	0.599571444913089	155
0.01763654577387	0.441536831391427	155
-0.09751494297264	0.353113627072122	73
-0.098756633713589	0.353692019334519	73
-0.09751494297264	0.353113627072122	73
-0.102308340792268	0.785349622788333	164
0.017963326955765	0.441341043477748	52
-0.098352883478491	0.353483822010577	52
-0.016359856860222	0.662954716710527	339
0.048129316552884	0.471060482975925	733
0.017947666343921	0.732754184124322	357
-0.074080622929075	0.816419155705699	242
0.030469928344129	0.766925635905196	242
-0.051920541205241	0.848253372479533	242
-0.098352883478491	0.353483822010577	312
0.048106601170115	0.471060653765222	357
0.048091133154588	0.471042169258016	357
0.048236200513971	0.470846950090697	557
0.047961455176503	0.470931543491463	557
-0.0980343570804339	0.353432748047731	77
-0.038343745757691	0.414362328106443	77
0.018134870756271	0.441106968732687	296
-0.098554588996423	0.353709685597233	296
-0.075321423367854	0.599706575982585	296
0.01763654577387	0.441536831391427	296
0.084519064067727	0.583713359197363	36
-0.118254872563462	0.96763483364418	36
0.017948515857331	0.441276325037825	296
0.018094812759939	0.732583367161598	36
0.017948515857331	0.441276325037825	135
0.091033282267716	0.622359946087841	135
-0.098756633713589	0.353692019334519	332
0.0177292753209	0.441490978820015	496
0.075126927980529	0.545745098121915	48
-0.041982672273346	0.630647826107759	278
0.017978153477464	0.441299012127764	501
-0.09751494297264	0.353113627072122	501
-0.075135049387965	0.599550836734038	294
-0.038464314880281	0.414424326723021	154
0.017807134329266	0.441473163114747	154
0.017792214528392	0.441468073086455	154
-0.0980343570804339	0.353432748047731	627
-0.074956711698704	0.599283845361732	627
-0.098873389158817	0.353718585819526	706
-0.098235856286303	0.353414829103439	97
-0.097833196182046	0.353207340512575	73
-0.098554588996423	0.353709685597233	73
-0.016965758113602	0.910044166485404	164
0.0177292753209	0.441490978820015	52
0.017963326955765	0.441341043477748	52
-0.09751494297264	0.353113627072122	225
-0.074125355129181	0.816362037247588	339
-0.098554588996423	0.353709685597233	148
-0.098554588996423	0.353709685597233	148
-0.098554588996423	0.353709685597233	148
-0.038464314880281	0.414424326723021	357
0.00973050005711096	0.968138335081111	111
0.048167513635818	0.471016343360915	354
-0.0750458549234641	0.599435065359958	557
0.091315539427417	0.622068107957982	36
-0.102500197789548	0.785757997478442	36
0.084349209646409	0.583766575955129	755
0.00307849189864695	0.697565218519348	36
-0.016255713429042	0.662862174171496	36
-0.074276944220782	0.816610642593843	36
0.041299037418329	0.800366186290296	36
-0.051767812830155	0.84809156874333	36
0.10642884025785	0.730920027636145	36
-0.016334235224492	0.663007552598854	36
0.075364496388057	0.54510246531761	296
-0.016726616899216	0.909076073469569	36
0.111241827226724	0.763918439133669	36
0.018041660723745	0.441230120289073	135
0.017948515857331	0.441276325037825	135
0.106377412381371	0.731000600822443	99
-0.038222961863263	0.414264406349458	501
0.018056432898871	0.441217944876616	501
0.048137044135346	0.471051609861451	501
-0.118280070505847	0.96771546914886	294
0.0752328629001901	0.545597783452129	278
0.048068364212171	0.4711048335323	278
0.048083519131537	0.470840918920392	294
0.048091133154588	0.471042169258016	726
0.017885151515488	0.441422043241892	131
-0.0980343570804339	0.353432748047731	154
0.017822069649896	0.441368127807516	154
-0.097314325335099	0.352888726716764	326
-0.0980343570804339	0.353432748047731	154
-0.0980343570804339	0.353432748047731	326
-0.038353018666431	0.414337941238971	154
-0.037990233828196	0.414043933099704	421
0.114975845835709	0.797289030582486	94
0.075367459696125	0.545363877292345	97
-0.098873389158817	0.353718585819526	97
-0.098554588996423	0.353709685597233	97
-0.099075640655895	0.353944854479088	73
-0.037878413463182	0.41380613890332	73
-0.097833196182046	0.353207340512575	73
-0.041847927464025	0.630459992763821	164
0.017963326955765	0.441341043477748	148
-0.038482701877198	0.414043062981242	148
0.0844592481269	0.583706954287991	339
0.062948923400959	0.508412058019127	357
0.063250955301187	0.508320544769257	357
0.091098694249095	0.622340682489739	111
-0.042052298639449	0.630656110813843	357
0.091208718711636	0.622276283523047	111
0.101315508697123	0.696569312787746	354
-0.051808408102043	0.848128932209231	36
-0.074056657166924	0.81638992795693	557
0.00303432589534103	0.697538837656829	36
0.050757455460876	0.833297261157084	36
-0.074146040742489	0.816512466993869	755
0.084666848488965	0.583421581205999	36
0.059607363570782	0.864470326401724	36
-0.09368791408267	0.995116678033945	36
0.075155585509051	0.545661184705511	36
0.00326686832302703	0.69710344076095	36
0.106256208349168	0.730983179867197	99
0.048190374916138	0.470900828404984	99
0.017963326955765	0.441341043477748	285
0.096499669214274	0.659905169645271	48
0.091253305477373	0.622188073930247	294
0.07507394885366	0.545783675338654	278
-0.038101962939554	0.414130609919789	154
-0.098873389158817	0.353718585819526	326
-0.0980343570804339	0.353432748047731	154
0.017666618662296	0.441218363145223	154
0.042790684337512	1.0930743228006	94
-0.0164930216918751	0.663087724450388	155
0.048068364212171	0.4711048335323	155
-0.097833196182046	0.353207340512575	97
-0.038343745757691	0.414362328106443	73
-0.098352883478491	0.353483822010577	73
-0.038473517099805	0.414356124603627	33
0.075181351138205	0.545711507796161	164
-0.038343745757691	0.414362328106443	52
0.063185607178434	0.508383460359442	339
-0.0384550952589881	0.414291169728785	733
0.048137044135346	0.471051609861451	357
0.017807134329266	0.441473163114747	357
-0.038241631735444	0.41410029348193	357
0.063329730916325	0.508235697146491	357
0.05095585692327	0.833026426386197	354
-0.0518949041164331	0.848116806170659	36
0.091315539427417	0.622068107957982	36
-0.042112702279816	0.630685418300134	36
0.101517531985938	0.696409457912416	36
0.10158332378941	0.696156511789165	36
0.111075936419978	0.764275651223735	36
-0.016898939475831	0.909868635809946	36
0.066866784974543	0.895858274606413	36
0.115089883340911	0.797204722600917	46
-0.038460532307066	1.07524857731171	36
0.030390445039948	0.767154114220621	36
0.096525015331737	0.660007482888487	36
0.101366013159498	0.696560403236024	36
0.091033282267716	0.622359946087841	36
0.120815123245734	0.863426460571392	275
0.020078962046312	0.998119377469808	275
0.030346943864401	0.767329384359328	99
0.050843842870538	0.833378565150973	99
-0.016387156575993	0.663061566941855	99
0.07539170686106	0.54516836090086	99
0.063264431112624	0.508322918373419	99
0.030296329830318	0.767438477700058	48
0.091229452906914	0.622236320719878	48
-0.016414454254694	0.663108225094003	294
0.063041286660701	0.508381254265831	294
0.030426436793633	0.767056386465778	294
-0.118407309964976	0.967743905919432	746
0.096789205661196	0.659515020496852	294
0.084581942720471	0.583588716949427	131
0.017822069649896	0.441368127807516	154
0.0177292753209	0.441490978820015	154
-0.038101962939554	0.414130609919789	154
-0.038464314880281	0.414424326723021	154
-0.098235856286303	0.353414829103439	627
0.063093297955259	0.508417242046547	155
-0.037980748731883	0.413953048132144	706
-0.01630861954926	0.662972643880192	155
-0.0754029400831731	0.599705268512402	97
0.0177143011176401	0.441519104636812	97
-0.038111377288474	0.414177817025583	73
0.048175274861663	0.470945497752617	97
-0.098235856286303	0.353414829103439	73
-0.033190742077624	0.879521667621264	164
-0.102541166752993	0.785872227558357	164
0.091208718711636	0.622276283523047	164
0.048159832487555	0.470997103993803	52
0.075258608972036	0.545420306406661	339
-0.038232305482405	0.414275835906919	339
0.048052963427586	0.470904281816488	339
-0.097833196182046	0.353207340512575	339
-0.038343745757691	0.414362328106443	571
-0.0980343570804339	0.353432748047731	148
0.002924720643118	0.697589302029009	111
0.0301084413714871	0.767689363487349	36
0.066776088114306	0.895771015949264	36
0.050825122537319	0.833212178352443	36
0.111279479956475	0.763962576400208	36
0.040944737369518	0.801367041113006	36
0.030368686139325	0.767280487249456	36
0.111082383871416	0.764172123750004	36
0.020081309724159	0.998261077732167	275
0.00971817701344202	0.967923779835899	99
-0.004082552083292	1.16291720368753	99
0.030238569722612	0.767560566360836	99
0.059530513240229	0.864453179806545	99
0.018293823466997	0.732107972025925	99
0.084497030745063	0.58368145739329	99
0.075049601844696	0.545668052412575	99
-0.075313591982397	0.599686009158765	278
-0.118325712212784	0.967675016408229	48
0.048137044135346	0.471051609861451	278
-0.117945500927667	0.966415763102952	294
-0.074035939998639	0.816375692949902	294
0.048167513635818	0.471016343360915	154
0.017885151515488	0.441422043241892	154
0.04800751798394	0.471042122206643	154
-0.0980343570804339	0.353432748047731	154
-0.038464314880281	0.414424326723021	154
-0.038343745757691	0.414362328106443	627
0.017885151515488	0.441422043241892	627
-0.0420430831368011	0.630677137943554	627
0.075314502806718	0.545475329450318	60
0.101480905012406	0.696063995615307	94
0.028985748381116	1.02848708991304	94
-0.042029090058758	0.630725452876737	97
0.017900032419528	0.441350213980641	97
-0.0980343570804339	0.353432748047731	73
-0.098352883478491	0.353483822010577	73
-0.037999701638591	0.413940026884914	33
-0.038111377288474	0.414177817025583	33
-0.098756633713589	0.353692019334519	33
0.048159832487555	0.470997103993803	164
0.00305641110687505	0.697581345058754	164
0.0966775307892	0.659742172425277	164
0.01763654577387	0.441536831391427	339
0.075179899331267	0.545683412508346	339
-0.0420430831368011	0.630677137943554	339
0.04809882712395	0.471095771394012	339
0.01777731021038	0.441303913539979	357
-0.01649467821567	0.663121538181514	357
-0.016332555104516	0.662774324721282	357
-0.093831687357657	0.995119144286722	242
0.017948515857331	0.441276325037825	357
0.017988059899997	0.732829633677683	357
-0.02105001699076	2.04298945788867	503
-0.069138517051728	1.21242917919825	354
0.091143360720645	0.622339256267809	36
0.018054415695141	0.732724845641667	36
0.115265990927978	0.796778281688882	36
0.050640878574802	0.833505614672753	99
0.122766818878402	0.897655393662617	99
0.00297151029416498	0.697635563753618	135
-0.054468771665968	1.04898831332018	99
0.091297844705168	0.622029190945966	99
-0.042126707406141	0.630748496181635	278
0.0751526903693121	0.545617365600518	278
0.00281793478088599	0.697808245282518	278
0.075207110278836	0.545690657241514	278
0.084308290447826	0.583914618045903	294
-0.0980343570804339	0.353432748047731	26
-0.041982672273346	0.630647826107759	726
-0.074080622929075	0.816419155705699	726
0.017963326955765	0.441341043477748	154
0.063185607178434	0.508383460359442	154
0.017699342444723	0.441384704650949	154
0.017792214528392	0.441468073086455	154
0.017978153477464	0.441299012127764	154
-0.09751494297264	0.353113627072122	154
-0.038362274170581	0.414118625175472	761
-0.075142928248916	0.599571444913089	627
0.048152231285691	0.470882504514928	60
-0.033175922862041	0.879376614253791	94
-0.097314325335099	0.352888726716764	155
-0.041824711396637	0.630454044297698	155
-0.0384550952589881	0.414291169728785	97
-0.098756633713589	0.353692019334519	97
0.01763654577387	0.441536831391427	97
-0.038111377288474	0.414177817025583	33
-0.016279633249944	0.662720330762715	164
0.075075383686997	0.545765523362656	164
0.0631067478976231	0.508419637507065	339
0.048175274861663	0.470945497752617	339
-0.042029090058758	0.630725452876737	571
-0.042005881270846	0.630719515069575	357
-0.041968693252402	0.630667165648645	357
0.0178702860833611	0.441387161072424	357
0.050664173683908	0.833509316117049	111
-0.00279538862760498	0.939411626944587	354
-0.055365051623504	1.23985538145743	36
-0.032815122839045	0.877661444976063	36
0.03008670137049	0.767741789537337	36
0.084286284089532	0.583821826978918	36
0.111211631993151	0.764126122812867	36
0.063185607178434	0.508383460359442	36
0.0181870775779061	0.732436549156271	36
-0.051630220696602	0.847666253689669	36
0.017941873253126	0.73286505952673	36
0.096565767341287	0.65983611689143	36
0.077914742430417	0.960538168092364	46
-0.104041239201519	1.16180450573728	46
0.106482980745953	0.730909735640533	36
0.091315539427417	0.622068107957982	36
0.059699213802682	0.864217545723177	36
0.050822798029651	0.833387554632983	36
0.030057814209701	0.767725818369495	36
0.101568040044437	0.696317763664638	275
0.082269231638653	0.99376363530657	275
-0.119252666772961	1.49056200751461	275
0.118161038314949	0.830424898928668	99
0.063421972840391	0.508127690026033	99
-0.075142928248916	0.599571444913089	99
-0.075240015986526	0.599593248021543	278
0.041044675333898	0.801191981888201	48
-0.016281321352695	0.662925995029655	294
0.017963326955765	0.441341043477748	26
0.050888203448457	0.833258632868648	294
0.0181409619267811	0.73254991886232	294
0.084352289404545	0.58393081140269	294
-0.0980343570804339	0.353432748047731	154
-0.038584669491101	0.414442391647873	627
0.048030140972728	0.471086554526434	627
-0.0750458549234641	0.599435065359958	627
-0.09751494297264	0.353113627072122	627
0.017947666343921	0.732754184124322	627
0.0966775307892	0.659742172425277	60
-0.075142928248916	0.599571444913089	155
-0.037990233828196	0.414043933099704	155
-0.098235856286303	0.353414829103439	97
-0.098352883478491	0.353483822010577	97
-0.097833196182046	0.353207340512575	33
-0.098235856286303	0.353414829103439	33
-0.098756633713589	0.353692019334519	33
-0.038464314880281	0.414424326723021	33
-0.038343745757691	0.414362328106443	33
0.04814485185986	0.4709545254248	164
0.084374282001252	0.583870435607684	164
0.075126927980529	0.545745098121915	339
0.063237475822118	0.508259419397331	339
0.07507394885366	0.545783675338654	357
0.10139508984043	0.696542317612013	357
0.063421972840391	0.508127690026033	357
0.0909711593715859	0.6223438187808	111
-0.074228832502071	0.816404667820575	111
0.115155441411135	0.797063532308475	354
0.03039755867697	0.767194512187711	36
-0.074232160893451	0.816656260054727	36
0.0965910856076549	0.659917412289735	36
0.077710860413461	0.960735788466062	36
0.072781304825547	0.928045203088818	46
0.020151529933808	0.998046884448874	46
0.00307849189864695	0.697565218519348	46
-0.00286594403540896	0.939503962520748	36
-0.072857583712209	1.02239235089141	36
-0.051986780795005	0.848266740933482	36
0.082367407859957	0.993193899963988	275
0.082220097639229	0.993793614074515	275
0.09657069967864	0.659939226936215	99
0.040972748924851	0.801254512360191	99
-0.01630861954926	0.662972643880192	99
-0.0752164506176301	0.599532139278292	99
-0.098352883478491	0.353483822010577	471
0.00287969531160903	0.69740892838338	48
0.075287287517624	0.545564195725926	278
-0.074077379269948	0.816333830861101	294
0.048137044135346	0.471051609861451	294
0.017807134329266	0.441473163114747	726
-0.042029090058758	0.630725452876737	131
-0.0980343570804339	0.353432748047731	154
0.0177292753209	0.441490978820015	154
-0.098873389158817	0.353718585819526	761
0.0178702860833611	0.441387161072424	627
-0.038343745757691	0.414362328106443	627
0.017948515857331	0.441276325037825	627
-0.075240015986526	0.599593248021543	627
-0.102604151174065	0.785927542903538	60
0.03000005666359	0.767494288973926	60
-0.03775690953188	0.413628552068713	155
0.062843132175325	0.508295779714934	155
0.075208565707402	0.545622611509452	155
0.017885151515488	0.441422043241892	97
0.0480840855585331	0.470891796209515	97
-0.038464314880281	0.414424326723021	33
-0.038353018666431	0.414337941238971	33
-0.099800653817146	0.35408418104254	33
-0.04181077684651	0.63023594176319	612
0.084581942720471	0.583588716949427	164
-0.075142928248916	0.599571444913089	339
-0.016414454254694	0.663108225094003	339
-0.097833196182046	0.353207340512575	571
0.017807134329266	0.441473163114747	571
0.048106601170115	0.471060653765222	357
0.075128371293633	0.5457500837636	357
0.040806232996354	0.801312605973671	36
0.091211792408884	0.622019672117386	36
0.017967864460789	0.732821298651971	36
-0.0938470184670081	0.995547367050303	36
-0.085116557920523	1.1859861803034	36
0.028894468072883	1.02871421131662	46
0.090991871745561	0.622396171256163	36
0.117978461880961	0.830451637916883	36
-0.0518340276884049	0.848161563336183	36
-0.041945482047303	0.630661225316363	36
-0.085258409483066	1.18655417477991	275
0.00301461825294003	0.697663368297709	275
-0.066833246748329	1.59751934593071	53
0.115086391559744	0.797222764842826	99
-0.0724790686786499	1.02167419911996	99
0.114948326729627	0.797308974388257	99
-0.016573262377946	0.663104637362673	99
0.059495353666729	0.86457604362879	99
0.00299358534899896	0.697678094612967	278
0.017792214528392	0.441468073086455	278
0.106439114394858	0.731042205742158	294
-0.0169323535924441	0.909969798012273	294
-0.042005881270846	0.630719515069575	131
0.0177143011176401	0.441519104636812	154
-0.098352883478491	0.353483822010577	154
-0.038584669491101	0.414442391647873	154
0.017963326955765	0.441341043477748	154
0.048083519131537	0.470840918920392	627
0.075179899331267	0.545683412508346	155
0.06357937288619	0.507816047405359	97
-0.097833196182046	0.353207340512575	97
-0.038695731466628	0.414371031823955	73
-0.09771589802742	0.353095483927744	33
-0.102541166752993	0.785872227558357	612
-0.075061670752121	0.599394220982401	612
-0.038612577316588	1.07603785305031	164
-0.075142928248916	0.599571444913089	164
0.075154138563505	0.545752345612659	52
0.0177292753209	0.441490978820015	225
-0.097833196182046	0.353207340512575	225
-0.041787558524264	0.63030518261539	339
0.0178702860833611	0.441387161072424	571
-0.0383344554852471	0.414193392330842	733
0.00297151029416498	0.697635563753618	357
0.063394965740158	0.508064277585327	357
0.096458929986788	0.660076529122411	357
0.063185607178434	0.508383460359442	357
0.017921687581491	0.73290941491741	111
-0.044845481237448	1.65024359935144	503
-0.104281531068344	1.1617551919941	354
0.096306353881472	0.660172892929773	36
0.114803281259034	0.797250296549691	36
0.012280097534766	1.22646095575758	46
0.12289757221821	0.897237358413899	46
-0.038412281084986	1.07473192847115	46
-0.051900258284141	0.848203517793933	440
-0.025283860183971	1.10376497328955	36
0.00318199696521804	0.697304602378743	36
0.0965910856076549	0.659917412289735	36
0.00305641110687505	0.697581345058754	36
0.101387452576451	0.696504326824653	36
0.115234948213774	0.796831032986354	275
0.106472594652315	0.730996143549834	99
0.00320409808434496	0.697288451086869	99
0.091208718711636	0.622276283523047	99
0.091318609332057	0.622081457327723	99
-0.0980343570804339	0.353432748047731	790
-0.10258218567443	0.785881930049397	278
0.096809608574809	0.659451270898266	48
0.101756213038312	0.695890645353266	48
0.101676656508942	0.696127132054422	294
0.048137044135346	0.471051609861451	726
-0.038232305482405	0.414275835906919	154
-0.038232305482405	0.414275835906919	154
0.063500690585278	0.50798896479976	154
-0.038101962939554	0.414130609919789	761
-0.0384550952589881	0.414291169728785	761
-0.075313591982397	0.599686009158765	60
0.017792214528392	0.441468073086455	155
-0.038232305482405	0.414275835906919	97
-0.098554588996423	0.353709685597233	33
-0.097833196182046	0.353207340512575	33
0.017978153477464	0.441299012127764	33
-0.09751494297264	0.353113627072122	33
-0.041968693252402	0.630667165648645	164
0.041288547303323	0.800260671925774	164
0.096809608574809	0.659451270898266	164
-0.041680756795035	0.630029596921293	52
-0.041968693252402	0.630667165648645	52
-0.041968693252402	0.630667165648645	339
0.063250955301187	0.508320544769257	339
-0.0980343570804339	0.353432748047731	339
-0.0384550952589881	0.414291169728785	571
-0.038464314880281	0.414424326723021	733
0.063356704764237	0.50818911175335	357
0.017948515857331	0.441276325037825	357
-0.09368791408267	0.995116678033945	111
0.096525015331737	0.660007482888487	111
0.106315859210634	0.730728998536494	111
0.104154140385871	1.18978145743179	354
0.084349209646409	0.583766575955129	36
-0.093796521306471	0.995422279507028	36
0.101575660041353	0.696331961700475	36
0.067049817378435	0.895358866448042	46
0.075179899331267	0.545683412508346	440
0.0843302922197891	0.583946577934216	36
0.03008670137049	0.767741789537337	36
-0.075224295078979	0.599634201404957	36
0.060693284688183	1.42856149928837	53
0.040994152240852	0.801122849481615	99
-0.0980343570804339	0.353432748047731	310
0.075340244041036	0.545452715371539	99
0.048137044135346	0.471051609861451	278
-0.075061670752121	0.599394220982401	278
-0.097314325335099	0.352888726716764	154
-0.038222961863263	0.414264406349458	154
0.017792214528392	0.441468073086455	19
-0.097833196182046	0.353207340512575	154
0.091033282267716	0.622359946087841	60
0.115010367415259	0.797238656525503	94
0.075234323214785	0.545649823465162	155
0.1063335150346	0.731091976989806	155
0.075128371293633	0.5457500837636	155
-0.098554588996423	0.353709685597233	97
-0.038222961863263	0.414264406349458	97
-0.097314325335099	0.352888726716764	97
0.00297151029416498	0.697635563753618	164
0.00973416960192497	0.968299835530128	636
0.017792214528392	0.441468073086455	339
0.091315539427417	0.622068107957982	359
-0.103929232587354	1.16133191293266	111
-0.075224295078979	0.599634201404957	182
-0.075208616825992	0.599276847842701	182
0.105573943379788	1.43971862810765	503
-0.118254872563462	0.96763483364418	36
-0.102708246520331	0.785897774579404	383
0.002907836355861	0.69770729158356	36
0.00279733770240898	0.697822392172466	36
-0.00273042436447402	0.93948274628369	36
-0.03850202728295	1.07570196058941	46
-0.016440085400675	0.663088444368722	36
-0.118391771318661	0.967731784005976	36
-0.073949855274927	0.816140733367379	36
0.118449023410077	0.829679101694488	36
0.067919811565458	1.68208470879683	53
0.10158332378941	0.696156511789165	99
0.020119889637314	0.998199337842385	99
0.048030140972728	0.471086554526434	278
0.075046740623488	0.545717615515664	278
0.101424172102774	0.696482847151341	48
-0.075418566040116	0.599664233386239	278
0.048137044135346	0.471051609861451	64
0.048030140972728	0.471086554526434	64
0.017651574411606	0.441465173551282	64
0.00297151029416498	0.697635563753618	294
0.122449863498626	0.898405772387523	255
0.063277903257855	0.508273973989328	449
-0.038343745757691	0.414362328106443	154
-0.038473517099805	0.414356124603627	154
-0.098756633713589	0.353692019334519	655
0.04809882712395	0.471095771394012	19
-0.037878413463182	0.41380613890332	761
-0.075321423367854	0.599706575982585	627
0.075126927980529	0.545745098121915	155
-0.038232305482405	0.414275835906919	155
-0.038464314880281	0.414424326723021	97
-0.098352883478491	0.353483822010577	97
-0.098235856286303	0.353414829103439	97
-0.0980343570804339	0.353432748047731	97
-0.098352883478491	0.353483822010577	97
-0.09771589802742	0.353095483927744	97
-0.098235856286303	0.353414829103439	73
0.0177292753209	0.441490978820015	33
0.017900032419528	0.441350213980641	33
-0.09751494297264	0.353113627072122	317
-0.09751494297264	0.353113627072122	317
0.00315989142489104	0.697262159893661	636
-0.102730190262548	0.785943353413654	164
0.084308290447826	0.583914618045903	359
0.063329730916325	0.508235697146491	357
0.084371226517559	0.583859348821932	357
0.091057262873807	0.622376934191527	226
-0.098554588996423	0.353709685597233	369
0.048060623814151	0.471077472243728	366
-0.073863776464784	0.815801447862732	182
0.101358392184871	0.696425998470619	111
-0.104357130253329	1.16148235835013	36
-0.051569263035344	0.847710839351726	36
0.073041027668213	0.927462486674246	36
0.063329730916325	0.508235697146491	383
0.075154138563505	0.545752345612659	36
0.091360124316574	0.622045105168558	36
0.017835117517898	0.732956068850818	36
-0.013584671484531	1.13209564218437	46
0.00472019938772705	1.19414171744281	46
-0.0136131577088	1.13221007391103	46
-0.017109816457313	0.910119906615612	440
-0.00392859418859604	1.16287776133523	46
-0.0419547323838489	0.6302863210645	762
0.091535180830044	0.621618382946449	36
0.017947666343921	0.732754184124322	261
0.078143281804703	0.959957294466644	99
0.09657069967864	0.659939226936215	99
-0.1181888780838	0.967483424037025	99
0.041127216408995	0.801029741977259	99
-0.118544311356766	0.967878607688032	99
-0.0386505890528091	1.07608440185804	48
0.0665452515141171	0.895936434299292	48
0.030159069318855	0.767629011155119	48
-0.038464314880281	0.414424326723021	64
-0.118254872563462	0.96763483364418	294
0.063500690585278	0.50798896479976	154
0.048129316552884	0.471060482975925	19
0.048159832487555	0.470997103993803	19
0.017792214528392	0.441468073086455	627
0.118297983205813	0.830205112869221	94
0.12051989568482	0.864060608150231	94
0.1205100622415	0.863955339325874	94
-0.038750661001576	1.07604232729222	94
0.084581942720471	0.583588716949427	155
0.017875477368701	0.732920077295328	60
-0.038343745757691	0.414362328106443	97
-0.038101962939554	0.414130609919789	819
0.0410780081136271	0.801085358929595	636
0.018074615566919	0.732680480598904	359
-0.016334235224492	0.663007552598854	339
0.04801543159285	0.470919168811955	339
-0.09751494297264	0.353113627072122	148
0.10143796399458	0.696454001076441	226
-0.074170136542037	0.816185511320075	226
-0.038111377288474	0.414177817025583	247
0.074993754086038	0.545733063723005	36
0.118294582120208	0.829965988325646	36
0.030137323365088	0.767705345432537	36
-0.124071356098732	1.65537272805061	46
-0.0435095938921271	1.2693026701833	46
-0.054312561833166	1.04880772418311	46
-0.103973278617721	1.16155765277544	46
0.018056432898871	0.441217944876616	762
0.017921687581491	0.73290941491741	36
-0.102563147890518	0.785844565177501	99
0.091057262873807	0.622376934191527	99
0.00935191996122398	0.968446753307746	99
-0.0980343570804339	0.353432748047731	790
-0.0980343570804339	0.353432748047731	64
-0.098554588996423	0.353709685597233	26
-0.098235856286303	0.353414829103439	154
-0.099278232245566	0.35392746874739	154
-0.099075640655895	0.353944854479088	761
-0.098873389158817	0.353718585819526	761
-0.075224295078979	0.599634201404957	155
0.017558948417229	0.44151093634167	155
-0.038343745757691	0.414362328106443	97
-0.0384550952589881	0.414291169728785	97
0.01763654577387	0.441536831391427	97
-0.098756633713589	0.353692019334519	33
0.084226307409407	0.583973930211519	164
-0.099278232245566	0.35392746874739	225
-0.11830047519012	0.967771091298143	359
0.0750209619564241	0.545799116154301	359
-0.0980343570804339	0.353432748047731	148
-0.038362274170581	0.414118625175472	148
-0.102393270064865	0.785621271260328	357
-0.03318335436655	0.879582055914319	226
-0.042052298639449	0.630656110813843	357
0.0669772601855529	0.895628744009647	226
0.0409500888469499	0.801346017915586	226
0.075128371293633	0.5457500837636	357
0.075099719386491	0.545679040142965	111
-0.099075640655895	0.353944854479088	247
0.018120152890429	0.441085742998587	383
0.00957686033212502	0.968054321341378	36
0.017963326955765	0.441341043477748	762
-0.038353018666431	0.414337941238971	762
0.012495713917448	1.22580979661601	53
0.0480761847510181	0.471043419126657	99
0.048091133154588	0.471042169258016	271
-0.051813740537856	0.848049241128343	48
0.0177143011176401	0.441519104636812	64
0.075181351138205	0.545711507796161	64
0.0195912472986	1.47256451497479	255
0.063172144305836	0.508381075212563	131
-0.038213600919535	0.414059767247702	19
-0.097314325335099	0.352888726716764	761
-0.075321423367854	0.599706575982585	155
0.00305641110687505	0.697581345058754	60
-0.098235856286303	0.353414829103439	73
0.018056432898871	0.441217944876616	52
0.101742460206944	0.695527451047676	226
-0.041885092082105	0.630573386077958	111
-0.042066289731086	0.630748823283636	247
0.063421972840391	0.508127690026033	247
-0.041982672273346	0.630647826107759	36
0.0845410928024371	0.583697557335818	36
-0.038575520499092	0.414353051058273	383
0.075154138563505	0.545752345612659	190
-0.0980343570804339	0.353432748047731	190
0.111096461860513	0.764192824063773	36
0.026327498977437	1.28993676628872	46
-0.033024292766798	0.879147658074911	440
0.066655718306189	0.896153162702253	36
-0.06921242689783	1.21255138011587	36
-0.075313591982397	0.599686009158765	261
0.048129316552884	0.471060482975925	261
0.101857204523189	0.695544487651599	99
-0.118122898816091	0.967298432155967	99
-0.09751494297264	0.353113627072122	285
-0.038101962939554	0.414130609919789	278
-0.09751494297264	0.353113627072122	776
-0.038584669491101	0.414442391647873	278
0.017807134329266	0.441473163114747	64
-0.038213600919535	0.414059767247702	64
0.048159832487555	0.470997103993803	64
0.072995380215273	0.927613542983951	449
-0.0980343570804339	0.353432748047731	715
-0.09751494297264	0.353113627072122	761
-0.097833196182046	0.353207340512575	761
-0.075492339365296	0.599688769725692	60
-0.00277185107533695	0.939330188726961	60
0.063473657557236	0.507925612342817	60
-0.09751494297264	0.353113627072122	97
-0.00414855160160998	1.16338827469116	636
0.096657140778425	0.659805941212877	164
0.084308290447826	0.583914618045903	359
0.0410166630247319	0.801299390935011	359
-0.03318335436655	0.879582055914319	359
-0.038593801044298	0.414280296705753	339
0.075208565707402	0.545622611509452	357
-0.098554588996423	0.353709685597233	369
0.048060623814151	0.471077472243728	366
-0.102456218495276	0.785740006128746	182
-0.038353018666431	0.414337941238971	182
-0.118305318612736	0.967465361368617	111
0.009848475948535	0.968006332093359	36
0.059564810986859	0.864457341509932	36
-0.038353018666431	0.414337941238971	383
0.04809882712395	0.471095771394012	36
0.050664173683908	0.833509316117049	46
-0.00270118042730605	0.938920832023083	46
-0.016387156575993	0.663061566941855	440
0.063277903257855	0.508273973989328	762
0.048091133154588	0.471042169258016	99
0.0751011590761021	0.545790922920221	99
-0.038241631735444	0.41410029348193	310
-0.07436308791146	0.816694713454337	48
0.082131041014178	0.994096329868063	48
-0.074232160893451	0.816656260054727	294
-0.099278232245566	0.35392746874739	776
0.048137044135346	0.471051609861451	227
-0.09771589802742	0.353095483927744	154
-0.098756633713589	0.353692019334519	761
-0.037999701638591	0.413940026884914	761
0.059563306999273	0.864526088588019	94
0.030296329830318	0.767438477700058	94
0.048236200513971	0.470846950090697	60
-0.038101962939554	0.414130609919789	97
-0.0980343570804339	0.353432748047731	97
-0.0980343570804339	0.353432748047731	97
-0.096996344736511	0.352712982272515	97
-0.098352883478491	0.353483822010577	33
0.06357937288619	0.507816047405359	164
0.017962056258793	0.732767940869475	164
-0.01657161789905	0.662889753466312	359
-0.038353018666431	0.414337941238971	52
-0.098554588996423	0.353709685597233	52
-0.097833196182046	0.353207340512575	339
0.017792214528392	0.441468073086455	366
0.048175274861663	0.470945497752617	182
0.017885151515488	0.441422043241892	182
-0.038101962939554	0.414130609919789	182
-0.075232150203982	0.599654790054676	247
0.066945910119331	0.895747535789848	36
0.063343219674838	0.508238057982816	383
-0.016441749899156	0.663094658546721	383
0.017963326955765	0.441341043477748	190
0.111164306046251	0.764127874340039	36
-0.017334937452389	1.54812953244043	46
0.041011352635689	0.801273952586243	46
0.048266703141926	0.470750763953156	762
-0.016228414967052	0.662815534712448	771
0.084163282541588	0.583959669719534	261
-0.041750419695351	0.630037970019633	99
-0.051793455878415	0.847867085236813	99
-0.075418566040116	0.599664233386239	310
-0.038464314880281	0.414424326723021	776
0.048068364212171	0.4711048335323	131
-0.016547614007605	0.663120820841962	131
0.01821346711955	0.440962554763671	154
-0.098756633713589	0.353692019334519	154
-0.09751494297264	0.353113627072122	655
0.04809882712395	0.471095771394012	19
-0.0980343570804339	0.353432748047731	761
-0.038605599983345	1.07582357595785	94
0.00299358534899896	0.697678094612967	60
-0.054143304215874	1.04827518174446	60
0.04809882712395	0.471095771394012	612
0.072753008344973	0.92798523406662	636
-0.042052298639449	0.630656110813843	52
-0.038111377288474	0.414177817025583	571
-0.102604151174065	0.785927542903538	357
-0.014027843263844	1.13299763205116	226
-0.041968693252402	0.630667165648645	366
0.018134870756271	0.441106968732687	366
0.075207110278836	0.545690657241514	247
0.048137044135346	0.471051609861451	247
0.118266423815382	0.830246937213061	36
0.0668387316304701	0.896011604803126	36
-0.075313591982397	0.599686009158765	190
-0.072450652435672	1.02149385354682	36
0.101546593231265	0.696391400359992	36
0.00308567507379298	1.41880469265994	46
-0.023246582297173	1.33019706316299	46
0.115079419471796	0.797079446861886	46
-0.054462262490656	1.0489024819251	36
-0.075142928248916	0.599571444913089	762
0.030310957781324	0.767300529601493	36
-0.054231524038976	1.04837697847007	99
0.00288660350334602	0.697588871364216	99
-0.097833196182046	0.353207340512575	310
0.048060623814151	0.471077472243728	99
0.063448965253187	0.507971440785624	278
-0.075232150203982	0.599654790054676	278
0.029108486860021	1.02807256602238	48
-0.098554588996423	0.353709685597233	64
-0.097314325335099	0.352888726716764	154
-0.098554588996423	0.353709685597233	761
0.091081160981743	0.622167085570616	19
0.092793301644132	1.09517369044138	94
-0.00382245335915299	1.16240042366019	94
-0.0939694271739791	0.995701106608884	60
0.00301461825294003	0.697663368297709	60
0.002907836355861	0.69770729158356	60
-0.098235856286303	0.353414829103439	434
-0.097833196182046	0.353207340512575	97
-0.0980343570804339	0.353432748047731	73
-0.0383344554852471	0.414193392330842	91
-0.0980343570804339	0.353432748047731	317
-0.111813867705126	1.3242501097717	636
0.00284229766136301	0.697755670727159	52
-0.098554588996423	0.353709685597233	148
-0.0980343570804339	0.353432748047731	571
0.048198009660274	0.470952990233888	357
0.081871509841932	0.99444724052994	226
0.050932569528318	0.833090556834481	226
-0.0980343570804339	0.353432748047731	369
0.091253305477373	0.622188073930247	182
0.10143796399458	0.696454001076441	383
0.123889666226386	0.933354247871037	36
-0.051701613745023	0.847993548421683	46
-0.016960511410826	0.910003387790672	46
0.111164306046251	0.764127874340039	606
-0.051762530696933	0.847948860488304	99
-0.069015455657427	1.40691774191578	65
-0.016414454254694	0.663108225094003	235
-0.038353018666431	0.414337941238971	116
0.091036540068653	0.622324586594689	278
0.074969385211641	0.545722332536396	294
0.018071220485707	0.441051573299806	64
0.111238533370894	0.764069061623442	48
-0.075150817760178	0.599509934408343	227
-0.038464314880281	0.414424326723021	154
-0.075135049387965	0.599550836734038	19
0.017849462748205	1.6447532620271	94
0.115055366214585	0.797235917916143	94
-0.042029090058758	0.630725452876737	155
0.111106105221413	0.764101752209184	60
-0.102604151174065	0.785927542903538	457
-0.075224295078979	0.599634201404957	97
-0.016281321352695	0.662925995029655	91
-0.098235856286303	0.353414829103439	317
-0.095760482055231	1.35046997335069	636
-0.042149911388244	0.630754431915372	359
-0.038232305482405	0.414275835906919	52
0.048236200513971	0.470846950090697	52
0.082147838072311	0.993979338177966	359
0.075314502806718	0.545475329450318	339
0.018134870756271	0.441106968732687	571
-0.099075640655895	0.353944854479088	148
-0.075313591982397	0.599686009158765	357
0.030166210951231	0.767669262259195	383
-0.017037786107609	0.91012511760372	383
0.084603981980349	0.583572903561045	36
-0.00388715972796705	1.16226218985398	36
-0.00387167256806897	1.16268045700298	46
-0.03843296417955	1.07548811476324	46
0.084371226517559	0.583859348821932	46
0.114982838651213	0.797316343227134	36
0.063408471126852	0.508125343240681	762
0.075234323214785	0.545649823465162	261
-0.016306935255432	0.662900709878385	606
0.00485631824327604	1.19347153242946	606
0.041049965119011	0.801241220018575	99
-0.118544311356766	0.967878607688032	99
-0.03309638496485	0.879099018923827	99
-0.075142928248916	0.599571444913089	99
0.075155585509051	0.545661184705511	310
0.063421972840391	0.508127690026033	64
0.048060623814151	0.471077472243728	64
0.017988059899997	0.732829633677683	48
-0.074940890989121	0.598926664218878	227
-0.102478205765596	0.785785640793822	227
-0.0980343570804339	0.353432748047731	154
-0.0980343570804339	0.353432748047731	618
-0.0749646380190711	0.599304485288219	19
-0.041968693252402	0.630667165648645	19
0.028848829570998	1.0287934017144	94
0.091167236068756	0.622220304538874	60
0.075365978735715	0.545352624230085	60
-0.0384550952589881	0.414291169728785	155
-0.038353018666431	0.414337941238971	60
-0.038213600919535	0.414059767247702	719
-0.038464314880281	0.414424326723021	819
-0.099075640655895	0.353944854479088	317
0.00299358534899896	0.697678094612967	305
-0.098352883478491	0.353483822010577	225
-0.09751494297264	0.353113627072122	148
-0.038464314880281	0.414424326723021	148
-0.038464314880281	0.414424326723021	366
-0.098352883478491	0.353483822010577	369
-0.09751494297264	0.353113627072122	182
-0.042112702279816	0.630685418300134	182
0.095527461521567	1.68640442977843	6
-0.055348036735644	1.24009921756152	204
0.042740323704804	1.09310387436468	36
0.072963872568775	0.927656483443703	46
0.041199135682868	0.80076547113824	36
-0.00426236050840301	1.16356302883691	606
0.115189970797891	0.79695371698568	235
-0.041838664214195	0.630355242517293	116
-0.0980343570804339	0.353432748047731	116
-0.0980343570804339	0.353432748047731	116
0.05095585692327	0.833026426386197	48
-0.118539392027703	0.967825977925688	48
-0.0750458549234641	0.599435065359958	64
0.017914928832515	0.441120871664386	64
-0.102730190262548	0.785943353413654	565
0.041121887953011	0.801077906797172	565
0.017978153477464	0.441299012127764	797
0.063316238487333	0.508174597084697	227
-0.037878413463182	0.41380613890332	715
-0.097833196182046	0.353207340512575	19
-0.075142928248916	0.599571444913089	19
-0.073991306393046	0.816234952867646	60
-0.072873191627599	1.02263612100042	60
0.018054415695141	0.732724845641667	60
0.084434139955068	0.583781834448672	60
0.063329730916325	0.508235697146491	60
0.017900032419528	0.441350213980641	155
-0.038213600919535	0.414059767247702	155
0.063199066387906	0.508334523103492	60
0.075284348464694	0.545087611253191	60
0.0752328629001901	0.545597783452129	60
-0.041861878249689	0.630501710651017	643
-0.075581789811885	0.59962952394393	457
-0.038464314880281	0.414424326723021	819
0.0176215327131241	0.441435638108329	819
0.017807134329266	0.441473163114747	52
-0.075240015986526	0.599593248021543	52
0.048068364212171	0.4711048335323	52
-0.041945482047303	0.630661225316363	359
0.017992995459897	0.441102845894737	148
-0.102837124904475	0.785755954976757	182
0.04809882712395	0.471095771394012	182
-0.09751494297264	0.353113627072122	369
0.017885151515488	0.441422043241892	366
0.104460877072551	1.18898972577637	6
-0.109601543860579	2.13717146253342	6
0.104630949400684	1.18798948448329	204
0.0962251630788879	1.1280527097037	204
-0.081738682483689	1.37853656814041	415
0.080884024726691	1.30984072627875	53
-0.069092875671829	1.21226377411589	606
0.11526947300419	0.796741579853404	606
0.0427351190902751	1.09318308778037	65
-0.0694275207402491	1.40770087933555	65
0.106477768959131	0.730983083314581	48
-0.033284459182909	0.879654013737668	294
0.074993754086038	0.545733063723005	48
0.0843932388020811	0.583891294044359	565
0.048106601170115	0.471060653765222	565
0.0752328629001901	0.545597783452129	449
-0.075232150203982	0.599654790054676	227
0.048121668982423	0.470978781688397	19
0.048137044135346	0.471051609861451	19
0.017807134329266	0.441473163114747	19
-0.075142928248916	0.599571444913089	19
0.017855436085875	0.441193221226084	60
0.002907836355861	0.69770729158356	60
0.063356704764237	0.50818911175335	60
0.084519064067727	0.583713359197363	60
0.017792214528392	0.441468073086455	97
-0.10235235414452	0.785514109137052	457
-0.0752164506176301	0.599532139278292	719
0.017963326955765	0.441341043477748	91
-0.075053757516349	0.59945569070679	819
0.0410552948306659	0.801217980767438	305
-0.041922270637053	0.630589539613816	359
-0.074098106307515	0.816188094025492	359
0.075075383686997	0.545765523362656	359
0.063356704764237	0.50818911175335	359
0.063487175909114	0.507986633485621	182
0.084352289404545	0.58393081140269	182
-0.102434235979929	0.785621130114425	182
-0.102522194565737	0.78564073577593	182
0.113227888145216	1.24530594002005	6
0.100291358683231	1.15880081793261	204
0.122343800808185	0.898505422033682	53
0.117627887790749	1.2720347968205	53
0.036645255469039	1.05941527745047	65
0.028803192166307	1.02884995237945	65
-0.1192076648638	1.49045686742074	65
0.118248938082392	0.830097232322173	235
-0.072700544187476	1.02247217026894	235
0.048060623814151	0.471077472243728	294
0.063435470882058	0.508078747495984	294
-0.074252845534053	0.816670451212182	294
-0.051721916884086	0.848043425468633	294
-0.102223417951741	0.784951164133743	64
-0.075297961229266	0.599328697195459	64
-0.016626213342972	0.663043175821944	565
-0.016255713429042	0.662862174171496	227
0.0631470757717611	0.508037054492013	227
0.0178702860833611	0.441387161072424	227
-0.016175516073887	0.662673544333303	60
-0.074142741880797	0.816457223948004	19
0.075208565707402	0.545622611509452	19
0.00307501981779401	0.697297805505652	60
0.063264431112624	0.508322918373419	60
0.091404661651203	0.621955343661036	91
-0.041861878249689	0.630501710651017	819
-0.0750695946244711	0.599175566865411	305
0.00311921498448697	0.697457472057385	359
0.00301461825294003	0.697663368297709	359
0.075181351138205	0.545711507796161	359
-0.042103503205385	0.630676821498528	359
-0.0980343570804339	0.353432748047731	570
0.075208565707402	0.545622611509452	182
0.063527708915473	0.507832764068333	226
0.084559898872544	0.583556844305442	182
-0.016281321352695	0.662925995029655	366
-0.10237436794994	0.785486517852404	366
-0.038111377288474	0.414177817025583	182
0.040158232097125	1.34909680070233	204
0.081896020896168	0.994369129245631	46
0.01192393074165	1.22706522140476	53
-0.038464314880281	0.414424326723021	116
0.0751526903693121	0.545617365600518	116
-0.016440085400675	0.663088444368722	294
-0.016283009867109	0.662848621894492	294
0.018115007276855	0.732427275662804	294
-0.0749646380190711	0.599304485288219	48
-0.075150817760178	0.599509934408343	797
-0.041959463063889	0.630501322211344	227
-0.041959463063889	0.630501322211344	60
0.063394965740158	0.508064277585327	19
0.048030140972728	0.471086554526434	19
-0.051915201261052	0.847943445022845	19
-0.075224295078979	0.599634201404957	19
0.048159832487555	0.470997103993803	19
0.041006082187117	0.801172532030009	60
0.017988059899997	0.732829633677683	60
0.075048171822478	0.545806361158126	457
0.029905937531536	0.767687563256047	689
0.063264431112624	0.508322918373419	689
-0.04176434001203	0.630299228341388	91
0.017963326955765	0.441341043477748	819
-0.075127181183508	0.599448766878507	305
0.017792214528392	0.441468073086455	52
0.048068364212171	0.4711048335323	52
0.017921687581491	0.73290941491741	359
-0.01630861954926	0.662972643880192	359
-0.042126707406141	0.630748496181635	359
-0.01630861954926	0.662972643880192	182
-0.016441749899156	0.663094658546721	182
0.096504635821028	0.660029290410333	182
-0.0754107477259231	0.59972581114889	182
-0.026539724422955	1.52010725194246	46
0.042926998709423	1.09270559134591	65
-0.038222961863263	0.414264406349458	116
-0.097314325335099	0.352888726716764	285
0.04814485185986	0.4709545254248	294
0.017885151515488	0.441422043241892	64
-0.097833196182046	0.353207340512575	227
-0.102689118389286	0.785923872930611	19
0.048129316552884	0.471060482975925	60
0.048114455422043	0.470937287450026	60
-0.074012039357249	0.816178893464369	60
-0.0980343570804339	0.353432748047731	60
-0.0750300816914	0.599077774240489	60
-0.074956711698704	0.599283845361732	60
-0.098554588996423	0.353709685597233	97
-0.098235856286303	0.353414829103439	97
0.017822069649896	0.441368127807516	97
-0.075313591982397	0.599686009158765	457
0.0753417200864161	0.545327769695141	457
-0.042066289731086	0.630748823283636	457
0.048152231285691	0.470882504514928	457
0.0750209619564241	0.545799116154301	457
-0.038101962939554	0.414130609919789	719
0.101496091196869	0.696462244264049	359
-0.0980343570804339	0.353432748047731	571
-0.097314325335099	0.352888726716764	148
0.075046740623488	0.545717615515664	182
-0.016310304284051	0.662761454214825	182
0.07507394885366	0.545783675338654	182
-0.023222078023322	1.33039994947251	415
0.053729053806338	1.40376712742599	522
0.093160957455258	1.09392175946663	53
0.026437560950939	1.28968229105051	53
-0.024456019950318	1.69823524910565	65
-0.0518340276884049	0.848161563336183	804
-0.038232305482405	0.414275835906919	116
-0.098235856286303	0.353414829103439	285
-0.0169375416865331	0.909901267738895	48
0.030289194066881	0.767451436739019	48
0.075179899331267	0.545683412508346	449
0.018041660723745	0.441230120289073	797
0.084559898872544	0.583556844305442	227
0.0177143011176401	0.441519104636812	227
0.048068364212171	0.4711048335323	227
-0.075240015986526	0.599593248021543	60
-0.074956711698704	0.599283845361732	227
0.075313030370492	0.545493532457957	60
0.017792214528392	0.441468073086455	19
0.101713376250357	0.695796465915608	60
-0.016626213342972	0.663043175821944	19
-0.075329265417905	0.599645011435276	19
-0.098352883478491	0.353483822010577	96
0.07507394885366	0.545783675338654	60
-0.097314325335099	0.352888726716764	97
-0.038222961863263	0.414264406349458	719
-0.016414454254694	0.663108225094003	305
-0.042126707406141	0.630748496181635	359
0.0843932388020811	0.583891294044359	359
0.017963326955765	0.441341043477748	52
0.084707631991562	0.583255271587081	359
-0.072667020317355	1.02234905198006	359
-0.038584669491101	0.414442391647873	570
-0.102456218495276	0.785740006128746	182
-0.00275392830912502	0.939513411706335	226
0.075181351138205	0.545711507796161	182
-0.038343745757691	0.414362328106443	366
0.084478180970231	0.583797970147497	182
0.00184406965203598	1.76671080193992	6
0.059007202312568	1.19124146835749	204
-0.0688798125633841	1.40635533096761	46
-0.0670243012048321	1.59875258523153	415
0.00468029271554604	1.19410913691291	53
0.047275673699726	1.37614359572346	65
-0.0552584975736919	1.23982421604785	65
0.050867145477455	0.833314384010154	65
0.00310998325273804	1.4187418135834	65
0.041049965119011	0.801241220018575	235
-0.038232305482405	0.414275835906919	116
-0.033082246161423	0.879402376658291	48
-0.102711082516985	0.785806559178677	64
0.0751526903693121	0.545617365600518	565
0.063291371738374	0.508166632881355	797
-0.041968693252402	0.630667165648645	227
-0.016520318870356	0.663134379752832	227
0.017978153477464	0.441299012127764	227
-0.0163615331599321	0.663054207629342	60
-0.0162011144783351	0.66270873611259	60
0.0176215327131241	0.441435638108329	19
-0.11820930037231	0.967385459939607	60
0.063093297955259	0.508417242046547	60
-0.016387156575993	0.663061566941855	60
0.04809882712395	0.471095771394012	643
0.084267323025439	0.583979591146226	457
-0.074883530439411	0.599049724278248	457
0.048137044135346	0.471051609861451	719
-0.038222961863263	0.414264406349458	719
-0.07503796297973	0.599333001659143	91
-0.102330345091486	0.785468465244391	819
-0.099075640655895	0.353944854479088	819
0.0177292753209	0.441490978820015	819
0.00301461825294003	0.697663368297709	305
0.018100545250654	0.732585978686206	305
-0.075150817760178	0.599509934408343	305
0.075181351138205	0.545711507796161	305
-0.118086802018971	0.966790412288373	359
0.018056432898871	0.441217944876616	571
0.048175274861663	0.470945497752617	182
-0.0743389656665699	0.816648580414172	182
0.00301461825294003	0.697663368297709	182
-0.0750458549234641	0.599435065359958	182
0.048068364212171	0.4711048335323	182
0.048205724416729	0.470910260347338	182
-0.00764503695846397	1.57236984055143	53
-0.071853313806451	1.75427720910811	53
0.111146979469236	0.764243572648069	48
-0.0163615331599321	0.663054207629342	48
0.00322264132060901	0.697077204422489	64
0.0176560337731509	0.732975394634013	64
0.04800751798394	0.471042122206643	797
0.09657069967864	0.659939226936215	60
-0.016414454254694	0.663108225094003	60
0.01772247183474	0.732998532235449	60
0.075154138563505	0.545752345612659	60
-0.075418566040116	0.599664233386239	301
0.07507394885366	0.545783675338654	60
0.00284229766136301	0.697755670727159	457
0.091208718711636	0.622276283523047	457
0.0480840855585331	0.470891796209515	719
0.048060623814151	0.471077472243728	719
0.0178702860833611	0.441387161072424	52
0.063277903257855	0.508273973989328	359
0.101705718608881	0.696026321895317	359
0.075207110278836	0.545690657241514	182
0.00320409808434496	0.697288451086869	182
0.08466349758448	0.583130966181742	182
-0.038222961863263	0.414264406349458	4
0.063027853296225	0.50843016111244	182
0.017885151515488	0.441422043241892	182
-0.072829364465433	1.02261931607925	491
0.122734499713048	0.897798022168707	65
0.048205724416729	0.470910260347338	349
0.030289194066881	0.767451436739019	48
-0.098235856286303	0.353414829103439	797
0.050771878667373	0.833239215156456	449
0.075181351138205	0.545711507796161	449
0.041011352635689	0.801273952586243	449
-0.102267443587932	0.78527817468498	60
0.017885151515488	0.441422043241892	60
-0.102497218741647	0.785707725980518	60
0.063172144305836	0.508381075212563	19
0.00301090844837504	0.69733815905995	60
-0.0980343570804339	0.353432748047731	96
-0.09751494297264	0.353113627072122	96
-0.038704809852949	0.414366420072622	96
0.075179899331267	0.545683412508346	91
0.0632125219358	0.508227184141461	643
-0.016281321352695	0.662925995029655	457
-0.0749646380190711	0.599304485288219	91
0.017809065046073	0.732950060175185	305
-0.102626121428237	0.785899865880792	305
0.048159832487555	0.470997103993803	359
0.063356704764237	0.50818911175335	359
-0.074972574974717	0.599243066457034	396
-0.102478205765596	0.785785640793822	359
-0.042005881270846	0.630719515069575	182
0.00301461825294003	0.697663368297709	182
-0.033154370153593	0.879485184153655	533
0.101286432440022	0.696543038899367	533
-0.038213600919535	0.414059767247702	4
-0.038222961863263	0.414264406349458	4
-0.038213600919535	0.414059767247702	4
0.01821346711955	0.440962554763671	182
-0.097791982081829	2.15498605330046	6
-0.110995211695964	1.9904311620823	204
0.041116599462428	0.801052662885613	732
0.075154138563505	0.545752345612659	732
0.00414556838376601	1.19526560384718	65
0.00301461825294003	0.697663368297709	710
0.091187979765687	0.622272623786636	48
-0.042029090058758	0.630725452876737	349
0.030318066175677	0.76741538842748	48
0.084707631991562	0.583255271587081	479
0.030036080177775	0.76775412514677	449
0.096789205661196	0.659515020496852	449
0.106433958541662	0.731013916701746	449
0.084352289404545	0.58393081140269	449
-0.11830047519012	0.967771091298143	449
0.017941873253126	0.73286505952673	449
0.0751011590761021	0.545790922920221	227
-0.038464314880281	0.414424326723021	704
-0.093804110301446	0.995126018405209	60
0.063237475822118	0.508259419397331	19
-0.075240015986526	0.599593248021543	19
0.048129316552884	0.471060482975925	60
-0.09751494297264	0.353113627072122	96
0.00294908055527099	0.697737592033022	60
-0.016520318870356	0.663134379752832	643
-0.0332413060537901	0.879597911233598	457
0.075340244041036	0.545452715371539	457
0.048175274861663	0.470945497752617	643
0.084245331761483	0.583947621249913	689
0.0843112917921321	0.583903474694665	91
0.048243948908962	0.47068770486424	763
0.017885151515488	0.441422043241892	763
-0.016518666460027	0.662951172837911	763
-0.074166731286506	0.816592436654914	182
0.063185607178434	0.508383460359442	182
0.0843302922197891	0.583946577934216	533
0.084519064067727	0.583713359197363	182
0.091208718711636	0.622276283523047	182
-0.038241631735444	0.41410029348193	182
-0.033219704423789	0.8794291957937	732
-0.051813740537856	0.848049241128343	732
0.017855298774389	0.732964424136766	491
0.084559898872544	0.583556844305442	266
-0.0102279863968801	2.10099852521795	698
0.00453907774907902	1.19476897596576	235
0.017822069649896	0.441368127807516	116
0.111218101875397	0.764031765054324	48
-0.0332413060537901	0.879597911233598	48
-0.09939471515573	0.353874659115583	26
-0.038464314880281	0.414424326723021	797
0.075154138563505	0.545752345612659	449
0.01784940015507	0.732696878443804	449
-0.051762530696933	0.847948860488304	60
0.017978153477464	0.441299012127764	70
0.00275232675068404	0.697803286426881	19
-0.038101962939554	0.414130609919789	96
-0.097314325335099	0.352888726716764	96
0.018233159614331	0.732241112519933	60
-0.075127181183508	0.599448766878507	457
-0.041801495132781	0.63038238662287	643
0.063514201586973	0.507940032132344	643
0.017900032419528	0.441350213980641	719
-0.074948796019937	0.599181802999873	457
0.017651574411606	0.441465173551282	719
0.0482590812342381	0.470715769120619	689
0.04809882712395	0.471095771394012	819
-0.038473517099805	0.414356124603627	52
-0.09771589802742	0.353095483927744	52
-0.038232305482405	0.414275835906919	52
-0.038343745757691	0.414362328106443	396
-0.097833196182046	0.353207340512575	396
-0.099075640655895	0.353944854479088	763
0.0178702860833611	0.441387161072424	216
0.087735954192027	2.44980364843851	347
0.069859743283313	1.2527934747034	204
0.101453259951264	0.696381948168372	46
-0.016412785933738	0.662981596025657	732
0.120726857246421	0.863837448394153	46
-0.051721916884086	0.848043425468633	732
0.082269231638653	0.99376363530657	266
0.117801335133003	1.27041968971082	53
-0.041945482047303	0.630661225316363	687
0.018054415695141	0.732724845641667	65
-0.098756633713589	0.353692019334519	116
-0.016254021125977	0.662819169364524	116
0.017901499241205	0.732901068709391	48
0.106544718597846	0.730870685159062	48
-0.09771589802742	0.353095483927744	797
-0.085324397605846	1.18675771589494	449
0.084500194595213	0.583737580326332	449
0.040800879131416	0.801267386116628	449
-0.038343745757691	0.414362328106443	19
-0.051742222533774	0.848030929183181	19
0.101604732420919	0.696231098283398	19
-0.04176434001203	0.630299228341388	60
0.048129316552884	0.471060482975925	91
0.017988059899997	0.732829633677683	91
-0.09751494297264	0.353113627072122	301
0.018041660723745	0.441230120289073	643
0.063250955301187	0.508320544769257	457
-0.042163932456785	0.630644827033637	719
-0.102267443587932	0.78527817468498	689
0.017988059899997	0.732829633677683	689
-0.01646904351221	0.663007436278576	819
-0.051701613745023	0.847993548421683	305
-0.038464314880281	0.414424326723021	52
-0.073925978332443	0.8160460081573	359
-0.01649467821567	0.663121538181514	359
0.075154138563505	0.545752345612659	763
-0.097314325335099	0.352888726716764	396
0.00282167911946096	0.697636429998626	533
-0.09751494297264	0.353113627072122	216
-0.016942690932831	0.909744414926345	46
-0.043379061104508	1.26934136535305	53
0.112938910392929	1.24619070200026	53
-0.0939694271739791	0.995701106608884	423
-0.02324699060492	1.33041595371208	710
0.002907836355861	0.69770729158356	48
0.0750209619564241	0.545799116154301	479
0.084349209646409	0.583766575955129	48
0.00956205924623099	0.968683378177568	449
-0.032470278116392	1.29829402256343	449
0.096504635821028	0.660029290410333	449
0.00277673550704405	0.697777894903242	449
-0.093998504657095	0.995741930333831	449
0.0843302922197891	0.583946577934216	449
0.018094812759939	0.732583367161598	60
-0.042075507015257	0.63043234066648	70
0.048167513635818	0.471016343360915	19
0.048266703141926	0.470750763953156	96
-0.099278232245566	0.35392746874739	96
-0.038353018666431	0.414337941238971	91
-0.038222961863263	0.414264406349458	301
-0.038353018666431	0.414337941238971	301
-0.118168458157863	0.967500403990842	457
0.048121668982423	0.470978781688397	643
-0.075142928248916	0.599571444913089	643
-0.098554588996423	0.353709685597233	643
-0.075321423367854	0.599706575982585	457
-0.051747518947093	0.847979241733637	305
-0.038343745757691	0.414362328106443	52
-0.098235856286303	0.353414829103439	52
-0.096996344736511	0.352712982272515	83
-0.0754029400831731	0.599705268512402	52
-0.097833196182046	0.353207340512575	52
-0.10237436794994	0.785486517852404	533
-0.038343745757691	0.414362328106443	4
0.017885151515488	0.441422043241892	182
0.075179899331267	0.545683412508346	182
0.10640046829823	0.731059995223998	732
0.0913808746746611	0.621961471167152	732
-0.075224295078979	0.599634201404957	732
0.124081168353278	0.933154133581501	491
0.069892524840552	1.25282593027392	53
0.030166210951231	0.767669262259195	53
-0.016467382827036	0.663135102628169	65
0.020110608131495	0.997802819592667	710
-0.072677083205369	1.02185272648678	48
-0.016414454254694	0.663108225094003	479
0.101416518534445	0.696530628409834	48
0.041088586376288	0.801159832729146	48
0.048175274861663	0.470945497752617	479
-0.098873389158817	0.353718585819526	26
-0.033342431496005	0.87966991487714	449
0.091208718711636	0.622276283523047	60
-0.0749646380190711	0.599304485288219	704
0.00297151029416498	0.697635563753618	60
0.048137044135346	0.471051609861451	70
-0.037990233828196	0.414043933099704	19
0.017963326955765	0.441341043477748	19
-0.099075640655895	0.353944854479088	96
-0.0383344554852471	0.414193392330842	301
0.084497030745063	0.58368145739329	457
-0.041968693252402	0.630667165648645	643
0.0178702860833611	0.441387161072424	457
0.0181351991202779	0.732193635498318	457
0.075179899331267	0.545683412508346	719
-0.099075640655895	0.353944854479088	719
-0.038695731466628	0.414371031823955	719
0.00303524391238197	0.69759436484439	91
0.048205724416729	0.470910260347338	819
0.084519064067727	0.583713359197363	305
-0.01649467821567	0.663121538181514	305
-0.075127181183508	0.599448766878507	52
-0.0980343570804339	0.353432748047731	83
-0.09751494297264	0.353113627072122	52
-0.037868874847883	0.413866295648985	52
-0.0162011144783351	0.66270873611259	763
0.01821346711955	0.440962554763671	763
-0.016281321352695	0.662925995029655	763
0.04821351931622	0.470722899920714	763
-0.051615123073177	0.847754686503769	533
0.048236200513971	0.470846950090697	182
0.091125734420765	0.621843643778879	182
-0.038695731466628	0.414371031823955	216
-0.098235856286303	0.353414829103439	216
0.091033282267716	0.622359946087841	182
-0.098756633713589	0.353692019334519	216
-0.124253937336684	1.65596892359926	6
0.091339369202452	0.622085083749103	732
0.118129486835306	0.830466700584667	732
0.063185607178434	0.508383460359442	732
0.048030140972728	0.471086554526434	732
-0.094006138135298	0.995567157402445	491
-0.110178904125148	1.68194515923426	53
0.101336942055247	0.69653411354096	687
-0.118432552723655	0.967915722527311	423
0.00946699394107897	1.78963722359125	698
-0.038353018666431	0.414337941238971	116
0.017963326955765	0.441341043477748	116
0.050888203448457	0.833258632868648	48
0.084751748046583	0.583179077961421	48
0.0178702860833611	0.441387161072424	349
-0.098554588996423	0.353709685597233	349
-0.03318335436655	0.879582055914319	48
0.00309711961107395	0.697414993980128	48
-0.038343745757691	0.414362328106443	797
0.041083277255358	0.801159267647091	449
-0.051436975839025	0.847301506892302	449
0.01789565330357	0.732822966651815	449
0.00282167911946096	0.697636429998626	60
0.01763654577387	0.441536831391427	19
0.0843302922197891	0.583946577934216	91
0.075285818681739	0.545486301742271	643
0.048068364212171	0.4711048335323	719
-0.118056934795257	0.967077633901596	689
0.00301223626465197	0.697421598282056	689
0.00286291108509595	0.697800159750851	689
0.074916374355297	0.545658069326734	305
0.017885151515488	0.441422043241892	52
0.0843932388020811	0.583891294044359	359
-0.016388829064612	0.663040642355053	763
-0.098235856286303	0.353414829103439	763
0.017885151515488	0.441422043241892	4
-0.074122030630818	0.81651335162147	732
-0.016175516073887	0.662673544333303	732
0.073058385773918	0.927397614354712	266
-0.095671128222894	1.35015312954088	53
0.12416696294257	0.932832336038722	235
0.0632125219358	0.508227184141461	116
-0.072878319375258	1.02251095255377	48
-0.041982672273346	0.630647826107759	479
0.101546593231265	0.696391400359992	48
-0.09771589802742	0.353095483927744	26
0.048030140972728	0.471086554526434	797
0.041022013287219	0.801252841972289	449
-0.118275288389049	0.967536833013036	449
0.0967027819941429	0.659694087387252	60
0.017855436085875	0.441193221226084	70
0.0177292753209	0.441490978820015	19
-0.098352883478491	0.353483822010577	96
-0.041945482047303	0.630661225316363	91
-0.097833196182046	0.353207340512575	301
-0.09751494297264	0.353113627072122	301
0.017963326955765	0.441341043477748	719
0.063158677768567	0.508319933207446	305
-0.042140730414016	0.630498390847998	91
-0.038584669491101	0.414442391647873	52
-0.075337118126494	0.599426192311837	570
0.04809882712395	0.471095771394012	182
0.091205517729931	0.622083216009459	182
-0.037999701638591	0.413940026884914	4
-0.074146040742489	0.816512466993869	182
-0.097196756999081	0.352694669460464	216
-0.041945482047303	0.630661225316363	182
-0.098756633713589	0.353692019334519	43
0.111126528387805	0.764205933098242	204
-0.069363499832631	1.21240555766035	204
-0.093767464363777	0.995381507826143	46
0.017941873253126	0.73286505952673	732
0.091077980933823	0.622380620436406	732
0.046704550114576	1.77662980767602	53
0.019757185566737	1.25723645870691	53
-0.057603358794782	1.43605908182364	53
0.050797267936644	0.833438469017457	423
-0.095703467726988	1.35031150952564	53
-0.086224706317581	1.88421246104385	53
-0.033414559833175	0.879654924827273	65
-0.102434235979929	0.785621130114425	235
-0.098554588996423	0.353709685597233	116
-0.038343745757691	0.414362328106443	116
0.063356704764237	0.50818911175335	479
0.075208565707402	0.545622611509452	449
0.0847109342986671	0.58325310223511	60
-0.038575520499092	0.414353051058273	704
0.00294908055527099	0.697737592033022	60
-0.075321423367854	0.599706575982585	60
0.048228532197089	0.470856745105674	91
0.017978153477464	0.441299012127764	184
0.09118480347394	0.622215677471984	457
0.096789205661196	0.659515020496852	457
0.075207110278836	0.545690657241514	457
0.04809882712395	0.471095771394012	643
-0.075329265417905	0.599645011435276	719
0.091187979765687	0.622272623786636	305
-0.075142928248916	0.599571444913089	763
-0.097833196182046	0.353207340512575	763
0.01777731021038	0.441303913539979	396
0.04809882712395	0.471095771394012	763
0.01763654577387	0.441536831391427	763
-0.073881427718314	0.815763236953886	182
-0.102563147890518	0.785844565177501	182
-0.09771589802742	0.353095483927744	4
-0.098235856286303	0.353414829103439	216
0.084456162756553	0.583813760351764	732
-0.0938393747873441	0.995492928282878	46
0.053855608308012	1.15858175112312	491
0.020110608131495	0.997802819592667	491
0.030296329830318	0.767438477700058	266
-0.085255128609124	1.1866194626694	53
-0.032959530613493	0.878955584220695	423
0.096502860039287	1.1274426199319	53
0.030318066175677	0.76741538842748	65
0.0967435772623571	0.659608498567667	449
-0.11830047519012	0.967771091298143	449
0.091383891304558	0.621951736563866	449
0.00299358534899896	0.697678094612967	449
0.00281793478088599	0.697808245282518	60
-0.0744941051685351	0.816605546834054	60
-0.098756633713589	0.353692019334519	19
0.08464804673191	0.583404380322973	19
-0.041885092082105	0.630573386077958	19
0.029963748555595	0.767667365985647	91
0.030093881665244	0.76763195087876	457
-0.074187426761161	0.816606642247111	457
0.00318199696521804	0.697304602378743	457
-0.038464314880281	0.414424326723021	719
-0.097314325335099	0.352888726716764	719
-0.051655740378037	0.847916877979715	457
-0.102522194565737	0.78564073577593	719
-0.038464314880281	0.414424326723021	83
0.0631067478976231	0.508419637507065	52
-0.038343745757691	0.414362328106443	52
0.030267446983573	0.767524505470819	763
0.018056432898871	0.441217944876616	763
-0.0749646380190711	0.599304485288219	182
0.017900032419528	0.441350213980641	4
-0.098352883478491	0.353483822010577	4
0.048030140972728	0.471086554526434	182
0.048122390007095	0.470669254535473	43
-0.098554588996423	0.353709685597233	43
0.100476749142827	1.15828694779709	6
0.010017534606832	1.62065289809755	204
-0.051701613745023	0.847993548421683	732
-0.110431472023151	1.68257006647727	266
0.0535728308678211	1.40397458374604	53
0.020190195055844	0.998006445799062	423
0.096415195024385	1.12773873066879	53
0.12080099887297	0.863644263616836	65
0.084456162756553	0.583813760351764	48
-0.075142928248916	0.599571444913089	479
0.106611704711242	0.730674581713647	48
-0.033212332998339	0.87962044583674	449
0.075314502806718	0.545475329450318	60
-0.117975217483289	0.966701235329422	449
-0.072795896182648	1.02264040176664	449
0.091036540068653	0.622324586594689	449
0.017921687581491	0.73290941491741	449
0.048198009660274	0.470952990233888	704
0.063473657557236	0.507925612342817	70
0.01763654577387	0.441536831391427	60
0.084497030745063	0.58368145739329	19
-0.0384550952589881	0.414291169728785	96
0.00275232675068404	0.697803286426881	457
-0.041861878249689	0.630501710651017	643
0.063500690585278	0.50798896479976	643
0.048106601170115	0.471060653765222	457
0.048167513635818	0.471016343360915	457
-0.09751494297264	0.353113627072122	719
-0.01646904351221	0.663007436278576	91
-0.041824711396637	0.630454044297698	305
-0.0383344554852471	0.414193392330842	52
-0.09751494297264	0.353113627072122	396
-0.038575520499092	0.414353051058273	396
-0.075329265417905	0.599645011435276	182
0.063264431112624	0.508322918373419	182
0.048167513635818	0.471016343360915	182
-0.098554588996423	0.353709685597233	4
0.017807134329266	0.441473163114747	4
-0.0345162912909091	1.67477973203946	204
0.042779620341047	1.09245500997672	204
0.0966318504321359	0.659746051283924	732
0.115055366214585	0.797235917916143	266
0.07279918117315	1.479036272169	53
-0.016467382827036	0.663135102628169	687
-0.110464988288732	1.68263117941932	53
0.0122551085639721	1.22636909074256	423
-0.074190806397439	0.816425881774764	235
0.048205724416729	0.470910260347338	116
-0.0938470184670081	0.995547367050303	710
-0.102478205765596	0.785785640793822	479
0.040983370943716	0.80133427153077	479
0.063671556664227	0.507546615788665	479
0.017978153477464	0.441299012127764	797
-0.042052298639449	0.630656110813843	797
0.00292846101567901	0.697751766608455	60
-0.016334235224492	0.663007552598854	60
0.063172144305836	0.508381075212563	91
-0.038101962939554	0.414130609919789	91
0.00301090844837504	0.69733815905995	91
0.048167513635818	0.471016343360915	184
0.075365978735715	0.545352624230085	689
0.048289656759357	0.470470384506997	91
0.048205724416729	0.470910260347338	91
0.048091133154588	0.471042169258016	91
-0.098873389158817	0.353718585819526	83
0.048236200513971	0.470846950090697	52
-0.038473517099805	0.414356124603627	52
0.0845410928024371	0.583697557335818	763
0.075261538141902	0.545560938008652	763
-0.117990986055939	0.966817677468616	359
-0.042112702279816	0.630685418300134	763
-0.037747300096674	0.413595162312235	396
-0.041703977949106	0.63010119200323	763
-0.09751494297264	0.353113627072122	4
-0.038232305482405	0.414275835906919	4
-0.038222961863263	0.414264406349458	4
0.017792214528392	0.441468073086455	4
0.0751011590761021	0.545790922920221	182
-0.102711082516985	0.785806559178677	182
-0.0384550952589881	0.414291169728785	216
0.000954895041450965	1.59790176512193	46
0.042896590906472	1.09272636355506	46
-0.017070990318067	1.54753417267587	53
0.104321178927762	1.1894794636841	53
-0.057860765622217	1.43651346458132	53
0.047104453645244	1.37659574363974	53
0.033688121124229	1.31822727314817	53
-0.097833196182046	0.353207340512575	116
0.041116599462428	0.801052662885613	479
-0.102563147890518	0.785844565177501	479
-0.01699915306806	0.910092428209728	48
0.0480379278286071	0.471087613431695	479
-0.038343745757691	0.414362328106443	615
-0.033103821624906	0.879408976519987	449
-0.042089496111302	0.630754759552082	449
0.101878659940921	0.695428713102105	60
0.063421972840391	0.508127690026033	70
-0.016754893244363	0.909346851107779	60
-0.016255713429042	0.662862174171496	60
0.030238569722612	0.767560566360836	60
-0.075142928248916	0.599571444913089	60
-0.0384550952589881	0.414291169728785	96
0.048129316552884	0.471060482975925	91
0.063093297955259	0.508417242046547	91
-0.102648096435657	0.785782555930775	91
0.0751011590761021	0.545790922920221	184
-0.102437271138424	0.785639292487699	184
0.091164084470982	0.622299304766125	184
0.048167513635818	0.471016343360915	457
-0.075240015986526	0.599593248021543	457
-0.0939189378131891	0.995665967769638	689
0.063250955301187	0.508320544769257	91
0.017978153477464	0.441299012127764	91
0.048091133154588	0.471042169258016	91
0.017792214528392	0.441468073086455	91
0.075393192779485	0.545311820434884	305
-0.0980343570804339	0.353432748047731	83
0.048228532197089	0.470856745105674	52
-0.098554588996423	0.353709685597233	52
-0.038575520499092	0.414353051058273	52
-0.042270769526904	0.630654625976727	763
0.091253305477373	0.622188073930247	763
0.075125483390206	0.545425283454227	763
0.06288336579629	0.508310460211259	763
0.063448965253187	0.507971440785624	763
0.091250182351835	0.622152684934269	182
0.048167513635818	0.471016343360915	182
-0.041885092082105	0.630573386077958	182
-0.038222961863263	0.414264406349458	4
0.0480379278286071	0.471087613431695	182
0.046847745214417	1.77598373613954	522
0.0754055588421541	1.28173726136214	53
-0.034387136209401	1.67429762561932	53
0.096233521531621	1.1280653353776	53
-0.037990233828196	0.414043933099704	116
0.048045794888565	0.470997917343372	479
-0.038241631735444	0.41410029348193	615
0.084182350474447	0.583957697516659	449
-0.075240015986526	0.599593248021543	60
0.017921687581491	0.73290941491741	60
-0.102393270064865	0.785621271260328	60
0.018041660723745	0.441230120289073	149
-0.09751494297264	0.353113627072122	96
0.063356704764237	0.50818911175335	91
-0.075150817760178	0.599509934408343	184
0.084415246499077	0.583875515619935	184
-0.102749383920513	0.785736599318866	457
0.00294908055527099	0.697737592033022	457
-0.03812077431086	0.414038094571237	719
0.0177292753209	0.441490978820015	91
-0.0383344554852471	0.414193392330842	52
0.048121668982423	0.470978781688397	763
-0.102308340792268	0.785349622788333	763
-0.051767812830155	0.84809156874333	182
-0.075240015986526	0.599593248021543	182
0.018074615566919	0.732680480598904	182
0.00294908055527099	0.697737592033022	182
-0.00298129208053499	2.17074174778721	6
0.033584434204194	1.31873161063719	53
-0.036574710898405	1.49325635086908	53
0.072872586386494	0.927893000038633	3
0.042593565145398	1.0932935763921	3
0.106622013195796	0.730630751210004	48
0.091211792408884	0.622019672117386	479
0.017885151515488	0.441422043241892	615
0.017963326955765	0.441341043477748	615
-0.041982672273346	0.630647826107759	60
-0.041899059019307	0.63044304553037	60
-0.016175516073887	0.662673544333303	70
-0.041945482047303	0.630661225316363	70
-0.0980343570804339	0.353432748047731	149
-0.09751494297264	0.353113627072122	96
-0.097314325335099	0.352888726716764	184
0.017792214528392	0.441468073086455	184
-0.042005881270846	0.630719515069575	457
0.00314130593738404	0.697441333128085	457
0.047961455176503	0.470931543491463	457
-0.075142928248916	0.599571444913089	719
0.017978153477464	0.441299012127764	719
0.075126927980529	0.545745098121915	91
-0.075135049387965	0.599550836734038	91
-0.102563147890518	0.785844565177501	763
0.063264431112624	0.508322918373419	763
0.063250955301187	0.508320544769257	763
0.063356704764237	0.50818911175335	763
-0.102519190369605	0.785826602283405	763
0.063487175909114	0.507986633485621	763
0.018100545250654	0.732585978686206	182
0.048236200513971	0.470846950090697	182
0.017963326955765	0.441341043477748	182
0.063329730916325	0.508235697146491	182
0.11533853142785	0.796500881819781	46
0.124126091952116	0.933099419894389	46
-0.104514051382176	1.51729608426655	46
-0.057754982694575	1.43638502360008	53
0.081472728454559	1.30750511339665	53
0.118297983205813	0.830205112869221	3
-0.038111377288474	0.414177817025583	116
0.00282167911946096	0.697636429998626	69
0.00290412257635297	0.697717017964945	69
-0.118102472418451	0.967315391778114	479
-0.0749646380190711	0.599304485288219	479
-0.098873389158817	0.353718585819526	615
-0.10235235414452	0.785514109137052	449
-0.033082246161423	0.879402376658291	449
-0.074080622929075	0.816419155705699	60
-0.074980522559243	0.599024532960979	60
-0.075053757516349	0.59945569070679	60
0.048114455422043	0.470937287450026	60
0.048137044135346	0.471051609861451	184
0.063421972840391	0.508127690026033	184
-0.016335915718494	0.662959083307172	719
0.018198803524186	0.440897396086556	719
-0.042196318706183	0.63046137174687	91
-0.038353018666431	0.414337941238971	52
-0.098756633713589	0.353692019334519	52
-0.038222961863263	0.414264406349458	52
-0.075135049387965	0.599550836734038	763
0.048091133154588	0.471042169258016	763
0.04809882712395	0.471095771394012	763
-0.074883530439411	0.599049724278248	763
0.0177292753209	0.441490978820015	4
-0.098352883478491	0.353483822010577	4
-0.09771589802742	0.353095483927744	4
-0.075142928248916	0.599571444913089	43
0.096462343841655	1.12702755543954	46
0.059434998595287	0.864027587928604	46
0.059530513240229	0.864453179806545	46
0.106573090148683	0.730733618380338	46
0.072932361681287	0.927654472497311	46
0.00974520622145902	0.968309720767745	46
-0.054214530378175	1.04876192373251	46
0.060135739610773	1.43027982109191	53
-0.017115026338293	0.9099988067407	781
0.063041286660701	0.508381254265831	116
-0.098235856286303	0.353414829103439	285
-0.102541166752993	0.785872227558357	479
0.096352093835923	0.660124404292348	479
0.091339369202452	0.622085083749103	449
-0.0162011144783351	0.66270873611259	449
0.048205724416729	0.470910260347338	60
0.0912947995307271	0.622151746026057	60
0.075181351138205	0.545711507796161	60
-0.0163615331599321	0.663054207629342	60
-0.075150817760178	0.599509934408343	60
-0.097833196182046	0.353207340512575	545
0.096661977274501	0.659600224918448	91
0.0754204088045291	0.545223020806348	457
0.047931005417711	0.470886155986589	184
0.048091133154588	0.471042169258016	457
0.063394965740158	0.508064277585327	457
-0.098554588996423	0.353709685597233	184
-0.041922270637053	0.630589539613816	457
0.00296969497419597	0.697668597176143	457
0.030064978116923	0.767718023455184	457
-0.041959463063889	0.630501322211344	719
-0.041922270637053	0.630589539613816	91
0.075022388324281	0.545756932496765	91
-0.041945482047303	0.630661225316363	763
-0.037990233828196	0.414043933099704	17
-0.041861878249689	0.630501710651017	763
-0.074867619725942	0.599090428767936	763
0.084226307409407	0.583973930211519	182
0.063079844351383	0.508356092101914	182
-0.075329265417905	0.599645011435276	182
0.115400473638483	2.09885319524745	347
0.072578376784225	1.47964864936365	6
0.041011352635689	0.801273952586243	46
-0.10448907775794	1.51718742560767	46
-0.087339119045534	2.17586632269146	53
-0.016390501986155	0.66262685981586	781
0.026330207901317	1.28992680973239	3
0.048068364212171	0.4711048335323	116
0.00324828705636504	0.697087935571018	479
-0.0420430831368011	0.630677137943554	479
-0.099075640655895	0.353944854479088	615
-0.117970546668315	0.966834586262337	449
0.00307849189864695	0.697565218519348	449
0.096311348741677	0.65991295681284	60
0.075075383686997	0.545765523362656	60
-0.038473517099805	0.414356124603627	545
-0.038241631735444	0.41410029348193	96
-0.0980343570804339	0.353432748047731	96
0.017792214528392	0.441468073086455	91
0.017900032419528	0.441350213980641	91
0.017807134329266	0.441473163114747	184
0.017885151515488	0.441422043241892	184
-0.041824711396637	0.630454044297698	91
-0.0384550952589881	0.414291169728785	719
0.048205724416729	0.470910260347338	719
0.063172144305836	0.508381075212563	91
0.063329730916325	0.508235697146491	91
0.048205724416729	0.470910260347338	763
0.048114455422043	0.470937287450026	763
-0.041680756795035	0.630029596921293	182
-0.098352883478491	0.353483822010577	4
-0.098554588996423	0.353709685597233	4
0.072718300793578	0.927992471181437	46
-0.00392092276913703	1.1627480034066	53
0.111167458294377	0.764219793324189	781
0.073149692336927	0.927072644055437	781
0.112894819265353	1.24553852773712	53
0.111143784149882	0.764230476341464	3
-0.051523434977558	0.847573144561789	235
-0.038232305482405	0.414275835906919	116
-0.051543761004776	0.847560701678273	479
-0.03812077431086	0.414038094571237	615
-0.098235856286303	0.353414829103439	615
0.00275232675068404	0.697803286426881	60
0.084581942720471	0.583588716949427	60
-0.0752164506176301	0.599532139278292	60
0.084497030745063	0.58368145739329	449
-0.102541166752993	0.785872227558357	60
0.00316339246913699	0.697370404864275	60
0.017885151515488	0.441422043241892	60
-0.102648096435657	0.785782555930775	60
-0.051940826616506	0.848240845915733	60
-0.098235856286303	0.353414829103439	96
-0.016255713429042	0.662862174171496	91
0.018120152890429	0.441085742998587	184
-0.037990233828196	0.414043933099704	184
0.075208565707402	0.545622611509452	457
0.063027853296225	0.50843016111244	457
0.0752328629001901	0.545597783452129	457
0.096809608574809	0.659451270898266	91
0.018041660723745	0.441230120289073	763
-0.016441749899156	0.663094658546721	182
-0.016441749899156	0.663094658546721	182
-0.038111377288474	0.414177817025583	4
-0.038464314880281	0.414424326723021	4
0.018056432898871	0.441217944876616	4
-0.0980343570804339	0.353432748047731	4
-0.075158717915544	0.599291194086621	182
-0.032600892643303	1.29915370337055	561
-0.093817956399095	0.995506580891877	3
0.084374282001252	0.583870435607684	235
0.115155441411135	0.797063532308475	235
-0.098756633713589	0.353692019334519	116
0.0844592481269	0.583706954287991	116
0.00305641110687505	0.697581345058754	479
-0.09751494297264	0.353113627072122	615
-0.098554588996423	0.353709685597233	615
-0.041620401615912	0.629770886646146	60
0.075154138563505	0.545752345612659	60
0.063264431112624	0.508322918373419	60
0.0177292753209	0.441490978820015	545
0.048060623814151	0.471077472243728	96
-0.038111377288474	0.414177817025583	96
-0.038111377288474	0.414177817025583	96
-0.038111377288474	0.414177817025583	96
0.017978153477464	0.441299012127764	91
0.017744265090916	0.441342441812926	184
0.0632239926739731	0.508077772422836	184
-0.016228414967052	0.662815534712448	91
-0.075329265417905	0.599645011435276	457
-0.038584669491101	0.414442391647873	91
-0.075500123262625	0.599709285586044	91
-0.041991904254684	0.630597832764327	91
-0.016310304284051	0.662761454214825	52
0.04809882712395	0.471095771394012	763
0.063329730916325	0.508235697146491	763
-0.0752164506176301	0.599532139278292	763
-0.042126707406141	0.630748496181635	182
0.048129316552884	0.471060482975925	182
0.017885151515488	0.441422043241892	182
-0.098756633713589	0.353692019334519	4
0.018056432898871	0.441217944876616	43
-0.03812077431086	0.414038094571237	43
-0.03297809836905	1.29989945545851	46
0.067056380727638	0.895268894222239	46
0.012330050543035	1.22647850217274	53
0.113558519408782	1.24353967443014	53
0.048521647162403	1.1261314764893	53
-0.055323345977774	1.24000943521945	561
0.036350904846835	1.06022549809991	561
-0.069075493968733	1.2122241130843	3
0.078004316141234	0.960301077077692	3
-0.02514350837987	1.10362027605932	3
-0.075240015986526	0.599593248021543	116
0.075126927980529	0.545745098121915	60
0.0480761847510181	0.471043419126657	60
0.0178702860833611	0.441387161072424	60
0.017792214528392	0.441468073086455	70
0.017963326955765	0.441341043477748	70
0.048167513635818	0.471016343360915	60
0.063079844351383	0.508356092101914	149
-0.09771589802742	0.353095483927744	96
0.048167513635818	0.471016343360915	91
-0.075158717915544	0.599291194086621	184
-0.0383344554852471	0.414193392330842	184
0.017822069649896	0.441368127807516	184
-0.09771589802742	0.353095483927744	91
0.048129316552884	0.471060482975925	719
0.063014416275205	0.508427756633545	719
0.017792214528392	0.441468073086455	91
0.048228532197089	0.470856745105674	52
-0.038222961863263	0.414264406349458	763
-0.098554588996423	0.353709685597233	763
0.0177143011176401	0.441519104636812	182
0.0178702860833611	0.441387161072424	4
-0.038101962939554	0.414130609919789	4
-0.0980343570804339	0.353432748047731	4
0.017885151515488	0.441422043241892	4
-0.038222961863263	0.414264406349458	410
0.010867029347423	1.44783344871047	46
-0.026726995999552	1.5207162886818	53
0.059237536258994	1.19096519449917	53
0.121257058880107	1.29968820679649	53
0.048883800601397	1.1249493158904	53
-0.014256410410488	1.3600753700596	781
0.050729617714078	0.833507949359797	3
0.018008252664161	0.732785272210026	479
0.048137044135346	0.471051609861451	479
0.048205724416729	0.470910260347338	615
0.059695491568307	0.864221866407514	60
0.091274054880803	0.622191717871612	449
-0.041922270637053	0.630589539613816	60
-0.074948796019937	0.599181802999873	60
0.017963326955765	0.441341043477748	70
-0.118259668163957	0.967587127371435	60
-0.016359856860222	0.662954716710527	60
-0.10258513378082	0.785727272580979	60
0.063291371738374	0.508166632881355	60
0.063527708915473	0.507832764068333	60
-0.038343745757691	0.414362328106443	96
-0.097314325335099	0.352888726716764	96
-0.075321423367854	0.599706575982585	184
0.096636748414928	0.659827762496698	184
-0.038101962939554	0.414130609919789	184
0.0178702860833611	0.441387161072424	91
-0.041861878249689	0.630501710651017	91
0.017978153477464	0.441299012127764	91
0.091360124316574	0.622045105168558	457
-0.117884163207924	0.966474758942161	457
-0.098554588996423	0.353709685597233	91
-0.041968693252402	0.630667165648645	763
-0.074318286925268	0.816704759460399	763
0.063199066387906	0.508334523103492	763
0.017978153477464	0.441299012127764	763
-0.041824711396637	0.630454044297698	182
0.075126927980529	0.545745098121915	182
0.0177143011176401	0.441519104636812	4
0.017807134329266	0.441473163114747	4
-0.038232305482405	0.414275835906919	43
-0.037999701638591	0.413940026884914	410
0.100403815976936	1.15859216622293	46
0.019385116881352	1.25828412338833	53
-0.093940344114945	0.995592818383262	3
0.115189970797891	0.79695371698568	69
-0.051523434977558	0.847573144561789	69
-0.096996344736511	0.352712982272515	615
0.0178702860833611	0.441387161072424	615
-0.102541166752993	0.785872227558357	60
0.048137044135346	0.471051609861451	60
-0.042089496111302	0.630754759552082	60
0.084688893688887	0.583361206761243	60
0.063316238487333	0.508174597084697	60
0.017963326955765	0.441341043477748	70
0.0751011590761021	0.545790922920221	70
-0.075232150203982	0.599654790054676	70
0.048045794888565	0.470997917343372	149
-0.041787558524264	0.63030518261539	545
-0.099075640655895	0.353944854479088	96
-0.09751494297264	0.353113627072122	96
0.048167513635818	0.471016343360915	721
0.017885151515488	0.441422043241892	184
0.018228146026064	0.44085949939863	91
0.048106601170115	0.471060653765222	457
0.00301461825294003	0.697663368297709	457
-0.041899059019307	0.63044304553037	91
0.04809882712395	0.471095771394012	91
0.048030140972728	0.471086554526434	52
0.0177143011176401	0.441519104636812	52
0.075260074216374	0.545605022666558	763
-0.074232160893451	0.816656260054727	763
-0.0164930216918751	0.663087724450388	182
0.063120194180064	0.508370712672486	182
0.047923057890917	0.470860675959319	43
0.048068364212171	0.4711048335323	43
-0.046672067731134	1.46433532379312	53
-0.03262079270441	1.29905291109107	561
-0.085106733262592	1.1859682922145	3
0.048106601170115	0.471060653765222	116
-0.0980343570804339	0.353432748047731	285
0.0912947995307271	0.622151746026057	69
-0.075142928248916	0.599571444913089	775
-0.038222961863263	0.414264406349458	411
-0.102604151174065	0.785927542903538	479
0.075207110278836	0.545690657241514	60
-0.041861878249689	0.630501710651017	60
0.084352289404545	0.58393081140269	60
-0.0752164506176301	0.599532139278292	60
-0.01630861954926	0.662972643880192	70
0.091274054880803	0.622191717871612	60
0.075072512778609	0.5454869291129	70
0.0480761847510181	0.471043419126657	60
0.048129316552884	0.471060482975925	60
0.075260074216374	0.545605022666558	91
0.048167513635818	0.471016343360915	184
0.017792214528392	0.441468073086455	91
0.063343219674838	0.508238057982816	91
-0.0752164506176301	0.599532139278292	457
0.0479996846415251	0.471069360153076	719
-0.075135049387965	0.599550836734038	457
-0.074252845534053	0.816670451212182	457
0.063316238487333	0.508174597084697	457
-0.037990233828196	0.414043933099704	91
0.018041660723745	0.441230120289073	91
-0.038353018666431	0.414337941238971	91
0.084223335911574	0.58385482272296	91
0.063158677768567	0.508319933207446	91
0.017792214528392	0.441468073086455	52
-0.074867619725942	0.599090428767936	763
-0.074980522559243	0.599024532960979	52
0.0479996846415251	0.471069360153076	17
-0.038232305482405	0.414275835906919	4
0.048159832487555	0.470997103993803	4
0.017792214528392	0.441468073086455	4
-0.09771589802742	0.353095483927744	4
-0.099075640655895	0.353944854479088	43
0.101777656499363	0.695831553098791	46
0.0302746101922871	0.76738464964987	46
0.0470840752141261	1.37657034413537	53
0.100431155874547	1.15862259935435	53
-0.069070755109138	1.4071052541852	53
-0.081488500520004	1.37770759022718	53
0.048060623814151	0.471077472243728	116
-0.0750458549234641	0.599435065359958	411
-0.075053757516349	0.59945569070679	411
-0.097314325335099	0.352888726716764	615
0.0752328629001901	0.545597783452129	60
0.017807134329266	0.441473163114747	60
0.017933720144475	0.441049099583088	60
-0.098352883478491	0.353483822010577	545
-0.0980343570804339	0.353432748047731	91
-0.038353018666431	0.414337941238971	184
0.048198009660274	0.470952990233888	184
-0.074867619725942	0.599090428767936	184
0.063250955301187	0.508320544769257	91
-0.041945482047303	0.630661225316363	91
0.063237475822118	0.508259419397331	91
-0.0980343570804339	0.353432748047731	83
0.048129316552884	0.471060482975925	52
-0.098873389158817	0.353718585819526	52
0.0178702860833611	0.441387161072424	52
0.048198009660274	0.470952990233888	182
0.075128371293633	0.5457500837636	182
0.017807134329266	0.441473163114747	4
-0.038353018666431	0.414337941238971	4
0.036685340072988	1.05925773849776	46
0.030166210951231	0.767669262259195	46
-0.072806187928571	1.02259290000407	46
0.018014007904996	0.732649433554209	46
-0.02511194408506	1.10349644824355	53
0.082131041014178	0.994096329868063	781
-0.118975437341576	1.48996262245738	3
0.091036540068653	0.622324586594689	116
-0.038343745757691	0.414362328106443	775
-0.075053757516349	0.59945569070679	411
0.03008670137049	0.767741789537337	479
-0.038111377288474	0.414177817025583	615
0.0965910856076549	0.659917412289735	60
0.101597096157761	0.696299714495301	60
-0.0332413060537901	0.879597911233598	60
0.017921687581491	0.73290941491741	556
0.00303524391238197	0.69759436484439	60
0.075207110278836	0.545690657241514	60
-0.041908305713741	0.630579329942369	70
-0.041861878249689	0.630501710651017	70
0.048205724416729	0.470910260347338	70
-0.038584669491101	0.414442391647873	70
0.063421972840391	0.508127690026033	91
0.00307849189864695	0.697565218519348	91
0.01814960398396	0.440970472276922	184
0.048190374916138	0.470900828404984	91
0.017978153477464	0.441299012127764	91
-0.051589579730977	0.847760717326087	457
0.048159832487555	0.470997103993803	457
0.01763654577387	0.441536831391427	457
0.017807134329266	0.441473163114747	91
-0.041991904254684	0.630597832764327	91
0.048228532197089	0.470856745105674	52
0.017963326955765	0.441341043477748	52
0.00301461825294003	0.697663368297709	763
-0.099597513992659	0.354101235493265	17
-0.016283009867109	0.662848621894492	763
-0.098352883478491	0.353483822010577	182
0.048167513635818	0.471016343360915	182
-0.038232305482405	0.414275835906919	4
-0.099597513992659	0.354101235493265	4
-0.038111377288474	0.414177817025583	43
0.115055366214585	0.797235917916143	46
-0.069186657389991	1.40723635091424	53
-0.081900149097539	1.37878496998346	53
0.017963326955765	0.441341043477748	781
0.096241882481178	1.12805876905211	53
-0.00281607458670596	0.939220327258384	3
0.059607363570782	0.864470326401724	3
-0.104157010553341	1.16198593462387	3
-0.10277131203293	0.785855370336872	116
0.048137044135346	0.471051609861451	116
0.017792214528392	0.441468073086455	775
-0.038213600919535	0.414059767247702	615
-0.033255464639919	0.879557123819165	556
-0.017009569967118	0.909974685050655	556
0.0753115565810441	0.545279452740278	60
-0.01630861954926	0.662972643880192	556
0.075155585509051	0.545661184705511	60
0.048205724416729	0.470910260347338	70
-0.016414454254694	0.663108225094003	70
0.084352289404545	0.58393081140269	70
0.063394965740158	0.508064277585327	60
0.017978153477464	0.441299012127764	149
-0.038222961863263	0.414264406349458	184
-0.074972574974717	0.599243066457034	184
0.075447626813576	0.545075580821755	91
-0.098352883478491	0.353483822010577	91
0.017885151515488	0.441422043241892	91
-0.016334235224492	0.663007552598854	457
-0.075119323641709	0.599193489684866	457
0.063329730916325	0.508235697146491	457
-0.038111377288474	0.414177817025583	91
-0.099075640655895	0.353944854479088	52
-0.0754029400831731	0.599705268512402	763
0.017900032419528	0.441350213980641	17
-0.038111377288474	0.414177817025583	43
-0.098756633713589	0.353692019334519	4
-0.075053757516349	0.59945569070679	43
-0.09771589802742	0.353095483927744	4
0.017963326955765	0.441341043477748	4
0.040944737369518	0.801367041113006	46
-0.0816327630625851	1.37807705458526	46
-0.047044940123052	1.46534143595524	46
-0.0542619695375231	1.04893532349883	46
0.120726857246421	0.863837448394153	46
0.069990848799571	1.25230661659655	53
-0.00396091450672498	1.16293670207812	781
-0.02327721058197	1.33054416894145	561
0.124277886347048	0.932493596536897	561
-0.036661236215955	1.49358870531594	53
-0.00376551777384104	1.16217727351812	53
0.0843302922197891	0.583946577934216	775
-0.03812077431086	0.414038094571237	775
0.048106601170115	0.471060653765222	411
0.00307849189864695	0.697565218519348	411
-0.038232305482405	0.414275835906919	615
-0.098554588996423	0.353709685597233	615
-0.037878413463182	0.41380613890332	615
-0.038101962939554	0.414130609919789	615
0.063316238487333	0.508174597084697	615
0.101314356859314	0.696380152187252	60
0.048159832487555	0.470997103993803	70
0.048137044135346	0.471051609861451	70
0.075208565707402	0.545622611509452	70
-0.038111377288474	0.414177817025583	149
0.063435470882058	0.508078747495984	149
-0.041931519146898	0.630510016423755	91
-0.016440085400675	0.663088444368722	91
0.063356704764237	0.50818911175335	91
0.091122632222559	0.622335582429877	91
0.063356704764237	0.50818911175335	184
0.048159832487555	0.470997103993803	91
0.075179899331267	0.545683412508346	457
0.063448965253187	0.507971440785624	457
-0.0750458549234641	0.599435065359958	457
-0.102456218495276	0.785740006128746	91
0.063514201586973	0.507940032132344	763
-0.075313591982397	0.599686009158765	763
-0.07436308791146	0.816694713454337	763
-0.0383344554852471	0.414193392330842	4
0.01821346711955	0.440962554763671	4
-0.03812077431086	0.414038094571237	768
-0.038353018666431	0.414337941238971	43
-0.038232305482405	0.414275835906919	43
-0.038343745757691	0.414362328106443	43
0.02508275165151	1.66885767629483	6
0.118220776949686	0.830339124687948	46
0.030187946152239	0.767645000664507	46
0.048751112061447	1.57305958271153	53
0.048725332264368	1.57321080632214	53
0.064724575015896	1.22172090488984	53
-0.0954355175052291	1.34859285377169	781
0.066766185126239	0.896125818164472	3
0.048175274861663	0.470945497752617	116
0.017807134329266	0.441473163114747	116
-0.038232305482405	0.414275835906919	116
0.084666848488965	0.583421581205999	69
0.017792214528392	0.441468073086455	775
0.018120152890429	0.441085742998587	411
-0.075135049387965	0.599550836734038	60
0.030238569722612	0.767560566360836	556
0.075260074216374	0.545605022666558	60
0.030216828572321	0.767608928160328	556
-0.01630861954926	0.662972643880192	70
-0.042126707406141	0.630748496181635	70
0.063408471126852	0.508125343240681	70
-0.102500197789548	0.785757997478442	70
0.084456162756553	0.583813760351764	60
-0.075224295078979	0.599634201404957	149
0.048167513635818	0.471016343360915	149
-0.075127181183508	0.599448766878507	149
-0.09751494297264	0.353113627072122	545
-0.0383344554852471	0.414193392330842	91
0.048198009660274	0.470952990233888	91
-0.075053757516349	0.59945569070679	91
0.063500690585278	0.50798896479976	91
-0.016414454254694	0.663108225094003	184
0.063185607178434	0.508383460359442	91
0.047938851552826	0.470945196729944	91
0.0631067478976231	0.508419637507065	457
0.063291371738374	0.508166632881355	91
-0.042075507015257	0.63043234066648	52
-0.0752164506176301	0.599532139278292	52
0.017792214528392	0.441468073086455	52
0.075288755062965	0.545413343996195	17
-0.075224295078979	0.599634201404957	182
0.00301461825294003	0.697663368297709	182
-0.098873389158817	0.353718585819526	768
-0.038473517099805	0.414356124603627	4
-0.098756633713589	0.353692019334519	43
0.0480761847510181	0.471043419126657	4
-0.038111377288474	0.414177817025583	410
-0.032726391864074	1.29904309930249	46
0.063237475822118	0.508259419397331	46
-0.00419778051346398	1.16322815191047	46
0.10177008095369	0.695722518563332	46
0.0920585193065681	1.3620334165402	53
0.096484123829472	1.12742434747928	53
-0.00403473896625695	1.16311739443502	53
0.017792214528392	0.441468073086455	116
0.018041660723745	0.441230120289073	411
-0.09751494297264	0.353113627072122	411
0.00290412257635297	0.697717017964945	411
0.018071220485707	0.441051573299806	411
0.084522203630556	0.583629406919959	479
-0.0980343570804339	0.353432748047731	615
-0.016600557268298	0.663091087595214	60
0.075234323214785	0.545649823465162	60
0.063487175909114	0.507986633485621	70
-0.01630861954926	0.662972643880192	70
-0.016573262377946	0.663104637362673	70
0.0177143011176401	0.441519104636812	70
-0.0754107477259231	0.59972581114889	70
0.074969385211641	0.545722332536396	60
0.084352289404545	0.58393081140269	91
-0.075240015986526	0.599593248021543	91
-0.099597513992659	0.354101235493265	721
-0.0980343570804339	0.353432748047731	721
0.075102597552793	0.545676629601899	91
-0.042089496111302	0.630754759552082	184
0.063264431112624	0.508322918373419	457
0.063408471126852	0.508125343240681	457
0.018071220485707	0.441051573299806	91
-0.038584669491101	0.414442391647873	52
-0.0980343570804339	0.353432748047731	570
-0.098235856286303	0.353414829103439	4
-0.096996344736511	0.352712982272515	768
-0.098235856286303	0.353414829103439	768
-0.038101962939554	0.414130609919789	43
-0.098235856286303	0.353414829103439	43
0.059423724842524	0.864468192234261	46
0.050685245403709	0.833533103494018	53
0.115086391559744	0.797222764842826	53
0.037789492570716	1.71854511294542	274
0.019532561261641	1.25809224924181	53
-0.054329830166962	1.04906238465438	53
-0.025248890193054	1.10377188120893	3
0.00292846101567901	0.697751766608455	69
0.063356704764237	0.50818911175335	69
0.048129316552884	0.471060482975925	775
0.0176215327131241	0.441435638108329	411
0.0631067478976231	0.508419637507065	411
-0.037999701638591	0.413940026884914	615
-0.0332702735377191	0.879505439851604	556
0.096545392504077	0.659943711696897	556
-0.016547614007605	0.663120820841962	60
0.00311921498448697	0.697457472057385	60
-0.075061670752121	0.599394220982401	60
0.017963326955765	0.441341043477748	149
0.017948515857331	0.441276325037825	60
-0.0380925313061919	0.413882409633952	91
-0.038111377288474	0.414177817025583	721
0.017978153477464	0.441299012127764	721
0.048091133154588	0.471042169258016	91
-0.041945482047303	0.630661225316363	91
0.075075383686997	0.545765523362656	91
0.048137044135346	0.471051609861451	91
0.063120194180064	0.508370712672486	91
0.048045794888565	0.470997917343372	91
-0.074056657166924	0.81638992795693	91
-0.038101962939554	0.414130609919789	83
-0.038464314880281	0.414424326723021	52
0.048060623814151	0.471077472243728	52
-0.0749646380190711	0.599304485288219	763
0.063435470882058	0.508078747495984	763
0.017963326955765	0.441341043477748	763
0.018056432898871	0.441217944876616	763
0.017948515857331	0.441276325037825	43
0.075126927980529	0.545745098121915	43
0.017699342444723	0.441384704650949	182
-0.038464314880281	0.414424326723021	4
-0.098554588996423	0.353709685597233	410
0.096527948656722	1.12730614632357	46
0.028848829570998	1.0287934017144	46
0.0480761847510181	0.471043419126657	781
0.063093297955259	0.508417242046547	116
-0.118016071398683	0.967038954841115	479
0.0912947995307271	0.622151746026057	556
0.096438556878078	0.660098329044915	60
-0.051676052804985	0.847904396814613	556
0.04809882712395	0.471095771394012	70
-0.075053757516349	0.59945569070679	70
-0.016441749899156	0.663094658546721	70
-0.098235856286303	0.353414829103439	70
0.017885151515488	0.441422043241892	70
0.075207110278836	0.545690657241514	60
0.017807134329266	0.441473163114747	149
-0.038464314880281	0.414424326723021	545
-0.075135049387965	0.599550836734038	91
0.048083519131537	0.470840918920392	721
-0.038213600919535	0.414059767247702	721
-0.098554588996423	0.353709685597233	721
0.075367459696125	0.545363877292345	91
0.063027853296225	0.50843016111244	91
0.0177143011176401	0.441519104636812	91
-0.102560224930624	0.785763063942108	457
-0.041945482047303	0.630661225316363	457
0.0751011590761021	0.545790922920221	457
-0.041801495132781	0.63038238662287	457
0.0178702860833611	0.441387161072424	91
-0.016281321352695	0.662925995029655	91
-0.097314325335099	0.352888726716764	83
0.017807134329266	0.441473163114747	52
0.0752328629001901	0.545597783452129	43
-0.038353018666431	0.414337941238971	4
-0.0383344554852471	0.414193392330842	43
-0.0693037097653621	1.21263237100206	46
-0.102393270064865	0.785621271260328	46
0.042654393192453	1.09330881383495	53
0.010017534606832	1.62065289809755	53
0.072981235698573	0.927656246324498	235
-0.097833196182046	0.353207340512575	116
0.063421972840391	0.508127690026033	411
-0.0980343570804339	0.353432748047731	615
0.096616353695589	0.659805884953559	60
0.00316339246913699	0.697370404864275	556
0.096789205661196	0.659515020496852	556
-0.0384550952589881	0.414291169728785	70
-0.0752164506176301	0.599532139278292	70
-0.073946722165788	0.815989994097617	70
0.075154138563505	0.545752345612659	70
0.063435470882058	0.508078747495984	70
-0.038464314880281	0.414424326723021	70
0.048243948908962	0.47068770486424	70
-0.042135908239007	0.630461653713601	149
-0.099075640655895	0.353944854479088	96
0.017978153477464	0.441299012127764	184
0.017807134329266	0.441473163114747	91
0.048083519131537	0.470840918920392	91
0.10163381037469	0.69608572125241	457
-0.038584669491101	0.414442391647873	457
0.048228532197089	0.470856745105674	457
-0.074056657166924	0.81638992795693	457
0.091339369202452	0.622085083749103	457
-0.118497826569639	0.967531092595145	91
-0.10277131203293	0.785855370336872	91
-0.075321423367854	0.599706575982585	52
0.017885151515488	0.441422043241892	52
0.063316238487333	0.508174597084697	52
0.01763654577387	0.441536831391427	52
-0.038343745757691	0.414362328106443	52
-0.038353018666431	0.414337941238971	52
0.063079844351383	0.508356092101914	763
-0.074875569768949	0.599111080191056	763
-0.038704809852949	0.414366420072622	17
0.063527708915473	0.507832764068333	570
0.017885151515488	0.441422043241892	43
0.037329497181676	2.41834619147271	6
0.092870693106388	1.09498305156858	46
0.0845410928024371	0.583697557335818	46
0.0913808746746611	0.621961471167152	781
-0.075150817760178	0.599509934408343	781
0.077971876272029	0.960424234314509	3
-0.03775690953188	0.413628552068713	116
-0.038353018666431	0.414337941238971	116
0.017651574411606	0.441465173551282	775
-0.051594818189553	0.847572566910036	411
0.0177888935137011	0.732994395968385	411
-0.102730190262548	0.785943353413654	411
-0.102393270064865	0.785621271260328	411
0.0181409619267811	0.73254991886232	479
0.018054415695141	0.732724845641667	556
0.041088586376288	0.801159832729146	556
0.0913808746746611	0.621961471167152	556
0.096352396025853	0.66007976754343	556
0.017900032419528	0.441350213980641	70
-0.038232305482405	0.414275835906919	70
-0.074318286925268	0.816704759460399	70
0.0751011590761021	0.545790922920221	149
-0.0980343570804339	0.353432748047731	721
0.018134870756271	0.441106968732687	91
0.075179899331267	0.545683412508346	184
-0.102456218495276	0.785740006128746	91
0.075261538141902	0.545560938008652	91
0.048190374916138	0.470900828404984	91
0.017807134329266	0.441473163114747	457
0.04809882712395	0.471095771394012	457
0.00279733770240898	0.697822392172466	91
0.084456162756553	0.583813760351764	91
0.018041660723745	0.441230120289073	52
-0.051569263035344	0.847710839351726	763
0.0751011590761021	0.545790922920221	763
0.06357937288619	0.507816047405359	763
0.017651574411606	0.441465173551282	763
-0.074956711698704	0.599283845361732	763
-0.038232305482405	0.414275835906919	17
0.018056432898871	0.441217944876616	570
0.096611469191095	0.659853640291209	182
-0.038222961863263	0.414264406349458	43
-0.0980343570804339	0.353432748047731	43
0.113892449173468	1.52653998512607	6
0.048330751621239	1.12640434834155	46
-0.075313591982397	0.599686009158765	46
0.089493006270521	1.06098466777405	46
-0.068970068391718	1.21177216896919	46
0.066842026822883	0.895936218169302	53
-0.111950776076368	1.32454725630751	53
0.042310495225135	1.54792402700437	53
-0.00263914845351998	0.939267867914455	781
0.115086391559744	0.797222764842826	53
0.058947475483081	1.19079397008548	53
0.114917325931424	0.797165991848881	3
0.048121668982423	0.470978781688397	411
-0.038464314880281	0.414424326723021	775
-0.074166731286506	0.816592436654914	411
-0.09751494297264	0.353113627072122	615
-0.09751494297264	0.353113627072122	615
-0.097833196182046	0.353207340512575	615
-0.102393270064865	0.785621271260328	556
-0.10235235414452	0.785514109137052	556
0.091360124316574	0.622045105168558	556
0.017963326955765	0.441341043477748	70
0.075048171822478	0.545806361158126	70
0.048266703141926	0.470750763953156	149
-0.03775690953188	0.413628552068713	545
-0.09771589802742	0.353095483927744	96
-0.098352883478491	0.353483822010577	721
0.04809882712395	0.471095771394012	91
-0.038222961863263	0.414264406349458	91
-0.038241631735444	0.41410029348193	91
0.075231401238646	0.545228356288791	91
-0.038232305482405	0.414275835906919	91
0.075208565707402	0.545622611509452	457
-0.102330345091486	0.785468465244391	457
0.048175274861663	0.470945497752617	457
0.048175274861663	0.470945497752617	457
-0.075150817760178	0.599509934408343	91
0.063041286660701	0.508381254265831	91
-0.102645204396027	0.785905962761285	91
-0.098873389158817	0.353718585819526	83
-0.098554588996423	0.353709685597233	52
-0.038232305482405	0.414275835906919	763
-0.038222961863263	0.414264406349458	17
-0.10258218567443	0.785881930049397	182
-0.0164930216918751	0.663087724450388	43
-0.038222961863263	0.414264406349458	4
-0.098235856286303	0.353414829103439	768
-0.098235856286303	0.353414829103439	4
0.063343219674838	0.508238057982816	43
-0.038101962939554	0.414130609919789	410
-0.069120821635592	1.40712225704012	46
-0.096723193548716	1.70634837232213	53
0.0178702860833611	0.441387161072424	116
-0.038222961863263	0.414264406349458	116
-0.098352883478491	0.353483822010577	116
-0.01649467821567	0.663121538181514	69
0.063343219674838	0.508238057982816	411
0.01763654577387	0.441536831391427	411
-0.097314325335099	0.352888726716764	411
-0.037999701638591	0.413940026884914	615
0.017948515857331	0.441276325037825	615
0.096595956617314	0.659733843485714	556
0.030419306865225	0.76711809415928	556
0.0843932388020811	0.583891294044359	556
0.091205517729931	0.622083216009459	556
0.017885151515488	0.441422043241892	70
0.075128371293633	0.5457500837636	70
0.075154138563505	0.545752345612659	70
0.048091133154588	0.471042169258016	70
-0.038111377288474	0.414177817025583	721
-0.037999701638591	0.413940026884914	91
-0.041847927464025	0.630459992763821	91
0.063435470882058	0.508078747495984	91
0.00305586444910799	0.697466632412004	91
-0.098352883478491	0.353483822010577	83
-0.099597513992659	0.354101235493265	83
-0.098756633713589	0.353692019334519	83
-0.098352883478491	0.353483822010577	52
-0.075150817760178	0.599509934408343	17
-0.098554588996423	0.353709685597233	17
0.063592896855361	0.507767132033222	182
0.0175438809371939	0.441453292209616	43
0.073813028886753	1.74389779856666	6
-0.085321107331087	1.18667143671101	46
-0.00744711319971003	1.57039305823743	53
-0.0549558194001391	1.23860823052759	53
-0.084568496617795	1.73272987976181	53
-0.00401012307204895	1.16311044308567	561
0.0485058289579881	1.57366373167489	561
0.048632269315422	1.12588598875665	53
-0.013651671104456	1.35783963934664	53
0.050685245403709	0.833533103494018	235
0.048129316552884	0.471060482975925	116
0.018041660723745	0.441230120289073	116
0.017963326955765	0.441341043477748	411
-0.0384550952589881	0.414291169728785	775
-0.074146040742489	0.816512466993869	411
-0.075053757516349	0.59945569070679	411
0.075179899331267	0.545683412508346	411
-0.0938470184670081	0.995547367050303	479
-0.098873389158817	0.353718585819526	615
0.0845410928024371	0.583697557335818	556
0.075285818681739	0.545486301742271	556
0.0480379278286071	0.471087613431695	70
-0.075158717915544	0.599291194086621	70
0.017699342444723	0.441384704650949	70
-0.075313591982397	0.599686009158765	149
0.0178702860833611	0.441387161072424	91
0.048198009660274	0.470952990233888	91
0.063172144305836	0.508381075212563	91
-0.102500197789548	0.785757997478442	91
-0.074875569768949	0.599111080191056	91
-0.042112702279816	0.630685418300134	91
0.048137044135346	0.471051609861451	91
-0.10235235414452	0.785514109137052	91
0.04821351931622	0.470722899920714	457
-0.0750458549234641	0.599435065359958	457
0.01777731021038	0.441303913539979	457
0.048198009660274	0.470952990233888	91
-0.098554588996423	0.353709685597233	83
-0.097833196182046	0.353207340512575	83
-0.038464314880281	0.414424326723021	83
-0.097833196182046	0.353207340512575	83
0.063237475822118	0.508259419397331	763
-0.038232305482405	0.414275835906919	17
0.017978153477464	0.441299012127764	17
-0.075224295078979	0.599634201404957	43
-0.038343745757691	0.414362328106443	4
0.0751011590761021	0.545790922920221	43
-0.038575520499092	0.414353051058273	43
-0.09751494297264	0.353113627072122	410
0.036107292621169	1.06054139591346	53
-0.104519338790327	1.51719174193665	53
-0.085438160384811	1.18668464246884	561
0.033462992565612	1.31921556232475	561
0.06456852115564	1.22223770800787	53
0.124564820208279	0.931669789046667	53
0.07805369751548	0.960235372163707	3
-0.038353018666431	0.414337941238971	116
-0.041959463063889	0.630501322211344	69
0.04809882712395	0.471095771394012	411
0.018026903922419	0.441132034202971	615
0.00284229766136301	0.697755670727159	556
-0.054312561833166	1.04880772418311	556
-0.051721916884086	0.848043425468633	556
-0.074166731286506	0.816592436654914	556
0.096763971359881	0.65950094455796	556
-0.10235235414452	0.785514109137052	60
0.017885151515488	0.441422043241892	149
0.048068364212171	0.4711048335323	91
0.063500690585278	0.50798896479976	184
-0.0749646380190711	0.599304485288219	91
0.063500690585278	0.50798896479976	91
-0.016281321352695	0.662925995029655	457
-0.074956711698704	0.599283845361732	91
0.048205724416729	0.470910260347338	91
0.048175274861663	0.470945497752617	52
0.048060623814151	0.471077472243728	763
-0.038473517099805	0.414356124603627	17
-0.038101962939554	0.414130609919789	17
-0.0740152277652561	0.816295717198775	43
0.0751011590761021	0.545790922920221	182
0.063133636804223	0.508263388565242	43
0.048198009660274	0.470952990233888	43
-0.038213600919535	0.414059767247702	410
-0.069138517051728	1.21242917919825	46
0.0194951292207201	1.25815402620149	53
-0.041922270637053	0.630589539613816	781
0.096244095825467	0.660171664152563	781
0.082269231638653	0.99376363530657	561
0.043202776293589	1.09154427546898	561
-0.038581528592141	1.07592431315603	53
-0.0938470184670081	0.995547367050303	235
0.106482980745953	0.730909735640533	235
-0.038464314880281	0.414424326723021	116
0.084456162756553	0.583813760351764	411
-0.075061670752121	0.599394220982401	775
0.00314130593738404	0.697441333128085	411
-0.098235856286303	0.353414829103439	615
-0.038111377288474	0.414177817025583	615
0.018134870756271	0.441106968732687	556
0.063120194180064	0.508370712672486	556
-0.102437271138424	0.785639292487699	60
0.101307876522975	0.696455799491971	556
-0.074273535102991	0.816614282631155	60
-0.102393270064865	0.785621271260328	70
-0.102689118389286	0.785923872930611	70
-0.102478205765596	0.785785640793822	556
0.01763654577387	0.441536831391427	70
-0.075135049387965	0.599550836734038	70
0.063079844351383	0.508356092101914	70
0.048205724416729	0.470910260347338	70
-0.01630861954926	0.662972643880192	149
0.048190374916138	0.470900828404984	91
0.018056432898871	0.441217944876616	91
0.075338766670477	0.54534540540273	184
0.048137044135346	0.471051609861451	91
-0.01649467821567	0.663121538181514	457
0.063356704764237	0.50818911175335	457
-0.102541166752993	0.785872227558357	91
0.075182801725168	0.545513567053862	91
-0.038464314880281	0.414424326723021	83
0.075179899331267	0.545683412508346	763
0.048068364212171	0.4711048335323	763
0.017885151515488	0.441422043241892	763
-0.037990233828196	0.414043933099704	17
0.0177292753209	0.441490978820015	17
0.0177143011176401	0.441519104636812	17
0.122637423050293	0.897886638635151	46
-0.060472999983311	1.77782709631714	53
0.106472594652315	0.730996143549834	561
0.089320978467428	1.06128438592782	3
0.048068364212171	0.4711048335323	116
0.063277903257855	0.508273973989328	411
0.075260074216374	0.545605022666558	411
0.091428365776226	0.621744954604799	556
0.063500690585278	0.50798896479976	60
0.063356704764237	0.50818911175335	60
-0.042005881270846	0.630719515069575	70
-0.042126707406141	0.630748496181635	70
-0.042149911388244	0.630754431915372	149
-0.038343745757691	0.414362328106443	545
0.063237475822118	0.508259419397331	721
0.048167513635818	0.471016343360915	721
-0.01630861954926	0.662972643880192	91
0.018026903922419	0.441132034202971	91
-0.041885092082105	0.630573386077958	184
-0.075240015986526	0.599593248021543	184
0.04800751798394	0.471042122206643	91
-0.075224295078979	0.599634201404957	457
-0.075247892420489	0.59937445297054	457
0.084396270009057	0.58376226588378	457
-0.038101962939554	0.414130609919789	52
-0.098235856286303	0.353414829103439	83
-0.09751494297264	0.353113627072122	83
-0.0384550952589881	0.414291169728785	83
-0.096796269002475	0.352488687791578	52
-0.038232305482405	0.414275835906919	763
0.084352289404545	0.58393081140269	763
0.063421972840391	0.508127690026033	17
0.063460135528455	0.507744196866069	43
-0.03812077431086	0.414038094571237	4
-0.037999701638591	0.413940026884914	4
-0.037878413463182	0.41380613890332	4
-0.097833196182046	0.353207340512575	410
0.079214146279437	1.88569945783087	6
0.03455350474658	1.52517734807858	53
-0.038695731466628	0.414371031823955	116
0.017661962471763	0.732778810027301	411
-0.0163615331599321	0.663054207629342	411
0.06357937288619	0.507816047405359	411
-0.102453289757226	0.785099263121776	411
0.017792214528392	0.441468073086455	411
0.084163282541588	0.583959669719534	411
0.017978153477464	0.441299012127764	615
0.0178702860833611	0.441387161072424	615
0.101575660041353	0.696331961700475	556
-0.09368791408267	0.995116678033945	556
0.017948515857331	0.441276325037825	70
0.063421972840391	0.508127690026033	60
-0.097833196182046	0.353207340512575	70
-0.102837124904475	0.785755954976757	70
0.091404661651203	0.621955343661036	60
-0.016467382827036	0.663135102628169	60
0.00303432589534103	0.697538837656829	149
0.074995176808577	0.545797766125804	149
0.04801543159285	0.470919168811955	91
0.048152739854948	0.470714695348436	184
-0.037868874847883	0.413866295648985	91
-0.075240015986526	0.599593248021543	91
0.063041286660701	0.508381254265831	91
-0.102478205765596	0.785785640793822	457
-0.075142928248916	0.599571444913089	91
0.0751011590761021	0.545790922920221	91
-0.038464314880281	0.414424326723021	83
0.017807134329266	0.441473163114747	591
-0.075142928248916	0.599571444913089	763
0.00301461825294003	0.697663368297709	763
-0.098235856286303	0.353414829103439	4
-0.038575520499092	0.414353051058273	4
0.047157268518067	1.77403197237539	53
0.086258594492318	1.55955787270905	53
0.0428462501958941	1.09294370168777	53
-0.032651066869146	1.29929066635302	561
0.059655165473687	0.864318905112001	561
-0.00270966697463204	0.939435683182701	3
-0.098554588996423	0.353709685597233	116
0.096565767341287	0.65983611689143	69
0.048228532197089	0.470856745105674	411
-0.075224295078979	0.599634201404957	411
-0.016520318870356	0.663134379752832	411
-0.102667159015211	0.785951560164861	411
0.048121668982423	0.470978781688397	60
0.075207110278836	0.545690657241514	60
-0.07503796297973	0.599333001659143	70
0.075288755062965	0.545413343996195	60
0.0480379278286071	0.471087613431695	60
-0.038232305482405	0.414275835906919	149
0.017855436085875	0.441193221226084	721
0.0752328629001901	0.545597783452129	91
0.04801543159285	0.470919168811955	91
-0.016600557268298	0.663091087595214	91
0.091315539427417	0.622068107957982	91
0.041276418535229	0.800193852755599	91
-0.016332555104516	0.662774324721282	91
0.048068364212171	0.4711048335323	91
0.075129813422717	0.545529022056414	457
0.048060623814151	0.471077472243728	91
-0.098554588996423	0.353709685597233	591
0.048137044135346	0.471051609861451	591
0.017807134329266	0.441473163114747	591
0.0177292753209	0.441490978820015	763
0.017948515857331	0.441276325037825	591
-0.041922270637053	0.630589539613816	9
0.063093297955259	0.508417242046547	9
0.01971747641681	1.25749248480374	53
0.080884024726691	1.30984072627875	274
0.059275072465876	1.1908282343787	53
0.089291628812698	1.06197433528473	561
-0.0980343570804339	0.353432748047731	116
0.048182820052063	0.470741499740947	411
-0.052027340674671	0.848172105335391	90
0.091404661651203	0.621955343661036	90
0.084544208075379	0.583460234530752	90
0.048137044135346	0.471051609861451	716
0.030238569722612	0.767560566360836	556
0.063277903257855	0.508273973989328	70
-0.0162011144783351	0.66270873611259	60
0.04821351931622	0.470722899920714	149
-0.016520318870356	0.663134379752832	149
-0.097833196182046	0.353207340512575	96
-0.075142928248916	0.599571444913089	184
-0.0750458549234641	0.599435065359958	91
0.063370186185948	0.508081781188768	457
-0.098352883478491	0.353483822010577	820
0.0177143011176401	0.441519104636812	820
-0.097314325335099	0.352888726716764	820
-0.041922270637053	0.630589539613816	591
-0.041945482047303	0.630661225316363	763
-0.075232150203982	0.599654790054676	591
-0.098352883478491	0.353483822010577	591
-0.041847927464025	0.630459992763821	763
0.018120152890429	0.441085742998587	763
-0.038353018666431	0.414337941238971	43
-0.075150817760178	0.599509934408343	43
0.0629220715283591	0.508348508650678	43
0.017574031520053	0.44134092774595	4
-0.038584669491101	0.414442391647873	4
-0.038464314880281	0.414424326723021	4
-0.03812077431086	0.414038094571237	4
0.018041660723745	0.441230120289073	43
-0.09771589802742	0.353095483927744	410
0.066589784702738	0.896105512007155	53
-0.025129430074329	1.10354445419056	561
-0.00280090799564803	0.939500257128384	561
0.048022434192649	0.470939585084635	411
0.074913554261459	0.545532433957082	411
0.0843302922197891	0.583946577934216	90
-0.051655740378037	0.847916877979715	556
-0.102708246520331	0.785897774579404	556
-0.09751494297264	0.353113627072122	70
0.018228146026064	0.44085949939863	70
0.048106601170115	0.471060653765222	70
0.017978153477464	0.441299012127764	70
-0.042126707406141	0.630748496181635	60
-0.038222961863263	0.414264406349458	149
0.0176215327131241	0.441435638108329	96
-0.038222961863263	0.414264406349458	96
0.084478180970231	0.583797970147497	91
-0.016255713429042	0.662862174171496	91
-0.102519190369605	0.785826602283405	91
-0.037999701638591	0.413940026884914	91
0.075234323214785	0.545649823465162	91
-0.038232305482405	0.414275835906919	820
0.0751526903693121	0.545617365600518	91
0.0177143011176401	0.441519104636812	817
0.0631067478976231	0.508419637507065	763
-0.016387156575993	0.663061566941855	763
-0.075232150203982	0.599654790054676	763
-0.0383344554852471	0.414193392330842	591
-0.075061670752121	0.599394220982401	591
-0.0383344554852471	0.414193392330842	763
0.002924720643118	0.697589302029009	9
-0.038241631735444	0.41410029348193	43
0.0404470289901751	1.34748755030308	6
0.0607178847527	1.42819476815679	53
0.105497301731603	1.44085045257436	53
-0.025066292966231	1.10335293561354	53
0.059699213802682	0.864217545723177	561
0.101669058781952	0.696068835612885	561
0.111262242788444	0.763977742221021	561
-0.072071205676119	1.75529733804172	53
0.048030140972728	0.471086554526434	116
0.00286291108509595	0.697800159750851	69
-0.075224295078979	0.599634201404957	411
-0.118214047976158	0.96759620565671	411
0.063185607178434	0.508383460359442	60
-0.098554588996423	0.353709685597233	70
-0.075232150203982	0.599654790054676	70
0.00292846101567901	0.697751766608455	70
-0.042005881270846	0.630719515069575	60
0.063199066387906	0.508334523103492	149
-0.098873389158817	0.353718585819526	96
0.048236200513971	0.470846950090697	272
0.048068364212171	0.4711048335323	91
0.0301301980672219	0.767553257284768	184
0.01814960398396	0.440970472276922	820
0.00281405363671305	0.697404080406053	457
0.018105450348108	0.440943772778367	91
-0.038473517099805	0.414356124603627	817
-0.102371276659045	0.785502406310806	91
-0.0383344554852471	0.414193392330842	591
0.084289309702582	0.583963836619084	591
-0.102182539472499	0.784925801626549	763
0.0631067478976231	0.508419637507065	87
-0.038111377288474	0.414177817025583	43
-0.037999701638591	0.413940026884914	4
-0.041908305713741	0.630579329942369	43
0.018056432898871	0.441217944876616	43
-0.075313591982397	0.599686009158765	43
-0.098235856286303	0.353414829103439	410
-0.0233879904206969	1.33070839181423	416
0.077849788134163	0.960554092294018	3
0.048060623814151	0.471077472243728	411
0.063565845240083	0.507813733272985	411
0.017948515857331	0.441276325037825	615
0.063250955301187	0.508320544769257	60
-0.016520318870356	0.663134379752832	60
-0.075127181183508	0.599448766878507	60
-0.016095323653885	0.66238866200278	60
-0.0162011144783351	0.66270873611259	70
-0.0420430831368011	0.630677137943554	149
-0.074956711698704	0.599283845361732	149
-0.038101962939554	0.414130609919789	272
-0.075492339365296	0.599688769725692	91
-0.10277131203293	0.785855370336872	91
-0.075232150203982	0.599654790054676	91
0.0177292753209	0.441490978820015	91
-0.075329265417905	0.599645011435276	820
-0.097833196182046	0.353207340512575	817
-0.037990233828196	0.414043933099704	591
0.017885151515488	0.441422043241892	591
0.017807134329266	0.441473163114747	591
-0.038584669491101	0.414442391647873	17
0.017807134329266	0.441473163114747	43
0.075102597552793	0.545676629601899	43
0.048175274861663	0.470945497752617	43
0.091363116198774	0.621899506241714	169
0.118192586525153	0.830344932680984	561
-0.051986780795005	0.848266740933482	3
0.0965910856076549	0.659917412289735	3
0.017963326955765	0.441341043477748	116
0.0181870775779061	0.732436549156271	69
-0.102434235979929	0.785621130114425	69
-0.0752164506176301	0.599532139278292	411
0.0753417200864161	0.545327769695141	90
-0.041982672273346	0.630647826107759	60
0.048068364212171	0.4711048335323	70
0.0632125219358	0.508227184141461	70
0.00285911358580204	0.697611591816472	60
0.048159832487555	0.470997103993803	60
0.048159832487555	0.470997103993803	70
-0.041982672273346	0.630647826107759	91
0.048236200513971	0.470846950090697	91
-0.07436308791146	0.816694713454337	91
0.0177143011176401	0.441519104636812	184
-0.075247892420489	0.59937445297054	184
0.048060623814151	0.471077472243728	184
0.018094812759939	0.732583367161598	91
0.047969254831406	0.471023900646723	91
0.04809882712395	0.471095771394012	91
-0.07503796297973	0.599333001659143	91
0.018056432898871	0.441217944876616	91
-0.038695731466628	0.414371031823955	820
0.075287287517624	0.545564195725926	91
-0.102522194565737	0.78564073577593	817
0.01777731021038	0.441303913539979	91
0.084415246499077	0.583875515619935	763
-0.075321423367854	0.599706575982585	763
0.048175274861663	0.470945497752617	9
-0.0752164506176301	0.599532139278292	9
-0.038232305482405	0.414275835906919	43
-0.038241631735444	0.41410029348193	43
-0.038232305482405	0.414275835906919	4
-0.038111377288474	0.414177817025583	43
-0.038464314880281	0.414424326723021	43
0.01971747641681	1.25749248480374	53
-0.051813740537856	0.848049241128343	561
-0.093716971454895	0.995224858764752	3
0.042866160317064	1.09267709938833	3
0.118255673125599	0.83006903587321	69
-0.102648096435657	0.785782555930775	411
0.063093297955259	0.508417242046547	411
0.063237475822118	0.508259419397331	90
-0.051742222533774	0.848030929183181	90
-0.042080298783546	0.630530345816743	716
0.111167458294377	0.764219793324189	556
0.075207110278836	0.545690657241514	60
-0.0749646380190711	0.599304485288219	60
0.0176215327131241	0.441435638108329	70
-0.041801495132781	0.63038238662287	70
-0.002618411947647	0.939217929922757	60
-0.098554588996423	0.353709685597233	70
-0.102519190369605	0.785826602283405	70
0.063277903257855	0.508273973989328	60
0.048068364212171	0.4711048335323	149
0.0632125219358	0.508227184141461	149
-0.042293968516672	0.630585351930071	149
0.0177292753209	0.441490978820015	272
-0.075224295078979	0.599634201404957	91
-0.102371276659045	0.785502406310806	91
0.017885151515488	0.441422043241892	91
0.01821346711955	0.440962554763671	817
0.063264431112624	0.508322918373419	817
0.084333269293257	0.583795320835331	91
-0.0383344554852471	0.414193392330842	591
0.048129316552884	0.471060482975925	591
-0.041931519146898	0.630510016423755	591
0.075261538141902	0.545560938008652	9
0.06357937288619	0.507816047405359	87
0.00292846101567901	0.697751766608455	87
-0.097196756999081	0.352694669460464	43
-0.037868874847883	0.413866295648985	43
0.063343219674838	0.508238057982816	43
-0.038232305482405	0.414275835906919	43
0.017963326955765	0.441341043477748	43
-0.0980343570804339	0.353432748047731	43
-0.038473517099805	0.414356124603627	43
-0.096996344736511	0.352712982272515	410
-0.036817291303918	1.49372769560706	416
0.100412928083637	1.1586212821213	53
0.020376352578892	0.997116628552297	3
0.059534421248735	0.864290605369675	467
-0.118148040591478	0.967444778868581	69
-0.016228414967052	0.662815534712448	90
0.0964842539687501	0.660007382276669	90
-0.0384550952589881	0.414291169728785	717
-0.01649467821567	0.663121538181514	70
0.084497030745063	0.58368145739329	70
-0.0164930216918751	0.663087724450388	60
-0.102563147890518	0.785844565177501	60
0.075155585509051	0.545661184705511	60
0.018026903922419	0.441132034202971	149
0.075338766670477	0.54534540540273	149
-0.098352883478491	0.353483822010577	272
0.084581942720471	0.583588716949427	91
-0.038343745757691	0.414362328106443	184
-0.042089496111302	0.630754759552082	91
-0.042089496111302	0.630754759552082	91
-0.075061670752121	0.599394220982401	817
0.063250955301187	0.508320544769257	91
-0.03812077431086	0.414038094571237	591
0.063421972840391	0.508127690026033	591
0.04814485185986	0.4709545254248	591
0.063093297955259	0.508417242046547	591
0.017900032419528	0.441350213980641	591
0.063329730916325	0.508235697146491	9
-0.098756633713589	0.353692019334519	17
-0.038101962939554	0.414130609919789	4
-0.075321423367854	0.599706575982585	43
0.017885151515488	0.441422043241892	43
0.017885151515488	0.441422043241892	43
-0.04700740219653	1.46535529562306	53
0.053934634219066	1.15879253266125	53
0.118329539335055	0.830125132981521	561
0.122734499713048	0.897798022168707	53
-0.095735827657864	1.350374147057	3
-0.068970068391718	1.21177216896919	3
-0.081763868551931	1.37860455165798	3
-0.102645204396027	0.785905962761285	467
-0.093738401867364	0.995273293191953	467
0.0843112917921321	0.583903474694665	467
-0.038222961863263	0.414264406349458	116
-0.10258218567443	0.785881930049397	69
0.048068364212171	0.4711048335323	411
-0.041885092082105	0.630573386077958	90
0.018041660723745	0.441230120289073	615
-0.096996344736511	0.352712982272515	615
0.048030140972728	0.471086554526434	716
-0.033103821624906	0.879408976519987	556
0.07507394885366	0.545783675338654	556
-0.102667159015211	0.785951560164861	60
0.017900032419528	0.441350213980641	70
0.048190374916138	0.470900828404984	70
-0.041838664214195	0.630355242517293	70
-0.038222961863263	0.414264406349458	184
0.048114455422043	0.470937287450026	91
0.084626016651156	0.583512518672696	91
0.017963326955765	0.441341043477748	91
0.048068364212171	0.4711048335323	91
0.017558948417229	0.44151093634167	817
-0.097314325335099	0.352888726716764	684
0.0480379278286071	0.471087613431695	591
-0.038473517099805	0.414356124603627	591
0.048137044135346	0.471051609861451	591
0.063250955301187	0.508320544769257	591
0.075313030370492	0.545493532457957	17
0.0479996846415251	0.471069360153076	17
-0.016335915718494	0.662959083307172	9
-0.041838664214195	0.630355242517293	87
0.075181351138205	0.545711507796161	43
-0.0980343570804339	0.353432748047731	4
-0.096996344736511	0.352712982272515	43
-0.038232305482405	0.414275835906919	410
-0.098235856286303	0.353414829103439	410
0.048622092021396	1.5733586934774	53
0.03510645810117	1.52364244357551	274
0.00973416960192497	0.968299835530128	3
0.062935499292038	0.508409645966285	467
0.017885151515488	0.441422043241892	701
0.075313030370492	0.545493532457957	69
-0.0980343570804339	0.353432748047731	717
-0.099597513992659	0.354101235493265	717
0.075261538141902	0.545560938008652	60
0.075181351138205	0.545711507796161	60
-0.097833196182046	0.353207340512575	70
-0.075142928248916	0.599571444913089	70
0.063172144305836	0.508381075212563	70
0.084412112566762	0.583689090508115	60
0.017807134329266	0.441473163114747	149
-0.038464314880281	0.414424326723021	91
-0.075240015986526	0.599593248021543	620
0.018041660723745	0.441230120289073	184
-0.098873389158817	0.353718585819526	184
0.048068364212171	0.4711048335323	91
0.0480379278286071	0.471087613431695	91
0.075128371293633	0.5457500837636	91
0.017963326955765	0.441341043477748	91
-0.041861878249689	0.630501710651017	91
-0.042052298639449	0.630656110813843	91
0.063592896855361	0.507767132033222	91
0.075393192779485	0.545311820434884	91
-0.038464314880281	0.414424326723021	591
-0.038213600919535	0.414059767247702	591
-0.038222961863263	0.414264406349458	591
0.048129316552884	0.471060482975925	17
-0.037990233828196	0.414043933099704	9
-0.075232150203982	0.599654790054676	9
0.048129316552884	0.471060482975925	4
-0.038353018666431	0.414337941238971	43
-0.098554588996423	0.353709685597233	43
-0.038213600919535	0.414059767247702	43
-0.098235856286303	0.353414829103439	43
0.019459969757363	1.25822849742709	416
0.040232094382279	1.34881792972677	53
0.019520639945918	1.47332339888082	274
0.066942624015939	0.895757981090526	169
0.066773040391198	1.45467071636522	53
-0.104149412939681	1.16175528824208	3
-0.111628221863444	1.32325359422514	3
-0.075224295078979	0.599634201404957	411
0.050822798029651	0.833387554632983	463
-0.051854317333041	0.848211428219714	463
-0.041922270637053	0.630589539613816	90
-0.09751494297264	0.353113627072122	717
-0.074383750910279	0.816708876301236	556
0.084390080592578	0.583461898983943	70
-0.051635430468389	0.847866999017909	60
-0.041968693252402	0.630667165648645	70
-0.041945482047303	0.630661225316363	70
-0.074101324313536	0.816499131413652	60
-0.102371276659045	0.785502406310806	60
0.017948515857331	0.441276325037825	149
-0.038232305482405	0.414275835906919	91
-0.038111377288474	0.414177817025583	620
0.048106601170115	0.471060653765222	620
-0.10235235414452	0.785514109137052	91
0.075126927980529	0.545745098121915	91
0.075287287517624	0.545564195725926	91
0.075313030370492	0.545493532457957	91
-0.099075640655895	0.353944854479088	91
0.0748877577113251	0.54568991955274	91
-0.098554588996423	0.353709685597233	591
-0.098235856286303	0.353414829103439	684
-0.038575520499092	0.414353051058273	591
0.048091133154588	0.471042169258016	591
0.017900032419528	0.441350213980641	17
0.075102597552793	0.545676629601899	17
-0.075224295078979	0.599634201404957	43
-0.038222961863263	0.414264406349458	410
0.118083843580105	0.830502237996785	53
-0.072734058875889	1.02256539831459	3
0.03011559412965	0.767705696631912	467
0.08456311694821	0.583637167488515	467
0.115086391559744	0.797222764842826	69
0.084415246499077	0.583875515619935	69
0.04809882712395	0.471095771394012	411
-0.102349288009027	0.785294072502758	90
-0.102708246520331	0.785897774579404	90
0.017885151515488	0.441422043241892	615
0.017807134329266	0.441473163114747	717
-0.0518340276884049	0.848161563336183	556
-0.016520318870356	0.663134379752832	60
-0.032959530613493	0.878955584220695	60
-0.01649467821567	0.663121538181514	60
0.075261538141902	0.545560938008652	60
0.0963724628860611	0.66014633040848	60
0.091098694249095	0.622340682489739	60
0.096748392730618	0.659515019869379	60
-0.038232305482405	0.414275835906919	272
0.00303524391238197	0.69759436484439	91
0.075181351138205	0.545711507796161	91
-0.016414454254694	0.663108225094003	457
0.084182350474447	0.583957697516659	91
-0.041945482047303	0.630661225316363	91
0.048274405061996	0.470624469209025	591
0.04809882712395	0.471095771394012	591
0.018056432898871	0.441217944876616	17
-0.07503796297973	0.599333001659143	17
-0.016414454254694	0.663108225094003	87
-0.0980343570804339	0.353432748047731	4
-0.096996344736511	0.352712982272515	43
-0.055037678494349	1.23903972607319	416
0.0272745853459599	1.49907709739859	274
0.081305368737552	1.30818582319257	53
0.063329730916325	0.508235697146491	169
0.124272711602218	0.932747632268021	3
-0.00266806498454397	0.939104468149232	3
-0.10258513378082	0.785727272580979	467
0.063027853296225	0.50843016111244	411
0.101235923739844	0.69653043534582	90
0.106300051955999	0.731077614198672	90
0.096458929986788	0.660076529122411	90
0.04809882712395	0.471095771394012	90
0.0751011590761021	0.545790922920221	556
-0.041885092082105	0.630573386077958	556
-0.093876074980379	0.995517880538006	556
0.00292846101567901	0.697751766608455	60
-0.016388829064612	0.663040642355053	60
-0.074187426761161	0.816606642247111	60
-0.10258218567443	0.785881930049397	60
0.091057262873807	0.622376934191527	60
-0.016574907106478	0.663033619029199	60
-0.041908305713741	0.630579329942369	70
-0.075127181183508	0.599448766878507	70
-0.038222961863263	0.414264406349458	149
-0.0383344554852471	0.414193392330842	272
-0.075240015986526	0.599593248021543	272
-0.0980343570804339	0.353432748047731	272
0.01777731021038	0.441303913539979	620
-0.075127181183508	0.599448766878507	91
0.063291371738374	0.508166632881355	91
0.01824771190151	0.732139087604084	91
-0.016441749899156	0.663094658546721	91
-0.098554588996423	0.353709685597233	684
0.048068364212171	0.4711048335323	17
0.084371226517559	0.583859348821932	87
-0.074032777257902	0.816033223245985	43
-0.098756633713589	0.353692019334519	4
-0.0137215832829271	1.13260716010756	274
-0.075232150203982	0.599654790054676	169
0.124247572249965	0.932730759438112	53
0.112877207634439	1.24642611427782	53
0.070173456814219	1.25149850700238	3
0.017978153477464	0.441299012127764	701
-0.097314325335099	0.352888726716764	69
0.018041660723745	0.441230120289073	411
-0.038222961863263	0.414264406349458	411
0.041093935409697	0.801087862695575	60
0.030159069318855	0.767629011155119	60
0.075155585509051	0.545661184705511	60
0.096657140778425	0.659805941212877	60
-0.075150817760178	0.599509934408343	60
-0.098873389158817	0.353718585819526	96
0.075181351138205	0.545711507796161	91
-0.038101962939554	0.414130609919789	620
-0.099278232245566	0.35392746874739	620
0.048068364212171	0.4711048335323	91
-0.075135049387965	0.599550836734038	91
-0.074056657166924	0.81638992795693	91
0.101538989485569	0.696291449623366	91
0.048175274861663	0.470945497752617	91
-0.10237436794994	0.785486517852404	91
-0.041968693252402	0.630667165648645	91
0.01821346711955	0.440962554763671	17
-0.038343745757691	0.414362328106443	17
-0.041871143337214	0.630390709467059	87
-0.0980343570804339	0.353432748047731	43
-0.09751494297264	0.353113627072122	43
-0.038343745757691	0.414362328106443	410
0.059611122122143	0.864374641713518	416
0.122392939187605	0.898472016770757	416
0.017742636320711	0.732954210068507	416
0.122734499713048	0.897798022168707	53
0.036669895574168	1.0592117337181	53
-0.0994133455321911	2.30787334119744	53
0.00301461825294003	0.697663368297709	467
-0.10237436794994	0.785486517852404	90
-0.098554588996423	0.353709685597233	615
0.118143573907967	0.830414559315325	556
0.017885151515488	0.441422043241892	70
0.0177292753209	0.441490978820015	70
-0.042075507015257	0.63043234066648	70
-0.038343745757691	0.414362328106443	272
-0.098554588996423	0.353709685597233	96
0.091339369202452	0.622085083749103	91
0.0480379278286071	0.471087613431695	91
0.048106601170115	0.471060653765222	91
0.0751011590761021	0.545790922920221	91
0.048198009660274	0.470952990233888	91
-0.102456218495276	0.785740006128746	457
0.017978153477464	0.441299012127764	91
-0.098554588996423	0.353709685597233	684
0.048175274861663	0.470945497752617	591
0.017792214528392	0.441468073086455	17
0.048129316552884	0.471060482975925	43
0.017948515857331	0.441276325037825	43
-0.0980343570804339	0.353432748047731	410
-0.00557806007028006	1.39064131619178	416
-0.118498614088683	0.967941066059818	169
0.104266490258257	1.18946329164853	53
-0.054309373230798	1.048997570821	3
-0.075224295078979	0.599634201404957	411
-0.01630861954926	0.662972643880192	90
-0.074059926477549	0.816268729099827	463
-0.098554588996423	0.353709685597233	60
0.063565845240083	0.507813733272985	60
0.017978153477464	0.441299012127764	60
0.063343219674838	0.508238057982816	70
0.048198009660274	0.470952990233888	70
0.075048171822478	0.545806361158126	70
0.00294908055527099	0.697737592033022	60
-0.102223417951741	0.784951164133743	60
0.075154138563505	0.545752345612659	149
-0.098554588996423	0.353709685597233	272
-0.038464314880281	0.414424326723021	620
-0.074972574974717	0.599243066457034	620
0.0176215327131241	0.441435638108329	620
0.048068364212171	0.4711048335323	91
0.0177292753209	0.441490978820015	91
-0.041787558524264	0.63030518261539	91
0.017807134329266	0.441473163114747	91
0.091274054880803	0.622191717871612	91
-0.075232150203982	0.599654790054676	91
0.048129316552884	0.471060482975925	91
-0.038232305482405	0.414275835906919	684
0.084478180970231	0.583797970147497	91
0.063421972840391	0.508127690026033	9
-0.037999701638591	0.413940026884914	17
0.048190374916138	0.470900828404984	43
0.09657069967864	0.659939226936215	43
-0.037990233828196	0.414043933099704	4
0.0177143011176401	0.441519104636812	43
-0.038111377288474	0.414177817025583	43
-0.038232305482405	0.414275835906919	410
0.122311457036973	0.89855561630988	832
-0.00539638327044001	1.39002985818256	53
0.120815123245734	0.863426460571392	53
0.113299848071048	1.24499224850509	53
0.00959647480122106	0.968655328420351	3
0.0177143011176401	0.441519104636812	701
0.048137044135346	0.471051609861451	69
-0.098554588996423	0.353709685597233	331
-0.09751494297264	0.353113627072122	615
0.106444307745161	0.731009070221673	556
-0.032952171006601	0.879013066488747	556
-0.016441749899156	0.663094658546721	60
0.101380636101299	0.696481099561776	60
0.030101332392427	0.767397452864112	60
-0.074770615882228	0.598736917205988	70
-0.05178810921416	0.848141441079779	60
0.063343219674838	0.508238057982816	70
0.096413194008686	0.660060780815629	70
0.017885151515488	0.441422043241892	70
0.048060623814151	0.471077472243728	91
-0.075500123262625	0.599709285586044	91
0.0632125219358	0.508227184141461	91
0.075179899331267	0.545683412508346	91
-0.098235856286303	0.353414829103439	684
-0.041945482047303	0.630661225316363	9
-0.038111377288474	0.414177817025583	17
0.048121668982423	0.470978781688397	17
-0.016441749899156	0.663094658546721	87
-0.075135049387965	0.599550836734038	43
0.11627323352822	1.667842446494	6
-0.086347780764047	2.0292613631224	53
-0.0980343570804339	0.353432748047731	701
-0.016816464355334	0.909529420532318	69
0.084415246499077	0.583875515619935	90
0.0909711593715859	0.6223438187808	90
0.047938851552826	0.470945196729944	90
-0.038353018666431	0.414337941238971	615
-0.074883530439411	0.599049724278248	615
-0.097314325335099	0.352888726716764	717
0.063316238487333	0.508174597084697	556
-0.016440085400675	0.663088444368722	60
-0.017076410530619	0.910097382491573	60
-0.10258513378082	0.785727272580979	60
0.096438556878078	0.660098329044915	60
-0.118391771318661	0.967731784005976	60
0.048129316552884	0.471060482975925	70
0.063277903257855	0.508273973989328	70
0.04821351931622	0.470722899920714	70
0.075048171822478	0.545806361158126	70
-0.041968693252402	0.630667165648645	70
0.091428365776226	0.621744954604799	70
0.075155585509051	0.545661184705511	60
-0.016334235224492	0.663007552598854	149
0.063408471126852	0.508125343240681	149
0.07507394885366	0.545783675338654	91
-0.042126707406141	0.630748496181635	91
0.075367459696125	0.545363877292345	91
0.048106601170115	0.471060653765222	591
0.017792214528392	0.441468073086455	591
0.048175274861663	0.470945497752617	17
0.048068364212171	0.4711048335323	43
0.017963326955765	0.441341043477748	43
-0.038213600919535	0.414059767247702	43
0.050461980665788	1.80695973677163	6
0.077989205901549	1.50474499476378	53
0.00970710212370696	0.968459600960272	169
0.091363116198774	0.621899506241714	467
-0.0754029400831731	0.599705268512402	90
0.059723120609582	0.864106785621324	90
-0.075061670752121	0.599394220982401	90
0.0177292753209	0.441490978820015	615
0.0178702860833611	0.441387161072424	158
-0.03812077431086	0.414038094571237	717
-0.118386907017763	0.967841950693089	60
-0.041885092082105	0.630573386077958	556
-0.074146040742489	0.816512466993869	556
0.063250955301187	0.508320544769257	70
-0.075329265417905	0.599645011435276	60
0.063027853296225	0.50843016111244	70
0.0843932388020811	0.583891294044359	60
0.0479996846415251	0.471069360153076	60
0.00310056827005101	0.697494286811066	60
-0.038343745757691	0.414362328106443	149
-0.016547614007605	0.663120820841962	91
0.063199066387906	0.508334523103492	91
-0.075679027805126	0.599531568444117	91
0.062948923400959	0.508412058019127	91
0.017978153477464	0.441299012127764	591
0.063250955301187	0.508320544769257	91
-0.07539514311777	0.599603262801723	17
0.048182820052063	0.470741499740947	17
-0.102330345091486	0.785468465244391	43
0.018041660723745	0.441230120289073	43
-0.038222961863263	0.414264406349458	43
-0.014031479463828	1.36013759698516	53
0.033436376428802	1.31930308882913	53
0.059377448843388	1.19066119173046	3
-0.038695731466628	0.414371031823955	331
-0.016283009867109	0.662848621894492	90
0.0632125219358	0.508227184141461	90
0.111117014516401	0.76405013967056	556
-0.0517272275620631	0.847797084014525	556
-0.01614992368499	0.662541981757469	60
-0.075240015986526	0.599593248021543	60
0.063250955301187	0.508320544769257	70
-0.041968693252402	0.630667165648645	60
0.091446188067871	0.621831737478407	60
-0.0980343570804339	0.353432748047731	96
0.048068364212171	0.4711048335323	91
0.048198009660274	0.470952990233888	91
-0.01649467821567	0.663121538181514	91
-0.075232150203982	0.599654790054676	91
-0.075321423367854	0.599706575982585	91
-0.074786552776952	0.598859514527893	91
-0.074211481181239	0.816576302309726	371
-0.016443414792913	0.662708354328059	371
-0.016334235224492	0.663007552598854	91
0.063394965740158	0.508064277585327	91
-0.098554588996423	0.353709685597233	684
0.048137044135346	0.471051609861451	591
-0.042126707406141	0.630748496181635	591
0.017792214528392	0.441468073086455	4
-0.0980343570804339	0.353432748047731	4
0.017978153477464	0.441299012127764	4
0.017900032419528	0.441350213980641	43
0.00972563922790004	1.78815041274932	53
0.06716029357549	0.894808737770354	169
0.064715699758977	1.22131334166847	3
0.00281793478088599	0.697808245282518	90
0.017992995459897	0.441102845894737	90
-0.098554588996423	0.353709685597233	717
0.083993271173029	0.583830135052646	556
0.0750209619564241	0.545799116154301	60
0.00303524391238197	0.69759436484439	70
-0.041885092082105	0.630573386077958	70
-0.038353018666431	0.414337941238971	70
-0.075224295078979	0.599634201404957	149
-0.041908305713741	0.630579329942369	91
0.048137044135346	0.471051609861451	91
-0.038213600919535	0.414059767247702	620
0.04809882712395	0.471095771394012	91
-0.098554588996423	0.353709685597233	620
0.018056432898871	0.441217944876616	91
-0.038343745757691	0.414362328106443	91
0.063316238487333	0.508174597084697	91
0.075207110278836	0.545690657241514	91
-0.099075640655895	0.353944854479088	818
0.084474992835432	0.58358875340051	9
-0.0980343570804339	0.353432748047731	17
-0.041945482047303	0.630661225316363	9
-0.016388829064612	0.663040642355053	87
-0.097833196182046	0.353207340512575	4
-0.098554588996423	0.353709685597233	4
-0.0750458549234641	0.599435065359958	43
0.017699342444723	0.441384704650949	43
-0.038101962939554	0.414130609919789	43
-0.037878413463182	0.41380613890332	43
0.041265726754033	0.800526550054351	69
-0.074211481181239	0.816576302309726	69
-0.0383344554852471	0.414193392330842	90
0.0410166630247319	0.801299390935011	90
0.018028442755938	0.732688152598174	463
0.063185607178434	0.508383460359442	90
-0.0332702735377191	0.879505439851604	463
-0.09771589802742	0.353095483927744	26
-0.098352883478491	0.353483822010577	158
-0.042005881270846	0.630719515069575	60
-0.051721916884086	0.848043425468633	556
-0.042029090058758	0.630725452876737	60
-0.074428585272746	0.816667191190689	60
-0.118127625381594	0.967316462721496	60
0.047931005417711	0.470886155986589	70
0.04809882712395	0.471095771394012	70
-0.118280070505847	0.96771546914886	70
0.0301301980672219	0.767553257284768	149
-0.042005881270846	0.630719515069575	149
-0.075329265417905	0.599645011435276	91
0.048083519131537	0.470840918920392	91
-0.0163615331599321	0.663054207629342	91
-0.098756633713589	0.353692019334519	620
0.047931005417711	0.470886155986589	91
-0.102626121428237	0.785899865880792	91
0.084396270009057	0.58376226588378	91
0.063185607178434	0.508383460359442	91
0.075129813422717	0.545529022056414	91
0.106472594652315	0.730996143549834	371
-0.016440085400675	0.663088444368722	91
-0.097833196182046	0.353207340512575	684
-0.098873389158817	0.353718585819526	684
0.096789205661196	0.659515020496852	9
-0.0752164506176301	0.599532139278292	9
-0.096796269002475	0.352488687791578	17
0.075181351138205	0.545711507796161	87
-0.041945482047303	0.630661225316363	87
0.00417595603227905	1.19532321763535	832
0.026908819059162	1.50025931399755	274
0.0538581973301	1.40342859108945	274
-0.0344892582366561	1.67408786043184	274
0.069719289910546	1.25290120868785	274
-0.038343745757691	0.414362328106443	31
-0.075313591982397	0.599686009158765	331
0.0181870775779061	0.732436549156271	69
0.063421972840391	0.508127690026033	90
-0.097314325335099	0.352888726716764	615
-0.038464314880281	0.414424326723021	615
-0.038575520499092	0.414353051058273	158
0.096616353695589	0.659805884953559	556
0.096525015331737	0.660007482888487	556
0.101554240680375	0.696301911241553	556
0.063199066387906	0.508334523103492	60
-0.074142741880797	0.816457223948004	60
0.00305641110687505	0.697581345058754	391
-0.016254021125977	0.662819169364524	391
0.063343219674838	0.508238057982816	391
-0.0162011144783351	0.66270873611259	70
0.063356704764237	0.50818911175335	70
0.04809882712395	0.471095771394012	70
-0.075061670752121	0.599394220982401	60
0.075260074216374	0.545605022666558	60
-0.042089496111302	0.630754759552082	60
-0.098554588996423	0.353709685597233	60
-0.098554588996423	0.353709685597233	96
0.017835117517898	0.732956068850818	91
-0.041968693252402	0.630667165648645	91
0.075126927980529	0.545745098121915	91
0.00301461825294003	0.697663368297709	371
0.017948515857331	0.441276325037825	371
-0.041945482047303	0.630661225316363	91
0.101546593231265	0.696391400359992	91
-0.099075640655895	0.353944854479088	684
-0.038464314880281	0.414424326723021	591
0.017558948417229	0.44151093634167	591
0.048198009660274	0.470952990233888	9
0.018056432898871	0.441217944876616	9
-0.09751494297264	0.353113627072122	43
-0.037990233828196	0.414043933099704	4
-0.0980343570804339	0.353432748047731	4
-0.0980343570804339	0.353432748047731	4
-0.075135049387965	0.599550836734038	43
0.048045794888565	0.470997917343372	43
0.017978153477464	0.441299012127764	43
-0.075240015986526	0.599593248021543	43
0.048266703141926	0.470750763953156	43
-0.024116604567114	1.69685841670956	274
-0.104533829397504	1.51699440459127	53
-0.033103821624906	0.879408976519987	69
-0.074273535102991	0.816614282631155	60
-0.10235235414452	0.785514109137052	60
0.017900032419528	0.441350213980641	60
0.00305641110687505	0.697581345058754	60
-0.0163615331599321	0.663054207629342	149
0.063500690585278	0.50798896479976	149
-0.016387156575993	0.663061566941855	149
-0.075313591982397	0.599686009158765	91
0.091229452906914	0.622236320719878	91
-0.10258218567443	0.785881930049397	91
0.063277903257855	0.508273973989328	91
-0.102182539472499	0.784925801626549	91
-0.01649467821567	0.663121538181514	91
-0.075053757516349	0.59945569070679	91
-0.0980343570804339	0.353432748047731	91
-0.098554588996423	0.353709685597233	684
-0.016387156575993	0.663061566941855	9
0.01821346711955	0.440962554763671	9
-0.075150817760178	0.599509934408343	9
0.082704936713102	1.53068291146549	274
0.048828645629171	1.57272024964376	274
-0.00535255608087104	1.38972595967568	53
0.085886705785302	1.02760306139308	53
0.101589503540426	0.696178267004561	69
0.048052963427586	0.470904281816488	90
0.048022434192649	0.470939585084635	158
-0.0980343570804339	0.353432748047731	158
0.063291371738374	0.508166632881355	158
0.017682134913054	0.732923026998396	60
0.048129316552884	0.471060482975925	60
0.091404661651203	0.621955343661036	60
-0.0752164506176301	0.599532139278292	391
-0.038464314880281	0.414424326723021	391
-0.05178810921416	0.848141441079779	60
0.063487175909114	0.507986633485621	91
0.00297151029416498	0.697635563753618	91
-0.074276944220782	0.816610642593843	91
0.0751011590761021	0.545790922920221	91
0.048129316552884	0.471060482975925	91
0.063421972840391	0.508127690026033	91
-0.075127181183508	0.599448766878507	91
-0.016359856860222	0.662954716710527	91
0.048129316552884	0.471060482975925	91
0.063356704764237	0.50818911175335	91
0.00311921498448697	0.697457472057385	371
0.017558948417229	0.44151093634167	91
-0.016335915718494	0.662959083307172	91
-0.0750458549234641	0.599435065359958	9
0.048060623814151	0.471077472243728	9
-0.074273535102991	0.816614282631155	9
-0.098235856286303	0.353414829103439	17
0.017900032419528	0.441350213980641	43
0.048035382206733	0.470641887137066	43
-0.038464314880281	0.414424326723021	43
-0.075135049387965	0.599550836734038	43
-0.104174729305592	1.16184365422158	832
0.100318694014565	1.1588882632728	3
0.04809882712395	0.471095771394012	467
-0.038111377288474	0.414177817025583	31
0.00970341925948603	0.968481213220923	69
-0.016226718866288	0.662638820580915	331
0.091211792408884	0.622019672117386	90
0.0181409619267811	0.73254991886232	90
-0.016310304284051	0.662761454214825	463
-0.038222961863263	0.414264406349458	615
0.091623982768739	0.621092578585961	60
0.084308290447826	0.583914618045903	60
-0.016306935255432	0.662900709878385	391
-0.051589579730977	0.847760717326087	391
-0.016443414792913	0.662708354328059	391
0.048129316552884	0.471060482975925	60
-0.016416122941331	0.662953426739208	149
-0.041899059019307	0.63044304553037	149
0.075207110278836	0.545690657241514	149
-0.038222961863263	0.414264406349458	188
0.048068364212171	0.4711048335323	91
-0.051859699900332	0.847909068158459	91
0.017978153477464	0.441299012127764	91
-0.042080298783546	0.630530345816743	91
0.075285818681739	0.545486301742271	91
-0.0750300816914	0.599077774240489	91
0.048060623814151	0.471077472243728	91
0.048137044135346	0.471051609861451	91
0.048152231285691	0.470882504514928	91
0.048175274861663	0.470945497752617	91
0.048068364212171	0.4711048335323	91
0.00294943082096499	0.697518286845058	91
-0.09771589802742	0.353095483927744	818
0.048129316552884	0.471060482975925	818
-0.0980343570804339	0.353432748047731	684
0.018056432898871	0.441217944876616	591
0.04809882712395	0.471095771394012	9
-0.042066289731086	0.630748823283636	9
-0.016254021125977	0.662819169364524	87
-0.042029090058758	0.630725452876737	87
-0.098554588996423	0.353709685597233	4
0.01814960398396	0.440970472276922	43
0.096438556878078	0.660098329044915	43
-0.038222961863263	0.414264406349458	43
0.048045794888565	0.470997917343372	43
0.0270751172620251	2.20507061465308	6
0.0892089781382041	1.0612836713811	53
0.12084951918661	0.863564281581963	3
0.017835117517898	0.732956068850818	69
0.017941873253126	0.73286505952673	331
0.04814485185986	0.4709545254248	615
-0.098554588996423	0.353709685597233	615
-0.075418566040116	0.599664233386239	158
0.084707631991562	0.583255271587081	60
-0.0752164506176301	0.599532139278292	60
-0.033212332998339	0.87962044583674	60
-0.016440085400675	0.663088444368722	60
0.063079844351383	0.508356092101914	60
0.0479996846415251	0.471069360153076	391
-0.102475251870423	0.785499347813862	391
0.063199066387906	0.508334523103492	391
-0.01649467821567	0.663121538181514	60
-0.118325712212784	0.967675016408229	60
-0.041717902408649	0.630081234371633	60
0.063329730916325	0.508235697146491	60
-0.075061670752121	0.599394220982401	91
-0.038101962939554	0.414130609919789	91
0.048129316552884	0.471060482975925	91
-0.074232160893451	0.816656260054727	371
0.0629891738168	0.508029719553316	371
0.084581942720471	0.583588716949427	91
-0.042103503205385	0.630676821498528	818
0.048137044135346	0.471051609861451	818
-0.075321423367854	0.599706575982585	91
0.0843112917921321	0.583903474694665	9
0.04801543159285	0.470919168811955	9
0.084352289404545	0.58393081140269	9
-0.016306935255432	0.662900709878385	9
-0.098554588996423	0.353709685597233	17
0.01763654577387	0.441536831391427	43
-0.038343745757691	0.414362328106443	43
-0.038343745757691	0.414362328106443	43
-0.069940719016805	2.22523573065188	274
-0.057563878949744	1.43574203578252	53
-0.0434926697957559	1.26959898993952	53
-0.00442534249205095	1.1634813346483	53
-0.034348889915588	1.67426136138257	53
0.029080084212101	1.02806112978826	3
0.063185607178434	0.508383460359442	90
0.048159832487555	0.470997103993803	60
-0.041959463063889	0.630501322211344	391
0.048129316552884	0.471060482975925	60
0.0480761847510181	0.471043419126657	70
0.063133636804223	0.508263388565242	60
-0.074948796019937	0.599181802999873	60
0.063237475822118	0.508259419397331	149
0.063079844351383	0.508356092101914	149
0.048114455422043	0.470937287450026	149
-0.0163615331599321	0.663054207629342	91
0.017699342444723	0.441384704650949	91
0.063291371738374	0.508166632881355	91
0.063343219674838	0.508238057982816	91
-0.075061670752121	0.599394220982401	91
0.0178702860833611	0.441387161072424	91
0.063343219674838	0.508238057982816	91
0.075208565707402	0.545622611509452	214
-0.038464314880281	0.414424326723021	91
0.048198009660274	0.470952990233888	91
-0.075061670752121	0.599394220982401	91
0.01763654577387	0.441536831391427	591
0.048137044135346	0.471051609861451	591
0.091098694249095	0.622340682489739	9
-0.042005881270846	0.630719515069575	9
0.048121668982423	0.470978781688397	9
-0.102711082516985	0.785806559178677	87
0.048167513635818	0.471016343360915	43
0.017885151515488	0.441422043241892	43
-0.016414454254694	0.663108225094003	43
-0.041968693252402	0.630667165648645	43
-0.038222961863263	0.414264406349458	43
-0.075321423367854	0.599706575982585	43
0.104138995143692	1.18987300487512	53
0.036449495015181	1.06009534154101	3
0.075128371293633	0.5457500837636	90
0.063487175909114	0.507986633485621	90
-0.01630861954926	0.662972643880192	90
-0.118346108144841	0.967803357473854	463
-0.038473517099805	0.414356124603627	158
-0.041968693252402	0.630667165648645	60
0.075048171822478	0.545806361158126	60
-0.016414454254694	0.663108225094003	391
-0.07503796297973	0.599333001659143	60
0.063250955301187	0.508320544769257	70
-0.0752164506176301	0.599532139278292	60
-0.041824711396637	0.630454044297698	60
-0.075135049387965	0.599550836734038	91
-0.016520318870356	0.663134379752832	91
-0.042005881270846	0.630719515069575	91
0.048052963427586	0.470904281816488	91
-0.074778579016601	0.598838855860113	91
-0.102434235979929	0.785621130114425	91
0.075313030370492	0.545493532457957	91
0.063291371738374	0.508166632881355	91
0.04809882712395	0.471095771394012	91
0.075126927980529	0.545745098121915	91
-0.042089496111302	0.630754759552082	818
-0.016520318870356	0.663134379752832	9
0.084500194595213	0.583737580326332	87
0.048129316552884	0.471060482975925	43
-0.038222961863263	0.414264406349458	43
0.048052963427586	0.470904281816488	43
0.017963326955765	0.441341043477748	43
0.047365378537707	1.37574544019564	53
0.030159069318855	0.767629011155119	3
-0.085365605230031	1.18672827420513	3
0.1151313911778	0.796982333009138	464
0.08464804673191	0.583404380322973	69
0.0965095277865941	0.659705982328076	69
0.0751011590761021	0.545790922920221	90
0.075048171822478	0.545806361158126	463
-0.051564089565075	0.847478749417598	90
0.075099719386491	0.545679040142965	90
-0.097196756999081	0.352694669460464	26
-0.038464314880281	0.414424326723021	158
-0.016518666460027	0.662951172837911	60
0.04809882712395	0.471095771394012	60
0.063185607178434	0.508383460359442	60
0.062869958239239	0.508359311152914	149
-0.0383344554852471	0.414193392330842	91
0.048159832487555	0.470997103993803	91
-0.0754107477259231	0.59972581114889	91
-0.075224295078979	0.599634201404957	91
-0.0383344554852471	0.414193392330842	91
0.017885151515488	0.441422043241892	91
0.017822069649896	0.441368127807516	91
0.048129316552884	0.471060482975925	91
-0.038222961863263	0.414264406349458	818
-0.041885092082105	0.630573386077958	91
-0.075142928248916	0.599571444913089	91
0.0177143011176401	0.441519104636812	591
-0.038575520499092	0.414353051058273	591
0.0480761847510181	0.471043419126657	9
0.075340244041036	0.545452715371539	9
0.063093297955259	0.508417242046547	9
0.075234323214785	0.545649823465162	9
-0.118036501910335	0.967094569904697	9
0.017963326955765	0.441341043477748	17
0.063329730916325	0.508235697146491	43
0.048106601170115	0.471060653765222	43
0.0750209619564241	0.545799116154301	43
0.063473657557236	0.507925612342817	43
0.048129316552884	0.471060482975925	43
0.063329730916325	0.508235697146491	43
0.017885151515488	0.441422043241892	43
-0.0752164506176301	0.599532139278292	43
0.0986206159966589	1.86628982495602	6
0.114836113770316	1.5622045530264	274
0.027076276783452	1.50013818851409	53
0.0967027819941429	0.659694087387252	3
0.086122924556264	1.0273524193551	464
0.106439114394858	0.731042205742158	464
0.048106601170115	0.471060653765222	467
-0.075305771267545	0.599583968274633	331
0.0178702860833611	0.441387161072424	331
-0.016960511410826	0.910003387790672	69
0.101589503540426	0.696178267004561	463
0.091360124316574	0.622045105168558	90
0.09118480347394	0.622215677471984	463
0.075258608972036	0.545420306406661	60
0.00292846101567901	0.697751766608455	60
0.063329730916325	0.508235697146491	391
-0.041885092082105	0.630573386077958	70
-0.042149911388244	0.630754431915372	70
0.048060623814151	0.471077472243728	70
-0.118671534289838	0.967778579049284	60
0.0182792079387331	0.731954074928756	60
0.048274405061996	0.470624469209025	188
-0.038362274170581	0.414118625175472	188
0.048137044135346	0.471051609861451	188
-0.102626121428237	0.785899865880792	91
-0.075507917838031	0.599647704824105	91
-0.0749646380190711	0.599304485288219	91
-0.016281321352695	0.662925995029655	214
0.0178702860833611	0.441387161072424	91
0.00307849189864695	0.697565218519348	91
0.048091133154588	0.471042169258016	91
0.091339369202452	0.622085083749103	91
-0.038101962939554	0.414130609919789	91
0.0912947995307271	0.622151746026057	91
0.063250955301187	0.508320544769257	91
-0.118559784491131	0.967621680323685	9
-0.0752164506176301	0.599532139278292	9
0.063514201586973	0.507940032132344	87
0.07539170686106	0.54516836090086	43
-0.098554588996423	0.353709685597233	43
-0.037990233828196	0.414043933099704	43
0.063199066387906	0.508334523103492	43
-0.075142928248916	0.599571444913089	43
0.018056432898871	0.441217944876616	43
-0.0384550952589881	0.414291169728785	43
0.018056432898871	0.441217944876616	43
0.0178702860833611	0.441387161072424	43
-0.075329265417905	0.599645011435276	43
-0.098554588996423	0.353709685597233	43
0.075586361197558	1.28107055459562	53
0.050841643660876	0.833318508644783	464
-0.038695731466628	0.414371031823955	31
-0.102519190369605	0.785826602283405	69
0.096525015331737	0.660007482888487	69
-0.038657550350819	1.07582565539296	463
0.063316238487333	0.508174597084697	158
-0.038464314880281	0.414424326723021	158
0.084267323025439	0.583979591146226	60
0.101453259951264	0.696381948168372	206
0.00315989142489104	0.697262159893661	60
-0.038584669491101	0.414442391647873	60
-0.038232305482405	0.414275835906919	391
0.00310056827005101	0.697494286811066	70
0.084603981980349	0.583572903561045	60
-0.042066289731086	0.630748823283636	60
0.084729692313625	0.58323943561875	254
0.017807134329266	0.441473163114747	91
-0.042005881270846	0.630719515069575	91
0.0482972322887411	0.470609868870099	91
-0.016520318870356	0.663134379752832	214
0.075048171822478	0.545806361158126	91
0.084559898872544	0.583556844305442	91
0.04814485185986	0.4709545254248	591
0.048091133154588	0.471042169258016	91
0.018056432898871	0.441217944876616	591
-0.0752164506176301	0.599532139278292	9
0.084478180970231	0.583797970147497	9
0.075181351138205	0.545711507796161	17
0.017807134329266	0.441473163114747	43
0.04809882712395	0.471095771394012	43
-0.0259008558388471	2.23884095260415	6
0.00414556838376601	1.19526560384718	53
0.11803820152185	0.830518780593929	69
-0.075061670752121	0.599394220982401	90
0.075207110278836	0.545690657241514	60
0.063500690585278	0.50798896479976	60
0.063172144305836	0.508381075212563	70
-0.051742222533774	0.848030929183181	60
-0.01630861954926	0.662972643880192	60
0.084434139955068	0.583781834448672	149
-0.102500197789548	0.785757997478442	91
0.063356704764237	0.50818911175335	91
-0.118386907017763	0.967841950693089	91
0.04809882712395	0.471095771394012	91
-0.074972574974717	0.599243066457034	91
-0.042103503205385	0.630676821498528	214
-0.038353018666431	0.414337941238971	91
-0.0384550952589881	0.414291169728785	91
-0.016416122941331	0.662953426739208	91
0.048167513635818	0.471016343360915	91
0.048159832487555	0.470997103993803	91
0.048137044135346	0.471051609861451	591
-0.016306935255432	0.662900709878385	91
0.018293823466997	0.732107972025925	9
-0.098756633713589	0.353692019334519	17
0.04809882712395	0.471095771394012	87
0.017948515857331	0.441276325037825	43
0.017885151515488	0.441422043241892	43
-0.016334235224492	0.663007552598854	87
0.084519064067727	0.583713359197363	43
0.017885151515488	0.441422043241892	43
0.0480761847510181	0.471043419126657	43
0.017792214528392	0.441468073086455	43
0.064516502821268	1.22232180717718	53
0.11086928681787	0.763899578676715	69
0.018056432898871	0.441217944876616	90
0.075075383686997	0.545765523362656	90
0.063448965253187	0.507971440785624	463
0.084688893688887	0.583361206761243	158
-0.038464314880281	0.414424326723021	158
-0.075142928248916	0.599571444913089	158
0.096392829609214	0.660124538560593	60
-0.075135049387965	0.599550836734038	391
0.048137044135346	0.471051609861451	391
0.075102597552793	0.545676629601899	60
0.0843302922197891	0.583946577934216	60
0.091167236068756	0.622220304538874	149
-0.102519190369605	0.785826602283405	725
0.111146979469236	0.764243572648069	254
0.084289309702582	0.583963836619084	254
-0.102437271138424	0.785639292487699	214
0.063172144305836	0.508381075212563	214
0.017885151515488	0.441422043241892	91
0.030267446983573	0.767524505470819	214
0.048068364212171	0.4711048335323	91
-0.074252845534053	0.816670451212182	371
0.017978153477464	0.441299012127764	91
-0.016467382827036	0.663135102628169	91
0.048167513635818	0.471016343360915	91
0.075179899331267	0.545683412508346	91
0.096244095825467	0.660171664152563	91
0.017914928832515	0.441120871664386	591
0.063264431112624	0.508322918373419	9
-0.038584669491101	0.414442391647873	43
0.018056432898871	0.441217944876616	43
-0.074383750910279	0.816708876301236	43
-0.0692366483535361	1.40750420051033	53
-0.095393690498442	1.34896973349926	53
0.00991733888512503	0.967672941369186	3
0.018041660723745	0.441230120289073	331
0.017885151515488	0.441422043241892	90
-0.052032766544115	0.848200594717763	463
0.00299358534899896	0.697678094612967	158
0.074996598390961	0.545633475191682	158
-0.102497218741647	0.785707725980518	60
-0.051609898950477	0.847748253910572	60
-0.075329265417905	0.599645011435276	391
-0.051773173707065	0.847593107561254	60
0.0177143011176401	0.441519104636812	70
0.048068364212171	0.4711048335323	70
0.063250955301187	0.508320544769257	149
0.084286284089532	0.583821826978918	91
0.017921687581491	0.73290941491741	91
0.063237475822118	0.508259419397331	91
-0.037990233828196	0.414043933099704	91
0.091140106647141	0.622124624411602	214
-0.0743389656665699	0.816648580414172	214
0.017963326955765	0.441341043477748	91
0.017885151515488	0.441422043241892	91
-0.033212332998339	0.87962044583674	91
0.017962056258793	0.732767940869475	91
-0.075224295078979	0.599634201404957	591
-0.016465722469286	0.662980887554224	87
-0.075329265417905	0.599645011435276	43
0.00311921498448697	0.697457472057385	87
0.048228532197089	0.470856745105674	43
-0.00409935362358504	1.16332090464238	53
-0.102371276659045	0.785502406310806	158
-0.042210335867543	0.63072241981127	206
-0.0937888887719081	0.995398338733285	206
-0.102475251870423	0.785499347813862	60
-0.074146040742489	0.816512466993869	60
0.075126927980529	0.545745098121915	60
0.048106601170115	0.471060653765222	60
0.00303524391238197	0.69759436484439	60
0.017978153477464	0.441299012127764	91
0.075181351138205	0.545711507796161	91
0.063343219674838	0.508238057982816	371
0.07531597398075	0.545140006741687	371
0.048205724416729	0.470910260347338	91
-0.118214047976158	0.96759620565671	91
-0.041982672273346	0.630647826107759	91
0.048236200513971	0.470846950090697	591
-0.038584669491101	0.414442391647873	591
0.048137044135346	0.471051609861451	9
-0.016414454254694	0.663108225094003	9
0.084415246499077	0.583875515619935	9
-0.016412785933738	0.662981596025657	9
-0.051742222533774	0.848030929183181	9
-0.038353018666431	0.414337941238971	43
-0.075232150203982	0.599654790054676	87
0.048068364212171	0.4711048335323	87
-0.037980748731883	0.413953048132144	43
-0.042126707406141	0.630748496181635	43
0.0326312017891171	2.31317775172987	6
0.074974441699931	1.28215894594774	274
-0.0560813520553301	1.62602261618238	53
0.048068364212171	0.4711048335323	186
0.086697919476396	1.33590611392399	180
0.048091133154588	0.471042169258016	331
-0.102708246520331	0.785897774579404	69
-0.051900258284141	0.848203517793933	463
-0.09368791408267	0.995116678033945	463
-0.097833196182046	0.353207340512575	158
-0.038464314880281	0.414424326723021	158
0.017699342444723	0.441384704650949	158
0.09101257937746	0.622399868172444	60
0.084503231394096	0.583233416811917	60
-0.051589579730977	0.847760717326087	60
0.00271114991597599	0.697772920055963	60
0.048068364212171	0.4711048335323	149
0.063120194180064	0.508370712672486	149
0.017900032419528	0.441350213980641	149
-0.09771589802742	0.353095483927744	188
-0.041871143337214	0.630390709467059	91
0.091446188067871	0.621831737478407	214
0.00299358534899896	0.697678094612967	214
0.017963326955765	0.441341043477748	214
-0.09751494297264	0.353113627072122	361
-0.042029090058758	0.630725452876737	214
0.01763654577387	0.441536831391427	591
-0.042103503205385	0.630676821498528	591
0.063343219674838	0.508238057982816	591
-0.041968693252402	0.630667165648645	9
0.017807134329266	0.441473163114747	9
-0.102544196092807	0.785331386156768	9
0.0912947995307271	0.622151746026057	9
0.084267323025439	0.583979591146226	9
0.0750209619564241	0.545799116154301	9
-0.041959463063889	0.630501322211344	87
0.048129316552884	0.471060482975925	87
0.01777731021038	0.441303913539979	43
0.017885151515488	0.441422043241892	43
-0.098235856286303	0.353414829103439	43
0.017807134329266	0.441473163114747	87
-0.041885092082105	0.630573386077958	43
0.091270907046785	0.622020218125578	86
0.048205724416729	0.470910260347338	43
-0.0420430831368011	0.630677137943554	43
-0.098756633713589	0.353692019334519	43
-0.09751494297264	0.353113627072122	43
0.073267227083729	1.74629380586944	6
0.096661977274501	0.659600224918448	467
0.059782320208292	0.863780660938008	463
0.101344590536463	0.696551216840321	463
-0.09751494297264	0.353113627072122	158
-0.051986780795005	0.848266740933482	60
0.075365978735715	0.545352624230085	60
0.01763654577387	0.441536831391427	60
-0.102163752786656	0.784802609381908	60
-0.102519190369605	0.785826602283405	149
-0.098756633713589	0.353692019334519	188
-0.01630861954926	0.662972643880192	188
-0.0980343570804339	0.353432748047731	91
0.084371226517559	0.583859348821932	214
-0.042089496111302	0.630754759552082	214
0.063316238487333	0.508174597084697	91
-0.10245927880336	0.78552207559386	591
0.048183116294703	0.470731915364278	591
-0.075313591982397	0.599686009158765	9
-0.041824711396637	0.630454044297698	9
0.063133636804223	0.508263388565242	87
0.048114455422043	0.470937287450026	43
-0.098756633713589	0.353692019334519	43
0.018008252664161	0.732785272210026	86
-0.033204917828327	0.879534569504142	86
-0.03812077431086	0.414038094571237	43
-0.038353018666431	0.414337941238971	43
0.017900032419528	0.441350213980641	43
-0.102456218495276	0.785740006128746	43
-0.069229796323927	1.21267498544956	664
0.017948515857331	0.441276325037825	331
0.101496091196869	0.696462244264049	463
0.08443724960764	0.583815130524904	60
-0.10235235414452	0.785514109137052	60
0.084415246499077	0.583875515619935	60
-0.075313591982397	0.599686009158765	60
-0.016440085400675	0.663088444368722	149
0.048068364212171	0.4711048335323	91
0.048106601170115	0.471060653765222	91
-0.041968693252402	0.630667165648645	214
0.084308290447826	0.583914618045903	91
-0.041908305713741	0.630579329942369	593
-0.0383344554852471	0.414193392330842	591
-0.102456218495276	0.785740006128746	9
-0.016414454254694	0.663108225094003	9
0.00284229766136301	0.697755670727159	9
-0.037990233828196	0.414043933099704	43
-0.102289463536429	0.785323817891406	86
-0.038241631735444	0.41410029348193	43
0.050024639232281	2.25390784678014	562
0.063316238487333	0.508174597084697	738
0.115048379580401	0.797251752187961	664
-0.118193639208266	0.967467872110204	664
0.106544718597846	0.730870685159062	69
0.106506084011186	0.730929768371253	463
0.0966318504321359	0.659746051283924	206
0.091318609332057	0.622081457327723	60
-0.051813740537856	0.848049241128343	60
-0.0743389656665699	0.816648580414172	60
0.101647599967366	0.696186535969026	60
-0.075142928248916	0.599571444913089	149
0.063199066387906	0.508334523103492	149
-0.09771589802742	0.353095483927744	188
0.084603981980349	0.583572903561045	254
0.048106601170115	0.471060653765222	91
-0.016388829064612	0.663040642355053	214
-0.038464314880281	0.414424326723021	361
0.075288755062965	0.545413343996195	361
0.084415246499077	0.583875515619935	91
0.063408471126852	0.508125343240681	591
0.063343219674838	0.508238057982816	591
0.04809882712395	0.471095771394012	591
-0.041824711396637	0.630454044297698	9
-0.075232150203982	0.599654790054676	43
0.017963326955765	0.441341043477748	87
0.018056432898871	0.441217944876616	243
-0.038584669491101	0.414442391647873	43
-0.014823150811852	1.72036978275656	53
0.117524364026839	1.27214277685744	186
0.092975890961054	1.09470092754123	180
0.028817385682173	1.02883713103676	174
0.078306975374391	0.959384865383396	174
0.075234323214785	0.545649823465162	738
0.00290412257635297	0.697717017964945	60
-0.0162011144783351	0.66270873611259	60
0.101626157830299	0.696240291814015	60
-0.041982672273346	0.630647826107759	60
-0.075232150203982	0.599654790054676	149
0.096306353881472	0.660172892929773	149
-0.038101962939554	0.414130609919789	188
-0.038464314880281	0.414424326723021	617
0.063079844351383	0.508356092101914	617
0.063093297955259	0.508417242046547	617
0.063343219674838	0.508238057982816	617
0.0967027819941429	0.659694087387252	254
-0.074035939998639	0.816375692949902	254
0.091164084470982	0.622299304766125	254
0.017914928832515	0.441120871664386	91
0.0913808746746611	0.621961471167152	214
-0.016306935255432	0.662900709878385	91
-0.016359856860222	0.662954716710527	214
0.063329730916325	0.508235697146491	214
0.048068364212171	0.4711048335323	91
-0.074867619725942	0.599090428767936	91
-0.038111377288474	0.414177817025583	91
-0.016545965442813	0.663057988239818	91
-0.041885092082105	0.630573386077958	91
0.018071220485707	0.441051573299806	91
0.084204331235085	0.583989672620801	371
0.075102597552793	0.545676629601899	9
0.00294943082096499	0.697518286845058	9
-0.016600557268298	0.663091087595214	9
0.063264431112624	0.508322918373419	9
0.075075383686997	0.545765523362656	87
-0.038232305482405	0.414275835906919	43
-0.073946722165788	0.815989994097617	86
-0.098352883478491	0.353483822010577	43
-0.043305382818958	1.2689759875726	186
0.041088586376288	0.801159832729146	738
-0.038222961863263	0.414264406349458	331
-0.0750458549234641	0.599435065359958	90
-0.102711082516985	0.785806559178677	90
-0.041931519146898	0.630510016423755	90
0.062856547032857	0.50835689327287	90
0.0176215327131241	0.441435638108329	158
0.00294531359015005	0.697386606954188	158
-0.016359856860222	0.662954716710527	60
-0.0754029400831731	0.599705268512402	60
-0.118473343453346	0.967800638443948	60
0.075314502806718	0.545475329450318	60
0.075207110278836	0.545690657241514	60
0.0178702860833611	0.441387161072424	149
0.017809065046073	0.732950060175185	60
0.0177888935137011	0.732994395968385	60
-0.102541166752993	0.785872227558357	149
0.030224002920884	0.767444953286425	149
0.017822069649896	0.441368127807516	149
-0.041885092082105	0.630573386077958	617
0.017992995459897	0.441102845894737	617
0.017963326955765	0.441341043477748	617
0.00294943082096499	0.697518286845058	254
-0.033031690810956	0.879270841423898	254
-0.051742222533774	0.848030929183181	254
0.075182801725168	0.545513567053862	91
-0.041922270637053	0.630589539613816	91
0.048137044135346	0.471051609861451	91
-0.038111377288474	0.414177817025583	91
0.075126927980529	0.545745098121915	214
-0.038241631735444	0.41410029348193	413
-0.075232150203982	0.599654790054676	91
0.04814485185986	0.4709545254248	593
0.048159832487555	0.470997103993803	593
-0.038343745757691	0.414362328106443	591
0.063394965740158	0.508064277585327	9
-0.102500197789548	0.785757997478442	87
0.017807134329266	0.441473163114747	17
0.063185607178434	0.508383460359442	87
0.017963326955765	0.441341043477748	86
0.063027853296225	0.50843016111244	86
0.00314130593738404	0.697441333128085	86
0.018385706014257	0.440526867154893	43
-0.00254785816606096	0.938892813978603	186
0.118189216932734	0.8303413664145	186
0.00944913628454402	1.78975586966774	180
-0.00270408236602504	0.939260076031647	174
0.017809065046073	0.732950060175185	174
0.106385168934387	0.730595611527356	277
-0.016574907106478	0.663033619029199	195
0.0177292753209	0.441490978820015	90
0.063250955301187	0.508320544769257	90
-0.054238254417617	1.04886284514049	117
-0.03812077431086	0.414038094571237	158
-0.042066289731086	0.630748823283636	60
-0.102604151174065	0.785927542903538	60
0.029978301107267	0.767662450144979	60
0.101626157830299	0.696240291814015	60
-0.074122030630818	0.81651335162147	60
0.084478180970231	0.583797970147497	60
0.063435470882058	0.508078747495984	149
-0.038222961863263	0.414264406349458	149
0.063370186185948	0.508081781188768	149
0.084412112566762	0.583689090508115	254
0.048121668982423	0.470978781688397	254
0.04809882712395	0.471095771394012	91
-0.102563147890518	0.785844565177501	214
0.048159832487555	0.470997103993803	593
0.084289309702582	0.583963836619084	371
0.084078279932287	0.583934285373817	371
0.063329730916325	0.508235697146491	9
-0.016335915718494	0.662959083307172	9
-0.042019876326016	0.630530640063288	9
0.063277903257855	0.508273973989328	9
0.091143360720645	0.622339256267809	9
-0.01630861954926	0.662972643880192	87
-0.075313591982397	0.599686009158765	87
-0.016334235224492	0.663007552598854	86
0.063264431112624	0.508322918373419	43
0.0348472378597871	1.52459861873979	274
0.082326053288803	0.993584211490395	186
0.09645066475244	1.12764621895345	186
0.115155441411135	0.797063532308475	174
0.019821482074909	0.998303862239281	174
0.019455417782123	1.25808579547582	737
0.018120754932501	0.732594284903955	738
-0.085113286465642	1.18607887131131	195
0.048137044135346	0.471051609861451	90
0.018008252664161	0.732785272210026	463
0.091119402820051	0.622257069897141	90
0.063408471126852	0.508125343240681	90
0.018207291709443	0.732392184835594	90
0.075207110278836	0.545690657241514	90
-0.075313591982397	0.599686009158765	158
0.091274054880803	0.622191717871612	117
-0.0384550952589881	0.414291169728785	60
0.075208565707402	0.545622611509452	60
0.063093297955259	0.508417242046547	60
-0.098873389158817	0.353718585819526	149
-0.118341291598363	0.967656052372211	149
-0.074867619725942	0.599090428767936	725
-0.075313591982397	0.599686009158765	725
0.030318066175677	0.76741538842748	254
0.091143360720645	0.622339256267809	254
0.00305641110687505	0.697581345058754	91
0.048167513635818	0.471016343360915	593
0.00309711961107395	0.697414993980128	668
0.075126927980529	0.545745098121915	9
0.0966775307892	0.659742172425277	9
0.075154138563505	0.545752345612659	9
-0.038584669491101	0.414442391647873	17
-0.041991904254684	0.630597832764327	87
0.017963326955765	0.441341043477748	86
-0.041847927464025	0.630459992763821	86
0.048236200513971	0.470846950090697	43
-0.052735371085295	1.94598344998938	53
0.096388111047477	1.12760605284066	53
0.091903378173682	1.36260141543294	186
0.019595965999097	1.25707771627823	53
0.02711371459804	1.5000082393084	53
0.101453259951264	0.696381948168372	174
-0.00266266410985305	0.939349280187943	738
-0.038232305482405	0.414275835906919	31
-0.038222961863263	0.414264406349458	331
0.063329730916325	0.508235697146491	277
0.091297844705168	0.622029190945966	90
0.017885151515488	0.441422043241892	90
-0.038101962939554	0.414130609919789	158
-0.041824711396637	0.630454044297698	117
0.00311921498448697	0.697457472057385	60
-0.074956711698704	0.599283845361732	343
0.017900032419528	0.441350213980641	149
0.063000975595961	0.508366607900928	149
-0.075061670752121	0.599394220982401	725
0.063343219674838	0.508238057982816	254
0.017914928832515	0.441120871664386	361
-0.041982672273346	0.630647826107759	214
0.017885151515488	0.441422043241892	714
-0.0980343570804339	0.353432748047731	413
-0.038695731466628	0.414371031823955	413
0.091600407510906	0.62140362472847	91
0.018105450348108	0.440943772778367	593
-0.075305771267545	0.599583968274633	488
-0.0750458549234641	0.599435065359958	371
-0.041801495132781	0.63038238662287	9
0.048030140972728	0.471086554526434	482
0.063381456679012	0.507882757964933	9
0.091164084470982	0.622299304766125	9
0.048175274861663	0.470945497752617	17
-0.074342429836244	0.816614797282208	87
0.017948515857331	0.441276325037825	87
-0.075127181183508	0.599448766878507	43
0.017885151515488	0.441422043241892	43
-0.038343745757691	0.414362328106443	43
-0.086951978855302	2.17465900611766	274
-0.0969207551710261	1.70718913117903	186
0.019638023147005	1.25757093509703	186
-0.099278232245566	0.35392746874739	31
0.018071220485707	0.441051573299806	331
-0.016281321352695	0.662925995029655	277
-0.118295706573337	0.967332599824989	463
-0.0162011144783351	0.66270873611259	367
0.075207110278836	0.545690657241514	343
0.048068364212171	0.4711048335323	343
0.048137044135346	0.471051609861451	343
-0.075119323641709	0.599193489684866	60
-0.075240015986526	0.599593248021543	617
-0.016363209863184	0.66287188570123	617
0.115124403348209	0.797154342776926	254
0.096529920771235	0.659845262382997	254
-0.041945482047303	0.630661225316363	254
-0.09751494297264	0.353113627072122	395
0.0480379278286071	0.471087613431695	361
-0.038111377288474	0.414177817025583	91
0.063291371738374	0.508166632881355	413
-0.0980343570804339	0.353432748047731	413
0.047991931438493	0.470948690948521	91
-0.037990233828196	0.414043933099704	593
0.091143360720645	0.622339256267809	371
-0.041899059019307	0.63044304553037	482
0.048091133154588	0.471042169258016	482
0.048091133154588	0.471042169258016	482
-0.042066289731086	0.630748823283636	9
0.01763654577387	0.441536831391427	43
-0.01630861954926	0.662972643880192	87
0.040890355379255	0.800569653242942	87
-0.10237436794994	0.785486517852404	86
-0.075247892420489	0.59937445297054	43
0.075258608972036	0.545420306406661	43
-0.102541166752993	0.785872227558357	43
0.078135525098875	0.959983238907961	186
0.072992127922528	0.927278983107558	186
-0.085078640104893	1.18587344452003	186
0.059679413215101	0.863899135842536	186
0.115010367415259	0.797238656525503	174
-0.075232150203982	0.599654790054676	598
0.0594884091837909	0.86459287858874	737
-0.038343745757691	0.414362328106443	90
0.017885151515488	0.441422043241892	90
0.084352289404545	0.58393081140269	90
0.063435470882058	0.508078747495984	90
-0.038222961863263	0.414264406349458	117
-0.098235856286303	0.353414829103439	343
0.08444023225472	0.583288726426246	60
-0.041931519146898	0.630510016423755	343
0.0479996846415251	0.471069360153076	60
0.048068364212171	0.4711048335323	60
0.101424172102774	0.696482847151341	725
-0.041908305713741	0.630579329942369	725
0.030137323365088	0.767705345432537	725
0.00283852674213603	0.697739283194232	254
-0.097196756999081	0.352694669460464	395
-0.038343745757691	0.414362328106443	91
0.018134870756271	0.441106968732687	361
-0.051966504581451	0.848216899238901	214
0.018056432898871	0.441217944876616	714
-0.0384550952589881	0.414291169728785	413
-0.038232305482405	0.414275835906919	593
0.048198009660274	0.470952990233888	593
0.017963326955765	0.441341043477748	593
-0.033212332998339	0.87962044583674	668
0.048152231285691	0.470882504514928	9
-0.075127181183508	0.599448766878507	9
0.063041286660701	0.508381254265831	9
0.017963326955765	0.441341043477748	17
-0.074956711698704	0.599283845361732	144
-0.042089496111302	0.630754759552082	87
-0.075232150203982	0.599654790054676	87
0.084585136504098	0.583529006517462	86
0.017900032419528	0.441350213980641	43
-0.038222961863263	0.414264406349458	43
-0.032465012344292	1.2985338544136	53
0.059563306999273	0.864526088588019	186
-0.051477639002128	0.847338954046078	362
0.0966318504321359	0.659746051283924	362
0.050890458249765	0.833226538716828	174
-0.098352883478491	0.353483822010577	31
-0.0163615331599321	0.663054207629342	277
-0.016255713429042	0.662862174171496	277
0.084519064067727	0.583713359197363	277
0.0748877577113251	0.54568991955274	90
0.063527708915473	0.507832764068333	90
-0.037980748731883	0.413953048132144	343
0.06357937288619	0.507816047405359	343
0.017978153477464	0.441299012127764	343
0.075340244041036	0.545452715371539	60
-0.099075640655895	0.353944854479088	149
0.0177143011176401	0.441519104636812	149
-0.074059926477549	0.816268729099827	725
-0.01630861954926	0.662972643880192	725
-0.041847927464025	0.630459992763821	725
-0.093897514751612	0.995641991460564	254
-0.041847927464025	0.630459992763821	254
0.018094812759939	0.732583367161598	254
-0.038101962939554	0.414130609919789	361
0.018056432898871	0.441217944876616	413
0.017900032419528	0.441350213980641	593
-0.097833196182046	0.353207340512575	593
0.0479996846415251	0.471069360153076	593
-0.0980343570804339	0.353432748047731	488
-0.038464314880281	0.414424326723021	593
0.084434139955068	0.583781834448672	668
0.063356704764237	0.50818911175335	9
-0.075247892420489	0.59937445297054	9
0.0632125219358	0.508227184141461	9
-0.038232305482405	0.414275835906919	9
0.017807134329266	0.441473163114747	9
-0.038241631735444	0.41410029348193	144
-0.016520318870356	0.663134379752832	87
-0.042019876326016	0.630530640063288	86
0.048175274861663	0.470945497752617	43
-0.075135049387965	0.599550836734038	43
0.00294908055527099	0.697737592033022	43
-0.104197283460138	1.16190821073286	186
0.017807134329266	0.441473163114747	598
-0.098554588996423	0.353709685597233	31
0.018071220485707	0.441051573299806	472
0.030238569722612	0.767560566360836	277
-0.074956711698704	0.599283845361732	277
-0.118056934795257	0.967077633901596	277
-0.10258218567443	0.785881930049397	90
-0.074125355129181	0.816362037247588	90
0.048220943826483	0.470759815695374	90
-0.00275392830912502	0.939513411706335	367
0.084478180970231	0.583797970147497	117
0.091339369202452	0.622085083749103	117
-0.038222961863263	0.414264406349458	343
0.063277903257855	0.508273973989328	343
0.048106601170115	0.471060653765222	343
-0.096996344736511	0.352712982272515	149
-0.016440085400675	0.663088444368722	60
-0.038222961863263	0.414264406349458	149
0.063185607178434	0.508383460359442	725
-0.102689118389286	0.785923872930611	254
0.111258992788429	0.764045772884163	254
0.017855298774389	0.732964424136766	254
0.017978153477464	0.441299012127764	91
-0.098873389158817	0.353718585819526	770
0.075205653566335	0.545531757171661	361
0.063237475822118	0.508259419397331	214
-0.0384550952589881	0.414291169728785	714
-0.098352883478491	0.353483822010577	413
-0.038343745757691	0.414362328106443	593
-0.038241631735444	0.41410029348193	593
0.018056432898871	0.441217944876616	593
-0.038353018666431	0.414337941238971	488
-0.075061670752121	0.599394220982401	9
0.091143360720645	0.622339256267809	9
-0.0980343570804339	0.353432748047731	144
0.08456311694821	0.583637167488515	87
0.084685567081482	0.583223474804935	87
0.00324069238922398	1.41808135754156	53
0.00464482919864795	1.19457123397653	186
-0.013907037245658	1.13277988960288	186
-0.078980704057059	1.57256181460824	186
0.124081168353278	0.933154133581501	180
-0.00272474702788095	0.939086351682482	174
0.084500194595213	0.583737580326332	277
-0.074122030630818	0.81651335162147	90
-0.098554588996423	0.353709685597233	158
0.111150242782401	0.764135560218197	117
0.063185607178434	0.508383460359442	117
-0.042029090058758	0.630725452876737	343
-0.038222961863263	0.414264406349458	343
0.017885151515488	0.441422043241892	343
-0.042089496111302	0.630754759552082	343
0.075048171822478	0.545806361158126	343
-0.038222961863263	0.414264406349458	149
0.048198009660274	0.470952990233888	149
0.075154138563505	0.545752345612659	725
0.0845410928024371	0.583697557335818	254
-0.075135049387965	0.599550836734038	254
-0.01614992368499	0.662541981757469	254
0.048190374916138	0.470900828404984	91
0.00307849189864695	0.697565218519348	214
-0.09771589802742	0.353095483927744	488
0.0177143011176401	0.441519104636812	593
-0.0938470184670081	0.995547367050303	668
0.048121668982423	0.470978781688397	9
0.075313030370492	0.545493532457957	9
0.048167513635818	0.471016343360915	482
-0.075240015986526	0.599593248021543	9
0.075313030370492	0.545493532457957	9
-0.075150817760178	0.599509934408343	87
-0.0980343570804339	0.353432748047731	243
0.017963326955765	0.441341043477748	243
-0.038353018666431	0.414337941238971	43
-0.075492339365296	0.599688769725692	43
-0.00810622622753998	1.57348748017621	53
0.115120915008096	0.79715301838972	186
-0.02511535905544	1.10338446462142	186
0.091211792408884	0.622019672117386	174
-0.075240015986526	0.599593248021543	598
0.04809882712395	0.471095771394012	90
0.075154138563505	0.545752345612659	117
0.017978153477464	0.441299012127764	343
-0.074956711698704	0.599283845361732	177
0.017978153477464	0.441299012127764	343
0.075179899331267	0.545683412508346	343
0.0177143011176401	0.441519104636812	149
0.075154138563505	0.545752345612659	725
0.017948515857331	0.441276325037825	617
-0.041847927464025	0.630459992763821	361
0.063172144305836	0.508381075212563	714
-0.075135049387965	0.599550836734038	714
0.018026903922419	0.441132034202971	714
-0.038232305482405	0.414275835906919	593
0.0177292753209	0.441490978820015	9
0.048060623814151	0.471077472243728	482
-0.074859680316833	0.598988425816233	17
-0.038464314880281	0.414424326723021	144
-0.075313591982397	0.599686009158765	87
-0.051696367752016	0.847822357958661	186
-0.098235856286303	0.353414829103439	31
-0.042066289731086	0.630748823283636	31
-0.074956711698704	0.599283845361732	277
0.048137044135346	0.471051609861451	343
-0.041982672273346	0.630647826107759	177
0.0480379278286071	0.471087613431695	60
0.0177143011176401	0.441519104636812	759
-0.074875569768949	0.599111080191056	149
-0.074972574974717	0.599243066457034	149
-0.04176434001203	0.630299228341388	149
0.091211792408884	0.622019672117386	617
0.048167513635818	0.471016343360915	254
-0.016334235224492	0.663007552598854	361
0.084412112566762	0.583689090508115	91
0.063356704764237	0.50818911175335	91
-0.038111377288474	0.414177817025583	488
0.030064978116923	0.767718023455184	668
0.091360124316574	0.622045105168558	668
0.063093297955259	0.508417242046547	482
-0.075321423367854	0.599706575982585	17
0.017885151515488	0.441422043241892	17
0.063356704764237	0.50818911175335	87
0.075338766670477	0.54534540540273	87
0.017941873253126	0.73286505952673	43
0.003311077635477	0.696902987289913	43
0.020017065817635	1.25532173748712	274
0.06460329740619	1.22220483133517	53
0.106449538519196	0.730915650386072	186
-0.085466203097137	1.18679917205162	186
-0.00278010095959202	0.939378408331054	362
-0.016520318870356	0.663134379752832	174
-0.0980343570804339	0.353432748047731	472
-0.075321423367854	0.599706575982585	90
-0.051854317333041	0.848211428219714	90
0.063408471126852	0.508125343240681	117
0.041088586376288	0.801159832729146	206
0.048175274861663	0.470945497752617	343
0.0480761847510181	0.471043419126657	343
0.091250182351835	0.622152684934269	343
0.063264431112624	0.508322918373419	343
0.017963326955765	0.441341043477748	149
-0.042005881270846	0.630719515069575	254
-0.097833196182046	0.353207340512575	395
-0.098235856286303	0.353414829103439	413
-0.102522194565737	0.78564073577593	371
-0.042029090058758	0.630725452876737	482
-0.0980343570804339	0.353432748047731	144
-0.038222961863263	0.414264406349458	144
0.00310056827005101	0.697494286811066	87
0.075128371293633	0.5457500837636	87
0.063199066387906	0.508334523103492	43
0.063473657557236	0.507925612342817	43
0.117178381690247	1.27323078684668	53
0.123970235892514	0.933344611684419	53
-0.016721470804154	0.909156511770156	186
-0.104709949886538	1.51773793474106	186
0.12084951918661	0.863564281581963	186
0.111096461860513	0.764192824063773	362
-0.038111377288474	0.414177817025583	31
0.063172144305836	0.508381075212563	31
-0.0419547323838489	0.6302863210645	277
-0.10258218567443	0.785881930049397	90
0.017822069649896	0.441368127807516	343
-0.016279633249944	0.662720330762715	343
0.063343219674838	0.508238057982816	177
-0.038232305482405	0.414275835906919	177
0.075126927980529	0.545745098121915	60
0.017978153477464	0.441299012127764	759
0.00294531359015005	0.697386606954188	725
0.0482972322887411	0.470609868870099	254
0.017900032419528	0.441350213980641	91
-0.10241225822089	0.785412764059539	361
0.075128371293633	0.5457500837636	214
-0.07503796297973	0.599333001659143	714
0.0480840855585331	0.470891796209515	413
-0.016387156575993	0.663061566941855	91
-0.099278232245566	0.35392746874739	593
-0.016385484423359	0.662801208362155	593
-0.037990233828196	0.414043933099704	488
0.048167513635818	0.471016343360915	371
0.084352289404545	0.58393081140269	371
-0.074228832502071	0.816404667820575	371
0.075340244041036	0.545452715371539	668
-0.102626121428237	0.785899865880792	9
-0.038353018666431	0.414337941238971	482
0.084412112566762	0.583689090508115	9
0.063408471126852	0.508125343240681	9
-0.042005881270846	0.630719515069575	9
-0.041871143337214	0.630390709467059	9
0.017963326955765	0.441341043477748	9
0.040270509596973	1.34865277460788	53
0.042442815334355	1.54742971447691	53
0.075663090926112	1.28101210960043	53
-0.00411626284623001	1.16321561566654	186
0.0966775307892	0.659742172425277	362
0.063277903257855	0.508273973989328	598
0.091181500071604	0.621585557495417	598
-0.074972574974717	0.599243066457034	277
0.063277903257855	0.508273973989328	277
-0.041838664214195	0.630355242517293	90
-0.038343745757691	0.414362328106443	343
0.017978153477464	0.441299012127764	343
-0.038353018666431	0.414337941238971	759
0.063435470882058	0.508078747495984	149
-0.0750458549234641	0.599435065359958	149
0.00273174089086803	0.697817419589122	725
0.00284229766136301	0.697755670727159	725
-0.041968693252402	0.630667165648645	617
-0.041968693252402	0.630667165648645	617
-0.038464314880281	0.414424326723021	91
0.04814485185986	0.4709545254248	361
-0.042112702279816	0.630685418300134	714
-0.075321423367854	0.599706575982585	714
-0.038111377288474	0.414177817025583	413
0.063250955301187	0.508320544769257	593
-0.075232150203982	0.599654790054676	593
0.00294908055527099	0.697737592033022	668
0.075126927980529	0.545745098121915	9
-0.037990233828196	0.414043933099704	482
-0.075142928248916	0.599571444913089	482
0.0178702860833611	0.441387161072424	482
-0.074883530439411	0.599049724278248	87
-0.075142928248916	0.599571444913089	43
0.0963212018529081	1.12789620709144	53
-0.041945482047303	0.630661225316363	186
0.030325218267761	0.767300271531753	186
-0.124244300398611	1.65620207530559	186
0.063264431112624	0.508322918373419	362
-0.09751494297264	0.353113627072122	31
-0.099075640655895	0.353944854479088	277
0.0182922220559389	0.440774192607865	277
0.063343219674838	0.508238057982816	90
-0.102500197789548	0.785757997478442	90
-0.098554588996423	0.353709685597233	343
0.063264431112624	0.508322918373419	343
-0.0380925313061919	0.413882409633952	343
-0.038222961863263	0.414264406349458	343
-0.0980343570804339	0.353432748047731	343
0.0177143011176401	0.441519104636812	149
-0.038241631735444	0.41410029348193	149
-0.072723768400245	1.0225361734268	725
0.091208718711636	0.622276283523047	254
0.048175274861663	0.470945497752617	91
0.0178702860833611	0.441387161072424	361
0.0843932388020811	0.583891294044359	214
0.0177143011176401	0.441519104636812	593
-0.097314325335099	0.352888726716764	488
-0.07397057836553	0.816220702874999	371
0.096834803539702	0.659353972046466	668
-0.0742976131100031	0.81669058255381	668
0.048205724416729	0.470910260347338	9
-0.102626121428237	0.785899865880792	9
-0.041885092082105	0.630573386077958	9
-0.102541166752993	0.785872227558357	9
-0.038688600972386	1.07606933570764	9
-0.098352883478491	0.353483822010577	243
-0.038232305482405	0.414275835906919	243
-0.098554588996423	0.353709685597233	43
-0.075232150203982	0.599654790054676	86
0.063394965740158	0.508064277585327	86
0.063370186185948	0.508081781188768	43
0.086477530609109	1.33660416785357	53
0.091466944138325	0.62169931960784	186
0.104482133181143	1.18893075074114	180
-0.072651643034786	1.02233916097634	737
0.00962721189639404	0.968518311400869	737
0.0177292753209	0.441490978820015	31
-0.098352883478491	0.353483822010577	472
0.018100545250654	0.732585978686206	117
-0.0980343570804339	0.353432748047731	343
-0.038343745757691	0.414362328106443	343
-0.102371276659045	0.785502406310806	60
0.048198009660274	0.470952990233888	149
0.017792214528392	0.441468073086455	149
0.075207110278836	0.545690657241514	149
0.00320409808434496	0.697288451086869	725
0.041116599462428	0.801052662885613	725
0.091143360720645	0.622339256267809	725
-0.016332555104516	0.662774324721282	254
-0.098235856286303	0.353414829103439	770
-0.016283009867109	0.662848621894492	361
0.048183116294703	0.470731915364278	361
-0.042005881270846	0.630719515069575	214
0.017792214528392	0.441468073086455	714
-0.041838664214195	0.630355242517293	91
0.106261384429832	0.731050205766752	668
-0.017037786107609	0.91012511760372	668
-0.11830047519012	0.967771091298143	668
0.048129316552884	0.471060482975925	9
0.084245331761483	0.583947621249913	9
0.07507394885366	0.545783675338654	87
-0.09751494297264	0.353113627072122	243
0.063316238487333	0.508174597084697	86
-0.042149911388244	0.630754431915372	86
0.111279479956475	0.763962576400208	186
0.00475057603130502	1.19414098780574	186
-0.072589807937356	1.02222003348671	186
0.026397241236386	1.289681589113	186
0.101734786271922	0.695881018030326	362
0.019644866438506	1.25777022679174	180
0.0177143011176401	0.441519104636812	31
0.091119402820051	0.622257069897141	90
0.00312140115126003	0.697366293551526	90
-0.016440085400675	0.663088444368722	117
-0.075418566040116	0.599664233386239	343
0.04809882712395	0.471095771394012	343
-0.098352883478491	0.353483822010577	149
0.063435470882058	0.508078747495984	149
-0.01630861954926	0.662972643880192	725
0.0912947995307271	0.622151746026057	725
-0.051879977850183	0.848091208374749	254
-0.118407309964976	0.967743905919432	254
0.063250955301187	0.508320544769257	91
0.075181351138205	0.545711507796161	371
-0.07388450548169	0.815951786490639	668
0.084289309702582	0.583963836619084	9
0.048137044135346	0.471051609861451	9
-0.0980343570804339	0.353432748047731	17
-0.098554588996423	0.353709685597233	144
0.048091133154588	0.471042169258016	87
0.062908640108205	0.508166903673842	243
0.084581942720471	0.583588716949427	86
0.0726302420592701	0.928056316659165	186
-0.02646010476523	1.51925314082128	186
0.00313430235507906	1.418415422941	186
-0.095760482055231	1.35046997335069	186
0.072679037166711	0.927625616014175	737
0.0177143011176401	0.441519104636812	31
-0.0980343570804339	0.353432748047731	285
0.041088586376288	0.801159832729146	195
-0.016414454254694	0.663108225094003	195
-0.016467382827036	0.663135102628169	195
0.063343219674838	0.508238057982816	177
0.048030140972728	0.471086554526434	343
0.017558948417229	0.44151093634167	149
0.048068364212171	0.4711048335323	149
-0.074956711698704	0.599283845361732	149
0.0754204088045291	0.545223020806348	149
0.084374282001252	0.583870435607684	725
-0.01630861954926	0.662972643880192	725
0.07507394885366	0.545783675338654	254
0.106472594652315	0.730996143549834	254
-0.038343745757691	0.414362328106443	395
-0.038222961863263	0.414264406349458	770
0.063172144305836	0.508381075212563	214
-0.074473468693693	0.816525697593673	214
-0.118325712212784	0.967675016408229	668
-0.102371276659045	0.785502406310806	9
-0.075135049387965	0.599550836734038	9
-0.038343745757691	0.414362328106443	482
0.063237475822118	0.508259419397331	9
0.063500690585278	0.50798896479976	9
-0.041968693252402	0.630667165648645	17
0.04809882712395	0.471095771394012	87
0.017978153477464	0.441299012127764	43
-0.024873585015596	1.69884020486493	186
0.0859567199792251	1.02788998399473	180
0.050867145477455	0.833314384010154	737
-0.037878413463182	0.41380613890332	472
-0.093817956399095	0.995506580891877	195
-0.074056657166924	0.81638992795693	367
-0.016283009867109	0.662848621894492	206
-0.075240015986526	0.599593248021543	343
-0.075321423367854	0.599706575982585	343
0.017807134329266	0.441473163114747	149
0.048060623814151	0.471077472243728	149
-0.075240015986526	0.599593248021543	149
0.048060623814151	0.471077472243728	725
0.063185607178434	0.508383460359442	725
-0.016254021125977	0.662819169364524	725
0.017885151515488	0.441422043241892	395
0.048167513635818	0.471016343360915	770
-0.0163615331599321	0.663054207629342	361
0.084478180970231	0.583797970147497	668
-0.074056657166924	0.81638992795693	9
0.04809882712395	0.471095771394012	9
-0.038343745757691	0.414362328106443	482
0.048159832487555	0.470997103993803	482
0.018026903922419	0.441132034202971	482
0.0751526903693121	0.545617365600518	9
-0.042029090058758	0.630725452876737	87
0.017807134329266	0.441473163114747	43
-0.00429468013348699	1.16360760756227	186
0.063421972840391	0.508127690026033	277
-0.016412785933738	0.662981596025657	277
0.106433958541662	0.731013916701746	195
0.0631067478976231	0.508419637507065	90
0.096804752497389	0.659117340265479	90
0.084519064067727	0.583713359197363	367
0.075154138563505	0.545752345612659	177
0.063329730916325	0.508235697146491	177
0.075367459696125	0.545363877292345	177
-0.033161774165633	0.879544208868488	177
0.063185607178434	0.508383460359442	356
-0.03812077431086	0.414038094571237	759
-0.016334235224492	0.663007552598854	149
0.063264431112624	0.508322918373419	725
-0.10235235414452	0.785514109137052	149
0.063277903257855	0.508273973989328	725
0.063514201586973	0.507940032132344	254
0.017807134329266	0.441473163114747	361
0.017835117517898	0.732956068850818	361
-0.038362274170581	0.414118625175472	361
0.017978153477464	0.441299012127764	413
-0.038473517099805	0.414356124603627	413
0.075181351138205	0.545711507796161	91
-0.037990233828196	0.414043933099704	593
0.04821351931622	0.470722899920714	371
0.00299030427202895	0.697540867601289	668
0.096306353881472	0.660172892929773	668
0.075261538141902	0.545560938008652	9
0.075473350126422	0.545046028820666	9
0.01814960398396	0.440970472276922	9
-0.042029090058758	0.630725452876737	9
0.017885151515488	0.441422043241892	9
0.0177143011176401	0.441519104636812	87
-0.016440085400675	0.663088444368722	86
0.063552313915888	0.507752768813472	86
0.08643885734172	1.55944873858025	53
0.120738206555671	0.863574214702149	186
-0.0332413060537901	0.879597911233598	362
-0.118280070505847	0.96771546914886	174
0.111120118689891	0.764221558904333	195
-0.118061626719501	0.96713148078061	195
0.00324828705636504	0.697087935571018	90
0.017855298774389	0.732964424136766	195
0.0178702860833611	0.441387161072424	90
-0.075581789811885	0.59962952394393	367
-0.0752164506176301	0.599532139278292	158
-0.097314325335099	0.352888726716764	158
0.096748392730618	0.659515019869379	117
0.096652229333991	0.659588034301257	177
-0.041899059019307	0.63044304553037	177
0.048159832487555	0.470997103993803	177
-0.042005881270846	0.630719515069575	60
-0.037990233828196	0.414043933099704	759
-0.03812077431086	0.414038094571237	149
0.017963326955765	0.441341043477748	149
-0.0754029400831731	0.599705268512402	617
-0.016332555104516	0.662774324721282	254
0.063027853296225	0.50843016111244	254
-0.041908305713741	0.630579329942369	254
-0.097833196182046	0.353207340512575	770
-0.016281321352695	0.662925995029655	361
-0.099278232245566	0.35392746874739	361
-0.038232305482405	0.414275835906919	593
-0.0980343570804339	0.353432748047731	488
-0.09751494297264	0.353113627072122	488
-0.038575520499092	0.414353051058273	488
0.063408471126852	0.508125343240681	371
-0.102563147890518	0.785844565177501	668
-0.118193639208266	0.967467872110204	668
0.048198009660274	0.470952990233888	482
-0.0162301115167101	0.662706630838277	9
-0.037990233828196	0.414043933099704	9
-0.038353018666431	0.414337941238971	144
0.017855436085875	0.441193221226084	87
0.096789205661196	0.659515020496852	86
-0.038101962939554	0.414130609919789	86
-0.042140730414016	0.630498390847998	43
0.086399061692408	1.33688274738996	53
0.063329730916325	0.508235697146491	31
-0.038111377288474	0.414177817025583	472
0.040767585389338	0.801232124004232	195
0.075128371293633	0.5457500837636	117
0.04809882712395	0.471095771394012	149
0.084456162756553	0.583813760351764	725
0.096479300764425	0.660012762681798	254
-0.016520318870356	0.663134379752832	254
-0.075232150203982	0.599654790054676	361
0.048068364212171	0.4711048335323	593
-0.075232150203982	0.599654790054676	371
-0.016521971569426	0.663034320453265	371
0.07539170686106	0.54516836090086	668
-0.0161226246794109	0.662495372105202	668
-0.093860776421083	0.995378955807199	668
0.0480379278286071	0.471087613431695	482
-0.0383344554852471	0.414193392330842	482
0.075046740623488	0.545717615515664	9
-0.0937888887719081	0.995398338733285	9
0.048167513635818	0.471016343360915	9
0.04809882712395	0.471095771394012	9
-0.0750695946244711	0.599175566865411	9
0.017978153477464	0.441299012127764	17
-0.0980343570804339	0.353432748047731	144
0.063145207565161	0.508138259065505	87
0.048129316552884	0.471060482975925	87
0.075128371293633	0.5457500837636	87
0.075099719386491	0.545679040142965	87
0.075154138563505	0.545752345612659	43
0.063199066387906	0.508334523103492	43
0.033357929626684	1.31927608032221	53
0.0363185482017721	1.060396685606	186
-0.02520324269526	1.1037055192052	174
0.111194385500599	0.764123098255853	174
-0.098873389158817	0.353718585819526	472
-0.037868874847883	0.413866295648985	472
0.10669413169073	0.730357601651566	277
0.030216828572321	0.767608928160328	195
0.084333269293257	0.583795320835331	90
0.018034213142027	0.732716523926003	206
0.063356704764237	0.50818911175335	177
-0.041861878249689	0.630501710651017	356
-0.041908305713741	0.630579329942369	60
0.0480379278286071	0.471087613431695	149
0.063421972840391	0.508127690026033	149
0.048167513635818	0.471016343360915	149
-0.041945482047303	0.630661225316363	149
-0.075150817760178	0.599509934408343	149
0.048091133154588	0.471042169258016	149
0.063277903257855	0.508273973989328	149
-0.075142928248916	0.599571444913089	149
-0.10235235414452	0.785514109137052	725
-0.0163615331599321	0.663054207629342	254
-0.075135049387965	0.599550836734038	254
-0.038584669491101	0.414442391647873	361
-0.0752164506176301	0.599532139278292	361
-0.0162301115167101	0.662706630838277	361
0.063291371738374	0.508166632881355	361
-0.016441749899156	0.663094658546721	361
0.084204331235085	0.583989672620801	214
-0.038111377288474	0.414177817025583	714
-0.074859680316833	0.598988425816233	413
0.048129316552884	0.471060482975925	593
0.106477768959131	0.730983083314581	371
-0.016927126718744	0.909955148110897	668
0.0177888935137011	0.732994395968385	668
0.106583361659079	0.730771413760415	668
0.075126927980529	0.545745098121915	9
0.0177143011176401	0.441519104636812	482
-0.075061670752121	0.599394220982401	9
-0.041968693252402	0.630667165648645	9
0.048129316552884	0.471060482975925	9
-0.0980343570804339	0.353432748047731	17
-0.038464314880281	0.414424326723021	144
0.075075383686997	0.545765523362656	87
0.084732970317284	0.58308406701156	87
-0.000462982268681023	1.94370014896358	53
0.121685900320273	1.29861361679635	53
0.082098772900553	0.994177509644416	53
0.054262587124805	1.15748139076361	186
-0.038685114837968	1.0761248974427	362
0.106611704711242	0.730674581713647	174
0.030064978116923	0.767718023455184	174
0.0480379278286071	0.471087613431695	277
-0.016388829064612	0.663040642355053	277
-0.072661932213419	1.0224398466382	195
0.018074615566919	0.732680480598904	367
-0.038353018666431	0.414337941238971	158
-0.016387156575993	0.663061566941855	117
0.030296329830318	0.767438477700058	206
-0.016334235224492	0.663007552598854	206
0.0912947995307271	0.622151746026057	177
0.048167513635818	0.471016343360915	343
0.063500690585278	0.50798896479976	149
0.04814485185986	0.4709545254248	149
-0.038222961863263	0.414264406349458	149
0.091140106647141	0.622124624411602	725
0.01774854247933	0.732918890317892	254
0.084500194595213	0.583737580326332	254
0.017978153477464	0.441299012127764	361
-0.074867619725942	0.599090428767936	361
-0.0980343570804339	0.353432748047731	770
-0.038241631735444	0.41410029348193	361
-0.038473517099805	0.414356124603627	714
-0.037999701638591	0.413940026884914	593
-0.038343745757691	0.414362328106443	488
-0.016281321352695	0.662925995029655	371
0.0843112917921321	0.583903474694665	9
-0.075224295078979	0.599634201404957	9
-0.042173115154123	0.630685101687991	9
0.048114455422043	0.470937287450026	9
-0.0980343570804339	0.353432748047731	171
0.084456162756553	0.583813760351764	17
-0.074875569768949	0.599111080191056	17
0.075179899331267	0.545683412508346	87
0.08117795602505	1.30895886016747	53
-0.111614346326997	1.99183184398311	53
0.060353841829047	1.42977838131818	186
-0.00279818433735701	0.939535965995986	174
-0.075127181183508	0.599448766878507	277
-0.098554588996423	0.353709685597233	277
0.030289194066881	0.767451436739019	195
-0.051920541205241	0.848253372479533	195
0.0913808746746611	0.621961471167152	195
-0.075142928248916	0.599571444913089	177
0.048137044135346	0.471051609861451	177
-0.016416122941331	0.662953426739208	343
0.063394965740158	0.508064277585327	356
0.017978153477464	0.441299012127764	60
-0.038111377288474	0.414177817025583	759
-0.042005881270846	0.630719515069575	149
0.063329730916325	0.508235697146491	149
0.048022434192649	0.470939585084635	149
0.091363116198774	0.621899506241714	725
0.048129316552884	0.471060482975925	725
-0.041982672273346	0.630647826107759	725
0.063079844351383	0.508356092101914	254
0.084500194595213	0.583737580326332	254
0.00320409808434496	0.697288451086869	254
0.075179899331267	0.545683412508346	254
0.101496091196869	0.696462244264049	254
0.017963326955765	0.441341043477748	361
0.048114455422043	0.470937287450026	361
0.0629623438568661	0.508363175369417	361
-0.075305771267545	0.599583968274633	361
-0.098756633713589	0.353692019334519	593
0.018056432898871	0.441217944876616	593
-0.041778278670169	0.63023596164161	371
0.074889163524393	0.5456988850897	482
0.048060623814151	0.471077472243728	9
-0.075150817760178	0.599509934408343	9
0.048167513635818	0.471016343360915	9
-0.09751494297264	0.353113627072122	9
0.017792214528392	0.441468073086455	9
0.018026903922419	0.441132034202971	144
-0.0750458549234641	0.599435065359958	144
-0.038464314880281	0.414424326723021	43
0.063435470882058	0.508078747495984	43
-0.067172360518161	1.59885219376187	186
0.00100542026515904	1.59824665928962	186
0.00328897519083804	0.697032537751397	362
0.002924720643118	0.697589302029009	174
-0.016467382827036	0.663135102628169	174
0.12418158743058	0.93299502262236	737
-0.033233907202916	0.879631453075957	31
-0.098554588996423	0.353709685597233	472
0.018054415695141	0.732724845641667	365
-0.118280070505847	0.96771546914886	365
0.018056432898871	0.441217944876616	586
-0.042066289731086	0.630748823283636	90
0.0177292753209	0.441490978820015	343
-0.07503796297973	0.599333001659143	60
0.048137044135346	0.471051609861451	60
0.048045794888565	0.470997917343372	60
0.017885151515488	0.441422043241892	149
-0.07539514311777	0.599603262801723	149
0.063158677768567	0.508319933207446	149
0.017792214528392	0.441468073086455	149
-0.075597320795644	0.599588438386418	725
0.096550311400883	0.659917332501928	725
-0.033096933641716	0.87884720496467	254
0.091208718711636	0.622276283523047	254
-0.038353018666431	0.414337941238971	395
0.063199066387906	0.508334523103492	714
0.074913554261459	0.545532433957082	593
-0.102541166752993	0.785872227558357	371
0.096463869771731	0.65993529092087	668
0.018100545250654	0.732585978686206	371
-0.102563147890518	0.785844565177501	668
-0.074122030630818	0.81651335162147	668
0.048106601170115	0.471060653765222	9
0.091360124316574	0.622045105168558	106
0.075288755062965	0.545413343996195	106
0.09657069967864	0.659939226936215	106
0.090991871745561	0.622396171256163	106
-0.098554588996423	0.353709685597233	144
0.017792214528392	0.441468073086455	87
0.089216976913623	1.06211101592047	186
0.017948515857331	0.441276325037825	174
0.124322964582479	0.932666999828739	195
0.073163838331017	0.92700424816987	195
0.075128371293633	0.5457500837636	586
0.00322264132060901	0.697077204422489	90
-0.042029090058758	0.630725452876737	90
-0.09751494297264	0.353113627072122	90
-0.041703977949106	0.63010119200323	177
-0.038575520499092	0.414353051058273	177
0.017914928832515	0.441120871664386	343
-0.038343745757691	0.414362328106443	343
0.075075383686997	0.545765523362656	60
-0.073991306393046	0.816234952867646	60
0.048091133154588	0.471042169258016	149
0.030289194066881	0.767451436739019	725
0.096616353695589	0.659805884953559	725
0.017807134329266	0.441473163114747	784
0.063421972840391	0.508127690026033	361
0.00299358534899896	0.697678094612967	214
0.091336274571196	0.621935646428968	214
0.0175438809371939	0.441453292209616	593
-0.051589579730977	0.847760717326087	668
-0.038213600919535	0.414059767247702	482
-0.051925959591612	0.84792250030933	9
0.075288755062965	0.545413343996195	9
0.017744265090916	0.441342441812926	86
0.060162530835112	1.43015512520803	274
0.108843490281319	1.21765555311759	53
0.106650327754188	0.730575376207787	186
-0.017132637800061	0.910025962739561	186
0.019459969757363	1.25822849742709	186
-0.051854317333041	0.848211428219714	174
-0.0936740607329321	0.994820453716859	277
0.048060623814151	0.471077472243728	177
-0.038232305482405	0.414275835906919	343
0.017558948417229	0.44151093634167	343
-0.098352883478491	0.353483822010577	759
-0.016441749899156	0.663094658546721	60
-0.0163615331599321	0.663054207629342	149
-0.098756633713589	0.353692019334519	784
-0.033291869196302	0.879647329905455	254
-0.016387156575993	0.663061566941855	361
0.096504635821028	0.660029290410333	361
-0.01630861954926	0.662972643880192	361
-0.042005881270846	0.630719515069575	361
-0.10258218567443	0.785881930049397	361
-0.075305771267545	0.599583968274633	714
-0.098235856286303	0.353414829103439	488
-0.0980343570804339	0.353432748047731	488
-0.0980343570804339	0.353432748047731	488
-0.098352883478491	0.353483822010577	488
0.020151529933808	0.998046884448874	668
0.106516431991919	0.730883765181406	668
0.0966775307892	0.659742172425277	668
0.0845410928024371	0.583697557335818	106
-0.041922270637053	0.630589539613816	9
0.073135539011758	0.927071975238531	106
-0.038343745757691	0.414362328106443	9
-0.0980343570804339	0.353432748047731	144
0.059515524940443	0.864588436498283	511
-0.038370816624904	1.07497909400234	186
0.111211631993151	0.764126122812867	186
-0.024361452710704	1.69768218682215	180
-0.038222961863263	0.414264406349458	174
0.017978153477464	0.441299012127764	382
0.075154138563505	0.545752345612659	365
-0.038241631735444	0.41410029348193	90
0.017963326955765	0.441341043477748	90
-0.118193639208266	0.967467872110204	90
0.066921165646416	0.895319568008571	367
0.063343219674838	0.508238057982816	117
0.018014007904996	0.732649433554209	117
-0.038575520499092	0.414353051058273	177
0.0177292753209	0.441490978820015	343
-0.038101962939554	0.414130609919789	343
-0.0384550952589881	0.414291169728785	759
0.048129316552884	0.471060482975925	149
0.091404661651203	0.621955343661036	149
-0.042089496111302	0.630754759552082	149
0.017963326955765	0.441341043477748	725
-0.07265680642893	1.02243627863209	254
0.0841603651283021	0.583864902586556	254
0.050799487799396	0.833451751970731	254
-0.0750458549234641	0.599435065359958	714
0.0302746101922871	0.76738464964987	668
0.111052272788872	0.764246924917478	668
0.106372181067794	0.731074151392489	668
0.075154138563505	0.545752345612659	9
0.0908850502192	0.622223718417917	87
0.017855298774389	0.732964424136766	658
-0.099278232245566	0.35392746874739	43
0.00288660350334602	0.697588871364216	86
-0.0690957841737641	1.40714579212686	180
0.017947666343921	0.732754184124322	382
0.048030140972728	0.471086554526434	277
0.04809882712395	0.471095771394012	586
-0.02520664673843	1.10369837783699	195
-0.016904107647309	0.909772188157951	206
-0.038343745757691	0.414362328106443	343
-0.075142928248916	0.599571444913089	60
0.018041660723745	0.441230120289073	784
0.01763654577387	0.441536831391427	361
0.018056432898871	0.441217944876616	361
-0.075135049387965	0.599550836734038	714
-0.038353018666431	0.414337941238971	593
-0.038575520499092	0.414353051058273	593
-0.037990233828196	0.414043933099704	488
-0.074187426761161	0.816606642247111	668
0.00318199696521804	0.697304602378743	9
-0.0980343570804339	0.353432748047731	144
0.0480379278286071	0.471087613431695	87
0.030477047225427	0.766894083590797	658
0.075365978735715	0.545352624230085	87
-0.093926576391227	0.995612510243009	511
-0.037990233828196	0.414043933099704	427
-0.041959463063889	0.630501322211344	43
0.117004301161983	1.77419348278837	358
0.086341042531786	1.33694443395022	186
-0.041693265448626	2.14578876919208	180
-0.0163615331599321	0.663054207629342	365
-0.016893732471302	0.909880805478442	365
0.04797713468845	0.470963379535774	277
-0.016387156575993	0.663061566941855	367
-0.016573262377946	0.663104637362673	367
0.0178702860833611	0.441387161072424	61
-0.041801495132781	0.63038238662287	177
-0.102500197789548	0.785757997478442	356
0.091665612220432	0.621148091012793	356
0.063356704764237	0.50818911175335	60
0.048129316552884	0.471060482975925	149
-0.102563147890518	0.785844565177501	725
0.07507394885366	0.545783675338654	725
-0.016254021125977	0.662819169364524	725
-0.098756633713589	0.353692019334519	422
-0.042089496111302	0.630754759552082	725
0.017948515857331	0.441276325037825	617
0.030187946152239	0.767645000664507	254
-0.075297961229266	0.599328697195459	361
0.017885151515488	0.441422043241892	361
0.048129316552884	0.471060482975925	361
-0.016283009867109	0.662848621894492	361
0.017885151515488	0.441422043241892	361
0.002924720643118	0.697589302029009	214
0.075048171822478	0.545806361158126	214
-0.098554588996423	0.353709685597233	413
0.063250955301187	0.508320544769257	214
0.075208565707402	0.545622611509452	214
-0.074859680316833	0.598988425816233	593
-0.075053757516349	0.59945569070679	593
-0.074101324313536	0.816499131413652	9
0.030187946152239	0.767645000664507	106
-0.041945482047303	0.630661225316363	106
-0.118254872563462	0.96763483364418	106
-0.075232150203982	0.599654790054676	87
-0.074256280257576	0.816460243625329	86
-0.118774335649097	1.48849450533512	720
0.100498048736166	1.15812953566628	720
0.031836241880864	1.69326325142219	180
0.11805564447366	0.83039430178076	382
0.05930750144374	1.19090296005771	382
0.042654393192453	1.09330881383495	195
-0.016416122941331	0.662953426739208	61
-0.0164930216918751	0.663087724450388	206
-0.052027340674671	0.848172105335391	206
0.084603981980349	0.583572903561045	356
-0.016204515647395	0.66244139146955	356
-0.01630861954926	0.662972643880192	60
-0.075240015986526	0.599593248021543	60
0.048198009660274	0.470952990233888	149
0.063158677768567	0.508319933207446	254
-0.0754029400831731	0.599705268512402	214
0.084456162756553	0.583813760351764	214
-0.075329265417905	0.599645011435276	714
0.084308290447826	0.583914618045903	214
0.048129316552884	0.471060482975925	668
-0.09751494297264	0.353113627072122	234
0.048068364212171	0.4711048335323	508
-0.016334235224492	0.663007552598854	9
-0.099597513992659	0.354101235493265	171
-0.016573262377946	0.663104637362673	658
-0.0938470184670081	0.995547367050303	658
0.00309711961107395	0.697414993980128	658
0.04809882712395	0.471095771394012	87
-0.041847927464025	0.630459992763821	87
0.018026903922419	0.441132034202971	543
-0.041945482047303	0.630661225316363	87
-0.074166731286506	0.816592436654914	86
0.091036540068653	0.622324586594689	86
0.096748392730618	0.659515019869379	86
0.0966444067091899	1.38865869365784	180
-0.111905141056019	1.32447770459397	365
-0.038464314880281	0.414424326723021	277
0.017948515857331	0.441276325037825	277
0.101568040044437	0.696317763664638	195
-0.01716062053853	0.909738981566648	206
-0.041861878249689	0.630501710651017	343
0.0410552948306659	0.801217980767438	725
0.096529920771235	0.659845262382997	60
0.048205724416729	0.470910260347338	60
0.075313030370492	0.545493532457957	149
0.0843932388020811	0.583891294044359	149
-0.118457845445239	0.967757158139738	149
0.096525015331737	0.660007482888487	725
0.0843932388020811	0.583891294044359	725
-0.074252845534053	0.816670451212182	725
0.048205724416729	0.470910260347338	725
-0.038477915241669	1.07547709547548	254
-0.0749646380190711	0.599304485288219	254
-0.038343745757691	0.414362328106443	214
0.0750209619564241	0.545799116154301	214
-0.042066289731086	0.630748823283636	361
0.017807134329266	0.441473163114747	361
0.048236200513971	0.470846950090697	593
-0.096796269002475	0.352488687791578	234
-0.097314325335099	0.352888726716764	234
0.075126927980529	0.545745098121915	9
-0.041959463063889	0.630501322211344	9
-0.102286341248275	0.785141342567006	9
-0.016441749899156	0.663094658546721	668
0.04809882712395	0.471095771394012	508
-0.041982672273346	0.630647826107759	508
-0.11845294692131	0.967898691134635	106
-0.051701613745023	0.847993548421683	106
-0.102415268225124	0.785666912193693	9
-0.11830047519012	0.967771091298143	20
-0.098554588996423	0.353709685597233	751
-0.097314325335099	0.352888726716764	751
-0.033219704423789	0.8794291957937	511
-0.033306010579182	0.879552427593375	720
0.042057903659204	1.54860201166111	180
0.0605347497925069	1.42872003901686	180
-0.00567408617666099	1.39082838517253	180
0.112759327419565	1.2465453499343	180
0.017792214528392	0.441468073086455	277
0.018253383597483	0.732249380643148	195
0.111187964690534	0.764136797073376	195
0.0751011590761021	0.545790922920221	60
0.091469932201992	0.621800727696444	60
0.0631067478976231	0.508419637507065	60
-0.033313448133329	0.879692424932182	254
-0.0980343570804339	0.353432748047731	214
0.084666848488965	0.583421581205999	214
0.075208565707402	0.545622611509452	214
0.048114455422043	0.470937287450026	361
-0.041861878249689	0.630501710651017	361
0.048121668982423	0.470978781688397	361
-0.0742976131100031	0.81669058255381	214
0.075260074216374	0.545605022666558	214
0.08418524363156	0.58389934993478	214
0.075154138563505	0.545752345612659	214
0.0912947995307271	0.622151746026057	668
-0.075135049387965	0.599550836734038	234
0.00301461825294003	0.697663368297709	106
0.048129316552884	0.471060482975925	106
0.048091133154588	0.471042169258016	9
0.063014416275205	0.508427756633545	86
0.062505360143285	2.01316837527519	358
0.106416105282094	0.730901247199573	720
0.124459075506433	0.932193343805565	720
-0.110066145936693	1.6811175850306	180
0.018100715655766	1.6438701346739	180
-0.016388829064612	0.663040642355053	60
0.063158677768567	0.508319933207446	60
0.084497030745063	0.58368145739329	60
0.063264431112624	0.508322918373419	725
-0.016385484423359	0.662801208362155	60
0.063264431112624	0.508322918373419	725
-0.033024292766798	0.879147658074911	254
-0.038222961863263	0.414264406349458	700
0.017900032419528	0.441350213980641	214
-0.075232150203982	0.599654790054676	214
-0.016441749899156	0.663094658546721	361
0.063408471126852	0.508125343240681	214
-0.033371409275774	0.879577471827131	214
-0.0980343570804339	0.353432748047731	234
0.017699342444723	0.441384704650949	234
0.0751011590761021	0.545790922920221	668
0.0845410928024371	0.583697557335818	9
-0.038464314880281	0.414424326723021	9
-0.038575520499092	0.414353051058273	508
0.101597096157761	0.696299714495301	106
0.075102597552793	0.545676629601899	658
-0.038464314880281	0.414424326723021	751
0.084371226517559	0.583859348821932	86
0.041199135682868	0.80076547113824	195
-0.069272216254451	1.21243474475569	195
-0.033262890990625	0.879669854109761	206
0.048106601170115	0.471060653765222	60
0.091143360720645	0.622339256267809	60
0.00287969531160903	0.69740892838338	60
-0.042052298639449	0.630656110813843	149
-0.097833196182046	0.353207340512575	422
0.063120194180064	0.508370712672486	361
-0.042140730414016	0.630498390847998	361
0.00305641110687505	0.697581345058754	214
-0.051661014987215	0.847699078891519	668
0.096697918450386	0.659634596918749	668
-0.118320882219923	0.967754079816769	668
0.106439114394858	0.731042205742158	668
0.048091133154588	0.471042169258016	234
-0.098235856286303	0.353414829103439	234
-0.097196756999081	0.352694669460464	234
-0.075305771267545	0.599583968274633	234
0.048220943826483	0.470759815695374	9
0.075102597552793	0.545676629601899	668
-0.075232150203982	0.599654790054676	106
0.00301461825294003	0.697663368297709	106
-0.075053757516349	0.59945569070679	106
0.063343219674838	0.508238057982816	106
0.063250955301187	0.508320544769257	20
-0.016441749899156	0.663094658546721	20
0.096433556087785	0.659953197116966	658
-0.00280090799564803	0.939500257128384	658
0.017978153477464	0.441299012127764	751
0.075154138563505	0.545752345612659	87
0.096682380817284	0.659672230044936	511
0.030187946152239	0.767645000664507	511
-0.025283860183971	1.10376497328955	511
0.00273174089086803	0.697817419589122	86
0.017914928832515	0.441120871664386	481
0.096636748414928	0.659827762496698	277
-0.0420151150564541	0.630374085506201	277
0.003185474579121	0.697240775639856	277
0.00973784388130305	0.968380304239349	195
0.111218101875397	0.764031765054324	195
0.101727156068284	0.695991419448958	195
-0.0980343570804339	0.353432748047731	61
-0.0980343570804339	0.353432748047731	61
0.030209698042491	0.767544572528136	206
0.096525015331737	0.660007482888487	206
-0.016965758113602	0.910044166485404	206
-0.074232160893451	0.816656260054727	206
0.030209698042491	0.767544572528136	725
0.018048630177984	0.732532044015002	725
-0.104013478203115	1.16152117410541	60
0.063329730916325	0.508235697146491	149
-0.01670484138479	0.662755477883673	725
-0.098873389158817	0.353718585819526	422
-0.09939471515573	0.353874659115583	422
-0.016927126718744	0.909955148110897	254
-0.038343745757691	0.414362328106443	700
-0.016440085400675	0.663088444368722	214
0.084415246499077	0.583875515619935	214
-0.042126707406141	0.630748496181635	361
0.075260074216374	0.545605022666558	214
-0.051676052804985	0.847904396814613	668
-0.072772672389453	1.02252865191709	668
0.017963326955765	0.441341043477748	234
-0.0383344554852471	0.414193392330842	234
0.0298770404384811	0.767611910556961	9
0.0969007914358711	0.659142223333381	668
0.048159832487555	0.470997103993803	9
-0.098235856286303	0.353414829103439	508
0.048159832487555	0.470997103993803	508
0.017921687581491	0.73290941491741	658
0.030238569722612	0.767560566360836	86
-0.098554588996423	0.353709685597233	481
0.048091133154588	0.471042169258016	481
0.036457238992086	1.06010510743871	195
-0.11836170332853	0.967451775956495	195
0.00316339246913699	0.697370404864275	206
0.063250955301187	0.508320544769257	356
0.084308290447826	0.583914618045903	356
-0.042066289731086	0.630748823283636	356
0.063343219674838	0.508238057982816	356
-0.041899059019307	0.63044304553037	149
-0.038241631735444	0.41410029348193	617
0.063514201586973	0.507940032132344	700
-0.038353018666431	0.414337941238971	700
-0.074407938002382	0.816587305097345	214
-0.07397057836553	0.816220702874999	361
-0.041945482047303	0.630661225316363	361
0.017978153477464	0.441299012127764	361
-0.016283009867109	0.662848621894492	214
-0.0163615331599321	0.663054207629342	214
0.063185607178434	0.508383460359442	214
-0.051701613745023	0.847993548421683	668
0.063408471126852	0.508125343240681	668
0.096311348741677	0.65991295681284	668
0.084522203630556	0.583629406919959	668
0.091164084470982	0.622299304766125	668
-0.118122898816091	0.967298432155967	9
0.017901499241205	0.732901068709391	106
-0.051854317333041	0.848211428219714	106
0.018041660723745	0.441230120289073	508
-0.074276944220782	0.816610642593843	106
-0.0384550952589881	0.414291169728785	87
0.101344590536463	0.696551216840321	86
-0.102308340792268	0.785349622788333	481
-0.093955632475464	0.995502353071431	365
-0.074166731286506	0.816592436654914	365
0.096418181435057	0.660076410351881	195
0.074969385211641	0.545722332536396	61
-0.074232160893451	0.816656260054727	206
0.017807134329266	0.441473163114747	356
0.048190374916138	0.470900828404984	356
0.041160507428347	0.800947850610149	725
0.04809882712395	0.471095771394012	149
0.017807134329266	0.441473163114747	149
0.017992995459897	0.441102845894737	149
-0.075142928248916	0.599571444913089	149
-0.075061670752121	0.599394220982401	617
0.048137044135346	0.471051609861451	617
-0.075313591982397	0.599686009158765	617
-0.093586935908612	0.994701101262956	214
0.00294908055527099	0.697737592033022	214
0.017900032419528	0.441350213980641	361
0.048159832487555	0.470997103993803	214
0.101604732420919	0.696231098283398	668
0.096682380817284	0.659672230044936	234
0.048129316552884	0.471060482975925	234
0.063237475822118	0.508259419397331	234
-0.075313591982397	0.599686009158765	747
-0.016467382827036	0.663135102628169	106
-0.038111377288474	0.414177817025583	486
0.0177292753209	0.441490978820015	486
-0.074786552776952	0.598859514527893	87
-0.016416122941331	0.662953426739208	87
0.063421972840391	0.508127690026033	86
0.10163381037469	0.69608572125241	86
-0.102708246520331	0.785897774579404	481
-0.0750458549234641	0.599435065359958	277
0.096850407313971	0.659185843866233	206
-0.038584669491101	0.414442391647873	356
-0.098554588996423	0.353709685597233	149
0.018134870756271	0.441106968732687	149
0.091143360720645	0.622339256267809	725
0.075260074216374	0.545605022666558	725
-0.075150817760178	0.599509934408343	149
0.084352289404545	0.58393081140269	725
0.084644798699921	0.583437405971673	214
-0.118320882219923	0.967754079816769	214
-0.075232150203982	0.599654790054676	361
-0.042149911388244	0.630754431915372	361
0.048091133154588	0.471042169258016	361
-0.038343745757691	0.414362328106443	361
0.048091133154588	0.471042169258016	214
0.091253305477373	0.622188073930247	214
0.00305586444910799	0.697466632412004	668
0.048091133154588	0.471042169258016	214
-0.041899059019307	0.63044304553037	407
-0.037990233828196	0.414043933099704	9
0.0177143011176401	0.441519104636812	747
-0.0384550952589881	0.414291169728785	747
0.08443724960764	0.583815130524904	106
0.090923070470364	0.622243572862034	106
-0.038111377288474	0.414177817025583	486
-0.038353018666431	0.414337941238971	486
-0.075150817760178	0.599509934408343	87
-0.0383344554852471	0.414193392330842	87
-0.098554588996423	0.353709685597233	8
0.075208565707402	0.545622611509452	365
0.063343219674838	0.508238057982816	195
-0.016574907106478	0.663033619029199	195
-0.102689118389286	0.785923872930611	195
0.040983370943716	0.80133427153077	61
-0.075127181183508	0.599448766878507	61
-0.038111377288474	0.414177817025583	61
0.017792214528392	0.441468073086455	356
0.075287287517624	0.545564195725926	356
0.07507394885366	0.545783675338654	356
0.017885151515488	0.441422043241892	356
-0.041968693252402	0.630667165648645	356
-0.0980343570804339	0.353432748047731	149
0.018134870756271	0.441106968732687	149
-0.0750458549234641	0.599435065359958	149
0.091167236068756	0.622220304538874	725
-0.075142928248916	0.599571444913089	617
0.048228532197089	0.470856745105674	617
0.030318066175677	0.76741538842748	214
0.091101898976369	0.622283245957269	361
0.01821346711955	0.440962554763671	361
0.0631067478976231	0.508419637507065	214
-0.038473517099805	0.414356124603627	21
0.017963326955765	0.441341043477748	21
0.091181500071604	0.621585557495417	9
-0.041908305713741	0.630579329942369	9
0.063343219674838	0.508238057982816	747
0.091274054880803	0.622191717871612	106
-0.016547614007605	0.663120820841962	20
-0.098554588996423	0.353709685597233	486
0.091208718711636	0.622276283523047	87
-0.038353018666431	0.414337941238971	87
-0.038353018666431	0.414337941238971	87
-0.09751494297264	0.353113627072122	175
-0.0329953077027511	0.878919509409014	86
-0.038222961863263	0.414264406349458	481
0.075261538141902	0.545560938008652	277
-0.042029090058758	0.630725452876737	195
0.017900032419528	0.441350213980641	61
0.075048171822478	0.545806361158126	61
0.030064978116923	0.767718023455184	725
-0.038464314880281	0.414424326723021	356
0.048030140972728	0.471086554526434	356
0.048167513635818	0.471016343360915	356
-0.038111377288474	0.414177817025583	356
-0.074875569768949	0.599111080191056	725
0.00941702340946704	0.968589034135358	725
0.020004044825138	0.998327206796695	725
0.0845410928024371	0.583697557335818	725
0.091164084470982	0.622299304766125	147
0.048159832487555	0.470997103993803	617
-0.041871143337214	0.630390709467059	361
-0.099597513992659	0.354101235493265	361
0.048060623814151	0.471077472243728	361
0.063277903257855	0.508273973989328	214
-0.038101962939554	0.414130609919789	21
-0.0980343570804339	0.353432748047731	21
0.01821346711955	0.440962554763671	214
0.07507394885366	0.545783675338654	214
0.084519064067727	0.583713359197363	106
0.0843302922197891	0.583946577934216	106
-0.097833196182046	0.353207340512575	611
-0.051721916884086	0.848043425468633	87
-0.038213600919535	0.414059767247702	175
0.030166210951231	0.767669262259195	365
-0.0726284183671559	1.02231674754737	195
-0.074211481181239	0.816576302309726	277
0.111079126234761	0.764286352158639	195
0.08418524363156	0.58389934993478	277
0.096657140778425	0.659805941212877	195
-0.074875569768949	0.599111080191056	61
0.091208718711636	0.622276283523047	356
0.0752328629001901	0.545597783452129	356
-0.073905239437654	0.816031742983378	725
-0.033082246161423	0.879402376658291	725
0.091187979765687	0.622272623786636	725
-0.038232305482405	0.414275835906919	147
0.096285991207699	0.660150962593056	617
-0.041885092082105	0.630573386077958	214
-0.074859680316833	0.598988425816233	214
0.018056432898871	0.441217944876616	361
-0.041824711396637	0.630454044297698	214
-0.016283009867109	0.662848621894492	214
0.091342336333715	0.621783503664458	214
0.00303524391238197	0.69759436484439	214
0.091318609332057	0.622081457327723	668
0.017967864460789	0.732821298651971	668
-0.038111377288474	0.414177817025583	234
0.0843932388020811	0.583891294044359	106
0.07507394885366	0.545783675338654	106
-0.042066289731086	0.630748823283636	124
0.029934840235594	0.767703482283893	20
-0.042066289731086	0.630748823283636	20
-0.075053757516349	0.59945569070679	658
0.063158677768567	0.508319933207446	175
0.048106601170115	0.471060653765222	175
0.101467024812931	0.696480310691995	195
0.12095792330109	0.863130011833905	195
-0.098756633713589	0.353692019334519	61
0.04809882712395	0.471095771394012	61
0.048121668982423	0.470978781688397	61
-0.102478205765596	0.785785640793822	206
-0.016387156575993	0.663061566941855	725
0.00301461825294003	0.697663368297709	725
0.0843932388020811	0.583891294044359	725
0.04809882712395	0.471095771394012	725
-0.0166808005935259	0.662942506124146	725
-0.041703977949106	0.63010119200323	725
0.0751011590761021	0.545790922920221	725
-0.041824711396637	0.630454044297698	147
-0.098756633713589	0.353692019334519	617
-0.038343745757691	0.414362328106443	617
-0.038222961863263	0.414264406349458	617
0.017807134329266	0.441473163114747	617
-0.016281321352695	0.662925995029655	617
0.106650327754188	0.730575376207787	617
-0.075142928248916	0.599571444913089	617
0.0913808746746611	0.621961471167152	214
0.063185607178434	0.508383460359442	214
0.084500194595213	0.583737580326332	214
-0.0749646380190711	0.599304485288219	21
0.075181351138205	0.545711507796161	668
0.030404716001364	0.766993010083071	668
-0.038232305482405	0.414275835906919	234
0.0752328629001901	0.545597783452129	106
-0.016547614007605	0.663120820841962	106
-0.102475251870423	0.785499347813862	124
-0.075208616825992	0.599276847842701	124
0.075181351138205	0.545711507796161	658
0.017881308229619	0.732833937308275	658
0.084308290447826	0.583914618045903	175
0.048137044135346	0.471051609861451	481
-0.038795663852919	1.07604055742619	195
0.017963326955765	0.441341043477748	61
-0.104065150415173	1.16186575063734	206
0.048068364212171	0.4711048335323	725
-0.017099280821417	0.910082194421809	725
-0.042089496111302	0.630754759552082	725
0.090947156078208	0.622395926661073	725
0.017807134329266	0.441473163114747	725
-0.073994520466937	0.816145306359558	147
0.0843302922197891	0.583946577934216	147
0.017792214528392	0.441468073086455	147
0.063093297955259	0.508417242046547	147
0.017807134329266	0.441473163114747	617
-0.038222961863263	0.414264406349458	617
0.075207110278836	0.545690657241514	617
0.096397803654501	0.660004305042194	617
-0.042112702279816	0.630685418300134	617
-0.038232305482405	0.414275835906919	617
-0.01630861954926	0.662972643880192	214
0.048091133154588	0.471042169258016	214
0.075314502806718	0.545475329450318	214
0.091336274571196	0.621935646428968	214
-0.074875569768949	0.599111080191056	21
0.048175274861663	0.470945497752617	21
0.084603981980349	0.583572903561045	21
-0.093796521306471	0.995422279507028	668
0.074967967294757	0.545790526472073	214
-0.017071181777956	0.910147620489203	214
0.063329730916325	0.508235697146491	214
-0.09751494297264	0.353113627072122	234
0.017978153477464	0.441299012127764	234
0.063329730916325	0.508235697146491	124
-0.038464314880281	0.414424326723021	171
0.01777731021038	0.441303913539979	175
-0.041838664214195	0.630355242517293	175
0.048190374916138	0.470900828404984	87
-0.051655740378037	0.847916877979715	277
-0.093695524393401	0.995075661777185	195
0.084519064067727	0.583713359197363	206
0.091057262873807	0.622376934191527	725
0.0912947995307271	0.622151746026057	725
-0.016335915718494	0.662959083307172	725
0.075313030370492	0.545493532457957	725
-0.102541166752993	0.785872227558357	725
-0.075208616825992	0.599276847842701	147
0.017948515857331	0.441276325037825	147
0.063264431112624	0.508322918373419	147
0.048137044135346	0.471051609861451	147
-0.016387156575993	0.663061566941855	147
-0.038575520499092	0.414353051058273	617
-0.098235856286303	0.353414829103439	406
-0.075224295078979	0.599634201404957	214
0.048091133154588	0.471042169258016	361
0.030137323365088	0.767705345432537	214
-0.0750458549234641	0.599435065359958	214
-0.075127181183508	0.599448766878507	214
0.048091133154588	0.471042169258016	21
0.075128371293633	0.5457500837636	21
-0.075142928248916	0.599571444913089	214
-0.033060654015574	0.879309192246952	214
-0.09751494297264	0.353113627072122	234
0.063158677768567	0.508319933207446	281
0.00303432589534103	0.697538837656829	106
0.048052963427586	0.470904281816488	747
-0.051742222533774	0.848030929183181	106
0.075234323214785	0.545649823465162	20
0.048167513635818	0.471016343360915	20
0.048060623814151	0.471077472243728	87
-0.016465722469286	0.662980887554224	86
0.018041660723745	0.441230120289073	481
-0.099278232245566	0.35392746874739	285
-0.051828709496709	0.848046842153762	365
0.018014007904996	0.732649433554209	277
0.0302603275330811	0.767435441902361	195
0.118024104204287	0.830474229742912	195
0.0177143011176401	0.441519104636812	61
0.096392829609214	0.660124538560593	725
-0.016898939475831	0.909868635809946	725
-0.016254021125977	0.662819169364524	725
-0.041908305713741	0.630579329942369	725
0.063250955301187	0.508320544769257	147
-0.097833196182046	0.353207340512575	406
-0.041885092082105	0.630573386077958	617
0.048175274861663	0.470945497752617	617
0.0177292753209	0.441490978820015	617
-0.041908305713741	0.630579329942369	214
-0.075671291405065	0.599511116578629	214
0.048129316552884	0.471060482975925	386
-0.075321423367854	0.599706575982585	214
0.03008670137049	0.767741789537337	668
0.084245331761483	0.583947621249913	214
0.063343219674838	0.508238057982816	214
0.018339901407368	0.731984881623719	214
-0.0749646380190711	0.599304485288219	214
0.048129316552884	0.471060482975925	234
-0.038575520499092	0.414353051058273	234
0.063185607178434	0.508383460359442	175
0.017792214528392	0.441468073086455	611
-0.038232305482405	0.414275835906919	611
-0.098235856286303	0.353414829103439	611
0.01763654577387	0.441536831391427	481
-0.042149911388244	0.630754431915372	481
0.017807134329266	0.441473163114747	481
-0.038232305482405	0.414275835906919	277
0.124348078207799	0.93257140548937	195
-0.098554588996423	0.353709685597233	61
-0.038241631735444	0.41410029348193	61
0.0912947995307271	0.622151746026057	206
0.084374282001252	0.583870435607684	725
-0.051742222533774	0.848030929183181	725
0.018028442755938	0.732688152598174	725
0.074808936783851	0.545590863763797	725
0.017941873253126	0.73286505952673	725
-0.07503796297973	0.599333001659143	147
0.075154138563505	0.545752345612659	725
-0.074122030630818	0.81651335162147	147
-0.038353018666431	0.414337941238971	147
0.10177008095369	0.695722518563332	725
-0.097314325335099	0.352888726716764	406
-0.099075640655895	0.353944854479088	406
-0.098352883478491	0.353483822010577	617
0.063343219674838	0.508238057982816	214
0.059695491568307	0.864221866407514	214
-0.075224295078979	0.599634201404957	21
0.017792214528392	0.441468073086455	234
-0.038343745757691	0.414362328106443	281
-0.016965758113602	0.910044166485404	106
-0.096796269002475	0.352488687791578	124
-0.098554588996423	0.353709685597233	124
-0.0980343570804339	0.353432748047731	124
0.0845410928024371	0.583697557335818	106
-0.038232305482405	0.414275835906919	106
0.048068364212171	0.4711048335323	175
0.066665629673751	0.896005251185338	195
-0.097833196182046	0.353207340512575	61
-0.038222961863263	0.414264406349458	61
-0.016440085400675	0.663088444368722	206
0.0594884091837909	0.86459287858874	206
-0.074166731286506	0.816592436654914	725
-0.03318335436655	0.879582055914319	725
-0.102497218741647	0.785707725980518	725
-0.038232305482405	0.414275835906919	147
-0.074035939998639	0.816375692949902	147
0.084371226517559	0.583859348821932	147
0.048167513635818	0.471016343360915	147
0.018319672957685	0.732029233294185	147
-0.041787558524264	0.63030518261539	725
-0.041847927464025	0.630459992763821	617
0.101546593231265	0.696391400359992	214
-0.038343745757691	0.414362328106443	617
-0.03812077431086	0.414038094571237	617
-0.0332413060537901	0.879597911233598	214
0.063250955301187	0.508320544769257	386
-0.038353018666431	0.414337941238971	386
0.0479996846415251	0.471069360153076	214
0.048068364212171	0.4711048335323	386
0.096438556878078	0.660098329044915	214
-0.0542619695375231	1.04893532349883	214
-0.098554588996423	0.353709685597233	234
0.101748610199917	0.695890910490014	106
-0.072517686043889	1.02190459347776	106
0.063185607178434	0.508383460359442	124
-0.038464314880281	0.414424326723021	106
0.00299358534899896	0.697678094612967	20
0.040944737369518	0.801367041113006	658
0.091015812517984	0.622208416765982	658
-0.0980343570804339	0.353432748047731	611
-0.075507917838031	0.599647704824105	175
-0.041787558524264	0.63030518261539	86
0.017978153477464	0.441299012127764	481
0.073012734226058	0.927526591685462	195
-0.00264460133924704	0.939123466747463	195
0.106477768959131	0.730983083314581	195
-0.09751494297264	0.353113627072122	61
-0.0980343570804339	0.353432748047731	61
0.018034213142027	0.732716523926003	725
0.0750209619564241	0.545799116154301	725
0.017993799981509	0.732505267869136	725
0.063237475822118	0.508259419397331	147
0.0177292753209	0.441490978820015	147
0.075208565707402	0.545622611509452	147
0.017978153477464	0.441299012127764	147
-0.098235856286303	0.353414829103439	406
0.017881308229619	0.732833937308275	214
0.09657069967864	0.659939226936215	214
-0.0161226246794109	0.662495372105202	214
-0.016388829064612	0.663040642355053	214
0.017794747007573	0.732744689012979	214
-0.118346108144841	0.967803357473854	214
0.017807134329266	0.441473163114747	281
0.096545392504077	0.659943711696897	106
-0.098554588996423	0.353709685597233	124
0.00292846101567901	0.697751766608455	20
-0.038464314880281	0.414424326723021	611
-0.073949855274927	0.816140733367379	86
-0.038464314880281	0.414424326723021	175
-0.098235856286303	0.353414829103439	481
-0.097833196182046	0.353207340512575	285
0.0751526903693121	0.545617365600518	365
-0.099075640655895	0.353944854479088	61
0.00307849189864695	0.697565218519348	206
0.101474667168572	0.696453090094762	725
-0.041982672273346	0.630647826107759	725
0.091339369202452	0.622085083749103	725
0.048137044135346	0.471051609861451	147
-0.016335915718494	0.662959083307172	147
-0.041824711396637	0.630454044297698	147
0.048198009660274	0.470952990233888	147
-0.098235856286303	0.353414829103439	406
0.04800751798394	0.471042122206643	617
-0.098352883478491	0.353483822010577	617
-0.038101962939554	0.414130609919789	617
-0.041968693252402	0.630667165648645	214
0.04809882712395	0.471095771394012	386
0.063185607178434	0.508383460359442	386
0.048068364212171	0.4711048335323	386
-0.041899059019307	0.63044304553037	214
0.063487175909114	0.507986633485621	214
0.063185607178434	0.508383460359442	21
0.0751011590761021	0.545790922920221	214
0.075234323214785	0.545649823465162	214
-0.098554588996423	0.353709685597233	234
-0.098554588996423	0.353709685597233	234
0.01821346711955	0.440962554763671	281
-0.041945482047303	0.630661225316363	106
-0.042029090058758	0.630725452876737	20
-0.102541166752993	0.785872227558357	658
0.0632125219358	0.508227184141461	175
0.0181668607526581	0.732428260740324	365
0.091274054880803	0.622191717871612	277
0.0751526903693121	0.545617365600518	195
-0.074166731286506	0.816592436654914	678
0.08443724960764	0.583815130524904	206
-0.0420430831368011	0.630677137943554	725
0.0480379278286071	0.471087613431695	147
0.063514201586973	0.507940032132344	147
0.0631067478976231	0.508419637507065	147
-0.075224295078979	0.599634201404957	147
-0.01630861954926	0.662972643880192	147
0.048190374916138	0.470900828404984	147
0.04809882712395	0.471095771394012	147
-0.038101962939554	0.414130609919789	147
-0.07397057836553	0.816220702874999	214
-0.016279633249944	0.662720330762715	617
-0.016175516073887	0.662673544333303	617
0.048205724416729	0.470910260347338	386
0.084308290447826	0.583914618045903	21
0.018134870756271	0.441106968732687	214
0.063250955301187	0.508320544769257	214
0.063172144305836	0.508381075212563	214
0.063552313915888	0.507752768813472	234
0.048022434192649	0.470939585084635	234
-0.098554588996423	0.353709685597233	234
0.017948515857331	0.441276325037825	281
-0.075061670752121	0.599394220982401	281
-0.041885092082105	0.630573386077958	106
-0.0752164506176301	0.599532139278292	20
-0.037990233828196	0.414043933099704	175
0.048068364212171	0.4711048335323	175
-0.041801495132781	0.63038238662287	175
0.0631067478976231	0.508419637507065	175
-0.075224295078979	0.599634201404957	481
-0.074380337927225	0.816158661749713	277
0.08443724960764	0.583815130524904	195
0.041132584763231	0.800905407826946	678
-0.075232150203982	0.599654790054676	147
-0.051940826616506	0.848240845915733	725
-0.042126707406141	0.630748496181635	725
-0.118412160857184	0.967860115493285	725
0.063421972840391	0.508127690026033	725
0.0752328629001901	0.545597783452129	147
0.090926458864303	0.622392220894145	147
0.063250955301187	0.508320544769257	147
-0.042089496111302	0.630754759552082	147
0.091383891304558	0.621951736563866	147
-0.099075640655895	0.353944854479088	406
-0.098554588996423	0.353709685597233	406
0.048129316552884	0.471060482975925	617
0.062843132175325	0.508295779714934	617
0.048068364212171	0.4711048335323	386
-0.074101324313536	0.816499131413652	214
-0.0163615331599321	0.663054207629342	214
0.075367459696125	0.545363877292345	214
-0.10258218567443	0.785881930049397	214
-0.102267443587932	0.78527817468498	21
0.00301461825294003	0.697663368297709	214
-0.074948796019937	0.599181802999873	234
0.017792214528392	0.441468073086455	281
0.017900032419528	0.441350213980641	281
0.017885151515488	0.441422043241892	281
-0.075142928248916	0.599571444913089	124
0.048137044135346	0.471051609861451	124
0.040883554489334	0.801299111909487	106
0.063421972840391	0.508127690026033	106
0.048198009660274	0.470952990233888	20
-0.074956711698704	0.599283845361732	175
-0.042005881270846	0.630719515069575	86
0.0479996846415251	0.471069360153076	175
0.048129316552884	0.471060482975925	481
0.020299079120474	0.997521566532006	365
0.091077980933823	0.622380620436406	678
0.017699342444723	0.441384704650949	61
-0.098756633713589	0.353692019334519	26
0.048167513635818	0.471016343360915	147
-0.098756633713589	0.353692019334519	61
-0.016255713429042	0.662862174171496	206
-0.00267760403889405	0.938723104079329	725
-0.102475251870423	0.785499347813862	725
0.091360124316574	0.622045105168558	725
0.063343219674838	0.508238057982816	147
0.063343219674838	0.508238057982816	147
0.111323657017498	0.763787645869313	214
-0.102478205765596	0.785785640793822	214
0.009741522789814	0.968383369073837	214
-0.074059926477549	0.816268729099827	617
-0.102437271138424	0.785639292487699	214
0.00307849189864695	0.697565218519348	21
0.00310056827005101	0.697494286811066	214
0.048190374916138	0.470900828404984	234
-0.097833196182046	0.353207340512575	234
0.048129316552884	0.471060482975925	20
0.00305586444910799	0.697466632412004	20
-0.10258218567443	0.785881930049397	106
0.075128371293633	0.5457500837636	106
0.0181409619267811	0.73254991886232	106
-0.074256280257576	0.816460243625329	86
0.063027853296225	0.50843016111244	175
-0.118193639208266	0.967467872110204	365
0.017921687581491	0.73290941491741	365
0.063421972840391	0.508127690026033	277
-0.051767812830155	0.84809156874333	195
-0.102541166752993	0.785872227558357	678
0.063250955301187	0.508320544769257	678
0.017699342444723	0.441384704650949	147
-0.075135049387965	0.599550836734038	206
-0.075142928248916	0.599571444913089	147
-0.0743389656665699	0.816648580414172	725
-0.038232305482405	0.414275835906919	147
-0.041824711396637	0.630454044297698	147
-0.075150817760178	0.599509934408343	147
0.048167513635818	0.471016343360915	147
-0.075313591982397	0.599686009158765	32
0.096285991207699	0.660150962593056	32
-0.118320882219923	0.967754079816769	214
-0.042005881270846	0.630719515069575	214
0.017885151515488	0.441422043241892	617
-0.074867619725942	0.599090428767936	386
-0.0749646380190711	0.599304485288219	386
-0.118346108144841	0.967803357473854	214
0.03008670137049	0.767741789537337	214
-0.074875569768949	0.599111080191056	234
0.048114455422043	0.470937287450026	106
0.017792214528392	0.441468073086455	171
-0.038343745757691	0.414362328106443	175
-0.074252845534053	0.816670451212182	86
0.063514201586973	0.507940032132344	86
-0.074273535102991	0.816614282631155	86
-0.097833196182046	0.353207340512575	191
-0.09751494297264	0.353113627072122	365
0.059627543090137	0.864411013365518	365
0.101727156068284	0.695991419448958	195
-0.041861878249689	0.630501710651017	725
0.06288336579629	0.508310460211259	725
0.0177292753209	0.441490978820015	147
0.047991931438493	0.470948690948521	147
-0.038464314880281	0.414424326723021	147
0.048030140972728	0.471086554526434	147
-0.038464314880281	0.414424326723021	147
0.0177143011176401	0.441519104636812	147
0.075287287517624	0.545564195725926	147
0.063408471126852	0.508125343240681	147
0.018041660723745	0.441230120289073	147
0.017558948417229	0.44151093634167	147
0.017885151515488	0.441422043241892	147
0.018227503149804	0.732295106199063	147
-0.102645204396027	0.785905962761285	147
0.048068364212171	0.4711048335323	147
-0.072517686043889	1.02190459347776	214
0.00310056827005101	0.697494286811066	214
0.048091133154588	0.471042169258016	617
-0.016547614007605	0.663120820841962	214
-0.118280070505847	0.96771546914886	214
-0.016545965442813	0.663057988239818	21
-0.016412785933738	0.662981596025657	214
0.00318199696521804	0.697304602378743	214
0.084223335911574	0.58385482272296	20
0.04809882712395	0.471095771394012	106
-0.033472541632911	0.879540077190535	106
0.00288351939022202	0.697785999055062	106
0.00294908055527099	0.697737592033022	106
0.063343219674838	0.508238057982816	106
-0.042019876326016	0.630530640063288	175
-0.075150817760178	0.599509934408343	175
-0.038101962939554	0.414130609919789	175
0.063329730916325	0.508235697146491	481
0.00288351939022202	0.697785999055062	277
-0.041847927464025	0.630459992763821	678
-0.041908305713741	0.630579329942369	147
0.096525015331737	0.660007482888487	147
0.106544718597846	0.730870685159062	206
-0.0163615331599321	0.663054207629342	147
0.084226307409407	0.583973930211519	147
0.0175438809371939	0.441453292209616	147
0.084559898872544	0.583556844305442	147
-0.038353018666431	0.414337941238971	147
0.106611704711242	0.730674581713647	147
0.030195104134857	0.767583202203683	725
0.030390445039948	0.767154114220621	147
0.091098694249095	0.622340682489739	32
0.00320409808434496	0.697288451086869	214
-0.038241631735444	0.41410029348193	617
0.017978153477464	0.441299012127764	214
0.017978153477464	0.441299012127764	386
-0.042210335867543	0.63072241981127	386
0.048121668982423	0.470978781688397	21
-0.097833196182046	0.353207340512575	281
-0.042019876326016	0.630530640063288	214
-0.102478205765596	0.785785640793822	214
-0.041871143337214	0.630390709467059	283
0.0967435772623571	0.659608498567667	106
0.017885151515488	0.441422043241892	175
-0.038222961863263	0.414264406349458	175
0.04809882712395	0.471095771394012	86
-0.118478228606644	0.967885471103077	86
0.0843932388020811	0.583891294044359	86
0.063264431112624	0.508322918373419	86
-0.041787558524264	0.63030518261539	481
-0.041931519146898	0.630510016423755	277
-0.074883530439411	0.599049724278248	678
-0.104129319640827	1.16190766513316	195
-0.093977076923764	0.995677308316404	147
0.017807134329266	0.441473163114747	147
0.091383891304558	0.621951736563866	147
0.00305641110687505	0.697581345058754	147
0.0752328629001901	0.545597783452129	147
0.0843932388020811	0.583891294044359	147
0.017948515857331	0.441276325037825	147
0.0480761847510181	0.471043419126657	147
-0.075224295078979	0.599634201404957	147
0.063291371738374	0.508166632881355	32
0.04809882712395	0.471095771394012	214
0.091253305477373	0.622188073930247	214
0.084374282001252	0.583870435607684	214
0.0181668607526581	0.732428260740324	214
-0.038111377288474	0.414177817025583	21
-0.038575520499092	0.414353051058273	21
-0.038353018666431	0.414337941238971	21
-0.037999701638591	0.413940026884914	21
0.048228532197089	0.470856745105674	281
0.030137323365088	0.767705345432537	214
-0.075150817760178	0.599509934408343	281
-0.041968693252402	0.630667165648645	281
0.0177292753209	0.441490978820015	281
-0.102519190369605	0.785826602283405	106
0.075285818681739	0.545486301742271	175
0.091232551320138	0.622135778002015	86
0.096611469191095	0.659853640291209	175
-0.042126707406141	0.630748496181635	175
-0.03318335436655	0.879582055914319	277
0.08456311694821	0.583637167488515	195
-0.118280070505847	0.96771546914886	195
0.07507394885366	0.545783675338654	195
-0.038353018666431	0.414337941238971	147
0.075128371293633	0.5457500837636	147
0.048137044135346	0.471051609861451	725
0.047938851552826	0.470945196729944	147
-0.041778278670169	0.63023596164161	147
0.018134870756271	0.441106968732687	147
0.084245331761483	0.583947621249913	147
0.075207110278836	0.545690657241514	147
0.075258608972036	0.545420306406661	147
-0.042140730414016	0.630498390847998	147
0.017807134329266	0.441473163114747	147
0.075075383686997	0.545765523362656	214
0.0480379278286071	0.471087613431695	214
0.063172144305836	0.508381075212563	386
0.048198009660274	0.470952990233888	21
0.01814960398396	0.440970472276922	21
0.018120152890429	0.441085742998587	281
0.0480379278286071	0.471087613431695	281
-0.016440085400675	0.663088444368722	106
-0.074786552776952	0.598859514527893	106
-0.042103503205385	0.630676821498528	106
0.0301084413714871	0.767689363487349	106
0.084603981980349	0.583572903561045	106
-0.0750458549234641	0.599435065359958	175
-0.038343745757691	0.414362328106443	175
0.048129316552884	0.471060482975925	175
0.084226307409407	0.583973930211519	20
-0.042005881270846	0.630719515069575	86
0.017900032419528	0.441350213980641	481
0.063277903257855	0.508273973989328	481
0.091535180830044	0.621618382946449	481
0.075128371293633	0.5457500837636	277
0.002907836355861	0.69770729158356	206
-0.074122030630818	0.81651335162147	206
-0.0752164506176301	0.599532139278292	147
0.0176215327131241	0.441435638108329	147
-0.075142928248916	0.599571444913089	147
0.075313030370492	0.545493532457957	147
0.048129316552884	0.471060482975925	147
0.075234323214785	0.545649823465162	147
0.04809882712395	0.471095771394012	32
0.063487175909114	0.507986633485621	214
0.07507394885366	0.545783675338654	386
-0.075135049387965	0.599550836734038	21
0.0750209619564241	0.545799116154301	281
-0.074166731286506	0.816592436654914	281
-0.042149911388244	0.630754431915372	281
-0.038111377288474	0.414177817025583	281
0.063041286660701	0.508381254265831	20
-0.016602198169828	0.662788576322789	106
0.096418181435057	0.660076410351881	20
0.0177143011176401	0.441519104636812	175
0.017948515857331	0.441276325037825	175
-0.016148215318881	0.662566783718043	175
-0.075224295078979	0.599634201404957	175
-0.073994520466937	0.816145306359558	277
0.084245331761483	0.583947621249913	277
-0.041861878249689	0.630501710651017	195
-0.102289463536429	0.785323817891406	195
-0.041899059019307	0.63044304553037	147
0.075313030370492	0.545493532457957	147
0.050708532943279	0.833536822379356	206
0.030137323365088	0.767705345432537	206
0.04809882712395	0.471095771394012	147
0.063343219674838	0.508238057982816	147
0.048198009660274	0.470952990233888	147
0.063421972840391	0.508127690026033	147
0.063709520170319	0.507198181503293	147
-0.102667159015211	0.785951560164861	147
0.0480379278286071	0.471087613431695	147
-0.102563147890518	0.785844565177501	147
-0.075150817760178	0.599509934408343	32
0.017792214528392	0.441468073086455	214
-0.041968693252402	0.630667165648645	214
0.0843302922197891	0.583946577934216	214
0.075154138563505	0.545752345612659	386
0.063343219674838	0.508238057982816	214
0.048137044135346	0.471051609861451	214
-0.038695731466628	0.414371031823955	21
0.048198009660274	0.470952990233888	281
0.084688893688887	0.583361206761243	214
0.091318609332057	0.622081457327723	214
0.075208565707402	0.545622611509452	214
0.063370186185948	0.508081781188768	281
-0.042066289731086	0.630748823283636	20
-0.041982672273346	0.630647826107759	281
-0.102604151174065	0.785927542903538	106
0.048198009660274	0.470952990233888	175
-0.041945482047303	0.630661225316363	20
0.017558948417229	0.44151093634167	481
0.063264431112624	0.508322918373419	277
0.0908817110629641	0.622366984737751	365
0.111167458294377	0.764219793324189	195
-0.075150817760178	0.599509934408343	147
-0.016175516073887	0.662673544333303	147
-0.074786552776952	0.598859514527893	147
-0.016573262377946	0.663104637362673	147
-0.102371276659045	0.785502406310806	147
-0.075507917838031	0.599647704824105	147
0.048167513635818	0.471016343360915	32
-0.075053757516349	0.59945569070679	214
-0.102601309427252	0.785578773706762	214
-0.038222961863263	0.414264406349458	617
0.048167513635818	0.471016343360915	617
-0.016414454254694	0.663108225094003	617
-0.0383344554852471	0.414193392330842	214
0.017885151515488	0.441422043241892	386
-0.038362274170581	0.414118625175472	21
-0.0750458549234641	0.599435065359958	21
-0.037990233828196	0.414043933099704	281
0.106366987138921	0.731086016567874	214
0.0750209619564241	0.545799116154301	20
-0.0380925313061919	0.413882409633952	281
0.048205724416729	0.470910260347338	106
-0.016281321352695	0.662925995029655	283
-0.09751494297264	0.353113627072122	175
-0.075053757516349	0.59945569070679	175
0.017900032419528	0.441350213980641	175
-0.104245120625664	1.16194165144764	365
-0.041908305713741	0.630579329942369	195
0.075179899331267	0.545683412508346	195
-0.075142928248916	0.599571444913089	147
-0.038111377288474	0.414177817025583	147
0.017963326955765	0.441341043477748	147
0.048060623814151	0.471077472243728	147
0.01821346711955	0.440962554763671	147
0.017792214528392	0.441468073086455	147
-0.073991306393046	0.816234952867646	147
0.063356704764237	0.50818911175335	147
-0.075305771267545	0.599583968274633	147
0.0914907082724939	0.621760743097196	147
0.048045794888565	0.470997917343372	32
0.0480379278286071	0.471087613431695	32
-0.038575520499092	0.414353051058273	214
-0.0517828413764	0.847775549058401	214
-0.033060654015574	0.879309192246952	214
-0.075150817760178	0.599509934408343	214
0.096723180808149	0.65967225997152	214
0.063514201586973	0.507940032132344	214
-0.037990233828196	0.414043933099704	386
0.017988059899997	0.732829633677683	386
0.0178702860833611	0.441387161072424	21
0.0845410928024371	0.583697557335818	214
-0.074187426761161	0.816606642247111	214
-0.075418566040116	0.599664233386239	106
-0.038464314880281	0.414424326723021	175
0.084434139955068	0.583781834448672	20
0.063291371738374	0.508166632881355	175
0.047961455176503	0.470931543491463	8
-0.102563147890518	0.785844565177501	277
-0.075337118126494	0.599426192311837	195
0.0410552948306659	0.801217980767438	195
0.084603981980349	0.583572903561045	195
0.063250955301187	0.508320544769257	147
0.0912947995307271	0.622151746026057	147
0.063264431112624	0.508322918373419	147
0.018041660723745	0.441230120289073	147
0.063408471126852	0.508125343240681	147
-0.075224295078979	0.599634201404957	147
0.063421972840391	0.508127690026033	147
0.0753417200864161	0.545327769695141	147
0.017978153477464	0.441299012127764	147
-0.051589579730977	0.847760717326087	147
0.048106601170115	0.471060653765222	214
-0.041945482047303	0.630661225316363	214
-0.0165989166466251	0.662996536400602	214
-0.075158717915544	0.599291194086621	617
0.017807134329266	0.441473163114747	386
0.048198009660274	0.470952990233888	386
-0.042126707406141	0.630748496181635	214
0.017699342444723	0.441384704650949	21
0.017885151515488	0.441422043241892	281
0.063500690585278	0.50798896479976	281
0.106271848606222	0.730967536318288	214
0.063185607178434	0.508383460359442	281
0.091404661651203	0.621955343661036	20
0.063356704764237	0.50818911175335	281
0.091208718711636	0.622276283523047	106
-0.074142741880797	0.816457223948004	283
0.018071220485707	0.441051573299806	283
0.048045794888565	0.470997917343372	20
0.084371226517559	0.583859348821932	86
-0.0980343570804339	0.353432748047731	481
0.063343219674838	0.508238057982816	277
-0.0938470184670081	0.995547367050303	277
-0.016228414967052	0.662815534712448	195
0.018100545250654	0.732585978686206	74
-0.041922270637053	0.630589539613816	147
-0.016335915718494	0.662959083307172	147
0.063264431112624	0.508322918373419	147
0.0479996846415251	0.471069360153076	147
-0.038232305482405	0.414275835906919	147
-0.075418566040116	0.599664233386239	147
0.063199066387906	0.508334523103492	147
-0.075142928248916	0.599571444913089	147
0.075207110278836	0.545690657241514	147
-0.041931519146898	0.630510016423755	147
-0.038473517099805	0.414356124603627	32
-0.038111377288474	0.414177817025583	32
-0.09751494297264	0.353113627072122	32
-0.0420430831368011	0.630677137943554	214
-0.042029090058758	0.630725452876737	214
0.063250955301187	0.508320544769257	214
-0.042005881270846	0.630719515069575	617
-0.0754107477259231	0.59972581114889	617
-0.102563147890518	0.785844565177501	214
-0.038232305482405	0.414275835906919	617
-0.01646904351221	0.663007436278576	214
0.017792214528392	0.441468073086455	214
-0.041838664214195	0.630355242517293	214
0.0753115565810441	0.545279452740278	21
-0.075232150203982	0.599654790054676	214
0.003185474579121	0.697240775639856	281
0.063370186185948	0.508081781188768	281
-0.075127181183508	0.599448766878507	281
0.075126927980529	0.545745098121915	281
0.048030140972728	0.471086554526434	281
0.017855436085875	0.441193221226084	281
0.063448965253187	0.507971440785624	281
-0.016281321352695	0.662925995029655	281
0.018026903922419	0.441132034202971	283
-0.041847927464025	0.630459992763821	106
0.017885151515488	0.441422043241892	20
0.048106601170115	0.471060653765222	175
-0.038464314880281	0.414424326723021	175
0.048121668982423	0.470978781688397	175
-0.102434235979929	0.785621130114425	86
0.018074615566919	0.732680480598904	365
0.09118480347394	0.622215677471984	365
-0.016440085400675	0.663088444368722	277
0.091250182351835	0.622152684934269	195
0.00299358534899896	0.697678094612967	195
-0.097314325335099	0.352888726716764	26
-0.074077379269948	0.816333830861101	147
0.106372181067794	0.731074151392489	725
-0.042066289731086	0.630748823283636	147
0.048236200513971	0.470846950090697	147
-0.016281321352695	0.662925995029655	147
-0.098352883478491	0.353483822010577	32
0.048106601170115	0.471060653765222	32
-0.038575520499092	0.414353051058273	32
-0.051966504581451	0.848216899238901	214
-0.075313591982397	0.599686009158765	214
0.00310056827005101	0.697494286811066	617
-0.075232150203982	0.599654790054676	214
-0.016177220673398	0.662528458407064	214
-0.041801495132781	0.63038238662287	281
0.048060623814151	0.471077472243728	281
0.00316339246913699	0.697370404864275	20
-0.016467382827036	0.663135102628169	20
-0.075142928248916	0.599571444913089	106
0.00299358534899896	0.697678094612967	283
-0.07539514311777	0.599603262801723	283
-0.041703977949106	0.63010119200323	175
0.017792214528392	0.441468073086455	175
0.017792214528392	0.441468073086455	175
0.017807134329266	0.441473163114747	175
-0.118259668163957	0.967587127371435	277
-0.118254872563462	0.96763483364418	277
0.075155585509051	0.545661184705511	195
-0.118320882219923	0.967754079816769	195
-0.038343745757691	0.414362328106443	147
-0.05178810921416	0.848141441079779	121
0.03008670137049	0.767741789537337	74
0.030216828572321	0.767608928160328	725
-0.072752015238346	1.02236112016702	147
-0.016281321352695	0.662925995029655	74
-0.016414454254694	0.663108225094003	147
0.048091133154588	0.471042169258016	147
0.096682380817284	0.659672230044936	147
-0.102437271138424	0.785639292487699	147
0.063264431112624	0.508322918373419	147
-0.038101962939554	0.414130609919789	32
0.084415246499077	0.583875515619935	214
0.0480379278286071	0.471087613431695	617
0.0631067478976231	0.508419637507065	214
-0.041908305713741	0.630579329942369	214
-0.098352883478491	0.353483822010577	386
0.075314502806718	0.545475329450318	214
0.018120754932501	0.732594284903955	214
-0.075224295078979	0.599634201404957	21
-0.016334235224492	0.663007552598854	214
0.084478180970231	0.583797970147497	281
0.048205724416729	0.470910260347338	281
0.018120754932501	0.732594284903955	281
-0.041982672273346	0.630647826107759	283
0.063093297955259	0.508417242046547	20
-0.074940890989121	0.598926664218878	175
0.084478180970231	0.583797970147497	86
-0.10402109614794	1.16171047571245	277
0.0175438809371939	0.441453292209616	195
0.018041660723745	0.441230120289073	147
-0.102497218741647	0.785707725980518	147
0.101474667168572	0.696453090094762	121
0.084267323025439	0.583979591146226	74
-0.0980343570804339	0.353432748047731	147
0.075367459696125	0.545363877292345	147
0.048167513635818	0.471016343360915	147
0.084581942720471	0.583588716949427	147
-0.102371276659045	0.785502406310806	214
0.0844592481269	0.583706954287991	214
-0.075507917838031	0.599647704824105	214
0.096352396025853	0.66007976754343	214
0.063448965253187	0.507971440785624	214
-0.016279633249944	0.662720330762715	214
-0.075321423367854	0.599706575982585	281
0.017744265090916	0.441342441812926	281
-0.038695731466628	0.414371031823955	281
0.0754204088045291	0.545223020806348	20
-0.102437271138424	0.785639292487699	283
-0.075150817760178	0.599509934408343	283
0.084685567081482	0.583223474804935	106
0.063250955301187	0.508320544769257	106
0.048198009660274	0.470952990233888	20
-0.102563147890518	0.785844565177501	20
-0.041908305713741	0.630579329942369	175
0.017963326955765	0.441341043477748	175
-0.038213600919535	0.414059767247702	175
-0.038473517099805	0.414356124603627	481
0.096458929986788	0.660076529122411	277
0.00297151029416498	0.697635563753618	277
-0.016124337343184	0.662305499122775	147
0.075313030370492	0.545493532457957	147
0.075128371293633	0.5457500837636	147
0.048022434192649	0.470939585084635	147
-0.093897514751612	0.995641991460564	307
0.075126927980529	0.545745098121915	214
0.074995176808577	0.545797766125804	617
-0.102456218495276	0.785740006128746	386
-0.07503796297973	0.599333001659143	386
-0.041899059019307	0.63044304553037	386
0.062948923400959	0.508412058019127	214
-0.01630861954926	0.662972643880192	21
-0.016414454254694	0.663108225094003	281
0.00305641110687505	0.697581345058754	281
0.084585136504098	0.583529006517462	20
-0.102541166752993	0.785872227558357	20
0.063277903257855	0.508273973989328	20
0.091164084470982	0.622299304766125	106
0.047938851552826	0.470945196729944	20
-0.041838664214195	0.630355242517293	20
0.084078279932287	0.583934285373817	175
-0.075053757516349	0.59945569070679	175
-0.102563147890518	0.785844565177501	175
-0.075061670752121	0.599394220982401	481
0.115200426332098	0.796900759774455	195
0.059811218942136	0.863764862559521	195
0.048167513635818	0.471016343360915	147
0.11519345212268	0.796995116441068	121
0.084544208075379	0.583460234530752	74
0.091187979765687	0.622272623786636	74
0.084519064067727	0.583713359197363	147
-0.075142928248916	0.599571444913089	147
-0.042126707406141	0.630748496181635	307
0.074914964874669	0.545755927653591	147
0.00303524391238197	0.69759436484439	147
-0.016281321352695	0.662925995029655	147
-0.038111377288474	0.414177817025583	32
-0.10237436794994	0.785486517852404	214
0.075260074216374	0.545605022666558	386
-0.04181077684651	0.63023594176319	214
-0.041931519146898	0.630510016423755	214
0.08464804673191	0.583404380322973	214
0.096657140778425	0.659805941212877	214
0.00303432589534103	0.697538837656829	20
0.017792214528392	0.441468073086455	20
0.084644798699921	0.583437405971673	106
-0.016440085400675	0.663088444368722	283
0.063172144305836	0.508381075212563	283
0.030238569722612	0.767560566360836	106
0.017682134913054	0.732923026998396	106
-0.0518340276884049	0.848161563336183	20
0.063487175909114	0.507986633485621	20
0.048030140972728	0.471086554526434	175
-0.102437271138424	0.785639292487699	175
0.096306353881472	0.660172892929773	277
0.00288351939022202	0.697785999055062	277
0.030151971405061	0.767313033454773	195
-0.075321423367854	0.599706575982585	147
0.084559898872544	0.583556844305442	147
0.00297151029416498	0.697635563753618	74
0.091449151369939	0.621797141860651	74
0.063685089929918	0.507439485504261	147
0.05095585692327	0.833026426386197	74
0.018100545250654	0.732585978686206	307
0.018041660723745	0.441230120289073	147
-0.051808408102043	0.848128932209231	147
0.075260074216374	0.545605022666558	147
-0.0749646380190711	0.599304485288219	147
-0.102730190262548	0.785943353413654	214
0.084352289404545	0.58393081140269	214
-0.041824711396637	0.630454044297698	214
-0.075142928248916	0.599571444913089	386
0.0480761847510181	0.471043419126657	386
-0.041982672273346	0.630647826107759	214
0.030477047225427	0.766894083590797	214
-0.0750458549234641	0.599435065359958	281
-0.051589579730977	0.847760717326087	20
-0.102500197789548	0.785757997478442	106
-0.038343745757691	0.414362328106443	20
-0.0754107477259231	0.59972581114889	175
0.017822069649896	0.441368127807516	175
-0.075142928248916	0.599571444913089	175
0.0751011590761021	0.545790922920221	175
-0.118229725026418	0.96718128856056	277
-0.1181888780838	0.967483424037025	195
0.040872809406463	0.801359418982526	195
-0.0542790453248711	1.04873331689122	195
0.106366987138921	0.731086016567874	195
0.059519255386415	0.864533923182388	121
0.091232551320138	0.622135778002015	74
-0.075418566040116	0.599664233386239	74
-0.033313448133329	0.879692424932182	307
0.017914928832515	0.441120871664386	147
0.075181351138205	0.545711507796161	214
-0.042066289731086	0.630748823283636	214
-0.041959463063889	0.630501322211344	386
-0.075232150203982	0.599654790054676	386
0.018074615566919	0.732680480598904	214
-0.102371276659045	0.785502406310806	214
0.017941873253126	0.73286505952673	214
-0.016255713429042	0.662862174171496	214
0.075313030370492	0.545493532457957	214
-0.09751494297264	0.353113627072122	281
0.04809882712395	0.471095771394012	20
0.017978153477464	0.441299012127764	283
0.090991871745561	0.622396171256163	20
-0.038232305482405	0.414275835906919	175
-0.075142928248916	0.599571444913089	481
0.017807134329266	0.441473163114747	147
0.059563306999273	0.864526088588019	121
0.084352289404545	0.58393081140269	74
0.075102597552793	0.545676629601899	147
-0.033284459182909	0.879654013737668	307
-0.038575520499092	0.414353051058273	214
-0.118280070505847	0.96771546914886	214
0.00307849189864695	0.697565218519348	214
0.075235782273917	0.545474998373273	214
-0.102371276659045	0.785502406310806	214
0.00312140115126003	0.697366293551526	214
0.00320409808434496	0.697288451086869	106
-0.074232160893451	0.816656260054727	106
0.0177292753209	0.441490978820015	283
0.08443724960764	0.583815130524904	106
-0.075232150203982	0.599654790054676	20
-0.016359856860222	0.662954716710527	20
-0.10258513378082	0.785727272580979	20
0.091253305477373	0.622188073930247	20
0.048167513635818	0.471016343360915	175
-0.099075640655895	0.353944854479088	175
-0.016921861134754	0.909857938987361	20
0.075048171822478	0.545806361158126	365
0.091164084470982	0.622299304766125	277
0.017941873253126	0.73286505952673	74
-0.102478205765596	0.785785640793822	74
0.074996598390961	0.545633475191682	74
0.00286291108509595	0.697800159750851	147
-0.016228414967052	0.662815534712448	307
-0.102456218495276	0.785740006128746	307
0.00288660350334602	0.697588871364216	307
0.017768719325702	0.732986033736395	307
0.0631067478976231	0.508419637507065	32
-0.042149911388244	0.630754431915372	32
-0.09751494297264	0.353113627072122	32
0.084478180970231	0.583797970147497	214
-0.041991904254684	0.630597832764327	214
0.017948515857331	0.441276325037825	214
0.017807134329266	0.441473163114747	214
-0.075313591982397	0.599686009158765	214
-0.042005881270846	0.630719515069575	214
-0.073839923238086	0.815804916582811	214
0.0302603275330811	0.767435441902361	214
0.048152231285691	0.470882504514928	214
0.063343219674838	0.508238057982816	20
0.106372181067794	0.731074151392489	106
0.084352289404545	0.58393081140269	106
-0.118412160857184	0.967860115493285	106
0.084456162756553	0.583813760351764	86
-0.038343745757691	0.414362328106443	175
0.04802792771955	0.470836432322348	481
0.009592789153958	0.968594540372231	365
-0.0727572357631801	1.02254356265792	365
0.106660673208911	0.730444683961773	195
0.10143796399458	0.696454001076441	147
0.063000975595961	0.508366607900928	74
-0.072700544187476	1.02247217026894	74
0.101445590063573	0.696512552624128	74
-0.052007059491736	0.848254209311997	74
-0.051961114520911	0.848158738139112	147
0.063487175909114	0.507986633485621	147
0.00288351939022202	0.697785999055062	307
-0.038473517099805	0.414356124603627	492
0.017921687581491	0.73290941491741	214
-0.0939480101512991	0.995706779936987	214
0.101597096157761	0.696299714495301	214
-0.041991904254684	0.630597832764327	214
-0.075135049387965	0.599550836734038	617
-0.038353018666431	0.414337941238971	214
-0.038464314880281	0.414424326723021	214
-0.074875569768949	0.599111080191056	214
0.084333269293257	0.583795320835331	214
0.017807134329266	0.441473163114747	214
-0.09751494297264	0.353113627072122	214
0.03008670137049	0.767741789537337	214
-0.041945482047303	0.630661225316363	20
0.084478180970231	0.583797970147497	20
0.048167513635818	0.471016343360915	20
-0.0164930216918751	0.663087724450388	106
0.09657069967864	0.659939226936215	106
-0.041871143337214	0.630390709467059	20
-0.016387156575993	0.663061566941855	106
0.050752897695814	0.833511681599796	20
0.030346943864401	0.767329384359328	20
-0.042066289731086	0.630748823283636	20
-0.016279633249944	0.662720330762715	175
0.017807134329266	0.441473163114747	481
-0.102519190369605	0.785826602283405	481
0.084434139955068	0.583781834448672	481
0.074943587197849	0.545569245055962	365
-0.032606161350029	1.29898058676402	567
0.0729040887843721	0.927850074260705	567
-0.072806187928571	1.02259290000407	277
0.075126927980529	0.545745098121915	147
-0.042103503205385	0.630676821498528	147
0.063172144305836	0.508381075212563	74
0.084603981980349	0.583572903561045	74
-0.041899059019307	0.63044304553037	74
0.017885151515488	0.441422043241892	74
-0.041824711396637	0.630454044297698	74
-0.074056657166924	0.81638992795693	147
0.101684297871862	0.695994106714981	307
0.101562937815127	0.696007522030557	307
-0.038584669491101	0.414442391647873	492
0.063304836555701	0.507940286828116	32
0.048068364212171	0.4711048335323	214
0.075179899331267	0.545683412508346	214
0.048114455422043	0.470937287450026	214
-0.102478205765596	0.785785640793822	281
-0.042103503205385	0.630676821498528	20
0.075181351138205	0.545711507796161	20
-0.102604151174065	0.785927542903538	106
-0.074101324313536	0.816499131413652	106
0.084352289404545	0.58393081140269	106
0.041011352635689	0.801273952586243	106
-0.09751494297264	0.353113627072122	703
0.101546593231265	0.696391400359992	20
0.063343219674838	0.508238057982816	20
-0.075053757516349	0.59945569070679	20
0.084456162756553	0.583813760351764	20
0.111214832851478	0.764139415462275	86
-0.075321423367854	0.599706575982585	481
-0.08153758458726	1.37790426406174	567
-0.102648096435657	0.785782555930775	147
-0.042103503205385	0.630676821498528	147
0.075287287517624	0.545564195725926	74
0.017900032419528	0.441350213980641	74
0.017807134329266	0.441473163114747	147
0.00292846101567901	0.697751766608455	307
0.084519064067727	0.583713359197363	32
0.017963326955765	0.441341043477748	32
0.0507784561049071	0.833412662069903	214
-0.016120912537759	0.662386552212215	727
-0.118320882219923	0.967754079816769	214
0.111262242788444	0.763977742221021	214
0.01763654577387	0.441536831391427	214
-0.016440085400675	0.663088444368722	214
-0.037990233828196	0.414043933099704	214
0.0175438809371939	0.441453292209616	214
0.018041660723745	0.441230120289073	214
0.091033282267716	0.622359946087841	214
-0.0750300816914	0.599077774240489	214
0.00327037490798399	0.696883433539992	214
0.091229452906914	0.622236320719878	813
0.091164084470982	0.622299304766125	813
-0.075142928248916	0.599571444913089	20
0.0632125219358	0.508227184141461	703
0.017744265090916	0.441342441812926	20
0.04809882712395	0.471095771394012	20
-0.075418566040116	0.599664233386239	175
0.063394965740158	0.508064277585327	175
0.075234323214785	0.545649823465162	481
-0.051900258284141	0.848203517793933	277
-0.0169323535924441	0.909969798012273	195
0.030216828572321	0.767608928160328	195
0.00307849189864695	0.697565218519348	74
0.00273174089086803	0.697817419589122	74
0.063343219674838	0.508238057982816	74
0.084412112566762	0.583689090508115	74
0.041160507428347	0.800947850610149	74
-0.05178810921416	0.848141441079779	147
0.084308290447826	0.583914618045903	307
-0.016334235224492	0.663007552598854	147
0.0480379278286071	0.471087613431695	32
0.00292846101567901	0.697751766608455	727
-0.041908305713741	0.630579329942369	727
-0.0163615331599321	0.663054207629342	214
-0.102604151174065	0.785927542903538	214
-0.102607124422575	0.785417866722316	80
0.002924720643118	0.697589302029009	214
0.084352289404545	0.58393081140269	214
-0.041968693252402	0.630667165648645	214
-0.038232305482405	0.414275835906919	772
0.096545392504077	0.659943711696897	813
0.0914907082724939	0.621760743097196	813
0.063343219674838	0.508238057982816	20
0.075181351138205	0.545711507796161	20
-0.038343745757691	0.414362328106443	265
0.04809882712395	0.471095771394012	265
-0.016281321352695	0.662925995029655	20
-0.037990233828196	0.414043933099704	481
0.115051871036953	0.797273144851552	195
-0.038111377288474	0.414177817025583	831
-0.099597513992659	0.354101235493265	147
0.041088586376288	0.801159832729146	121
0.10650096639658	0.73086029040724	121
0.050843842870538	0.833378565150973	121
-0.016281321352695	0.662925995029655	147
0.091208718711636	0.622276283523047	307
0.063250955301187	0.508320544769257	727
0.00299358534899896	0.697678094612967	214
-0.041922270637053	0.630589539613816	214
0.096479300764425	0.660012762681798	214
0.091404661651203	0.621955343661036	214
0.030267446983573	0.767524505470819	214
-0.016281321352695	0.662925995029655	214
0.041093935409697	0.801087862695575	214
-0.016388829064612	0.663040642355053	214
0.075261538141902	0.545560938008652	214
-0.038464314880281	0.414424326723021	772
0.018134870756271	0.441106968732687	20
-0.016416122941331	0.662953426739208	20
-0.075224295078979	0.599634201404957	20
-0.038473517099805	0.414356124603627	265
0.0178702860833611	0.441387161072424	265
-0.0742976131100031	0.81669058255381	86
0.063343219674838	0.508238057982816	86
-0.016965758113602	0.910044166485404	86
0.118217366302078	0.830008065223781	365
0.017699342444723	0.441384704650949	277
0.041039425541614	0.80106590365948	195
-0.098554588996423	0.353709685597233	831
0.05967161610987	0.864263935767638	121
0.059713712096805	0.863881405901297	74
0.00303524391238197	0.69759436484439	74
0.0914907082724939	0.621760743097196	74
-0.074035939998639	0.816375692949902	147
-0.0740152277652561	0.816295717198775	727
-0.11820930037231	0.967385459939607	727
0.075128371293633	0.5457500837636	214
0.00299358534899896	0.697678094612967	214
0.063435470882058	0.508078747495984	214
-0.075150817760178	0.599509934408343	80
-0.093565487576229	0.994544030415286	214
0.091143360720645	0.622339256267809	214
-0.041922270637053	0.630589539613816	813
0.017807134329266	0.441473163114747	20
-0.041968693252402	0.630667165648645	20
0.096504635821028	0.660029290410333	106
0.04814485185986	0.4709545254248	632
0.017885151515488	0.441422043241892	632
0.0842013354765651	0.583627553184594	20
-0.037878413463182	0.41380613890332	20
-0.051416648059938	0.847189281292113	20
0.096616353695589	0.659805884953559	380
-0.074956711698704	0.599283845361732	20
-0.098554588996423	0.353709685597233	265
-0.075321423367854	0.599706575982585	175
-0.074980522559243	0.599024532960979	481
0.0177143011176401	0.441519104636812	481
-0.041968693252402	0.630667165648645	277
0.0510024621098471	0.832826144818018	121
0.050867145477455	0.833314384010154	121
0.02025884084679	0.997744546423582	121
-0.075240015986526	0.599593248021543	74
-0.042005881270846	0.630719515069575	74
0.075126927980529	0.545745098121915	74
0.00281793478088599	0.697808245282518	74
0.0967027819941429	0.659694087387252	147
0.017574031520053	0.44134092774595	492
-0.098554588996423	0.353709685597233	32
-0.0754029400831731	0.599705268512402	727
0.091143360720645	0.622339256267809	307
0.01763654577387	0.441536831391427	727
-0.016281321352695	0.662925995029655	214
0.017885151515488	0.441422043241892	772
0.00324475703270999	0.69711960438114	20
0.018074615566919	0.732680480598904	813
0.048129316552884	0.471060482975925	20
0.063408471126852	0.508125343240681	20
0.084352289404545	0.58393081140269	106
0.084289309702582	0.583963836619084	20
-0.098235856286303	0.353414829103439	265
-0.038222961863263	0.414264406349458	265
0.084748367134464	0.583002996926212	380
0.0843112917921321	0.583903474694665	277
0.0965910856076549	0.659917412289735	195
0.096723180808149	0.65967225997152	195
0.018120152890429	0.441085742998587	831
0.101618548979437	0.696204577260159	121
-0.016965758113602	0.910044166485404	121
-0.01630861954926	0.662972643880192	74
-0.098352883478491	0.353483822010577	492
-0.038343745757691	0.414362328106443	727
0.063408471126852	0.508125343240681	214
-0.0749646380190711	0.599304485288219	214
-0.041885092082105	0.630573386077958	214
0.063093297955259	0.508417242046547	80
0.048106601170115	0.471060653765222	80
0.018074615566919	0.732680480598904	214
0.1063335150346	0.731091976989806	214
-0.016281321352695	0.662925995029655	214
0.063329730916325	0.508235697146491	214
-0.102519190369605	0.785826602283405	214
-0.099597513992659	0.354101235493265	772
0.048068364212171	0.4711048335323	20
-0.016520318870356	0.663134379752832	20
0.00326686832302703	0.69710344076095	106
0.030441071650202	0.76696164013134	20
-0.098554588996423	0.353709685597233	265
-0.038222961863263	0.414264406349458	265
-0.098235856286303	0.353414829103439	175
-0.074294229600228	0.816468439106854	86
-0.038222961863263	0.414264406349458	481
0.036612843941192	1.059410813523	377
-0.038353018666431	0.414337941238971	831
-0.054238254417617	1.04886284514049	74
0.063237475822118	0.508259419397331	583
0.030057814209701	0.767725818369495	147
0.091187979765687	0.622272623786636	147
-0.118539392027703	0.967825977925688	147
-0.0980343570804339	0.353432748047731	492
-0.038343745757691	0.414362328106443	727
0.048137044135346	0.471051609861451	727
0.063435470882058	0.508078747495984	214
-0.016281321352695	0.662925995029655	214
-0.041982672273346	0.630647826107759	214
0.063343219674838	0.508238057982816	214
-0.102711082516985	0.785806559178677	80
0.063343219674838	0.508238057982816	214
0.017982236601208	0.732611827506294	214
0.017699342444723	0.441384704650949	772
0.017914928832515	0.441120871664386	772
-0.075158717915544	0.599291194086621	20
-0.10399339177849	1.16158996375858	20
-0.041922270637053	0.630589539613816	20
0.063435470882058	0.508078747495984	813
0.063435470882058	0.508078747495984	20
-0.0419547323838489	0.6302863210645	20
0.063302742386506	0.507993001229067	265
-0.097314325335099	0.352888726716764	265
-0.041945482047303	0.630661225316363	481
0.00290412257635297	0.697717017964945	365
0.07507394885366	0.545783675338654	277
0.075314502806718	0.545475329450318	365
0.028803192166307	1.02884995237945	195
-0.038464314880281	0.414424326723021	831
0.040939425726421	0.801312715430231	74
0.075099719386491	0.545679040142965	583
0.063093297955259	0.508417242046547	307
-0.038101962939554	0.414130609919789	727
0.075288755062965	0.545413343996195	214
0.084434139955068	0.583781834448672	80
0.063408471126852	0.508125343240681	80
0.091226227239373	0.621886542336025	214
-0.038222961863263	0.414264406349458	772
-0.0740152277652561	0.816295717198775	813
-0.074122030630818	0.81651335162147	813
-0.07539514311777	0.599603262801723	20
0.063370186185948	0.508081781188768	20
0.01763654577387	0.441536831391427	632
-0.051564089565075	0.847478749417598	20
0.048137044135346	0.471051609861451	481
-0.102456218495276	0.785740006128746	277
-0.118713576071355	1.48887606026863	377
0.059651425095581	0.864368927495552	377
-0.094027576568999	0.995712472582623	195
-0.0980343570804339	0.353432748047731	831
0.075048171822478	0.545806361158126	74
-0.102626121428237	0.785899865880792	74
0.0751526903693121	0.545617365600518	147
-0.042233537240463	0.630653111519983	147
0.00327037490798399	0.696883433539992	147
0.075234323214785	0.545649823465162	147
0.0843932388020811	0.583891294044359	307
0.091187979765687	0.622272623786636	307
0.017822069649896	0.441368127807516	147
0.017963326955765	0.441341043477748	147
0.03011559412965	0.767705696631912	307
0.063343219674838	0.508238057982816	727
-0.118391771318661	0.967731784005976	214
0.084226307409407	0.583973930211519	214
-0.075313591982397	0.599686009158765	80
-0.042066289731086	0.630748823283636	80
-0.041922270637053	0.630589539613816	214
0.00324828705636504	0.697087935571018	214
-0.102626121428237	0.785899865880792	214
0.017807134329266	0.441473163114747	214
0.084581942720471	0.583588716949427	214
0.0480761847510181	0.471043419126657	772
0.084078279932287	0.583934285373817	20
-0.016334235224492	0.663007552598854	20
-0.074053520094759	0.815689463743273	20
-0.075142928248916	0.599571444913089	20
0.0845410928024371	0.583697557335818	20
0.017982236601208	0.732611827506294	20
-0.097314325335099	0.352888726716764	265
0.018056432898871	0.441217944876616	265
0.017978153477464	0.441299012127764	265
0.00294908055527099	0.697737592033022	380
-0.041801495132781	0.63038238662287	481
0.101626157830299	0.696240291814015	365
0.04809882712395	0.471095771394012	337
0.074967967294757	0.545790526472073	121
0.040934153984994	0.801173904530652	121
0.096697918450386	0.659634596918749	76
-0.016440085400675	0.663088444368722	76
0.0302314665693471	0.767359704328581	583
0.063172144305836	0.508381075212563	583
0.0480761847510181	0.471043419126657	583
0.084226307409407	0.583973930211519	74
0.063093297955259	0.508417242046547	147
0.084415246499077	0.583875515619935	147
-0.041968693252402	0.630667165648645	147
0.00309711961107395	0.697414993980128	147
0.00301461825294003	0.697663368297709	307
-0.042103503205385	0.630676821498528	307
0.048060623814151	0.471077472243728	727
0.017558948417229	0.44151093634167	232
-0.038111377288474	0.414177817025583	232
-0.041908305713741	0.630579329942369	80
-0.041931519146898	0.630510016423755	80
0.063264431112624	0.508322918373419	214
0.0177143011176401	0.441519104636812	214
0.017885151515488	0.441422043241892	214
-0.016520318870356	0.663134379752832	214
0.0965910856076549	0.659917412289735	214
0.017963326955765	0.441341043477748	772
-0.038815728425268	0.414295046886828	772
-0.102393270064865	0.785621271260328	20
0.091253305477373	0.622188073930247	813
0.00311921498448697	0.697457472057385	20
0.00299030427202895	0.697540867601289	20
0.017978153477464	0.441299012127764	20
0.075285818681739	0.545486301742271	20
0.04809882712395	0.471095771394012	20
-0.074146040742489	0.816512466993869	86
0.096636748414928	0.659827762496698	365
-0.038474446617023	1.07560855348427	195
0.012299788377963	1.22658412225056	377
0.017699342444723	0.441384704650949	831
-0.09368791408267	0.995116678033945	121
-0.075208616825992	0.599276847842701	121
0.00299358534899896	0.697678094612967	76
-0.075224295078979	0.599634201404957	583
0.048030140972728	0.471086554526434	583
0.017900032419528	0.441350213980641	74
-0.042066289731086	0.630748823283636	74
0.096545392504077	0.659943711696897	74
-0.075313591982397	0.599686009158765	147
0.063133636804223	0.508263388565242	147
-0.102393270064865	0.785621271260328	147
0.084333269293257	0.583795320835331	307
0.04809882712395	0.471095771394012	727
-0.075329265417905	0.599645011435276	80
0.00281793478088599	0.697808245282518	80
-0.041899059019307	0.63044304553037	80
-0.016600557268298	0.663091087595214	80
0.048106601170115	0.471060653765222	214
0.0175438809371939	0.441453292209616	214
0.048137044135346	0.471051609861451	214
-0.041931519146898	0.630510016423755	20
-0.073946722165788	0.815989994097617	20
0.048220943826483	0.470759815695374	20
-0.041847927464025	0.630459992763821	813
0.048060623814151	0.471077472243728	20
0.048106601170115	0.471060653765222	20
-0.075053757516349	0.59945569070679	20
0.048159832487555	0.470997103993803	20
0.04814485185986	0.4709545254248	20
-0.041847927464025	0.630459992763821	20
-0.097314325335099	0.352888726716764	265
-0.074867619725942	0.599090428767936	86
0.07507394885366	0.545783675338654	86
0.017875477368701	0.732920077295328	365
0.101546593231265	0.696391400359992	365
0.00281793478088599	0.697808245282518	365
0.059495353666729	0.86457604362879	121
-0.016255713429042	0.662862174171496	74
-0.102522194565737	0.78564073577593	583
0.04809882712395	0.471095771394012	583
0.063408471126852	0.508125343240681	583
-0.118325712212784	0.967675016408229	74
0.084644798699921	0.583437405971673	74
0.048106601170115	0.471060653765222	147
-0.102667159015211	0.785951560164861	307
-0.042029090058758	0.630725452876737	147
0.0479996846415251	0.471069360153076	147
0.017792214528392	0.441468073086455	492
0.084415246499077	0.583875515619935	307
0.091277075321575	0.621913130370035	727
0.018120152890429	0.441085742998587	727
0.048129316552884	0.471060482975925	727
0.017978153477464	0.441299012127764	214
0.048159832487555	0.470997103993803	214
0.04084488936258	0.80133193786774	80
-0.041824711396637	0.630454044297698	80
0.084500194595213	0.583737580326332	214
0.048175274861663	0.470945497752617	20
0.091143360720645	0.622339256267809	20
0.096504635821028	0.660029290410333	20
0.063172144305836	0.508381075212563	20
-0.038575520499092	0.414353051058273	20
0.075393192779485	0.545311820434884	20
-0.102541166752993	0.785872227558357	20
0.018041660723745	0.441230120289073	265
0.075207110278836	0.545690657241514	86
-0.0694328549994681	1.40755541794592	377
-0.038222961863263	0.414264406349458	831
-0.075224295078979	0.599634201404957	583
0.048129316552884	0.471060482975925	147
0.048129316552884	0.471060482975925	147
0.017558948417229	0.44151093634167	147
-0.075061670752121	0.599394220982401	147
-0.102519190369605	0.785826602283405	214
0.048137044135346	0.471051609861451	80
0.017963326955765	0.441341043477748	214
-0.041982672273346	0.630647826107759	214
0.075181351138205	0.545711507796161	20
-0.038464314880281	0.414424326723021	20
0.018041660723745	0.441230120289073	813
0.01789565330357	0.732822966651815	813
-0.10258218567443	0.785881930049397	20
0.017900032419528	0.441350213980641	20
0.063158677768567	0.508319933207446	20
0.0178702860833611	0.441387161072424	265
-0.038575520499092	0.414353051058273	265
0.0846006853586721	0.583312980142903	86
0.075179899331267	0.545683412508346	481
0.063250955301187	0.508320544769257	86
-0.085182570887636	1.18639422213357	365
0.091404661651203	0.621955343661036	365
0.0596753153155271	0.864304633900874	195
-0.0384550952589881	0.414291169728785	26
0.063381456679012	0.507882757964933	831
0.091339369202452	0.622085083749103	121
0.101496091196869	0.696462244264049	121
0.096723180808149	0.65967225997152	74
0.048137044135346	0.471051609861451	74
0.084097371755803	0.583850645077103	147
0.096438556878078	0.660098329044915	307
-0.038241631735444	0.41410029348193	147
-0.041945482047303	0.630661225316363	727
-0.016414454254694	0.663108225094003	214
0.002756128195185	0.697658653014912	214
0.075338766670477	0.54534540540273	80
0.084434139955068	0.583781834448672	214
0.08443724960764	0.583815130524904	214
0.0594884091837909	0.86459287858874	20
0.075365978735715	0.545352624230085	813
0.063264431112624	0.508322918373419	813
-0.0749646380190711	0.599304485288219	20
-0.016202814805571	0.662720170897392	20
0.017807134329266	0.441473163114747	265
0.040983370943716	0.80133427153077	380
0.074995176808577	0.545797766125804	86
-0.097833196182046	0.353207340512575	285
-0.04361401191595	1.26960741158832	365
0.029080084212101	1.02806112978826	195
0.009890254592824	0.967662568677695	195
0.075048171822478	0.545806361158126	337
0.096381211589189	0.659960130384465	121
-0.041861878249689	0.630501710651017	76
0.017885151515488	0.441422043241892	76
0.084497030745063	0.58368145739329	583
0.048137044135346	0.471051609861451	583
-0.016228414967052	0.662815534712448	74
-0.073973818103808	0.81590498096593	74
-0.016467382827036	0.663135102628169	74
-0.054238254417617	1.04886284514049	307
0.0751011590761021	0.545790922920221	147
-0.102563147890518	0.785844565177501	147
0.091187979765687	0.622272623786636	307
-0.102859072035823	0.785446659987346	307
-0.0420430831368011	0.630677137943554	727
0.084390080592578	0.583461898983943	727
0.017466387036037	0.441427357819843	232
0.017792214528392	0.441468073086455	214
0.017900032419528	0.441350213980641	80
0.063093297955259	0.508417242046547	80
-0.097833196182046	0.353207340512575	80
0.091363116198774	0.621899506241714	80
-0.038343745757691	0.414362328106443	202
0.018134870756271	0.441106968732687	214
-0.038464314880281	0.414424326723021	214
-0.0754029400831731	0.599705268512402	214
-0.016334235224492	0.663007552598854	20
0.075393192779485	0.545311820434884	20
-0.075150817760178	0.599509934408343	20
-0.038353018666431	0.414337941238971	20
0.030238569722612	0.767560566360836	380
-0.075061670752121	0.599394220982401	265
-0.102711082516985	0.785806559178677	380
-0.051813740537856	0.848049241128343	481
0.106573090148683	0.730733618380338	365
0.078200418245456	0.95975816048588	195
-0.095621784890919	1.35002806368636	195
-0.038464314880281	0.414424326723021	337
0.017947666343921	0.732754184124322	76
0.00320755226674396	0.697036211301565	76
0.091274054880803	0.622191717871612	583
-0.0161738119600811	0.66252843597844	74
0.048045794888565	0.470997917343372	74
-0.075053757516349	0.59945569070679	147
0.048205724416729	0.470910260347338	147
-0.098235856286303	0.353414829103439	147
-0.097833196182046	0.353207340512575	147
-0.10258218567443	0.785881930049397	307
-0.074056657166924	0.81638992795693	307
0.063408471126852	0.508125343240681	727
0.084478180970231	0.583797970147497	214
-0.074080622929075	0.816419155705699	214
0.048068364212171	0.4711048335323	214
0.084434139955068	0.583781834448672	80
0.0845410928024371	0.583697557335818	80
0.048159832487555	0.470997103993803	214
-0.038232305482405	0.414275835906919	202
-0.075224295078979	0.599634201404957	202
0.048167513635818	0.471016343360915	20
-0.042135908239007	0.630461653713601	20
0.091336274571196	0.621935646428968	27
0.00279348312387495	0.697606693308467	27
0.063250955301187	0.508320544769257	20
-0.075247892420489	0.59937445297054	20
0.096525015331737	0.660007482888487	813
0.106444307745161	0.731009070221673	813
0.00299030427202895	0.697540867601289	813
0.0480761847510181	0.471043419126657	813
0.040944737369518	0.801367041113006	106
-0.016414454254694	0.663108225094003	20
0.063421972840391	0.508127690026033	20
0.063199066387906	0.508334523103492	20
0.091122632222559	0.622335582429877	20
0.063172144305836	0.508381075212563	20
0.063093297955259	0.508417242046547	20
0.048060623814151	0.471077472243728	20
0.017807134329266	0.441473163114747	20
0.063199066387906	0.508334523103492	380
-0.102730190262548	0.785943353413654	380
0.030368686139325	0.767280487249456	380
0.0479996846415251	0.471069360153076	265
-0.05425866393656	1.04884416750637	380
-0.118606132765399	0.96783087655858	86
0.11519345212268	0.796995116441068	365
0.0482972322887411	0.470609868870099	365
-0.085106733262592	1.1859682922145	377
0.00956205924623099	0.968683378177568	121
-0.118320882219923	0.967754079816769	121
-0.0420430831368011	0.630677137943554	76
0.063264431112624	0.508322918373419	76
0.096611469191095	0.659853640291209	74
0.063750180991259	0.507212392353399	253
-0.016335915718494	0.662959083307172	147
0.063421972840391	0.508127690026033	147
0.075446133727515	0.545134777402124	147
0.101727156068284	0.695991419448958	147
0.01789565330357	0.732822966651815	307
-0.075142928248916	0.599571444913089	80
0.091274054880803	0.622191717871612	214
0.084245331761483	0.583947621249913	214
-0.0750300816914	0.599077774240489	329
0.075340244041036	0.545452715371539	20
-0.118280070505847	0.96771546914886	20
0.04809882712395	0.471095771394012	20
-0.041945482047303	0.630661225316363	20
-0.01630861954926	0.662972643880192	20
0.017807134329266	0.441473163114747	813
0.075234323214785	0.545649823465162	106
0.075179899331267	0.545683412508346	106
-0.00250362255136904	0.93870634251668	106
0.091143360720645	0.622339256267809	20
0.084500194595213	0.583737580326332	20
-0.051589579730977	0.847760717326087	20
0.063237475822118	0.508259419397331	380
0.091143360720645	0.622339256267809	86
-0.017109816457313	0.910119906615612	365
-0.013861410975294	1.13268581397514	365
0.063250955301187	0.508320544769257	337
0.084670072221638	0.58323528144045	675
0.0845410928024371	0.583697557335818	121
0.048114101292369	0.47074469564081	76
-0.041885092082105	0.630573386077958	76
0.017941873253126	0.73286505952673	76
0.00296969497419597	0.697668597176143	583
-0.033132800683004	0.879505831008133	74
0.00288351939022202	0.697785999055062	74
0.017885151515488	0.441422043241892	462
-0.016359856860222	0.662954716710527	307
-0.016414454254694	0.663108225094003	147
-0.118168458157863	0.967500403990842	307
-0.042089496111302	0.630754759552082	232
0.048152231285691	0.470882504514928	232
0.063500690585278	0.50798896479976	214
-0.075224295078979	0.599634201404957	80
-0.01630861954926	0.662972643880192	80
0.048137044135346	0.471051609861451	214
-0.038111377288474	0.414177817025583	329
-0.016545965442813	0.663057988239818	20
0.075075383686997	0.545765523362656	20
-0.10258218567443	0.785881930049397	20
-0.041885092082105	0.630573386077958	20
-0.102437271138424	0.785639292487699	265
-0.0334286221661571	0.879205402724735	380
0.091514389503622	0.621614820523833	86
0.115158926265748	0.797084598437523	377
0.00283852674213603	0.697739283194232	675
-0.097833196182046	0.353207340512575	584
0.075287287517624	0.545564195725926	583
-0.038213600919535	0.414059767247702	462
0.048030140972728	0.471086554526434	74
0.00311921498448697	0.697457472057385	74
-0.01646904351221	0.663007436278576	307
0.0843302922197891	0.583946577934216	147
-0.102604151174065	0.785927542903538	147
0.048137044135346	0.471051609861451	552
0.017699342444723	0.441384704650949	552
-0.07272893242367	1.02259726800302	307
0.0480379278286071	0.471087613431695	80
-0.074956711698704	0.599283845361732	80
0.017978153477464	0.441299012127764	329
-0.017021927460562	0.909847634443745	27
0.063356704764237	0.50818911175335	20
0.018452201567001	0.731462575609159	106
-0.072661932213419	1.0224398466382	106
0.063514201586973	0.507940032132344	20
-0.075142928248916	0.599571444913089	20
-0.072594895322079	1.02216240326796	380
0.091363116198774	0.621899506241714	365
-0.074142741880797	0.816457223948004	365
-0.016414454254694	0.663108225094003	537
0.075285818681739	0.545486301742271	537
0.041083277255358	0.801159267647091	377
-0.038353018666431	0.414337941238971	831
0.00454421554245299	1.19439506491418	121
0.075126927980529	0.545745098121915	76
-0.075232150203982	0.599654790054676	76
0.091098694249095	0.622340682489739	74
0.01763654577387	0.441536831391427	462
0.041116599462428	0.801052662885613	307
0.030180831938282	0.767468822685316	307
0.017885151515488	0.441422043241892	232
-0.038222961863263	0.414264406349458	80
-0.074142741880797	0.816457223948004	214
0.048022434192649	0.470939585084635	731
0.063093297955259	0.508417242046547	324
-0.041885092082105	0.630573386077958	20
0.096392829609214	0.660124538560593	813
0.00288351939022202	0.697785999055062	813
-0.054309373230798	1.048997570821	106
0.091164084470982	0.622299304766125	20
0.018012162456775	0.440861040773785	20
0.020144542030039	0.998082767335834	380
0.075154138563505	0.545752345612659	86
0.047991931438493	0.470948690948521	86
0.048167513635818	0.471016343360915	841
0.0178702860833611	0.441387161072424	537
0.0480379278286071	0.471087613431695	537
0.048823225701252	1.12524261423007	121
-0.038111377288474	0.414177817025583	648
-0.038584669491101	0.414442391647873	76
-0.0163615331599321	0.663054207629342	74
-0.038464314880281	0.414424326723021	462
-0.016255713429042	0.662862174171496	307
-0.0383344554852471	0.414193392330842	341
-0.038436437303649	1.07550336376656	307
0.106660673208911	0.730444683961773	307
0.017963326955765	0.441341043477748	552
0.04084488936258	0.80133193786774	307
0.101532838125044	0.696206784479025	307
-0.098756633713589	0.353692019334519	202
-0.098352883478491	0.353483822010577	202
-0.097833196182046	0.353207340512575	731
0.059679078916918	0.864208119289562	27
-0.074276944220782	0.816610642593843	20
-0.098554588996423	0.353709685597233	576
0.09657069967864	0.659939226936215	380
0.122783685134471	0.897614743698277	380
-0.118473343453346	0.967800638443948	380
0.063277903257855	0.508273973989328	86
0.111052272788872	0.764246924917478	86
-0.0694579743096701	1.21280803147161	365
-0.054898676678372	1.23829473485333	365
0.063343219674838	0.508238057982816	537
0.084603981980349	0.583572903561045	121
0.091208718711636	0.622276283523047	121
0.048236200513971	0.470846950090697	76
0.048060623814151	0.471077472243728	76
-0.097833196182046	0.353207340512575	648
0.017948515857331	0.441276325037825	584
-0.038473517099805	0.414356124603627	253
0.0177143011176401	0.441519104636812	253
0.063304836555701	0.507940286828116	253
-0.075127181183508	0.599448766878507	74
0.0479996846415251	0.471069360153076	462
0.075258608972036	0.545420306406661	341
0.106549892286542	0.730837742747949	307
0.101655225066754	0.696139451980418	307
-0.0754107477259231	0.59972581114889	552
-0.074321776684566	0.816464432517311	307
-0.102667159015211	0.785951560164861	307
-0.038464314880281	0.414424326723021	232
-0.038584669491101	0.414442391647873	232
-0.038343745757691	0.414362328106443	80
0.048129316552884	0.471060482975925	80
-0.09751494297264	0.353113627072122	530
-0.09751494297264	0.353113627072122	731
0.030187946152239	0.767645000664507	27
-0.102522194565737	0.78564073577593	813
0.0177292753209	0.441490978820015	722
-0.102541166752993	0.785872227558357	20
-0.072690291965183	1.02250046668267	106
0.017967864460789	0.732821298651971	20
0.063329730916325	0.508235697146491	20
0.063158677768567	0.508319933207446	810
-0.038464314880281	0.414424326723021	576
-0.037878413463182	0.41380613890332	20
0.020299758678082	0.997691548361802	380
-0.0750300816914	0.599077774240489	745
0.048137044135346	0.471051609861451	86
-0.075150817760178	0.599509934408343	86
-0.075158717915544	0.599291194086621	675
-0.00410711750834003	1.16314030564908	121
0.084497030745063	0.58368145739329	583
-0.038232305482405	0.414275835906919	253
0.017885151515488	0.441422043241892	253
-0.098756633713589	0.353692019334519	253
0.017744265090916	0.441342441812926	253
0.096479300764425	0.660012762681798	307
-0.098554588996423	0.353709685597233	232
-0.038464314880281	0.414424326723021	530
-0.038111377288474	0.414177817025583	530
0.017699342444723	0.441384704650949	202
-0.099075640655895	0.353944854479088	202
-0.037990233828196	0.414043933099704	202
-0.09751494297264	0.353113627072122	830
-0.016970966090645	0.910002448809907	27
0.063487175909114	0.507986633485621	20
-0.10258513378082	0.785727272580979	20
0.063264431112624	0.508322918373419	813
-0.098352883478491	0.353483822010577	722
0.0480379278286071	0.471087613431695	20
-0.075127181183508	0.599448766878507	20
0.017978153477464	0.441299012127764	20
-0.098554588996423	0.353709685597233	576
0.063408471126852	0.508125343240681	745
0.0912947995307271	0.622151746026057	86
0.075179899331267	0.545683412508346	365
-0.038726613070269	1.07598570078681	365
0.037751969839827	1.71877045370189	377
0.04809882712395	0.471095771394012	537
-0.038505507498841	1.07577254731158	537
0.10640046829823	0.731059995223998	121
0.048778402552649	1.12518712982943	121
0.01251004226676	1.22542054616813	121
0.0480379278286071	0.471087613431695	648
-0.09771589802742	0.353095483927744	648
0.017947666343921	0.732754184124322	74
-0.096796269002475	0.352488687791578	232
-0.098554588996423	0.353709685597233	232
-0.0754107477259231	0.59972581114889	80
0.0480761847510181	0.471043419126657	80
-0.0980343570804339	0.353432748047731	731
0.018056432898871	0.441217944876616	329
0.030289194066881	0.767451436739019	27
-0.042052298639449	0.630656110813843	20
0.017963326955765	0.441341043477748	20
0.00299358534899896	0.697678094612967	20
0.063316238487333	0.508174597084697	20
0.017807134329266	0.441473163114747	20
0.115051871036953	0.797273144851552	380
-0.041801495132781	0.63038238662287	380
0.048106601170115	0.471060653765222	86
-0.074101324313536	0.816499131413652	365
-0.03812077431086	0.414038094571237	841
0.0843302922197891	0.583946577934216	537
0.111194385500599	0.764123098255853	121
0.063172144305836	0.508381075212563	76
0.04809882712395	0.471095771394012	76
-0.038232305482405	0.414275835906919	76
0.017885151515488	0.441422043241892	583
-0.098554588996423	0.353709685597233	253
0.00320409808434496	0.697288451086869	74
0.00288351939022202	0.697785999055062	74
0.059471460186219	0.86459629130322	307
0.111211631993151	0.764126122812867	307
0.048137044135346	0.471051609861451	552
-0.074080622929075	0.816419155705699	307
0.0177143011176401	0.441519104636812	214
0.017885151515488	0.441422043241892	530
-0.07503796297973	0.599333001659143	530
-0.016334235224492	0.663007552598854	20
0.048060623814151	0.471077472243728	20
-0.098235856286303	0.353414829103439	722
0.101525163151104	0.696402792335681	20
0.075181351138205	0.545711507796161	20
0.017900032419528	0.441350213980641	20
-0.038343745757691	0.414362328106443	810
-0.098554588996423	0.353709685597233	576
0.075126927980529	0.545745098121915	86
-0.118407309964976	0.967743905919432	365
-0.042052298639449	0.630656110813843	537
-0.074166731286506	0.816592436654914	121
-0.102519190369605	0.785826602283405	128
0.017900032419528	0.441350213980641	76
0.017885151515488	0.441422043241892	76
0.017792214528392	0.441468073086455	76
0.04809882712395	0.471095771394012	648
-0.0750458549234641	0.599435065359958	648
-0.074956711698704	0.599283845361732	76
-0.118493742322946	0.967596329814114	583
0.075261538141902	0.545560938008652	583
-0.041787558524264	0.63030518261539	583
-0.038101962939554	0.414130609919789	253
-0.042201171194748	0.630430680955069	462
0.0843302922197891	0.583946577934216	462
-0.0750458549234641	0.599435065359958	462
0.12092367095708	0.863331309366866	307
0.050843842870538	0.833378565150973	307
0.0843302922197891	0.583946577934216	80
-0.09751494297264	0.353113627072122	80
0.048106601170115	0.471060653765222	530
0.017885151515488	0.441422043241892	530
-0.096796269002475	0.352488687791578	530
0.048228532197089	0.470856745105674	202
-0.075321423367854	0.599706575982585	731
0.018228146026064	0.44085949939863	329
-0.0752164506176301	0.599532139278292	27
-0.016521971569426	0.663034320453265	324
-0.051635430468389	0.847866999017909	27
-0.075321423367854	0.599706575982585	324
-0.102456218495276	0.785740006128746	324
-0.118254872563462	0.96763483364418	324
-0.038575520499092	0.414353051058273	722
-0.0980343570804339	0.353432748047731	576
-0.016927126718744	0.909955148110897	380
0.091208718711636	0.622276283523047	101
0.063185607178434	0.508383460359442	295
-0.102500197789548	0.785757997478442	380
0.072978003895333	0.927503441686384	365
-0.075053757516349	0.59945569070679	515
0.017807134329266	0.441473163114747	515
-0.0161226246794109	0.662495372105202	128
-0.038464314880281	0.414424326723021	128
0.084603981980349	0.583572903561045	121
-0.075329265417905	0.599645011435276	76
-0.016960511410826	0.910003387790672	74
-0.016438421199712	0.662800521704817	74
0.075048171822478	0.545806361158126	74
0.0844592481269	0.583706954287991	74
-0.102478205765596	0.785785640793822	462
0.018034213142027	0.732716523926003	307
0.084603981980349	0.583572903561045	80
0.0751011590761021	0.545790922920221	80
0.063394965740158	0.508064277585327	80
0.0177143011176401	0.441519104636812	202
-0.016310304284051	0.662761454214825	214
-0.042052298639449	0.630656110813843	214
0.018120152890429	0.441085742998587	214
0.017885151515488	0.441422043241892	329
-0.016653507990971	0.66302963913535	27
-0.075142928248916	0.599571444913089	324
0.0632125219358	0.508227184141461	20
0.0631067478976231	0.508419637507065	20
0.018034213142027	0.732716523926003	20
-0.102478205765596	0.785785640793822	20
-0.051721916884086	0.848043425468633	101
0.048106601170115	0.471060653765222	101
0.0507341197079501	0.8333851319217	380
-0.085261686951172	1.18639019834953	380
-0.0727572357631801	1.02254356265792	86
-0.00286866146117204	0.939478760211917	86
0.115048379580401	0.797251752187961	365
0.091098694249095	0.622340682489739	365
0.082098772900553	0.994177509644416	365
0.089148241888739	1.06226247555337	377
0.04809882712395	0.471095771394012	515
-0.075240015986526	0.599593248021543	128
-0.098352883478491	0.353483822010577	128
0.063172144305836	0.508381075212563	76
0.075313030370492	0.545493532457957	76
0.075205653566335	0.545531757171661	76
0.096381211589189	0.659960130384465	74
0.018319672957685	0.732029233294185	462
-0.074211481181239	0.816576302309726	462
0.063199066387906	0.508334523103492	107
0.017978153477464	0.441299012127764	107
-0.098235856286303	0.353414829103439	107
0.030318066175677	0.76741538842748	307
-0.074883530439411	0.599049724278248	80
0.048091133154588	0.471042169258016	80
0.048205724416729	0.470910260347338	530
-0.05178810921416	0.848141441079779	214
0.063329730916325	0.508235697146491	27
-0.102308340792268	0.785349622788333	813
-0.051742222533774	0.848030929183181	20
-0.01614992368499	0.662541981757469	20
0.00305641110687505	0.697581345058754	20
-0.075158717915544	0.599291194086621	810
-0.102689118389286	0.785923872930611	810
0.017933720144475	0.441049099583088	295
0.030267446983573	0.767524505470819	380
-0.072695436889376	1.02253305501335	86
-0.0380925313061919	0.413882409633952	285
0.048601946429813	1.12590842830021	365
0.066700244998102	0.896049890963641	365
-0.051747518947093	0.847979241733637	515
-0.016387156575993	0.663061566941855	76
0.075048171822478	0.545806361158126	76
-0.10258513378082	0.785727272580979	76
0.017807134329266	0.441473163114747	583
0.08443724960764	0.583815130524904	583
-0.075150817760178	0.599509934408343	583
0.084497030745063	0.58368145739329	462
0.084544208075379	0.583460234530752	74
0.084456162756553	0.583813760351764	74
-0.016600557268298	0.663091087595214	307
0.106549892286542	0.730837742747949	307
-0.072811277431059	1.02241090727615	307
0.075126927980529	0.545745098121915	107
0.017809065046073	0.732950060175185	307
-0.0421871342737919	0.630716483540115	307
-0.041787558524264	0.63030518261539	80
0.017885151515488	0.441422043241892	80
0.075181351138205	0.545711507796161	80
0.063120194180064	0.508370712672486	80
-0.098554588996423	0.353709685597233	530
0.04809882712395	0.471095771394012	530
0.01763654577387	0.441536831391427	202
0.0177292753209	0.441490978820015	214
0.048091133154588	0.471042169258016	329
0.048167513635818	0.471016343360915	329
-0.075313591982397	0.599686009158765	324
-0.102626121428237	0.785899865880792	324
0.075234323214785	0.545649823465162	20
-0.075329265417905	0.599645011435276	20
-0.038464314880281	0.414424326723021	20
-0.038353018666431	0.414337941238971	810
0.075340244041036	0.545452715371539	295
-0.073839923238086	0.815804916582811	380
0.048228532197089	0.470856745105674	86
0.11125581079751	0.763992833069648	380
-0.0384550952589881	0.414291169728785	285
0.050752897695814	0.833511681599796	365
0.063435470882058	0.508078747495984	515
0.084478180970231	0.583797970147497	76
-0.075313591982397	0.599686009158765	76
0.063343219674838	0.508238057982816	583
-0.041885092082105	0.630573386077958	583
0.075234323214785	0.545649823465162	583
-0.016335915718494	0.662959083307172	74
-0.075321423367854	0.599706575982585	462
-0.041968693252402	0.630667165648645	462
-0.016387156575993	0.663061566941855	462
0.048137044135346	0.471051609861451	107
0.063014416275205	0.508427756633545	80
0.048175274861663	0.470945497752617	80
0.048091133154588	0.471042169258016	80
-0.075135049387965	0.599550836734038	530
-0.0749646380190711	0.599304485288219	214
-0.041982672273346	0.630647826107759	214
0.048190374916138	0.470900828404984	214
0.0479996846415251	0.471069360153076	329
-0.041727198915153	0.630107153549229	324
-0.01630861954926	0.662972643880192	324
0.0480761847510181	0.471043419126657	324
-0.042210335867543	0.63072241981127	20
-0.073991306393046	0.816234952867646	20
0.0751011590761021	0.545790922920221	20
-0.07397057836553	0.816220702874999	101
0.063500690585278	0.50798896479976	295
-0.038584669491101	0.414442391647873	295
0.0480379278286071	0.471087613431695	295
-0.038101962939554	0.414130609919789	128
-0.00273315429054799	0.939441509815697	74
0.063172144305836	0.508381075212563	583
0.0846006853586721	0.583312980142903	583
0.101705718608881	0.696026321895317	74
-0.098352883478491	0.353483822010577	462
0.030216828572321	0.767608928160328	74
0.050841643660876	0.833318508644783	307
0.063408471126852	0.508125343240681	80
0.00307849189864695	0.697565218519348	80
0.0750209619564241	0.545799116154301	214
0.017988059899997	0.732829633677683	80
-0.075053757516349	0.59945569070679	80
-0.041922270637053	0.630589539613816	214
-0.0169375416865331	0.909901267738895	27
0.084519064067727	0.583713359197363	27
-0.016363209863184	0.66287188570123	214
-0.038473517099805	0.414356124603627	214
0.084396270009057	0.58376226588378	214
0.017792214528392	0.441468073086455	324
-0.038213600919535	0.414059767247702	324
0.0479996846415251	0.471069360153076	324
-0.038232305482405	0.414275835906919	324
-0.074211481181239	0.816576302309726	813
0.075126927980529	0.545745098121915	20
0.063172144305836	0.508381075212563	20
0.048091133154588	0.471042169258016	20
-0.0517828413764	0.847775549058401	380
0.091122632222559	0.622335582429877	86
0.017569426288962	0.732914313397577	380
-0.075321423367854	0.599706575982585	86
0.066898142876035	0.895555505580679	365
0.050661967864137	0.833506830796359	365
-0.038111377288474	0.414177817025583	515
-0.098554588996423	0.353709685597233	128
-0.07539514311777	0.599603262801723	128
0.120863778317635	0.863552757333763	121
0.111123289706496	0.764273865968177	121
0.111211631993151	0.764126122812867	74
0.041121887953011	0.801077906797172	74
-0.118386907017763	0.967841950693089	74
-0.085227041977842	1.18621709612222	74
0.00303524391238197	0.69759436484439	74
0.091232551320138	0.622135778002015	583
-0.016545965442813	0.663057988239818	462
-0.0383344554852471	0.414193392330842	107
-0.037990233828196	0.414043933099704	107
0.0177143011176401	0.441519104636812	80
0.0842702459960501	0.583805458488581	80
0.084267323025439	0.583979591146226	80
0.017963326955765	0.441341043477748	214
0.0631067478976231	0.508419637507065	214
0.00275232675068404	0.697803286426881	27
0.091253305477373	0.622188073930247	27
-0.074187426761161	0.816606642247111	27
0.063199066387906	0.508334523103492	214
0.017941873253126	0.73286505952673	27
0.017885151515488	0.441422043241892	324
-0.038695731466628	0.414371031823955	324
0.04809882712395	0.471095771394012	324
0.063435470882058	0.508078747495984	20
0.075179899331267	0.545683412508346	20
0.063172144305836	0.508381075212563	20
0.018161166236061	0.732452818950968	101
-0.037878413463182	0.41380613890332	295
0.017558948417229	0.44151093634167	295
0.017699342444723	0.441384704650949	295
0.017900032419528	0.441350213980641	295
-0.038343745757691	0.414362328106443	295
0.01814960398396	0.440970472276922	86
-0.046822265783392	1.46495553754127	377
0.043008061877281	1.09239764983337	377
-0.075053757516349	0.59945569070679	515
0.048228532197089	0.470856745105674	128
-0.041861878249689	0.630501710651017	128
0.075154138563505	0.545752345612659	128
-0.00279818433735701	0.939535965995986	121
0.00326686832302703	0.69710344076095	74
0.084522203630556	0.583629406919959	462
0.048167513635818	0.471016343360915	462
-0.0171432128524091	0.91011665319252	74
0.063527708915473	0.507832764068333	107
-0.075150817760178	0.599509934408343	80
-0.041899059019307	0.63044304553037	220
0.017988059899997	0.732829633677683	220
-0.102500197789548	0.785757997478442	220
0.091208718711636	0.622276283523047	27
-0.016306935255432	0.662900709878385	27
0.048091133154588	0.471042169258016	324
0.075207110278836	0.545690657241514	20
0.017792214528392	0.441468073086455	20
0.00322619478161601	0.697217532176898	20
-0.0750458549234641	0.599435065359958	86
0.063343219674838	0.508238057982816	86
0.101408908737101	0.696375666236438	209
0.084371226517559	0.583859348821932	128
-0.054421393055984	1.04908990380637	74
-0.0937888887719081	0.995398338733285	74
0.063421972840391	0.508127690026033	462
0.084371226517559	0.583859348821932	74
0.017742636320711	0.732954210068507	74
0.017768719325702	0.732986033736395	74
-0.075232150203982	0.599654790054676	74
0.075258608972036	0.545420306406661	107
-0.0980343570804339	0.353432748047731	107
0.048137044135346	0.471051609861451	107
-0.041801495132781	0.63038238662287	107
0.063329730916325	0.508235697146491	220
-0.102689118389286	0.785923872930611	214
-0.0740152277652561	0.816295717198775	27
-0.016281321352695	0.662925995029655	27
0.063329730916325	0.508235697146491	27
-0.041959463063889	0.630501322211344	214
0.018071220485707	0.441051573299806	214
0.07507394885366	0.545783675338654	214
-0.074273535102991	0.816614282631155	27
0.017792214528392	0.441468073086455	324
0.0966775307892	0.659742172425277	20
0.096479300764425	0.660012762681798	20
0.017807134329266	0.441473163114747	20
-0.075135049387965	0.599550836734038	101
0.075313030370492	0.545493532457957	295
0.00296969497419597	0.697668597176143	86
0.063316238487333	0.508174597084697	86
0.092723176857994	1.0952391384263	377
0.00297151029416498	0.697635563753618	121
0.101597096157761	0.696299714495301	74
0.111279479956475	0.763962576400208	121
0.111238533370894	0.764069061623442	121
0.0913808746746611	0.621961471167152	74
0.063264431112624	0.508322918373419	583
0.074967967294757	0.545790526472073	462
0.096657140778425	0.659805941212877	307
0.00299358534899896	0.697678094612967	307
0.063093297955259	0.508417242046547	80
0.063093297955259	0.508417242046547	80
-0.074211481181239	0.816576302309726	214
0.00305641110687505	0.697581345058754	214
-0.01665187529632	0.662898619392384	214
-0.016467382827036	0.663135102628169	220
0.096586139846617	0.659678086505817	27
-0.074228832502071	0.816404667820575	214
0.096697918450386	0.659634596918749	27
0.048167513635818	0.471016343360915	324
-0.042089496111302	0.630754759552082	20
-0.01630861954926	0.662972643880192	20
-0.051874609474738	0.848198909254644	554
0.101474667168572	0.696453090094762	554
0.075208565707402	0.545622611509452	20
0.017963326955765	0.441341043477748	20
-0.0162011144783351	0.66270873611259	101
-0.01646904351221	0.663007436278576	101
0.063316238487333	0.508174597084697	101
-0.075135049387965	0.599550836734038	86
0.075049601844696	0.545668052412575	314
0.096499669214274	0.659905169645271	365
-0.016731723965797	0.908899043016719	365
-0.094048998259988	0.995747228720074	365
-0.104089053366795	1.16189719280498	365
-0.081794240420666	1.37863916547064	365
-0.102456218495276	0.785740006128746	365
0.017967864460789	0.732821298651971	74
-0.0167337585299669	0.662844648902534	74
0.04809882712395	0.471095771394012	74
-0.051767812830155	0.84809156874333	462
0.0913808746746611	0.621961471167152	74
0.00328897519083804	0.697032537751397	74
0.063000975595961	0.508366607900928	307
-0.051742222533774	0.848030929183181	80
-0.016283009867109	0.662848621894492	220
0.075046740623488	0.545717615515664	220
-0.041991904254684	0.630597832764327	220
-0.075305771267545	0.599583968274633	220
0.09118480347394	0.622215677471984	27
0.017792214528392	0.441468073086455	399
0.063133636804223	0.508263388565242	214
0.048030140972728	0.471086554526434	324
0.091208718711636	0.622276283523047	554
0.075181351138205	0.545711507796161	101
0.0177143011176401	0.441519104636812	629
-0.038343745757691	0.414362328106443	629
0.091036540068653	0.622324586594689	101
-0.0752164506176301	0.599532139278292	295
-0.016281321352695	0.662925995029655	314
-0.042247570311661	0.630648687958063	209
0.075285818681739	0.545486301742271	209
0.11840674818044	0.829895501589517	121
0.063185607178434	0.508383460359442	74
-0.10258218567443	0.785881930049397	74
-0.10258218567443	0.785881930049397	74
-0.0749646380190711	0.599304485288219	385
0.017807134329266	0.441473163114747	583
0.00328897519083804	0.697032537751397	74
-0.072690291965183	1.02250046668267	74
0.063356704764237	0.50818911175335	107
0.00299358534899896	0.697678094612967	107
-0.075224295078979	0.599634201404957	107
0.063435470882058	0.508078747495984	307
0.00305641110687505	0.697581345058754	80
0.00309711961107395	0.697414993980128	220
0.048129316552884	0.471060482975925	220
-0.07503796297973	0.599333001659143	619
0.063500690585278	0.50798896479976	619
-0.0740152277652561	0.816295717198775	27
0.017914928832515	0.441120871664386	685
-0.075119323641709	0.599193489684866	324
0.096525015331737	0.660007482888487	554
-0.102311488236569	0.785296260314082	380
-0.042019876326016	0.630530640063288	295
-0.016335915718494	0.662959083307172	380
0.063185607178434	0.508383460359442	295
0.084434139955068	0.583781834448672	380
-0.033212332998339	0.87962044583674	365
0.111218101875397	0.764031765054324	365
0.028999935835443	1.02838206359805	365
-0.0169938865766039	0.910025852670551	128
0.063500690585278	0.50798896479976	74
0.063250955301187	0.508320544769257	74
0.10664521151798	0.7305427072648	74
0.04809882712395	0.471095771394012	74
-0.075053757516349	0.59945569070679	583
0.101474667168572	0.696453090094762	74
0.096793972881687	0.659260258654703	74
0.018273604880878	0.732205020994567	107
0.063237475822118	0.508259419397331	107
0.084396270009057	0.58376226588378	80
-0.075061670752121	0.599394220982401	80
-0.098352883478491	0.353483822010577	619
-0.038222961863263	0.414264406349458	619
0.00301461825294003	0.697663368297709	27
-0.075135049387965	0.599550836734038	324
-0.102522194565737	0.78564073577593	20
0.002756128195185	0.697658653014912	20
0.0631067478976231	0.508419637507065	324
0.0750209619564241	0.545799116154301	324
-0.102330345091486	0.785468465244391	20
0.063277903257855	0.508273973989328	629
0.017744265090916	0.441342441812926	629
-0.074146040742489	0.816512466993869	101
0.0844592481269	0.583706954287991	86
-0.042005881270846	0.630719515069575	314
-0.098756633713589	0.353692019334519	368
-0.0742976131100031	0.81669058255381	209
-0.098600212566815	1.86131355822437	365
0.059381611477218	0.864559375540799	365
-0.075135049387965	0.599550836734038	74
0.075179899331267	0.545683412508346	74
0.048137044135346	0.471051609861451	583
-0.041871143337214	0.630390709467059	74
0.075207110278836	0.545690657241514	74
-0.041982672273346	0.630647826107759	462
-0.042103503205385	0.630676821498528	107
-0.038222961863263	0.414264406349458	107
0.050886024863598	0.833150402131769	307
-0.074232160893451	0.816656260054727	307
0.084374282001252	0.583870435607684	307
-0.072734058875889	1.02256539831459	80
-0.098554588996423	0.353709685597233	80
-0.038101962939554	0.414130609919789	220
-0.038343745757691	0.414362328106443	220
-0.074122030630818	0.81651335162147	214
0.084267323025439	0.583979591146226	220
-0.0383344554852471	0.414193392330842	399
-0.0754107477259231	0.59972581114889	685
0.048159832487555	0.470997103993803	324
-0.102267443587932	0.78527817468498	324
-0.016988581484473	0.909877064119505	20
0.00320409808434496	0.697288451086869	20
-0.0749646380190711	0.599304485288219	20
-0.016754893244363	0.909346851107779	554
0.063356704764237	0.50818911175335	554
0.091363116198774	0.621899506241714	554
0.00316339246913699	0.697370404864275	380
0.075207110278836	0.545690657241514	380
0.122709895386672	0.897833949574482	365
-0.025361070412277	1.10373697196638	365
0.111194385500599	0.764123098255853	365
0.122449863498626	0.898405772387523	365
0.020098890261393	0.998135843430158	365
-0.016970966090645	0.910002448809907	365
-0.02517507593196	1.10368797099451	365
-0.0980343570804339	0.353432748047731	26
0.101618548979437	0.696204577260159	121
-0.016359856860222	0.662954716710527	74
0.084352289404545	0.58393081140269	74
0.048060623814151	0.471077472243728	74
-0.093817956399095	0.995506580891877	74
-0.033219704423789	0.8794291957937	74
0.0845410928024371	0.583697557335818	583
-0.038213600919535	0.414059767247702	583
-0.042029090058758	0.630725452876737	583
0.075049601844696	0.545668052412575	74
-0.075224295078979	0.599634201404957	307
-0.051854317333041	0.848211428219714	307
-0.051915201261052	0.847943445022845	80
0.075048171822478	0.545806361158126	80
0.063316238487333	0.508174597084697	214
0.017992995459897	0.441102845894737	220
0.063185607178434	0.508383460359442	399
0.018071220485707	0.441051573299806	685
0.048175274861663	0.470945497752617	324
0.018041660723745	0.441230120289073	324
-0.016281321352695	0.662925995029655	324
-0.098235856286303	0.353414829103439	324
0.091256301181081	0.62165274512556	554
-0.093897514751612	0.995641991460564	101
-0.0754029400831731	0.599705268512402	295
0.017963326955765	0.441341043477748	295
-0.016387156575993	0.663061566941855	380
0.048129316552884	0.471060482975925	86
0.017792214528392	0.441468073086455	86
0.075393192779485	0.545311820434884	86
0.075128371293633	0.5457500837636	86
0.122336015902752	0.898519816877767	365
0.00279348312387495	0.697606693308467	365
0.00284229766136301	0.697755670727159	365
-0.07436308791146	0.816694713454337	365
0.017901499241205	0.732901068709391	128
-0.042066289731086	0.630748823283636	385
0.0479996846415251	0.471069360153076	385
0.059534421248735	0.864290605369675	74
0.075207110278836	0.545690657241514	583
0.018034213142027	0.732716523926003	74
-0.075232150203982	0.599654790054676	74
-0.041945482047303	0.630661225316363	74
0.00292846101567901	0.697751766608455	74
0.0178702860833611	0.441387161072424	462
-0.016334235224492	0.663007552598854	74
0.050816282358561	0.833071128246956	74
-0.074211481181239	0.816576302309726	74
-0.085293048458531	1.18666662789196	74
0.115051871036953	0.797273144851552	307
0.0479996846415251	0.471069360153076	307
0.048106601170115	0.471060653765222	307
-0.094048998259988	0.995747228720074	307
0.059543165397823	0.864469592730684	307
-0.074794537156804	0.598798238088823	80
-0.01630861954926	0.662972643880192	214
0.063172144305836	0.508381075212563	220
0.091555967392424	0.621578399550103	214
0.018026903922419	0.441132034202971	619
0.084415246499077	0.583875515619935	27
-0.074125355129181	0.816362037247588	27
-0.0750695946244711	0.599175566865411	324
0.075048171822478	0.545806361158126	324
0.106410855562397	0.731014996816122	20
-0.0163615331599321	0.663054207629342	101
0.018054415695141	0.732724845641667	101
0.00301461825294003	0.697663368297709	101
-0.01699915306806	0.910092428209728	86
0.0843112917921321	0.583903474694665	86
0.075022388324281	0.545756932496765	314
0.048030140972728	0.471086554526434	314
0.050799487799396	0.833451751970731	209
0.048137044135346	0.471051609861451	365
-0.102456218495276	0.785740006128746	74
0.00967268468492599	0.968511631090407	121
-0.102560224930624	0.785763063942108	583
0.030224002920884	0.767444953286425	74
0.091511479581641	0.621677137681089	74
0.101416518534445	0.696530628409834	74
-0.042112702279816	0.630685418300134	80
0.084522203630556	0.583629406919959	214
-0.102623254532969	0.78578711733964	214
-0.016412785933738	0.662981596025657	214
0.063000975595961	0.508366607900928	220
-0.102415268225124	0.785666912193693	27
0.091253305477373	0.622188073930247	324
0.0843302922197891	0.583946577934216	554
-0.016334235224492	0.663007552598854	20
0.063408471126852	0.508125343240681	554
0.017807134329266	0.441473163114747	692
0.050799487799396	0.833451751970731	20
-0.016414454254694	0.663108225094003	101
0.020221808937964	0.997841167125324	101
-0.016388829064612	0.663040642355053	86
-0.00250639780293005	0.938702796966455	86
0.063158677768567	0.508319933207446	314
-0.102456218495276	0.785740006128746	209
-0.041801495132781	0.63038238662287	209
0.0486269266720341	1.12575119421176	365
-0.111908249132645	1.32425757082103	365
0.0410166630247319	0.801299390935011	365
0.089293601828184	1.06198750835128	316
-0.041560055790677	0.629366020765768	128
-0.118412160857184	0.967860115493285	121
-0.00281607458670596	0.939220327258384	121
0.050822798029651	0.833387554632983	121
-0.07265680642893	1.02243627863209	121
-0.093883658859422	0.995064492075348	74
0.00324828705636504	0.697087935571018	220
-0.074867619725942	0.599090428767936	220
0.075022388324281	0.545756932496765	214
-0.074794537156804	0.598798238088823	220
0.075128371293633	0.5457500837636	214
0.030064978116923	0.767718023455184	27
-0.041885092082105	0.630573386077958	27
0.00992467971045596	0.967536373927412	27
-0.042080298783546	0.630530345816743	27
-0.118275288389049	0.967536833013036	27
-0.118168458157863	0.967500403990842	27
0.09101257937746	0.622399868172444	27
0.096611469191095	0.659853640291209	27
0.075313030370492	0.545493532457957	324
-0.0980343570804339	0.353432748047731	258
-0.042029090058758	0.630725452876737	324
0.096809608574809	0.659451270898266	554
-0.051635430468389	0.847866999017909	20
0.047961455176503	0.470931543491463	295
-0.097314325335099	0.352888726716764	601
-0.097833196182046	0.353207340512575	601
-0.033154370153593	0.879485184153655	86
0.036759347651093	1.0589425465214	365
-0.013735827359316	1.13262700159895	121
0.0594035085335301	0.864549306339315	121
0.059543165397823	0.864469592730684	74
-0.103897595492075	1.16075090561233	307
0.00301461825294003	0.697663368297709	307
-0.037868874847883	0.413866295648985	80
0.106488229938963	0.730774909008887	214
0.048137044135346	0.471051609861451	220
-0.072584682833941	1.02218186179877	27
-0.016960511410826	0.910003387790672	27
0.063592896855361	0.507767132033222	324
0.00307849189864695	0.697565218519348	20
-0.093767464363777	0.995381507826143	101
-0.051808408102043	0.848128932209231	86
-0.074056657166924	0.81638992795693	86
-0.038695731466628	0.414371031823955	86
0.01808033287871	0.732518919974955	365
0.075365978735715	0.545352624230085	209
-0.041982672273346	0.630647826107759	209
0.01786111454408	0.732689708935692	365
0.041060664401423	0.801122703678353	121
0.0595001310590521	0.864241462157147	74
0.075154138563505	0.545752345612659	57
-0.0750458549234641	0.599435065359958	57
0.091250182351835	0.622152684934269	74
-0.096796269002475	0.352488687791578	267
0.091253305477373	0.622188073930247	307
0.017963326955765	0.441341043477748	220
-0.041968693252402	0.630667165648645	220
0.075234323214785	0.545649823465162	27
-0.051523434977558	0.847573144561789	27
0.091357004962392	0.621738986772904	324
0.084182350474447	0.583957697516659	20
-0.102456218495276	0.785740006128746	20
-0.038353018666431	0.414337941238971	20
-0.03812077431086	0.414038094571237	295
-0.0754029400831731	0.599705268512402	86
-0.038343745757691	0.414362328106443	86
0.048068364212171	0.4711048335323	86
-0.0169323535924441	0.909969798012273	121
-0.00278957782757106	0.93860214253368	121
0.084581942720471	0.583588716949427	74
0.063435470882058	0.508078747495984	74
-0.051747518947093	0.847979241733637	74
0.00284229766136301	0.697755670727159	307
0.041093935409697	0.801087862695575	307
-0.0163615331599321	0.663054207629342	307
-0.102541166752993	0.785872227558357	214
0.0181409619267811	0.73254991886232	27
-0.074428585272746	0.816667191190689	27
0.096438556878078	0.660098329044915	27
0.075261538141902	0.545560938008652	324
-0.102497218741647	0.785707725980518	324
-0.09771589802742	0.353095483927744	324
0.030202611170759	0.7672039451182	554
-0.118280070505847	0.96771546914886	20
0.03011559412965	0.767705696631912	842
-0.075232150203982	0.599654790054676	20
0.050900619410954	0.832697660847589	101
-0.102541166752993	0.785872227558357	101
0.048052963427586	0.470904281816488	295
-0.038222961863263	0.414264406349458	86
-0.041982672273346	0.630647826107759	128
0.009668997909826	0.968557449629606	121
0.10158332378941	0.696156511789165	121
0.017855298774389	0.732964424136766	74
-0.072795896182648	1.02264040176664	74
-0.10258218567443	0.785881930049397	74
-0.074122030630818	0.81651335162147	74
0.017885151515488	0.441422043241892	57
0.018008252664161	0.732785272210026	74
0.084415246499077	0.583875515619935	74
0.084289309702582	0.583963836619084	214
-0.041824711396637	0.630454044297698	220
-0.038508983801112	1.07575720999628	27
0.09101257937746	0.622399868172444	27
-0.102793244901842	0.78590092729728	27
-0.102626121428237	0.785899865880792	27
-0.038575520499092	0.414353051058273	324
-0.038464314880281	0.414424326723021	324
-0.075232150203982	0.599654790054676	20
-0.097833196182046	0.353207340512575	692
0.018041660723745	0.441230120289073	20
-0.016518666460027	0.662951172837911	101
0.063185607178434	0.508383460359442	101
-0.096796269002475	0.352488687791578	295
-0.038473517099805	0.414356124603627	86
-0.075329265417905	0.599645011435276	86
0.03028210195114	0.767224812900726	365
-0.085220490066578	1.18650700751357	121
-0.111950776076368	1.32454725630751	121
0.115010367415259	0.797238656525503	121
0.12070972755969	0.863852792853037	121
0.017875477368701	0.732920077295328	74
-0.102541166752993	0.785872227558357	74
0.063079844351383	0.508356092101914	74
-0.0383344554852471	0.414193392330842	107
-0.0752164506176301	0.599532139278292	80
-0.0383344554852471	0.414193392330842	80
-0.10258513378082	0.785727272580979	220
-0.033132800683004	0.879505831008133	214
0.063172144305836	0.508381075212563	220
0.075019534382806	0.545525498877287	220
0.0966775307892	0.659742172425277	27
-0.074077379269948	0.816333830861101	220
-0.033291869196302	0.879647329905455	324
-0.098352883478491	0.353483822010577	258
-0.099278232245566	0.35392746874739	258
0.00281793478088599	0.697808245282518	554
-0.10258218567443	0.785881930049397	554
-0.102497218741647	0.785707725980518	20
0.075261538141902	0.545560938008652	101
0.11103175924188	0.764288162985453	101
0.0177143011176401	0.441519104636812	295
-0.098554588996423	0.353709685597233	295
-0.033190742077624	0.879521667621264	86
-0.075313591982397	0.599686009158765	86
-0.075150817760178	0.599509934408343	86
-0.041945482047303	0.630661225316363	128
-0.0729066798451971	1.02261508743757	121
0.091357004962392	0.621738986772904	74
0.030477047225427	0.766894083590797	74
0.00305641110687505	0.697581345058754	74
0.018068814932978	0.732298372419322	74
0.00303432589534103	0.697538837656829	74
0.018207291709443	0.732392184835594	74
0.063079844351383	0.508356092101914	74
-0.102519190369605	0.785826602283405	74
-0.074276944220782	0.816610642593843	74
-0.038574565768808	1.07593263088496	74
-0.0163615331599321	0.663054207629342	74
-0.038464314880281	0.414424326723021	107
-0.038232305482405	0.414275835906919	107
-0.054173659205447	1.04858623271674	307
0.08456311694821	0.583637167488515	80
0.063237475822118	0.508259419397331	80
-0.074859680316833	0.598988425816233	220
0.084415246499077	0.583875515619935	220
-0.041741121307576	0.630227596837532	220
-0.042005881270846	0.630719515069575	220
-0.118585071901513	0.967917147793006	27
0.063329730916325	0.508235697146491	220
-0.0517272275620631	0.847797084014525	27
-0.074125355129181	0.816362037247588	27
-0.0980343570804339	0.353432748047731	258
-0.09751494297264	0.353113627072122	258
-0.102434235979929	0.785621130114425	324
-0.0163615331599321	0.663054207629342	20
0.018120152890429	0.441085742998587	692
-0.0980343570804339	0.353432748047731	397
-0.118320882219923	0.967754079816769	20
-0.00277185107533695	0.939330188726961	101
0.030253251680249	0.767069099190676	101
-0.038232305482405	0.414275835906919	86
-0.016441749899156	0.663094658546721	314
0.0178702860833611	0.441387161072424	314
0.101366013159498	0.696560403236024	365
-0.0980343570804339	0.353432748047731	520
-0.094085703698072	0.995384146428485	74
0.106449538519196	0.730915650386072	121
0.017962056258793	0.732767940869475	74
0.018074615566919	0.732680480598904	121
0.00290412257635297	0.697717017964945	74
-0.10235235414452	0.785514109137052	74
-0.01713794458733	0.910114943766647	74
0.0843932388020811	0.583891294044359	74
0.0480761847510181	0.471043419126657	80
0.084289309702582	0.583963836619084	220
-0.038232305482405	0.414275835906919	220
0.048198009660274	0.470952990233888	220
-0.042005881270846	0.630719515069575	220
-0.016520318870356	0.663134379752832	554
-0.098235856286303	0.353414829103439	692
0.106449538519196	0.730915650386072	20
0.0751526903693121	0.545617365600518	20
0.101336942055247	0.69653411354096	20
-0.098873389158817	0.353718585819526	295
0.017792214528392	0.441468073086455	295
-0.075426395019771	0.599445421805348	86
0.075023813581297	0.545485934651021	86
0.017948515857331	0.441276325037825	86
0.096438556878078	0.660098329044915	209
-0.00270966697463204	0.939435683182701	365
0.0178702860833611	0.441387161072424	514
0.084456162756553	0.583813760351764	74
0.096682380817284	0.659672230044936	74
0.018406181255458	0.731726020541233	74
0.05963504221367	0.864263841826478	121
0.04800751798394	0.471042122206643	74
-0.016281321352695	0.662925995029655	74
0.084456162756553	0.583813760351764	74
-0.0162011144783351	0.66270873611259	74
0.084371226517559	0.583859348821932	74
-0.051767812830155	0.84809156874333	74
0.03005069414217	0.767457808483048	74
-0.093876074980379	0.995517880538006	74
0.063237475822118	0.508259419397331	107
-0.0754107477259231	0.59972581114889	80
-0.042112702279816	0.630685418300134	80
0.018094812759939	0.732583367161598	214
0.017885151515488	0.441422043241892	220
0.075154138563505	0.545752345612659	220
-0.075135049387965	0.599550836734038	220
0.0177888935137011	0.732994395968385	27
0.063316238487333	0.508174597084697	220
0.075393192779485	0.545311820434884	324
0.017992995459897	0.441102845894737	258
0.0750209619564241	0.545799116154301	324
0.063291371738374	0.508166632881355	324
-0.102500197789548	0.785757997478442	20
0.084497030745063	0.58368145739329	20
0.084308290447826	0.583914618045903	20
0.096330541257971	0.659942398164523	554
0.00299358534899896	0.697678094612967	842
-0.041968693252402	0.630667165648645	86
-0.041908305713741	0.630579329942369	86
0.048030140972728	0.471086554526434	314
-0.016363209863184	0.66287188570123	365
0.091229452906914	0.622236320719878	209
0.020047326620403	0.998279027251714	209
0.096504635821028	0.660029290410333	209
0.054046773853339	1.15851822628688	316
-0.098554588996423	0.353709685597233	520
0.101517531985938	0.696409457912416	121
0.115024354014782	0.797133521578463	121
0.063185607178434	0.508383460359442	74
0.0754204088045291	0.545223020806348	74
0.111187964690534	0.764136797073376	74
-0.075426395019771	0.599445421805348	74
0.075367459696125	0.545363877292345	74
-0.102500197789548	0.785757997478442	74
-0.051650544972109	0.847493057385757	74
0.018008252664161	0.732785272210026	74
0.075046740623488	0.545717615515664	74
0.0966775307892	0.659742172425277	74
0.04814485185986	0.4709545254248	107
-0.016226718866288	0.662638820580915	80
0.063329730916325	0.508235697146491	80
0.063343219674838	0.508238057982816	220
0.075447626813576	0.545075580821755	220
0.063343219674838	0.508238057982816	324
0.075367459696125	0.545363877292345	324
0.096723180808149	0.65967225997152	324
0.0631067478976231	0.508419637507065	20
0.0750209619564241	0.545799116154301	20
0.096723180808149	0.65967225997152	20
-0.0517272275620631	0.847797084014525	20
0.084415246499077	0.583875515619935	20
-0.075240015986526	0.599593248021543	811
0.063291371738374	0.508166632881355	86
-0.041847927464025	0.630459992763821	86
0.018120754932501	0.732594284903955	86
0.0480379278286071	0.471087613431695	86
0.118480593314418	0.829637254766435	209
-0.05767601248191	1.43624201556178	311
-0.085251844433244	1.18659007507583	316
0.096199514957545	0.660083145644065	74
0.096479300764425	0.660012762681798	74
0.0843932388020811	0.583891294044359	74
-0.041982672273346	0.630647826107759	74
0.00949323770395705	0.968667301219248	74
-0.072551189026933	1.02205884335587	201
0.063079844351383	0.508356092101914	107
0.017921687581491	0.73290941491741	80
0.091425427238918	0.621915360766391	80
0.048198009660274	0.470952990233888	80
0.091164084470982	0.622299304766125	214
-0.102560224930624	0.785763063942108	214
-0.073929137121425	0.815990351516601	220
0.048175274861663	0.470945497752617	220
0.063500690585278	0.50798896479976	816
-0.016148215318881	0.662566783718043	816
0.0752328629001901	0.545597783452129	324
-0.102478205765596	0.785785640793822	324
0.00311921498448697	0.697457472057385	20
0.111214832851478	0.764139415462275	20
0.00303432589534103	0.697538837656829	20
0.048068364212171	0.4711048335323	20
-0.098352883478491	0.353483822010577	811
0.050757455460876	0.833297261157084	209
-0.069380843616029	1.2127654396779	365
0.075207110278836	0.545690657241514	514
0.063250955301187	0.508320544769257	514
0.06288336579629	0.508310460211259	514
-0.051721916884086	0.848043425468633	74
0.074995176808577	0.545797766125804	74
0.048106601170115	0.471060653765222	74
-0.038464314880281	0.414424326723021	74
0.017963326955765	0.441341043477748	74
0.09676880038081	0.659536853503646	307
-0.016387156575993	0.663061566941855	307
0.101597096157761	0.696299714495301	80
0.075207110278836	0.545690657241514	214
0.063145207565161	0.508138259065505	220
-0.0750695946244711	0.599175566865411	220
-0.093796521306471	0.995422279507028	27
-0.075313591982397	0.599686009158765	324
0.084456162756553	0.583813760351764	20
0.0176560337731509	0.732975394634013	554
-0.01609704007338	0.662319000207469	20
-0.0164930216918751	0.663087724450388	20
-0.07397057836553	0.816220702874999	20
0.048129316552884	0.471060482975925	20
0.084644798699921	0.583437405971673	20
0.048091133154588	0.471042169258016	811
0.084456162756553	0.583813760351764	101
0.063185607178434	0.508383460359442	86
0.075075383686997	0.545765523362656	86
-0.118386907017763	0.967841950693089	652
0.0965910856076549	0.659917412289735	365
0.019719744277836	1.25743874570881	316
0.00292846101567901	0.697751766608455	121
0.040983370943716	0.80133427153077	121
0.030325218267761	0.767300271531753	121
0.096392829609214	0.660124538560593	74
0.091360124316574	0.622045105168558	74
-0.051543761004776	0.847560701678273	74
0.040955480090218	0.801253007009373	74
0.084585136504098	0.583529006517462	107
0.096525015331737	0.660007482888487	307
0.084726287101038	0.582910586026968	80
-0.075232150203982	0.599654790054676	220
0.063199066387906	0.508334523103492	220
0.106516431991919	0.730883765181406	27
-0.016387156575993	0.663061566941855	220
-0.016334235224492	0.663007552598854	220
0.063343219674838	0.508238057982816	27
0.075234323214785	0.545649823465162	324
0.091297844705168	0.622029190945966	27
0.048167513635818	0.471016343360915	324
-0.093804110301446	0.995126018405209	20
-0.051854317333041	0.848211428219714	20
0.030238569722612	0.767560566360836	20
-0.10235235414452	0.785514109137052	20
0.017807134329266	0.441473163114747	20
-0.016310304284051	0.662761454214825	811
0.091360124316574	0.622045105168558	101
0.075154138563505	0.545752345612659	101
-0.038222961863263	0.414264406349458	295
-0.032923201809267	0.878855278147972	652
0.101568040044437	0.696317763664638	86
0.124403576523798	0.93239229346058	316
-0.042089496111302	0.630754759552082	121
-0.102185877406207	0.784775244529233	121
-0.041894359018436	0.630167096930256	74
0.101647599967366	0.696186535969026	74
0.04809882712395	0.471095771394012	74
-0.042066289731086	0.630748823283636	74
0.075126927980529	0.545745098121915	74
-0.016148215318881	0.662566783718043	74
-0.051676052804985	0.847904396814613	201
-0.098554588996423	0.353709685597233	7
0.0480379278286071	0.471087613431695	80
0.017962056258793	0.732767940869475	307
0.084204331235085	0.583989672620801	80
0.084685567081482	0.583223474804935	80
0.084204331235085	0.583989672620801	214
0.0845410928024371	0.583697557335818	214
0.048228532197089	0.470856745105674	220
-0.102541166752993	0.785872227558357	220
0.048205724416729	0.470910260347338	816
0.075179899331267	0.545683412508346	324
0.030036080177775	0.76775412514677	324
0.0177143011176401	0.441519104636812	324
0.0844592481269	0.583706954287991	20
-0.102749383920513	0.785736599318866	20
0.091360124316574	0.622045105168558	554
-0.041778278670169	0.63023596164161	20
0.096586139846617	0.659678086505817	652
0.111303157855196	0.763912515876352	652
-0.0740152277652561	0.816295717198775	86
0.096682380817284	0.659672230044936	86
0.084245331761483	0.583947621249913	86
0.017666618662296	0.441218363145223	514
0.0912947995307271	0.622151746026057	514
0.040878162084716	0.801367271973693	121
0.063435470882058	0.508078747495984	74
0.030209698042491	0.767544572528136	74
-0.038575520499092	0.414353051058273	7
-0.041885092082105	0.630573386077958	80
0.074995176808577	0.545797766125804	214
-0.073905239437654	0.816031742983378	214
0.063250955301187	0.508320544769257	220
0.063473657557236	0.507925612342817	220
-0.075158717915544	0.599291194086621	220
0.096595956617314	0.659733843485714	27
0.017792214528392	0.441468073086455	220
0.084415246499077	0.583875515619935	27
0.017885151515488	0.441422043241892	324
0.017885151515488	0.441422043241892	324
0.084245331761483	0.583947621249913	20
0.0751011590761021	0.545790922920221	811
-0.041945482047303	0.630661225316363	101
-0.051767812830155	0.84809156874333	86
-0.103881394981953	1.16105366923868	652
-0.051828709496709	0.848046842153762	86
-0.09751494297264	0.353113627072122	335
0.048137044135346	0.471051609861451	514
0.075155585509051	0.545661184705511	74
0.07507394885366	0.545783675338654	74
0.063237475822118	0.508259419397331	74
0.017807134329266	0.441473163114747	57
-0.038111377288474	0.414177817025583	7
-0.09751494297264	0.353113627072122	7
0.018041660723745	0.441230120289073	80
-0.073991306393046	0.816234952867646	80
0.075208565707402	0.545622611509452	220
0.0965910856076549	0.659917412289735	27
-0.098554588996423	0.353709685597233	490
-0.0163615331599321	0.663054207629342	20
-0.102478205765596	0.785785640793822	20
-0.0383344554852471	0.414193392330842	419
-0.074166731286506	0.816592436654914	101
0.08456311694821	0.583637167488515	101
0.017900032419528	0.441350213980641	295
0.075314502806718	0.545475329450318	86
-0.0162011144783351	0.66270873611259	86
0.017963326955765	0.441341043477748	86
0.092938395483662	1.09480183109078	316
-0.033111214501663	0.879440741495878	316
-0.017133401365899	1.54773778543584	311
-0.038362274170581	0.414118625175472	26
0.106583361659079	0.730771413760415	121
0.00286291108509595	0.697800159750851	74
0.101366013159498	0.696560403236024	57
0.0177143011176401	0.441519104636812	7
0.0965095277865941	0.659705982328076	307
0.0178702860833611	0.441387161072424	80
0.048106601170115	0.471060653765222	220
0.063356704764237	0.50818911175335	27
-0.075142928248916	0.599571444913089	27
0.050888203448457	0.833258632868648	27
0.063250955301187	0.508320544769257	679
0.017809065046073	0.732950060175185	20
-0.0420430831368011	0.630677137943554	20
-0.016416122941331	0.662953426739208	20
0.048198009660274	0.470952990233888	20
-0.072651643034786	1.02233916097634	101
0.115162414940706	0.797047284300199	652
-0.042103503205385	0.630676821498528	86
-0.098756633713589	0.353692019334519	520
-0.016927126718744	0.909955148110897	121
0.096616353695589	0.659805884953559	728
0.063185607178434	0.508383460359442	74
0.048167513635818	0.471016343360915	57
-0.041847927464025	0.630459992763821	220
0.048220943826483	0.470759815695374	220
0.0480840855585331	0.470891796209515	220
-0.016960511410826	0.910003387790672	27
0.084434139955068	0.583781834448672	27
-0.041922270637053	0.630589539613816	27
-0.104224967714014	1.16197476887988	27
-0.037990233828196	0.414043933099704	490
0.048060623814151	0.471077472243728	679
0.063133636804223	0.508263388565242	679
-0.073925978332443	0.8160460081573	20
0.0843302922197891	0.583946577934216	20
0.063408471126852	0.508125343240681	20
-0.074080622929075	0.816419155705699	20
0.059651425095581	0.864368927495552	842
0.075287287517624	0.545564195725926	20
0.030036080177775	0.76775412514677	101
0.106506084011186	0.730929768371253	653
0.040862223503121	0.801068235910583	101
0.048129316552884	0.471060482975925	295
0.0177143011176401	0.441519104636812	295
-0.098554588996423	0.353709685597233	37
-0.102308340792268	0.785349622788333	86
-0.075500123262625	0.599709285586044	528
0.017885151515488	0.441422043241892	86
0.096525015331737	0.660007482888487	365
0.115203919004648	0.796762449987138	316
-0.0332413060537901	0.879597911233598	316
-0.068849552419228	1.40618467330594	121
0.0730725346943481	0.927376206496894	121
0.048129316552884	0.471060482975925	74
0.048106601170115	0.471060653765222	57
0.063421972840391	0.508127690026033	57
-0.075053757516349	0.59945569070679	57
0.048167513635818	0.471016343360915	57
-0.038343745757691	0.414362328106443	7
0.074914964874669	0.545755927653591	207
0.00301223626465197	0.697421598282056	207
0.017948515857331	0.441276325037825	264
0.0966775307892	0.659742172425277	307
-0.041982672273346	0.630647826107759	220
-0.0383344554852471	0.414193392330842	220
-0.09751494297264	0.353113627072122	490
0.0178702860833611	0.441387161072424	679
0.017963326955765	0.441341043477748	419
0.075075383686997	0.545765523362656	86
-0.069198288408785	1.21260371707587	365
0.089457517543927	1.06144612114502	311
-0.098235856286303	0.353414829103439	520
-0.0980343570804339	0.353432748047731	335
-0.051854317333041	0.848211428219714	121
0.029048642171601	1.028253159638	121
0.072935587933053	0.92776378740517	121
0.082091007928301	0.994076911424732	121
-0.051946230848009	0.848104610745125	57
-0.093738401867364	0.995273293191953	307
-0.097196756999081	0.352694669460464	264
0.017992995459897	0.441102845894737	264
0.111187964690534	0.764136797073376	307
0.018014007904996	0.732649433554209	214
0.00305586444910799	0.697466632412004	214
-0.042029090058758	0.630725452876737	220
0.075154138563505	0.545752345612659	220
0.075208565707402	0.545622611509452	27
0.00939745779208201	0.968032586630427	27
-0.074232160893451	0.816656260054727	27
0.00277290749511805	0.697734348778041	27
-0.098873389158817	0.353718585819526	490
-0.038111377288474	0.414177817025583	419
0.00292846101567901	0.697751766608455	20
0.075075383686997	0.545765523362656	20
-0.075119323641709	0.599193489684866	20
-0.038241631735444	0.41410029348193	20
0.036139721467995	1.06062761567574	653
0.096352093835923	0.660124404292348	101
-0.099278232245566	0.35392746874739	295
0.0178702860833611	0.441387161072424	37
-0.037990233828196	0.414043933099704	37
0.048198009660274	0.470952990233888	37
0.115086391559744	0.797222764842826	652
0.091015812517984	0.622208416765982	316
-0.038861203477926	1.0760081079668	316
0.118080449362682	0.830284776928372	316
0.00335173368054298	0.696810190728312	121
0.118438300418922	0.829737767359713	121
-0.10395720963676	1.1612136489976	121
0.122539130335556	0.898254200954677	121
0.00299358534899896	0.697678094612967	121
-0.072661932213419	1.0224398466382	728
0.084497030745063	0.58368145739329	728
0.048022434192649	0.470939585084635	57
0.048175274861663	0.470945497752617	220
0.017927465546806	0.732609980071866	27
0.084497030745063	0.58368145739329	27
0.048106601170115	0.471060653765222	490
0.048167513635818	0.471016343360915	679
-0.098554588996423	0.353709685597233	679
0.017807134329266	0.441473163114747	419
0.0912947995307271	0.622151746026057	653
-0.0542619695375231	1.04893532349883	653
-0.098756633713589	0.353692019334519	37
-0.098352883478491	0.353483822010577	37
0.084456162756553	0.583813760351764	86
-0.016440085400675	0.663088444368722	86
0.075128371293633	0.5457500837636	86
0.075285818681739	0.545486301742271	616
-0.074122030630818	0.81651335162147	616
0.063514201586973	0.507940032132344	616
-0.038232305482405	0.414275835906919	520
-0.09751494297264	0.353113627072122	520
0.063264431112624	0.508322918373419	514
-0.074035939998639	0.816375692949902	74
0.063264431112624	0.508322918373419	57
-0.038343745757691	0.414362328106443	7
-0.098554588996423	0.353709685597233	7
-0.038232305482405	0.414275835906919	264
0.01821346711955	0.440962554763671	80
-0.075150817760178	0.599509934408343	80
0.0410274033549331	0.801134420971553	307
0.018041660723745	0.441230120289073	220
-0.102371276659045	0.785502406310806	220
-0.075224295078979	0.599634201404957	220
-0.104089053366795	1.16189719280498	27
-0.11810721252512	0.96710687058265	27
0.059637312218696	0.864303394871332	27
0.063264431112624	0.508322918373419	679
0.018074615566919	0.732680480598904	269
0.018056432898871	0.441217944876616	20
0.048060623814151	0.471077472243728	20
-0.098235856286303	0.353414829103439	295
-0.098352883478491	0.353483822010577	37
-0.038695731466628	0.414371031823955	37
0.06452543020608	1.22232115349437	365
0.072981235698573	0.927656246324498	316
0.030303509402048	0.767186363105242	316
0.118269783844729	0.830172396985181	121
-0.102393270064865	0.785621271260328	57
-0.038232305482405	0.414275835906919	57
-0.041847927464025	0.630459992763821	671
-0.098235856286303	0.353414829103439	7
0.041049965119011	0.801241220018575	307
-0.051716685221925	0.847649095651434	307
-0.098554588996423	0.353709685597233	264
0.0480379278286071	0.471087613431695	80
-0.03318335436655	0.879582055914319	220
0.017792214528392	0.441468073086455	220
0.075128371293633	0.5457500837636	220
0.0966318504321359	0.659746051283924	27
-0.075061670752121	0.599394220982401	220
-0.075500123262625	0.599709285586044	27
-0.09751494297264	0.353113627072122	490
0.017855436085875	0.441193221226084	679
0.018056432898871	0.441217944876616	679
0.048045794888565	0.470997917343372	20
0.017875477368701	0.732920077295328	269
0.017963326955765	0.441341043477748	20
-0.075232150203982	0.599654790054676	20
0.0177888935137011	0.732994395968385	101
-0.118122898816091	0.967298432155967	653
-0.038111377288474	0.414177817025583	295
-0.038464314880281	0.414424326723021	37
0.048068364212171	0.4711048335323	86
0.084289309702582	0.583963836619084	316
-0.038111377288474	0.414177817025583	335
-0.098756633713589	0.353692019334519	335
0.111099608707929	0.764284559254469	121
-0.102415268225124	0.785666912193693	74
-0.098554588996423	0.353709685597233	57
-0.038101962939554	0.414130609919789	57
-0.042089496111302	0.630754759552082	57
0.017558948417229	0.44151093634167	57
-0.041847927464025	0.630459992763821	57
-0.096996344736511	0.352712982272515	7
-0.098554588996423	0.353709685597233	207
-0.038232305482405	0.414275835906919	80
-0.038343745757691	0.414362328106443	80
0.04809882712395	0.471095771394012	220
0.063291371738374	0.508166632881355	307
0.101488476300627	0.696383144125033	307
-0.074166731286506	0.816592436654914	27
0.101308816442011	0.696516064474925	27
0.063277903257855	0.508273973989328	27
-0.0384550952589881	0.414291169728785	493
0.00303524391238197	0.69759436484439	20
-0.042126707406141	0.630748496181635	20
-0.097833196182046	0.353207340512575	419
-0.074059926477549	0.816268729099827	269
0.048205724416729	0.470910260347338	101
-0.098235856286303	0.353414829103439	295
-0.038111377288474	0.414177817025583	37
-0.042066289731086	0.630748823283636	616
0.040972748924851	0.801254512360191	316
-0.104166925085245	1.1613246234894	121
0.036432580865654	1.06011438417154	121
-0.0750458549234641	0.599435065359958	57
0.0631067478976231	0.508419637507065	57
0.091425427238918	0.621915360766391	57
0.063199066387906	0.508334523103492	57
-0.038232305482405	0.414275835906919	7
0.017921687581491	0.73290941491741	307
0.0178702860833611	0.441387161072424	80
0.017885151515488	0.441422043241892	80
0.063421972840391	0.508127690026033	80
0.0631067478976231	0.508419637507065	220
0.075155585509051	0.545661184705511	220
0.063133636804223	0.508263388565242	220
-0.073839923238086	0.815804916582811	27
-0.017076410530619	0.910097382491573	27
0.08443724960764	0.583815130524904	27
0.072675880327523	0.928074638168312	27
-0.098756633713589	0.353692019334519	490
-0.038101962939554	0.414130609919789	490
-0.0980343570804339	0.353432748047731	679
0.0177292753209	0.441490978820015	20
0.084581942720471	0.583588716949427	101
-0.0938393747873441	0.995492928282878	653
-0.097314325335099	0.352888726716764	37
-0.075053757516349	0.59945569070679	86
0.0177292753209	0.441490978820015	616
0.051093441563044	0.832299632467875	316
-0.0980343570804339	0.353432748047731	289
-0.0980343570804339	0.353432748047731	335
0.040978039990463	0.801332141951838	121
0.111096461860513	0.764192824063773	121
0.063435470882058	0.508078747495984	74
0.075234323214785	0.545649823465162	74
-0.038232305482405	0.414275835906919	7
0.048266703141926	0.470750763953156	207
-0.075240015986526	0.599593248021543	220
0.084352289404545	0.58393081140269	27
-0.072556294924683	1.02206572690046	27
-0.072690291965183	1.02250046668267	27
-0.074956711698704	0.599283845361732	20
0.084308290447826	0.583914618045903	101
0.066665629673751	0.896005251185338	653
0.063185607178434	0.508383460359442	86
0.018074615566919	0.732680480598904	121
0.00297151029416498	0.697635563753618	74
0.048137044135346	0.471051609861451	57
-0.102415268225124	0.785666912193693	57
-0.0750458549234641	0.599435065359958	671
-0.033082246161423	0.879402376658291	307
-0.102730190262548	0.785943353413654	307
-0.10258218567443	0.785881930049397	27
-0.016306935255432	0.662900709878385	27
-0.00277742283487203	0.939519248983861	27
0.003185474579121	0.697240775639856	27
0.096657140778425	0.659805941212877	27
0.0181870775779061	0.732436549156271	27
0.096921209696106	0.659120380999012	27
0.063277903257855	0.508273973989328	679
-0.038111377288474	0.414177817025583	419
-0.099075640655895	0.353944854479088	397
-0.016826915195067	0.909650645778463	653
-0.0980343570804339	0.353432748047731	37
0.111208498483671	0.763994576172531	652
-0.098235856286303	0.353414829103439	528
0.048167513635818	0.471016343360915	528
-0.042005881270846	0.630719515069575	616
0.111191141177085	0.764189511134367	316
-0.043411305280216	1.26941996967534	316
-0.072584682833941	1.02218186179877	121
-0.111859504933331	1.32437875649568	728
0.118069747715532	0.830476996682912	728
0.050822798029651	0.833387554632983	74
-0.097833196182046	0.353207340512575	7
-0.033233907202916	0.879631453075957	307
0.106516431991919	0.730883765181406	307
-0.074867619725942	0.599090428767936	264
0.00311921498448697	0.697457472057385	307
0.050752897695814	0.833511681599796	27
0.048159832487555	0.470997103993803	679
0.04809882712395	0.471095771394012	679
-0.099075640655895	0.353944854479088	679
0.017885151515488	0.441422043241892	20
0.00301461825294003	0.697663368297709	269
0.017885151515488	0.441422043241892	295
-0.038343745757691	0.414362328106443	528
-0.038575520499092	0.414353051058273	528
-0.0750458549234641	0.599435065359958	528
0.08219551916961	0.993741558375593	121
-0.00370858131889196	1.16192730134188	121
0.040955480090218	0.801253007009373	121
-0.033175922862041	0.879376614253791	74
-0.098756633713589	0.353692019334519	57
0.017900032419528	0.441350213980641	57
-0.098554588996423	0.353709685597233	7
0.062908640108205	0.508166903673842	207
-0.099075640655895	0.353944854479088	264
0.0199759839202081	0.998286182592865	307
0.111229059498352	0.763790909039153	307
-0.098235856286303	0.353414829103439	220
0.017978153477464	0.441299012127764	220
0.0846006853586721	0.583312980142903	27
0.124272711602218	0.932747632268021	27
-0.111694246269797	1.32350305703416	27
0.063250955301187	0.508320544769257	27
-0.073929137121425	0.815990351516601	679
0.084415246499077	0.583875515619935	269
0.096748392730618	0.659515019869379	101
-0.038222961863263	0.414264406349458	528
0.063343219674838	0.508238057982816	528
0.0843932388020811	0.583891294044359	616
0.11840674818044	0.829895501589517	316
-0.098352883478491	0.353483822010577	335
0.0843302922197891	0.583946577934216	514
0.118090462669734	0.829603348684141	121
0.072658532730577	0.92811229891604	121
-0.118457845445239	0.967757158139738	121
0.115048379580401	0.797251752187961	121
-0.00409935362358504	1.16332090464238	121
0.063277903257855	0.508273973989328	74
-0.054306116999991	1.04901760250863	307
-0.09771589802742	0.353095483927744	264
-0.073973818103808	0.81590498096593	307
0.063079844351383	0.508356092101914	220
0.084519064067727	0.583713359197363	220
0.00309711961107395	0.697414993980128	27
-0.038343745757691	0.414362328106443	679
-0.098554588996423	0.353709685597233	679
-0.118214047976158	0.96759620565671	269
-0.093934171362311	0.995189530373181	653
0.063565845240083	0.507813733272985	86
-0.0383344554852471	0.414193392330842	528
0.0177292753209	0.441490978820015	812
-0.038222961863263	0.414264406349458	335
-0.02511194408506	1.10349644824355	121
0.059893024402507	0.863002278224001	121
0.084245331761483	0.583947621249913	74
-0.037878413463182	0.41380613890332	57
0.096636748414928	0.659827762496698	74
0.091336274571196	0.621935646428968	74
0.096458929986788	0.660076529122411	201
-0.038464314880281	0.414424326723021	7
0.017885151515488	0.441422043241892	207
0.120726857246421	0.863837448394153	307
-0.038232305482405	0.414275835906919	264
-0.098554588996423	0.353709685597233	264
0.096306353881472	0.660172892929773	307
-0.016388829064612	0.663040642355053	307
-0.051635430468389	0.847866999017909	307
-0.073929137121425	0.815990351516601	220
0.018056432898871	0.441217944876616	220
0.106650327754188	0.730575376207787	27
0.084519064067727	0.583713359197363	27
0.063172144305836	0.508381075212563	27
-0.072795896182648	1.02264040176664	27
0.048152231285691	0.470882504514928	493
-0.073905239437654	0.816031742983378	134
-0.075418566040116	0.599664233386239	134
-0.09751494297264	0.353113627072122	419
-0.097833196182046	0.353207340512575	419
0.00307849189864695	0.697565218519348	269
0.075154138563505	0.545752345612659	295
0.002756128195185	0.697658653014912	86
-0.016175516073887	0.662673544333303	839
0.00268669532335997	0.697769199216792	2
0.0410166630247319	0.801299390935011	121
0.030238569722612	0.767560566360836	74
0.041049965119011	0.801241220018575	74
0.018094812759939	0.732583367161598	201
-0.038498543258947	1.07554303454465	201
-0.013738749314598	1.13249562906452	201
-0.075492339365296	0.599688769725692	207
-0.033125380354639	0.879327241457583	307
0.11483778849588	0.79729775179169	307
-0.042029090058758	0.630725452876737	307
-0.075135049387965	0.599550836734038	307
0.04802792771955	0.470836432322348	307
0.101307876522975	0.696455799491971	307
0.091229452906914	0.622236320719878	307
0.04809882712395	0.471095771394012	220
0.096784363103845	0.659342990665471	220
0.063343219674838	0.508238057982816	220
-0.074166731286506	0.816592436654914	27
-0.072868026385816	1.02265174253202	27
0.096657140778425	0.659805941212877	27
0.106583361659079	0.730771413760415	27
-0.0383344554852471	0.414193392330842	134
-0.10258513378082	0.785727272580979	134
-0.0936740607329321	0.994820453716859	134
0.030079564965479	0.767613613628681	134
0.03008670137049	0.767741789537337	269
-0.016310304284051	0.662761454214825	653
-0.01699915306806	0.910092428209728	652
0.1244642957272	0.932128299960957	365
0.00144826922528696	1.5962107953454	311
0.075288755062965	0.545413343996195	121
-0.069064641134911	1.21179053971898	121
-0.072772672389453	1.02252865191709	121
-0.11830047519012	0.967771091298143	2
0.091143360720645	0.622339256267809	2
0.0176560337731509	0.732975394634013	74
0.111102822889614	0.764256048856386	201
0.050685245403709	0.833533103494018	201
0.075182801725168	0.545513567053862	307
0.075181351138205	0.545711507796161	220
-0.051503111480704	0.847523270656305	27
0.096285991207699	0.660150962593056	27
-0.016388829064612	0.663040642355053	27
0.106366987138921	0.731086016567874	27
0.063343219674838	0.508238057982816	27
0.00316339246913699	0.697370404864275	134
-0.033255464639919	0.879557123819165	134
-0.074035939998639	0.816375692949902	134
0.048022434192649	0.470939585084635	749
0.106472594652315	0.730996143549834	653
0.124539701966847	0.931841069017064	652
0.050573224593551	0.833389181852735	86
0.067018462077209	0.89547910161418	365
0.018200326844522	1.64339602105295	649
-0.026750433114217	1.52113344442251	649
0.04267955447164	1.09327011791067	311
0.033486878898308	1.31856923708073	311
-0.016412785933738	0.662981596025657	839
0.063370186185948	0.508081781188768	443
0.0410166630247319	0.801299390935011	121
0.110866245441422	0.763623174724982	121
-0.017037786107609	0.91012511760372	121
0.091122632222559	0.622335582429877	2
0.063250955301187	0.508320544769257	2
-0.074166731286506	0.816592436654914	121
-0.041787558524264	0.63030518261539	74
0.106506084011186	0.730929768371253	74
-0.033060654015574	0.879309192246952	74
-0.085441446991588	1.18643879213696	74
-0.025038134701235	1.10317565211093	307
0.096586139846617	0.659678086505817	307
0.00307849189864695	0.697565218519348	307
0.047991931438493	0.470948690948521	220
0.030187946152239	0.767645000664507	307
-0.016359856860222	0.662954716710527	220
-0.041968693252402	0.630667165648645	27
0.019898731363412	0.998332790830569	27
0.00288351939022202	0.697785999055062	27
0.084497030745063	0.58368145739329	27
0.091098694249095	0.622340682489739	134
0.017792214528392	0.441468073086455	134
0.101546593231265	0.696391400359992	134
-0.038343745757691	0.414362328106443	20
0.075261538141902	0.545560938008652	653
-0.102500197789548	0.785757997478442	749
0.084478180970231	0.583797970147497	282
0.05408203514324	1.15840050917894	311
0.026429362407874	1.28927177320759	311
-0.032994001428213	1.29961733885821	311
0.084537850437582	0.583464191937247	121
0.09676880038081	0.659536853503646	121
-0.016283009867109	0.662848621894492	2
0.096529920771235	0.659845262382997	201
0.03634319300643	1.06038745868808	201
-0.102560224930624	0.785763063942108	207
-0.041908305713741	0.630579329942369	207
0.017651574411606	0.441465173551282	307
0.017921687581491	0.73290941491741	27
0.084497030745063	0.58368145739329	134
0.00297151029416498	0.697635563753618	134
-0.041968693252402	0.630667165648645	134
-0.033132800683004	0.879505831008133	269
-0.093767464363777	0.995381507826143	269
0.096763971359881	0.65950094455796	653
-0.093796521306471	0.995422279507028	653
-0.038712647464143	1.07593713490938	653
-0.016467382827036	0.663135102628169	282
0.00292846101567901	0.697751766608455	282
0.101597096157761	0.696299714495301	282
0.040900820231125	0.801232115744887	282
0.106439114394858	0.731042205742158	282
0.106433958541662	0.731013916701746	652
0.075207110278836	0.545690657241514	652
-0.02511194408506	1.10349644824355	86
0.036278389857252	1.06041842577131	311
0.066932785962565	0.895377300874918	839
0.063041286660701	0.508381254265831	121
-0.042103503205385	0.630676821498528	2
0.101647599967366	0.696186535969026	74
-0.072494270711312	1.0214881773986	74
-0.09368791408267	0.995116678033945	201
0.11502085193993	0.797247926350976	201
0.00290412257635297	0.697717017964945	307
0.009668997909826	0.968557449629606	27
-0.042126707406141	0.630748496181635	27
-0.033262890990625	0.879669854109761	27
-0.051828709496709	0.848046842153762	27
0.00314130593738404	0.697441333128085	27
-0.00406703636965899	1.16325801519524	27
0.075126927980529	0.545745098121915	134
-0.118320882219923	0.967754079816769	134
-0.118122898816091	0.967298432155967	134
0.04809882712395	0.471095771394012	749
0.118266423815382	0.830246937213061	652
0.070079816310314	1.25213790956714	652
0.077743345219389	0.960757785466756	652
0.019455417782123	1.25808579547582	311
0.0480761847510181	0.471043419126657	443
0.075154138563505	0.545752345612659	121
0.101698104651073	0.696050801669448	121
0.091077980933823	0.622380620436406	2
0.074995176808577	0.545797766125804	2
-0.093645024658744	0.994849915392583	121
0.091318609332057	0.622081457327723	74
-0.0740152277652561	0.816295717198775	74
-0.016385484423359	0.662801208362155	74
0.084308290447826	0.583914618045903	207
-0.0980343570804339	0.353432748047731	207
-0.074056657166924	0.81638992795693	307
0.0480761847510181	0.471043419126657	307
0.030166210951231	0.767669262259195	307
0.0178702860833611	0.441387161072424	27
0.017807134329266	0.441473163114747	134
-0.038353018666431	0.414337941238971	134
-0.038111377288474	0.414177817025583	134
-0.042089496111302	0.630754759552082	134
0.0965910856076549	0.659917412289735	134
0.091098694249095	0.622340682489739	134
0.075126927980529	0.545745098121915	134
0.091208718711636	0.622276283523047	269
-0.075313591982397	0.599686009158765	20
0.111079126234761	0.764286352158639	282
0.041121887953011	0.801077906797172	652
-0.078870615534965	1.57213834961661	311
-0.102330345091486	0.785468465244391	289
-0.0163615331599321	0.663054207629342	289
0.106544718597846	0.730870685159062	443
-0.104044992532314	1.1617419044023	121
0.101445590063573	0.696512552624128	121
0.096244095825467	0.660171664152563	121
0.066942624015939	0.895757981090526	121
0.084412112566762	0.583689090508115	74
0.017835117517898	0.732956068850818	207
0.063079844351383	0.508356092101914	207
-0.0163581808666901	0.662463314604679	307
0.018054415695141	0.732724845641667	220
0.00311921498448697	0.697457472057385	799
0.0843112917921321	0.583903474694665	27
0.106488229938963	0.730774909008887	27
0.002907836355861	0.69770729158356	134
-0.033356555636895	0.879519610466098	134
0.096545392504077	0.659943711696897	134
-0.033161774165633	0.879544208868488	134
-0.038602105859896	1.07558608392332	269
-0.093926576391227	0.995612510243009	269
0.122669801737205	0.897913752873131	269
-0.042052298639449	0.630656110813843	749
0.020035663248961	0.998314136017895	652
0.118252333705608	0.830297307380977	652
0.026437560950939	1.28968229105051	311
-0.098235856286303	0.353414829103439	335
0.029934840235594	0.767703482283893	121
0.096545392504077	0.659943711696897	121
0.091143360720645	0.622339256267809	121
0.030296329830318	0.767438477700058	121
-0.102415268225124	0.785666912193693	2
0.063329730916325	0.508235697146491	2
-0.111950776076368	1.32454725630751	121
0.0508839216722859	0.83289945875952	121
-0.074056657166924	0.81638992795693	74
0.059655165473687	0.864318905112001	74
-0.016281321352695	0.662925995029655	74
0.075126927980529	0.545745098121915	207
0.091404661651203	0.621955343661036	307
0.063041286660701	0.508381254265831	307
0.075207110278836	0.545690657241514	307
-0.075232150203982	0.599654790054676	220
0.096697918450386	0.659634596918749	711
0.084456162756553	0.583813760351764	27
0.091208718711636	0.622276283523047	27
-0.091382934129692	1.54489437666227	27
0.0912947995307271	0.622151746026057	134
0.075340244041036	0.545452715371539	653
0.0181870775779061	0.732436549156271	653
-0.016335915718494	0.662959083307172	749
0.00305641110687505	0.697581345058754	749
-0.016255713429042	0.662862174171496	282
-0.102686307534456	0.785778960632847	282
0.048607265295453	1.12595145179241	86
0.114934342547909	0.797059766893869	374
0.091425427238918	0.621915360766391	2
0.084456162756553	0.583813760351764	2
0.050797267936644	0.833438469017457	121
-0.05424151628929	1.04883689259026	121
-0.051477639002128	0.847338954046078	2
0.017982236601208	0.732611827506294	121
-0.093977076923764	0.995677308316404	74
0.122506788814856	0.898321207212036	201
-0.097833196182046	0.353207340512575	183
-0.00268053286159098	0.939124218296037	307
-0.051457306152191	0.847351373371073	307
0.10127567121828	0.6964542852752	307
-0.0938684475518869	0.995601191813395	307
0.0181870775779061	0.732436549156271	307
0.091229452906914	0.622236320719878	27
0.063199066387906	0.508334523103492	27
0.063250955301187	0.508320544769257	233
0.075287287517624	0.545564195725926	27
0.08443724960764	0.583815130524904	27
0.096479300764425	0.660012762681798	27
-0.0383344554852471	0.414193392330842	233
-0.102308340792268	0.785349622788333	134
0.017792214528392	0.441468073086455	134
0.048022434192649	0.470939585084635	134
0.075181351138205	0.545711507796161	134
-0.069226572756302	1.21240788283563	269
0.018034213142027	0.732716523926003	269
0.084352289404545	0.58393081140269	269
0.101676656508942	0.696127132054422	20
0.04809882712395	0.471095771394012	282
0.012465469742163	1.225988999471	652
0.00991733888512503	0.967672941369186	652
0.096616353695589	0.659805884953559	86
-0.118391771318661	0.967731784005976	86
-0.016441749899156	0.663094658546721	86
-0.072801060821945	1.02266537964766	121
0.00974520622145902	0.968309720767745	121
0.017988059899997	0.732829633677683	74
0.048198009660274	0.470952990233888	74
0.048068364212171	0.4711048335323	74
-0.016283009867109	0.662848621894492	207
-0.102500197789548	0.785757997478442	307
-0.102286341248275	0.785141342567006	307
-0.051854317333041	0.848211428219714	307
0.075181351138205	0.545711507796161	307
0.059515524940443	0.864588436498283	307
0.017885151515488	0.441422043241892	220
0.063264431112624	0.508322918373419	220
0.018134870756271	0.441106968732687	220
0.00292846101567901	0.697751766608455	27
-0.102393270064865	0.785621271260328	27
-0.09771589802742	0.353095483927744	228
0.063264431112624	0.508322918373419	134
-0.073753874079192	0.815453919681417	134
-0.0939189378131891	0.995665967769638	269
-0.00259490356661396	0.939136543495739	653
0.033469160299847	1.31824794952523	652
0.048106601170115	0.471060653765222	86
0.096442306175418	1.12765280284843	649
-0.033132800683004	0.879505831008133	374
-0.098235856286303	0.353414829103439	26
-0.093940344114945	0.995592818383262	121
0.101575660041353	0.696331961700475	121
0.017900032419528	0.441350213980641	162
-0.102645204396027	0.785905962761285	74
0.091164084470982	0.622299304766125	74
-0.0980343570804339	0.353432748047731	183
0.075126927980529	0.545745098121915	307
-0.102456218495276	0.785740006128746	307
0.017963326955765	0.441341043477748	307
-0.01630861954926	0.662972643880192	711
-0.0332413060537901	0.879597911233598	27
0.0668766519737351	0.895894704152792	27
0.075207110278836	0.545690657241514	27
0.01808033287871	0.732518919974955	27
0.048106601170115	0.471060653765222	134
-0.038343745757691	0.414362328106443	173
-0.074077379269948	0.816333830861101	134
-0.097833196182046	0.353207340512575	142
-0.016388829064612	0.663040642355053	269
-0.097314325335099	0.352888726716764	228
-0.0980343570804339	0.353432748047731	245
-0.016279633249944	0.662720330762715	86
-0.0980343570804339	0.353432748047731	222
0.017822069649896	0.441368127807516	222
0.048137044135346	0.471051609861451	2
-0.038343745757691	0.414362328106443	162
-0.097314325335099	0.352888726716764	162
-0.098554588996423	0.353709685597233	307
-0.099075640655895	0.353944854479088	342
-0.098554588996423	0.353709685597233	300
-0.075321423367854	0.599706575982585	233
0.017792214528392	0.441468073086455	233
-0.098235856286303	0.353414829103439	173
-0.098554588996423	0.353709685597233	173
-0.037990233828196	0.414043933099704	134
-0.038343745757691	0.414362328106443	142
-0.038575520499092	0.414353051058273	397
0.048022434192649	0.470939585084635	405
-0.037990233828196	0.414043933099704	405
-0.041703977949106	0.63010119200323	405
-0.098756633713589	0.353692019334519	245
-0.098756633713589	0.353692019334519	285
0.074942174040501	0.545763158963254	2
-0.01614992368499	0.662541981757469	2
0.00318199696521804	0.697304602378743	2
0.048060623814151	0.471077472243728	162
0.063133636804223	0.508263388565242	162
-0.074059926477549	0.816268729099827	2
-0.075150817760178	0.599509934408343	162
0.048198009660274	0.470952990233888	673
-0.016283009867109	0.662848621894492	162
-0.038111377288474	0.414177817025583	162
-0.038343745757691	0.414362328106443	183
0.048167513635818	0.471016343360915	300
0.018041660723745	0.441230120289073	767
-0.04176434001203	0.630299228341388	220
-0.0420430831368011	0.630677137943554	220
0.0480379278286071	0.471087613431695	711
0.075263000840542	0.545201624247542	233
-0.038353018666431	0.414337941238971	233
-0.037980748731883	0.413953048132144	173
-0.0163615331599321	0.663054207629342	134
0.075313030370492	0.545493532457957	134
-0.038101962939554	0.414130609919789	142
0.075314502806718	0.545475329450318	142
0.047931005417711	0.470886155986589	142
0.091033282267716	0.622359946087841	660
0.091339369202452	0.622085083749103	660
-0.096996344736511	0.352712982272515	228
-0.075232150203982	0.599654790054676	86
0.091297844705168	0.622029190945966	374
0.017807134329266	0.441473163114747	26
-0.09771589802742	0.353095483927744	222
-0.0980343570804339	0.353432748047731	222
0.028774782915717	1.02866110524851	2
-0.00259490356661396	0.939136543495739	2
-0.00268617026568596	0.939405030659462	587
0.101575660041353	0.696331961700475	587
0.104397116137294	1.18905106321455	650
0.091250182351835	0.622152684934269	2
0.075260074216374	0.545605022666558	2
-0.016440085400675	0.663088444368722	2
-0.051940826616506	0.848240845915733	162
0.018134870756271	0.441106968732687	162
0.091143360720645	0.622339256267809	673
0.084478180970231	0.583797970147497	673
-0.074101324313536	0.816499131413652	673
0.101488476300627	0.696383144125033	673
0.01982753817009	1.25693913015755	201
0.01814960398396	0.440970472276922	183
-0.098756633713589	0.353692019334519	183
-0.075135049387965	0.599550836734038	300
0.048060623814151	0.471077472243728	220
0.041044675333898	0.801191981888201	220
0.050727480418829	0.833359177159267	27
-0.069292821887095	1.21262181933575	27
-0.098352883478491	0.353483822010577	228
0.059627543090137	0.864411013365518	134
0.063250955301187	0.508320544769257	173
0.01763654577387	0.441536831391427	142
-0.00414855160160998	1.16338827469116	735
-0.104061355749084	1.16179964611835	142
0.059787325371831	0.863875535650822	660
0.028943141788403	1.02836741348149	660
-0.102415268225124	0.785666912193693	405
-0.074948796019937	0.599181802999873	282
0.0914016202769971	0.621829025779538	86
-0.038584669491101	0.414442391647873	222
-0.032625975511636	1.29925060789598	587
0.075128371293633	0.5457500837636	2
-0.016414454254694	0.663108225094003	2
-0.016335915718494	0.662959083307172	2
0.0177292753209	0.441490978820015	162
0.084603981980349	0.583572903561045	162
0.0177292753209	0.441490978820015	342
-0.075142928248916	0.599571444913089	220
0.017792214528392	0.441468073086455	220
0.00294908055527099	0.697737592033022	220
-0.037868874847883	0.413866295648985	711
0.017558948417229	0.44151093634167	711
0.050795123779993	0.83328846563738	27
0.096463869771731	0.65993529092087	27
0.050640878574802	0.833505614672753	27
0.091425427238918	0.621915360766391	27
-0.038473517099805	0.414356124603627	173
-0.051589579730977	0.847760717326087	134
0.063316238487333	0.508174597084697	134
-0.0980343570804339	0.353432748047731	142
0.063264431112624	0.508322918373419	735
0.118234861166679	0.830249191399859	735
0.084349209646409	0.583766575955129	690
-0.038584669491101	0.414442391647873	245
-0.038343745757691	0.414362328106443	245
0.0177292753209	0.441490978820015	251
-0.060716499555302	1.77860880267102	311
-0.098554588996423	0.353709685597233	222
0.075260074216374	0.545605022666558	2
-0.072723768400245	1.0225361734268	2
-0.072700544187476	1.02247217026894	2
-0.074035939998639	0.816375692949902	2
0.017807134329266	0.441473163114747	162
0.017885151515488	0.441422043241892	162
-0.0750458549234641	0.599435065359958	307
0.029840840097093	0.767289376307191	307
-0.0980343570804339	0.353432748047731	342
-0.038353018666431	0.414337941238971	342
-0.074972574974717	0.599243066457034	767
-0.038464314880281	0.414424326723021	220
0.018041660723745	0.441230120289073	711
0.040988741716828	0.801264572434265	27
-0.074211481181239	0.816576302309726	711
0.063277903257855	0.508273973989328	233
-0.052012499494988	0.848088335598959	27
0.063291371738374	0.508166632881355	233
0.00314130593738404	0.697441333128085	27
0.115259038638211	0.796669396902325	27
0.050804157904576	0.833045783877742	134
0.00315989142489104	0.697262159893661	134
-0.11845294692131	0.967898691134635	134
-0.098554588996423	0.353709685597233	228
-0.098352883478491	0.353483822010577	142
-0.038695731466628	0.414371031823955	142
0.030144492492137	0.767619627834334	660
-0.098352883478491	0.353483822010577	139
-0.075061670752121	0.599394220982401	405
-0.025266364005302	1.10389702955598	652
-0.098352883478491	0.353483822010577	251
0.017901499241205	0.732901068709391	311
-0.111936593070848	1.32455231017136	311
-0.037999701638591	0.413940026884914	222
0.00326686832302703	0.69710344076095	2
-0.074104674446633	0.816121661040764	2
0.063370186185948	0.508081781188768	2
-0.075127181183508	0.599448766878507	2
0.048091133154588	0.471042169258016	2
0.017978153477464	0.441299012127764	2
0.017807134329266	0.441473163114747	2
-0.038343745757691	0.414362328106443	2
-0.038241631735444	0.41410029348193	162
0.017992995459897	0.441102845894737	162
-0.0980343570804339	0.353432748047731	162
-0.038111377288474	0.414177817025583	162
0.048175274861663	0.470945497752617	162
-0.098235856286303	0.353414829103439	162
-0.098554588996423	0.353709685597233	183
0.048060623814151	0.471077472243728	307
-0.09751494297264	0.353113627072122	767
-0.098554588996423	0.353709685597233	767
0.063370186185948	0.508081781188768	233
-0.037868874847883	0.413866295648985	233
-0.075329265417905	0.599645011435276	27
-0.042103503205385	0.630676821498528	233
0.075234323214785	0.545649823465162	233
0.075340244041036	0.545452715371539	233
-0.098756633713589	0.353692019334519	173
-0.075387356835628	0.59934804774837	142
-0.041899059019307	0.63044304553037	405
0.0178702860833611	0.441387161072424	405
-0.0383344554852471	0.414193392330842	405
0.017933720144475	0.441049099583088	245
-0.038343745757691	0.414362328106443	2
0.017807134329266	0.441473163114747	307
-0.0980343570804339	0.353432748047731	787
-0.041982672273346	0.630647826107759	220
-0.102774092011229	0.785798356931575	233
-0.102604151174065	0.785927542903538	233
-0.099278232245566	0.35392746874739	173
-0.098756633713589	0.353692019334519	173
-0.09771589802742	0.353095483927744	228
-0.098554588996423	0.353709685597233	228
0.018056432898871	0.441217944876616	282
0.03015170560917	0.767295389573991	282
0.091339369202452	0.622085083749103	752
-0.002727622212777	0.939368074022422	311
0.00279733770240898	0.697822392172466	311
0.019968563752135	0.997941693152582	311
0.059627543090137	0.864411013365518	311
0.048068364212171	0.4711048335323	2
0.063329730916325	0.508235697146491	2
-0.038232305482405	0.414275835906919	2
0.018074615566919	0.732680480598904	2
0.06357937288619	0.507816047405359	2
-0.038353018666431	0.414337941238971	2
-0.037999701638591	0.413940026884914	162
-0.041885092082105	0.630573386077958	162
0.048137044135346	0.471051609861451	673
0.01763654577387	0.441536831391427	673
-0.03812077431086	0.414038094571237	162
-0.098554588996423	0.353709685597233	342
-0.038473517099805	0.414356124603627	767
-0.09751494297264	0.353113627072122	767
0.017988059899997	0.732829633677683	27
0.0177143011176401	0.441519104636812	233
0.075128371293633	0.5457500837636	233
0.017807134329266	0.441473163114747	233
-0.098554588996423	0.353709685597233	142
-0.038473517099805	0.414356124603627	142
-0.0163615331599321	0.663054207629342	405
-0.098554588996423	0.353709685597233	139
-0.09771589802742	0.353095483927744	245
0.048129316552884	0.471060482975925	2
0.017855298774389	0.732964424136766	2
-0.0163615331599321	0.663054207629342	2
0.01777731021038	0.441303913539979	2
-0.038222961863263	0.414264406349458	162
-0.075240015986526	0.599593248021543	162
0.048198009660274	0.470952990233888	162
-0.075240015986526	0.599593248021543	162
-0.098554588996423	0.353709685597233	342
-0.0980343570804339	0.353432748047731	767
-0.038464314880281	0.414424326723021	458
0.017978153477464	0.441299012127764	711
0.075288755062965	0.545413343996195	711
-0.016390501986155	0.66262685981586	711
0.0843302922197891	0.583946577934216	711
-0.037990233828196	0.414043933099704	458
-0.038232305482405	0.414275835906919	233
-0.09771589802742	0.353095483927744	233
-0.038222961863263	0.414264406349458	173
0.017900032419528	0.441350213980641	142
0.01814960398396	0.440970472276922	142
0.091229452906914	0.622236320719878	282
0.063264431112624	0.508322918373419	245
0.091208718711636	0.622276283523047	752
-0.102645204396027	0.785905962761285	750
-0.09771589802742	0.353095483927744	26
0.0844592481269	0.583706954287991	2
0.017822069649896	0.441368127807516	2
-0.038353018666431	0.414337941238971	162
0.017792214528392	0.441468073086455	162
-0.0980343570804339	0.353432748047731	162
0.048137044135346	0.471051609861451	313
0.04814485185986	0.4709545254248	313
-0.038584669491101	0.414442391647873	458
-0.097833196182046	0.353207340512575	173
-0.097314325335099	0.352888726716764	228
0.04809882712395	0.471095771394012	245
-0.097833196182046	0.353207340512575	245
0.017963326955765	0.441341043477748	375
-0.016254021125977	0.662819169364524	2
0.091555967392424	0.621578399550103	2
0.048129316552884	0.471060482975925	162
0.017978153477464	0.441299012127764	162
-0.037990233828196	0.414043933099704	183
0.017792214528392	0.441468073086455	183
-0.075313591982397	0.599686009158765	41
-0.099597513992659	0.354101235493265	342
-0.041959463063889	0.630501322211344	313
-0.074318286925268	0.816704759460399	767
-0.038101962939554	0.414130609919789	767
-0.0980343570804339	0.353432748047731	767
-0.041741121307576	0.630227596837532	711
-0.038464314880281	0.414424326723021	233
-0.038473517099805	0.414356124603627	233
-0.038213600919535	0.414059767247702	233
-0.09751494297264	0.353113627072122	233
-0.075240015986526	0.599593248021543	142
0.018041660723745	0.441230120289073	397
0.0480379278286071	0.471087613431695	793
0.063329730916325	0.508235697146491	251
-0.098554588996423	0.353709685597233	251
-0.0980343570804339	0.353432748047731	251
-0.098352883478491	0.353483822010577	251
0.017885151515488	0.441422043241892	251
-0.097314325335099	0.352888726716764	251
-0.075119323641709	0.599193489684866	251
-0.096996344736511	0.352712982272515	222
-0.096796269002475	0.352488687791578	222
-0.097833196182046	0.353207340512575	183
-0.0980343570804339	0.353432748047731	767
-0.09751494297264	0.353113627072122	233
-0.09751494297264	0.353113627072122	228
-0.099597513992659	0.354101235493265	228
0.116760761104557	1.66620068862907	642
0.075586361197558	1.28107055459562	166
0.00310056827005101	0.697494286811066	88
-0.016414454254694	0.663108225094003	88
0.040966381594179	0.800845008095834	88
0.063343219674838	0.508238057982816	88
0.048137044135346	0.471051609861451	88
-0.033031690810956	0.879270841423898	88
0.063408471126852	0.508125343240681	88
-0.09751494297264	0.353113627072122	342
0.075046740623488	0.545717615515664	313
0.063250955301187	0.508320544769257	767
0.084478180970231	0.583797970147497	767
-0.033103821624906	0.879408976519987	555
0.075128371293633	0.5457500837636	555
0.0177292753209	0.441490978820015	173
-0.038232305482405	0.414275835906919	142
-0.038584669491101	0.414442391647873	142
-0.098873389158817	0.353718585819526	142
-0.054217816937616	1.04879214137344	140
-0.07272893242367	1.02259726800302	63
0.089472337848855	1.06117678498866	166
-0.017251746680004	1.54810846246817	166
-0.102415268225124	0.785666912193693	88
-0.073991306393046	0.816234952867646	88
-0.033436109892696	0.879554136023872	88
-0.051696367752016	0.847822357958661	88
0.075260074216374	0.545605022666558	88
0.084581942720471	0.583588716949427	313
0.017914928832515	0.441120871664386	767
0.0178702860833611	0.441387161072424	767
-0.051721916884086	0.848043425468633	418
-0.074867619725942	0.599090428767936	418
-0.0750458549234641	0.599435065359958	418
0.063500690585278	0.50798896479976	418
-0.038343745757691	0.414362328106443	233
0.0177143011176401	0.441519104636812	173
-0.0383344554852471	0.414193392330842	142
0.075207110278836	0.545690657241514	110
-0.0383344554852471	0.414193392330842	139
0.096814389400516	0.659332165932438	63
-0.097314325335099	0.352888726716764	245
0.124081168353278	0.933154133581501	748
0.017978153477464	0.441299012127764	222
0.120937913774026	0.863184184215543	88
-0.098554588996423	0.353709685597233	222
0.08464142350167	0.582904244602216	88
0.091297844705168	0.622029190945966	88
-0.051701613745023	0.847993548421683	41
-0.098756633713589	0.353692019334519	342
0.063237475822118	0.508259419397331	313
0.050822798029651	0.833387554632983	313
0.048183116294703	0.470731915364278	767
-0.041787558524264	0.63030518261539	313
-0.0750458549234641	0.599435065359958	767
-0.093940344114945	0.995592818383262	607
0.017988059899997	0.732829633677683	499
-0.099278232245566	0.35392746874739	418
-0.042066289731086	0.630748823283636	233
-0.098352883478491	0.353483822010577	228
-0.098873389158817	0.353718585819526	228
-0.037999701638591	0.413940026884914	173
-0.038232305482405	0.414275835906919	173
0.018041660723745	0.441230120289073	176
-0.098554588996423	0.353709685597233	142
0.048228532197089	0.470856745105674	397
0.0177292753209	0.441490978820015	228
-0.0549388584644061	1.23803773238799	63
0.04083951622722	0.801347910398527	558
-0.041847927464025	0.630459992763821	245
0.0480379278286071	0.471087613431695	245
0.106477768959131	0.730983083314581	88
0.084371226517559	0.583859348821932	88
-0.054102528716395	1.04828258682538	196
0.018048630177984	0.732532044015002	196
0.063421972840391	0.508127690026033	88
0.091232551320138	0.622135778002015	88
-0.074407938002382	0.816587305097345	41
-0.072646442103011	1.02214420733913	41
-0.038222961863263	0.414264406349458	342
-0.09751494297264	0.353113627072122	342
0.018105450348108	0.440943772778367	342
-0.03314017727696	0.879418197412975	313
0.048167513635818	0.471016343360915	767
0.017792214528392	0.441468073086455	767
-0.09751494297264	0.353113627072122	767
-0.09751494297264	0.353113627072122	767
-0.075247892420489	0.59937445297054	711
0.101315508697123	0.696569312787746	418
-0.038222961863263	0.414264406349458	233
-0.0980343570804339	0.353432748047731	233
0.048083519131537	0.470840918920392	173
-0.118254872563462	0.96763483364418	110
-0.098554588996423	0.353709685597233	397
-0.097833196182046	0.353207340512575	139
-0.038343745757691	0.414362328106443	245
-0.099075640655895	0.353944854479088	245
-0.075321423367854	0.599706575982585	245
-0.0980343570804339	0.353432748047731	245
-0.097833196182046	0.353207340512575	222
-0.00435158861330798	1.16363480903179	196
0.040983370943716	0.80133427153077	88
0.091208718711636	0.622276283523047	88
-0.095336665179111	1.34862146993894	88
0.096499669214274	0.659905169645271	313
0.12078675141296	0.863731278218524	313
0.084182350474447	0.583957697516659	313
0.096352396025853	0.66007976754343	607
0.017829233925597	0.732852964680826	607
0.120601838407696	0.864003617679907	418
-0.016414454254694	0.663108225094003	233
-0.097833196182046	0.353207340512575	228
-0.098352883478491	0.353483822010577	173
-0.038222961863263	0.414264406349458	173
0.017900032419528	0.441350213980641	176
0.020035663248961	0.998314136017895	110
0.063172144305836	0.508381075212563	140
-0.093984683009035	0.99528413934325	63
0.030079564965479	0.767613613628681	558
0.063093297955259	0.508417242046547	245
-0.03318335436655	0.879582055914319	259
-0.0383344554852471	0.414193392330842	681
-0.0980343570804339	0.353432748047731	222
0.101488476300627	0.696383144125033	88
-0.118320882219923	0.967754079816769	88
-0.102478205765596	0.785785640793822	88
-0.00421318851574104	1.16349574834751	196
0.017807134329266	0.441473163114747	183
-0.00270691094721598	0.939426980632852	41
-0.098756633713589	0.353692019334519	342
0.017963326955765	0.441341043477748	313
0.066973980573435	0.895548376224765	313
0.101286432440022	0.696543038899367	607
0.017885151515488	0.441422043241892	767
0.091274054880803	0.622191717871612	767
0.030202611170759	0.7672039451182	233
-0.1025382689439	0.785554693246388	233
0.020098890261393	0.998135843430158	555
0.106271848606222	0.730967536318288	555
0.063079844351383	0.508356092101914	173
0.00294908055527099	0.697737592033022	110
0.0410166630247319	0.801299390935011	110
0.118161038314949	0.830424898928668	140
-0.097314325335099	0.352888726716764	228
0.111126528387805	0.764205933098242	63
-0.072589807937356	1.02222003348671	63
0.048068364212171	0.4711048335323	259
-0.098554588996423	0.353709685597233	251
-0.102456218495276	0.785740006128746	88
-0.075142928248916	0.599571444913089	88
0.00305641110687505	0.697581345058754	88
-0.074867619725942	0.599090428767936	88
-0.074318286925268	0.816704759460399	88
0.048205724416729	0.470910260347338	446
0.00324828705636504	0.697087935571018	88
-0.097833196182046	0.353207340512575	342
-0.038575520499092	0.414353051058273	767
0.047931005417711	0.470886155986589	767
-0.09751494297264	0.353113627072122	173
-0.038353018666431	0.414337941238971	176
-0.09751494297264	0.353113627072122	176
0.018026903922419	0.441132034202971	397
0.063421972840391	0.508127690026033	63
-0.016283009867109	0.662848621894492	63
0.017699342444723	0.441384704650949	245
0.075046740623488	0.545717615515664	259
-0.038111377288474	0.414177817025583	222
0.075446133727515	0.545134777402124	88
0.084688893688887	0.583361206761243	88
0.084412112566762	0.583689090508115	88
-0.0980343570804339	0.353432748047731	88
-0.0980343570804339	0.353432748047731	446
0.018056432898871	0.441217944876616	446
-0.097833196182046	0.353207340512575	446
-0.033284459182909	0.879654013737668	88
-0.09771589802742	0.353095483927744	342
-0.038222961863263	0.414264406349458	342
-0.0980343570804339	0.353432748047731	342
-0.038111377288474	0.414177817025583	767
-0.0980343570804339	0.353432748047731	767
-0.075127181183508	0.599448766878507	233
0.017822069649896	0.441368127807516	233
0.017978153477464	0.441299012127764	233
-0.041899059019307	0.63044304553037	233
-0.041838664214195	0.630355242517293	233
-0.042029090058758	0.630725452876737	176
-0.075492339365296	0.599688769725692	176
-0.037999701638591	0.413940026884914	142
0.04800751798394	0.471042122206643	110
-0.038222961863263	0.414264406349458	397
-0.075158717915544	0.599291194086621	198
0.048228532197089	0.470856745105674	140
-0.074187426761161	0.816606642247111	63
0.063014416275205	0.508427756633545	63
0.017885151515488	0.441422043241892	245
0.048183116294703	0.470731915364278	387
0.047553338417061	2.18229254659875	166
-0.038343745757691	0.414362328106443	248
-0.00383937785725996	1.16251783358818	302
0.086178327574854	1.02713035875926	302
0.033713339995735	1.31812290639514	302
0.066794230351654	0.89594418348838	230
0.124106285974575	0.93317110159551	230
0.029017196893685	1.02839453297591	230
-0.075247892420489	0.59937445297054	183
0.0410552948306659	0.801217980767438	156
0.101698104651073	0.696050801669448	156
0.096377423533227	0.659864975178518	156
0.030318066175677	0.76741538842748	238
-0.038643612345992	1.07598749795263	499
0.120835252639555	0.863518796296686	499
-0.041922270637053	0.630589539613816	233
0.0290770331165769	1.02816511245864	834
0.101419309094661	0.696365552867998	110
0.0843112917921321	0.583903474694665	176
0.078103047143019	0.959999096534797	110
-0.0170325384847601	0.910114911383211	110
0.106727599285186	0.730248839921803	140
0.026434838460799	1.28961718277976	140
-0.016412785933738	0.662981596025657	394
0.048091133154588	0.471042169258016	394
0.036367829978823	1.06033006883637	63
0.082528754425138	0.992677446691091	63
-0.124461972144232	1.65567897301329	302
-0.044906592238018	1.65049264121527	302
0.026587952096886	1.28910787723702	302
0.00976493618556395	0.967957642555874	230
0.091187979765687	0.622272623786636	156
-0.00279818433735701	0.939535965995986	156
-0.038578049121983	1.07597110667925	156
0.091119402820051	0.622257069897141	238
0.084434139955068	0.583781834448672	238
0.0177143011176401	0.441519104636812	233
-0.075329265417905	0.599645011435276	233
0.048068364212171	0.4711048335323	233
0.00305641110687505	0.697581345058754	834
-0.014003134931136	1.132968280653	110
-0.017071181777956	0.910147620489203	110
-0.102604151174065	0.785927542903538	140
-0.038111377288474	0.414177817025583	429
-0.098554588996423	0.353709685597233	26
0.036464925708565	1.05989769394177	302
0.096365046815019	1.12772128694841	302
0.122726742964545	0.897773763558564	230
0.111211631993151	0.764126122812867	480
-0.041982672273346	0.630647826107759	257
-0.038584669491101	0.414442391647873	257
0.063329730916325	0.508235697146491	257
0.084374282001252	0.583870435607684	238
-0.093990827409125	0.995598102864822	238
0.096870803145687	0.65896027243645	238
-0.111979164263391	1.32424030556057	499
-0.074012039357249	0.816178893464369	499
0.118175131290744	0.83041232827605	499
-0.051767812830155	0.84809156874333	499
-0.0169375416865331	0.909901267738895	499
0.020004044825138	0.998327206796695	499
-0.093817956399095	0.995506580891877	499
0.063394965740158	0.508064277585327	233
0.084456162756553	0.583813760351764	834
0.0750209619564241	0.545799116154301	834
-0.016988581484473	0.909877064119505	110
-0.066990210873406	1.5985279310087	110
0.020192454181537	0.998045135627717	140
0.059495353666729	0.86457604362879	63
-0.05168131311371	0.847881224595234	387
0.096392829609214	0.660124538560593	248
-0.0552090808801971	1.23970504360207	302
0.042926998709423	1.09270559134591	302
0.120926544868014	0.863310261566928	230
0.012239200684965	1.22657358698582	230
0.115082903568146	0.797182008122016	230
-0.00792024523294199	1.5728857035105	230
-0.0541670553297821	1.04846992441158	156
0.066879947247269	0.895774168700673	156
-0.051767812830155	0.84809156874333	156
0.084248278996651	0.583913586861772	238
0.0597098152911481	0.86407969045615	499
-0.033154370153593	0.879485184153655	499
0.063370186185948	0.508081781188768	233
0.040916816705274	0.801334464919211	834
-0.016849838063258	0.909603690889478	834
0.084585136504098	0.583529006517462	834
-0.118097807696667	0.966775785657841	176
0.072781304825547	0.928045203088818	110
0.066835439542411	0.896021502018484	140
0.106549892286542	0.730837742747949	63
0.118266423815382	0.830246937213061	63
0.084478180970231	0.583797970147497	387
-0.075127181183508	0.599448766878507	429
0.091339369202452	0.622085083749103	248
0.05396988550433	1.15867484225677	302
0.019333417793051	1.47386517098407	302
0.08219551916961	0.993741558375593	302
0.072661725389616	0.927970096447754	302
0.124348078207799	0.93257140548937	230
-0.033212332998339	0.87962044583674	257
-0.013798612728081	1.13277076173745	156
0.084352289404545	0.58393081140269	238
0.120789608088662	0.863594934903371	499
0.048159832487555	0.470997103993803	233
-0.03301009271648	0.879148170870755	834
0.096636748414928	0.659827762496698	834
0.111146979469236	0.764243572648069	110
-0.00380710317683097	1.1622748996315	110
0.047969254831406	0.471023900646723	198
0.089075567842766	1.06230604270091	140
0.0728899413181771	0.927850297546367	140
0.118234861166679	0.830249191399859	63
0.111164306046251	0.764127874340039	387
0.101445590063573	0.696512552624128	604
0.120892274411964	0.863358063451986	604
0.08581016560444	1.02788741628788	302
0.036563569235651	1.05976737089485	469
-0.118652906464027	1.48879792049898	480
0.017967864460789	0.732821298651971	480
0.017885151515488	0.441422043241892	257
0.082147838072311	0.993979338177966	156
0.066949199425023	0.895669862336229	156
0.091057262873807	0.622376934191527	156
-0.016334235224492	0.663007552598854	238
0.063237475822118	0.508259419397331	238
-0.033190742077624	0.879521667621264	238
0.040916816705274	0.801334464919211	238
-0.00397020395566605	1.16258822719784	499
0.122457624514592	0.898354690175831	499
0.096479300764425	0.660012762681798	499
0.120818136912828	0.863666507630011	499
-0.042005881270846	0.630719515069575	233
-0.073949855274927	0.816140733367379	233
-0.025224160116245	1.10338460360469	834
0.017901499241205	0.732901068709391	110
-0.00401784084308998	1.16308430134186	110
0.121032101575343	0.862990462159521	110
-0.00434385461283904	1.16356501453952	63
-0.016976135273037	0.909873496756898	63
0.111282686388154	0.763975438333635	63
0.017962056258793	0.732767940869475	387
0.028785938556454	1.02883023256479	302
-0.102626121428237	0.785899865880792	604
-0.093709333812509	0.995094649189672	604
-0.074039234959029	0.816028367762159	370
0.0598590310980151	0.863467151234597	370
-0.051986780795005	0.848266740933482	230
0.067077915418259	0.894930068150014	469
-0.1181888780838	0.967483424037025	469
-0.038353018666431	0.414337941238971	257
0.00296969497419597	0.697668597176143	156
0.017822069649896	0.441368127807516	238
0.101517531985938	0.696409457912416	238
0.0177888935137011	0.732994395968385	127
0.048106601170115	0.471060653765222	127
0.063394965740158	0.508064277585327	127
0.048175274861663	0.470945497752617	233
0.017855436085875	0.441193221226084	233
-0.07503796297973	0.599333001659143	834
-0.038464314880281	0.414424326723021	219
-0.093796521306471	0.995422279507028	110
-0.052053036066266	0.84825042052051	140
0.017885151515488	0.441422043241892	263
0.048137044135346	0.471051609861451	263
-0.0750458549234641	0.599435065359958	394
-0.075240015986526	0.599593248021543	63
-0.041991904254684	0.630597832764327	197
0.074995176808577	0.545797766125804	248
0.059492311591567	0.864543754520659	604
-0.078800807170645	1.57191233506269	302
0.122742200269547	0.897653148001279	230
0.118192586525153	0.830344932680984	156
0.072932361681287	0.927654472497311	156
0.101474667168572	0.696453090094762	238
0.106622013195796	0.730630751210004	238
0.0507341197079501	0.8333851319217	110
0.122546845316987	0.898087706694959	110
0.096616353695589	0.659805884953559	140
0.091360124316574	0.622045105168558	263
-0.0690439872941711	1.2120264755551	63
-0.051589579730977	0.847760717326087	387
-0.033060654015574	0.879309192246952	387
0.0245544377547861	2.1725239940949	166
0.106433958541662	0.731013916701746	302
0.111028617760655	0.764197932744112	302
0.122702160645453	0.89788397714407	302
0.092905763499194	1.09492938725593	302
0.120615549896702	0.863675688569868	230
-0.00279252005736397	0.939112358177615	230
-0.016965758113602	0.910044166485404	230
0.106511239233643	0.730937039839339	230
-0.00284785043890101	0.939386397353589	230
0.106426716520991	0.730482175904756	480
-0.038101962939554	0.414130609919789	257
0.002907836355861	0.69770729158356	156
0.06357937288619	0.507816047405359	578
0.101626157830299	0.696240291814015	238
0.018094812759939	0.732583367161598	238
0.084474992835432	0.58358875340051	238
-0.016306935255432	0.662900709878385	238
0.096458929986788	0.660076529122411	127
0.02933673127056	1.02679269906831	127
-0.099075640655895	0.353944854479088	233
0.084415246499077	0.583875515619935	110
-0.033082246161423	0.879402376658291	110
0.040983370943716	0.80133427153077	110
-0.093767464363777	0.995381507826143	140
-0.016254021125977	0.662819169364524	140
-0.0750458549234641	0.599435065359958	394
0.084456162756553	0.583813760351764	197
-0.075321423367854	0.599706575982585	197
-0.038643612345992	1.07598749795263	63
0.048022434192649	0.470939585084635	387
0.091229452906914	0.622236320719878	302
0.075446133727515	0.545134777402124	786
-0.118016071398683	0.967038954841115	786
0.096479300764425	0.660012762681798	230
0.00299358534899896	0.697678094612967	469
0.048175274861663	0.470945497752617	257
-0.102393270064865	0.785621271260328	238
-0.09771589802742	0.353095483927744	238
0.017963326955765	0.441341043477748	578
0.017921687581491	0.73290941491741	238
0.00301461825294003	0.697663368297709	127
0.050776187706151	0.833492992697793	127
-0.016306935255432	0.662900709878385	233
0.075234323214785	0.545649823465162	219
-0.093998504657095	0.995741930333831	110
0.017855436085875	0.441193221226084	263
0.0176215327131241	0.441435638108329	263
0.075234323214785	0.545649823465162	263
0.0751011590761021	0.545790922920221	63
-0.075329265417905	0.599645011435276	197
-0.0542619695375231	1.04893532349883	63
0.059316946925094	0.864342475644617	302
0.059332107956204	1.19029460643021	302
0.030245716584028	0.767522881766889	786
0.082098772900553	0.994177509644416	230
0.048557232073669	1.12594205477067	230
-0.033212332998339	0.87962044583674	480
0.124106285974575	0.93317110159551	84
-0.041922270637053	0.630589539613816	238
0.122636035954438	0.897701455085782	499
-0.118473343453346	0.967800638443948	127
0.101676656508942	0.696127132054422	127
-0.054397690640078	1.04909955236046	834
0.0507318305372591	0.833518121235665	834
-0.00414088768882503	1.16310488662237	436
0.084500194595213	0.583737580326332	219
0.059641212542715	0.864136867590456	110
0.075207110278836	0.545690657241514	263
-0.09696330104037	1.70719758642285	288
0.120769604322043	0.863631046341246	63
0.017992995459897	0.441102845894737	197
0.124328188149012	0.932568560738207	63
0.118343633913596	0.830093618166267	302
0.020116793075137	0.998147974037242	302
-0.111862618628535	1.32409876058458	230
0.104090400323529	1.18995829449325	230
0.042877788021193	1.09282702518306	230
-0.081342909262314	1.3770021863476	84
-0.051630220696602	0.847666253689669	238
0.066794230351654	0.89594418348838	499
0.0410552948306659	0.801217980767438	238
0.091511479581641	0.621677137681089	238
-0.00270691094721598	0.939426980632852	499
0.115411073626136	0.796159129392575	127
0.048030140972728	0.471086554526434	127
0.01774854247933	0.732918890317892	127
0.048274405061996	0.470624469209025	127
-0.014019424581423	1.35989536805211	193
0.09657069967864	0.659939226936215	219
0.00962721189639404	0.968518311400869	110
0.059563306999273	0.864526088588019	63
-0.054380413204779	1.04888626208232	63
-0.037980748731883	0.413953048132144	197
0.00312140115126003	0.697366293551526	197
-0.046922110299784	1.46508641040043	63
-0.104221206186145	1.1619396888872	604
0.029028288752865	1.02794209251246	604
0.028954296636671	1.0285308452082	604
0.040257600257941	1.34833157143116	302
0.106351630391349	0.730682825037143	230
0.020299758678082	0.997691548361802	230
0.121840532004518	1.29836669765581	230
-0.072594895322079	1.02216240326796	156
0.00321639864751	1.41803009694549	670
0.10640046829823	0.731059995223998	238
0.062935499292038	0.508409645966285	238
-0.069078754760871	1.21207645895731	238
0.106382681004902	0.730865984271612	84
0.075260074216374	0.545605022666558	238
-0.041908305713741	0.630579329942369	238
0.111173966126277	0.764044222867154	436
0.063538778912472	0.50757149110358	219
-0.102456218495276	0.785740006128746	219
0.059651425095581	0.864368927495552	110
0.064430003922509	1.22246776469395	534
0.122457624514592	0.898354690175831	534
-0.095809814358768	1.350459161527	110
-0.016414454254694	0.663108225094003	263
0.118234861166679	0.830249191399859	63
-0.093716971454895	0.995224858764752	63
0.075482287449252	1.28172885437451	288
0.124145778288133	0.932668884589262	288
0.048022434192649	0.470939585084635	197
0.017967864460789	0.732821298651971	370
0.082220097639229	0.993793614074515	670
-0.104373411005807	1.51661539057167	670
-0.041968693252402	0.630667165648645	238
0.096682380817284	0.659672230044936	238
-0.0689100943813959	1.40643427779055	499
0.075208565707402	0.545622611509452	499
0.048060623814151	0.471077472243728	238
-0.038353018666431	0.414337941238971	238
0.018056432898871	0.441217944876616	541
0.085624332480744	1.0284209079186	193
-0.013675947077153	1.13246287882684	436
0.048167513635818	0.471016343360915	219
0.0510024621098471	0.832826144818018	110
0.100309581013793	1.15887808869367	166
-0.098364539655447	2.0107213720733	166
0.054121541899671	1.15822724141553	302
0.018207291709443	0.732392184835594	370
0.115234948213774	0.796831032986354	370
0.091122632222559	0.622335582429877	370
0.063250955301187	0.508320544769257	370
0.091229452906914	0.622236320719878	230
0.075461474135378	1.28180014966589	230
-0.00431926351142498	1.16361443944523	230
0.00464482919864795	1.19457123397653	230
0.072963872568775	0.927656483443703	230
0.106416105282094	0.730901247199573	230
-0.055917737084533	1.6257809677145	670
-0.097833196182046	0.353207340512575	578
-0.068874609599678	1.4062253208853	84
-0.074035939998639	0.816375692949902	238
0.075075383686997	0.545765523362656	499
-0.042103503205385	0.630676821498528	238
-0.069107003888869	1.21235789851164	193
0.04809882712395	0.471095771394012	541
0.096525015331737	0.660007482888487	219
0.041121887953011	0.801077906797172	110
0.063277903257855	0.508273973989328	140
-0.038343745757691	0.414362328106443	197
0.063079844351383	0.508356092101914	197
-0.094006138135298	0.995567157402445	387
0.084519064067727	0.583713359197363	387
0.0964235617068	1.12767352492699	613
0.02875448819662	1.02876862426476	302
-0.0518340276884049	0.848161563336183	604
-0.00257138565719595	0.939028604887093	604
0.106377412381371	0.731000600822443	302
0.100449388852857	1.15854741836646	230
0.050710794196572	0.833449342403027	230
-0.00412394874548605	1.16338137489168	230
0.00984480444635405	0.968003390171822	84
0.059559594628945	0.864532651974016	499
0.017982236601208	0.732611827506294	238
-0.041982672273346	0.630647826107759	238
0.0178702860833611	0.441387161072424	238
-0.074256280257576	0.816460243625329	127
-0.091200292073488	1.54443243043279	436
0.063079844351383	0.508356092101914	219
-0.00386401338697595	1.16252487193116	110
0.101626157830299	0.696240291814015	140
-0.042005881270846	0.630719515069575	197
0.066832150663736	0.895964717877258	370
0.106616840138634	0.730684244546345	370
0.066759598327326	0.896028550029544	370
-0.033103821624906	0.879408976519987	230
0.041183274202388	0.800759527607728	783
-0.0136131577088	1.13221007391103	84
-0.075224295078979	0.599634201404957	238
0.05095585692327	0.833026426386197	84
0.018071220485707	0.441051573299806	238
0.0841193466029641	0.583943424674886	127
0.096479300764425	0.660012762681798	127
0.063356704764237	0.50818911175335	541
-0.00404243473723898	1.16319752564577	193
0.123003710744966	0.89668019918584	193
0.009741522789814	0.968383369073837	193
-0.069047233125154	1.21206893194796	193
0.10650096639658	0.73086029040724	219
-0.02517507593196	1.10368797099451	110
0.00945143388240999	0.968609158800613	110
-0.016921861134754	0.909857938987361	110
0.00322244767168101	1.4181890891876	564
0.0843112917921321	0.583903474694665	387
-0.085154475948505	1.18603335245491	302
0.028803192166307	1.02884995237945	604
0.00281793478088599	0.697808245282518	370
0.054046773853339	1.15851822628688	370
-0.046889659222567	1.46525380789086	302
0.0859460147589191	1.02747609378544	230
-0.072762418845096	1.02263299564949	480
0.118238236262034	0.830290545006268	783
0.073118185930991	0.927202246897885	783
-0.068965408699619	1.40664975475261	230
-0.091272901878983	1.54467294753556	84
-0.118143327583173	0.967200514735442	238
0.115017353410534	0.797304338435852	499
-0.102686307534456	0.785778960632847	238
0.106462358768315	0.730832786881369	127
0.00307849189864695	0.697565218519348	127
0.017921687581491	0.73290941491741	127
0.0364416938937659	1.05986865829332	193
-0.074318286925268	0.816704759460399	834
0.091208718711636	0.622276283523047	834
-0.038612577316588	1.07603785305031	834
0.066939341219405	0.895701430537583	834
0.075260074216374	0.545605022666558	219
0.114979340398373	0.797333322539547	110
0.082147838072311	0.993979338177966	110
0.077890061368757	0.960549489046218	534
-0.0818946692670111	1.37850347792365	534
0.096545392504077	0.659943711696897	110
0.030267446983573	0.767524505470819	110
0.017651574411606	0.441465173551282	26
0.124000582805944	0.933200117465963	613
0.075048171822478	0.545806361158126	68
0.030101332392427	0.767397452864112	68
0.047243084920681	1.37605760909859	29
0.0263999660826491	1.2897690163156	29
0.118220776949686	0.830339124687948	230
-0.093565487576229	0.994544030415286	469
-0.00275115245477697	0.939449512722338	469
0.111347328046526	0.763737608680229	230
-0.072705613789	1.0223122918427	783
0.017900032419528	0.441350213980641	213
0.106444307745161	0.731009070221673	84
-0.016855102726004	0.909735413873122	84
0.101386175085378	0.696326391407598	238
0.078167982153638	0.959902929342611	499
0.050888203448457	0.833258632868648	59
-0.0383344554852471	0.414193392330842	59
0.066541950971179	0.895703421270403	322
0.091407575420728	0.621629023677516	834
0.036025672601031	1.06064151823854	436
0.082017417774618	0.994311442723866	436
0.050615442566337	0.833384686147496	140
-0.013752980187521	1.13265178799612	564
0.019565434813706	1.25785671113853	564
-0.033060654015574	0.879309192246952	63
-0.037999701638591	0.413940026884914	16
-0.056605397801933	2.09425077361721	288
-0.055437608343811	1.24020716571987	63
-0.0543330619107	1.04898789840479	387
0.020116793075137	0.998147974037242	613
0.040955480090218	0.801253007009373	68
-0.016440085400675	0.663088444368722	68
0.030079564965479	0.767613613628681	68
0.072949733921722	0.927742534003055	230
0.063054716370341	0.508273958387836	469
0.106606606984653	0.73060171770419	469
0.040983370943716	0.80133427153077	469
-0.00259764613396296	0.939087030241356	469
0.106477768959131	0.730983083314581	469
0.030267446983573	0.767524505470819	469
0.017699342444723	0.441384704650949	213
0.062935499292038	0.508409645966285	453
-0.052027340674671	0.848172105335391	84
-0.016414454254694	0.663108225094003	238
0.063356704764237	0.50818911175335	238
0.00314130593738404	0.697441333128085	238
0.091211792408884	0.622019672117386	238
-0.093767464363777	0.995381507826143	127
0.10640046829823	0.731059995223998	59
0.018074615566919	0.732680480598904	834
0.030253251680249	0.767069099190676	834
0.042877788021193	1.09282702518306	613
0.082098772900553	0.994177509644416	370
0.096809608574809	0.659451270898266	230
-0.051548948860771	0.847598546590723	469
0.053826748426334	1.15894098549846	230
0.063199066387906	0.508334523103492	453
-0.069015714723954	1.21199764660259	84
0.017855298774389	0.732964424136766	238
0.101647599967366	0.696186535969026	238
0.059543165397823	0.864469592730684	499
0.091360124316574	0.622045105168558	127
-0.0956372884521251	1.34928147151356	193
0.017963326955765	0.441341043477748	59
-0.042005881270846	0.630719515069575	198
0.054084157035494	1.15838378967086	564
0.063408471126852	0.508125343240681	16
-0.038473517099805	0.414356124603627	16
0.120572828456982	0.864025527872883	370
0.048129316552884	0.471060482975925	469
0.063606417148818	0.507659920448346	469
-0.016359856860222	0.662954716710527	230
-0.014209220649001	1.36060207193187	230
0.084308290447826	0.583914618045903	783
-0.074778579016601	0.598838855860113	213
-0.075061670752121	0.599394220982401	213
0.12070972755969	0.863852792853037	84
0.091315539427417	0.622068107957982	238
-0.1181888780838	0.967483424037025	238
-0.043248557758908	1.26880799811451	499
0.00292846101567901	0.697751766608455	127
0.00299358534899896	0.697678094612967	127
-0.01630861954926	0.662972643880192	127
0.118220776949686	0.830339124687948	127
0.00991367555854195	0.967612107428179	127
-0.013841354358588	1.13268197018929	193
-0.038353018666431	0.414337941238971	59
-0.098352883478491	0.353483822010577	59
0.0968756246910361	0.659268401068894	834
0.106343978172442	0.730965340303	110
-0.075142928248916	0.599571444913089	198
0.00301461825294003	0.697663368297709	16
0.048175274861663	0.470945497752617	16
-0.038612577316588	1.07603785305031	662
-0.098554588996423	0.353709685597233	68
-0.0163615331599321	0.663054207629342	613
0.116007855054469	1.59510218764412	29
-0.091272901878983	1.54467294753556	29
0.101564138845998	1.41385740356891	29
0.121565017719315	1.29911441767851	29
-0.055283217828898	1.23979088947923	370
-0.016904107647309	0.909772188157951	370
0.091360124316574	0.622045105168558	469
0.101347491303151	0.696441935032952	230
0.111262242788444	0.763977742221021	230
-0.038213600919535	0.414059767247702	213
0.0967435772623571	0.659608498567667	84
0.018120754932501	0.732594284903955	84
-0.093724565567512	0.995046186482964	84
-0.0163615331599321	0.663054207629342	238
-0.102519190369605	0.785826602283405	127
0.088957736295155	1.0621577568935	193
0.081896020896168	0.994369129245631	193
0.091360124316574	0.622045105168558	59
-0.074122030630818	0.81651335162147	59
-0.03876810677938	1.07547093292683	140
-0.014108906489543	1.35997680621862	564
0.10652942336343	0.73059193894722	63
-0.075321423367854	0.599706575982585	68
-0.0560750510190881	1.62562020258954	29
0.02624959778478	1.28989256769023	29
0.0181409619267811	0.73254991886232	370
-0.013798612728081	1.13277076173745	230
0.01814960398396	0.440970472276922	213
-0.10258513378082	0.785727272580979	453
-0.016387156575993	0.663061566941855	238
0.018100545250654	0.732585978686206	238
0.092821006446978	1.09462409271907	193
0.063277903257855	0.508273973989328	59
-0.075150817760178	0.599509934408343	59
0.063185607178434	0.508383460359442	198
0.078200418245456	0.95975816048588	564
0.041265726754033	0.800526550054351	140
-0.074956711698704	0.599283845361732	16
-0.00268888045695903	0.939310117634896	613
0.096550311400883	0.659917332501928	613
0.048220943826483	0.470759815695374	68
0.121807452158688	1.29849713753532	29
0.118469849390249	0.829537214940645	370
-0.1101350901838	1.68162762339204	302
-0.043485010277872	1.26942881297793	230
0.00981037392180095	0.968156161185521	230
0.120726857246421	0.863837448394153	469
-0.093746023278949	0.995265614945914	469
-0.091055060965993	1.5436674879512	230
-0.00259490356661396	0.939136543495739	230
-0.118280070505847	0.96771546914886	84
0.002907836355861	0.69770729158356	238
0.017768719325702	0.732986033736395	238
0.050799487799396	0.833451751970731	499
-0.112104934357571	1.32467693252904	193
0.064629163597447	1.22202932567539	322
-0.0518340276884049	0.848161563336183	834
-0.102497218741647	0.785707725980518	439
-0.01390411757634	1.13293474829778	140
0.115017353410534	0.797304338435852	564
-0.041922270637053	0.630589539613816	16
0.118175131290744	0.83041232827605	63
-0.042052298639449	0.630656110813843	387
-0.016255713429042	0.662862174171496	387
-0.041922270637053	0.630589539613816	613
-0.051569263035344	0.847710839351726	68
0.115093378805391	0.797128859331333	370
0.00305641110687505	0.697581345058754	370
0.101719569443015	0.695908937654679	469
0.030267446983573	0.767524505470819	230
-0.037999701638591	0.413940026884914	213
-0.055273988266952	1.23964611013015	84
-0.033233907202916	0.879631453075957	84
-0.016465722469286	0.662980887554224	84
-0.054285675790862	1.04898009161567	84
-0.013767218432536	1.13272614314929	84
-0.033002722042267	0.879174038283977	238
-0.118259668163957	0.967587127371435	499
0.053859882542883	1.15886965832322	499
0.048366354832612	1.12619780394664	193
-0.016927126718744	0.909955148110897	322
-0.072512561634882	1.02182837185503	322
-0.085110011545114	1.18607356027983	322
0.124990685346608	0.968207034789145	436
0.063527708915473	0.507832764068333	439
0.00324828705636504	0.697087935571018	439
0.059875456786963	0.863313935428813	110
0.00286291108509595	0.697800159750851	198
0.11519345212268	0.796995116441068	140
0.048137044135346	0.471051609861451	16
-0.072667020317355	1.02234905198006	63
0.084352289404545	0.58393081140269	387
-0.0725795200824581	1.0220444201303	387
0.111229059498352	0.763790909039153	613
0.041044675333898	0.801191981888201	613
0.054052686240521	1.4027117832147	29
0.00981037392180095	0.968156161185521	370
0.106284580805322	0.73079532900127	370
-0.085255128609124	1.1866194626694	370
-0.033031690810956	0.879270841423898	370
0.106511239233643	0.730937039839339	230
-0.102415268225124	0.785666912193693	213
-0.099278232245566	0.35392746874739	213
0.00320409808434496	0.697288451086869	84
-0.118407309964976	0.967743905919432	453
-0.025315434867091	1.10364532212588	84
0.096789205661196	0.659515020496852	84
0.101604732420919	0.696231098283398	84
-0.093615983052206	0.994809193522579	238
0.101517531985938	0.696409457912416	238
0.00311921498448697	0.697457472057385	238
0.040878162084716	0.801367271973693	499
0.118206685409734	0.830370518533364	499
0.091229452906914	0.622236320719878	127
0.118389285832159	0.829962325025715	127
-0.111953878521213	1.32438616879338	322
-0.072494270711312	1.0214881773986	322
0.018008252664161	0.732785272210026	110
0.063158677768567	0.508319933207446	439
-0.016600557268298	0.663091087595214	439
0.0302603275330811	0.767435441902361	439
0.084308290447826	0.583914618045903	16
0.122612861473418	0.898035081944322	63
-0.102730190262548	0.785943353413654	387
-0.016921861134754	0.909857938987361	662
-0.016254021125977	0.662819169364524	613
-0.118275288389049	0.967536833013036	613
0.075676768207106	1.28064262935032	29
0.053978336845441	1.15846183441885	29
-0.051482790511459	0.847411006601704	370
0.0410166630247319	0.801299390935011	469
-0.104089053366795	1.16189719280498	230
0.00442292818634704	1.19511640236217	230
0.096636748414928	0.659827762496698	783
0.018008252664161	0.732785272210026	783
0.01808033287871	0.732518919974955	84
0.00322619478161601	0.697217532176898	84
0.072798651527395	0.927961024222217	84
-0.033060654015574	0.879309192246952	84
0.106462358768315	0.730832786881369	84
0.030455320494245	0.76685824669315	84
0.101445590063573	0.696512552624128	84
0.041088586376288	0.801159832729146	84
-0.0542349239346081	1.04871368645022	127
0.101626157830299	0.696240291814015	127
0.048175274861663	0.470945497752617	59
-0.016228414967052	0.662815534712448	59
-0.075313591982397	0.599686009158765	59
0.096545392504077	0.659943711696897	16
0.050841643660876	0.833318508644783	16
0.066628648055556	1.45499034091042	288
0.063277903257855	0.508273973989328	387
0.108705364691442	1.21803930987494	29
-0.032550752379071	1.29878769755322	29
0.050708532943279	0.833536822379356	370
-0.085037450577801	1.18565309601257	469
-0.041657535450693	0.629883320551244	213
-0.085176005191518	1.18616407447347	84
0.0594884091837909	0.86459287858874	127
0.091098694249095	0.622340682489739	127
-0.038647102572682	1.07607835061919	127
-0.051813740537856	0.848049241128343	59
0.072781304825547	0.928045203088818	193
0.111158200766651	0.763580114379916	322
0.115155441411135	0.797063532308475	439
0.072918228898362	0.927785467367054	110
0.00296969497419597	0.697668597176143	110
-0.041908305713741	0.630579329942369	198
0.111205431496988	0.763741943347717	140
-0.016441749899156	0.663094658546721	16
0.059791075815547	0.863824193156789	805
0.066766185126239	0.896125818164472	63
0.07798873803486	0.960247613277874	613
-0.110478247987827	2.43812394387449	29
-0.118407309964976	0.967743905919432	469
-0.111950776076368	1.32454725630751	469
0.0668288650989211	0.895837753964985	469
0.00988657787976699	0.967801821119524	469
0.063435470882058	0.508078747495984	213
0.111235308007907	0.764095852840741	84
-0.085220490066578	1.18650700751357	84
0.063421972840391	0.508127690026033	84
0.017768719325702	0.732986033736395	84
-0.1023963865063	0.785369360507088	238
0.030187946152239	0.767645000664507	238
0.115189970797891	0.79695371698568	499
0.009592789153958	0.968594540372231	127
-0.04176434001203	0.630299228341388	59
-0.051767812830155	0.84809156874333	834
0.030325218267761	0.767300271531753	110
0.050638700269953	0.833457596202135	110
-0.093940344114945	0.995592818383262	140
-0.043517231752162	1.26960290108613	805
-0.074056657166924	0.81638992795693	63
0.050846118450759	0.833299690855803	469
-0.072651643034786	1.02233916097634	469
0.00299358534899896	0.697678094612967	84
0.072778059726145	0.927734352349976	84
-0.00259208842587799	0.939024067745955	84
-0.00275115245477697	0.939449512722338	84
0.0302603275330811	0.767435441902361	84
0.059607363570782	0.864470326401724	127
0.002907836355861	0.69770729158356	127
-0.051701613745023	0.847993548421683	834
0.028940107675192	1.0286122190176	322
0.096525015331737	0.660007482888487	834
0.078167982153638	0.959902929342611	436
0.118294582120208	0.829965988325646	436
0.020053239746643	0.998165670619008	436
-0.111964966467012	1.32444377800651	110
0.072826945029969	0.92797949832754	110
-0.05529091132158	1.23996052077697	110
-0.038111377288474	0.414177817025583	198
-0.017060608446169	0.909993110435002	140
-0.074187426761161	0.816606642247111	16
-0.094048998259988	0.995747228720074	805
-0.069198288408785	1.21260371707587	805
-0.054373979412405	1.04908204867518	63
-0.041908305713741	0.630579329942369	68
0.018253383597483	0.732249380643148	613
0.01964031392373	1.25771044515816	613
-0.014241900751675	1.36041564447491	230
-0.003976494052506	1.16217788007052	84
0.042796556194619	1.09297170035338	230
0.040883554489334	0.801299111909487	84
0.111191141177085	0.764189511134367	127
-0.118168458157863	0.967500403990842	127
-0.05537273542711	1.24012852966739	127
0.090991871745561	0.622396171256163	834
0.059559594628945	0.864532651974016	436
0.114982838651213	0.797316343227134	110
0.106588553811892	0.730697049149657	110
0.124151168081024	0.932966682538328	110
0.00277673550704405	0.697777894903242	140
0.101509944476469	0.696213125376825	805
-0.102456218495276	0.785740006128746	63
0.030057814209701	0.767725818369495	63
0.018074615566919	0.732680480598904	387
-0.016574907106478	0.663033619029199	387
0.004372696451731	1.19514195648771	613
0.033523712849038	1.31900894404229	29
0.07581595523227	1.28004364082816	29
-0.118275288389049	0.967536833013036	469
0.093228628128368	1.09331865279272	230
-0.098554588996423	0.353709685597233	213
0.072875786478659	0.927786361329234	84
-0.02520664673843	1.10369837783699	84
0.115055366214585	0.797235917916143	84
0.12084951918661	0.863564281581963	84
-0.00259490356661396	0.939136543495739	84
-0.02500655926871	1.10310795203468	84
-0.0541670553297821	1.04846992441158	84
-0.0938470184670081	0.995547367050303	238
0.075287287517624	0.545564195725926	127
0.091383891304558	0.621951736563866	127
0.101597096157761	0.696299714495301	193
-0.02521733707711	1.10359070287432	193
-0.023327030429904	1.33051798739071	322
-0.054217816937616	1.04879214137344	110
-0.07262331176257	1.02234309930215	140
-0.038505507498841	1.07577254731158	140
0.101467024812931	0.696480310691995	805
0.082066485511524	0.994196877233352	805
0.018034213142027	0.732716523926003	68
0.082696945000759	1.5298913433061	29
0.100327808322402	1.15887943637574	230
-0.017065914392792	0.91011161215185	370
0.050683087618003	0.833432411989008	370
0.00966531562666695	0.968527063142819	230
0.00963827044389998	0.968539685219676	230
0.118252333705608	0.830297307380977	230
0.085795822982515	1.02822895481203	230
0.00285911358580204	0.697611591816472	84
-0.118341291598363	0.967656052372211	238
0.017814933596513	0.732888927794764	238
-0.095654153436227	1.35005314474592	499
0.012274831232206	1.22665274169391	499
0.020439567970274	0.996297695914978	127
-0.085255128609124	1.1866194626694	127
0.118206685409734	0.830370518533364	127
-0.069231389982222	1.40741509299451	193
0.028988788168324	1.02828821480848	193
0.00290412257635297	0.697717017964945	834
0.096616353695589	0.659805884953559	834
-0.085144651951293	1.18621577712997	322
-0.025154240662234	1.10303669262691	322
-0.07260495665834	1.02174694319365	110
-0.016898939475831	0.909868635809946	140
0.059587210401438	0.864461764795493	140
-0.091237728133629	1.54456435007604	805
0.00464482919864795	1.19457123397653	613
0.011082668376085	1.44769228345318	29
0.089110926727239	1.06232098656982	29
0.059492311591567	0.864543754520659	370
0.018161166236061	0.732452818950968	713
-0.032953025665572	1.29998009994974	230
-0.017065914392792	0.91011161215185	84
0.066936061833785	0.895575987023821	84
0.0286034164904559	1.02891966561563	84
-0.01390411757634	1.13293474829778	84
-0.00264191085383103	0.939273660560237	238
0.009741522789814	0.968383369073837	499
-0.074032777257902	0.816033223245985	127
0.096657140778425	0.659805941212877	127
-0.0384399063787469	1.07543054117661	193
0.101604732420919	0.696231098283398	834
-0.118366506412099	0.967858973564698	834
-0.038512456084834	1.07565510730351	322
0.030122790827679	0.767493695679734	322
0.030310957781324	0.767300529601493	110
0.028649045365668	1.02893173517322	110
-0.013827099732649	1.1327906423832	110
0.12090942077443	0.863419634608697	110
0.050867145477455	0.833314384010154	110
0.020007590482509	0.998172052553322	805
0.066652420538413	0.896058039594103	63
0.017921687581491	0.73290941491741	613
0.019333417793051	1.47386517098407	29
0.104524648448661	1.1887561435144	29
0.059515524940443	0.864588436498283	230
0.118589384192967	0.829243232299223	230
0.118420847228693	0.829882349976409	713
0.017982236601208	0.732611827506294	469
0.084434139955068	0.583781834448672	108
0.00439781660205896	1.19515573888325	585
0.0751526903693121	0.545617365600518	84
0.01772247183474	0.732998532235449	238
0.059587210401438	0.864461764795493	238
-0.016898939475831	0.909868635809946	238
-0.038467497214302	1.07560863475306	127
-0.01391175144461	1.35971092052085	193
0.111258992788429	0.764045772884163	193
0.0966318504321359	0.659746051283924	834
-0.038222961863263	0.414264406349458	686
0.101597096157761	0.696299714495301	834
0.077899067686206	0.960229716534554	436
-0.033161774165633	0.879544208868488	638
-0.096996344736511	0.352712982272515	198
0.0891128797117911	1.06224754702286	566
-0.016467382827036	0.663135102628169	16
0.069883164572041	1.2528446943077	288
0.066904704615227	0.895830674502263	63
-0.054288888683491	1.04884468440464	63
-0.054102528716395	1.04828258682538	63
0.101467024812931	0.696480310691995	613
-0.041861878249689	0.630501710651017	613
0.115248641427612	0.796012189922938	713
0.063264431112624	0.508322918373419	108
-0.051701613745023	0.847993548421683	108
-0.093926576391227	0.995612510243009	108
0.07507394885366	0.545783675338654	108
0.030057814209701	0.767725818369495	238
-0.095735827657864	1.350374147057	499
0.041116599462428	0.801052662885613	499
0.091167236068756	0.622220304538874	322
0.118238236262034	0.830290545006268	322
-0.118341291598363	0.967656052372211	834
0.120695476977277	0.863902208237401	110
0.042598836559957	1.09337408004114	110
0.122546845316987	0.898087706694959	140
0.075128371293633	0.5457500837636	16
-0.038473517099805	0.414356124603627	16
0.11837519267769	0.830013639264031	63
0.115231462655386	0.796888075423911	230
0.10143796399458	0.696454001076441	713
-0.074940890989121	0.598926664218878	213
-0.042080298783546	0.630530345816743	108
-0.072806187928571	1.02259290000407	84
-0.10402109614794	1.16171047571245	84
0.00301461825294003	0.697663368297709	238
0.101358392184871	0.696425998470619	238
0.0667628901371991	0.896111895900211	834
0.00310056827005101	0.697494286811066	474
-0.041717902408649	0.630081234371633	686
0.012305078194785	1.22649619567465	322
0.00963827044389998	0.968539685219676	322
0.074969385211641	0.545722332536396	638
-0.054373979412405	1.04908204867518	110
-0.017076410530619	0.910097382491573	110
0.101517531985938	0.696409457912416	432
0.050839520001319	0.833120363380788	16
0.084585136504098	0.583529006517462	16
0.030390445039948	0.767154114220621	63
0.091297844705168	0.622029190945966	63
0.072952924587586	0.927545962571909	63
-0.051742222533774	0.848030929183181	63
0.030159069318855	0.767629011155119	613
-0.068904854296219	1.40645820185378	613
-0.03301009271648	0.879148170870755	713
-0.016600557268298	0.663091087595214	713
-0.102415268225124	0.785666912193693	469
-0.085321107331087	1.18667143671101	230
-0.118473343453346	0.967800638443948	783
-0.042149911388244	0.630754431915372	238
0.101568040044437	0.696317763664638	499
0.07805369751548	0.960235372163707	499
0.036221356536411	1.06048180175368	836
0.092940829452488	1.09483520863679	193
0.0302746101922871	0.76738464964987	322
0.115055366214585	0.797235917916143	322
-0.016254021125977	0.662819169364524	834
-0.110404421551212	1.6826658016693	436
-0.00279818433735701	0.939535965995986	110
0.020176153263666	0.997917489449725	110
-0.00266266410985305	0.939349280187943	110
-0.075150817760178	0.599509934408343	638
0.072658532730577	0.92811229891604	110
0.106294857462002	0.731064541758791	110
-0.09771589802742	0.353095483927744	198
0.101647599967366	0.696186535969026	140
-0.036782515838354	1.49367422990415	566
0.091274054880803	0.622191717871612	805
-0.037990233828196	0.414043933099704	26
0.00322619478161601	0.697217532176898	68
0.101517531985938	0.696409457912416	713
-0.00277742283487203	0.939519248983861	230
-0.01699915306806	0.910092428209728	108
0.101509944476469	0.696213125376825	108
-0.073991306393046	0.816234952867646	108
0.101386175085378	0.696326391407598	108
0.082163289790898	0.993951978484212	84
0.077964080764457	0.960387239374906	84
-0.0939189378131891	0.995665967769638	238
-0.013764337738701	1.13242669105178	499
0.092903337387786	1.09493610739404	836
0.0538662220698251	1.15880022907234	836
0.078061444513498	0.960145629701186	193
0.063264431112624	0.508322918373419	834
0.089402368826457	1.0616484568458	322
-0.081335347000833	1.37672666052208	436
0.091469932201992	0.621800727696444	110
0.017900032419528	0.441350213980641	638
0.04809882712395	0.471095771394012	198
0.082432004944741	0.993184945202362	140
-0.0818946692670111	1.37850347792365	566
-0.037878413463182	0.41380613890332	16
-0.038222961863263	0.414264406349458	16
-0.054370660518772	1.04891581862762	63
-0.012837333154832	1.88847714651404	29
0.077824129245994	1.5054723545635	29
0.066997658923194	1.45345691322867	29
0.096789205661196	0.659515020496852	713
0.063066387084436	0.508174414789581	783
-0.036557443362729	1.49301530134594	585
0.124237083644081	0.93287237992374	499
0.033548936688133	1.31898332260035	436
-0.0162301115167101	0.662706630838277	110
0.078135525098875	0.959983238907961	140
-0.01630861954926	0.662972643880192	16
-0.0421871342737919	0.630716483540115	16
0.063199066387906	0.508334523103492	68
-0.038353018666431	0.414337941238971	68
0.075181351138205	0.545711507796161	713
-0.01699915306806	0.910092428209728	230
0.124217235712869	0.932907464554307	230
0.0364079149015309	1.0600731006246	230
0.048159832487555	0.470997103993803	213
0.048137044135346	0.471051609861451	213
0.029017196893685	1.02839453297591	230
0.096525015331737	0.660007482888487	108
-0.085925938676532	1.88293897302989	836
0.0927957239766149	1.09516530426498	836
-0.102500197789548	0.785757997478442	474
0.048205724416729	0.470910260347338	686
0.0965910856076549	0.659917412289735	322
0.059594876116102	0.86392818624552	436
-0.00571791333924199	1.39082832274925	436
-0.033111214501663	0.879440741495878	432
0.096198050901102	1.12802948377097	566
0.0480840855585331	0.470891796209515	16
-0.075313591982397	0.599686009158765	68
-0.00564897736079695	1.39078026601906	29
0.124101007254758	0.933194971890507	230
0.004695084570561	1.19433750379327	230
-0.0251925801888641	1.1035041804541	713
0.122270035325113	0.898235560643363	230
0.078029010796172	0.960289710261067	230
-0.096796269002475	0.352488687791578	213
0.017933720144475	0.441049099583088	213
0.048198009660274	0.470952990233888	213
0.048167513635818	0.471016343360915	213
-0.0750458549234641	0.599435065359958	108
0.059611122122143	0.864374641713518	108
-0.074208127166386	0.816550490792073	108
-0.119141777006499	1.49041066149487	84
0.042860832306525	1.09226828719121	499
0.05415254448131	1.15802913477549	836
0.08221241101027	0.993922046745771	836
0.086012120741771	1.02773161156996	836
-0.051747518947093	0.847979241733637	834
-0.051920541205241	0.848253372479533	834
0.075393192779485	0.545311820434884	474
-0.038584669491101	0.414442391647873	686
-0.0725560146056921	1.75525697405889	322
0.01215904371745	1.22684795776666	322
-0.046884577155157	1.46491835639211	436
0.053938863169206	1.15873041261273	436
-0.110352229851175	1.68259808238342	436
-0.017060608446169	0.909993110435002	140
-0.110195655190244	1.68197555727014	288
0.0844592481269	0.583706954287991	63
0.100613525382606	1.15779831336833	63
-0.099444920543373	2.30753048724699	29
-0.017272546153792	1.54815167489338	230
-0.025234801718878	1.10382934732178	230
-0.01402662813016	1.36027942082153	230
-0.098235856286303	0.353414829103439	213
0.063329730916325	0.508235697146491	213
0.0410274033549331	0.801134420971553	230
0.0480761847510181	0.471043419126657	213
0.018034213142027	0.732716523926003	108
0.075181351138205	0.545711507796161	108
0.050797267936644	0.833438469017457	84
-0.068938550609523	1.2116384326978	238
-0.104217380166135	1.16169434071704	238
0.106511239233643	0.730937039839339	499
0.085820876143646	1.02820841654822	836
0.115127895440262	0.797097661927264	836
-0.104085281907801	1.1618912891505	836
0.0485269553445	1.1261041864666	836
0.096415195024385	1.12773873066879	193
0.00303524391238197	0.69759436484439	474
0.106635092379766	0.730278648468208	834
-0.072844802976889	1.02247516430127	638
0.091422361123862	0.621632398142763	638
0.0755935026469819	1.281290241913	436
-0.104102224592826	1.16173616838241	140
0.00483641571010596	1.19381441738547	140
-0.05442459497646	1.0489685878354	16
-0.0939480101512991	0.995706779936987	805
0.12402043368606	0.933340011866479	288
-0.0141097813397451	1.13296705834266	63
-0.05168131311371	0.847881224595234	430
-0.091165119397258	1.54425824985766	230
0.059304932198994	1.19091982294403	230
0.115148483584588	0.796838679514029	230
0.0753417200864161	0.545327769695141	213
-0.038508983801112	1.07575720999628	108
0.092680851892864	1.09524352760143	84
0.106506084011186	0.730929768371253	84
0.078078376298101	0.960138729154487	84
-0.0330748369865	0.879251056554049	499
0.111238533370894	0.764069061623442	499
0.059655165473687	0.864318905112001	499
0.120758234284446	0.863735225246525	834
-0.055568773447318	1.24035182914102	834
0.020224099365196	0.997895436583723	436
0.066807404248193	0.895956538006685	63
0.101676656508942	0.696127132054422	103
-0.085220490066578	1.18650700751357	103
-0.051854317333041	0.848211428219714	103
0.063185607178434	0.508383460359442	181
0.089252318135066	1.0619593283899	230
-0.094078075317927	0.995717789138187	224
0.018056432898871	0.441217944876616	224
0.012214273905285	1.22674347375668	230
0.050841643660876	0.833318508644783	230
0.092938395483662	1.09480183109078	230
0.115082903568146	0.797182008122016	84
0.00299030427202895	0.697540867601289	452
-0.016334235224492	0.663007552598854	452
0.017885151515488	0.441422043241892	499
0.091363116198774	0.621899506241714	499
-0.038343745757691	0.414362328106443	185
0.048091133154588	0.471042169258016	127
-0.097833196182046	0.353207340512575	185
0.059351232582869	0.864440270802982	834
0.050864918539003	0.833299842877137	834
0.091208718711636	0.622276283523047	834
0.0479996846415251	0.471069360153076	398
-0.0136131577088	1.13221007391103	436
0.036660655176985	1.05926712857592	566
-0.098235856286303	0.353414829103439	292
0.075154138563505	0.545752345612659	63
-0.118193639208266	0.967467872110204	63
0.048114455422043	0.470937287450026	63
0.066797519060817	0.896049094442892	63
-0.038695561467108	1.07565931951423	613
0.020119889637314	0.998199337842385	613
-0.097833196182046	0.353207340512575	398
-0.098756633713589	0.353692019334519	398
-0.102604151174065	0.785927542903538	103
-0.102689118389286	0.785923872930611	103
0.0482972322887411	0.470609868870099	105
-0.075142928248916	0.599571444913089	105
0.075182801725168	0.545513567053862	224
0.028985748381116	1.02848708991304	378
-0.07265680642893	1.02243627863209	108
0.017978153477464	0.441299012127764	108
0.017651574411606	0.441465173551282	826
0.048190374916138	0.470900828404984	452
0.017807134329266	0.441473163114747	452
-0.016334235224492	0.663007552598854	238
-0.038464314880281	0.414424326723021	185
-0.038343745757691	0.414362328106443	185
-0.0980343570804339	0.353432748047731	185
0.030216828572321	0.767608928160328	79
-0.017165985358271	0.90994180249633	79
0.0479996846415251	0.471069360153076	489
0.0177292753209	0.441490978820015	252
-0.038232305482405	0.414275835906919	198
-0.016281321352695	0.662925995029655	12
0.096525015331737	0.660007482888487	63
-0.118391771318661	0.967731784005976	103
0.029978301107267	0.767662450144979	105
-0.075150817760178	0.599509934408343	181
0.051021318174456	0.832585742431264	224
-0.102434235979929	0.785621130114425	224
-0.074080622929075	0.816419155705699	452
0.075365978735715	0.545352624230085	452
0.01763654577387	0.441536831391427	185
-0.038222961863263	0.414264406349458	185
0.0843932388020811	0.583891294044359	489
0.048236200513971	0.470846950090697	198
-0.10478481308688	1.51785789281121	384
0.0751011590761021	0.545790922920221	280
0.030166210951231	0.767669262259195	613
-0.075150817760178	0.599509934408343	103
0.063264431112624	0.508322918373419	103
-0.074972574974717	0.599243066457034	105
-0.098235856286303	0.353414829103439	105
-0.098554588996423	0.353709685597233	105
0.091208718711636	0.622276283523047	103
-0.075061670752121	0.599394220982401	224
0.085715384283088	1.02830458118557	709
-0.094070403158095	0.995681187249742	709
0.118266423815382	0.830246937213061	680
0.078061444513498	0.960145629701186	680
0.118466502991279	0.829730556799463	680
0.0175438809371939	0.441453292209616	826
-0.098352883478491	0.353483822010577	826
-0.037990233828196	0.414043933099704	452
0.096636748414928	0.659827762496698	238
-0.038111377288474	0.414177817025583	185
0.018041660723745	0.441230120289073	505
-0.041908305713741	0.630579329942369	252
0.075260074216374	0.545605022666558	252
-0.075208616825992	0.599276847842701	198
0.106539582500397	0.730842546368725	12
-0.072767564411144	1.02262963143096	103
-0.072618167493606	1.02227500269129	103
-0.075313591982397	0.599686009158765	105
0.00266612067404204	0.697783318737265	105
-0.016441749899156	0.663094658546721	105
0.048129316552884	0.471060482975925	105
0.018008252664161	0.732785272210026	224
0.018056432898871	0.441217944876616	224
0.00294943082096499	0.697518286845058	224
0.063316238487333	0.508174597084697	224
0.04084488936258	0.80133193786774	224
-0.014426849812271	1.36030356623392	378
0.123964954133383	0.933408070838786	680
-0.038654071680585	1.07600259679399	680
-0.075232150203982	0.599654790054676	185
-0.0980343570804339	0.353432748047731	398
-0.00275663226745004	0.939422509570981	79
-0.072679889526023	1.02215157544772	489
0.0176963460442781	0.732834046095208	489
0.017921687581491	0.73290941491741	489
0.063264431112624	0.508322918373419	280
0.063250955301187	0.508320544769257	103
0.018008252664161	0.732785272210026	105
-0.099075640655895	0.353944854479088	398
-0.01630861954926	0.662972643880192	103
-0.098352883478491	0.353483822010577	181
-0.038584669491101	0.414442391647873	181
0.048190374916138	0.470900828404984	185
-0.09751494297264	0.353113627072122	185
-0.0980343570804339	0.353432748047731	185
-0.066981335295181	1.59853712557059	79
0.063421972840391	0.508127690026033	489
-0.074883530439411	0.599049724278248	505
0.048137044135346	0.471051609861451	252
-0.099075640655895	0.353944854479088	198
0.063421972840391	0.508127690026033	292
-0.038464314880281	0.414424326723021	292
-0.111799689230496	1.32416587073105	280
0.017885151515488	0.441422043241892	550
-0.038232305482405	0.414275835906919	550
0.00303524391238197	0.69759436484439	63
-0.0384550952589881	0.414291169728785	103
0.00318199696521804	0.697304602378743	103
-0.102752138759922	0.785915660532301	103
-0.038464314880281	0.414424326723021	105
-0.075135049387965	0.599550836734038	103
-0.038232305482405	0.414275835906919	181
-0.042173115154123	0.630685101687991	224
-0.016976135273037	0.909873496756898	378
0.0668387316304701	0.896011604803126	680
0.063408471126852	0.508125343240681	452
-0.038343745757691	0.414362328106443	452
0.017699342444723	0.441384704650949	185
-0.097314325335099	0.352888726716764	185
0.075208565707402	0.545622611509452	489
0.0480761847510181	0.471043419126657	252
-0.038473517099805	0.414356124603627	198
-0.102522194565737	0.78564073577593	12
-0.085359028117235	1.18678422852048	12
-0.072667020317355	1.02234905198006	12
-0.043329934601323	1.26915670807191	384
0.085951398131828	1.02778011808851	384
-0.098554588996423	0.353709685597233	292
0.017963326955765	0.441341043477748	292
0.066794230351654	0.89594418348838	280
0.017963326955765	0.441341043477748	550
0.048068364212171	0.4711048335323	103
0.017885151515488	0.441422043241892	105
0.0178702860833611	0.441387161072424	105
0.118248938082392	0.830097232322173	680
-0.013630309812075	1.13229266268992	680
-0.09751494297264	0.353113627072122	826
-0.07397057836553	0.816220702874999	452
0.0632125219358	0.508227184141461	238
-0.098554588996423	0.353709685597233	185
0.118069747715532	0.830476996682912	79
0.084415246499077	0.583875515619935	505
0.124317678379722	0.932598525698277	594
0.0668387316304701	0.896011604803126	12
0.0962656262110519	0.660078851383571	292
-0.098235856286303	0.353414829103439	398
-0.098235856286303	0.353414829103439	398
0.047969254831406	0.471023900646723	280
-0.118234459093518	0.967651830842549	63
-0.110404421551212	1.6826658016693	125
-0.051696367752016	0.847822357958661	103
-0.0383344554852471	0.414193392330842	105
-0.098554588996423	0.353709685597233	105
-0.038222961863263	0.414264406349458	105
-0.098352883478491	0.353483822010577	398
-0.099597513992659	0.354101235493265	398
-0.098235856286303	0.353414829103439	181
0.075181351138205	0.545711507796161	224
0.017978153477464	0.441299012127764	181
0.0100664498690221	1.61983691898053	373
0.017941873253126	0.73286505952673	108
-0.093998504657095	0.995741930333831	108
0.111262242788444	0.763977742221021	108
-0.038343745757691	0.414362328106443	826
0.048068364212171	0.4711048335323	238
0.063185607178434	0.508383460359442	238
-0.038464314880281	0.414424326723021	398
-0.0980343570804339	0.353432748047731	398
0.059767167286406	0.86395981536207	252
0.118329539335055	0.830125132981521	252
0.091511479581641	0.621677137681089	252
0.0177292753209	0.441490978820015	198
-0.07262331176257	1.02234309930215	384
-0.11817323278675	0.967258243185869	613
-0.0980343570804339	0.353432748047731	181
-0.09751494297264	0.353113627072122	181
0.047969254831406	0.471023900646723	224
0.063185607178434	0.508383460359442	378
0.018228146026064	0.44085949939863	108
-0.097833196182046	0.353207340512575	398
-0.038575520499092	0.414353051058273	372
-0.07503796297973	0.599333001659143	372
-0.0749646380190711	0.599304485288219	372
-0.0380925313061919	0.413882409633952	505
-0.0980343570804339	0.353432748047731	505
-0.09771589802742	0.353095483927744	292
-0.098554588996423	0.353709685597233	550
-0.037868874847883	0.413866295648985	550
-0.098352883478491	0.353483822010577	550
-0.038101962939554	0.414130609919789	181
0.122571452073395	0.898130580605687	378
-0.075232150203982	0.599654790054676	108
-0.097833196182046	0.353207340512575	826
-0.0980343570804339	0.353432748047731	398
0.0751011590761021	0.545790922920221	372
0.084415246499077	0.583875515619935	372
0.12080099887297	0.863644263616836	372
-0.038343745757691	0.414362328106443	505
-0.038473517099805	0.414356124603627	505
-0.098554588996423	0.353709685597233	505
-0.075240015986526	0.599593248021543	292
0.0480379278286071	0.471087613431695	550
-0.0980343570804339	0.353432748047731	550
-0.013521871686964	1.13184289553986	613
-0.075053757516349	0.59945569070679	103
0.017948515857331	0.441276325037825	103
0.048167513635818	0.471016343360915	105
0.018041660723745	0.441230120289073	103
-0.037990233828196	0.414043933099704	181
-0.0384550952589881	0.414291169728785	181
0.015597215903151	1.81587018655049	336
0.030245716584028	0.767522881766889	318
-0.038101962939554	0.414130609919789	130
-0.098235856286303	0.353414829103439	826
0.017963326955765	0.441341043477748	803
-0.097314325335099	0.352888726716764	803
0.04814485185986	0.4709545254248	572
-0.057686624293577	1.43571139753787	159
0.018054415695141	0.732724845641667	143
-0.042163932456785	0.630644827033637	143
-0.042089496111302	0.630754759552082	143
-0.038232305482405	0.414275835906919	505
-0.0384550952589881	0.414291169728785	505
-0.038232305482405	0.414275835906919	539
0.017978153477464	0.441299012127764	539
-0.097833196182046	0.353207340512575	198
-0.118275288389049	0.967536833013036	12
-0.00257138565719595	0.939028604887093	12
-0.038575520499092	0.414353051058273	550
0.050708532943279	0.833536822379356	103
-0.0752164506176301	0.599532139278292	103
0.074995176808577	0.545797766125804	181
-0.038343745757691	0.414362328106443	181
0.063199066387906	0.508334523103492	181
-0.051920541205241	0.848253372479533	318
-0.054329830166962	1.04906238465438	363
-0.118346108144841	0.967803357473854	363
-0.0980343570804339	0.353432748047731	398
-0.097314325335099	0.352888726716764	826
-0.041968693252402	0.630667165648645	246
-0.075240015986526	0.599593248021543	246
0.018120152890429	0.441085742998587	246
-0.097314325335099	0.352888726716764	398
0.017963326955765	0.441341043477748	803
-0.051742222533774	0.848030929183181	143
0.075181351138205	0.545711507796161	172
-0.00406703636965899	1.16325801519524	596
-0.074080622929075	0.816419155705699	539
-0.074891501730861	0.598831352339338	428
-0.097833196182046	0.353207340512575	398
0.018056432898871	0.441217944876616	551
0.084497030745063	0.58368145739329	103
-0.093724565567512	0.995046186482964	789
-0.042196318706183	0.63046137174687	103
0.041093935409697	0.801087862695575	103
-0.038222961863263	0.414264406349458	105
0.017807134329266	0.441473163114747	103
-0.097833196182046	0.353207340512575	181
-0.075305771267545	0.599583968274633	360
0.0914907082724939	0.621760743097196	360
-0.042066289731086	0.630748823283636	181
0.018041660723745	0.441230120289073	181
0.116401372852467	1.66712970848389	336
-0.00270966697463204	0.939435683182701	363
-0.013827099732649	1.1327906423832	363
-0.102497218741647	0.785707725980518	363
-0.0555194088571021	1.24035606033706	363
-0.075321423367854	0.599706575982585	246
0.091253305477373	0.622188073930247	246
-0.075337118126494	0.599426192311837	246
-0.074077379269948	0.816333830861101	237
0.018056432898871	0.441217944876616	572
-0.0750458549234641	0.599435065359958	572
-0.098554588996423	0.353709685597233	519
0.063291371738374	0.508166632881355	143
-0.069229796323927	1.21267498544956	143
-0.054465550963523	1.04904101455468	596
-0.042126707406141	0.630748496181635	539
-0.038222961863263	0.414264406349458	428
-0.062675640634497	1.92375806936255	12
-0.093796521306471	0.995422279507028	12
0.0967027819941429	0.659694087387252	34
-0.016855102726004	0.909735413873122	838
-0.042089496111302	0.630754759552082	103
0.048129316552884	0.471060482975925	103
0.048198009660274	0.470952990233888	103
0.084500194595213	0.583737580326332	103
-0.075313591982397	0.599686009158765	181
-0.051874609474738	0.848198909254644	360
0.072830139517465	0.927831378207141	318
0.066842026822883	0.895936218169302	363
0.1185403305311	0.829262578928057	363
-0.0380925313061919	0.413882409633952	826
-0.098873389158817	0.353718585819526	826
0.00301461825294003	0.697663368297709	237
0.063316238487333	0.508174597084697	572
-0.112042042822941	1.32459836114632	159
0.0914016202769971	0.621829025779538	143
0.017822069649896	0.441368127807516	505
0.017558948417229	0.44151093634167	505
0.030159069318855	0.767629011155119	172
-0.033103821624906	0.879408976519987	539
-0.098352883478491	0.353483822010577	539
-0.03775690953188	0.413628552068713	539
0.048767904592031	1.12544242567224	12
-0.01649467821567	0.663121538181514	34
-0.041885092082105	0.630573386077958	103
-0.102415268225124	0.785666912193693	103
-0.075053757516349	0.59945569070679	181
-0.00268888045695903	0.939310117634896	360
0.03000005666359	0.767494288973926	360
-0.054190797366426	1.04863146403696	318
0.084415246499077	0.583875515619935	130
0.017963326955765	0.441341043477748	246
-0.075061670752121	0.599394220982401	246
-0.102437271138424	0.785639292487699	246
-0.10258218567443	0.785881930049397	237
-0.074956711698704	0.599283845361732	572
0.063487175909114	0.507986633485621	572
0.091404661651203	0.621955343661036	572
-0.038353018666431	0.414337941238971	803
0.048137044135346	0.471051609861451	572
0.075154138563505	0.545752345612659	143
0.074995176808577	0.545797766125804	539
-0.0980343570804339	0.353432748047731	428
-0.06921242689783	1.21255138011587	838
0.084396270009057	0.58376226588378	103
-0.042080298783546	0.630530345816743	360
0.053936753412152	1.15879505727888	318
-0.00396867627255204	1.16269437344804	318
-0.016387156575993	0.663061566941855	318
-0.103997191527263	1.16164925104674	363
-0.118386907017763	0.967841950693089	363
0.017792214528392	0.441468073086455	246
-0.096996344736511	0.352712982272515	517
0.017978153477464	0.441299012127764	572
0.084688893688887	0.583361206761243	572
-0.041824711396637	0.630454044297698	572
-0.093695524393401	0.995075661777185	372
-0.0543330619107	1.04898789840479	143
0.018008252664161	0.732785272210026	143
-0.069070755109138	1.4071052541852	596
-0.032952171006601	0.879013066488747	172
-0.0980343570804339	0.353432748047731	428
-0.098235856286303	0.353414829103439	428
-0.098235856286303	0.353414829103439	34
-0.102418409812134	0.785060227340685	103
-0.075240015986526	0.599593248021543	181
-0.118407309964976	0.967743905919432	360
-0.074867619725942	0.599090428767936	360
-0.051655740378037	0.847916877979715	130
0.075022388324281	0.545756932496765	130
0.059591010505049	0.864271663655486	363
-0.075305771267545	0.599583968274633	246
-0.038343745757691	0.414362328106443	246
-0.037878413463182	0.41380613890332	246
0.091098694249095	0.622340682489739	237
0.017963326955765	0.441341043477748	517
-0.075418566040116	0.599664233386239	572
-0.075150817760178	0.599509934408343	143
0.017948515857331	0.441276325037825	505
0.048129316552884	0.471060482975925	505
-0.042005881270846	0.630719515069575	172
-0.038464314880281	0.414424326723021	539
0.00281793478088599	0.697808245282518	539
-0.0750695946244711	0.599175566865411	539
0.017807134329266	0.441473163114747	428
0.017885151515488	0.441422043241892	428
-0.074187426761161	0.816606642247111	12
-0.038213600919535	0.414059767247702	12
-0.09751494297264	0.353113627072122	551
-0.042149911388244	0.630754431915372	551
-0.016335915718494	0.662959083307172	34
0.091098694249095	0.622340682489739	34
-0.102393270064865	0.785621271260328	103
-0.102497218741647	0.785707725980518	360
0.018115007276855	0.732427275662804	360
0.0750209619564241	0.545799116154301	360
0.091336274571196	0.621935646428968	360
0.063460135528455	0.507744196866069	360
0.017809065046073	0.732950060175185	318
0.074993754086038	0.545733063723005	130
-0.0754107477259231	0.59972581114889	246
-0.041945482047303	0.630661225316363	246
-0.041945482047303	0.630661225316363	237
0.017978153477464	0.441299012127764	517
0.018041660723745	0.441230120289073	517
0.017963326955765	0.441341043477748	572
0.0177292753209	0.441490978820015	519
-0.074948796019937	0.599181802999873	519
0.096499669214274	0.659905169645271	159
0.063158677768567	0.508319933207446	143
-0.038353018666431	0.414337941238971	505
-0.074059926477549	0.816268729099827	539
0.063199066387906	0.508334523103492	539
-0.09771589802742	0.353095483927744	551
0.00316339246913699	0.697370404864275	789
-0.075224295078979	0.599634201404957	103
-0.00263914845351998	0.939267867914455	360
0.101575660041353	0.696331961700475	360
0.041011352635689	0.801273952586243	318
0.00967637584519498	0.968389805830619	318
0.00324828705636504	0.697087935571018	318
0.048137044135346	0.471051609861451	363
-0.038111377288474	0.414177817025583	246
0.048091133154588	0.471042169258016	246
-0.016359856860222	0.662954716710527	246
0.017948515857331	0.441276325037825	572
0.075338766670477	0.54534540540273	572
-0.051721916884086	0.848043425468633	143
0.075208565707402	0.545622611509452	143
0.00301461825294003	0.697663368297709	143
-0.072690291965183	1.02250046668267	143
-0.118305318612736	0.967465361368617	172
0.075208565707402	0.545622611509452	172
0.018071220485707	0.441051573299806	539
-0.074187426761161	0.816606642247111	12
0.048159832487555	0.470997103993803	12
0.063329730916325	0.508235697146491	551
-0.0980343570804339	0.353432748047731	34
-0.038353018666431	0.414337941238971	34
-0.110082899530317	1.68120635327666	217
-0.016960511410826	0.910003387790672	103
0.084226307409407	0.583973930211519	103
0.04267955447164	1.09327011791067	102
-0.051676052804985	0.847904396814613	360
0.0538309497893	1.15872675962082	115
0.100267019519267	1.15895620160677	115
0.078110839509821	0.960079886209888	115
-0.051742222533774	0.848030929183181	363
0.1151313911778	0.796982333009138	115
-0.03318335436655	0.879582055914319	796
-0.111859504933331	1.32437875649568	115
-0.038473517099805	0.414356124603627	519
0.030187946152239	0.767645000664507	72
0.075107106458745	1.28216195335832	72
0.059587210401438	0.864461764795493	172
-0.051762530696933	0.847948860488304	549
0.091339369202452	0.622085083749103	539
0.111279479956475	0.763962576400208	12
-0.0169323535924441	0.909969798012273	12
-0.0980343570804339	0.353432748047731	551
-0.104845312508241	1.5179496411041	12
0.048198009660274	0.470952990233888	34
-0.093905125943895	0.995407727462529	34
0.12437845564445	0.932487890066838	217
0.108458270321164	1.21841095295139	102
0.017962056258793	0.732767940869475	115
0.106511239233643	0.730937039839339	115
0.036774696483986	1.05868603536359	237
0.118052291472946	0.830504452943259	237
0.101705718608881	0.696026321895317	237
-0.016414454254694	0.663108225094003	237
-0.0750458549234641	0.599435065359958	572
-0.01649467821567	0.663121538181514	572
0.100640890084502	1.15747696827704	72
-0.0419547323838489	0.6302863210645	428
0.048129316552884	0.471060482975925	539
0.111082383871416	0.764172123750004	12
-0.01649467821567	0.663121538181514	34
-0.016949902109372	0.909670984933103	12
0.106495886460707	0.730723846102664	103
0.096463869771731	0.65993529092087	103
-0.075053757516349	0.59945569070679	103
0.066731561842556	0.89614612927632	318
-0.102481291218503	0.785212816194936	318
0.048060623814151	0.471077472243728	826
0.108785199961224	1.21761715819401	115
-0.097103147962868	1.70700864863898	115
0.048129316552884	0.471060482975925	796
0.018074615566919	0.732680480598904	796
-0.0170325384847601	0.910114911383211	237
0.118329539335055	0.830125132981521	237
0.00292846101567901	0.697751766608455	237
0.111214832851478	0.764139415462275	72
-0.054485987553906	1.04892001500168	72
-0.025361070412277	1.10373697196638	72
0.063343219674838	0.508238057982816	172
0.115044891950949	0.797168919655655	72
-0.07503796297973	0.599333001659143	539
-0.098554588996423	0.353709685597233	428
-0.038612577316588	1.07603785305031	12
-0.098352883478491	0.353483822010577	551
-0.103997191527263	1.16164925104674	12
-0.102415268225124	0.785666912193693	34
0.063185607178434	0.508383460359442	34
-0.085573369467059	1.1866287462302	217
-0.057640738217137	1.43619833539572	102
-0.0557445169730531	1.62491439984215	102
-0.072723768400245	1.0225361734268	318
-0.098657871974248	1.86175634717521	115
0.096424692126087	1.12727703585259	115
0.097488351867032	1.38585497837702	115
-0.00266540033895601	0.93930429913238	159
0.122603753966755	0.897947806068335	143
0.00970341925948603	0.968481213220923	143
0.073009517400926	0.927505433719103	72
-0.003953208873544	1.16293828498336	72
0.030216828572321	0.767608928160328	549
0.041060664401423	0.801122703678353	12
0.084245331761483	0.583947621249913	34
-0.00592975858110301	1.742763445163	217
0.10034604110977	1.15880426784916	102
0.030093881665244	0.76763195087876	318
0.036449495015181	1.06009534154101	115
0.05967161610987	0.864263935767638	115
0.028985748381116	1.02848708991304	115
-0.07539514311777	0.599603262801723	66
0.120726857246421	0.863837448394153	72
0.08938274671017	1.06145411945063	72
-0.103953138890352	1.16142347433593	549
0.01964938072385	1.25753729175615	284
-0.051457306152191	0.847351373371073	549
0.101474667168572	0.696453090094762	12
0.041155199589583	0.800971332162589	12
0.0841603651283021	0.583864902586556	34
0.096275352586061	1.12783691339603	102
-0.042112702279816	0.630685418300134	355
-0.098554588996423	0.353709685597233	461
-0.051721916884086	0.848043425468633	115
0.081424297750364	1.30767032064675	115
-0.091495203858718	1.54495366069353	115
0.124267474195447	0.932826871403199	115
0.036367829978823	1.06033006883637	159
-0.023117130418425	1.33003155743041	159
-0.119010897173727	1.49029494240698	159
-0.102541166752993	0.785872227558357	143
0.101525163151104	0.696402792335681	143
0.101467024812931	0.696480310691995	143
0.041006082187117	0.801172532030009	143
0.072735665769984	0.928090191114707	72
-0.054326530309547	1.04896475137573	72
0.030216828572321	0.767608928160328	12
-0.013690189598122	1.1325080168389	12
-0.016204515647395	0.66244139146955	34
0.017855298774389	0.732964424136766	34
0.080111093601143	1.92174318700905	769
-0.015054967584571	1.7206505775909	217
0.053915581237088	1.40330467198747	102
-0.038464314880281	0.414424326723021	355
0.063356704764237	0.50818911175335	355
-0.038343745757691	0.414362328106443	461
-0.0329811346407261	0.879109835102303	115
0.048152231285691	0.470882504514928	66
0.118301328154912	0.830014636095026	72
0.0669805431716221	0.895641106547828	549
0.036580412026773	1.0593273996062	284
-0.038678131322783	1.0759756174493	284
-0.042089496111302	0.630754759552082	98
0.0751011590761021	0.545790922920221	98
-0.038222961863263	0.414264406349458	837
-0.0166278501167501	0.663003913653235	34
-0.016334235224492	0.663007552598854	34
0.048121668982423	0.470978781688397	34
-0.0265818561998989	1.52028438378902	102
0.092718333827292	1.09523970817849	102
0.053359232479291	1.40399816532396	102
0.050843842870538	0.833378565150973	102
-0.0690957841737641	1.40714579212686	102
0.091274054880803	0.622191717871612	345
0.030368686139325	0.767280487249456	345
-0.06921242689783	1.21255138011587	115
-0.00794824709870901	1.57293555462115	115
-0.00266540033895601	0.93930429913238	159
-0.016388829064612	0.663040642355053	143
0.048030140972728	0.471086554526434	66
0.075048171822478	0.545806361158126	143
-0.10258218567443	0.785881930049397	143
0.063527708915473	0.507832764068333	299
0.091274054880803	0.622191717871612	549
-0.047074776178393	1.465578412968	102
0.114865300164429	0.797141315412394	102
-0.013735827359316	1.13262700159895	102
0.106606606984653	0.73060171770419	273
0.0178702860833611	0.441387161072424	461
-0.097314325335099	0.352888726716764	461
0.036506531728172	1.05994286054213	115
0.054046773853339	1.15851822628688	159
0.063199066387906	0.508334523103492	143
-0.016440085400675	0.663088444368722	143
0.017992995459897	0.441102845894737	299
-0.00268617026568596	0.939405030659462	284
0.012189338818934	1.22686238941958	168
0.063250955301187	0.508320544769257	98
-0.041908305713741	0.630579329942369	98
-0.10400092675947	1.16151608804641	12
0.048182820052063	0.470741499740947	34
0.020747036316444	1.844855879098	217
0.089377460232643	1.06169333927285	102
-0.038111377288474	0.414177817025583	355
0.0920585193065681	1.3620334165402	115
0.101626157830299	0.696240291814015	345
0.0912947995307271	0.622151746026057	345
0.00281793478088599	0.697808245282518	143
0.017762798160516	0.732857137080317	143
-0.103905317968668	1.16120907918652	143
0.096565767341287	0.65983611689143	143
0.096458929986788	0.660076529122411	143
0.041155199589583	0.800971332162589	143
-0.0162301115167101	0.662706630838277	549
0.018120754932501	0.732594284903955	299
-0.042103503205385	0.630676821498528	98
0.063644479097406	0.507593208935239	98
-0.038464314880281	0.414424326723021	837
0.048236200513971	0.470846950090697	34
-0.098629031528486	1.86192769796813	102
0.091057262873807	0.622376934191527	345
0.096855215302204	0.659332134041213	345
0.0365882105106869	1.05961438901302	115
0.115024354014782	0.797133521578463	115
0.047194148919373	1.3763524713491	159
0.048091133154588	0.471042169258016	66
0.040983370943716	0.80133427153077	143
0.10650096639658	0.73086029040724	143
0.059791075815547	0.863824193156789	72
0.075313030370492	0.545493532457957	299
-0.104319733220885	1.16175928018039	72
0.043161341986197	1.09169869941098	168
-0.118975437341576	1.48996262245738	168
-0.016898939475831	0.909868635809946	12
-0.054329830166962	1.04906238465438	50
0.050820550375013	0.833419791904555	273
0.09657069967864	0.659939226936215	273
-0.038353018666431	0.414337941238971	461
-0.09751494297264	0.353113627072122	461
-0.037990233828196	0.414043933099704	461
-0.00252432104007905	0.938727350182839	345
-0.025371732688995	1.10395252695408	115
0.020375416736246	0.997280925151946	115
-0.046884577155157	1.46491835639211	115
0.108852666838011	1.21752537070305	231
0.04854662881858	1.12602044200944	159
-0.093666477681398	0.995034922172961	143
0.030195104134857	0.767583202203683	143
0.030216828572321	0.767608928160328	143
-0.033255464639919	0.879557123819165	143
0.118206685409734	0.830370518533364	168
-0.038111377288474	0.414177817025583	837
0.009592789153958	0.968594540372231	12
-0.075061670752121	0.599394220982401	34
-0.096832564776043	1.70677824129167	217
0.089108964481089	1.06233130257168	102
0.120738206555671	0.863574214702149	102
0.096545392504077	0.659943711696897	273
0.048137044135346	0.471051609861451	461
-0.051808408102043	0.848128932209231	345
0.123894874998335	0.933024571386067	115
0.040944737369518	0.801367041113006	115
-0.085258409483066	1.18655417477991	115
0.089183599665323	1.06223378768913	159
-0.004327019427667	1.16357443073497	159
0.048228532197089	0.470856745105674	66
-0.075232150203982	0.599654790054676	66
-0.038111377288474	0.414177817025583	66
-0.041717902408649	0.630081234371633	143
-0.033262890990625	0.879669854109761	143
-0.074035939998639	0.816375692949902	98
0.030187946152239	0.767645000664507	98
-0.051721916884086	0.848043425468633	12
0.063120194180064	0.508370712672486	34
0.048582252881177	1.12597074134068	102
-0.051828709496709	0.848046842153762	345
-0.102519190369605	0.785826602283405	345
0.041006082187117	0.801172532030009	345
-0.10258218567443	0.785881930049397	345
0.104482133181143	1.18893075074114	115
-0.054346915549636	1.04881487571837	115
-0.104221206186145	1.1619396888872	115
0.122694369809007	0.897765309492088	115
0.028985748381116	1.02848708991304	159
0.0810607163477119	1.30944364742674	159
0.048106601170115	0.471060653765222	66
-0.075224295078979	0.599634201404957	66
0.030166210951231	0.767669262259195	143
0.048060623814151	0.471077472243728	143
0.00301461825294003	0.697663368297709	549
0.00294908055527099	0.697737592033022	98
0.075367459696125	0.545363877292345	98
0.048022434192649	0.470939585084635	50
-0.049455407375063	1.80013657642985	102
-0.016283009867109	0.662848621894492	355
0.0177292753209	0.441490978820015	461
0.11840674818044	0.829895501589517	115
0.020072777136518	0.997638020969038	115
-0.103953138890352	1.16142347433593	143
-0.074122030630818	0.81651335162147	66
0.00444271640465299	1.19476448637473	143
-0.013981132370361	1.13299968686101	143
0.120733169931882	0.863674315507273	143
0.11502085193993	0.797247926350976	72
0.028788991251034	1.02879133284251	72
-0.016960511410826	0.910003387790672	72
0.106511239233643	0.730937039839339	549
0.106506084011186	0.730929768371253	72
-0.051767812830155	0.84809156874333	549
0.118224131462999	0.830226791130346	284
0.059583475006097	0.864512426311869	98
0.091274054880803	0.622191717871612	50
-0.085812013810761	1.88229940485501	102
-0.073956048271928	1.90338951536557	102
0.025043640786553	1.6691286749284	102
0.018026903922419	0.441132034202971	461
0.030216828572321	0.767608928160328	115
-0.026497592351822	1.51984423672072	115
0.048742894964231	1.12555350918029	115
0.085967178736175	1.02754417738164	159
0.012134115492261	1.22696685245993	159
0.111229059498352	0.763790909039153	143
0.0912947995307271	0.622151746026057	143
0.041155199589583	0.800971332162589	143
-0.004376165519696	1.16364162080059	72
0.020157720298968	0.998122387966076	72
-0.098756633713589	0.353692019334519	408
0.122571452073395	0.898130580605687	284
0.091336274571196	0.621935646428968	98
-0.041778278670169	0.63023596164161	50
-0.102667159015211	0.785951560164861	34
0.07550310138156	1.28163740453726	102
0.059526910698866	0.863980702188296	345
0.053674856542531	1.403299082915	159
-0.104044992532314	1.1617419044023	143
0.0752328629001901	0.545597783452129	143
-0.033002722042267	0.879174038283977	72
-0.069078754760871	1.21207645895731	549
0.017809065046073	0.732950060175185	98
-0.041922270637053	0.630589539613816	98
0.01763654577387	0.441536831391427	98
0.063421972840391	0.508127690026033	98
0.091122632222559	0.622335582429877	98
0.0963724628860611	0.66014633040848	50
0.114004816263147	2.30932595955611	769
0.117212891543723	1.27323431348349	217
-0.013858485576047	1.13288977056248	273
0.048106601170115	0.471060653765222	461
0.072781304825547	0.928045203088818	115
0.106366987138921	0.731086016567874	115
-0.00390398724844898	1.16276452261319	115
-0.069394988061666	1.21260311717448	115
0.067018462077209	0.89547910161418	231
0.042902311058964	1.09278980802133	159
0.050820550375013	0.833419791904555	143
0.063093297955259	0.508417242046547	66
-0.074211481181239	0.816576302309726	143
0.115075939375825	0.796909177745405	143
0.111245190379223	0.763631955522504	72
0.051091165105661	0.832321659101349	72
0.096550311400883	0.659917332501928	549
-0.0938684475518869	0.995601191813395	549
0.040988741716828	0.801264572434265	284
0.050820550375013	0.833419791904555	98
-0.118061626719501	0.96713148078061	98
0.01789565330357	0.732822966651815	98
0.030426436793633	0.767056386465778	12
0.048167513635818	0.471016343360915	50
0.091098694249095	0.622340682489739	50
0.0510793905472931	2.29011616904825	217
-0.055420774774768	1.23962225401379	102
0.042821080527548	1.09298243754648	115
-0.013892814921552	1.13254322033828	115
0.089247564489243	1.06175053691881	231
-0.032399289817173	1.29789210743273	159
-0.032600892643303	1.29915370337055	159
0.050752897695814	0.833511681599796	143
-0.069322253699696	1.40753277971396	72
0.050916141394487	0.832880887646557	549
-0.054485987553906	1.04892001500168	284
0.123995339070391	0.933361631465508	168
0.10650096639658	0.73086029040724	98
0.048183116294703	0.470731915364278	98
-0.075329265417905	0.599645011435276	98
0.0912947995307271	0.622151746026057	50
-0.042052298639449	0.630656110813843	34
0.040312239885015	1.34847179794825	102
-0.0163615331599321	0.663054207629342	355
0.122718930141738	0.897576297241317	115
-0.025340181590252	1.10382873572307	345
-0.085368888875214	1.18654642894976	115
-0.014024217225507	1.3602325499844	115
0.124056042166165	0.933095836287094	159
0.02662012056213	1.2889336589384	401
0.0667628901371991	0.896111895900211	143
0.017822069649896	0.441368127807516	66
0.017927465546806	0.732609980071866	66
0.017809065046073	0.732950060175185	143
0.0909711593715859	0.6223438187808	143
0.018014007904996	0.732649433554209	143
0.00311921498448697	0.697457472057385	143
0.018293823466997	0.732107972025925	549
0.115124403348209	0.797154342776926	549
0.01814960398396	0.440970472276922	408
0.075208565707402	0.545622611509452	408
0.10640046829823	0.731059995223998	284
-0.0554947384478151	1.24026634515606	284
-0.01367305489065	1.13226304268245	168
0.00311921498448697	0.697457472057385	98
0.048159832487555	0.470997103993803	98
-0.042126707406141	0.630748496181635	98
0.063394965740158	0.508064277585327	98
0.084182350474447	0.583957697516659	50
0.030224002920884	0.767444953286425	50
0.0751526903693121	0.545617365600518	34
-0.036410032633592	1.49230611414095	273
0.118224131462999	0.830226791130346	273
0.0480761847510181	0.471043419126657	355
0.017807134329266	0.441473163114747	461
0.0594035085335301	0.864549306339315	345
0.0782328333129581	0.959547358270032	115
-0.0969116280805889	1.70715729115577	231
0.091187979765687	0.622272623786636	143
-0.033024292766798	0.879147658074911	143
-0.042029090058758	0.630725452876737	143
0.091187979765687	0.622272623786636	143
-0.073991306393046	0.816234952867646	143
0.036162902156077	1.05996776896887	72
0.030318066175677	0.76741538842748	549
-0.054397690640078	1.04909955236046	549
0.084607151469186	0.583359862473295	408
0.101517531985938	0.696409457912416	549
0.072978003895333	0.927503441686384	284
0.017901499241205	0.732901068709391	284
0.075235782273917	0.545474998373273	98
-0.033002722042267	0.879174038283977	12
-0.075127181183508	0.599448766878507	50
0.122482210529496	0.898357063817774	273
-0.104734895983289	1.51784649888022	273
0.063277903257855	0.508273973989328	461
-0.097314325335099	0.352888726716764	461
-0.078962119253945	1.57162963162049	115
0.030346943864401	0.767329384359328	345
0.042921748261487	1.09254644583778	115
0.120772496556823	0.863761313473001	159
-0.032767074465792	1.29965492908721	159
-0.026914306680351	1.52133999049965	401
-0.124181395873013	1.65573951711646	159
-0.075224295078979	0.599634201404957	66
0.075075383686997	0.545765523362656	66
0.106449538519196	0.730915650386072	143
-0.0161226246794109	0.662495372105202	143
-0.093817956399095	0.995506580891877	143
0.050911498443585	0.833194473963572	72
0.066804106114161	0.896053118107321	72
0.063079844351383	0.508356092101914	599
0.030028932642383	0.767650080496136	599
-0.033255464639919	0.879557123819165	549
0.017699342444723	0.441384704650949	104
0.063250955301187	0.508320544769257	50
0.075340244041036	0.545452715371539	50
0.048137044135346	0.471051609861451	34
0.017885151515488	0.441422043241892	34
0.063644479097406	0.507593208935239	34
0.0867559333811721	1.33511146555097	102
-0.075150817760178	0.599509934408343	461
-0.02500655926871	1.10310795203468	159
0.07541984978312	1.28188164379434	159
-0.075224295078979	0.599634201404957	66
0.017941873253126	0.73286505952673	143
-0.111876785430642	1.32432879496584	72
0.072826945029969	0.92797949832754	62
-0.033284459182909	0.879654013737668	549
0.017963326955765	0.441341043477748	431
-0.025234801718878	1.10382934732178	168
0.075126927980529	0.545745098121915	50
0.027497641259424	1.4984373205428	102
0.053690802707164	1.4039139345168	102
-0.01630861954926	0.662972643880192	355
0.04800751798394	0.471042122206643	461
0.082009662831658	0.99427443025629	115
0.082415117169116	0.993196186396059	115
-0.013814543704821	1.1324821179885	115
-0.043581732632745	1.26969033743002	115
0.041149931768679	0.800920068322419	159
-0.00797797194966299	1.57328847649608	159
0.084474992835432	0.58358875340051	143
0.017807134329266	0.441473163114747	66
-0.05425866393656	1.04884416750637	72
-0.104129319640827	1.16190766513316	72
-0.025357647244177	1.10400445789848	62
0.072812801965395	0.928002293928782	168
-0.033060654015574	0.879309192246952	98
-0.074187426761161	0.816606642247111	50
-0.016148215318881	0.662566783718043	50
-0.119121831749253	1.49050521830643	273
0.0506874788731581	0.833490602242361	273
-0.038575520499092	0.414353051058273	461
-0.099800653817146	0.35408418104254	461
-0.055355801480366	1.23997126769282	345
0.0302603275330811	0.767435441902361	345
0.069986172106877	1.25257846478114	115
-0.0786639809111041	1.57038966273918	115
0.017967864460789	0.732821298651971	72
0.063093297955259	0.508417242046547	599
0.00461968864659401	1.19461067115183	168
0.00311921498448697	0.697457472057385	12
0.089347925804716	1.58958687650808	217
0.121137648948794	0.862433777876707	273
-0.11204513396439	1.32455458960622	345
0.050773995500973	0.833434727162141	345
0.120387429133377	0.863870084604003	115
-0.11023947176392	1.68225150221905	115
0.124045519738273	0.933281205527403	115
-0.016335915718494	0.662959083307172	66
0.120755362689707	0.863758001106822	143
-0.033103821624906	0.879408976519987	143
-0.073994520466937	0.816145306359558	72
-0.069401487824394	1.21233490696099	72
0.12078675141296	0.863731278218524	549
0.11837519267769	0.830013639264031	549
-0.025294536490298	1.10381298697763	168
-0.102711082516985	0.785806559178677	98
0.075022388324281	0.545756932496765	98
-0.016310304284051	0.662761454214825	50
0.092723176857994	1.0952391384263	273
-0.098235856286303	0.353414829103439	461
-0.0688798125633841	1.40635533096761	345
0.020261929175948	0.997818496513494	345
0.085815551581737	1.02814148624977	159
-0.00577230436070997	1.74182808796796	401
0.054156809808582	1.15810952268836	159
-0.025266364005302	1.10389702955598	159
0.117887180784536	0.830343855590098	143
0.0754204088045291	0.545223020806348	66
0.03630299790266	1.06026546209572	72
0.050867145477455	0.833314384010154	549
-0.051808408102043	0.848128932209231	599
0.081936068815084	0.994382345681432	549
0.0750209619564241	0.545799116154301	98
0.048030140972728	0.471086554526434	104
0.048068364212171	0.4711048335323	104
-0.075053757516349	0.59945569070679	98
-0.041931519146898	0.630510016423755	98
0.0751526903693121	0.545617365600518	98
0.0968756246910361	0.659268401068894	12
-0.079098857906275	1.57299340689983	273
-0.037990233828196	0.414043933099704	461
-0.038101962939554	0.414130609919789	461
-0.110283284484832	1.6824293015403	115
0.033437781638903	1.31900770439498	159
0.036008861510388	1.06067104052929	159
0.00952395346007295	0.968674615854253	143
-0.042126707406141	0.630748496181635	66
-0.0749646380190711	0.599304485288219	66
0.106544718597846	0.730870685159062	143
0.030216828572321	0.767608928160328	143
-0.075313591982397	0.599686009158765	599
0.112901450841078	1.24613510758963	168
0.004695084570561	1.19433750379327	102
-0.098554588996423	0.353709685597233	461
0.020221808937964	0.997841167125324	345
-0.072767564411144	1.02262963143096	345
-0.0000763528395469892	1.94193211317688	231
-0.11810721252512	0.96710687058265	143
0.048068364212171	0.4711048335323	599
0.036172130201798	1.06064388169754	62
-0.02317192462766	1.33007910772345	168
-0.013767218432536	1.13272614314929	168
-0.042066289731086	0.630748823283636	34
-0.00533582201593896	1.38966991009056	102
-0.038353018666431	0.414337941238971	461
0.030187946152239	0.767645000664507	115
-0.00790917585993001	1.57313005147909	115
0.075126927980529	0.545745098121915	345
0.096352396025853	0.66007976754343	345
0.078044401002927	0.95971264144076	115
0.091143360720645	0.622339256267809	143
0.063487175909114	0.507986633485621	143
-0.097833196182046	0.353207340512575	66
0.075126927980529	0.545745098121915	66
0.017875477368701	0.732920077295328	143
0.084522203630556	0.583629406919959	599
0.120866625831263	0.863338516984145	284
0.074940759779981	0.545724491019423	104
0.075260074216374	0.545605022666558	104
0.063343219674838	0.508238057982816	104
-0.097833196182046	0.353207340512575	104
-0.037990233828196	0.414043933099704	104
0.041738495091644	1.54927859569032	102
0.0177292753209	0.441490978820015	461
-0.02500655926871	1.10310795203468	115
0.042266594545896	1.54816374575912	236
0.054079903846479	1.15835057246128	115
0.122489937578083	0.898208945387929	159
0.0177143011176401	0.441519104636812	66
-0.054441841661519	1.04905064299078	143
-0.00282168608484501	0.939541816501361	549
-0.124746454178457	1.97085873084861	168
-0.033031690810956	0.879270841423898	168
-0.051966504581451	0.848216899238901	98
-0.016414454254694	0.663108225094003	98
0.048167513635818	0.471016343360915	98
0.00442815619846704	1.19504118766059	12
0.075234323214785	0.545649823465162	34
0.048205724416729	0.470910260347338	461
-0.038464314880281	0.414424326723021	461
0.100467627519648	1.15839395656865	115
0.059339900234837	1.19077684577859	236
0.029048642171601	1.028253159638	115
0.048159832487555	0.470997103993803	599
-0.081416626133219	1.37700304232785	168
0.096611469191095	0.659853640291209	50
0.063448965253187	0.507971440785624	34
0.017807134329266	0.441473163114747	34
-0.016281321352695	0.662925995029655	345
-0.102393270064865	0.785621271260328	345
0.124383665336218	0.932369646978165	159
0.041044675333898	0.801191981888201	143
-0.042005881270846	0.630719515069575	599
-0.095711181097985	1.35021163003922	549
0.084478180970231	0.583797970147497	98
-0.069256421823689	1.40732350133343	12
-0.102626121428237	0.785899865880792	50
0.0965095277865941	0.659705982328076	50
-0.099597513992659	0.354101235493265	461
0.122442046673355	0.898288866301486	115
-0.0725795200824581	1.0220444201303	345
0.106433958541662	0.731013916701746	345
0.093090811754519	1.09423074326722	115
-0.111890959566259	1.32445337085861	115
0.059267388295134	1.19101439314747	115
-0.111799689230496	1.32416587073105	159
0.085568937566181	1.02843946936719	401
0.118434938964708	0.829810525026358	159
-0.07503796297973	0.599333001659143	66
0.048091133154588	0.471042169258016	66
0.091469932201992	0.621800727696444	143
-0.00279818433735701	0.939535965995986	143
-0.085431577439116	1.18682956368873	72
0.084522203630556	0.583629406919959	599
0.040955480090218	0.801253007009373	549
0.04814485185986	0.4709545254248	104
-0.038232305482405	0.414275835906919	104
0.084748367134464	0.583002996926212	34
-0.057574465639717	1.4356111000261	102
-0.102604151174065	0.785927542903538	355
0.020047326620403	0.998279027251714	115
-0.095849867244281	1.35060532139545	115
0.011119034478952	1.44736590167952	236
-0.0695807302323011	1.21267158834708	159
-0.013704439511119	1.13247332015942	159
-0.033031690810956	0.879270841423898	143
0.084478180970231	0.583797970147497	66
0.0200442273322869	0.998196617850696	143
0.041160507428347	0.800947850610149	72
-0.016148215318881	0.662566783718043	104
0.018008252664161	0.732785272210026	104
0.00303432589534103	0.697538837656829	12
-0.016520318870356	0.663134379752832	50
0.00299358534899896	0.697678094612967	50
-0.038343745757691	0.414362328106443	34
0.084581942720471	0.583588716949427	34
0.00277673550704405	0.697777894903242	34
-0.04181077684651	0.63023594176319	34
0.047137032947544	1.37658931725965	102
0.063356704764237	0.50818911175335	461
0.081937144444534	0.993635886407121	115
0.0779394155626471	0.960483862677428	115
0.08569032127306	1.0282356558891	115
0.064490640600209	1.22243403447138	115
-0.043468115477689	1.2695358513658	115
-0.095532420248001	1.34965853221718	115
-0.02515759399367	1.10361380639981	401
0.0177292753209	0.441490978820015	66
-0.01630861954926	0.662972643880192	66
-0.094048998259988	0.995747228720074	143
-0.093854618549572	0.995282653686025	143
-0.075321423367854	0.599706575982585	599
0.101419309094661	0.696365552867998	599
0.019611947668921	1.25771496999413	284
-0.04361401191595	1.26960741158832	168
0.075340244041036	0.545452715371539	98
0.118329539335055	0.830125132981521	12
-0.111861664295819	1.8394029430323	608
0.01763654577387	0.441536831391427	461
0.075260074216374	0.545605022666558	461
0.053770516754733	1.40365470401965	115
0.118280506613031	0.830137717457295	115
0.026190637980019	1.28960249628957	159
0.059232419242514	1.19111316006315	401
0.009668997909826	0.968557449629606	159
0.050886024863598	0.833150402131769	143
0.084078279932287	0.583934285373817	143
0.106732790186799	0.730117395889237	62
-0.09751494297264	0.353113627072122	431
0.030028932642383	0.767650080496136	284
0.02886606496819	1.02861603897024	284
0.120632706756425	0.86391565056007	168
-0.102519190369605	0.785826602283405	98
-0.074187426761161	0.816606642247111	104
0.041049965119011	0.801241220018575	12
-0.073949855274927	0.816140733367379	50
0.091360124316574	0.622045105168558	50
0.084371226517559	0.583859348821932	34
0.048137044135346	0.471051609861451	461
0.048068364212171	0.4711048335323	461
-0.072772672389453	1.02252865191709	345
-0.068980029924911	1.40638408570664	236
0.101680146307319	1.4133676533256	236
0.019867258092249	1.25663082369318	115
-0.03291359057362	1.2993281222823	401
-0.075053757516349	0.59945569070679	66
0.041049965119011	0.801241220018575	143
-0.00271235126202196	0.939291115080948	72
-0.00427010447970599	1.1635472040603	62
0.12092367095708	0.863331309366866	168
0.075287287517624	0.545564195725926	98
0.017900032419528	0.441350213980641	50
0.084456162756553	0.583813760351764	34
0.085740438820106	1.02832727936666	273
0.075128371293633	0.5457500837636	461
-0.032847521218846	1.29986785378535	115
0.066766185126239	0.896125818164472	115
0.112845252286203	1.24589718623892	236
0.12418158743058	0.93299502262236	401
0.019492850285714	1.2580692765787	159
0.00279733770240898	0.697822392172466	66
0.018056432898871	0.441217944876616	66
0.101525163151104	0.696402792335681	143
0.0966775307892	0.659742172425277	143
-0.117970546668315	0.966834586262337	72
-0.01649467821567	0.663121538181514	549
-0.00416404743598497	1.16321580789807	168
-0.098235856286303	0.353414829103439	104
0.101690534223917	0.695882647989737	98
0.075129813422717	0.545529022056414	12
-0.0754107477259231	0.59972581114889	50
-0.119071614265974	1.49015193773357	273
-0.00275392830912502	0.939513411706335	355
-0.046567135949801	1.46336998181687	236
-0.111816987005703	1.32390897700294	159
0.063120194180064	0.508370712672486	66
-0.075337118126494	0.599426192311837	66
-0.093753601208443	0.994936110866735	143
-0.051828709496709	0.848046842153762	143
-0.0518949041164331	0.848116806170659	72
0.059611122122143	0.864374641713518	72
0.040955480090218	0.801253007009373	599
-0.06921242689783	1.21255138011587	62
0.0727954420109031	0.927977443523826	284
0.120512031065115	0.864020989946129	284
-0.102604151174065	0.785927542903538	98
-0.075589549961506	0.599650009939612	104
0.075179899331267	0.545683412508346	50
0.0631067478976231	0.508419637507065	34
-0.108582821900672	2.28233925736247	608
0.00183176695458198	1.76663712249452	608
0.117135025078423	1.27341164486553	608
-0.085365605230031	1.18672827420513	115
0.111146979469236	0.764243572648069	345
0.063277903257855	0.508273973989328	345
-0.104112948109029	1.16189911290059	345
0.082703412602255	1.53072292028327	401
-0.015431890393484	2.07248868955635	401
-0.041847927464025	0.630459992763821	66
-0.033219704423789	0.8794291957937	143
0.084478180970231	0.583797970147497	72
-0.102667159015211	0.785951560164861	599
-0.069243928934838	1.21268516462975	62
0.0267247391457049	1.28801600561787	168
-0.013752980187521	1.13265178799612	12
-0.075053757516349	0.59945569070679	34
-0.038232305482405	0.414275835906919	461
0.101734786271922	0.695881018030326	115
-0.119902433243011	2.26333180406594	236
0.030007187842875	0.767738167991569	345
-0.0264460910372309	1.51941066172537	236
0.124131395028744	0.933149436287989	115
-0.085434870499159	1.1868096206394	115
0.029048642171601	1.028253159638	115
-0.038581528592141	1.07592431315603	159
0.096529920771235	0.659845262382997	143
0.0412324261850821	0.800658993483522	143
0.115162414940706	0.797047284300199	72
0.122360567048558	0.898446849520651	168
0.084478180970231	0.583797970147497	104
0.091315539427417	0.622068107957982	98
0.041099324287684	0.800940227689054	50
-0.102689118389286	0.785923872930611	50
0.084267323025439	0.583979591146226	50
0.072644391092379	0.928117518837209	115
0.073255146633796	0.926529672828405	345
0.106338727939594	0.731059768802662	345
-0.014106461670908	1.36021479916207	115
0.089216976913623	1.06211101592047	159
0.00450351263636695	1.19492457654596	401
0.0175438809371939	0.441453292209616	66
-0.054509703753986	1.04891041336246	143
0.050953671332866	0.832910836902315	72
-0.094076577504426	0.995488882532676	98
0.0480761847510181	0.471043419126657	104
0.0507784561049071	0.833412662069903	12
-0.102500197789548	0.785757997478442	34
0.06456852115564	1.22223770800787	608
0.084327188189569	0.58353933427285	345
0.00311921498448697	0.697457472057385	345
-0.118214047976158	0.96759620565671	115
0.108812740381307	1.21750852087531	401
0.100440271683976	1.15859465327038	401
-0.102500197789548	0.785757997478442	143
0.124297842380172	0.932725895220056	72
0.111330100257992	0.763770857607715	62
0.069761438031877	1.25290842745248	168
-0.0980343570804339	0.353432748047731	104
0.115290110874545	0.79631781621454	47
0.110963909889554	0.764225710962132	12
-0.0332702735377191	0.879505439851604	50
-0.102541166752993	0.785872227558357	355
-0.075492339365296	0.599688769725692	355
0.020151529933808	0.998046884448874	115
0.089256276549895	1.06208535384605	115
0.08578516052846	1.02807537881544	115
0.124242359240785	0.932885751847047	115
-0.00615463825268803	1.91491587435276	401
0.075128371293633	0.5457500837636	143
0.091274054880803	0.622191717871612	143
-0.102393270064865	0.785621271260328	143
-0.025080383050471	1.10331527786405	62
0.117316414587293	1.27312630951651	168
0.092111585509145	1.36149772108999	168
0.0972025380516019	1.38721235448162	168
-0.102415268225124	0.785666912193693	104
0.066662322979702	0.896122574856881	50
0.116674868558776	1.95352579188654	200
0.092431258160705	1.6185596653336	608
-0.016124337343184	0.662305499122775	273
0.101380636101299	0.696481099561776	345
0.028663230211191	1.02885903022578	115
-0.095678806661281	1.35021566753029	115
0.040026751605134	1.34936712925792	401
-0.038584669491101	0.414442391647873	66
0.00307849189864695	0.697565218519348	143
0.066724968997399	0.89609134510041	284
-0.098352883478491	0.353483822010577	104
-0.096796269002475	0.352488687791578	104
-0.038353018666431	0.414337941238971	34
-0.051742222533774	0.848030929183181	345
0.096555055186716	1.12719850654615	115
0.017901499241205	0.732901068709391	143
0.018054415695141	0.732724845641667	599
0.08204195546011	0.994275052860852	62
-0.085368888875214	1.18654642894976	62
-0.016283009867109	0.662848621894492	47
0.084333269293257	0.583795320835331	50
-0.075135049387965	0.599550836734038	49
-0.085293048458531	1.18666662789196	345
0.00962721189639404	0.968518311400869	345
0.110896060644262	0.764087227749771	345
-0.062838762711836	1.92425278060327	236
-0.071953045343265	1.75477545005805	401
-0.075135049387965	0.599550836734038	66
-0.074276944220782	0.816610642593843	143
0.07288672063133	0.927783439690302	62
-0.041908305713741	0.630579329942369	431
-0.022991210526089	1.32885994391966	284
-0.102519190369605	0.785826602283405	50
-0.041945482047303	0.630661225316363	50
0.096415195024385	1.12773873066879	688
0.120986454397159	0.86316433386495	688
-0.025066292966231	1.10335293561354	119
0.091208718711636	0.622276283523047	143
0.026432105636103	1.28948083004415	13
0.0255442913459339	1.66671192206514	13
0.122531359369982	0.898248183058284	62
-0.054326530309547	1.04896475137573	168
0.048060623814151	0.471077472243728	47
0.050909292193253	0.833131747249764	50
0.084519064067727	0.583713359197363	50
-0.054400916845987	1.04903325736646	49
-0.102456218495276	0.785740006128746	49
0.091164084470982	0.622299304766125	49
-0.04961112928096	1.80055403444774	236
-0.085289764446022	1.18670287186486	688
-0.013644550782986	1.13236373722333	119
-0.118412160857184	0.967860115493285	143
0.101806708346061	0.695730821907008	143
0.096504635821028	0.660029290410333	143
-0.093738401867364	0.995273293191953	143
-0.118341291598363	0.967656052372211	72
0.00445847344556904	1.19484685976569	62
0.075208565707402	0.545622611509452	284
0.12080099887297	0.863644263616836	284
-0.025266364005302	1.10389702955598	12
0.10650096639658	0.73086029040724	50
-0.118214047976158	0.96759620565671	49
-0.075135049387965	0.599550836734038	49
-0.023302116395159	1.33056014369576	236
0.100057336272045	1.15854521160258	119
0.122489937578083	0.898208945387929	688
0.064334580279024	1.2223960053312	688
0.019638805217953	1.47271381623257	62
0.078021228179319	0.960273276878399	284
0.063329730916325	0.508235697146491	284
0.066863502597586	0.895708532547248	50
-0.075127181183508	0.599448766878507	50
-0.102519190369605	0.785826602283405	50
-0.012639030979075	1.88811403398309	236
0.070065761259653	1.25226246206973	236
0.0667293173996329	1.45482218132483	115
0.0669805431716221	0.895641106547828	688
-0.0385365544145641	1.07576869876349	72
0.059475208737528	0.864488418527876	62
-0.023423353476818	1.3306944835772	62
-0.013896492372418	1.13272403078145	62
0.019715199013808	1.25747284964294	62
0.00948954044974204	0.968678686002583	12
-0.071962261432893	1.75487323122981	236
-0.091380687084933	1.54479194889323	115
0.048129316552884	0.471060482975925	109
-0.042019876326016	0.630530640063288	143
0.0964842539687501	0.660007382276669	62
0.050843842870538	0.833378565150973	62
-0.102626121428237	0.785899865880792	47
0.0842702459960501	0.583805458488581	50
-0.051701613745023	0.847993548421683	50
0.015561815508269	1.81607652430523	200
-0.0690439872941711	1.2120264755551	236
0.108714544030242	1.21798647934187	401
0.012274831232206	1.22665274169391	401
0.120721028223252	0.863165396946543	119
0.066936061833785	0.895575987023821	688
-0.111999506797401	1.32448507432865	688
0.120723970745765	0.863744766352967	119
-0.10235235414452	0.785514109137052	109
-0.0386505890528091	1.07608440185804	72
0.124156495514505	0.933090590074214	62
0.026547636949134	1.28928934864213	62
0.017963326955765	0.441341043477748	568
-0.095655943630819	1.34903023903235	284
-0.102330345091486	0.785468465244391	47
0.075260074216374	0.545605022666558	47
-0.01646904351221	0.663007436278576	50
0.00296969497419597	0.697668597176143	239
0.017900032419528	0.441350213980641	239
0.063408471126852	0.508125343240681	239
0.100379482365894	1.15877083338888	236
0.104804085833545	1.18728695309183	236
0.089372114696901	1.06174446834677	236
-0.044780143502854	1.64954766805542	115
0.108794387258493	1.21778924816741	119
-0.044837280534531	1.65024951145704	401
0.118318746613447	0.829619038088677	72
0.081943758919499	0.994150286828884	72
0.00475578371979901	1.19415309240807	72
-0.013914156574251	1.35983365357049	72
-0.032711681296535	1.2995135433954	13
-0.074867619725942	0.599090428767936	47
0.017963326955765	0.441341043477748	47
0.075126927980529	0.545745098121915	50
0.082293787167143	0.99368540822557	50
0.0181409619267811	0.73254991886232	50
0.002907836355861	0.69770729158356	239
0.053752013355894	1.15897578224056	244
-0.024897760757521	1.10257545334267	236
0.048576957793788	1.12601948061307	401
0.120926544868014	0.863310261566928	72
0.122449863498626	0.898405772387523	72
-0.00409164573957599	1.16326494014073	62
0.101626157830299	0.696240291814015	256
-0.074122030630818	0.81651335162147	256
-0.09368791408267	0.995116678033945	284
0.07276716027729	0.928047290976061	284
-0.016970966090645	0.910002448809907	284
-0.052119306982737	0.848202576256546	47
0.040894458196407	0.800941408075033	12
0.122546845316987	0.898087706694959	50
-0.054377230036627	1.04907021249477	50
0.0479996846415251	0.471069360153076	239
-0.07300184930048	1.02226594888538	244
0.011355934158276	1.44662999941884	119
0.019578999605642	1.25742229602182	688
-0.068984199560109	1.21186388808817	119
0.096723180808149	0.65967225997152	143
0.017792214528392	0.441468073086455	109
0.018134870756271	0.441106968732687	109
0.114841296389306	0.797263369834564	72
0.018146641231236	0.732361241596209	143
-0.017004380888106	0.910076836441404	143
-0.06917610622888	1.40728223849305	72
-0.025266364005302	1.10389702955598	62
-0.024897760757521	1.10257545334267	62
0.043040269963739	1.09232707651574	284
0.123909475349228	0.933457866348688	12
0.075338766670477	0.54534540540273	50
0.00314130593738404	0.697441333128085	50
0.040171158242581	1.34901275857853	71
0.112957638042028	1.24618905821898	115
0.012335303958794	1.22626285856611	115
0.081198328394704	1.30887800037995	401
-0.051721916884086	0.848043425468633	143
-0.102689118389286	0.785923872930611	143
0.00294908055527099	0.697737592033022	256
0.018134870756271	0.441106968732687	256
0.077947188419055	0.9604355777347	62
-0.09751494297264	0.353113627072122	754
0.050846118450759	0.833299690855803	12
0.018008252664161	0.732785272210026	50
0.063172144305836	0.508381075212563	50
-0.016441749899156	0.663094658546721	239
0.048159832487555	0.470997103993803	239
0.048060623814151	0.471077472243728	239
-0.081490411135732	1.37630196312878	401
0.112976364148336	1.24616824980514	401
0.091253305477373	0.622188073930247	143
-0.017037786107609	0.91012511760372	143
-0.033262890990625	0.879669854109761	256
-0.072795896182648	1.02264040176664	62
-0.054194108745097	1.04871968629698	284
0.00318199696521804	0.697304602378743	50
-0.075127181183508	0.599448766878507	308
0.017963326955765	0.441341043477748	239
0.041165855218576	0.800847319206095	236
-0.069272216254451	1.21243474475569	244
0.02705412397926	1.4997978203852	236
0.042704707093424	1.09318481066926	115
-0.017001410703299	1.54724465338798	401
0.048129316552884	0.471060482975925	109
-0.08175676216144	1.3784066802243	62
-0.0574538239060099	1.4352231241301	62
-0.041885092082105	0.630573386077958	47
-0.0550129615594051	1.23888947458138	12
-0.0383344554852471	0.414193392330842	50
-0.00271235126202196	0.939291115080948	236
0.117267745239317	1.70070062246532	236
0.1125665584255	1.24674015144933	115
0.046981635089042	1.7752561405481	401
-0.029540895057756	1.84352097304651	401
0.075363935002157	1.28198044850718	72
-0.00252432104007905	0.938727350182839	62
-0.0518340276884049	0.848161563336183	62
0.030238569722612	0.767560566360836	47
0.048129316552884	0.471060482975925	47
0.048175274861663	0.470945497752617	754
0.075128371293633	0.5457500837636	47
0.072858444800004	0.927936580621221	12
-0.00438393333870502	1.16357704543696	12
-0.0980343570804339	0.353432748047731	239
-0.042005881270846	0.630719515069575	239
0.048121668982423	0.470978781688397	239
0.01814960398396	0.440970472276922	239
0.04809882712395	0.471095771394012	244
0.106578207080757	0.730783485480508	115
0.080619438901424	1.91919558280659	401
0.101424176184273	1.41440609542669	401
0.017885151515488	0.441422043241892	109
-0.016334235224492	0.663007552598854	109
0.124247572249965	0.932730759438112	739
-0.00407476623662295	1.16320769388809	284
0.0177292753209	0.441490978820015	754
-0.0980343570804339	0.353432748047731	754
-0.0980343570804339	0.353432748047731	754
0.017807134329266	0.441473163114747	47
-0.038213600919535	0.414059767247702	308
0.068064431380386	1.68101089200351	200
-0.079098857906275	1.57299340689983	236
-0.00409935362358504	1.16332090464238	401
0.10549211551987	1.44081546354893	401
-0.09771589802742	0.353095483927744	109
0.08466349758448	0.583130966181742	143
0.089075567842766	1.06230604270091	72
0.106433958541662	0.731013916701746	72
0.028877206187111	1.02864909465794	62
0.050846118450759	0.833299690855803	62
-0.0136131577088	1.13221007391103	12
0.063054716370341	0.508273958387836	50
0.084204331235085	0.583989672620801	308
-0.102733051397044	0.785497140065972	308
0.0301084413714871	0.767689363487349	49
0.030325218267761	0.767300271531753	49
0.0965910856076549	0.659917412289735	49
-0.10237436794994	0.785486517852404	239
-0.042089496111302	0.630754759552082	239
-0.038222961863263	0.414264406349458	239
-0.00417316219118702	1.1633389189362	71
-0.00571630070083795	1.39010565221355	71
0.09315606433899	1.0937878613718	401
0.00949323770395705	0.968667301219248	143
-0.014029048852313	1.36024769948142	72
-0.038473517099805	0.414356124603627	568
0.082066485511524	0.994196877233352	284
-0.051854317333041	0.848211428219714	284
-0.0980343570804339	0.353432748047731	754
-0.118729295390884	0.967258039073149	50
0.0843932388020811	0.583891294044359	50
0.017978153477464	0.441299012127764	308
-0.073946722165788	0.815989994097617	308
0.100540402698172	2.29395194222945	200
0.089220919882831	1.06215567987179	822
0.0547530639503711	1.59771551728888	236
0.081354644062974	1.30807274766641	71
0.096467389203135	1.12757492714603	115
0.040129424596742	1.34918746521245	401
0.042909959781374	1.09263843722839	119
0.017807134329266	0.441473163114747	143
-0.0554869706340621	1.24032617042332	72
0.020053239746643	0.998165670619008	62
0.080756598810713	1.3098138603265	62
0.118315437422708	0.830099179731866	284
0.066911279729608	0.89583190450586	284
0.120726857246421	0.863837448394153	284
-0.041922270637053	0.630589539613816	308
0.115227980948091	0.796885307231126	603
0.120632706756425	0.86391565056007	62
-0.0744457694487291	0.816162823466288	256
0.115089883340911	0.797204722600917	284
0.096657140778425	0.659805941212877	47
0.062908640108205	0.508166903673842	308
0.067051596479848	1.45362160079114	822
0.050710794196572	0.833449342403027	49
-0.017099280821417	0.910082194421809	49
0.00978331019799605	0.968105131079473	603
-0.00268888045695903	0.939310117634896	143
0.101387452576451	0.696504326824653	256
0.106444307745161	0.731009070221673	284
0.018207291709443	0.732392184835594	47
0.118326153274995	0.830006446369344	12
-0.016416122941331	0.662953426739208	50
0.091315539427417	0.622068107957982	308
0.062383794722542	2.01416042651996	200
0.092715897264198	1.09514943613033	71
0.101344590536463	0.696551216840321	143
-0.074080622929075	0.816419155705699	143
0.066586478048175	0.896129620063308	143
-0.016798639268105	0.909390536551433	143
0.091208718711636	0.622276283523047	143
-0.085324397605846	1.18675771589494	72
0.120940808275088	0.863317420836699	72
0.066807404248193	0.895956538006685	62
-0.085330968548915	1.18664487565667	284
0.017814933596513	0.732888927794764	47
0.00297151029416498	0.697635563753618	50
0.084522203630556	0.583629406919959	50
-0.0690439872941711	1.2120264755551	49
0.018134870756271	0.441106968732687	49
0.12437845564445	0.932487890066838	115
0.00956205924623099	0.968683378177568	143
0.041265726754033	0.800526550054351	143
0.091404661651203	0.621955343661036	143
-0.118432552723655	0.967915722527311	143
0.050664173683908	0.833509316117049	143
0.066835439542411	0.896021502018484	72
0.028634853120325	1.02892658963358	62
0.00463959378513801	1.1945095407654	284
0.12087803005272	0.863484409116004	284
-0.017037786107609	0.91012511760372	284
-0.016226718866288	0.662638820580915	47
-0.042052298639449	0.630656110813843	50
0.063185607178434	0.508383460359442	308
0.101501103438706	1.4141668989229	401
0.028740306395408	1.02888676377733	119
0.085961980210358	1.02781440398481	119
-0.118606132765399	0.96783087655858	62
0.115062367306211	0.796987020361434	62
-0.093926576391227	0.995612510243009	284
0.017543252087452	0.732792532136851	47
-0.042089496111302	0.630754759552082	47
0.059539411863159	0.864568200066137	12
0.00292153042099796	1.41912095232067	401
0.026434838460799	1.28961718277976	119
0.00442292818634704	1.19511640236217	119
-0.02506971337984	1.1031861095949	143
0.009668997909826	0.968557449629606	72
0.122400712169395	0.898439215899018	72
0.101517531985938	0.696409457912416	256
0.064681489435484	1.22180441458342	62
0.05095811890729	0.832994107674655	62
0.00981404944514397	0.96813261502577	284
0.00290412257635297	0.697717017964945	50
0.091360124316574	0.622045105168558	50
-0.074211481181239	0.816576302309726	308
0.019605156578984	1.25788385206455	71
0.08219551916961	0.993741558375593	401
-0.016387156575993	0.663061566941855	143
0.106444307745161	0.731009070221673	143
-0.0330748369865	0.879251056554049	143
-0.046754931874919	1.46407930885313	72
0.072872586386494	0.927893000038633	72
0.063394965740158	0.508064277585327	256
-0.0542349239346081	1.04871368645022	284
0.063356704764237	0.50818911175335	308
-0.041861878249689	0.630501710651017	143
0.00973416960192497	0.968299835530128	72
-0.00371631648128201	1.16166979594441	72
0.075128371293633	0.5457500837636	256
-0.00279538862760498	0.939411626944587	62
-0.00396091450672498	1.16293670207812	284
0.07308988368037	0.927222979526914	284
-0.11845294692131	0.967898691134635	47
0.12067590331791	0.863736837109783	12
0.074914964874669	0.545755927653591	50
0.017901499241205	0.732901068709391	49
0.0428462501958941	1.09294370168777	71
0.096928368857972	1.38822134623637	236
0.112981857483639	1.24538798010705	401
0.012249865776311	1.22667040601541	119
0.0302314665693471	0.767359704328581	143
0.020081309724159	0.998261077732167	143
0.050820550375013	0.833419791904555	143
-0.043411305280216	1.26941996967534	72
-0.016334235224492	0.663007552598854	72
-0.111845324953867	1.32432473103381	13
-0.11830047519012	0.967771091298143	712
-0.118234459093518	0.967651830842549	712
0.101070605459571	2.25520795719443	200
0.00959647480122106	0.968655328420351	49
0.050752897695814	0.833511681599796	49
0.0965755571770231	0.659594607818131	119
0.00957315385023505	0.968328990331642	143
-0.093746023278949	0.995265614945914	72
0.00303432589534103	0.697538837656829	712
0.063027853296225	0.50843016111244	712
-0.042126707406141	0.630748496181635	47
-0.075224295078979	0.599634201404957	50
0.084500194595213	0.583737580326332	50
0.084396270009057	0.58376226588378	50
-0.075321423367854	0.599706575982585	308
0.01942026955999	1.2582096866664	115
-0.05426520685343	1.04885436118068	62
0.0965095277865941	0.659705982328076	712
0.111211631993151	0.764126122812867	49
-0.093716971454895	0.995224858764752	49
0.059539411863159	0.864568200066137	49
0.05095811890729	0.832994107674655	71
0.118329539335055	0.830125132981521	71
-0.05178810921416	0.848141441079779	115
-0.081545214486744	1.37792569206239	119
0.059530513240229	0.864453179806545	119
0.00974520622145902	0.968309720767745	72
0.020157720298968	0.998122387966076	284
0.120803876213841	0.863659087010779	50
-0.041908305713741	0.630579329942369	308
0.101568040044437	0.696317763664638	308
0.101462002699468	1.41433554056169	548
0.018120754932501	0.732594284903955	71
0.101286432440022	0.696543038899367	119
0.030267446983573	0.767524505470819	72
-0.00396091450672498	1.16293670207812	13
0.030216828572321	0.767608928160328	62
0.106390231089239	0.73083860712828	712
0.066782704060925	0.89518443629394	50
0.0666418685856181	1.45492532484004	236
-0.104544297207197	1.51736830915782	71
0.0361475053003441	1.0606530420683	603
0.042972036963872	1.09202882522456	119
0.082261501652283	0.993723836299674	72
0.124045519738273	0.933281205527403	72
-0.118478228606644	0.967885471103077	72
0.017921687581491	0.73290941491741	72
0.120835252639555	0.863518796296686	72
-0.0251716869373561	1.10352433525027	13
-0.00411626284623001	1.16321561566654	13
-0.032894227043901	0.878627268936396	712
0.041132584763231	0.800905407826946	12
-0.01614992368499	0.662541981757469	50
0.00288351939022202	0.697785999055062	308
0.075182801725168	0.545513567053862	308
0.017718931330025	1.64503088246061	548
0.092480394059828	1.35976691618677	236
0.089256276549895	1.06208535384605	115
-0.014033920036592	1.35994800240187	119
-0.104081445620812	1.16169307168156	119
0.106266597873697	0.731042386236813	143
0.0302603275330811	0.767435441902361	143
0.00955468462208298	0.968525010918487	143
-0.112076593057979	1.32439843817527	72
0.106405643209764	0.731068209604634	72
0.018212932928985	0.732174141499654	72
0.018120754932501	0.732594284903955	72
0.0536637059987401	1.40376563568605	13
0.072872586386494	0.927893000038633	13
0.020296670344108	0.997667614049108	62
0.028526351456744	1.02882230883285	13
-0.111708414438184	1.32375416537172	62
-0.069349349483278	1.21263170389494	62
0.115234948213774	0.796831032986354	712
0.02879198750579	1.02821036533358	284
0.09672798270761	0.659443059233387	47
0.018100545250654	0.732585978686206	50
0.075049601844696	0.545668052412575	50
0.026730218921567	1.28830175569565	548
-0.033060654015574	0.879309192246952	49
0.086740913463089	1.33566862730179	236
-0.0694155984335461	1.21261994553061	71
0.015559533067526	1.81641797919564	401
-0.025234801718878	1.10382934732178	119
0.091363116198774	0.621899506241714	291
0.050818378759478	0.833314760811666	72
0.066945910119331	0.895747535789848	72
-0.093796521306471	0.995422279507028	72
0.124101007254758	0.933194971890507	13
0.017629877613072	0.732781392165239	575
0.077971876272029	0.960424234314509	62
-0.0233821484369871	1.33063737875964	284
0.050822798029651	0.833387554632983	284
0.018034213142027	0.732716523926003	284
-0.033190742077624	0.879521667621264	712
0.063237475822118	0.508259419397331	47
-0.118214047976158	0.96759620565671	50
-0.00268617026568596	0.939405030659462	50
0.00316339246913699	0.697370404864275	308
-0.023952062340026	1.69582948030954	401
0.0263999660826491	1.2897690163156	401
-0.043297681747597	1.26911020125184	119
-0.036817291303918	1.49372769560706	119
0.069892524840552	1.25282593027392	119
0.101387452576451	0.696504326824653	47
0.00423142003936605	1.19531710498048	12
0.101408908737101	0.696375666236438	50
0.018008252664161	0.732785272210026	50
-0.075321423367854	0.599706575982585	308
-0.074956711698704	0.599283845361732	49
0.063291371738374	0.508166632881355	49
0.048137044135346	0.471051609861451	49
0.066728263864228	0.896153405765258	236
0.115224503197299	0.796822726785042	236
0.091098694249095	0.622340682489739	291
0.0966775307892	0.659742172425277	291
-0.054329830166962	1.04906238465438	72
-0.102519190369605	0.785826602283405	575
0.084666848488965	0.583421581205999	575
0.048068364212171	0.4711048335323	575
-0.038343745757691	0.414362328106443	250
-0.079015612481209	1.57250892870382	284
0.00297151029416498	0.697635563753618	49
-0.015088512545557	1.72081831135344	401
0.104351508129362	1.18881165516636	119
-0.09363742542677	0.994926782066151	291
0.118252333705608	0.830297307380977	72
0.05967161610987	0.864263935767638	72
0.0965910856076549	0.659917412289735	575
-0.054373979412405	1.04908204867518	284
0.028845750598293	1.02858752348184	284
0.00959647480122106	0.968655328420351	284
0.084585136504098	0.583529006517462	47
0.091360124316574	0.622045105168558	47
0.047938851552826	0.470945196729944	308
-0.042019876326016	0.630530640063288	49
0.066914572041259	0.895732654649294	119
0.030187946152239	0.767645000664507	291
0.075207110278836	0.545690657241514	291
0.106606606984653	0.73060171770419	291
-0.104180903666722	1.16195834079505	72
0.101546593231265	0.696391400359992	72
-0.095433742816779	1.34886210047862	72
0.115048379580401	0.797251752187961	72
-0.038692083217107	1.07591897216574	72
0.11840674818044	0.829895501589517	575
-0.00270966697463204	0.939435683182701	284
-0.09363742542677	0.994926782066151	12
0.08443724960764	0.583815130524904	50
-0.0164930216918751	0.663087724450388	50
0.00309711961107395	0.697414993980128	50
-0.075321423367854	0.599706575982585	308
-0.032973747704676	0.879016195072736	119
0.115297047620231	0.796601005818068	72
0.082367407859957	0.993193899963988	13
0.067015178915129	0.895511887948319	62
0.085931661078189	1.02795214561066	62
0.122514537822889	0.898251849674851	284
0.030159069318855	0.767629011155119	284
0.111191141177085	0.764189511134367	284
-0.016283009867109	0.662848621894492	47
0.091339369202452	0.622085083749103	47
-0.052093582541958	0.848155795122739	12
-0.016467382827036	0.663135102628169	50
-0.075053757516349	0.59945569070679	49
-0.051701613745023	0.847993548421683	49
-0.084138964331576	1.73096169290696	236
0.120955064286384	0.863266535569294	236
0.123995339070391	0.933361631465508	119
0.096352396025853	0.66007976754343	291
0.106555103494061	0.730743048142469	72
0.018008252664161	0.732785272210026	72
0.106433958541662	0.731013916701746	575
0.115117430525826	0.797092524952295	62
-0.0939189378131891	0.995665967769638	284
0.048266703141926	0.470750763953156	284
0.041132584763231	0.800905407826946	284
0.075285818681739	0.545486301742271	284
0.091342336333715	0.621783503664458	47
0.00322264132060901	0.697077204422489	50
-0.102837124904475	0.785755954976757	50
-0.016175516073887	0.662673544333303	308
0.075154138563505	0.545752345612659	308
-0.102437271138424	0.785639292487699	308
0.019864987698253	1.25671150256863	236
-0.043250890269577	1.96649845392089	236
0.096302441038456	1.12799157558937	115
0.059194880038888	1.191186814652	119
-0.013784380309209	1.13263988148854	119
0.018074615566919	0.732680480598904	291
0.084456162756553	0.583813760351764	72
-0.033082246161423	0.879402376658291	72
0.0913808746746611	0.621961471167152	72
0.059495353666729	0.86457604362879	72
0.072855209123473	0.927732825099448	72
0.02011292751588	0.998196937494472	13
-0.033132800683004	0.879505831008133	575
0.042871424884132	1.09285833460054	284
0.0728899413181771	0.927850297546367	284
-0.013921266942212	1.13292241957287	284
-0.118275288389049	0.967536833013036	47
0.075099719386491	0.545679040142965	47
-0.093594524083868	0.994584733273662	47
0.00311921498448697	0.697457472057385	12
0.0751526903693121	0.545617365600518	50
0.030339819175753	0.767316521972096	548
-0.016440085400675	0.663088444368722	49
0.063277903257855	0.508273973989328	49
-0.102415268225124	0.785666912193693	49
0.108498184791095	1.21831211659187	420
0.075172988539007	1.78001074915821	420
0.075454330489525	1.28171898268097	119
0.066942624015939	0.895757981090526	119
0.063264431112624	0.508322918373419	291
0.0597432671038311	0.864070538085309	62
0.048190374916138	0.470900828404984	47
0.075287287517624	0.545564195725926	47
-0.074786552776952	0.598859514527893	50
0.041183274202388	0.800759527607728	49
0.115330128201229	1.56003696230828	236
0.00318199696521804	0.697304602378743	291
0.075128371293633	0.5457500837636	291
-0.075313591982397	0.599686009158765	291
-0.104037421198184	1.16167670934911	13
0.059638889405111	0.86397363021758	62
-0.069152646727863	1.21249476335361	284
0.0181870775779061	0.732436549156271	50
0.0486477994380911	1.57315551119102	420
0.081503345080219	1.99482332871035	420
-0.024396434335946	1.69769733233731	236
0.113077146866753	1.24585128073248	236
0.020299758678082	0.997691548361802	115
0.033108190827422	1.93645027360954	401
-0.119832275788629	2.26353164172365	401
-0.02327721058197	1.33054416894145	119
-0.0938393747873441	0.995492928282878	72
-0.013661711928126	1.13233730806593	13
0.120681218978383	0.86389504445934	13
0.082204669320468	0.993861706546026	13
0.115055366214585	0.797235917916143	13
0.030296329830318	0.767438477700058	575
-0.033313448133329	0.879692424932182	575
0.011243593559173	1.44713547637843	284
-0.016965758113602	0.910044166485404	47
0.101416518534445	0.696530628409834	12
0.091033282267716	0.622359946087841	12
0.0843932388020811	0.583891294044359	308
0.101474611795784	1.41427352352242	236
0.066690342333248	0.896132852171028	119
0.036523355353695	1.05947984149396	119
-0.118481394980538	1.48742615251234	13
0.082034178908962	0.994154482460983	13
-0.025220720574555	1.10380532636357	62
0.017948515857331	0.441276325037825	250
-0.085227041977842	1.18621709612222	284
-0.102434235979929	0.785621130114425	284
-0.033161774165633	0.879544208868488	47
-0.051655740378037	0.847916877979715	47
-0.00379785537875699	1.16217736390677	12
-0.016306935255432	0.662900709878385	12
-0.00645892315697605	2.13627031248377	200
-0.097988371184479	2.00904589672349	466
-0.014923786731223	1.72079936117186	466
-0.024316119721427	1.69751317371719	466
-0.0844244520581821	1.73246980120137	466
0.076747368388031	1.81448882373429	24
0.0580475005496131	2.49576342260141	24
0.060641955704183	1.98026519618783	24
0.089313905576626	1.58954174828484	24
-0.00699750958015699	2.1383255533201	24
0.078680268089193	1.84711179375334	24
0.116628559963483	1.8480958212881	24
-0.00287495786272995	2.17032999701555	24
0.101306888515038	1.41455362404403	24
-0.0449694358078701	2.34159140920951	24
-0.01280011688795	1.88861715902126	24
0.038539803503258	2.00440117060932	24
-0.078164700616567	2.19987829802611	24
-0.015743031405866	2.07389515563892	24
-0.098505919222169	2.01012539177636	24
-0.029708699748046	1.84363211211129	24
0.055407024925066	1.8745563141688	24
0.073188437319318	1.7465699755871	24
0.042288851503955	1.54804301365552	24
0.0984711248489289	1.82907517365998	24
0.018079555482219	1.64402930966072	24
-0.109304565405706	2.136230598169	24
-0.060554622254194	1.77829471143765	24
-0.034603956957263	1.67496211360252	24
-0.012817646405073	1.88881366388695	24
-0.00283961946080002	0.939301753784702	119
0.091036540068653	0.622324586594689	291
-0.085147930050432	1.18625197934447	72
-0.00273042436447402	0.93948274628369	72
0.075128371293633	0.5457500837636	72
0.101748610199917	0.695890910490014	575
-0.069229796323927	1.21267498544956	13
0.02032525166226	0.997151730179289	62
0.059124935442246	1.19124894568559	13
0.063500690585278	0.50798896479976	568
0.009668997909826	0.968557449629606	47
0.101517531985938	0.696409457912416	12
0.101684297871862	0.695994106714981	308
-0.074208127166386	0.816550490792073	466
0.009630893584892	0.968603298672205	466
-0.046964732503996	1.4654584702946	466
0.078053288440609	1.50445891206977	466
-0.025375135312401	1.10392296901957	466
0.0975039567510651	1.75642507870531	24
0.115314666384389	2.09931926355427	24
0.018381177500892	2.44563480198485	24
0.097544925140167	1.79465249061935	24
-0.038869400085557	1.82080372624557	24
-0.120070638298281	2.41614249175768	24
0.053974129956343	1.1587037010771	24
0.095351942558949	1.68729576468428	24
-0.015193805076527	2.07123880428292	24
0.100171779058936	2.08188956505091	24
0.044486844862594	2.10969496932713	24
-0.050688276974506	2.31324619826892	24
-0.120247640634933	2.41690535482897	24
0.042432060403125	2.07491894334832	24
0.06025947912413	1.62312037753551	24
-0.0255642647464081	2.23674786185503	24
0.026263907545348	2.21000389404931	24
-0.027897822273386	2.01743807020013	24
0.012239200684965	1.22657358698582	119
0.072858444800004	0.927936580621221	119
0.00955836968498602	0.968646566602164	72
0.0729040887843721	0.927850074260705	284
0.017716498223635	0.732678038100216	12
0.00296969497419597	0.697668597176143	12
0.092723176857994	1.0952391384263	466
0.0619265868861521	2.01606402395588	24
0.070465100878699	2.33552646451321	24
0.11466364390076	2.17084007274982	785
0.017926160701451	1.64456363198146	24
0.077453706413997	1.81162025070242	24
0.117190604926522	1.70097242753412	24
0.083579661049789	2.13970244926438	24
0.044537359941071	2.10962814462701	24
0.115571179484752	1.92381487981373	24
-0.036491287605086	2.41029809122371	24
-0.090441077420199	2.33171762979752	24
-0.045145174732632	2.34314732033264	24
0.064452590597444	2.08752970705555	24
-0.00671828557152698	2.13686910972621	24
0.1172607446256	1.70068816367901	24
0.00943773991769703	1.78982877814378	24
-0.082480817394316	2.35798034537968	24
0.030209698042491	0.767544572528136	119
-0.016337596682634	0.662516504594738	291
0.081911522216517	0.994330138089128	13
0.040312239885015	1.34847179794825	13
-0.057678115955438	1.43631078799914	284
0.050820550375013	0.833419791904555	12
-0.0162301115167101	0.662706630838277	308
-0.075681175067134	2.38694770189856	466
-0.021368692309695	2.04428543001762	24
0.0820752202160701	2.0314582006675	24
-0.062345984431172	2.24930309673181	24
0.098956863173011	1.86459388678737	24
-0.00537080230799203	2.44386454152037	24
0.049882250058047	2.25517304995382	24
0.075433517421366	1.28183052864708	24
0.025833102267657	1.8728485739487	24
-0.065258444614027	2.0701818424223	24
-0.0755900231033571	2.3863649263129	24
-0.0342724109457579	1.67388145681019	24
0.030289194066881	0.767451436739019	284
-0.0137186968362391	1.13235716315615	47
0.0965910856076549	0.659917412289735	47
-0.094041309778193	0.995572898552799	47
0.075075383686997	0.545765523362656	12
0.04809882712395	0.471095771394012	12
-0.033082246161423	0.879402376658291	12
-0.104197283460138	1.16190821073286	12
-0.074428585272746	0.816667191190689	308
-0.029799188210169	1.84371540308276	466
-0.069241967335429	1.40731552049673	466
0.0963817534485541	1.1278039910883	466
-0.102730190262548	0.785943353413654	466
0.04596192878143	2.14658500613287	24
0.031864816049629	1.6932293914398	24
0.036781895088694	2.42140582557397	24
0.0222416594231249	2.13714777047903	24
-0.00863161638258903	2.40977373000309	24
0.03344712666786	1.93480613573049	24
0.070714845406098	2.33431477171404	24
-0.020672981865285	1.86527649610688	24
-0.07592955728677	2.38801862290342	24
0.060886699557535	1.97840668203198	24
0.0429818400858411	2.07271184700827	24
-0.00752502983627101	2.40444337496378	24
-0.111067340179443	2.44049291779907	24
-0.069593193858465	2.41757597918331	24
-0.076466804800714	2.39002998688857	24
0.0776964006850001	1.85144738007091	24
0.048175274861663	0.470945497752617	291
0.091274054880803	0.622191717871612	291
-0.0749646380190711	0.599304485288219	291
0.084544208075379	0.583460234530752	291
-0.104029718037912	1.16152834928472	72
-0.055070103134364	1.2391401554606	72
0.017629877613072	0.732781392165239	575
-0.0544482644818251	1.04887546976076	284
0.00314130593738404	0.697441333128085	47
-0.051767812830155	0.84809156874333	308
-0.075061670752121	0.599394220982401	308
0.079898909973371	1.92220452923705	24
0.070455979907576	2.33559771013266	785
0.08959017752911	1.58890885474861	24
0.04394509904894	2.11260077100474	24
0.042454642282074	1.74743039707834	24
-0.0261337702494791	2.23978847283944	24
0.049499574537351	2.25707271641081	24
0.096539621724577	1.7215326526889	24
-0.0641918049540891	2.44968042754996	24
0.050376583133721	1.80736178111027	24
-0.064030235586707	2.44831820044413	24
-0.108692230034799	2.28274120199574	24
0.00429211592313805	1.19514913039912	119
0.091057262873807	0.622376934191527	291
0.0964842539687501	0.660007382276669	291
-0.033204917828327	0.879534569504142	72
0.118178480274249	0.830262358548563	72
0.072826945029969	0.92797949832754	72
0.030289194066881	0.767451436739019	575
-0.102289463536429	0.785323817891406	250
-0.023197173666851	1.33032800402637	284
-0.10258513378082	0.785727272580979	47
0.106578207080757	0.730783485480508	308
-0.093897514751612	0.995641991460564	466
0.03496846883093	1.52413336125047	24
0.039855560120232	2.04309094057688	24
-0.034815761436687	1.99016052206355	24
-0.102865923147622	2.46775926165433	24
-0.04920773984182	2.11931917244144	24
0.115796965118531	1.59596740368067	24
0.056200581509542	2.42649828060751	24
0.10422398680248	1.18967562608783	699
0.11735091972733	1.2730520159064	699
-0.00679614758230895	2.13716694576897	24
0.015559533067526	1.81641797919564	24
-0.00283079152083499	2.47901936724929	24
0.116124890976333	1.95662618559838	24
0.084039325054813	2.13751302424068	24
-0.015419717865467	2.07261067146951	24
0.072256436740094	2.40256100446231	24
-0.040763660303465	2.37718072033171	24
-0.00586962530448998	2.44616359367066	24
0.063171365172606	2.05215634609853	24
0.00313778146407295	0.697145036603345	291
-0.054217816937616	1.04879214137344	72
-0.091303602524232	1.54429547604807	13
0.084626016651156	0.583512518672696	47
0.0967435772623571	0.659608498567667	47
0.096222225355969	0.660096410778024	308
-0.032656287350152	1.29934660317188	466
-0.098707139170596	1.86211196765619	466
0.060154332564995	1.4299494733901	466
0.037969073565346	2.00672961282059	24
-0.102872056958406	2.46803252025878	24
-0.083297775876537	2.36028708963093	24
0.091884320744028	1.36246528316658	24
0.05340970818721	2.36074653370359	24
-0.011020646155254	2.10543151240963	699
0.0605030838762261	1.62177631546798	699
0.09729209924757	1.75714487461088	24
0.020786512839167	1.84471125257785	24
0.081578055399812	1.99452034817401	24
-0.055842982942045	2.27994630771443	24
0.068061469905316	1.68142825801232	24
0.072930138740675	1.47846237568283	24
-0.036595408763712	2.4106339192444	24
-0.08708957056164	2.17533086946269	24
0.040203289258998	1.3487128504723	24
0.010386266168105	1.61856895660724	24
-0.0653803928930951	2.07046238115549	24
-0.086792217137279	2.1736568680406	24
-0.00286315473252996	0.939357533814817	72
0.111306388860324	0.763884141915328	72
-0.00568245062586503	1.39079670157764	13
-0.02521733707711	1.10359070287432	13
0.077815970617362	0.960292891102893	47
0.122612861473418	0.898035081944322	229
0.099601231814936	2.12059173706839	200
0.090991871745561	0.622396171256163	466
-0.051946230848009	0.848104610745125	466
-0.08634920912599	2.02963219545222	24
0.082687080409415	1.5310594678731	24
0.00342614804420804	2.23901127893369	24
0.096915011747807	1.71976016093952	24
0.057035397231918	2.46053703745933	785
-0.018202788706536	2.30680295762368	24
0.117731397022536	1.27175625083425	24
0.082810677886635	2.06611625150781	24
-0.049308563972934	1.79953992925072	24
-0.00235026563747098	2.1673634978034	24
0.042210831384037	1.74805896406028	24
0.064168775667163	1.65260064209289	699
-0.098491433598728	1.86120264566382	699
-0.032339543021672	2.44269394521214	24
0.064101704985574	1.65300622709141	24
0.115586840644276	1.95917518123907	24
0.068906638405404	2.2658897647911	24
-0.00295938999550405	2.17056033740446	24
-0.042066289731086	0.630748823283636	291
-0.04181544997328	0.630056368510484	291
-0.038473517099805	0.414356124603627	291
0.0479996846415251	0.471069360153076	291
0.0966318504321359	0.659746051283924	72
-0.06913528232559	1.2122722672144	13
-0.099075640655895	0.353944854479088	47
-0.023391915014761	1.33058310945612	229
-0.046862396058359	1.46485148275613	200
-0.013875639119833	1.13285293332919	466
-0.00288668045498497	0.939388230858266	466
0.081158418595669	1.30908942855762	466
0.035692146001007	1.97153581592069	24
0.117137136434915	1.84499427806215	24
-0.00698469065339502	2.13809954110445	24
-0.070053939630779	2.41937554591602	24
-0.0359228709738419	2.17613396343673	24
-0.058765860500044	2.48022154696906	24
-0.049036144692535	2.1200718525844	699
0.057365816435748	2.45976379997511	24
0.0696191867042401	2.30072831908284	24
0.029413395692334	1.90572752942565	24
0.100052434628641	2.19017077912212	24
-0.032223821138803	2.44128235522126	24
-0.018523184624713	2.30817810380687	24
-0.038473517099805	0.414356124603627	291
0.019930338558974	0.998268697200479	72
0.020267465870182	0.997741417684404	72
0.030318066175677	0.76741538842748	72
0.0965910856076549	0.659917412289735	72
-0.016281321352695	0.662925995029655	575
0.053938863169206	1.15873041261273	229
0.063277903257855	0.508273973989328	47
-0.017004380888106	0.910076836441404	466
-0.0147197303779461	2.34101015726417	24
0.117541158719275	1.27248904573301	24
-0.01231493730251	1.88521645306693	24
-0.069841752092492	2.22471581359005	24
-0.049006208604641	2.12027059213994	24
0.100493718103825	2.2236514140862	785
0.006436190402906	2.2732467081029	785
0.00911412978037196	2.00425063984461	24
-0.036434423952786	2.40840258232847	24
-0.021713027233626	2.27143258511877	24
0.00544173386001001	1.97007344869938	24
-0.111647201306878	1.99182508957742	699
0.02633064595066	2.20989699947419	24
0.025625557281942	1.87326258623382	24
0.013621884289017	2.37959247163881	24
-0.0604928896677061	1.77778185397213	24
-0.000423286917359045	1.94306394648494	24
-0.00830003161856297	2.40921079490872	24
0.046090535036866	2.14564490877477	24
0.0000761928278969482	2.20613755776046	24
-0.00830771774862005	2.40916165572459	24
0.0893791827553631	1.58963627978235	24
-0.033291869196302	0.879647329905455	72
-0.072589807937356	1.02222003348671	72
-0.102371276659045	0.785502406310806	575
0.100336923999937	1.15885149878915	229
-0.075061670752121	0.599394220982401	47
-0.0980343570804339	0.353432748047731	47
-0.041968693252402	0.630667165648645	47
0.091425427238918	0.621915360766391	12
-0.044963739422771	1.65041469196589	466
0.025800912790713	1.87298482739024	466
0.017870634131112	1.64443718495057	466
-0.03874851249508	1.82006285863819	466
-0.049004839718291	2.1203087195765	24
0.033468853771858	2.35237543708662	24
-0.0623654742600061	2.25150489801382	24
0.01927486236027	2.10408321402241	24
0.082848136637814	1.53045954090618	699
0.011410637104588	1.44607567044751	699
0.018219120913292	2.44657125913605	24
-0.015419717865467	2.07261067146951	24
0.08624963638447	1.33718678538356	766
-0.096929880723295	1.7071925609274	766
0.045946523728149	2.14650538442359	24
0.116328178839198	1.63080803284876	24
-0.03900174011133	1.82108525022321	766
0.0528319772885401	1.84148739769769	24
0.108772565811511	1.46868436478665	766
0.0645340442192131	1.22234583043109	766
0.027533615425936	1.49828175896191	766
-0.029605447207629	1.84367089177729	766
-0.042029090058758	0.630725452876737	72
0.091229452906914	0.622236320719878	72
0.019884694444248	0.998226738701399	47
0.0964606986864029	0.659785497104339	12
-0.00279818433735701	0.939535965995986	12
-0.017053296578624	0.909579918739292	308
-0.055917737084533	1.6257809677145	24
0.092895999305269	1.09459676001752	24
-0.084564118402562	1.73269422711479	24
-0.0241515795928851	1.69705126189843	699
0.067847571798704	1.68227131362861	699
-0.0280342454372921	2.01714333587295	699
0.097265734237787	1.79533030175789	24
0.089322319291663	1.06187486360258	766
-0.000389320133492022	1.94318026733485	766
-0.099379243300983	2.30776195805526	766
-0.11195922239577	1.83992633418019	766
0.042760279058659	1.09309775795001	766
0.040106894673773	1.34921089786386	766
-0.044865851907925	1.65035248800337	766
0.029080084212101	1.02806112978826	72
0.114948326729627	0.797308974388257	72
0.12402043368606	0.933340011866479	72
0.115165907329884	0.796951133149107	72
0.075179899331267	0.545683412508346	72
-0.104845312508241	1.5179496411041	72
0.10139508984043	0.696542317612013	229
-0.023431987634434	1.33035967824007	229
0.002907836355861	0.69770729158356	12
0.096611469191095	0.659853640291209	12
0.101179487262861	1.41493239614476	24
-0.095882259163301	1.35051589618395	24
-0.0914158707238481	1.54469131377067	24
0.01202367182408	1.22710670163345	24
-0.044886222275652	1.65043555743298	24
0.03291081868819	1.93756211601373	24
-0.118955428852097	1.4901455950742	699
0.00444803120333004	1.19502542225652	699
0.070817067407752	1.71323038336154	24
-0.12199488795106	2.11805806740607	24
0.101517531985938	0.696409457912416	766
0.066873359767041	0.895948801209767	766
0.05417861174294	1.40203094604371	766
-0.081496173215543	1.37746638010903	766
-0.098786150558657	1.86246932381578	766
0.012208875255128	1.22645525233008	766
-0.085251844433244	1.18659007507583	766
-0.013872734351184	1.1328356317241	766
-0.10413652882232	1.16170076089326	766
-0.081650986307035	1.37831163931754	766
-0.038681624919386	1.0760927129335	72
0.124267474195447	0.932826871403199	229
0.101647599967366	0.696186535969026	12
0.082200767255282	2.0313171937894	38
0.050376583133721	1.80736178111027	24
0.018144794355345	1.64375102511515	699
0.097320496869486	1.38683240770393	24
0.095254738723114	1.68747581618768	766
-0.040840829004134	2.37720032110718	766
-0.110714962250982	2.43971083505939	766
-0.025518822780234	2.23672673026043	24
0.078118087501261	1.85001717550902	24
-0.10274469929479	2.46768138199608	766
0.105468727453473	1.4409586577972	766
-0.052491968472692	1.94489423631452	766
0.096571847741667	1.72117867606726	766
-0.000330151688509028	1.94262555869323	766
-0.052157824134485	1.94211405384799	72
0.07553105674627	1.28156446671225	13
0.096352093835923	0.660124404292348	284
0.052728488032682	1.84195987974805	38
0.086700763608982	2.34689236680634	38
0.026043572001123	2.2111360139869	24
-0.12010605270547	2.4163556490382	24
-0.030980596590457	2.20843274533524	24
0.071006128869139	1.71300811123508	24
-0.05887793085558	2.48071337004488	24
0.101628445260648	1.41358256940371	699
-0.0624226398314101	1.92182711683063	699
0.101757050562129	1.41291215737471	699
-0.073795525390609	1.90295615254512	699
-0.049412038504787	1.79994422646986	699
0.080932463049565	1.30973205265748	699
-0.10306084947038	2.46886350576861	24
-0.041693265448626	2.14578876919208	766
0.105723328346592	1.43999915001308	766
-0.069664675923807	2.41789188435973	766
0.00937429626942898	1.79004501063647	766
-0.038814084734028	1.82044284632541	766
0.122914367838617	0.896865243570288	72
0.106506084011186	0.730929768371253	13
0.115189970797891	0.79695371698568	691
0.03655425561377	1.05937882637182	284
0.00991367555854195	0.967612107428179	229
0.100929963229582	2.361643435496	38
-0.046969863061808	1.46534321143114	25
-0.062212430999165	2.25080082869016	24
0.085976424471532	1.02759211848766	25
-0.096005470573025	1.35064837430532	25
-0.015236735935109	2.07136636176925	24
-0.098550017338352	1.861384380953	699
-0.038619539390824	1.07590926202273	95
0.0285577887039969	1.02888391520218	95
-0.00273315429054799	0.939441509815697	95
0.075211083193171	1.78010482084778	766
-0.071853313806451	1.75427720910811	766
-0.111950776076368	1.32454725630751	95
0.00959647480122106	0.968655328420351	95
0.050797267936644	0.833438469017457	95
0.04083951622722	0.801347910398527	95
0.118178480274249	0.830262358548563	766
0.059564810986859	0.864457341509932	72
-0.021558659526041	2.27100770735573	13
-0.0208646280870191	1.86617806747381	13
0.0401390263681139	1.34917913379814	13
0.0177143011176401	0.441519104636812	250
-0.041982672273346	0.630647826107759	250
-0.038464314880281	0.414424326723021	250
0.036286171226996	1.06049507382394	229
-0.071784255323594	1.75389815330142	24
-0.012417002164162	1.88698511566459	24
0.066786236643651	1.45448794156552	24
0.113224712205736	2.41442458849481	38
-0.070014726477215	2.41851182700181	24
-0.112021604277331	1.84028330569006	25
0.040944737369518	0.801367041113006	25
0.096458929986788	0.660076529122411	25
0.0929359515763299	1.09470846794877	699
0.082091007928301	0.994076911424732	699
-0.109278662018528	2.13534090576988	699
-0.00259490356661396	0.939136543495739	95
-0.051701613745023	0.847993548421683	95
0.0199759839202081	0.998286182592865	95
-0.086115163631271	2.0286941357096	766
-0.062652734343531	1.92345009351912	766
-0.038578049121983	1.07597110667925	95
-0.085469499144339	1.18680780110117	95
-0.069275434222594	1.21275642407717	95
-0.102478205765596	0.785785640793822	95
0.063264431112624	0.508322918373419	95
0.0668387316304701	0.896011604803126	95
0.111350540085934	0.763750942770632	72
0.059637312218696	0.864303394871332	72
0.063343219674838	0.508238057982816	475
0.018134870756271	0.441106968732687	250
0.048190374916138	0.470900828404984	250
-0.016254021125977	0.662819169364524	89
0.03592207114331	2.38309864452845	38
0.11646408573259	1.84817943182111	24
-0.0250978598930151	1.10347675563196	25
-0.051747518947093	0.847979241733637	25
-0.093746023278949	0.995265614945914	25
0.111150242782401	0.764135560218197	25
0.00958543166618597	0.968205102542131	25
0.106516431991919	0.730883765181406	25
0.117679154546126	1.27193336924745	699
0.064776592543897	1.22146051951648	699
0.050795123779993	0.83328846563738	95
0.040110222941229	1.34913903423562	95
0.066769483189283	0.896073432594223	95
0.0750209619564241	0.545799116154301	95
0.018115007276855	0.732427275662804	95
-0.11198222547081	1.32462185123087	95
-0.060815654774561	1.77891698781202	18
0.100257906624782	1.15894602135016	478
-0.084578341703074	1.73284778443844	478
0.085956229768713	1.33733839232421	13
0.017822069649896	0.441368127807516	741
0.030209698042491	0.767544572528136	89
0.073607147882495	1.74408312554629	24
0.06862435604776	2.26732309235811	38
0.063716601405863	2.04875733699026	24
0.037542967921415	1.71924258834918	24
-0.118478228606644	0.967885471103077	25
-0.042029090058758	0.630725452876737	25
0.117575660501651	1.27237759727006	24
-0.074056657166924	0.81638992795693	25
-0.025280446577463	1.10389570198778	25
-0.038704809852949	0.414366420072622	25
0.085851207946111	1.0281108260097	699
0.00969974095591997	0.968426154649751	95
-0.00417316219118702	1.1633389189362	95
0.00277673550704405	0.697777894903242	95
0.00439781660205896	1.19515573888325	95
0.101554240680375	0.696301911241553	72
0.092980745024311	1.09466813875111	13
0.084519064067727	0.583713359197363	691
0.01777731021038	0.441303913539979	250
0.034977331327555	1.52389417224733	229
0.122539130335556	0.898254200954677	229
0.011271585893035	2.34443383177678	24
-0.062494373910612	2.25143595009444	24
0.050199733095292	1.8078648233146	24
0.061014164703576	1.4267612410063	24
0.12402043368606	0.933340011866479	25
0.106488229938963	0.730774909008887	25
-0.057541373560319	1.43488041291429	25
-0.111799689230496	1.32416587073105	25
-0.0139526624595659	1.13284936218053	25
-0.093897514751612	0.995641991460564	25
0.120667960076019	0.863403524945261	699
-0.014877077146357	1.71996983040577	699
-0.095661911494241	1.34967333369432	699
0.054084157035494	1.15838378967086	95
0.114986340487523	0.797240563086918	95
0.072738849007408	0.927858790034436	95
0.0427351190902751	1.09318308778037	95
-0.033197458756917	0.879170932402819	412
-0.062830278646337	2.25269911640411	18
-0.103901489632821	1.16108944486489	13
0.030187946152239	0.767645000664507	13
-0.041801495132781	0.63038238662287	250
0.075048171822478	0.545806361158126	250
-0.0329953077027511	0.878919509409014	250
-0.00426236050840301	1.16356302883691	229
0.0550764770224	1.87576970978395	24
-0.00627747146298596	2.13500254799506	24
-0.0693401729420829	2.41588686917891	24
0.061960416658537	2.01588408347327	24
0.075876459655984	1.77657384752339	24
-0.118280070505847	0.96771546914886	25
-0.0728345481371609	1.02267280677265	25
0.089218953036012	1.06216347390301	25
-0.067093898367051	1.59893201246938	25
0.066873359767041	0.895948801209767	95
-0.104140424296107	1.16187907908519	95
0.11125581079751	0.763992833069648	95
0.054044650300397	1.15851326415362	95
-0.032987849541197	0.87815955214308	412
0.066879947247269	0.895774168700673	95
0.101575660041353	0.696331961700475	412
-0.051676052804985	0.847904396814613	412
-0.054306116999991	1.04901760250863	95
0.0412045028064471	0.800603407876261	547
-0.074273535102991	0.816614282631155	547
0.063343219674838	0.508238057982816	547
-0.0385365544145641	1.07576869876349	13
0.050841643660876	0.833318508644783	691
-0.075597320795644	0.599588438386418	45
0.048266703141926	0.470750763953156	45
0.115082903568146	0.797182008122016	340
0.00307849189864695	0.697565218519348	45
-0.118214047976158	0.96759620565671	89
-0.109498218520381	2.13698625647235	24
0.03510645810117	1.52364244357551	25
-0.00281607458670596	0.939220327258384	25
0.063264431112624	0.508322918373419	132
-0.016412785933738	0.662981596025657	25
0.111191141177085	0.764189511134367	25
-0.104604852278745	1.51722040341032	699
0.017921687581491	0.73290941491741	95
-0.00277467314518598	0.939505288758611	95
-0.051808408102043	0.848128932209231	95
0.063079844351383	0.508356092101914	161
0.084522203630556	0.583629406919959	412
-0.102623254532969	0.78578711733964	412
0.122857405176892	0.897043715900619	13
0.01763654577387	0.441536831391427	346
0.017792214528392	0.441468073086455	250
-0.098756633713589	0.353692019334519	477
-0.098554588996423	0.353709685597233	477
0.059607363570782	0.864470326401724	229
0.0428462501958941	1.09294370168777	229
0.017992995459897	0.441102845894737	45
0.020189360355145	0.998020989997931	89
0.017900032419528	0.441350213980641	389
-0.085096879287656	1.184929563717	350
0.050689788843465	0.833294883386301	350
0.098671007752132	1.90352472464504	24
0.00932225131567199	1.7901348890927	24
-0.03498953114232	1.99001956088073	24
0.066762869336113	1.45472378500135	24
0.01814960398396	0.440970472276922	118
0.00294943082096499	0.697518286845058	25
-0.102519190369605	0.785826602283405	132
0.048137044135346	0.471051609861451	132
-0.051701613745023	0.847993548421683	132
-0.038111377288474	0.414177817025583	132
0.063120194180064	0.508370712672486	25
-0.025361070412277	1.10373697196638	25
-0.102522194565737	0.78564073577593	161
0.018120754932501	0.732594284903955	95
0.048175274861663	0.470945497752617	161
0.01777731021038	0.441303913539979	412
-0.096996344736511	0.352712982272515	51
0.053622253637426	1.40400122972137	18
-0.098873389158817	0.353718585819526	475
0.075126927980529	0.545745098121915	475
-0.041922270637053	0.630589539613816	13
-0.097833196182046	0.353207340512575	477
-0.099800653817146	0.35408418104254	477
-0.098235856286303	0.353414829103439	477
0.017699342444723	0.441384704650949	477
-0.098352883478491	0.353483822010577	45
-0.038575520499092	0.414353051058273	45
-0.038353018666431	0.414337941238971	45
0.063237475822118	0.508259419397331	45
-0.038575520499092	0.414353051058273	389
-0.062212430999165	2.25080082869016	24
0.018014007904996	0.732649433554209	350
0.060225100790466	1.62324508650333	24
-0.024717271678782	1.69880515141554	24
0.04809882712395	0.471095771394012	118
0.075314502806718	0.545475329450318	118
-0.096796269002475	0.352488687791578	414
0.0752328629001901	0.545597783452129	118
-0.038550465702076	1.07564008552336	25
-0.074101324313536	0.816499131413652	132
0.063343219674838	0.508238057982816	132
-0.096796269002475	0.352488687791578	161
-0.038232305482405	0.414275835906919	51
0.063199066387906	0.508334523103492	475
0.082220097639229	0.993793614074515	13
0.075313030370492	0.545493532457957	346
0.063500690585278	0.50798896479976	346
-0.098352883478491	0.353483822010577	477
-0.0980343570804339	0.353432748047731	477
-0.075321423367854	0.599706575982585	210
0.115189970797891	0.79695371698568	229
0.063079844351383	0.508356092101914	45
-0.038575520499092	0.414353051058273	45
-0.098873389158817	0.353718585819526	389
-0.037990233828196	0.414043933099704	389
0.0972150508037261	1.75762907388573	24
-0.091341026851174	1.54445591808161	24
-0.038111377288474	0.414177817025583	118
-0.042029090058758	0.630725452876737	118
-0.075150817760178	0.599509934408343	132
-0.097314325335099	0.352888726716764	51
0.063316238487333	0.508174597084697	547
0.00307849189864695	0.697565218519348	547
-0.075135049387965	0.599550836734038	547
0.00320755226674396	0.697036211301565	547
0.063185607178434	0.508383460359442	547
0.101626157830299	0.696240291814015	260
-0.0161226246794109	0.662495372105202	346
-0.0980343570804339	0.353432748047731	477
-0.098554588996423	0.353709685597233	477
-0.013767218432536	1.13272614314929	229
0.063421972840391	0.508127690026033	45
-0.038464314880281	0.414424326723021	45
0.097158467604708	1.38747490756777	24
0.02886302156323	1.02875794971495	25
0.00299358534899896	0.697678094612967	132
0.091315539427417	0.622068107957982	25
0.0178702860833611	0.441387161072424	161
-0.038704809852949	0.414366420072622	161
0.075154138563505	0.545752345612659	412
0.042959025944162	1.09261187696881	72
-0.016385484423359	0.662801208362155	475
0.091277075321575	0.621913130370035	260
-0.016414454254694	0.663108225094003	250
0.0914935934130811	0.621562684135761	210
-0.055298663154537	1.23985916074529	229
-0.093882161250179	0.99515426224991	340
-0.0752164506176301	0.599532139278292	45
-0.042005881270846	0.630719515069575	45
0.096438556878078	0.660098329044915	89
-0.086146247026119	1.88394117394683	24
-0.085255128609124	1.1866194626694	24
-0.038222961863263	0.414264406349458	118
-0.0164930216918751	0.663087724450388	118
-0.051635430468389	0.847866999017909	25
-0.123991513480216	1.65553214151754	25
0.041116599462428	0.801052662885613	25
0.048106601170115	0.471060653765222	132
-0.085352438606257	1.18646081883096	95
0.063277903257855	0.508273973989328	412
0.063185607178434	0.508383460359442	51
-0.111845324953867	1.32432473103381	163
0.066845325014131	0.895794495907032	163
0.0751011590761021	0.545790922920221	547
0.106655481674984	0.730543620846577	72
0.03015170560917	0.767295389573991	260
-0.01338493468776	1.13107785944718	260
0.111285961157039	0.763864431056543	260
0.074967967294757	0.545790526472073	250
0.018134870756271	0.441106968732687	477
-0.038343745757691	0.414362328106443	45
-0.074469894576805	0.816625160980822	45
-0.074318286925268	0.816704759460399	89
-0.027791666275918	2.01708774310413	24
-0.0982669116710479	2.00992356019755	24
0.092835618279305	1.09499492931464	350
0.0952078784843719	1.68770527343788	24
0.050820550375013	0.833419791904555	24
-0.042103503205385	0.630676821498528	118
-0.118280070505847	0.96771546914886	25
0.077899067686206	0.960229716534554	25
-0.118763863409885	1.48937537190729	25
-0.072546045426559	1.02195132777208	25
0.0966775307892	0.659742172425277	25
-0.033291869196302	0.879647329905455	25
0.091250182351835	0.622152684934269	25
-0.033161774165633	0.879544208868488	95
-0.042005881270846	0.630719515069575	412
0.120912274045094	0.863243727729671	412
-0.074056657166924	0.81638992795693	163
0.048137044135346	0.471051609861451	163
0.111191141177085	0.764189511134367	72
-0.102730190262548	0.785943353413654	547
-0.051635430468389	0.847866999017909	547
0.041121887953011	0.801077906797172	547
0.048052963427586	0.470904281816488	547
0.0859567199792251	1.02788998399473	260
-0.037747300096674	0.413595162312235	477
-0.09751494297264	0.353113627072122	477
0.017948515857331	0.441276325037825	477
0.07530801325307	1.28157730784649	229
-0.013876663162249	1.3596341291703	229
-0.074187426761161	0.816606642247111	89
0.066759598327326	0.896028550029544	89
-0.077992570969411	2.1993741281365	24
0.0328136000724421	1.93812688076828	24
0.089214991439192	1.06199836419131	25
0.036457238992086	1.06010510743871	25
-0.068995718309455	1.40660805581631	25
-0.104759850383714	1.5178871312896	25
0.030159069318855	0.767629011155119	132
-0.038695561467108	1.07565931951423	132
-0.054397690640078	1.04909955236046	25
-0.0169323535924441	0.909969798012273	25
0.089075567842766	1.06230604270091	25
-0.04345280819566	1.26916101271758	25
0.018120754932501	0.732594284903955	412
0.00301461825294003	0.697663368297709	412
0.050909292193253	0.833131747249764	412
0.120593963978883	0.863907447334503	319
-0.104212929852183	1.16191810347535	51
0.09118480347394	0.622215677471984	163
-0.016799817668647	1.54607486059962	18
-0.038574565768808	1.07593263088496	72
-0.033053272251413	0.87930554498685	691
0.063514201586973	0.507940032132344	477
0.111126528387805	0.764205933098242	210
0.078167982153638	0.959902929342611	229
-0.016441749899156	0.663094658546721	210
-0.032821788613413	2.44482735639916	24
0.093740136879038	1.65390721627018	24
-0.00268888045695903	0.939310117634896	24
-0.016414454254694	0.663108225094003	118
0.036417080423342	1.0600722721654	25
-0.11124000323695	1.99122210525124	25
0.017881308229619	0.732833937308275	132
0.00305641110687505	0.697581345058754	132
-0.085359028117235	1.18678422852048	25
0.084352289404545	0.58393081140269	412
0.063343219674838	0.508238057982816	51
0.118020736099391	0.830463897324599	163
-0.074190806397439	0.816425881774764	72
-0.016388829064612	0.663040642355053	547
-0.102522194565737	0.78564073577593	260
0.115082903568146	0.797182008122016	229
-0.054397690640078	1.04909955236046	89
0.100494907965256	2.22370298613053	437
0.097140801571473	1.79595022363992	24
-0.036957838166729	2.41206701687863	24
-0.096996344736511	0.352712982272515	118
-0.102648096435657	0.785782555930775	132
-0.074101324313536	0.816499131413652	132
0.017809065046073	0.732950060175185	25
0.00962721189639404	0.968518311400869	25
0.115117430525826	0.797092524952295	25
-0.093940344114945	0.995592818383262	25
0.00301461825294003	0.697663368297709	25
0.113099480545885	1.24560924821652	25
0.028908658546998	1.02865596607607	25
-0.00275663226745004	0.939422509570981	25
-0.038482701877198	0.414043062981242	412
-0.00550913717983004	1.39052223398938	95
0.048167513635818	0.471016343360915	412
0.0181870775779061	0.732436549156271	412
0.075126927980529	0.545745098121915	163
0.018048630177984	0.732532044015002	72
0.096850407313971	0.659185843866233	260
0.091229452906914	0.622236320719878	691
0.0845410928024371	0.583697557335818	250
-0.038232305482405	0.414275835906919	477
-0.01702725224526	0.910022538900263	210
-0.00412394874548605	1.16338137489168	89
0.042626355012512	1.74634912073799	24
0.014028492916431	2.37734658787687	24
-0.049985185683061	2.31001841258469	24
-0.104201068060683	1.16200234664933	118
0.00303524391238197	0.69759436484439	118
0.00967268468492599	0.968511631090407	25
0.075207110278836	0.545690657241514	132
0.0507784561049071	0.833412662069903	25
-0.02520664673843	1.10369837783699	25
-0.04345280819566	1.26916101271758	25
0.091167236068756	0.622220304538874	412
0.075128371293633	0.5457500837636	95
0.028985748381116	1.02848708991304	95
-0.118259668163957	0.967587127371435	412
0.0843112917921321	0.583903474694665	412
0.00288351939022202	0.697785999055062	412
-0.041945482047303	0.630661225316363	51
0.091119402820051	0.622257069897141	403
-0.055853490900132	1.62511955102737	13
0.048068364212171	0.4711048335323	250
0.111052272788872	0.764246924917478	229
0.059763440069892	0.863962554527256	229
-0.037999701638591	0.413940026884914	45
-0.042149911388244	0.630754431915372	45
0.050932569528318	0.833090556834481	89
0.048576957793788	1.12601948061307	89
-0.045045786731028	2.34270395914911	24
0.00879308471823304	2.30889967749579	24
0.106343978172442	0.730965340303	25
0.059564810986859	0.864457341509932	25
0.082058687354612	0.993991539486381	25
-0.072790694083213	1.02252246412554	25
0.106477768959131	0.730983083314581	25
0.0751011590761021	0.545790922920221	51
0.041132584763231	0.800905407826946	72
0.00311921498448697	0.697457472057385	72
0.018134870756271	0.441106968732687	475
-0.118214047976158	0.96759620565671	260
0.084412112566762	0.583689090508115	346
-0.038464314880281	0.414424326723021	477
0.000552402286478015	2.20409632051842	437
0.0648547725027701	1.22091069084407	24
-0.086153457746991	2.02873087009833	24
-0.098195394995765	2.1565601295355	24
-0.074059926477549	0.816268729099827	118
-0.0250978598930151	1.10347675563196	25
0.048068364212171	0.4711048335323	25
0.00956575319914099	0.968641601700954	25
-0.102437271138424	0.785639292487699	412
-0.016467382827036	0.663135102628169	412
-0.038222961863263	0.414264406349458	412
-0.038222961863263	0.414264406349458	412
-0.097833196182046	0.353207340512575	51
0.12423174554863	0.932690889056847	18
0.050683087618003	0.833432411989008	72
0.017792214528392	0.441468073086455	403
-0.0980343570804339	0.353432748047731	475
0.072749804433996	0.928043137824976	260
-0.051569263035344	0.847710839351726	260
-0.074122030630818	0.81651335162147	210
-0.098352883478491	0.353483822010577	45
-0.074142741880797	0.816457223948004	89
0.091253305477373	0.622188073930247	89
-0.075224295078979	0.599634201404957	89
0.036179879409624	1.06054832860869	24
-0.016970966090645	0.910002448809907	118
-0.104519338790327	1.51719174193665	25
-0.095842151171904	1.35062888766397	25
-0.0332702735377191	0.879505439851604	25
0.075179899331267	0.545683412508346	412
0.00431723741335899	1.19521929028658	241
-0.102478205765596	0.785785640793822	403
-0.041778278670169	0.63023596164161	403
-0.075224295078979	0.599634201404957	403
0.017809065046073	0.732950060175185	403
-0.038222961863263	0.414264406349458	475
0.030238569722612	0.767560566360836	260
0.01814960398396	0.440970472276922	346
-0.041968693252402	0.630667165648645	691
-0.074059926477549	0.816268729099827	210
0.084245331761483	0.583947621249913	89
0.091229452906914	0.622236320719878	89
0.072763806558008	1.74777371365125	24
0.061762484030735	2.01674828405055	24
-0.00512553069822896	2.4409802249442	24
-0.018105064051584	2.30637406777244	630
-0.086907571631743	2.17460498566356	241
-0.109162509671019	2.13488541174381	241
-0.0993438599091	2.30765584400857	241
0.053698750067619	1.40362304968607	241
0.096406830924343	1.12778413406174	241
0.0553942318744191	1.87470842887958	241
-0.062708258789522	1.92391147133392	241
0.113191907458135	1.24543512753724	241
-0.042100074312987	2.14668933598716	483
0.117195186305406	1.2733666903749	18
0.092948072446899	1.09457268685756	18
-0.022866316800121	1.32891998508489	18
-0.074035939998639	0.816375692949902	475
0.08221241101027	0.993922046745771	18
0.059559594628945	0.864532651974016	18
0.096390110203415	1.12781660284484	18
0.063237475822118	0.508259419397331	250
-0.0254314682114361	1.10378274360422	126
0.078135525098875	0.959983238907961	89
-0.00275115245477697	0.939449512722338	89
0.048751181191955	1.57305423946208	24
-0.062740880175433	1.92403787281244	24
0.077971876272029	0.960424234314509	241
-0.00547367004807298	1.3902712125384	241
0.064137072719858	1.65293764502687	241
0.0194715345595891	1.47350299476551	241
0.101255186790048	1.41450325019047	241
-0.00636179523950198	2.13561821257835	241
0.029668910828119	1.90450727197094	241
0.092975890961054	1.09470092754123	241
0.060432006982585	1.42957855124708	241
0.042815851661388	1.09298897301669	241
-0.057792357230731	1.43639208069618	241
-0.026886217863681	1.52139656896264	319
0.099015380656306	1.86446118126712	483
-0.055397442051139	1.24009513482188	18
0.042896590906472	1.09272636355506	18
0.059534421248735	0.864290605369675	18
0.00970341925948603	0.968481213220923	18
0.00298232787770203	1.41902589063446	18
-0.0692580689046331	1.21260552905463	18
0.078029010796172	0.960289710261067	126
0.00301461825294003	0.697663368297709	89
0.118389285832159	0.829962325025715	465
0.063199066387906	0.508334523103492	89
0.118371801155769	0.829854669759377	89
-0.120167480643683	2.26418515533798	24
0.081002952706	1.95747860315581	24
0.099312124375017	1.93897090516667	24
0.098479472276365	1.86630268368132	630
-0.0621550837001	1.91974448882264	241
-0.056364659318908	2.0917480835446	241
0.121697383576056	1.29885029424182	241
0.033366795010927	1.31933503568608	241
0.067118666659622	1.45319815608103	241
-0.00603283330640503	1.74304332065372	241
-0.102659464907814	2.46739557617733	241
0.04727740401882	2.18377804807156	241
0.037947514945029	2.00696675151062	241
-0.0059562330199	1.74273766643353	241
-0.097939830677791	2.15640501005861	241
0.042007132032473	2.07767037254506	483
0.046979565610624	2.18517784341764	483
-0.091277433049155	1.54456950192923	319
-0.042066289731086	0.630748823283636	475
0.081790184575405	0.994500156911111	18
0.019715199013808	1.25747284964294	18
0.122677570585368	0.897957037313408	18
-0.118975437341576	1.48996262245738	641
0.050729617714078	0.833507949359797	694
-0.016441749899156	0.663094658546721	89
0.116383136768004	1.81274519897076	241
0.095417701658662	1.68696659743955	241
0.033883343358463	2.34993971800345	241
0.0812111138121921	1.99606036656019	483
0.053345814673827	2.318679694724	483
0.0971595114239689	1.75707566666054	241
0.03372139134768	2.3516304692727	483
0.061869594109273	2.01645203382878	483
-0.0259008558388471	2.23884095260415	483
0.017809065046073	0.732950060175185	833
0.00960385937098096	0.968543761219349	18
-0.042089496111302	0.630754759552082	392
0.02886606496819	1.02861603897024	89
0.113593991844348	2.31185614571364	513
-0.031856800749651	2.4399180548459	241
-0.099479045334061	2.30734156550493	241
0.031883693968688	2.31668093767097	483
0.014317612350369	2.37553467708224	483
0.014206906132805	2.3763203567714	483
-0.09368791408267	0.995116678033945	18
0.115120915008096	0.79715301838972	18
0.085790522470571	1.02824466297526	18
-0.043144243128334	1.26817345923179	641
-0.023134593171522	1.32998305078466	126
-0.00280090799564803	0.939500257128384	693
-0.098554588996423	0.353709685597233	392
0.017682134913054	0.732923026998396	89
-0.0545571097770871	1.04880896979304	89
-0.118457845445239	0.967757158139738	89
0.066291269445626	2.1600783063895	630
0.062210338662302	2.01489135289305	241
-0.0698771402096971	2.22478166274094	241
0.081479299129796	1.95485466736906	241
0.100048666629753	2.08098608612078	483
0.017651574411606	0.441465173551282	833
-0.016228414967052	0.662815534712448	833
0.063264431112624	0.508322918373419	833
0.053899378506138	1.15886523147925	18
0.064672878113317	1.22175923241261	18
-0.0978440320577571	2.00814536889566	126
-0.072829364465433	1.02261931607925	392
0.096616353695589	0.659805884953559	89
-0.00275392830912502	0.939513411706335	89
0.111123289706496	0.764273865968177	89
-0.11845294692131	0.967898691134635	89
-0.09938052393198	2.30765768675935	241
0.116184415616531	1.92127902035909	241
0.100275567389908	2.15349477654903	241
0.03418587277393	2.34917850840463	483
-0.012868914768288	1.88853406558832	483
0.05843446124667	1.90401699875282	483
0.049692812571753	2.25626750927048	483
0.011450978383854	2.3437041386619	483
-0.051742222533774	0.848030929183181	833
0.091466944138325	0.62169931960784	833
0.017921687581491	0.73290941491741	833
-0.11830047519012	0.967771091298143	833
-0.081594285995508	1.37812234802226	18
0.00319509034967203	1.41817373732349	18
-0.00401784084308998	1.16308430134186	18
-0.038111377288474	0.414177817025583	250
-0.057460161456501	1.43539655703252	126
0.01202367182408	1.22710670163345	126
0.124045519738273	0.933281205527403	126
0.048159832487555	0.470997103993803	392
0.091360124316574	0.622045105168558	392
-0.00264191085383103	0.939273660560237	126
-0.104624475565608	1.51762881715343	465
-0.032474509243327	2.4433422961218	241
0.068976409076425	2.26558763641985	483
0.092630673025652	1.6175532915448	483
-0.110822786698507	2.44037709160309	483
-0.041862343725929	2.14606241856721	483
-0.0137215832829271	1.13260716010756	18
0.029154133507894	1.0278739965689	18
0.042568427190018	1.09337883055189	126
-0.003953208873544	1.16293828498336	126
0.101467024812931	0.696480310691995	693
-0.102522194565737	0.78564073577593	392
0.117307556467192	1.27313632455223	126
0.060933333081333	1.97886208238012	241
0.10074708774963	2.328109032735	483
-0.020712875344761	1.86558310187854	241
-0.0219391947169429	2.27290960218879	483
0.052054233646441	2.32615640831738	483
0.090991871745561	0.622396171256163	546
0.01556067468184	1.81628630664268	126
0.00964196540074502	0.968393892493573	89
0.0566814041650801	2.46327955678742	630
0.037332771967161	2.41812422833738	483
0.00358719375063399	2.23866152958765	483
0.0328198953216829	1.93809833452436	483
-0.06971693096281	2.41733653836185	483
0.115314930452799	2.06477148014247	483
0.048355720772533	1.12633900187908	18
-0.0420151150564541	0.630374085506201	833
0.091425427238918	0.621915360766391	833
0.00320409808434496	0.697288451086869	833
0.066832150663736	0.895964717877258	18
-0.093658851157551	0.994938087164457	718
0.115124403348209	0.797154342776926	89
-0.038847154908591	1.82065555105783	133
-0.050525784484494	2.31259248235258	133
0.05273473191204	1.84197941705288	133
-0.035027934720085	1.99077878797702	241
-0.000119253288025978	1.94183522242571	241
0.05523936737744	2.39075048347933	483
-0.0557445169730531	1.62491439984215	740
-0.060551770428636	1.77809068545599	740
0.117765896355752	1.27162650937507	56
0.100278962866008	2.15331254177025	483
0.096390110203415	1.12781660284484	315
0.059049874565007	1.19133374223955	315
-0.0295925215255201	1.84360739121968	315
0.02886606496819	1.02861603897024	327
-0.01388149868271	1.35969150444097	18
-0.057673918303211	1.43608301410675	18
0.0645423859450101	1.22201636523321	18
0.101604732420919	0.696231098283398	485
-0.00270691094721598	0.939426980632852	485
0.101626157830299	0.696240291814015	136
0.0843112917921321	0.583903474694665	136
-0.023142033320414	1.33015876618628	126
0.11502085193993	0.797247926350976	126
0.019539334473378	1.25783967446513	126
0.084434139955068	0.583781834448672	89
0.075128371293633	0.5457500837636	89
-0.00263914845351998	0.939267867914455	133
-0.014027843263844	1.13299763205116	133
-0.085324397605846	1.18675771589494	740
-0.03418474519976	1.67338804909226	483
0.017921687581491	0.73290941491741	56
-0.119177297969067	1.49056629200269	56
0.081021630229091	1.30944323472561	483
-0.042066289731086	0.630748823283636	327
0.111123289706496	0.764273865968177	327
0.0337222129577121	1.31807149086796	18
-0.119010897173727	1.49029494240698	718
0.092938395483662	1.09480183109078	126
0.0750209619564241	0.545799116154301	89
0.07550310138156	1.28163740453726	133
-0.00421318851574104	1.16349574834751	133
-0.046857238238992	1.46515234947383	133
-0.112167939795806	1.84058365607022	241
0.068509245413039	2.22872976564187	241
0.00979436568418202	1.62150376279016	241
-0.00775290202135903	1.57288656140947	241
-0.075553564334205	2.05024043802961	56
0.00918674558537502	2.00376202694588	56
0.020157720298968	0.998122387966076	740
0.0992006744250959	1.97676292056388	483
-0.015804056939846	2.07408937318819	483
0.0779394155626471	0.960483862677428	56
-0.047074776178393	1.465578412968	56
0.100361790490694	2.15305123733325	483
-0.094078075317927	0.995717789138187	327
0.020207761213781	0.997697621906308	327
0.00981037392180095	0.968156161185521	779
-0.036704629978871	1.49369258049081	18
0.018014007904996	0.732649433554209	485
0.00303524391238197	0.69759436484439	485
-0.095916164882157	1.35027439713922	485
0.122336015902752	0.898519816877767	641
0.00299030427202895	0.697540867601289	136
0.050932569528318	0.833090556834481	89
0.030238569722612	0.767560566360836	89
0.041227119642511	0.800708807474198	89
-0.121983478453786	2.11782851963966	133
0.054449583056677	1.5987299779443	56
0.120601316810111	0.863858757013525	740
0.00933365195054703	1.79003855666851	483
0.00297928499994105	1.4189820184894	56
-0.085327684713305	1.1867500348482	327
-0.00264191085383103	0.939273660560237	327
-0.023209254330081	1.33015040691438	315
-0.044706849087289	1.64969830735834	315
-0.026694234329429	1.52086993514262	18
0.036098232033264	1.0605149760047	779
0.00284229766136301	0.697755670727159	485
0.063277903257855	0.508273973989328	485
-0.0163615331599321	0.663054207629342	485
0.089187143935487	1.06218052095605	18
0.01808033287871	0.732518919974955	718
0.074969385211641	0.545722332536396	136
-0.0332413060537901	0.879597911233598	126
-0.085396949174958	1.18683138644181	89
-0.03290896771568	0.878728341242511	89
-0.097944638137538	2.00866064792659	133
0.113293279792805	1.52935517817387	133
0.0350285929563841	1.52394377503848	241
0.116755928987711	1.62921296365689	241
0.05378938009399	1.15896897608094	241
-0.0157919213947419	2.07375834707105	56
0.00966163794160502	0.968417412565183	740
0.015542962224917	2.41540442792207	483
-0.093955632475464	0.995502353071431	327
0.105375151752967	1.44075696088486	18
0.050708532943279	0.833536822379356	485
0.041088586376288	0.801159832729146	641
-0.104180903666722	1.16195834079505	126
0.091164084470982	0.622299304766125	136
-0.085213924680047	1.18641160297409	126
-0.094149982720978	0.995665205566195	693
-0.00275115245477697	0.939449512722338	89
-0.038688600972386	1.07606933570764	89
-0.0911696780546331	1.54394371237922	89
-0.011262520915315	2.10629955956853	133
0.025158410413502	1.66885101711266	133
0.029571484295092	1.9051366175094	133
-0.095857448662583	2.49800642492367	133
0.089414566687435	1.58955588006333	241
-0.090474967114866	2.33179960844108	241
0.081998386108791	1.99222657058829	241
-0.048970818428714	2.12016504069451	241
0.039619220512547	2.49032799616204	483
0.035640362722091	1.97148445156106	56
0.040212890487504	1.34876956148799	740
-0.112136384983627	1.32460563992805	740
0.08584592082694	1.02814629300857	56
-0.00412394874548605	1.16338137489168	315
0.036229150284989	1.06058054974899	327
0.00967637584519498	0.968389805830619	327
-0.023092235745987	1.32984841285523	315
-0.104353657001583	1.51656028999515	18
-0.038685114837968	1.0761248974427	126
0.048052963427586	0.470904281816488	136
0.075313030370492	0.545493532457957	89
-0.111879934487354	1.32349363902721	89
-0.012702271058565	1.88839128229202	133
-0.024499204334815	1.69826791352309	133
-0.0559882831116491	1.62588521836193	241
0.104369774007931	1.18929397559508	241
-0.04699971488588	1.46547705031931	241
-0.043197612362173	1.96722360797934	56
0.115262512770971	0.796754325251839	740
-0.025312006227436	1.10396337520236	740
0.11837519267769	0.830013639264031	56
0.095750065185262	1.68553990151275	56
0.122425291697095	0.8984416103194	56
0.124256811748125	0.932478168848291	56
-0.111505469148355	1.32240214038175	56
-0.016412785933738	0.662981596025657	315
-0.086478777123577	2.02977522942483	315
-0.074252845534053	0.816670451212182	327
-0.023356571839212	1.3304276926224	18
0.00956945143643595	0.968523629004483	779
-0.016281321352695	0.662925995029655	136
0.069972117340406	1.25253390959232	126
0.017885151515488	0.441422043241892	89
0.042684637511067	2.07455165124933	133
0.031859630220029	1.69303357740158	241
-0.09043803884598	2.33145211681525	241
0.016504903919876	2.06875615798924	241
0.116741521347214	1.73926978602185	241
0.0304735082729331	2.28029732297218	56
-0.043435865971269	1.26948312946887	740
0.026324779731856	1.28987550917466	56
-0.124845316399352	1.97128461519553	56
0.05385775026379	1.15875885953201	56
0.028971553568901	1.02851966173628	56
0.026144995706455	1.29005408581639	315
-0.104285433566786	1.16185637231307	327
0.030166210951231	0.767669262259195	327
0.02058696980787	0.995949665288554	779
-0.00246213693610498	0.938383280668241	779
0.106382681004902	0.730865984271612	641
0.048167513635818	0.471016343360915	136
0.048198009660274	0.470952990233888	136
0.0859368972178251	1.02779183043352	126
0.00307849189864695	0.697565218519348	89
0.00507715269490905	1.97178716095223	241
0.062560059088454	2.05421089305221	56
0.054121541899671	1.15822724141553	56
0.060709689765682	1.42844722820255	56
-0.109265851379958	2.13591851379185	56
0.060622024028253	1.98034230729211	56
0.054046773853339	1.15851822628688	56
0.0525714390868281	1.84243841669534	56
-0.056218600432457	2.28069121744103	483
-0.0367566479024331	1.49374001675825	315
0.081129521900764	1.30918190402944	315
0.043015741946091	1.09241090181589	315
-0.104323413964286	1.51646585797268	18
0.106405643209764	0.731068209604634	485
0.090840332714853	0.622310929990488	485
0.111191141177085	0.764189511134367	485
0.082301483713854	0.993620696203029	18
0.111214832851478	0.764139415462275	718
-0.041968693252402	0.630667165648645	136
0.063408471126852	0.508125343240681	136
-0.042005881270846	0.630719515069575	136
0.036400215601918	1.06025756576674	126
0.101604732420919	0.696231098283398	89
0.116783039553448	1.81115694867201	56
-0.112098368922053	1.84043544087737	56
0.036481889279906	1.06004768414795	315
-0.051589579730977	0.847760717326087	485
0.043072459044791	1.09218615970349	126
0.075099719386491	0.545679040142965	136
-0.016335915718494	0.662959083307172	136
-0.104809784091838	1.51775453454322	126
0.086128144199856	1.02721327288785	126
0.0965910856076549	0.659917412289735	89
0.037612629546901	1.71915676392969	241
-0.0761464783963	2.3891039043334	241
0.0537795228314361	2.35856555696126	241
0.015486512975842	1.81660946094051	56
0.030119154425224	1.90235139755393	56
0.116683569915957	1.77579477992605	56
0.077830113668679	1.85107302121885	56
0.116463798206528	1.66724580251789	56
-0.00752695931332603	1.57194592082649	56
0.000969951272546954	1.59837280027093	56
0.086533457513414	1.3364336839176	315
-0.047037246167481	1.46554059992032	315
0.04018704705385	1.34880500224473	315
-0.014339134303499	1.71760797474875	315
-0.082480817394316	2.35798034537968	58
0.101358591738509	1.41454148292856	18
0.0426095763559911	1.09285470907148	779
0.0780861459810071	0.960134238545104	779
-0.07873101654742	1.57142925901844	18
-0.033262890990625	0.879669854109761	136
0.050841643660876	0.833318508644783	126
-0.069138517051728	1.21242917919825	126
0.118361092200194	0.83000698683485	126
0.060293852613486	1.62295035067118	241
0.084944227896593	2.2453813647974	241
-0.015122059723076	1.72096157290285	56
-0.036565821790549	1.49317902014975	56
0.054121239697977	1.40234587464275	56
0.085818857898341	2.24018659277713	483
0.001119353963418	1.59792305422746	56
-0.0172101448015149	1.54794801333387	315
-0.09523063774755	2.49515920017269	315
-0.0958344922630659	1.35034448826464	315
-0.0541670553297821	1.04846992441158	315
-0.105005587305902	1.51794775897671	315
-0.063384233830163	2.44513952457758	58
0.066832150663736	0.895964717877258	718
0.063185607178434	0.508383460359442	250
0.069700293575633	2.30088602472023	241
0.072373328212424	2.43961886655822	241
0.115410287951258	2.06437860317245	241
0.0574504270927621	1.90918649572103	241
-0.03554572191058	2.1743171691118	56
-0.07774836257526	2.19734693559278	56
0.072983096759987	1.47787955804398	56
-0.059242402049233	2.48250503943911	56
0.03592207114331	2.38309864452845	483
0.042174504979729	2.07708802737834	483
-0.014557796124084	1.71937211140913	315
0.00952764285016305	1.62206881048762	315
0.040190362164787	1.34901778564625	18
0.029154133507894	1.0278739965689	718
0.020267465870182	0.997741417684404	641
0.101336942055247	0.69653411354096	89
0.063277903257855	0.508273973989328	89
0.12084951918661	0.863564281581963	126
0.064516502821268	1.22232180717718	126
0.099699713567013	1.93695261073904	241
-0.120249415478992	2.26469989863318	56
-0.111159754142203	1.99077617284164	56
0.042983547689701	1.09252805736392	56
-0.086244711892604	2.02925189325817	56
-0.01718217344326	1.54792921967246	56
0.096294078190562	1.12801745952704	315
0.091253305477373	0.622188073930247	315
0.010985468338527	1.44785806385406	315
0.066766185126239	0.896125818164472	18
-0.095614119081908	1.34993578931638	18
0.066794230351654	0.89594418348838	718
0.082261501652283	0.993723836299674	126
-0.00279538862760498	0.939411626944587	89
0.096193410634143	0.66013025478103	89
0.020261929175948	0.997818496513494	126
0.048167513635818	0.471016343360915	89
0.075128371293633	0.5457500837636	89
-0.055853490900132	1.62511955102737	56
0.0808441213016931	1.30991273092464	56
0.00106882578227296	1.59762306726121	56
-0.065455239645593	2.07073860406103	56
0.04841636290596	1.12630669304647	56
-0.02478722792859	1.69886180818915	315
-0.04336220682581	1.26911778821522	18
-0.0980343570804339	0.353432748047731	250
0.047047336510669	1.37682687011584	56
-0.036635357705288	1.49350206932065	56
-0.01424871201149	1.71751060066161	56
0.117662392629846	1.2719605550048	56
0.028925911345457	1.02862165685476	315
0.041011352635689	0.801273952586243	315
0.0332972192759971	1.31922846571067	315
0.066797519060817	0.896049094442892	18
0.00452861430862095	1.19478192730293	18
0.08938274671017	1.06145411945063	18
0.121123399112572	0.862575753047227	126
-0.05426520685343	1.04885436118068	11
-0.075053757516349	0.59945569070679	89
0.033985435118183	2.35010401715957	483
-0.048936801966934	2.11995992942844	315
-0.00669900586803596	2.13728527201649	58
-0.049489900258485	1.80024503308839	315
0.092755817071937	1.09521638525342	315
0.028894468072883	1.02871421131662	18
-0.112059306779562	1.32466610331625	89
0.086103820967823	2.31294261859891	483
0.08627837255886	2.34935881994187	483
0.047270048623695	2.18382994839871	483
0.116429934237029	1.81280399381171	58
-0.023350675677637	1.33066180476549	18
0.084308290447826	0.583914618045903	165
-0.095817495598912	1.35059975311781	485
0.0538581973301	1.40342859108945	18
0.115086391559744	0.797222764842826	18
0.028922841663127	1.0285239909274	89
0.050937114505437	0.83297509996436	89
-0.085334249008608	1.18643401206979	89
0.115402012526163	2.09880599385635	22
0.00867250519199603	2.00571062787758	483
0.048776954732524	1.57303311743943	58
-0.123954018732561	1.65534996835026	58
0.069981525025261	1.25206526208965	58
0.059655165473687	0.864318905112001	165
0.040983370943716	0.80133427153077	724
0.106578207080757	0.730783485480508	724
0.066930590442735	1.45392186893005	11
0.118066374079305	0.830428372688354	126
-0.00273581280852198	0.939247017419504	89
-0.00270966697463204	0.939435683182701	126
0.118234861166679	0.830249191399859	89
-0.038757650677973	1.07612419014672	165
0.120972192551988	0.863177164297654	18
0.059407252134848	0.864420673888749	764
0.063291371738374	0.508166632881355	138
-0.0163615331599321	0.663054207629342	138
0.063487175909114	0.507986633485621	138
0.07507394885366	0.545783675338654	126
-0.01702725224526	0.910022538900263	126
-0.045321648398128	2.34402943371764	483
0.087653988625251	2.44992512652736	483
-0.039089535683404	1.82161065111666	58
0.01294104590783	2.036731671252	58
-0.098352883478491	0.353483822010577	293
0.0480761847510181	0.471043419126657	293
-0.042005881270846	0.630719515069575	293
0.030267446983573	0.767524505470819	165
0.00981037392180095	0.968156161185521	18
0.048129316552884	0.471060482975925	451
-0.051767812830155	0.84809156874333	126
0.050222094782059	2.25365088089335	22
-0.102884340396547	2.46836450817046	22
0.0607523381406611	1.97953810365557	22
-0.097772168503403	2.15560995222342	483
-0.054285675790862	1.04898009161567	165
0.106511239233643	0.730937039839339	165
0.084415246499077	0.583875515619935	165
0.096723180808149	0.65967225997152	165
-0.033168447407239	0.878848313433234	18
0.048091133154588	0.471042169258016	764
-0.017009569967118	0.909974685050655	18
0.084267323025439	0.583979591146226	724
-0.041908305713741	0.630579329942369	92
-0.075053757516349	0.59945569070679	92
-0.058983006607339	2.48111226450327	483
0.00303524391238197	0.69759436484439	165
0.00969974095591997	0.968426154649751	165
0.015592625208627	1.81634074464458	18
0.101575660041353	0.696331961700475	18
-0.096996344736511	0.352712982272515	764
-0.041847927464025	0.630459992763821	764
0.0751011590761021	0.545790922920221	764
-0.036816977758095	1.49323079675383	18
-0.118168458157863	0.967500403990842	724
0.048198009660274	0.470952990233888	138
-0.016281321352695	0.662925995029655	126
-0.0754107477259231	0.59972581114889	92
0.04454541232547	2.10966659577227	22
0.000258269206738992	2.20539731699012	22
0.068548218393809	2.26759204337234	22
-0.00594962061582405	1.9139358850204	483
0.083915016291833	2.09943457206412	483
0.0766332176061541	1.81519687136622	58
-0.062114769307815	2.25047531610143	58
-0.096996344736511	0.352712982272515	293
-0.118234459093518	0.967651830842549	165
0.106328339531791	0.731058558934121	165
-0.074187426761161	0.816606642247111	165
-0.041847927464025	0.630459992763821	18
-0.0788384068999189	1.57213075936291	18
-0.102437271138424	0.785639292487699	417
-0.056052536008864	1.62596640163723	11
-0.0170325384847601	0.910114911383211	724
0.091428365776226	0.621744954604799	451
0.017558948417229	0.44151093634167	138
0.075313030370492	0.545493532457957	92
0.075181351138205	0.545711507796161	92
-0.0561830961206941	2.28190802912086	483
0.0601439286025079	1.43017027153365	483
0.057706394451664	2.49750180429264	483
-0.05906714798011	2.48179235979998	58
-0.090441077420199	2.33171762979752	58
-0.035849921463751	2.17591632126422	58
-0.01484651234444	1.72058667918222	58
0.0914907082724939	0.621760743097196	165
0.0363185482017721	1.060396685606	18
-0.0546076241794981	1.04838326440176	18
0.092706608356615	1.61727904609163	11
0.048129316552884	0.471060482975925	92
-0.041885092082105	0.630573386077958	92
0.080798279214232	1.95842370908321	58
-0.098352883478491	0.353483822010577	293
-0.075135049387965	0.599550836734038	293
0.042715330464194	1.09304335524212	165
0.030043271663547	0.767619545845241	165
-0.062543411893734	1.92290374669105	18
0.084308290447826	0.583914618045903	764
0.063185607178434	0.508383460359442	764
-0.038473517099805	0.414356124603627	138
0.100188009953568	1.15889418962554	126
0.115183020234133	0.796685374894623	157
0.00283852674213603	0.697739283194232	92
-0.016255713429042	0.662862174171496	92
0.101655225066754	0.696139451980418	92
0.0965910856076549	0.659917412289735	92
0.100455704674178	2.29384508555764	22
0.035672729559814	1.97125618588534	483
0.026216233914665	1.87064840092765	483
-0.014151913865726	2.33821282850016	483
-0.03595356691389	2.17625865244045	58
-0.011174509257197	2.37376312700151	58
-0.051854317333041	0.848211428219714	165
0.048167513635818	0.471016343360915	293
0.00301461825294003	0.697663368297709	165
0.040026751605134	1.34936712925792	18
-0.099278232245566	0.35392746874739	417
0.122726742964545	0.897773763558564	126
0.0113389014749991	2.34419917063912	58
-0.024369653634242	1.69792106161154	58
0.017651574411606	0.441465173551282	293
-0.118168458157863	0.967500403990842	165
-0.016228414967052	0.662815534712448	165
0.084522203630556	0.583629406919959	451
-0.038343745757691	0.414362328106443	138
-0.037990233828196	0.414043933099704	138
-0.0754029400831731	0.599705268512402	92
0.072644584141367	1.47958465515403	483
0.092287944506357	1.61933757584707	58
-0.097314325335099	0.352888726716764	293
0.075260074216374	0.545605022666558	780
-0.016441749899156	0.663094658546721	165
-0.051813740537856	0.848049241128343	165
-0.043386752231534	1.26929850410957	18
-0.102500197789548	0.785757997478442	165
0.114979340398373	0.797333322539547	165
0.059519255386415	0.864533923182388	165
0.077718684467476	0.960769044562876	18
-0.055241524135154	1.23972043929069	18
0.10143796399458	0.696454001076441	451
-0.074101324313536	0.816499131413652	451
0.084500194595213	0.583737580326332	451
-0.016441749899156	0.663094658546721	92
0.101366013159498	0.696560403236024	92
-0.10258218567443	0.785881930049397	92
0.048144709897587	0.470603784478576	92
-0.0619375521682341	2.24913663617645	58
-0.069384086032262	1.21275733621669	165
0.050888203448457	0.833258632868648	165
0.036139721467995	1.06062761567574	165
-0.068844386637368	1.40589798833625	18
0.089347221107829	1.06183000145326	218
-0.124321648405899	1.65633367920577	218
-0.016175516073887	0.662673544333303	451
0.030267446983573	0.767524505470819	451
0.085926363308291	1.02792490974321	126
0.030036080177775	0.76775412514677	92
0.073177977015061	0.926866960778495	157
0.030202611170759	0.7672039451182	92
0.106439114394858	0.731042205742158	157
-0.0420151150564541	0.630374085506201	92
-0.044891977969977	2.34120511669505	58
0.084729692313625	0.58323943561875	780
-0.016335915718494	0.662959083307172	780
0.020438737061799	0.996922076929276	165
0.054009392335215	1.15863097554832	18
-0.0541531819307	1.04835622278154	18
0.00314130593738404	0.697441333128085	451
0.00313778146407295	0.697145036603345	92
-0.093977076923764	0.995677308316404	92
0.067968195094491	2.23157855938549	483
0.045473168496539	2.14892056974556	483
0.025389176626412	1.66769854665374	58
0.096550311400883	0.659917332501928	780
0.017948515857331	0.441276325037825	780
-0.0161226246794109	0.662495372105202	780
0.063277903257855	0.508273973989328	780
0.078078376298101	0.960138729154487	18
0.082098772900553	0.994177509644416	126
0.043763873770757	2.11344728128167	58
0.121917514830731	1.29808844853173	58
-0.073897552145217	1.90349642362944	58
0.030376929477937	2.28078853257741	58
0.106482980745953	0.730909735640533	165
0.026483256382108	1.28926984225595	18
-0.038470973906367	1.07565200611269	18
0.059264806771422	1.19094510352404	218
0.028940107675192	1.0286122190176	218
-0.085289764446022	1.18670287186486	218
-0.102415268225124	0.785666912193693	92
0.0912947995307271	0.622151746026057	92
0.072455813567208	2.43949879022419	483
0.040300620965014	2.48639420180754	483
0.049913036706069	1.80889014363143	58
-0.102665623269359	2.46731286093334	58
0.049851972540597	1.80852520628455	58
0.124317678379722	0.932598525698277	18
-0.043102653857656	1.26832197845265	18
0.00475578371979901	1.19415309240807	18
0.081871509841932	0.99444724052994	18
0.096545392504077	0.659943711696897	451
0.0729072738464	0.927611690399524	451
-0.051564089565075	0.847478749417598	157
0.066890350493408	2.19716014299719	483
-0.025732577048813	2.23796132269126	58
0.097803617207761	1.7934709075323	58
-0.021431973394434	2.04374738381256	58
-0.069612474769569	2.41737155460213	58
-0.120382442881724	2.41699282249627	58
0.08686294593475	2.34588612460629	58
0.059723120609582	0.864106785621324	795
0.012390511267483	1.22604027503775	218
-0.016412785933738	0.662981596025657	92
0.118312071891068	0.83013544900813	157
0.055325693773252	2.39019088703685	483
-0.011585281504836	2.37585094252283	58
-0.00265492346873197	2.16909938560972	58
0.037147958746336	2.41949395775983	58
-0.090444121661252	2.33159179574192	58
-0.049368670485054	1.79966472667338	58
-0.045073786160722	1.65071658200459	58
-0.110855039042837	2.4401924170194	58
0.030144492492137	0.767619627834334	780
0.100388598098535	1.15874289094437	18
0.0426847731755849	1.09321258697769	18
0.0668766519737351	0.895894704152792	18
-0.016255713429042	0.662862174171496	835
0.115127895440262	0.797097661927264	157
0.0364079149015309	1.0600731006246	157
0.018028442755938	0.732688152598174	92
0.040047430804508	2.48825787013703	483
0.015454533907352	1.81669388055171	58
-0.015523416832413	2.07249547994241	58
-0.075989353955119	2.38848768029848	58
0.00114192110156697	1.59761864350433	58
-0.121961809418343	2.11795492094311	58
-0.034781429224804	1.99017689662809	58
0.101424172102774	0.696482847151341	165
0.028894468072883	1.02871421131662	165
-0.00274830389302505	0.939222197028696	165
0.020154623788566	0.998122084382263	165
0.092755817071937	1.09521638525342	18
-0.038726613070269	1.07598570078681	18
-0.081342909262314	1.3770021863476	18
0.00948954044974204	0.968678686002583	218
0.106578207080757	0.730783485480508	218
0.048676861971059	1.125289408271	126
0.106555103494061	0.730743048142469	157
-0.00280090799564803	0.939500257128384	157
0.069424034521233	2.26315083238701	483
0.099812345947945	2.04729890894021	483
-0.076152738711612	2.38913105919065	483
0.074867102196677	1.78113285922411	58
-0.030993203039964	2.20860758816891	58
-0.0978440320577571	2.00814536889566	58
0.067884414126292	1.68219677460823	58
0.115464973044693	2.13240288395523	483
-0.066833246748329	1.59751934593071	18
0.028768662639584	1.02856558869351	18
0.096682380817284	0.659672230044936	157
0.00907491212807498	2.30669154444081	483
-0.04524454274173	2.34356448913146	58
0.057230434122444	1.90977496633256	58
-0.036539952177325	1.49316874828445	58
-0.00770363213993297	1.57278933384932	58
0.111191141177085	0.764189511134367	165
-0.054465550963523	1.04904101455468	795
0.059495353666729	0.86457604362879	218
-0.013678895265691	1.13205557360225	218
0.03011559412965	0.767705696631912	157
0.08443724960764	0.583815130524904	92
0.078581791083451	1.8476373570496	483
-0.06913528232559	1.2122722672144	18
-0.085110011545114	1.18607356027983	18
0.0729040887843721	0.927850074260705	218
0.120863778317635	0.863552757333763	724
0.017762798160516	0.732857137080317	451
-0.0939189378131891	0.995665967769638	451
0.00297151029416498	0.697635563753618	451
0.101467024812931	0.696480310691995	157
-0.0163615331599321	0.663054207629342	92
0.087079192144349	2.45385578485164	483
0.052013451078908	2.28538833421925	483
-0.082627291017666	2.35838650034755	58
0.035115332710174	1.52358270809023	58
-0.124281775896732	1.65626427287592	58
0.040026751605134	1.34936712925792	58
0.096939801038576	1.38812775912898	58
-0.069015714723954	1.21199764660259	165
0.106366987138921	0.731086016567874	165
0.118255673125599	0.83006903587321	18
-0.033233907202916	0.879631453075957	451
0.041006082187117	0.801172532030009	451
-0.07278017779956	1.0220004334108	92
0.0997318513304401	2.08382250517835	483
0.0164897061980041	2.40880933433297	58
-0.0757660688799841	2.38734231219509	58
-0.016816464355334	0.909529420532318	165
0.101467024812931	0.696480310691995	165
-0.032600892643303	1.29915370337055	18
-0.00410711750834003	1.16314030564908	165
0.040212890487504	1.34876956148799	240
-0.00756517836672299	1.57152166670145	11
-0.073991306393046	0.816234952867646	451
0.063185607178434	0.508383460359442	451
-0.0726284183671559	1.02231674754737	157
0.075181351138205	0.545711507796161	92
0.020105698254364	2.48121299205665	483
0.020956584775502	1.84416017223162	120
0.063500690585278	0.50798896479976	333
0.048137044135346	0.471051609861451	333
-0.072790694083213	1.02252246412554	165
-0.016387156575993	0.663061566941855	626
-0.069243928934838	1.21268516462975	435
-0.085355734858884	1.18666962534773	157
-0.042066289731086	0.630748823283636	92
0.00303432589534103	0.697538837656829	92
0.00614763690157905	2.27451975896203	120
0.033366795010927	1.31933503568608	120
-0.03775690953188	0.413628552068713	333
-0.075224295078979	0.599634201404957	333
-0.016412785933738	0.662981596025657	626
-0.034729864016902	1.67509157270893	11
0.124514575138603	0.931973778425716	435
-0.098554588996423	0.353709685597233	623
0.017941873253126	0.73286505952673	92
-0.00629626662392901	1.91576761543546	120
-0.016545965442813	0.663057988239818	165
-0.01630861954926	0.662972643880192	165
-0.00257685118434303	0.938870388572559	165
-0.013879076064666	1.35970277952168	795
0.075261538141902	0.545560938008652	626
-0.016334235224492	0.663007552598854	451
-0.075127181183508	0.599448766878507	451
-0.075240015986526	0.599593248021543	92
-0.0420430831368011	0.630677137943554	92
0.048129316552884	0.471060482975925	92
0.116394947052012	1.92001557685885	483
0.0777477287487271	1.50568323008563	120
-0.072734058875889	1.02256539831459	165
0.050710794196572	0.833449342403027	165
0.011137388759904	1.44716625717292	11
0.053787263436893	1.15894914505054	435
0.100543617262802	1.15818000229466	157
0.066652420538413	0.896058039594103	157
0.091098694249095	0.622340682489739	92
-0.052543677426075	1.94509982600702	120
0.091119402820051	0.622257069897141	333
0.106462358768315	0.730832786881369	667
-0.033262890990625	0.879669854109761	667
0.122766818878402	0.897655393662617	795
0.122751317541904	0.89762532641167	435
0.030216828572321	0.767608928160328	451
-0.104212929852183	1.16191810347535	157
0.063079844351383	0.508356092101914	92
-0.102541166752993	0.785872227558357	92
0.115330418858426	2.03014075504546	483
0.000573314307695028	2.20400385089197	120
0.045007861846274	2.15048120130193	120
-0.082651634033725	2.35875051892336	120
0.10630528379561	0.731024519851333	667
0.106194465360952	0.730958083807645	795
0.115086391559744	0.797222764842826	795
-0.036808666014826	1.49372435396227	795
0.0856547048581781	1.02844413889785	795
-0.024974987085188	1.10298416365353	626
0.040978039990463	0.801332141951838	626
0.106521662212925	0.730769002674578	626
0.059499125370192	0.864424087788331	18
-0.043267782825714	1.96730316050508	435
-0.051609898950477	0.847748253910572	451
0.063237475822118	0.508259419397331	451
-0.072589807937356	1.02222003348671	157
-0.10237436794994	0.785486517852404	92
-0.018105064051584	2.30637406777244	483
0.096481361496638	1.7217095822881	120
-0.082816309357468	2.35928217666169	120
-0.09558943680206	1.34990655180622	165
0.00294531359015005	0.697386606954188	333
0.042991206367628	1.09244815813459	157
0.106361830668377	0.731032519528418	92
-0.016518666460027	0.662951172837911	92
-0.017839207648142	2.30517527827013	120
-0.011099855493894	2.37351180973258	120
-0.120277614872369	2.41683746877677	120
0.075022388324281	0.545756932496765	333
0.0967435772623571	0.659608498567667	667
0.0912947995307271	0.622151746026057	667
0.118371801155769	0.829854669759377	667
0.059611122122143	0.864374641713518	667
0.12070972755969	0.863852792853037	667
0.059607363570782	0.864470326401724	795
0.092800539023185	1.09496271594565	795
0.00444803120333004	1.19502542225652	435
0.06463779019907	1.22192769872699	435
0.086233731312115	1.02688552705482	435
0.041049965119011	0.801241220018575	451
0.051025780009346	0.832687386118746	451
-0.051946230848009	0.848104610745125	92
0.115638147020773	1.92364829097124	483
-0.055880149244771	2.28029017247426	120
0.050236142290032	1.80772043913509	120
-0.086010682175686	2.02785961462286	120
-0.069770955362001	2.22450203862589	120
0.09877530111586	1.94040042759104	120
-0.033262890990625	0.879669854109761	333
0.106439114394858	0.731042205742158	667
-0.093817956399095	0.995506580891877	667
0.08581016560444	1.02788741628788	795
-0.104180903666722	1.16195834079505	667
0.07798873803486	0.960247613277874	795
0.120626534735461	0.863952346803874	795
0.109159680645963	1.21624644042295	795
0.063172144305836	0.508381075212563	417
0.111241827226724	0.763918439133669	435
0.00303432589534103	0.697538837656829	451
-0.073839923238086	0.815804916582811	92
0.020854556096227	1.84464566655699	120
-0.110827530351543	2.44010877100488	120
-0.032711681296535	1.2995135433954	165
0.030187946152239	0.767645000664507	333
-0.074256280257576	0.816460243625329	333
-0.054288888683491	1.04884468440464	667
0.096723180808149	0.65967225997152	667
-0.033212332998339	0.87962044583674	667
-0.08151303877252	1.37783794999074	795
0.066942624015939	0.895757981090526	240
-0.038726613070269	1.07598570078681	641
0.050820550375013	0.833419791904555	157
-0.051986780795005	0.848266740933482	92
0.00284229766136301	0.697755670727159	92
0.115119023161497	2.13456773291445	483
-0.058457406465766	2.47821118602718	120
0.076886637678633	1.81417117659293	120
0.021657038591501	2.1399928850635	120
-0.020637009979221	1.86516298003624	120
0.063343219674838	0.508238057982816	333
-0.00277742283487203	0.939519248983861	667
0.096438556878078	0.660098329044915	667
0.075154138563505	0.545752345612659	451
-0.038681624919386	1.0760927129335	157
0.063199066387906	0.508334523103492	92
0.048159832487555	0.470997103993803	92
0.086265559042475	2.31280294988875	483
0.116580658788564	1.73978680515372	483
0.0972581971962601	1.75671057574662	120
-0.078097545798654	2.19992810157699	120
0.066797519060817	0.896049094442892	795
-0.00542983463338798	1.38995098328007	795
0.020157720298968	0.998122387966076	157
0.096636748414928	0.659827762496698	92
0.048060623814151	0.471077472243728	92
0.026625796253733	2.20844711447123	483
-0.04015900494703	2.37407578303132	483
0.030058402635926	2.28244001840822	120
-0.00787804251169799	2.40669648508122	120
-0.042080298783546	0.630530345816743	333
-0.075321423367854	0.599706575982585	333
0.00310056827005101	0.697494286811066	333
0.072753008344973	0.92798523406662	795
0.030477047225427	0.766894083590797	18
-0.038101962939554	0.414130609919789	417
0.059499125370192	0.864424087788331	157
-0.028603272630916	2.47622499341556	483
0.00349673332532297	2.23912043596937	120
0.009592789153958	0.968594540372231	165
0.048175274861663	0.470945497752617	333
-0.0743389656665699	0.816648580414172	626
0.059447574892174	0.864594775743278	641
0.033384530691601	1.3193870212997	11
0.063264431112624	0.508322918373419	451
0.017807134329266	0.441473163114747	451
0.0751011590761021	0.545790922920221	451
-0.102667159015211	0.785951560164861	451
-0.033306010579182	0.879552427593375	157
0.096636748414928	0.659827762496698	92
-0.042089496111302	0.630754759552082	92
0.098724773637662	1.90346455475798	483
0.091101898976369	0.622283245957269	333
-0.00412394874548605	1.16338137489168	795
0.100440271683976	1.15859465327038	795
0.118129486835306	0.830466700584667	435
0.050776187706151	0.833492992697793	157
-0.074039234959029	0.816028367762159	92
0.089653890304404	1.5880552862199	120
-0.017070990318067	1.54753417267587	120
0.120726857246421	0.863837448394153	667
0.050773995500973	0.833434727162141	667
0.077726450583508	0.960599214152317	795
0.0424824259572319	1.09331369487462	240
0.048091133154588	0.471042169258016	417
0.017907262066864	0.732291382077844	835
0.017855298774389	0.732964424136766	435
-0.016927126718744	0.909955148110897	157
0.020261929175948	0.997818496513494	157
0.091232551320138	0.622135778002015	92
-0.016069740789741	0.66227241244221	92
0.124979729747494	2.39757248355029	22
0.098735312868851	1.97837049156628	483
0.113531776909006	1.52877092842282	483
-0.11200800252775	1.84003874477278	120
0.0347605045473111	1.52471117974169	120
-0.090541260438864	2.33144842100268	120
-0.062610017253552	1.92276692705025	120
-0.025262986018726	1.10363182247111	667
-0.016898939475831	0.909868635809946	667
0.111143784149882	0.764230476341464	667
0.078013387372894	0.960062807367619	795
0.0485269553445	1.1261041864666	795
0.042977336826217	1.09239369990854	795
-0.0325654179930031	1.29880630296655	795
0.106410855562397	0.731014996816122	795
0.017885151515488	0.441422043241892	417
0.122442046673355	0.898288866301486	157
0.041093935409697	0.801087862695575	157
0.115024354014782	0.797133521578463	157
-0.0938393747873441	0.995492928282878	157
0.081380819735616	1.95542405731906	483
0.0727225994328849	1.47933738254596	120
0.059583475006097	0.864512426311869	667
0.012349677735177	1.22629527235871	795
-0.00279818433735701	0.939535965995986	435
0.077547314399722	0.96080220152683	67
0.051025648564328	2.29067805173191	483
0.04004582022309	2.48817773062163	483
-0.072129537067212	1.75515368408898	120
0.00128381202397798	1.59735592544516	120
0.081227226221223	1.3088277686787	120
-0.119733549784218	2.26277283236106	120
-0.0992428826901141	2.30661520237541	120
-0.036212535260457	2.40863652442032	120
0.101676656508942	0.696127132054422	795
0.041022013287219	0.801252841972289	435
0.0967435772623571	0.659608498567667	435
-0.00282438384554196	0.939456161996305	435
0.122555922194187	0.898137987802473	157
0.00953134464301797	0.968621459505813	157
-0.051767812830155	0.84809156874333	157
-0.033212332998339	0.87962044583674	67
0.017941873253126	0.73286505952673	157
0.053820374965654	1.15874433476989	67
0.086401161353016	1.55955219321894	120
0.0813163991829839	1.30814974727375	120
0.093090811754519	1.09423074326722	795
-0.103909081296091	1.16112033604376	435
0.00970341925948603	0.968481213220923	157
0.106683824534521	0.730443542438687	157
0.082106482963932	0.994089787277874	157
0.059543165397823	0.864469592730684	153
0.00470546496288204	1.19417900233188	667
0.081733379161527	0.994495692533308	795
0.01957451620162	1.25786870855078	240
0.050886024863598	0.833150402131769	157
-0.11936355370626	1.49059508387715	67
-0.055323345977774	1.24000943521945	67
0.096896031709191	0.65916091625093	153
0.00296969497419597	0.697668597176143	451
0.082163289790898	0.993951978484212	67
0.041116599462428	0.801052662885613	67
0.106688959278513	0.730434799481231	667
0.0590473101344809	1.19133683236276	795
0.122555922194187	0.898137987802473	791
-0.023389948059492	1.3306860976005	795
-0.072795896182648	1.02264040176664	157
-0.1118311523182	1.32416995271775	67
0.08238303632305	2.06820554316014	483
0.065467923948906	2.12388955621319	483
0.067435982021269	2.19450577476934	483
0.0998014009082731	2.04701789661597	483
0.084500194595213	0.583737580326332	667
-0.0692895683092321	1.21273930262182	667
0.096544687152223	1.12711475488786	791
0.084371226517559	0.583859348821932	157
0.069990848799571	1.25230661659655	67
0.100306092065895	2.1887443780779	483
-0.023423353476818	1.3306944835772	11
0.115158926265748	0.797084598437523	67
0.00271114991597599	0.697772920055963	215
0.00294908055527099	0.697737592033022	215
-0.103977036930142	1.16148467356945	667
0.029735759143123	1.90440510198393	11
0.02040398870506	0.99715781007937	451
0.00291240882119304	1.41916285673384	67
0.101655225066754	0.696139451980418	697
0.097747123865534	1.79382667799652	483
0.017963326955765	0.441341043477748	215
0.082309125027744	0.99336127215643	795
0.073138695785644	0.926502817645364	795
0.017992995459897	0.441102845894737	736
-0.016281321352695	0.662925995029655	157
0.063343219674838	0.508238057982816	92
0.100819521884577	2.1858941552511	22
0.032528479788812	2.31393340278292	22
0.106717330508274	0.73028692914344	667
0.0631067478976231	0.508419637507065	215
-0.055298663154537	1.23985916074529	795
-0.102604151174065	0.785927542903538	795
-0.111725720391406	1.32343199998537	795
0.067025037993921	0.895194941131597	795
0.042573673967224	1.09336480842525	795
0.084204331235085	0.583989672620801	325
0.030318066175677	0.76741538842748	451
-0.03812077431086	0.414038094571237	736
0.101921620494001	0.69495614419581	157
-0.00548402666551995	1.39040177300817	67
-0.0163615331599321	0.663054207629342	215
-0.104251130457006	1.16192217547769	795
-0.057559708911809	1.43515983278057	795
0.048091133154588	0.471042169258016	325
0.120772496556823	0.863761313473001	240
0.0177143011176401	0.441519104636812	736
-0.038222961863263	0.414264406349458	736
0.084519064067727	0.583713359197363	157
-0.016335915718494	0.662959083307172	92
0.0751526903693121	0.545617365600518	742
0.0525714390868281	1.84243841669534	22
0.009668997909826	0.968557449629606	795
0.042573673967224	1.09336480842525	795
0.101618548979437	0.696204577260159	795
0.064603640757958	1.2218226862492	791
-0.10237436794994	0.785486517852404	325
0.048159832487555	0.470997103993803	736
0.036367829978823	1.06033006883637	67
0.09101257937746	0.622399868172444	153
0.063199066387906	0.508334523103492	215
0.117897910378951	0.830388412750211	795
-0.102623254532969	0.78578711733964	451
-0.033190742077624	0.879521667621264	157
0.026437560950939	1.28968229105051	67
0.101734786271922	0.695881018030326	153
0.096545392504077	0.659943711696897	153
0.017857684891732	2.44849098779162	483
0.077783562675242	0.960526048198246	791
-0.016335915718494	0.662959083307172	451
0.120986454397159	0.86316433386495	67
0.030267446983573	0.767524505470819	153
0.00303400169895096	1.41894172453452	795
-0.02520324269526	1.1037055192052	795
0.059587210401438	0.864461764795493	325
0.096193410634143	0.66013025478103	451
-0.095597124990144	1.34986554193951	67
-0.095849867244281	1.35060532139545	67
-0.051589579730977	0.847760717326087	153
-0.00279567265927205	2.47874691204048	483
0.048114455422043	0.470937287450026	215
0.059603011798249	0.864321106077235	795
-0.033255464639919	0.879557123819165	325
-0.093990827409125	0.995598102864822	451
-0.074276944220782	0.816610642593843	451
-0.069241967335429	1.40731552049673	795
0.115048379580401	0.797251752187961	795
0.0866344715447011	1.33592222703586	11
0.109050686717487	1.21678910433212	11
0.041127216408995	0.801029741977259	451
0.0843932388020811	0.583891294044359	157
0.053963447085224	1.15813083623525	67
-0.118234459093518	0.967651830842549	697
0.066866784974543	0.895858274606413	67
0.030267446983573	0.767524505470819	153
0.063172144305836	0.508381075212563	215
0.063264431112624	0.508322918373419	215
-0.11845294692131	0.967898691134635	325
0.059170081244318	1.19054253308232	157
0.115048379580401	0.797251752187961	157
0.00286291108509595	0.697800159750851	451
0.101618548979437	0.696204577260159	451
0.01777731021038	0.441303913539979	736
0.048045794888565	0.470997917343372	736
0.096555055186716	1.12719850654615	67
-0.0694155984335461	1.21261994553061	667
-0.104133109257504	1.16198400416238	215
-0.06917610622888	1.40728223849305	157
0.0409500888469499	0.801346017915586	157
-0.0729066798451971	1.02261508743757	157
-0.038612577316588	1.07603785305031	67
0.018120754932501	0.732594284903955	153
0.096682380817284	0.659672230044936	215
0.096527948656722	1.12730614632357	795
0.115304000732515	0.796631811155027	325
-0.102708246520331	0.785897774579404	157
0.065125722415098	2.12545414513458	22
-0.085110011545114	1.18607356027983	400
-0.098786150558657	1.86246932381578	444
0.0507784561049071	0.833412662069903	203
0.115082903568146	0.797182008122016	11
0.096546697660333	1.12720510206453	67
-0.078873305443085	1.57227572297519	67
-0.017042995043463	0.910049084680373	153
0.111306388860324	0.763884141915328	153
-0.055226104795598	1.23959778209915	400
-0.05537273542711	1.24012852966739	54
0.036286171226996	1.06049507382394	11
0.00461968864659401	1.19461067115183	11
0.072858444800004	0.927936580621221	67
-0.124319249984113	1.65629695129246	54
0.00464482919864795	1.19457123397653	54
0.040363574277434	1.34816794770986	444
0.116762301919372	1.62906926993513	240
0.115290110874545	0.79631781621454	67
0.121060600045943	0.862742652711881	67
0.10048282883524	1.15843507574449	67
-0.0817322200562161	1.37847386455432	67
0.00307655204450696	1.41887052000248	67
0.101568040044437	0.696317763664638	153
0.116299812352822	1.84954174935207	22
0.089214991439192	1.06199836419131	11
-0.017126932259607	1.54733399609416	11
0.00452861430862095	1.19478192730293	157
-0.054231524038976	1.04837697847007	67
0.050801784186238	0.833324789493295	153
0.106467457898179	0.730947526364226	400
-0.038858579490557	1.82060189191932	444
0.076717700186235	1.81504870157099	444
-0.081586698901031	1.37783847498953	157
-0.102415268225124	0.785666912193693	153
0.09657069967864	0.659939226936215	153
0.063394965740158	0.508064277585327	400
-0.057530701207418	1.43578781045534	54
0.124126091952116	0.933099419894389	54
0.017768719325702	0.732986033736395	157
0.0302746101922871	0.76738464964987	559
-0.0749646380190711	0.599304485288219	559
0.017807134329266	0.441473163114747	559
-0.102604151174065	0.785927542903538	559
0.115086391559744	0.797222764842826	157
0.096390110203415	1.12781660284484	178
-0.067196143241181	1.59870696868772	67
0.041066073762603	0.800951934763787	400
0.091404661651203	0.621955343661036	400
0.011040192943452	1.44772925526706	54
-0.074321776684566	0.816464432517311	417
0.075046740623488	0.545717615515664	559
0.0964777927641119	1.12740488719633	178
0.122711061364197	0.897178518855294	67
0.106521662212925	0.730769002674578	153
0.0843932388020811	0.583891294044359	400
0.040988741716828	0.801264572434265	400
0.027468493630273	1.49829678590501	54
0.099206562886803	1.82433816770822	444
-0.0754029400831731	0.599705268512402	559
0.084308290447826	0.583914618045903	559
-0.112104934357571	1.32467693252904	67
-0.016883202238715	0.909651878431025	153
0.096504635821028	0.660029290410333	400
0.041060664401423	0.801122703678353	683
-0.0136213960764739	1.35800481723292	67
0.115082903568146	0.797182008122016	153
0.096352093835923	0.660124404292348	400
0.106410855562397	0.731014996816122	400
-0.051523434977558	0.847573144561789	400
0.113241522910013	1.24498276638762	54
0.07532946281838	1.28208449831245	54
0.122368373859279	0.898507835644223	683
0.048052963427586	0.470904281816488	400
0.124292580575518	0.932731282728327	683
0.064170000761931	1.65274875790567	240
-0.074056657166924	0.81638992795693	559
-0.07262331176257	1.02234309930215	157
0.111143784149882	0.764230476341464	67
0.063250955301187	0.508320544769257	153
0.091600407510906	0.62140362472847	400
-0.118341291598363	0.967656052372211	400
-0.054238254417617	1.04886284514049	54
0.091425427238918	0.621915360766391	400
0.096504635821028	0.660029290410333	683
0.116684318736576	1.73927070956152	444
-0.038719637698417	1.07613925748687	157
-0.09830764845916	2.01027131136368	178
0.091077980933823	0.622380620436406	67
0.0486478600699231	1.57343320285093	240
-0.0295150462301	1.84336870872727	262
-0.017081600580887	0.909950495542739	203
-0.036696003371426	1.49366378871327	67
0.124292580575518	0.932731282728327	54
0.0893956536087161	1.0611867041479	54
0.03064496379149	2.27955554482481	444
0.120755362689707	0.863758001106822	157
0.00467962417925605	1.97304912417602	54
0.073012734226058	0.927526591685462	203
0.012219612854841	1.22680346715545	157
-0.111890959566259	1.32445337085861	536
0.101667543248216	1.41344862879378	536
-0.108829505721565	2.28373645284507	11
0.100248795011208	1.15891687807552	67
0.111214832851478	0.764139415462275	536
-0.055946601717951	2.28083859757649	444
0.047414319631403	1.37551251160459	743
0.111123289706496	0.764273865968177	157
0.084500194595213	0.583737580326332	157
0.07536728970497	1.77948565269848	178
0.08221241101027	0.993922046745771	67
0.063199066387906	0.508334523103492	509
-0.041824711396637	0.630454044297698	509
0.0843302922197891	0.583946577934216	203
0.045668612946193	2.14805136826953	529
0.116822943619778	1.84712903725009	529
0.034588007394033	1.52515688966331	67
-0.059971238139461	1.77476419299177	54
0.048501941533327	1.12607546699595	54
0.0508627674846061	0.833146652071288	157
-0.102645204396027	0.785905962761285	707
0.091143360720645	0.622339256267809	67
-0.072556294924683	1.02206572690046	509
-0.038754157663335	1.07612736507647	536
0.030064978116923	0.767718023455184	157
0.00470030613883798	1.19437472738148	157
-0.069201553094239	1.2123760911246	509
-0.041982672273346	0.630647826107759	707
0.00960586711727096	2.00210440328982	54
0.086575745525604	1.5587808851433	55
0.075234323214785	0.545649823465162	707
0.124045519738273	0.933281205527403	67
-0.118193639208266	0.967467872110204	509
0.075287287517624	0.545564195725926	509
-0.043063824884121	1.96589322479763	54
-0.054509703753986	1.04891041336246	157
-0.042029090058758	0.630725452876737	153
-0.051589579730977	0.847760717326087	509
-0.072878319375258	1.02251095255377	509
-0.016334235224492	0.663007552598854	417
0.106472594652315	0.730996143549834	707
0.0507784561049071	0.833412662069903	67
0.075099719386491	0.545679040142965	153
-0.00290738752929498	0.939148372688724	509
-0.0386505890528091	1.07608440185804	536
-0.057686624293577	1.43571139753787	157
-0.095874508336688	1.35070110658566	509
-0.026801936354091	1.52127487746342	54
-0.016520318870356	0.663134379752832	536
-0.074166731286506	0.816592436654914	536
-0.12437671155251	1.96805378669789	82
-0.00396091450672498	1.16293670207812	157
0.100841330929186	2.46586696350302	151
-0.00372554348756804	1.16198974414266	509
0.116275949639576	1.63117779914932	55
-0.072806187928571	1.02259290000407	157
-0.025101295301595	1.10313548521176	67
0.04084488936258	0.80133193786774	509
0.049862662376288	2.25556326679623	55
0.11613311449789	1.63145544307249	55
0.030159069318855	0.767629011155119	178
0.0841603651283021	0.583864902586556	153
0.075234323214785	0.545649823465162	153
-0.043752149958988	1.26972653554513	54
0.002112793465886	1.76570480515398	55
0.106573090148683	0.730733618380338	157
0.091644799878974	0.621144583586166	157
-0.074056657166924	0.81638992795693	707
0.066731561842556	0.89614612927632	153
-0.072929715278671	1.02237793588627	153
0.124353326185731	0.932546798910183	82
0.101416518534445	0.696530628409834	707
0.063421972840391	0.508127690026033	707
0.048091133154588	0.471042169258016	417
0.11519345212268	0.796995116441068	67
0.091617598820105	1.36290289698949	426
-0.058983006607339	2.48111226450327	579
-0.124253937336684	1.65596892359926	82
0.032514605461812	2.31413083804628	55
0.054748895555137	1.59766012206593	529
-0.068998338045189	1.21186110258123	441
-0.086232884214021	2.02921991258104	178
0.059631260375782	0.864406014988219	146
0.042079535826271	1.54877302311346	426
-0.057680228798546	1.43629199943194	82
-0.04325630219579	1.26842207863533	146
0.069256040023335	2.30256003458918	55
0.100233454783019	2.18906256243236	55
0.028954296636671	1.0285308452082	178
0.001233289343055	1.59752160302704	743
-0.05771549202767	1.43639673957443	146
0.084434139955068	0.583781834448672	542
0.017914928832515	0.441120871664386	81
-0.038232305482405	0.414275835906919	81
-0.036687095606699	1.49344713815458	82
0.0363185482017721	1.060396685606	146
0.063473657557236	0.507925612342817	146
-0.051808408102043	0.848128932209231	153
-0.042029090058758	0.630725452876737	153
0.091122632222559	0.622335582429877	153
-0.032736749902072	1.29961041766299	468
0.098151640300484	1.86805441385023	55
0.084603981980349	0.583572903561045	544
0.101589503540426	0.696178267004561	203
0.017963326955765	0.441341043477748	81
0.093478684248398	1.6543633138806	178
0.00440302024980399	1.19497108649364	146
-0.102311488236569	0.785296260314082	153
0.018100545250654	0.732585978686206	203
0.091229452906914	0.622236320719878	203
0.075287287517624	0.545564195725926	487
-0.075240015986526	0.599593248021543	487
0.063093297955259	0.508417242046547	153
0.030202611170759	0.7672039451182	542
0.073078764454248	1.74695489335632	438
0.064620858463244	1.22197512466458	544
0.0301084413714871	0.767689363487349	544
0.096611469191095	0.659853640291209	82
-0.0164930216918751	0.663087724450388	487
-0.072767564411144	1.02262963143096	146
0.073058385773918	0.927397614354712	743
-0.00550913717983004	1.39052223398938	743
-0.075142928248916	0.599571444913089	81
-0.072801060821945	1.02266537964766	146
0.017875477368701	0.732920077295328	146
0.101517531985938	0.696409457912416	153
-0.016849838063258	0.909603690889478	153
0.033618525887923	1.31867484186122	580
0.074942174040501	0.545763158963254	203
-0.04176434001203	0.630299228341388	81
-0.093753601208443	0.994936110866735	146
0.0845410928024371	0.583697557335818	542
-0.00266266410985305	0.939349280187943	580
0.072872586386494	0.927893000038633	544
0.106688959278513	0.730434799481231	153
-0.072661932213419	1.0224398466382	153
-0.085359028117235	1.18678422852048	544
-0.016310304284051	0.662761454214825	544
-0.0384550952589881	0.414291169728785	81
0.10166150453791	0.695804402445195	81
0.028768662639584	1.02856558869351	82
0.063329730916325	0.508235697146491	487
-0.075135049387965	0.599550836734038	487
0.104497308713118	1.18877061643146	178
-0.026670835476559	1.5209176384589	82
-0.011425784407589	2.10671845950144	178
-0.102390285219487	0.785012716812973	487
0.026437560950939	1.28968229105051	468
0.096479300764425	0.660012762681798	542
-0.085255128609124	1.1866194626694	203
0.106578207080757	0.730783485480508	81
-0.074146040742489	0.816512466993869	146
-0.104169479454203	1.16147980449038	146
-0.11883935879562	1.48958761844529	426
-0.063740284786861	2.44647065332188	468
0.115051871036953	0.797273144851552	544
0.106573090148683	0.730733618380338	544
-0.075232150203982	0.599654790054676	81
-0.052053036066266	0.84825042052051	153
0.00955468462208298	0.968525010918487	426
-0.00576173651293199	1.3907413957972	82
0.047206352665253	1.37638955079718	82
0.053976238058846	1.15861769269019	580
0.100397715227084	1.15869565659715	580
0.046827209261159	1.37710641086235	544
0.036514263155616	1.05992963493217	544
0.020047326620403	0.998279027251714	544
0.080756598810713	1.3098138603265	82
0.017807134329266	0.441473163114747	659
0.029002996225365	1.0283782794719	146
0.115017353410534	0.797304338435852	580
-0.074875569768949	0.599111080191056	81
0.018041660723745	0.441230120289073	81
0.075287287517624	0.545564195725926	81
0.096479300764425	0.660012762681798	81
0.048091133154588	0.471042169258016	659
-0.0420430831368011	0.630677137943554	146
0.069869106836112	1.25271230925744	146
-0.093724565567512	0.995046186482964	153
-0.038232305482405	0.414275835906919	81
0.091098694249095	0.622340682489739	146
0.101731848825767	1.41309301017412	580
0.091274054880803	0.622191717871612	81
-0.017065914392792	0.91011161215185	146
-0.013872734351184	1.1328356317241	212
-0.043428218187988	1.26928711148367	82
0.00121068277654302	1.59650197920335	82
-0.118864541085984	1.48951293979478	82
0.124322964582479	0.932666999828739	82
0.082727731530987	1.5307995085135	82
0.057945870922586	1.90688211166143	55
-0.068904854296219	1.40645820185378	82
0.111208498483671	0.763994576172531	82
-0.072713327930039	1.02213047766396	82
0.075234323214785	0.545649823465162	203
0.124126091952116	0.933099419894389	82
-0.081557286757911	1.37704489380414	82
-0.0141318658167791	1.36034093514612	82
0.019752643845461	1.2573190858015	82
0.0812764954855511	1.30863463283982	426
-0.023389948059492	1.3306860976005	153
-0.060505038381671	1.77807860319282	438
0.027247641591823	1.49928417881118	438
0.041595312396647	1.54931623569225	438
-0.00541508265400503	1.38998670989065	82
0.124211984500425	0.932967959616007	82
0.118389285832159	0.829962325025715	82
-0.057491210243946	1.43547545137238	153
0.011088791135466	1.44748553930274	426
0.058379256443348	2.49304287413621	55
0.03348822177314	1.31917055641151	438
0.114982838651213	0.797316343227134	82
0.089183599665323	1.06223378768913	82
-0.0250978598930151	1.10347675563196	153
-0.00399325468795098	1.16291748830087	212
-0.0253294983549111	1.10385664669217	82
0.00431723741335899	1.19521929028658	82
-0.032495342646902	1.29856830088722	82
-0.079050525333313	1.57238223076074	82
-0.0329811346407261	0.879109835102303	153
0.08584592082694	1.02814629300857	212
0.00316339246913699	0.697370404864275	82
0.111232150324555	0.764003500086687	82
0.019333417793051	1.47386517098407	82
0.115013858533517	0.797302130322379	153
0.066870070732413	0.895937121976554	153
-0.124061680543211	1.65582943337119	82
-0.023497971098545	1.33071354593262	153
0.120664093479715	0.863928912406167	153
0.026951810498993	1.50029866501777	438
-0.10235235414452	0.785514109137052	417
0.10143796399458	0.696454001076441	82
0.077914742430417	0.960538168092364	153
0.114979340398373	0.797333322539547	153
0.101835778802577	2.24996310409695	55
0.108981620194163	1.21711721253905	438
0.0410274033549331	0.801134420971553	82
0.089146281204208	1.0622923130373	82
0.079026096647512	1.88646408073641	438
0.07288672063133	0.927783439690302	82
0.120755362689707	0.863758001106822	82
-0.051981404921415	0.847985376117397	153
-0.11952466866119	1.49009993017052	82
0.0727954420109031	0.927977443523826	82
0.019572260287078	1.25797506868612	82
0.00450875125809003	1.19493064688676	82
0.00973416960192497	0.968299835530128	82
0.108576426064362	1.21829181010939	82
0.11125581079751	0.763992833069648	82
0.075181351138205	0.545711507796161	153
-0.081738682483689	1.37853656814041	82
-0.110274903612087	1.68237022879746	82
0.060283873654437	1.42999512212424	82
0.118315437422708	0.830099179731866	82
0.042709950462107	1.09322180810346	153
-0.016960511410826	0.910003387790672	82
0.042548502722246	1.09330467662956	82
-0.069266951645184	1.40748057634623	82
0.00293672729709604	1.41911810654229	82
0.0822845260848391	0.99325917333187	82
0.116618184793858	1.81207920744968	55
-0.087075054299896	2.17540163920331	438
0.12418158743058	0.93299502262236	82
-0.117929675030174	0.966650778077541	417
0.104278677962208	1.18953989999336	82
0.0363185482017721	1.060396685606	82
-0.043549472557581	1.26968909125998	82
0.028571976616086	1.02885804782817	82
-0.057754982694575	1.43638502360008	82
-0.0689601553810389	1.40670227611594	153
-0.104599515722315	1.51752019927511	82
0.00914508513960499	2.00425323511488	438
0.116128645281651	1.95667657324252	160
0.124192103613007	0.932890557622285	82
-0.054187416727964	1.0483573533087	334
-0.00277467314518598	0.939505288758611	334
0.026402680621628	1.28978567920509	82
0.11502085193993	0.797247926350976	153
-0.074056657166924	0.81638992795693	417
0.0729072738464	0.927611690399524	334
0.091167236068756	0.622220304538874	153
0.122173072837486	0.898592260415899	424
0.0631067478976231	0.508419637507065	153
0.091357004962392	0.621738986772904	153
0.059237536258994	1.19096519449917	82
-0.016574907106478	0.663033619029199	334
0.0914935934130811	0.621562684135761	153
-0.0169323535924441	0.909969798012273	334
0.030216828572321	0.767608928160328	334
0.120681218978383	0.86389504445934	82
-0.038654071680585	1.07600259679399	334
0.028726117215276	1.02892757014913	82
0.08441825342715	0.58359308397199	153
0.060170725101961	1.43022487241132	82
-0.0163615331599321	0.663054207629342	334
0.106356711728705	0.730905009139711	153
0.077832935012163	0.960643017421814	153
-0.054359882306979	1.04864995290288	153
0.050643132718631	0.833400353002629	417
-0.124064084729951	1.65586796618727	160
-0.051640719362645	0.84742512694835	153
0.00105593768146195	1.59815130080865	448
-0.0364967916845	1.49263093972151	82
0.096657140778425	0.659805941212877	153
0.0425550839202981	2.07519296496502	160
0.037932210587439	1.71739771783558	82
0.082098772900553	0.994177509644416	153
-0.00270408236602504	0.939260076031647	153
0.075218277178697	1.28218990899527	160
-0.0842149384611121	1.73163389481642	160
0.017768719325702	0.732986033736395	82
0.0843932388020811	0.583891294044359	82
0.07822512542508	0.959703784074155	153
-0.081743908994295	1.37830995155201	153
0.048428344161256	1.57369172025392	160
0.036065866603699	1.06065262210592	82
0.120626534735461	0.863952346803874	82
0.118175131290744	0.83041232827605	153
0.091229452906914	0.622236320719878	153
0.101286432440022	0.696543038899367	409
0.04083951622722	0.801347910398527	409
0.115244738554297	1.56053410164077	448
0.059699213802682	0.864217545723177	409
0.01115250804054	1.44746624811025	82
0.00554637755806198	1.96940270788582	448
0.115127895440262	0.797097661927264	203
0.019411672347306	1.47366470760816	160
0.048466337437542	1.12622208327257	82
0.066870070732413	0.895937121976554	153
0.084519064067727	0.583713359197363	320
0.084500194595213	0.583737580326332	320
0.053679627780347	1.40374927212483	82
0.082488841406285	0.992961465784916	153
-0.085185848789892	1.1863647526785	153
-0.073991306393046	0.816234952867646	409
0.030318066175677	0.76741538842748	320
0.011319546791956	1.44651768920146	448
0.048030140972728	0.471086554526434	320
0.00301461825294003	0.697663368297709	320
0.048717876935896	1.12561900807949	448
0.111140656006271	0.764099137704296	153
-0.069198288408785	1.21260371707587	153
0.0908817110629641	0.622366984737751	409
0.076404960961895	1.81601863208564	82
-0.055754125598577	1.62495961847567	82
0.118083843580105	0.830502237996785	203
-0.091488475012752	1.54458438420241	160
0.106467457898179	0.730947526364226	82
-0.085362318275914	1.18680487644342	320
0.00322619478161601	0.697217532176898	320
0.096529920771235	0.659845262382997	153
0.00451392730699396	1.19469895360867	203
0.047104453645244	1.37659574363974	82
-0.081569746461703	1.37805605078398	320
0.085876268214269	1.02809026303862	82
-0.00589003955761203	1.74261800354881	82
0.018100545250654	0.732585978686206	82
0.099681888375437	2.01095669558725	448
0.028634853120325	1.02892658963358	212
0.026518159389702	1.2892657972455	82
0.077475675422518	1.81132952073418	448
0.070299868055403	1.25071432210914	82
-0.00413169066637598	1.16330709638818	82
0.072826945029969	0.92797949832754	82
-0.046889659222567	1.46525380789086	82
0.040337100387317	2.04126330451656	448
0.082106482963932	0.994089787277874	82
0.075363935002157	1.28198044850718	448
0.111326844547221	0.763842207018556	82
0.017962056258793	0.732767940869475	388
0.106472594652315	0.730996143549834	388
0.094202185361392	1.65217745092238	448
-0.0241433697058721	1.69695789760462	388
0.077857609293188	0.960631718012069	160
-0.033053272251413	0.87930554498685	388
0.00301461825294003	0.697663368297709	388
0.017651574411606	0.441465173551282	744
-0.037999701638591	0.413940026884914	744
0.033547584526709	1.3184673596424	388
-0.025052210190354	1.10330632534201	560
0.106511239233643	0.730937039839339	167
-0.091057339642141	1.54354761247885	560
0.059566781172251	1.9424385689989	560
0.082276906488531	0.993614238844972	160
-0.054370660518772	1.04891581862762	167
-0.102371276659045	0.785502406310806	167
-0.074056657166924	0.81638992795693	167
-0.041968693252402	0.630667165648645	167
0.078103047143019	0.959999096534797	167
0.118266423815382	0.830246937213061	167
-0.043630823471366	1.26975729281268	192
0.069986172106877	1.25257846478114	160
0.00981037392180095	0.968156161185521	167
0.098940790618756	1.86485712869129	5
-0.00558642093707795	1.39058586586069	192
0.089322319291663	1.06187486360258	192
0.111306388860324	0.763884141915328	192
0.101416518534445	0.696530628409834	167
0.041022013287219	0.801252841972289	167
0.050752897695814	0.833511681599796	192
-0.0267270173458229	1.52073029291645	160
0.063500690585278	0.50798896479976	167
0.063329730916325	0.508235697146491	167
-0.06916678374173	1.21246992690346	5
0.02011292751588	0.998196937494472	5
0.122889795717361	0.897098826327411	5
0.122555922194187	0.898137987802473	192
0.017900032419528	0.441350213980641	167
-0.051986780795005	0.848266740933482	167
-0.051548948860771	0.847598546590723	192
0.101618548979437	0.696204577260159	774
0.017963326955765	0.441341043477748	167
0.083493453926075	2.06254734308566	113
0.00960016490921101	0.968637532039267	167
0.063408471126852	0.508125343240681	167
-0.00255602727209103	0.938556574382419	5
0.097180411672024	1.7186044574878	160
0.118385873862672	0.829641034423249	167
0.075234323214785	0.545649823465162	167
0.084481242056007	0.583537769419985	167
-0.0204733190295821	1.86393808129512	5
-0.104765165503854	1.51780390702283	5
-0.112073486969758	1.32467292917833	192
0.105277747718108	1.44124978087112	5
0.094561406184224	1.6498700477105	113
0.019387382063104	1.25829151053886	192
-0.069306942758276	1.21276387220846	344
0.082009662831658	0.99427443025629	344
0.082709873936716	1.53101062043211	344
-0.046969863061808	1.46534321143114	192
0.116129888988109	1.991345894131	113
-0.003953208873544	1.16293828498336	192
0.089216976913623	1.06211101592047	192
-0.085227041977842	1.18621709612222	192
0.09294566786224	1.09472183004466	192
-0.043305382818958	1.2689759875726	192
0.00461968864659401	1.19461067115183	113
0.064490640600209	1.22243403447138	344
0.020230284248981	0.997918159962934	192
0.064612248735211	1.22190929646768	113
-0.018341570715281	2.30722245842862	113
