x	y
-1.54110560115399	1.51517050346802
0.804150196357836	0.712431712436207
-0.260594489203997	0.131559221193867
-0.471940885671565	0.328935283128993
0.606480452143739	0.367614523278075
-1.24520758231297	1.02194211579956
-0.577063067083383	0.43440075790853
0.860938191758021	1.03487950837801
0.387524745750924	0.203731359245904
0.373063689449818	0.176309167899013
0.211865671605164	0.113835246684773
0.804001734642033	0.71185890819755
-0.235488423181181	0.138083855479216
-0.658835915529018	0.622299304766125
0.264537573070616	0.174438139402009
-0.00635228232034153	0.00354698853506701
0.399058289087215	0.261066486593233
-1.32946833469828	0.732965002131583
1.21248873398817	0.97117970489929
-0.889813078580762	0.758273976852272
-0.573214592148753	0.392266645889591
-0.351540797943445	0.276156680123495
-0.966810265983734	1.06709051291316
-1.22601851996831	1.31950511792397
0.264560847393479	0.174447546966387
0.769703353807297	0.713361334384664
-0.265593879861676	0.194154362331262
-1.40182099425293	1.05074397500167
-3.1447323408331	2.82370499356724
-0.788232305482405	0.414275835906919
0.396348882316361	0.226394117006074
-1.40196852319843	1.05043478762835
0.399448395916281	0.340582893557403
-0.791824711396637	0.630454044297698
0.533338993952715	0.41118004757257
0.116293465720791	0.0681174351116925
-0.510415937668821	0.457934244674187
0.142054178750599	0.0888368511386093
-1.74064666215519	1.5754150280141
-0.500400646108841	0.416145831678687
-0.934055074566501	0.91404265035613
-0.285150876711098	0.186416646333165
0.250513390435162	0.155108504066862
1.21246670797905	0.971335989947976
0.211857686193715	0.113839275081236
-2.54164992977452	1.7067351686568
0.387605725992851	0.203766496048981
0.399347543067605	0.293399579549052
-1.00956173625136	0.719582795507295
-0.472252264598415	0.329150030808219
-0.422256203593566	0.236584739055081
-1.04445204539498	0.874915515762286
0.128862234571198	0.0572251923644326
-0.967141718548018	1.06801105527549
-0.823994520466937	0.816145306359558
-0.449559643029099	0.282553005776485
-0.665669707780211	0.583946577934216
-0.172082087699161	0.103117467063856
0.0583970697951123	0.0368657115112645
0.250368394130716	0.154969982860933
0.769571520063183	0.713070408413511
0.196550516671539	0.145785143711548
0.116293465720791	0.0681174351116925
0.264574648130701	0.174478236700459
-0.732207785471608	0.441468073086455
0.0616700182489409	0.0238789606093496
-0.686906702044741	0.508417242046547
0.0479668102951513	0.0242035155870716
1.36217591035637	1.19728192741819
-0.167723743572673	0.0869307434564531
0.0584409984340268	0.036915350809846
0.234239882127293	0.135470630623029
-0.877256584690999	0.57705638656403
0.972426992729378	1.05439003179586
-0.100711867297307	0.053558502180433
-0.825208616825992	0.599276847842701
0.276686300569109	0.193508117395282
-0.732051484142669	0.441276325037825
0.0290643313532979	0.0172360612881144
0.25069825731129	0.155248653610278
0.0480130451548229	0.024225429664649
-0.322096027819269	0.231968199161496
-0.57685903938328	0.434149334010838
0.963461676012608	0.736846326547514
-0.686735568887376	0.508322918373419
-0.322348470771355	0.23213817577111
-0.0488491633688526	0.0266379092504318
0.264658266871447	0.174547011346903
-0.701862955864654	0.471051609861451
0.617745053337773	0.573829512967194
0.51259410340801	0.436238830941826
-0.766387156575993	0.663061566941855
0.750925784738589	0.546494659096437
-0.449551847246755	0.28255524491248
0.37294067854689	0.176245525558977
0.656151915825109	0.556501472754065
0.0855449313339043	0.0466444126680162
0.0480050835828071	0.0242224684999677
1.03231421993805	0.911417879412006
2.41060228499529	2.10873573044912
-0.572832255431306	0.391827788620206
-0.389928558046828	0.276305926072166
-0.877128198496476	0.577191008258668
0.398912452316424	0.260913069303393
0.048065854555806	0.0242465685272344
0.606746759712527	0.367950501034703
0.606638762526366	0.367790241599378
0.79652044983038	0.5464742420311
0.750925784738589	0.546494659096437
0.141892369815366	0.0887500114785208
-0.351823286685247	0.276549016111137
-0.235475303257102	0.138083428952403
0.0832939706201971	0.0557642125846758
-0.584887858367545	0.594807743119543
-0.686749044698813	0.508320544769257
-0.314867405965761	0.180451526135702
-0.23566015852801	0.138147306632353
0.399320357955416	0.29338142861375
-0.395605467282088	0.361244895173222
0.928777867705259	0.545067781172208
0.67165474986319	0.334887885324188
-0.47190363868862	0.32891647785336
-0.314837032959884	0.180433066341452
-1.04471516867313	0.874990540305417
0.211758999475203	0.113754851501744
-0.119705907888689	0.0731644759949217
0.584789793668832	0.379972034303177
-0.499948772006713	0.415644072437283
-0.82503796297973	0.599333001659143
-1.40191675653064	1.48399318087841
-0.449649024133895	0.282626986880979
-0.824122030630818	0.81651335162147
-0.119330652145054	0.0729033554825143
-0.167693368413642	0.0868997512133413
-0.326195899598995	0.279895182258415
0.0422153030570909	0.0299104691900951
0.365795892718222	0.150333644094674
-0.788353018666431	0.414337941238971
1.05647581657117	0.549811713656465
-1.12714961438317	0.724193919652426
1.21222890975055	0.971060007159056
0.963545976406489	0.737152407988497
0.58475959722206	0.379934996153133
-0.0760339718572247	0.0473650341811024
-1.40183833616669	1.48436533807887
0.399587112669457	0.309611469101884
0.234119701427991	0.135495466226445
-0.285113899572739	0.186378443168237
0.796412832540613	0.54632387049216
-0.167754090883061	0.0869546539632337
0.963409078782663	0.736933842807329
0.602188118792115	0.582715701476752
-0.28518786639213	0.186434024764144
-0.0490861725203619	0.0267669169635936
-0.00649619072655505	0.00362618846728953
-1.00952368242225	0.719592912783372
-0.171937931217338	0.103046922596437
0.047887776877987	0.0241619538247141
0.250763944228594	0.155289556810608
0.399588083058833	0.385010744640093
-0.265680101467543	0.194226915105528
-0.327335889648938	0.129624283363844
-1.12679749314645	0.723768445088123
-0.422298690168562	0.236548778149646
0.163691111572332	0.108867087785117
-0.788232305482405	0.414275835906919
-1.23430272897716	1.17056832595407
0.124014316155852	0.0920598944039944
-1.66978153680175	1.12073707888591
-0.00639887010765399	0.00357225047147287
1.0820125304491	1.08338423529324
-0.390010170761787	0.276421028544424
-0.100345964860746	0.0533501486030699
-0.824035939998639	0.816375692949902
-0.665628773482441	0.583859348821932
0.264621200685865	0.174506228380541
0.141944077139845	0.0887738399296703
-0.571737584667295	0.312608565413617
0.128617894345499	0.0571115897629187
-0.422363725502875	0.236700130314835
0.607013909009565	0.368113947865685
-1.81215013291437	1.31285472539129
-0.568481019853327	0.350153375981782
-0.701832486364182	0.471016343360915
-0.26554880296696	0.194126969543783
0.116368199676192	0.0681703696479722
-0.568458219242764	0.350038033489253
0.39891354314077	0.260897691895206
0.181547743075507	0.127765068502275
-0.0487956030897302	0.0266078382724499
-0.375990847869845	0.319678207050162
0.58475959722206	0.379934996153133
-1.00955415243895	0.719594277702576
-0.411404746753856	0.400861346553018
-0.731680327042315	0.732029233294185
-0.568541766074588	0.350174119857092
-0.581727585514941	0.5165131860896
-0.00479980150253003	0.00222543899707575
0.372715621940169	0.176108968034927
0.0615540730712499	0.0238263165776983
-0.173854045087214	0.117638793695144
-0.00798925563845653	0.00514941018505331
1.31601382519203	0.589391230638723
0.116232930713526	0.0680753285694624
0.294931840889298	0.229231446725761
0.0290643313532979	0.0172360612881144
0.396219281155119	0.226374014114269
-0.217624413620331	0.161220027005765
0.796455763646197	0.546406595576815
-0.28498370230448	0.186287806202676
-0.119465260841818	0.0730241295804546
-0.938906313504456	0.734349776969803
-0.322096027819269	0.231968199161496
-0.00467057234517247	0.00216620810420213
0.0835937245357483	0.0559856134374031
0.250750575245472	0.155274432661127
0.588921230003341	0.592128856000653
-0.00647290097493442	0.00361346614744142
0.387511878551028	0.203703880087379
-0.184627520138321	0.0791861460962011
-0.184271044593708	0.0790222441021079
0.123443024458728	0.0917109713772083
0.845926088576779	0.715062270678513
0.178250692646318	0.087868903847657
0.533338993952715	0.41118004757257
0.163564873806924	0.108792680582514
-0.171793801836589	0.102951867486592
-0.48773985319078	0.372891051623747
0.398834984692158	0.277080991308156
-0.686762524177882	0.508259419397331
3.02949401638461	4.93252780029327
0.234478219261989	0.135689432788445
-0.174024043661833	0.117746179954115
-0.7322707246791	0.441490978820015
0.681134523924624	0.550455151752996
-0.674791434292598	0.545622611509452
-0.0757570437027667	0.0471897109394555
-0.981505504330676	0.891295148402178
-1.22608467843593	1.32064684862152
-0.981425340198277	0.891193190806152
0.681134523924624	0.550455151752996
-0.889896617486106	0.758357339826199
-1.40160142778768	1.48348531173525
1.0819798819994	1.08407267577228
-0.0393570556733211	0.0249591729553041
0.606638762526366	0.367790241599378
-0.732021846522536	0.441299012127764
1.0439984206623	0.753790274969522
-0.38993138298359	0.276323571369034
0.276527333024065	0.193404830580203
0.211849784137663	0.11382783840282
0.398834984692158	0.277080991308156
0.398860270688586	0.260928559216684
0.564145183307959	0.389473891906218
-1.0094931847238	0.719548716819513
-1.27050791219214	0.884661458500863
-1.00962268959251	0.719542660462454
0.769674604177754	0.712970714858677
0.396284062791461	0.226395002349251
-0.314883095294388	0.18046152778602
0.750813604587608	0.546288457112092
0.11640554574906	0.0681864626339526
-0.00648664693834309	0.00362048714281482
0.497176170399837	0.461686114752281
0.276633318877016	0.193483226455459
0.656285226223935	0.556752931738205
0.16368840991316	0.108838711145048
1.12042880500867	1.25778129884721
-0.389955764282231	0.276364109155234
-0.47190363868862	0.32891647785336
-0.285043981003217	0.18633542576247
0.533245913804934	0.411170667653861
0.141919557864797	0.0887687130470317
0.546803549672268	0.399551531032605
-0.100532689740455	0.0534621458761021
-0.701862955864654	0.471051609861451
-0.889873267452747	0.758353213221804
0.533320052489699	0.411063399391082
-0.171672874969225	0.102850188008038
-1.22629535037432	1.32049243129713
-0.100524984420176	0.0534573894442428
-2.0618843804679	1.69776678752019
0.546869310078337	0.399571689674323
-0.766335915718494	0.662959083307172
0.178221803522451	0.087859016655947
-0.173958225918879	0.117700871705319
-0.0393085159363658	0.0249189849478088
0.681148814685048	0.550507144497065
-0.119412253858398	0.0729861393109778
-0.048928130971809	0.0266820435245928
-0.576965922644856	0.434268315425558
-0.791824711396637	0.630454044297698
-0.17198944513495	0.103050930947346
0.750918451769797	0.546500400749536
0.211887954999951	0.113856287486724
-0.573043063375869	0.392116283470683
-0.390116190617883	0.276471622817521
0.286545576800344	0.211745782117452
-0.358653698911515	0.230066631527229
0.028796287060234	0.0170738957105835
0.750937243272865	0.546463920727753
-0.390167837832985	0.276415129292261
0.0857828642932185	0.0467786521757069
-1.04446560025431	0.874951843477017
-1.32053167862064	1.32506944803707
0.396089831394072	0.226278388755559
0.123515650223371	0.0917803540039835
-0.314905683790335	0.180488007236133
0.0856766271852479	0.0467288268596743
-0.358640290259768	0.230034639766072
-0.701801990339726	0.470952990233888
0.75079203669179	0.545918887213088
0.632046398741327	0.352597545210657
0.0857428988252296	0.0467687674262433
1.04434466175505	0.754284813205743
0.234404021406471	0.135642044145342
0.681079413346784	0.550270340745516
-0.488006289505071	0.372900480695023
1.48127402261809	1.58969965882818
0.0856373726497179	0.0467057526082143
-1.24502179654099	1.02203226696656
0.11654967911571	0.0682554656091333
0.564332334827496	0.389653895586746
-1.32071767231333	1.32503504052351
0.372838340462595	0.176172443452236
0.656258050770637	0.556657931195888
0.27674083375271	0.193573768724026
0.898526453765479	0.723531388531303
-1.1488708296975	1.17270439918049
0.711955520499496	0.546473472346318
0.399591436244457	0.245265409014508
-0.0488759657752803	0.0266393217590307
0.796434639915807	0.546296788418666
1.21233652044068	0.970824474083088
1.51285570956803	1.26312899341026
-0.422320612835452	0.236661180017005
0.276713566146756	0.193546048520699
-0.11962432842317	0.0731207776275701
-1.04471516867313	0.874990540305417
-0.31484487118018	0.180441066493249
0.75082243090516	0.545918399919815
-0.701962072171393	0.471087613431695
0.750937243272865	0.546463920727753
0.399698378494952	0.245331839655781
-0.938971978520868	0.734455823851989
-1.40188477168528	1.05085158297314
0.750918451769797	0.546500400749536
-0.686485798413027	0.507940032132344
0.250829565904853	0.155311776681559
-0.389902765292212	0.276321754862654
0.264574648130701	0.174478236700459
0.750940416657925	0.546365990802168
0.387956532407656	0.203818684085569
-0.686893252102377	0.508419637507065
0.522281329542169	0.423797055534019
-1.66978153680175	1.12073707888591
-0.877234030673162	0.57722347245481
-0.472047704335293	0.329071112036136
0.76967609689596	0.713268882191315
-0.500248816324381	0.416075405525705
0.123490355899426	0.0917494452189474
0.250817382989207	0.155253586210511
-0.327335550717987	0.129625546394617
2.30598030909243	2.49319012850112
1.93396454256949	2.42711966358023
-1.1274949985448	0.724001242650154
0.65639133079792	0.556763346406444
1.15467757714598	1.10920392728072
-0.039439317665799	0.0250060004000574
0.366007310144161	0.150389420387711
-0.171854279210956	0.102994903376511
-0.0488491633688526	0.0266379092504318
-0.889943316561635	0.757988708239315
-0.0485990388451463	0.0264920099279714
0.751013853753835	0.54655060088885
-0.889729543678196	0.758074443440553
-0.825224295078979	0.599634201404957
0.87452612370025	0.878721619962993
-0.358732662393978	0.230114354749903
-1.12703244414615	0.724105062479207
-0.76630861954926	0.662972643880192
-0.314837032959884	0.180433066341452
0.212070993083521	0.113878641659245
-1.51115804482644	0.927162295997054
-0.701809625083862	0.470900828404984
-0.876978541060634	0.576712431640606
-0.70190117287605	0.471095771394012
-0.100704209772987	0.0535537703395433
-0.788101962939554	0.414130609919789
-1.00945513744605	0.719425138137918
-0.934140024016813	0.914098152341415
-1.0676766626128	1.02972457605802
0.141944077139845	0.0887738399296703
0.399720762046032	0.245300880797733
0.751013853753835	0.54655060088885
0.234112079861019	0.135489192248169
-0.449656806802103	0.282594576641388
-0.568526745642155	0.350010654970929
0.178661665260978	0.0880903270670572
2.0476713904531	1.45240659820839
-1.00966077046649	0.719307892669355
-0.576942594038448	0.434274061427803
-0.471889598542531	0.328852772332922
-0.314913534863782	0.18049000784073
0.307583764654373	0.262111052602879
0.116321892006772	0.0681330650452862
-0.235224426170279	0.137909137164948
-0.825232150203982	0.599654790054676
0.972402756486909	1.05483487911551
0.196702184755853	0.145911440949312
-0.00648246208559319	0.00361788921927842
0.211934111461218	0.113871149144747
-0.358680527282511	0.230076669085373
0.286457790440453	0.211646657646458
0.398820720900162	0.277025474674033
-0.224283721636834	0.149230159915673
-1.14254035383804	1.02052276315938
0.522202541907529	0.423598414061815
-0.939116750305152	0.734481046029501
0.0831999516188882	0.055695472204097
-0.00814076699264282	0.00524748175727083
-0.576993092209619	0.434187900621028
0.75090690912795	0.546464500138251
-1.14895574963006	1.17277655134832
0.398965812529665	0.261023979914902
-0.235316786021102	0.137981180349472
-0.471926829276133	0.328942702328004
-0.10062225280412	0.0535115969827204
-0.413667749602042	0.320793872973594
-0.10060690072741	0.0534984057920706
1.12038509420166	1.25758642286657
0.711835729156345	0.546436820610805
-0.131016263300777	0.0900113369121823
0.0857959848849942	0.0467930000380248
-0.449544062178421	0.282531156107745
-0.00651948015524466	0.00363872630473713
0.399217015706365	0.261114920942857
-0.585011105543531	0.59512894767316
0.0288508268156486	0.017108910813176
0.874927699131617	0.879297145890568
0.399565232217591	0.309557765449655
0.141918226728449	0.0887664170461289
0.769703353807297	0.713361334384664
-0.17589938277555	0.131887732440733
-1.27056950611993	0.885278385976038
-0.171807943033785	0.102948482806925
-0.119572665333446	0.0730925935206141
-0.56850361312045	0.350137185021699
0.211841965286831	0.113798584359214
0.181157440521945	0.127464634217304
0.178849601046866	0.0881451678385206
-0.67476713709981	0.545597783452129
0.635330632538308	0.564457217551197
-1.04445204539498	0.874915515762286
0.807063267370813	0.875974825995864
-0.471940885671565	0.328935283128993
0.301344370799203	0.245617339214261
-0.939024462235952	0.734093335797519
-0.659073541135697	0.622392220894145
0.0856897039185628	0.0467307539129102
0.804187280666296	0.712317950885252
-0.686749044698813	0.508320544769257
0.711769199762494	0.546256352478611
-0.57703974245666	0.434369516798473
-1.00955415243895	0.719594277702576
-0.351930081540779	0.276630397745374
-0.792089496111302	0.630754759552082
0.656312403674297	0.556815343915179
-0.358536204185177	0.229923387816294
-0.260329029925159	0.131417764875266
-0.658616108695442	0.621951736563866
0.892877784451339	1.03921822390265
0.128626494876668	0.0571126960744007
0.963554013368603	0.737102462140653
0.250553369184273	0.155126774488292
0.606840474184464	0.368014046586871
-3.24180826054276	3.04581459105554
-0.701832486364182	0.471016343360915
-1.00956173625136	0.719582795507295
-1.0442948303691	0.874612671953292
-0.0758613446971181	0.0472573155696398
-0.938985249993604	0.734486826092846
-0.322392253120939	0.232169480726966
0.0583779630996754	0.0368742710090945
0.250684905061533	0.155242539654961
0.142051476455936	0.0888577884553235
-0.0760533009637857	0.0473839636800134
0.0479364447408366	0.0241891330477726
-0.100256532291798	0.053290957732191
0.533282989455813	0.411145444164639
-1.4354066755383	1.78700967213206
1.51282686969678	1.26314411001886
-0.171877447008978	0.10300836389379
1.64832620840126	2.2258774356218
-1.08445219983833	1.18435363304479
0.116475015422518	0.0682251413948048
-1.03359207145676	1.19974411881959
0.963584205771531	0.737122253083976
0.0836386471869281	0.056014884870977
-0.265552773983052	0.194068316245134
-0.322137186716877	0.231987050042715
1.11260056216583	0.937590941216586
-1.00956173625136	0.719582795507295
-1.63516090488621	1.39539822720117
0.533185558195406	0.411110623257971
0.399550257329705	0.245208994329299
0.77987780011777	0.876256126482918
-0.413812652775072	0.320920649600339
-1.24510261178724	1.02227857312988
1.04382595187159	0.753163483259836
-0.572911281189244	0.391961099142485
0.522202541907529	0.423598414061815
1.08193336353027	1.08399928718163
-0.933762781114456	0.913535369249191
-0.413900585107279	0.321072021268116
0.804043307590794	0.71233864047186
0.399346206124844	0.293353645104424
-0.167754090883061	0.0869546539632337
-0.0761383398376614	0.047432157350192
-0.171816972074702	0.102965328684015
0.142239084177484	0.0889513788454928
-0.877149112430242	0.577216000555005
-0.389929969887617	0.276359669549728
0.564152751246519	0.389471809180536
-0.00625499653367304	0.00349264232361415
0.141972601536965	0.0888084008407711
-1.24528851254411	1.02241091253556
-0.26050123433033	0.131519082409796
-0.285053627335216	0.186330826663221
-0.322011037157674	0.231866624991855
-0.224363956956832	0.149288353019299
-0.119677366473292	0.0731471910441104
-0.389982968519614	0.276402027316149
1.36826785823903	1.36323770450564
-0.686656780325162	0.508238057982816
0.602259184496146	0.582859380756287
-0.224230772830144	0.149180058323105
-0.175919634649486	0.131903962046959
0.398780818069297	0.260842436667706
-0.17191476584973	0.103033463272345
-0.119571298130348	0.0730913852716358
-1.08451759652118	1.1843533689843
0.606573930730702	0.367747138860669
-0.305898496863741	0.282950498492965
-0.487528107083404	0.372641556643944
0.123414219855483	0.0916913597139219
-0.00831647071794103	0.00536026035772822
0.398872373781685	0.277094868971369
-0.686656780325162	0.508238057982816
0.750868604531952	0.54636055890442
0.399621764926025	0.24528629890332
0.0856373726497179	0.0467057526082143
-0.100793899580135	0.0535980179050429
0.116368199676192	0.0681703696479722
-0.732300657555277	0.441384704650949
0.398811843473839	0.277059701974975
-1.40175994456982	1.48426246745865
-0.939235516993964	0.73459676282174
0.512654811589944	0.436390526638643
-0.581486663189065	0.516030945774615
0.602168156569745	0.582728310864622
1.36847899550541	1.3638658606658
1.04409201173031	0.753962957849965
0.56404778348369	0.389315463518407
-0.171961096389896	0.103053583967166
-0.00627829462167297	0.00350518317385111
0.83849227356999	0.876919942220831
0.396068108708119	0.226269963646636
-0.00630159240941446	0.00351752396617418
0.399268783482216	0.355377466309398
0.142024289324118	0.088834502541531
-0.224522869966244	0.149385580535303
0.116345045748615	0.0681537780773569
0.584721353956748	0.379925831477889
-0.0785715154224317	0.0352603267586224
0.632177810904669	0.352614000083049
-0.472154521758805	0.329078329463428
-0.825142928248916	0.599571444913089
0.968777710393173	0.894831303474498
0.533282989455813	0.411145444164639
-0.573161765273624	0.392176229876356
-0.184617640808077	0.0791844639739394
0.0833969394353422	0.0558492320351235
-1.55190373958333	1.81427558011745
-0.422234825621056	0.236575732189162
1.0442507952022	0.75417682170438
0.399241455715525	0.293334087412803
0.0616700182489409	0.0238789606093496
-1.68657752983501	0.703681756485321
-4.18716485783141	1.51198812883872
0.671393391368108	0.334612044582887
0.372828104257578	0.176187601416706
-0.314707542694456	0.180254954843549
-1.96448596851255	0.956498553769595
1.34290899621575	1.01496515257567
-1.11409385166674	0.540651439280993
-0.422256388009115	0.236590327517095
0.632168963645606	0.352673317989728
-0.788232305482405	0.414275835906919
1.51274755477291	1.26322709321652
-0.422191800151715	0.236513786519909
0.490777233967603	0.474055598995515
0.693710317076415	0.725279210160063
-0.00643587924542967	0.00359301632558093
0.23420176261692	0.135550725555505
0.250790671040038	0.155292789736014
-0.579466484803377	0.475413960240651
0.546935005269843	0.39953482099376
0.3996138541701	0.245240556317635
0.210029544751432	0.163514750148001
0.740473234131663	0.716223363511951
1.24661532279128	1.79745453597946
0.155611002555222	0.126787233913766
0.155688372465746	0.126852228931337
-0.0948518594628851	0.0660796234985861
-0.583642259520937	0.556521520830535
0.17843765751352	0.0879488879768174
1.51246676694677	1.26229738593295
-0.314814424996404	0.18040114856928
-0.938971978520868	0.734455823851989
0.163584195930917	0.108799843938814
-0.0064125873499607	0.00358029417270733
0.116284536468204	0.0681178066573984
0.387511878551028	0.203703880087379
-0.00479974634476388	0.00222777119469707
0.399776379328832	0.32546269058336
0.398952751279318	0.261019310889639
-0.171831111220029	0.102975093490661
0.0479285507635982	0.0241829353640545
0.852952818714724	0.546952016374648
-0.791824711396637	0.630454044297698
-0.00475680929605525	0.00220672361861251
-0.825150817760178	0.599509934408343
-0.167784410327834	0.086973154849
0.606920023753657	0.368081471821074
0.211835479388691	0.113803455060704
-0.391724305318784	0.191524028484181
-0.701832486364182	0.471016343360915
-1.1128224518334	1.62631140046086
1.0430913708813	1.54240254827723
1.61929379610612	1.66848223652305
0.845688575970209	0.714621981252469
-0.212489504312492	0.172344875267486
0.838253967328347	0.876895031568286
-0.572911281189244	0.391961099142485
0.264778926388733	0.174621340640128
0.681102546937439	0.550386522987246
-0.100629944992226	0.0535126365530659
-0.877171466206336	0.577150150243609
1.6637398985447	1.51663739569065
0.0616411970429332	0.0238594640581304
0.116042406998645	0.0679420336446175
0.294649024931363	0.229126736383415
-1.40182099425293	1.05074397500167
0.602341628289836	0.582861681820614
-5.54269012333948	3.92239834752833
-0.217455541006197	0.161111172388021
0.547067476480811	0.399642096870848
0.58482001808895	0.37997695034666
-0.0788332563552394	0.0353882174785728
0.963401097638603	0.736897946780892
0.128731299422086	0.0571633654848292
0.234306721965948	0.135608476227016
-2.06204200266633	1.69838647226758
0.196574720155468	0.145796966263335
-1.63513010457781	1.39516657758567
0.048043370639892	0.0242397906790943
-0.576956172384241	0.434247580911962
0.606746759712527	0.367950501034703
0.085491672280226	0.0466198744971157
-0.00475680929605525	0.00220672361861251
0.963622449255186	0.737032606359318
-0.968279685877624	0.567057194652099
0.141946747916864	0.0887830221731782
-0.7322707246791	0.441490978820015
2.41083324700016	2.11011676105892
-0.0786392714965295	0.0352944119780959
-0.702008068561507	0.470948690948521
0.211918251717271	0.113865661807845
0.128731299422086	0.0571633654848292
0.0479827463402476	0.0242098150145323
1.06398097835505	1.23840565329022
-1.32945704925353	0.732853759751035
0.750925784738589	0.546494659096437
0.372950968880263	0.176251163954604
-0.0081408866142675	0.00267744478079309
-0.788464314880281	0.414424326723021
1.34281537634135	1.01484161778391
0.898444264260743	0.723439633854202
-1.27055405837643	0.88524530962507
-0.701969859027272	0.471086554526434
0.234268320977638	0.135508621840937
-0.788464314880281	0.414424326723021
-0.73228569888236	0.441519104636812
0.387537631223081	0.203721585062821
0.387524745750924	0.203731359245904
0.178236240272615	0.0878720950705939
-0.23539602597155	0.138035568356171
1.30822273219915	0.797691987551502
-1.35517165583896	0.474174060906171
0.37294067854689	0.176245525558977
0.301410936946005	0.245698749845167
-1.34497212212525	1.77082852794073
0.264611710694309	0.174500278389277
0.0855841566218966	0.0466768866551627
0.234127312196873	0.135493151380613
0.846045190403945	0.71521740606195
-0.674712712482376	0.545564195725926
0.898436685031673	0.723471675074255
0.264802209253012	0.174630751522979
1.02249331252454	1.06690079768204
0.399370433152367	0.370112852006959
-0.0759051448786092	0.0472913722500453
0.399340963719367	0.355416995114918
0.504527245921665	0.449325217126695
0.399737777611166	0.309715144360561
0.264755643837087	0.174602748105253
0.128731299422086	0.0571633654848292
-1.51115804482644	0.927162295997054
-0.686591528873148	0.508125343240681
-0.0488223758110372	0.0266260448981406
-0.358495878177703	0.22993924642698
-0.0487434176606647	0.0265806887940662
-1.27040006372588	0.885002340015008
-0.731958339276255	0.441230120289073
1.37256605852973	1.5319168782061
1.04418566840128	0.754070728099669
0.656285226223935	0.556752931738205
-0.00645917082308286	0.00360555572465806
0.607013909009565	0.368113947865685
0.656366764577668	0.556851668428262
0.128635112134114	0.0570972382496525
-0.235541515753558	0.138114100829824
-0.314943947858019	0.180508496860338
-0.732441051582771	0.44151093634167
0.365797749259746	0.15029510416954
-0.732114848484512	0.441422043241892
1.04434466175505	0.754284813205743
-0.731772496850196	0.732295106199063
-0.852645204396027	0.785905962761285
1.05615920010244	0.549561803212589
-0.701931635787829	0.4711048335323
0.504416505223203	0.449190127648149
-0.433597803918653	0.364884281622447
-0.933866387606185	0.913817896990738
1.1503789659688	0.774433753881929
1.36824040439905	1.36307690904494
-0.791908305713741	0.630579329942369
-0.322137186716877	0.231987050042715
0.264611710694309	0.174500278389277
0.0479061058216731	0.0241734985376833
-1.96398821246931	0.956159377765416
1.15048411346803	0.774365971673596
0.53323209335637	0.411160796994751
-0.525108502899817	0.537790783926574
-0.653474984668263	0.660007482888487
0.779805492458163	0.876253399465802
0.301277788366518	0.245526172838659
0.211781317206402	0.113772152167333
-0.298860101022677	0.237688026429349
-1.83905344754945	1.75855253484573
1.34281537634135	1.01484161778391
-0.172021587424904	0.103087776800566
0.769623073931675	0.713199877922648
-0.284933108818233	0.186210138831962
0.533292453228994	0.411220850834707
0.396240348787542	0.226360026749263
1.51293507506516	1.26330464690653
-0.0488357677346139	0.0266327969000951
-0.326152766755529	0.279856809596951
-0.577016417499633	0.434301298369839
-0.413730680333414	0.320888721656759
2.52381610284565	3.07688030556526
-0.100540405818408	0.0534632011451723
0.396111644177902	0.226268937832337
-0.413837630123317	0.321003545361389
1.36834733364942	1.3634932741219
0.56422737419145	0.389555636326398
-0.766361533159932	0.663054207629342
0.917573415746701	0.884600886453719
-0.100532689740455	0.0534621458761021
-0.665773692590593	0.583973930211519
0.75104417444328	0.546490588732559
0.0479747380547107	0.0242080962692441
-0.96814522350334	0.566902385585879
-0.571850481296198	0.312666676322475
-0.732456119062806	0.441453292209616
0.373186918798905	0.176352245678087
-1.12692027910398	0.723978664203291
0.178236240272615	0.0878720950705939
-0.391368449200474	0.19130152788782
-0.119410862413062	0.0729743072486799
-0.2988802591657	0.237699342993491
-0.889739439393221	0.757923214285955
-0.665440101127456	0.583556844305442
1.36829392314132	1.36354507986644
-0.167806752329096	0.0869693039478201
0.398806889390494	0.260867793545225
0.0616553482559604	0.0238703716137645
-0.788353018666431	0.414337941238971
-0.579090117832204	0.267455039000505
1.83315696625911	1.14006341558602
-0.184260968187063	0.0790176636787065
-0.0788269788881849	0.0353859300459337
-0.643388295288758	0.730674581713647
0.861017715970491	1.0350042771814
-2.68380367508382	1.94115029656109
-0.100377041712671	0.0533394629362397
0.25077730949292	0.155295680303515
0.806952808189603	0.875980833095336
-0.939209052150764	0.734638357608288
0.635692775513996	0.565109371608688
0.0585288005378674	0.0369794101178088
-0.48776714051348	0.372911243742093
-0.100524984420176	0.0534573894442428
-1.01102922292255	1.04682659260225
-0.171937931217338	0.103046922596437
0.60232470354801	0.582905598832482
-0.0487434176606647	0.0265806887940662
-2.24932375734641	2.72712894616356
-0.0789404054704349	0.0354352126325418
-1.13151982382572	0.867566618244343
0.546895990778706	0.399626688998168
0.963409078782663	0.736933842807329
0.399362417223057	0.244995586394772
0.27674083375271	0.193573768724026
1.11246881043441	0.937662436095658
0.75090690912795	0.546464500138251
2.04503402928056	1.91796711908977
0.250540046641692	0.155129683229478
0.234380973697782	0.135649480050334
-0.577086391382454	0.434395001497962
0.399698378494952	0.245331839655781
0.898534056931897	0.723499377018564
-0.322137186716877	0.231987050042715
-0.0786652342337771	0.0353041509350032
0.546579315923578	0.399227661212207
0.396046476092211	0.226243653582569
-0.968160264279937	0.567066206054291
0.852871940568314	0.546825607663817
0.250632505219279	0.155190304364966
-0.175919634649486	0.131903962046959
0.143446598920147	0.131349775656041
-0.00664012457361048	0.00370465466943885
0.399240135763075	0.293323481760192
-0.579296535169985	0.475401577626035
-0.719609554960052	0.767154114220621
0.123544444385558	0.0917999591205901
0.399159908508708	0.293233000552049
0.286504419689958	0.211703732844714
-0.877128198496476	0.577191008258668
-0.48758268181141	0.372653481611746
-0.449641252180695	0.282629245641421
0.0616264557748945	0.0238611614751663
0.365796592364056	0.150347828566248
0.211895891785283	0.113859386997973
0.163523595034267	0.108757021919746
-0.11978479919456	0.0732036973318082
-0.843977076923764	0.995677308316404
-1.35650162322078	2.19738916923703
-0.0488491633688526	0.0266379092504318
0.399627772921381	0.340663430261734
0.874947196666778	0.879421666083412
0.3962832670587	0.226310710172316
-0.167746238435569	0.0869469108163603
-0.579060886134685	0.267400175341313
0.387686875825049	0.203780516144307
-0.449559643029099	0.282553005776485
-1.00952368242225	0.719592912783372
-0.31487529078185	0.180469531977314
0.365797749259746	0.15029510416954
0.399445402301504	0.245109628862533
-0.0760120659596625	0.0473565155075544
0.96861032987998	0.894530621309699
0.606826204302058	0.368017845521227
-0.167822568183777	0.0869921519796813
-0.235224426170279	0.137909137164948
-1.08428001603188	1.18398362201332
-0.571850481296198	0.312666676322475
0.234209408113983	0.135557017197127
0.584729428763778	0.379865866604109
1.14978514242218	0.773583964004878
0.0615829893731542	0.0238409326210027
-0.472084972467567	0.329086525090447
0.6070937235966	0.368145307451031
0.769730612762067	0.713415955765321
0.584743628490391	0.37993126836576
-0.732192865670734	0.441473163114747
-0.176159003315571	0.132090929615442
-0.260486639341066	0.131500765009026
0.928532535536287	0.544905767686774
-0.38995717249119	0.276378670243734
-1.6352150541951	1.39487963636319
-0.422406153924719	0.236701653650632
0.631941480740873	0.352454317015294
0.372828104257578	0.176187601416706
0.37294067854689	0.176245525558977
-0.260062731532922	0.131194413679049
-0.0790660786633357	0.0354934239501734
-1.04454424783783	0.875037302287801
0.0479894016999248	0.0242070828318063
0.276581864658763	0.193470468193327
0.399438087502248	0.24508360369272
0.68102769657429	0.550378261045452
-0.314974334266225	0.180517382779914
-0.579090117832204	0.267455039000505
-1.35579670478113	0.474613983393002
-0.260422454505934	0.131473076198748
-1.27079948429644	0.885358424086186
-0.104360815899979	0.0290077066781166
-0.167883164706142	0.0870145895376265
3.06603055502147	2.38013168951969
0.632160133035675	0.352652701983811
-0.0628221950080649	0.0443306739163117
-0.658616108695442	0.621951736563866
0.564250149840858	0.389549415415737
1.11244681567147	0.937407616180729
0.116451858679516	0.0682159522077023
-0.0787328393819667	0.0353418953097744
-0.981372406947405	0.891057998572292
0.963401097638603	0.736897946780892
0.181395759602857	0.12766670417979
-0.746943588893125	0.697581345058754
0.0585288005378674	0.0369794101178088
-0.67476713709981	0.545597783452129
-0.583642259520937	0.556521520830535
-0.665606761197919	0.583891294044359
0.399080971909257	0.293155310902524
0.750918451769797	0.546500400749536
-0.449454684785548	0.282441571160091
-0.732051484142669	0.441276325037825
-0.0758201313271384	0.0472335094023848
-0.571850481296198	0.312666676322475
-1.04478040214959	0.875034643261629
0.584713362680071	0.379926319520258
0.71210023454814	0.546603825490813
-0.968160264279937	0.567066206054291
-0.701923815248982	0.471043419126657
0.564414409634204	0.389702848742374
-0.583463963884644	0.556144919096367
-0.48773985319078	0.372891051623747
0.546751032897838	0.399472875834704
1.11256634242361	0.937710941311817
0.0478598994186285	0.0241459676341155
-0.299125958895665	0.237910490096711
-0.314913534863782	0.18049000784073
0.372930405999128	0.176198353336861
-0.422384029963398	0.236548150992249
0.929988447256482	1.04603386707996
0.313263037070519	0.278364485643959
0.497202515998058	0.461576567719073
-1.40191852861841	1.48444968889206
-0.825224295078979	0.599634201404957
0.209692051578075	0.163259758441315
0.478051143197592	0.514273714772514
0.250605830440359	0.15518710398705
-0.0758008970647359	0.0472191690492665
-0.139584184695706	0.105796997542341
0.0478951238309963	0.0241632634006464
-0.100688927061247	0.0535323661912431
-0.235250744723944	0.137920266673397
0.396154537368834	0.226335141231484
-0.788353018666431	0.414337941238971
-0.391837132279878	0.191577190293029
-1.12703244414615	0.724105062479207
-0.389904182000159	0.276324804610237
-0.577411026828032	0.434303953559655
-0.314913534863782	0.18049000784073
-0.449288065965024	0.406959234228193
0.0479668102951513	0.0242035155870716
-0.285080963587514	0.186335439955397
-0.674871628706367	0.5457500837636
0.399267318521548	0.293356816796475
-0.449373191513552	0.282357849246829
0.0585918553379603	0.0370192038447161
0.564504048775446	0.389711454635039
-0.119413646587186	0.0729782863760738
0.533194990916055	0.411068231065921
0.564332334827496	0.389653895586746
0.7964775407151	0.546436206750712
-0.322224882148801	0.232048157503835
-0.265700655996439	0.194242465070307
0.399606472489069	0.309530548823971
0.264658266871447	0.174547011346903
-0.573201430999483	0.392228605869892
-0.22446989148558	0.149358942874387
-0.00471351223080486	0.00218494087160831
-0.702061148447174	0.470945196729944
0.0858883652709848	0.0468433639331458
0.399365547629545	0.325058143813598
-1.63506128236358	1.39412712756125
0.769836637271439	0.713404968703696
-0.449536287830222	0.282477104716803
-0.568435128141284	0.350055756569714
-1.14260067669355	1.02066115370797
-0.938945447499601	0.733995339864422
0.163586759975438	0.108801348504513
-0.119412253858398	0.0729861393109778
0.181551804261509	0.127792825572201
1.03211615560474	0.911081852028009
0.163713019558149	0.108875768416847
-0.791778278670169	0.63023596164161
-0.56834400715451	0.349927830323958
1.6636969038813	1.51644247306866
-0.731865129243729	0.441106968732687
1.24600584917066	1.14588779083778
-0.933866387606185	0.913817896990738
-0.889873267452747	0.758353213221804
-0.0490071340311382	0.0267250488141324
-0.172058927367155	0.10311081239665
-0.665754668238517	0.583947621249913
0.533245913804934	0.411170667653861
-0.314905683790335	0.180488007236133
-0.579175602489374	0.267377878491138
0.853209164762305	0.546997639818529
-5.18033009232114	3.15166380052778
0.853021070490942	0.546910029300553
-1.1269254750699	0.723652906776775
-0.96814522350334	0.566902385585879
0.584683124801269	0.379889250809324
0.0616553482559604	0.0238703716137645
-0.173980160570205	0.117722034894432
0.399548134704097	0.309530415835099
1.92292065016603	2.03863774691632
0.048043370639892	0.0242397906790943
0.398630197161081	0.276859229197656
0.398834155499902	0.260827743863624
0.399698378494952	0.245331839655781
0.546737724120211	0.399480929625377
-0.224416920480156	0.149326489856746
0.0290354800723843	0.0172179111621941
0.116088690904934	0.0679714760425284
0.617786041208643	0.573801635694511
-0.0490861725203619	0.0267669169635936
-0.224362360916797	0.149289333907045
-0.981609926814513	0.891235733129596
0.750850143544645	0.546259365345522
0.0478678062535957	0.0241529007811321
-0.173731030841636	0.117508339970507
1.11263885012019	0.93771101399471
0.399267318521548	0.293356816796475
-0.167723743572673	0.0869307434564531
-0.265569379973613	0.194142537482544
-0.449365358784094	0.282333748586784
0.399212954997496	0.293273871802001
1.51274755477291	1.26322709321652
0.584789793668832	0.379972034303177
0.0858353222994158	0.0468161299105287
-0.674792889721164	0.545690657241514
0.963370850303374	0.736798442331128
-0.674741391027964	0.545420306406661
1.02265390612536	1.06687071996267
0.181547743075507	0.127765068502275
-0.792140730414016	0.630498390847998
-0.00451931925775566	0.0020949671281846
-0.47190363868862	0.32891647785336
0.399045218082428	0.26107791038966
0.398751303919128	0.277008501801979
-2.37593954361623	2.2970985085859
0.91735983713384	0.88459815617751
-0.131147323350631	0.0901154101141619
-0.577197204212803	0.434346585822884
-0.358588196149511	0.23002237558786
-0.433422221275793	0.364763951655596
-0.732192865670734	0.441473163114747
0.0479747380547107	0.0242080962692441
0.54676433796816	0.399440426883127
-0.449827940395289	0.282731266711348
-0.32722589908764	0.129525375152013
-0.167806752329096	0.0869693039478201
-0.0788269788881849	0.0353859300459337
0.16330725581731	0.108513617501881
0.606732450583422	0.367923078259537
0.617633949705955	0.573627105982473
0.522281329542169	0.423797055534019
0.399624374491165	0.325372109335796
0.656338282398745	0.556778539148937
-0.224550146185248	0.149390211458941
1.18697983006501	1.28218695244773
-0.119466645047769	0.0730195618404143
0.963439305415341	0.737033359814109
0.512909913035259	0.436711637663413
2.41094543858835	2.11023673789115
-0.285248168671169	0.186457788970571
0.635712241634038	0.565136977878951
0.178221803522451	0.087859016655947
1.79960088055697	1.77544725000894
0.522225303003891	0.423604266288646
-1.27072298147689	0.885399734353617
-0.212540077295999	0.17240414329071
0.584629149493546	0.379576303003956
0.740495133282409	0.71628739187994
0.712047977779181	0.546600633082636
0.804113099523654	0.712433124334927
0.387431007706947	0.203668807909657
-0.0393776134712881	0.024972610225115
0.234291393901341	0.135604455620529
-0.877126600741735	0.577023179258317
-0.82521645061763	0.599532139278292
0.178344142351158	0.0879130866885018
-0.078745871602922	0.0353461577361168
0.211720780665111	0.113716184465266
-0.732378467286876	0.441435638108329
0.0582956717969009	0.0368237189747108
0.399698378494952	0.245331839655781
-0.100532689740455	0.0534621458761021
0.606732450583422	0.367923078259537
0.0479444191794637	0.0241924711034532
-0.825142928248916	0.599571444913089
-0.358338199255754	0.229763232599452
-1.00952368242225	0.719592912783372
-0.00645917082308286	0.00360555572465806
-0.17599150977241	0.131957118755786
-0.500138255989741	0.415949444097617
1.23097218362098	1.628124904035
-0.131123053864947	0.0900940267751824
-1.23454326143282	1.17073840362308
-0.173621071576	0.117433649679011
0.0479589629339549	0.0241959289933283
-0.284946743038968	0.186258778585444
0.852939962809722	0.546934303038246
-1.04443849416344	0.874753778962291
0.387537631223081	0.203721585062821
-0.877150432874458	0.577051214111517
1.12407159876521	1.57566971878517
-1.13140548629581	0.867021333043542
-0.422170152597646	0.236459087223544
-0.422320612835452	0.236661180017005
0.37294067854689	0.176245525558977
-0.674686969629508	0.545493532457957
0.968763405945866	0.894851243166186
-0.235541515753558	0.138114100829824
-0.235620881422302	0.13814836795115
0.38733733715432	0.203585026748655
-0.235409159682121	0.13803600571538
-0.433360101876516	0.364709457252257
0.399694028346507	0.309716645373078
-0.298946691877838	0.237766403306769
0.715461999691046	0.720296452449875
0.546737724120211	0.399480929625377
1.08195662259747	1.08406505818642
-0.235488423181181	0.138083855479216
-2.19317773508491	1.21121855507647
0.276553066672341	0.193398619698225
0.0855047295225229	0.0466274822827962
0.617728724978523	0.573612697304087
-0.4136866812588	0.32077107829202
-0.701870683447116	0.471060482975925
-0.00467057234517247	0.00216620810420213
0.631819214311294	0.352378760345744
0.396154537368834	0.226335141231484
0.711981637507327	0.546618402945273
0.852871940568314	0.546825607663817
-0.487659615823777	0.372805015575226
-0.573201430999483	0.392228605869892
-0.322200296650718	0.232034012070185
-0.224070331453259	0.149003137218608
1.47071900373908	1.75623426021801
0.546895990778706	0.399626688998168
0.387699641114235	0.203810552040452
-0.577002826250074	0.434347034870591
0.533315723427002	0.411212454690432
-0.674765676785215	0.545649823465162
-0.461848052365459	0.447189291269071
-0.119544100623782	0.0730686929218244
0.617749253219165	0.573725609780785
0.221569125323312	0.180576819129438
-0.571743456153145	0.312557694105377
0.25077730949292	0.155295680303515
0.0479747380547107	0.0242080962692441
0.681036505198026	0.550198685459675
-0.791899059019307	0.63044304553037
0.178236240272615	0.0878720950705939
0.178675874793748	0.0880918078933201
-0.171891600284617	0.103013652092688
-0.674686969629508	0.545493532457957
-0.100711867297307	0.053558502180433
-0.358680527282511	0.230076669085373
0.209744014293685	0.163302349082717
0.564317092367707	0.389632583146479
-0.583576043533161	0.556409517844478
0.399217015706365	0.261114920942857
-0.00651948015524466	0.00363872630473713
-0.577002826250074	0.434347034870591
0.512887991688242	0.436697103672068
-0.70190117287605	0.471095771394012
-0.686656780325162	0.508238057982816
0.656419821809539	0.556877278723426
1.37273335371078	1.53256434383476
-0.568678747303553	0.350006806005025
-0.0490861725203619	0.0267669169635936
-0.449462493686468	0.282465667764756
0.0479589629339549	0.0241959289933283
-0.171937931217338	0.103046922596437
0.250711605847258	0.155245755704872
-0.981451056118932	0.891182658817562
0.39876777631751	0.260803810478479
-0.358522758485451	0.22994932308938
-0.472252264598415	0.329150030808219
0.898495933152182	0.723144469655323
-0.89005388557204	0.758387165212466
-0.877318704480512	0.577012560144428
-0.701801990339726	0.470952990233888
-0.686578027159609	0.508127690026033
-0.686290479829681	0.507198181503293
-0.100629944992226	0.0535126365530659
-0.26585670904403	0.194298035991691
-0.10062225280412	0.0535115969827204
0.0479061058216731	0.0241734985376833
-0.449221961401397	0.406876760032293
0.181268476238753	0.127577741589605
-0.968152752066219	0.567121503023109
-0.285234469888592	0.186450253083741
0.250513390435162	0.155108504066862
0.276475847907459	0.193356630316495
0.211841965286831	0.113798584359214
-0.852667159015211	0.785951560164861
-0.0393159554797309	0.0249289803775808
0.547001762815925	0.399617013866294
0.264695320532999	0.174570131584808
-1.04432199529017	0.87455898053866
0.740643301565032	0.716404692220104
-1.32042587886447	1.32471548991879
-0.00486435955028876	0.00225474722485634
-0.00844750902079572	0.00544355644903052
-0.87719241026191	0.577211271023757
0.250355090141548	0.154954932246596
-1.27056950611993	0.885278385976038
-0.184495602328439	0.0791280415311326
0.584721353956748	0.379925831477889
-0.358495878177703	0.22993924642698
-0.938958711023036	0.734322134192378
-0.119439450446503	0.0730048395536886
0.23420176261692	0.135550725555505
0.276766540609185	0.193559234520196
-1.52280449040303	1.22064201753855
0.234493621485371	0.135675703937758
0.584622732899797	0.379711737328012
-1.51116602461278	0.927694205065401
-0.701962072171393	0.471087613431695
0.681148814685048	0.550507144497065
-0.119412253858398	0.0729861393109778
-0.119627047102514	0.0731073144010789
-0.260422454505934	0.131473076198748
-0.852563147890518	0.785844565177501
0.0855710855814217	0.0466692685549772
0.307756585076985	0.262086044800539
-0.00632898795488209	0.00353408767115909
-0.00484279931117502	0.00224682304483335
-0.00464881905447431	0.0021552090576274
-0.0489803984799141	0.0267132188815541
1.15474341908886	1.10922586789114
-0.967808404594	0.566591842753788
-0.314814424996404	0.18040114856928
0.564242568767649	0.389576900413468
-0.100369256397121	0.0533525851212288
0.396176409966509	0.226325721913052
0.0856897039185628	0.0467307539129102
0.196677964076169	0.145868147294492
-0.100443178122335	0.0534100513858687
-1.66965801865979	1.12075843298459
-1.14870428960968	1.17217190386863
1.36851924853759	1.36370108964016
-0.171975261730541	0.103067661326467
-0.00650993522150788	0.00363359785395652
-0.167792228123067	0.0869736387408147
-0.358574770830738	0.230008355533989
-0.119466645047769	0.0730195618404143
0.547001762815925	0.399617013866294
-1.44947553923596	1.34666902588091
0.399269964591808	0.293234967637659
0.617745053337773	0.573829512967194
-0.568351641997104	0.349910676355777
-1.44938339197614	1.34681940197719
0.264672040453276	0.174541981042422
0.128496054262865	0.0570471936487537
-0.322200296650718	0.232034012070185
0.234462773954596	0.135667554956805
1.03236752144278	0.911314788146664
0.853033866383466	0.547002647083637
1.2121859198127	0.970985606335259
-0.00482134538163185	0.00223622028267589
-1.13153535371861	0.867658783457998
-0.389745257261773	0.276081962308489
-0.825150817760178	0.599509934408343
-0.568412513831888	0.350074832940256
0.606934254365584	0.368046449019147
0.28639475084546	0.211604828749654
-0.10061457138053	0.053506852680468
-1.70869317560185	1.86211141399862
0.399427771188148	0.340575593841657
-0.314806633342869	0.180404619625564
0.53323209335637	0.411160796994751
0.211895891785283	0.113859386997973
0.178408925233274	0.0879707492156317
-1.40184012030513	1.48423814538764
0.0856373726497179	0.0467057526082143
-0.766175516073887	0.662673544333303
0.963554013368603	0.737102462140653
0.048043370639892	0.0242397906790943
-0.224336677934566	0.149274089294747
0.681050825914096	0.550390686111211
-0.0490594629448469	0.026755104726524
-1.47889255057501	1.64746131195401
1.0442650852691	0.754232399790507
0.740453857154362	0.716208123014226
0.567007226120823	0.612210750054137
0.898518839798478	0.723517076998338
-0.314974334266225	0.180517382779914
-1.00959222676061	0.719584185538748
0.769570043504722	0.713085410637289
-1.22083454816112	1.47091065301745
-0.573056252013549	0.392154337670413
0.584789793668832	0.379972034303177
0.804089835220899	0.712440424822514
0.264551372342609	0.174450099076039
0.39892755151948	0.27699433857672
0.399745314666342	0.245280454955888
0.11627031625817	0.0681082454094151
0.963485578094049	0.737033103872343
-0.939011804865643	0.734143578649317
0.286416693814867	0.211645171973911
1.05637042484898	0.549937742703155
0.898585554760745	0.723122303725808
0.396197438898127	0.226365511940548
-0.00471351223080486	0.00218494087160831
-0.824786552776952	0.598859514527893
-0.576989250936056	0.434217336157644
0.512759125271984	0.43647542070763
0.396175686819008	0.226339115191097
-0.877107195262802	0.577129826927392
-0.571862109960018	0.31258660103728
-0.968033043844823	0.567023112730889
2.4522800111156	1.30195468533053
1.30833867576296	0.79748357258179
0.711941293208047	0.546490151457986
0.0855177827123777	0.0466323453857927
-1.35091571216432	1.1824817039579
-0.933866387606185	0.913817896990738
-0.766573262377946	0.663104637362673
1.49721787533389	1.42988053565986
0.234194106334154	0.135535242488063
0.250804028871583	0.155279817492477
-0.44972297108106	0.282664634540686
1.18700574659306	1.28239709328681
-0.235462187373492	0.138072780517714
-1.67046621549002	1.12116238731162
-0.131167945964282	0.0901320351584368
-0.968279685877624	0.567057194652099
1.72108883618745	1.34622798832161
-0.391368449200474	0.19130152788782
-0.0788524695165049	0.0353770088011625
0.0479747380547107	0.0242080962692441
-0.260357985752607	0.131395186767185
0.178344142351158	0.0879130866885018
0.399045218082428	0.26107791038966
0.234217042819429	0.135554715301903
-0.449470313294104	0.282463449072139
-0.0789466320583325	0.0354412383139809
0.301424692815613	0.245674668560738
-0.877083255987638	0.576617221119818
0.846058516894194	0.715174091580805
0.564504048775446	0.389711454635039
-1.22061548149865	1.47085787728493
-0.877149112430242	0.577216000555005
0.399321690028494	0.293377910100217
0.104896410612126	0.0741403678084016
-0.579589984762935	0.475503009952037
-0.389904182000159	0.276324804610237
-1.94201224975719	1.50463660756525
0.584713362680071	0.379926319520258
-1.5110558718895	0.927170816332459
0.750842858445568	0.546344713229705
0.681065128684954	0.550417910328223
0.211887954999951	0.113856287486724
-0.176078071604381	0.132038669815729
0.387511878551028	0.203703880087379
-1.23430272897716	1.17056832595407
-0.571438507774477	0.312330254718005
0.928767656287062	0.545207466605494
-0.852371276659045	0.785502406310806
0.233932560005529	0.135341786270877
-0.100883640783606	0.0536391768639727
0.769783628750618	0.713437624154362
-0.131340291465666	0.0902446846737251
0.750730708390523	0.546206964542419
-0.933869734304217	0.913544117933911
0.0479285507635982	0.0241829353640545
-0.235158418201194	0.13785025037124
1.48111575292373	1.58971426281971
0.211887954999951	0.113856287486724
-0.877107195262802	0.577129826927392
1.04435891259757	0.754279565754827
-0.572990344273574	0.39206853349588
-0.825507917838031	0.599647704824105
0.163248869601046	0.108526375554747
-0.119359254656873	0.0729448682063679
0.602521130219697	0.582806198468112
-0.500074420317747	0.415863932501337
0.564317092367707	0.389632583146479
-0.100711867297307	0.053558502180433
0.0289022635929307	0.0171381812593115
-2.81281118163805	2.16588760926334
-0.171831111220029	0.102975093490661
0.211934111461218	0.113871149144747
0.533185558195406	0.411110623257971
-1.22604391557717	1.32058227347366
0.606905808623433	0.368049054219425
0.286501692822054	0.211716469912503
1.36836038186052	1.36369259288262
0.852871940568314	0.546825607663817
-0.390037371011563	0.276419788363124
-0.1718633119952	0.102970008030611
-0.0629811980915433	0.0444439033569025
-1.0675179913994	1.02948100786859
-0.487633965163832	0.372797634315868
-0.825142928248916	0.599571444913089
-0.171831111220029	0.102975093490661
-0.235303642562071	0.137970517714117
-0.788111377288474	0.414177817025583
0.546816875156251	0.399566848469562
0.141891042315833	0.0887378890503946
-1.23439959674861	1.17069584688429
0.584691164752436	0.379856682356652
0.635670921022849	0.565123666576565
0.398751303919128	0.277008501801979
0.398690755140477	0.276941906629452
-0.00651948015524466	0.00363872630473713
-0.0489147483452937	0.0266769411251259
0.116428702122489	0.0682030568622803
-0.897538630967863	0.940323696699579
-0.00651948015524466	0.00363872630473713
-0.981372406947405	0.891057998572292
-1.13144361242623	0.867435958813376
0.972657923208715	1.05478600096291
-0.171756506436492	0.102917399898034
0.796629057528294	0.546502925119404
-0.260249986440471	0.131363174492885
1.49700082772684	1.42940514270144
0.387362897339459	0.203602422991271
1.15013402987552	0.774255798157072
0.0857559934226779	0.0467736506521512
-0.0489147483452937	0.0266769411251259
0.399550257329705	0.245208994329299
-0.732036673044235	0.441341043477748
-0.167738302724452	0.0869260433210468
0.0478981651999103	0.0241685434406286
-0.00469223554792906	0.00217704265702508
0.0856766271852479	0.0467288268596743
0.399000722417802	0.293018170923285
0.085809101416214	0.0468035936787465
0.234127312196873	0.135493151380613
0.71182270436237	0.546419306318742
-0.00940109644110474	0.00309197435180766
0.372715621940169	0.176108968034927
-0.100532689740455	0.0534621458761021
1.04409201173031	0.753962957849965
-0.573227757311324	0.392266514424076
-0.576895935869684	0.434174621781823
-0.701939376185849	0.471077472243728
-0.167806752329096	0.0869693039478201
-0.358996489694739	0.23019656624536
-0.471987262164561	0.329014669520781
0.584691164752436	0.379856682356652
2.41071423634046	2.1090333374268
0.398952751279318	0.261019310889639
1.31729408016793	0.590203599966043
-0.73178653288045	0.440962554763671
0.372817885836604	0.176161081982385
-0.732207785471608	0.441468073086455
-0.422363725502875	0.236700130314835
-0.422406153924719	0.236701653650632
-0.422299294346764	0.236652215203968
0.264634988622785	0.174528423682581
-0.358626885295045	0.22998067903823
-0.284946743038968	0.186258778585444
-0.0393365030093654	0.0249446561305499
0.79652044983038	0.5464742420311
0.845754479843353	0.714688641939491
-1.27087583065267	0.88522210511978
0.852952818714724	0.546952016374648
-0.487449567927641	0.372427493305648
-1.52288917648104	1.22103436031875
1.26767144342387	1.31651925107115
1.36846594563983	1.36392177573483
0.779632252354112	0.876035374220368
-0.568557201492344	0.350052320551455
-0.823991306393046	0.816234952867646
0.396111062600139	0.226300322457463
-0.422234825621056	0.236575732189162
-0.00657979808016496	0.00367176203867503
-1.40194851214909	1.05050154752164
1.2463573351389	1.1458390220679
0.564391425580226	0.389538938922036
-0.686643295235763	0.50818911175335
-0.579211569978325	0.475305661180453
1.52784463210771	1.0661843353169
0.372715621940169	0.176108968034927
1.36208359419639	1.19684373267159
0.399212954997496	0.293273871802001
0.0857166974560899	0.0467505479059537
-1.3294270748627	0.733061521380134
-0.171854279210956	0.102994903376511
0.546816875156251	0.399566848469562
-2.68380504525343	1.94089329311578
0.0478049209302796	0.0241139725386732
0.532944050487101	0.410601365428437
1.26786196807041	1.31690885537426
1.66352440786066	1.51618736173526
-0.825305771267545	0.599583968274633
0.178408925233274	0.0879707492156317
-0.472182729130689	0.329071383385864
-1.93107595421165	1.94610274630828
-0.358588196149511	0.23002237558786
0.804182894416446	0.712153588700034
-1.63528384391216	1.39548147626719
-0.579255505788466	0.475298800982053
-0.658509291727506	0.621760743097196
-0.499967443467634	0.415727067073684
-0.686749044698813	0.508320544769257
-0.968503241782958	0.567042315970506
-2.17622253062026	2.52676069466625
-0.981505504330676	0.891295148402178
-1.40192841274304	1.05049717063142
1.15002904169146	0.774161366781223
1.51285570956803	1.26312899341026
-1.94210338431566	1.5054945356292
0.522228307050352	0.423705860585646
-0.167715939625543	0.086928424290891
0.715466063578997	0.720455500194939
-0.094565597638795	0.0658831806182571
0.546988418746887	0.39964943368048
0.178408925233274	0.0879707492156317
0.898436685031673	0.723471675074255
0.211895891785283	0.113859386997973
0.083531860600796	0.0559422626006625
0.155428481308486	0.126593187942875
-0.658705200469273	0.622151746026057
0.399583361571094	0.325359390748264
-0.217586494139656	0.161206785290068
-1.24528851254411	1.02241091253556
0.0860069998865555	0.0468940377087505
1.04435891259757	0.754279565754827
-0.968040626027814	0.567014988604947
1.02254486376266	1.06702666289685
0.681102546937439	0.550386522987246
1.37281699540143	1.53253161115609
-0.171816972074702	0.102965328684015
0.584743628490391	0.37993126836576
0.0585726739901592	0.0370012414493682
-1.54111924579196	1.5152294871778
0.6356490617536	0.565110324997158
-0.50003147918059	0.415829258616164
-0.939209052150764	0.734638357608288
-0.00651948015524466	0.00363872630473713
-0.0489147483452937	0.0266769411251259
-0.413796713408527	0.320906444984613
-0.00644961089764576	0.00360056110007621
-0.686735568887376	0.508322918373419
-0.119466645047769	0.0730195618404143
-0.573148582352656	0.392220049465515
0.584713362680071	0.379926319520258
-0.100719535592776	0.0535595262511556
-0.00837846316080255	0.00539937770157817
-0.731958339276255	0.441230120289073
-1.44916168273812	1.34654902241603
1.24617792011755	1.14624413498319
0.750730708390523	0.546206964542419
0.163628004413102	0.108832428913685
0.7964775407151	0.546436206750712
0.25077730949292	0.155295680303515
-0.686591528873148	0.508125343240681
-0.422234362271606	0.236418791627664
0.0857298001699369	0.0467611300263588
1.51266839892472	1.26305167166492
-0.039776312685833	0.0252076498907858
1.61932424831513	1.66835184272273
-0.825224295078979	0.599634201404957
-0.576942594038448	0.434274061427803
-0.686578027159609	0.508127690026033
1.04427939074659	0.754117796960099
-0.674658279913584	0.545327769695141
0.796670973060883	0.546082279044721
0.396132754922445	0.226326677718278
-0.572898061025124	0.391961181557989
-1.32938572253344	0.733074998982863
0.898256993301542	0.723151630240779
-0.981265027108978	0.890557154783962
-0.732021846522536	0.441299012127764
-0.235290503145764	0.137949646882033
-0.89005388557204	0.758387165212466
-0.0488223758110372	0.0266260448981406
-0.260515813735499	0.131513276350311
0.398873322187915	0.260949289938167
0.804099253095311	0.712248168245602
-0.0488223758110372	0.0266260448981406
0.396175686819008	0.226339115191097
0.0480050835828071	0.0242224684999677
-0.167754090883061	0.0869546539632337
-0.0047138086914673	0.00218770251866513
-0.801589579730977	0.847760717326087
-0.0082303190676378	0.00530493174834557
-0.889933464924159	0.758398727133385
-0.471926829276133	0.328942702328004
0.750940416657925	0.546365990802168
0.399460747825954	0.309473285617717
-0.184617640808077	0.0791844639739394
-0.260235539921703	0.131347478886903
-0.26554880296696	0.194126969543783
0.0855710855814217	0.0466692685549772
0.398926616585652	0.260959883765235
0.0857959848849942	0.0467930000380248
-0.00651948015524466	0.00363872630473713
-0.0488491633688526	0.0266379092504318
0.845846953081435	0.714973032125146
-0.0490071340311382	0.0267250488141324
-0.0395089598661675	0.025056610537209
0.11640554574906	0.0681864626339526
0.968633454978264	0.894672147645549
-0.0344444611050654	0.0245802521291419
0.522334344578273	0.423865103654156
-0.322392253120939	0.232169480726966
0.71182270436237	0.546419306318742
0.0859544475345169	0.0468689144266078
-0.938998525441713	0.734414306613764
2.04511265157953	1.91798360007332
0.396154537368834	0.226335141231484
0.53314845932752	0.411062687777545
-0.449551847246755	0.28255524491248
0.399293174835511	0.293348093652088
-0.131057556847543	0.0900404611218829
0.617876537585669	0.573905355454488
0.58475959722206	0.379934996153133
0.399452026643459	0.340590290552723
0.838147206191863	0.876624686127254
-0.577230214253215	0.434394367482049
-0.56857990501294	0.350166387556922
-0.877063949356056	0.577066528922155
0.234194106334154	0.135535242488063
-0.184505553212383	0.0791373504854963
-0.167776509342108	0.0869605415634023
-0.078745871602922	0.0353461577361168
0.25069825731129	0.155248653610278
0.398886369625052	0.260953947356794
0.963378880092013	0.736743850951486
-0.314852629161087	0.180421594369275
1.05647634350404	0.549821521222389
0.606905808623433	0.368049054219425
0.387524745750924	0.203731359245904
-0.449544062178421	0.282531156107745
-0.131036907601626	0.0900279719569885
0.0835281520701357	0.055942087371443
0.853033866383466	0.547002647083637
0.512698605043471	0.436482208723404
-0.581600116981307	0.516448993782105
0.058676847590958	0.0370693788905926
0.656339583124585	0.556847987421022
-0.224336677934566	0.149274089294747
0.656312403674297	0.556815343915179
0.276501593424179	0.193390335819138
0.0835767358738898	0.0559642549404906
0.0478903049748244	0.0241603677989813
-0.568412513831888	0.350074832940256
-0.791922270637053	0.630589539613816
0.399407141715624	0.340553854433012
-0.449462493686468	0.282465667764756
-1.01128674755933	1.04699179572721
-0.0943661436863661	0.065729595817108
-1.27055405837643	0.88524530962507
0.546685125585434	0.399328391343253
-0.212699182290585	0.172574668852142
-0.766335915718494	0.662959083307172
0.584652914869478	0.379820092954532
-1.14250328978313	1.02038670219003
-0.224205111346259	0.149137272516056
0.264885813594043	0.174652532059478
-0.173728020048257	0.11753891692866
-0.98147828122109	0.89128782209467
-0.877128198496476	0.577191008258668
-0.314913534863782	0.18049000784073
0.804150196357836	0.712431712436207
0.67492899486036	0.7310378296845
0.264611710694309	0.174500278389277
1.12047249673099	1.25773219043942
-0.897256724889073	0.93991294095813
1.03230116897854	0.911423629192629
-0.265725247681282	0.194240756701471
0.0288235559180433	0.017091874728813
-0.686735568887376	0.508322918373419
0.398849230316022	0.277057537590374
-0.939156482635233	0.734573163138473
-0.577206894554713	0.43444537062023
0.602254894985405	0.582822423289549
-1.12690984914405	0.723594191723434
-0.702000315358475	0.471069360153076
0.606905808623433	0.368049054219425
0.546658537699458	0.39936889682843
0.963447321374807	0.737010024602681
0.750828254194413	0.546393815900103
0.750918451769797	0.546500400749536
-0.358522758485451	0.22994932308938
0.504568393616827	0.449352796932866
-1.04475339899079	0.874836737298934
-0.788232305482405	0.414275835906919
0.128958393151128	0.0572431121161015
-0.00645917082308286	0.00360555572465806
-0.422363725502875	0.236700130314835
0.6563136995897	0.556790487890074
0.398849230316022	0.277057537590374
0.181334204038304	0.127634841216278
0.51280296993901	0.436612787781603
1.79960088055697	1.77544725000894
-0.825418566040116	0.599664233386239
-0.260451488548062	0.131406619854658
-0.100599240850681	0.0534854334490669
1.51312285874488	1.26291415292418
-0.0489013694262602	0.0266701962197787
-0.686800933612094	0.508334523103492
-0.00473520578037929	0.00219591531042473
-0.00460590115827881	0.00213630146959521
0.21176704740005	0.113741749227176
-1.14868223720965	1.17217774742664
-0.825142928248916	0.599571444913089
-0.322011037157674	0.231866624991855
-0.00637557637037879	0.00355970996600095
0.750925784738589	0.546494659096437
0.234127312196873	0.135493151380613
1.36843983381257	1.363788488939
-0.968033043844823	0.567023112730889
-0.674792889721164	0.545690657241514
0.211895891785283	0.113859386997973
0.75093310637041	0.546451336382571
-0.314913534863782	0.18049000784073
0.085809101416214	0.0468035936787465
0.294738909806025	0.229142445569835
0.399293174835511	0.293348093652088
-0.791931519146898	0.630510016423755
0.0835281520701357	0.055942087371443
-0.235528417687142	0.138093242377677
0.209718059055753	0.163296953410067
0.963515763266062	0.737132596613881
0.25069825731129	0.155248653610278
0.963545976406489	0.737152407988497
0.0479747380547107	0.0242080962692441
0.584797854611504	0.379914775785752
-1.00959222676061	0.719584185538748
0.301577952780451	0.245816380165506
-1.70879888020391	1.86264284987134
-0.265848553620801	0.19419217183407
-0.968033043844823	0.567023112730889
-0.877149112430242	0.577216000555005
0.750813604587608	0.546288457112092
-1.40173690457141	1.05019360565639
0.396176409966509	0.226325721913052
-0.422384984558512	0.236709053249403
-0.235554617857959	0.138124741028281
0.178408925233274	0.0879707492156317
0.533208825612179	0.411146860046541
-0.579204904764993	0.267396917142687
1.05616088150105	0.549509252408709
-1.52288917648104	1.22103436031875
0.928767656287062	0.545207466605494
-0.28498370230448	0.186287806202676
0.181572356497902	0.127803527120532
-0.075883242399936	0.047275522636925
-0.824077379269948	0.816333830861101
-1.01104892519336	1.04670851481839
-1.29921486968841	1.4724622075108
-0.235514675153557	0.138032897386786
0.693910056418938	0.725414914170609
0.399240135763075	0.293323481760192
0.116261385167052	0.0680970995288913
-0.119545471464112	0.0730778713492053
0.396284062791461	0.226395002349251
0.0290900259567636	0.0172511793350693
-0.433377570416675	0.364671188064075
0.123734598112796	0.0919013664887055
0.91722647769723	0.88417047151083
-0.173834967445948	0.117615183798292
-0.281890993493274	0.243771455631776
1.08199373502602	1.08398592332374
-1.26193006409492	1.90410308042623
0.264597924244184	0.174496820223054
0.116512354284327	0.068244783030296
-0.173897970235959	0.117662972860727
-0.500159334491165	0.4159220710657
-0.358732662393978	0.230114354749903
-0.792066289731086	0.630748823283636
-0.00458408807629383	0.00212527871473938
0.0856635463965309	0.0467239502969187
-0.701763799486029	0.470846950090697
0.399728693730097	0.24533491213199
-0.119516901114488	0.0730415454800373
1.04445280576643	0.754261634807508
-0.29899907502593	0.237758992484186
-0.568533923892215	0.350116156310502
-1.44917535511209	1.34601216085114
0.0478981651999103	0.0241685434406286
0.632037639398118	0.352531037221759
0.769812401916228	0.713361601759979
-0.235303642562071	0.137970517714117
0.234127312196873	0.135493151380613
0.58475959722206	0.379934996153133
-0.766281321352695	0.662925995029655
0.750850143544645	0.546259365345522
-0.100435448908401	0.053405283159304
-0.167792228123067	0.0869736387408147
-0.573293818099177	0.392293154873551
-0.449567449519245	0.282520625046012
0.681171948846945	0.550519576410294
0.635503030189927	0.564829164383971
0.181095955123158	0.127398449478342
-1.04459587610723	0.874882532020824
0.0289295329639315	0.017156171874967
-0.26047202873032	0.131455981528686
-0.260343515581359	0.131418537401997
1.72095928758516	1.34693687200033
-1.24510261178724	1.02227857312988
-0.171831111220029	0.102975093490661
0.250737202542004	0.155249271773575
-1.23420590388179	1.17004051237846
-0.048928130971809	0.0266820435245928
-0.44972297108106	0.282664634540686
-0.449812502559788	0.2827095155416
-0.449641252180695	0.282629245641421
-0.58151062022488	0.516288793777663
-0.389982968519614	0.276402027316149
-0.581793052068323	0.516564135047131
0.399400575084859	0.293405127117493
-0.433356843994012	0.364700151185672
0.178300949641365	0.0878996403275426
-0.573056252013549	0.392154337670413
-0.119625687146688	0.073124812578289
0.399698378494952	0.245331839655781
0.163312117213553	0.108589066231643
-0.0487568225975182	0.0265874476193196
0.234396349619033	0.13565353178987
-0.00809939031868154	0.00522075899483485
-0.38998156515249	0.276336993708321
0.209784434728169	0.163357596997261
-0.449388889063725	0.282323347402516
-0.23539602597155	0.138035568356171
0.178236240272615	0.0878720950705939
0.852671639124429	0.546588557482098
0.399212954997496	0.293273871802001
-0.0790537403452703	0.0354772309593478
1.05637106962915	0.549947620800554
-0.422256388009115	0.236590327517095
-0.788343745757691	0.414362328106443
-0.968033043844823	0.567023112730889
-0.877234030673162	0.57722347245481
-0.00653322317101659	0.0036465042430468
-0.449551847246755	0.28255524491248
0.968694022227397	0.894747914864557
0.399523941949888	0.309549797669524
0.211865671605164	0.113835246684773
-0.0790599160932567	0.0354904532922947
-2.68347955252304	1.94037716108951
-1.00945513744605	0.719425138137918
-0.322263430001151	0.23207223002274
-0.139873416571413	0.106035569193714
0.879017219579811	1.19270343231359
0.399156101282935	0.35519300419492
-0.171686987819136	0.102857539306006
0.0583368415500632	0.0368506843270658
0.286479743931269	0.211687013027323
0.276663677432116	0.193495705430278
-0.390010170761787	0.276421028544424
-0.933995394652682	0.913801615790373
0.0586109535655877	0.0370290854361946
-1.401797464753	1.04998193880716
1.09691988375194	1.40755738717905
1.24607295645166	1.14595601921863
0.51307994987205	0.436697447136351
-0.487606675292995	0.372750836390607
0.276530386752355	0.193383473806482
-0.822752015238346	1.02236112016702
-0.285016673631846	0.186260085221031
0.116042406998645	0.0679420336446175
-0.284802917983664	0.186091266833938
-0.171877447008978	0.10300836389379
-0.0487047600275729	0.0265488692503066
1.11265651125862	0.93768533175143
-0.00645917082308286	0.00360555572465806
0.234306721965948	0.135608476227016
-0.265311357120993	0.193859582495746
-0.487581032377036	0.372727958048912
-1.0674633720414	1.02935545738054
1.26775514367867	1.31681679420971
-0.171816972074702	0.102965328684015
-1.52278995090759	1.22112318048924
-1.74065489380138	1.57475967251135
-0.260407914201451	0.131463826799335
-0.171831111220029	0.102975093490661
-0.573306969524194	0.392293013381665
0.178488280870952	0.0880114930246788
-0.167822568183777	0.0869921519796813
-1.54114253685066	1.5154623201844
0.0585288005378674	0.0369794101178088
0.294562834620656	0.229049768992594
-0.006422163534817	0.00358458688008767
0.0289856450192817	0.0171876033787954
0.972424632377022	1.05484399731642
-0.39574974162354	0.361290693044744
-1.0673849388289	1.02908287832302
-0.449641252180695	0.282629245641421
-0.449536287830222	0.282477104716803
-0.171877447008978	0.10300836389379
-0.766414454254694	0.663108225094003
0.398956040914501	0.277132929710772
-0.100524984420176	0.0534573894442428
-0.235277367771546	0.137916302412677
-0.701908866845412	0.471042169258016
0.750813604587608	0.546288457112092
0.635819155453754	0.565122304744246
-0.175919634649486	0.131903962046959
-0.00633857803269929	0.00353880115898878
-0.653317619182716	0.659672230044936
-0.57940067199644	0.475491171193195
-0.852437271138424	0.785639292487699
-0.131167945964282	0.0901320351584368
0.301604328908405	0.245891631114233
-1.05071382123655	1.34947137160839
-0.510401610216069	0.458013745084803
0.551569449043272	0.635898811697643
-0.0945454780515346	0.0658601547006135
-0.39009037669517	0.276450857378076
0.898736376233542	0.722853059462483
1.15002904169146	0.774161366781223
0.0184400211106945	0.0124062591472949
0.294628424596357	0.22910263100957
-0.0395500459007253	0.0250801320019376
-0.173982954598215	0.117708458388327
0.490881625514687	0.474014662740331
-0.487633965163832	0.372797634315868
0.163521087137834	0.108760112686365
-0.173665041486168	0.117482242301805
-0.131147323350631	0.0901154101141619
-0.23539602597155	0.138035568356171
-0.686735568887376	0.508322918373419
-0.571518586146758	0.312432773778368
1.36206920343166	1.19697006676344
-1.40186461371808	1.05084714160718
0.211835479388691	0.113803455060704
0.750813604587608	0.546288457112092
-0.731958339276255	0.441230120289073
0.852671639124429	0.546588557482098
-0.184025732944261	0.0788881612199788
1.31704077902752	0.589986987289273
0.25069825731129	0.155248653610278
-0.26050123433033	0.131519082409796
0.387443934982169	0.203677658568846
0.141893696140023	0.0887394988710327
0.750898958716416	0.546360004087353
-0.260329029925159	0.131417764875266
0.387362897339459	0.203602422991271
-0.100719535592776	0.0535595262511556
-0.852497218741647	0.785707725980518
0.693430216731079	0.724498498189037
0.681157656073289	0.550402812682356
-0.449730708473686	0.282688698372418
0.264672040453276	0.174541981042422
0.398912452316424	0.260913069303393
0.276341036164533	0.193169942811983
-0.298640703920355	0.237413176098314
0.028796287060234	0.0170738957105835
-0.579107606565021	0.475099010712088
0.399215586450099	0.293280976714356
0.769783628750618	0.713437624154362
-0.260249986440471	0.131363174492885
0.399441211531121	0.309440121880816
-0.00936017230136173	0.00674697281684288
-0.00917220121774698	0.0066132667553173
1.58597338133133	1.82445401574496
-0.422363725502875	0.236700130314835
0.398728165319106	0.276971181700825
0.96874908355718	0.894584091745297
-0.0489937644034561	0.0267199564240236
-0.10045091808691	0.0534111225538958
-0.568481019853327	0.350153375981782
-0.171793801836589	0.102951867486592
-1.234519884328	1.17067606353664
-0.579047233084989	0.267435837190726
0.522385826382764	0.42384874536182
1.61928615617558	1.66824435091349
0.399652120253719	0.245289401469063
-0.0488223758110372	0.0266260448981406
-0.224442612976316	0.149344680362211
0.0583368415500632	0.0368506843270658
0.395960532724858	0.226074302242306
0.711889146938377	0.546487094584724
-0.848034357080434	0.353432748047731
-0.56850361312045	0.350137185021699
-1.44939702244728	1.3467385561149
0.211857686193715	0.113839275081236
-0.571963286722402	0.312637127021938
-0.0788269788881849	0.0353859300459337
0.234299063326123	0.135610764338717
0.564406759068027	0.389679472400225
-0.571612713488628	0.312477898458969
1.89221100581656	1.63172601033291
0.853033866383466	0.547002647083637
-0.100816832775804	0.0536002148514574
0.584743628490391	0.37993126836576
-0.212626980343274	0.172494475704482
-1.01094797395372	1.04629573419161
0.399004971904848	0.260929986436801
-0.0489013694262602	0.0266701962197787
-1.14868223720965	1.17217774742664
-0.131147323350631	0.0901154101141619
-0.0785844277089899	0.0352590751064225
-1.06743780703558	1.02930498309819
0.396197438898127	0.226365511940548
-0.0757351241842837	0.0471715022586644
-0.938748401635106	0.733936477959649
-0.674632540303875	0.545363877292345
0.0859807318342054	0.0468871903241147
0.387699641114235	0.203810552040452
-0.389958581984116	0.276296546954303
-1.67013186128768	1.12099348540424
0.141918226728449	0.0887664170461289
-0.571850481296198	0.312666676322475
-0.167746238435569	0.0869469108163603
-0.472047704335293	0.329071112036136
0.399523941949888	0.309549797669524
-0.581600116981307	0.516448993782105
0.852859024632958	0.546883761518186
0.141944077139845	0.0887738399296703
-0.173750001371629	0.117554131790799
-0.701832486364182	0.471016343360915
-0.00626868938445479	0.00350064201151358
0.116330839643921	0.0681472868212352
-0.665418057279529	0.583588716949427
-1.22610674039536	1.32063782819019
-1.81248510073721	1.3132670232214
0.750925784738589	0.546494659096437
0.211758999475203	0.113754851501744
0.803982942164289	0.712290972688709
1.73189239603199	1.91455208197623
-1.44927762171257	1.34600211408689
0.711769199762494	0.546256352478611
-1.13138231953967	0.866962409896525
-0.0758858858027726	0.0472742031099182
1.18697731340317	1.28213799022895
0.928767656287062	0.545207466605494
1.08189624048137	1.08398163423465
0.128975937783999	0.0572771124689474
-1.32934427758984	0.733020573050618
0.234224666727355	0.135543204546346
0.764486778123062	0.331447869942357
-0.391724305318784	0.191524028484181
-0.260422454505934	0.131473076198748
-1.11449125834891	0.540788176297302
-0.00649619072655505	0.00362618846728953
-0.0790660786633357	0.0354934239501734
1.512841282031	1.26331557456989
-0.00475644377704416	0.00220336623888643
-5.03427423741467	2.85009782564917
0.264658266871447	0.174547011346903
-1.35113897608118	1.18222137787946
-0.322181024893116	0.23204661658807
0.264815958511053	0.174624707221394
-0.573135403447075	0.392220170007954
0.898413882526757	0.723276956405637
-0.29894074969152	0.237643386518466
0.116261385167052	0.0680970995288913
0.584644909741346	0.379823349107698
0.0289583677449382	0.0171730144127463
0.163542982860668	0.108778932354839
0.018826709036152	0.0126652193932202
0.715445504442213	0.720411590700479
0.169539020520342	0.14411971010244
-0.322139897340277	0.231999577337031
-0.352126670118245	0.276763546538491
1.1124541585777	0.937564150996836
0.25077730949292	0.155295680303515
-0.766124337343184	0.662305499122775
-0.10061457138053	0.053506852680468
0.898354420160912	0.723312999645903
0.712007738259608	0.546620013704936
1.28506207521646	1.48992189893102
-0.224312605423334	0.149190997474344
-0.131212887277098	0.0901629643677175
0.116526517821867	0.0682388702802972
-0.674686969629508	0.545493532457957
-0.235316786021102	0.137981180349472
-0.26050123433033	0.131519082409796
0.0479024594570816	0.0241625713413601
0.0856897039185628	0.0467307539129102
-1.24519154070041	1.02240393492908
0.898249451131516	0.723137417121878
-0.322222202454651	0.232070845187278
1.37649664955065	1.70435919469945
0.23410444750179	0.135473731879832
-0.674871628706367	0.5457500837636
0.584751571128831	0.379962887188801
-0.175965673055704	0.131949461334819
-0.579529532998714	0.475438313558617
-0.510349579986303	0.457824722179312
1.37266357972983	1.53219140551557
-0.701977565807351	0.470939585084635
-0.173793977810882	0.117564984361796
-0.422406153924719	0.236701653650632
-0.422363725502875	0.236700130314835
0.0857690839630121	0.0467755813981377
0.276769665790048	0.193574108933326
-0.581538136798456	0.51610831258991
-0.0490594629448469	0.026755104726524
-0.235382896302948	0.138024912443037
1.02254486376266	1.06702666289685
-1.01100712019044	1.0467688034003
-1.01075615058405	1.04595121918338
0.399045218082428	0.26107791038966
0.141837999713012	0.0886982180340347
-0.487581032377036	0.372727958048912
-0.100435448908401	0.053405283159304
-0.235145247146307	0.137839576861201
-1.63532929636177	1.39514815749531
0.399640462504326	0.245290629353771
-0.487792808417601	0.372915311409266
0.128993549052772	0.0572545947830566
0.715314144831311	0.720178258269791
-0.0788269788881849	0.0353859300459337
0.898518839798478	0.723517076998338
-0.00473520578037929	0.00219591531042473
0.12874862606073	0.0571671158579758
0.928880311944051	0.545314341145758
0.387524745750924	0.203731359245904
-0.449649024133895	0.282626986880979
-0.701832486364182	0.471016343360915
1.15458507968611	1.10902660350339
-0.968040626027814	0.567014988604947
0.631932759206064	0.352507886935394
1.04409201173031	0.753962957849965
-0.391490026470118	0.191378721986921
-0.314867405965761	0.180451526135702
0.398886369625052	0.260953947356794
-0.0758228309056645	0.0472304207766757
0.233932560005529	0.135341786270877
0.0617424742393982	0.0239084459082885
0.307482314197295	0.261991389648854
-0.352040492772184	0.276727993449681
-0.0760120659596625	0.0473565155075544
-0.939235516993964	0.73459676282174
0.399309152528965	0.355363453106969
-0.573109057679514	0.392100635956525
0.0289310925154956	0.0171575933732068
-0.0944930290534367	0.0658343548273408
0.264755643837087	0.174602748105253
0.656286518481059	0.556786806671946
-0.422277491765285	0.236577437285146
0.399779061948965	0.309753287675347
0.968679705784598	0.894791434390984
0.533329532533883	0.411241844029059
-0.56834400715451	0.349927830323958
0.398965812529665	0.261023979914902
-0.119386451613774	0.0729635647159714
0.0585507395646079	0.0369912014102946
0.0479972024740841	0.0242164984656391
-0.184505553212383	0.0791373504854963
-0.665480935932273	0.583713359197363
-0.10062225280412	0.0535115969827204
-0.897865515158261	0.940034215293713
-0.825142928248916	0.599571444913089
-0.173812992051245	0.117606196781948
0.39899943881739	0.292942508144506
0.116307687959683	0.0681343944936411
-0.00805465504055907	0.00519190678853577
-0.260249986440471	0.131363174492885
-0.449649024133895	0.282626986880979
0.387356499692441	0.203515397099809
-0.235528417687142	0.138093242377677
-0.26541832701241	0.193940996943871
-0.579233535502349	0.475321044301583
-0.675085035125331	0.545755927653591
-0.576989250936056	0.434217336157644
0.874543706410904	0.879271919655229
-0.376077386551352	0.319792328705742
0.0586548875170673	0.0370575773011633
0.564422049407264	0.389700830190336
-0.171998424677568	0.10308111895244
-0.746964756087618	0.69759436484439
0.396219281155119	0.226374014114269
-0.766281321352695	0.662925995029655
-5.64619316573943	4.16060124210347
-0.171975261730541	0.103067661326467
0.606746759712527	0.367950501034703
0.234194106334154	0.135535242488063
-0.579047233084989	0.267435837190726
0.968549755849973	0.894382250245405
0.061698863167424	0.023890625298551
0.796412479760492	0.546083725081917
-0.167822568183777	0.0869921519796813
0.631801930370392	0.352266186569217
0.963554013368603	0.737102462140653
1.15013402987552	0.774255798157072
-0.825321423367854	0.599706575982585
0.75093310637041	0.546451336382571
0.671494664560962	0.334807235682389
-0.487633965163832	0.372797634315868
-0.284993363742646	0.186275029087059
0.712061048069147	0.546653091630455
-0.285127572665304	0.18640202474893
0.141972601536965	0.0888084008407711
-0.583621977625527	0.556466569293229
-0.585184438085591	0.595488959428432
-0.285211168305487	0.186448644459638
-0.665440101127456	0.583556844305442
-1.74038128308401	1.57482922037022
-1.32927288054565	0.732650220342582
0.711968581035779	0.546565959336452
0.522254066330468	0.423767227511228
-1.32945704925353	0.732853759751035
1.1123027579141	0.936987787385083
-0.391957975436554	0.191620519285313
-0.235158418201194	0.13785025037124
0.681195083204236	0.550500792823466
-0.938958711023036	0.734322134192378
-0.686314910070082	0.507439485504261
0.874713866550428	0.879621645016318
-0.358561349203797	0.229976361393022
0.399320357955416	0.29338142861375
-0.39008898908593	0.276452622310432
-1.24519154070041	1.02240393492908
-1.23439959674861	1.17069584688429
-0.731958339276255	0.441230120289073
-0.801808408102043	0.848128932209231
-1.54122606340521	1.5155252402389
0.898324134144525	0.723150480152216
-0.674739925783626	0.545605022666558
0.399293174835511	0.293348093652088
-0.131123053864947	0.0900940267751824
0.276366794783872	0.193175056747494
-0.824964638019071	0.599304485288219
0.211857686193715	0.113839275081236
0.750716086436444	0.54600503823188
0.398904409514541	0.277047951913135
0.398873322187915	0.260949289938167
-0.100353717964887	0.0533549282245805
0.365902946135504	0.150334610547886
0.372695311062578	0.1760365339899
1.30810700637317	0.797487899674034
-0.260329029925159	0.131417764875266
-0.0788269788881849	0.0353859300459337
-0.391724305318784	0.191524028484181
0.0617277318050226	0.0238966037879039
-0.568648402522952	0.350052188835427
0.928532535536287	0.544905767686774
-0.968391518768341	0.567163423048126
0.178675874793748	0.0880918078933201
-0.578975115762517	0.267390226446819
-1.51151931630602	0.92801396381259
-0.184607743758422	0.0791560168022034
-0.327335550717987	0.129625546394617
-0.572753267016095	0.391658814707773
-0.577123316514962	0.434435598564971
0.396132754922445	0.226326677718278
0.681148814685048	0.550507144497065
0.264672040453276	0.174541981042422
-1.78573260439917	2.04154757730278
-0.581837893922969	0.516636156715902
0.715379835872052	0.720314515791548
-0.32207686699996	0.231934859347299
0.313154205202295	0.277882344040407
-0.449649024133895	0.282626986880979
-0.235263910068046	0.137908242010453
0.71214042126202	0.546631460156574
-0.00475680929605525	0.00220672361861251
0.533041558498516	0.410857006584702
0.211948576329243	0.113865296765307
-0.00473520578037929	0.00219591531042473
0.398834984692158	0.277080991308156
-0.500117645690407	0.41594675017541
1.49700815005011	1.42957154995794
0.39899192284154	0.260983107314941
-0.732085071167485	0.441120871664386
0.440513946717843	0.120393291309023
1.29059040546749	0.361273728188317
-1.13160407322127	0.867781212342318
0.607013909009565	0.368113947865685
-0.571856302171083	0.312667878337296
0.763957208446354	0.331045765272962
1.52782493970326	1.0667583525539
0.403632537227691	0.139839884189156
-0.732192865670734	0.441473163114747
-0.391481666646295	0.191384943509599
-0.517513875524486	0.178911161319999
0.606732450583422	0.367923078259537
-1.40182099425293	1.05074397500167
-1.96467671705873	0.956602614744049
0.128731299422086	0.0571633654848292
0.671610898104777	0.334894991105506
0.17843765751352	0.0879488879768174
0.0858222138874829	0.0468112400675287
0.398886603172276	0.277018572022774
0.0584657231335231	0.036938288303298
0.0587178970587277	0.0370943476325147
-0.31484487118018	0.180441066493249
0.399045218082428	0.26107791038966
-0.674897402447207	0.545676629601899
-0.577063067083383	0.43440075790853
0.671610898104777	0.334894991105506
-0.22446989148558	0.149358942874387
-0.0489803984799141	0.0267132188815541
-0.413837630123317	0.321003545361389
-0.576965922644856	0.434268315425558
-0.422385450751323	0.236657506409627
-0.00633857803269929	0.00353880115898878
-0.265442027789063	0.194004074913417
0.116451858679516	0.0682159522077023
1.36829392314132	1.36354507986644
0.399698378494952	0.245331839655781
0.365691013165346	0.150286033986656
0.606480452143739	0.367614523278075
-0.407047340101398	0.0913266870047607
-0.573148582352656	0.392220049465515
0.387249349429255	0.203527671777068
0.8982343343581	0.722957228514347
0.286249314715815	0.211493370512956
0.968679705784598	0.894791434390984
0.264658266871447	0.174547011346903
0.546566029400145	0.399212398420784
0.607079602467905	0.368102950443178
-0.00458408807629383	0.00212527871473938
-0.449544062178421	0.282531156107745
0.0287705561859204	0.0170587536066852
0.564488688995179	0.389636352486356
1.18689830799405	1.28205160600231
0.60666747478801	0.367841714094269
-0.422449318801549	0.236728116220036
-0.581665593423552	0.516518270211858
0.715535597757753	0.720290872531316
-0.0943661436863661	0.065729595817108
-0.0787328393819667	0.0353418953097744
0.396046476092211	0.226243653582569
-0.389771020667503	0.276159735319747
1.26786196807041	1.31690885537426
-0.23539602597155	0.138035568356171
0.898608533156055	0.723494902630146
-0.119439450446503	0.0730048395536886
0.399320357955416	0.29338142861375
-0.414067627369576	0.321199031531157
-1.94219445552014	1.50498311534234
-0.174045992100664	0.117747985869765
-1.0841700861242	1.183860058015
-0.358838437756147	0.230161188232916
-0.11938505528066	0.0729634588982928
-0.747137088914904	0.697800159750851
-1.14882997274325	1.17257316998894
-1.32061182671971	1.32502985258489
-0.573214592148753	0.392266645889591
-0.176205090626799	0.132136811461797
-1.32934427758984	0.733020573050618
-0.322117960194991	0.23199093386192
0.23431436981484	0.13559697571964
-0.64856203600542	0.696454001076441
0.735593772443421	0.881794458899902
-0.29893258117431	0.237707149680226
0.3075330390325	0.262055958899197
0.250592487483807	0.155172004789474
0.635500789536153	0.564914880949432
-1.63519892643573	1.39549661695138
0.750820935056823	0.546362059972189
1.61922685543607	1.66832079987933
-1.08451759652118	1.1843533689843
-0.585567400683029	0.632353189288068
0.55888257537748	0.624058729575048
0.163353483206327	0.108632941562139
0.234322006866863	0.135573714301509
-1.12669836517588	0.723532054881941
-0.119598493637038	0.0731100910843556
0.178394582455224	0.0879597751455033
-0.184627520138321	0.0791861460962011
0.929003379570485	0.54534639567847
-0.224232389151843	0.149141924687366
-1.0094931847238	0.719548716819513
0.116284536468204	0.0681178066573984
-0.32216183925384	0.231992500035391
-0.00629198591006161	0.00351353991767755
-0.487686905437284	0.372851819278413
-0.11973175408351	0.0731806151265008
-0.389929969887617	0.276359669549728
0.399341037123646	0.370129367319202
-1.00956173625136	0.719582795507295
-0.801961114520911	0.848158738139112
0.264704824340339	0.174556238904536
-0.487608320482119	0.37274814708529
0.0855710855814217	0.0466692685549772
-0.686512824090886	0.507986633485621
0.0290370556228624	0.0172206399698484
-0.139526403178022	0.105723057983238
0.294542240172284	0.229015266462376
-0.472168616436183	0.329139563619447
-0.889980160389902	0.758313948686625
-0.16770805249265	0.0869124257822003
1.68374840436198	2.06549605898114
1.0439984206623	0.753790274969522
0.0857298001699369	0.0467611300263588
-1.04455779344299	0.874947175637136
0.0855580104856908	0.0466587120748805
1.68369074245748	2.06517003909801
0.522172288959551	0.423536267537392
0.328849027631141	0.327648825240634
-0.139764988393575	0.105952444505199
-0.674873072019471	0.545745098121915
0.141919557864797	0.0887687130470317
-0.260357985752607	0.131395186767185
-1.1581303006107	1.47550041384363
-0.792103503205385	0.630676821498528
-0.11973175408351	0.0731806151265008
-0.487555395458036	0.372661743498495
-1.43536495358566	1.78683598390805
0.504724019931975	0.449384555156583
-0.167746238435569	0.0869469108163603
0.803922568196068	0.712192740421232
-0.314966389985357	0.180495713336035
0.671538371030747	0.334855559136084
1.15013402987552	0.774255798157072
0.399655113422137	0.24521548760308
0.234306721965948	0.135608476227016
0.898361964633212	0.723232568316259
0.163457954905026	0.108715810889068
0.233962789926309	0.135310899682821
-0.0491519027542736	0.0268024821055204
-0.171900614616488	0.103015029122361
0.142022939889965	0.088798320172783
-0.824056657166924	0.81638992795693
-0.131102415469497	0.0900815453227977
0.512739851557972	0.436540967621389
0.533185558195406	0.411110623257971
0.533269183355893	0.41120691108276
0.211887954999951	0.113856287486724
0.398788702445974	0.277022374151166
0.892844162640279	1.03935934976629
-0.171998424677568	0.10308111895244
0.399514837743067	0.245145006944984
-0.577086391382454	0.434395001497962
0.656177814080864	0.556462972229039
-0.131212887277098	0.0901629643677175
0.398797581707142	0.277035673986689
-0.358759464822714	0.230124373095012
-0.167822568183777	0.0869921519796813
-0.119625687146688	0.073124812578289
1.08199373502602	1.08398592332374
-0.176031979073977	0.132007055143449
0.973930234687348	1.21062418865468
-0.57703974245666	0.434369516798473
0.564317092367707	0.389632583146479
0.13043185856649	0.115052655562158
0.286419390851797	0.211652533237129
-0.0489147483452937	0.0266769411251259
1.03223474756332	0.911370242557373
0.712153501308998	0.546649045090273
0.711861766568871	0.546369917782611
0.399452705761677	0.245117872994277
-0.852648096435657	0.785782555930775
0.196595378439059	0.145823539637778
0.635585858470544	0.565049160716253
-0.144486543641226	0.11906691834183
-0.792103503205385	0.630676821498528
-0.217170013454124	0.160823564812605
-0.322222202454651	0.232070845187278
-0.0490728158822873	0.0267618346413515
-0.0787588855722984	0.0353441950334484
-0.571624596727463	0.31249828110112
-0.0786522619879239	0.0353023758590265
-0.173771987292809	0.117563128560795
-0.433270756414973	0.364627517279049
0.68120935990724	0.550510843550439
0.522334344578273	0.423865103654156
0.606653110878273	0.367855821635787
-0.38995717249119	0.276378670243734
1.0321031200666	0.910902241593399
-0.732192865670734	0.441473163114747
-0.572977137866887	0.392068629563688
0.533171724953987	0.411076621770173
-0.413859635214476	0.320987506150472
-0.0944527482792989	0.0658028264333126
0.264681545443047	0.174556420254131
0.898713487910385	0.723279706234237
-0.224389641716655	0.149312226642465
-0.100532689740455	0.0534621458761021
-0.265544969074455	0.194079507040414
-0.0760314155104479	0.0473703860597685
0.250750575245472	0.155274432661127
-1.66989234257219	1.1213835592074
-0.119574033805473	0.0730722842345413
0.083531860600796	0.0559422626006625
-0.981266563783077	0.890648334294871
-0.897648591102947	0.940306894743437
-0.0487956030897302	0.0266078382724499
-0.285043981003217	0.18633542576247
-0.571969057025845	0.312725884763733
0.874648320481278	0.879392721604264
0.398727371848631	0.26076361504835
-1.96517577401056	0.956828165854412
0.211972345235843	0.113872699829732
-0.260235539921703	0.131347478886903
0.0479364447408366	0.0241891330477726
-0.56850361312045	0.350137185021699
0.128722661231086	0.0571444794901516
0.79649870309776	0.546379576538645
0.373074051711785	0.176294168822822
-0.358626885295045	0.22998067903823
-1.54117948626586	1.51536968724642
-0.217496910387678	0.16115931261989
-0.433336122325977	0.364703762729005
0.497329353176806	0.46184590090429
0.546869310078337	0.399571689674323
0.52227981971219	0.423783646269679
-0.877021735045663	0.576906289496621
-0.00635228232034153	0.00354698853506701
0.680990250676709	0.550269762703352
-0.472010450119347	0.329013950089207
0.211827445314614	0.113815124257299
0.28637280327732	0.211551506763949
0.141760380317078	0.0886247132081318
-0.500096487660414	0.415837649908461
-0.80178810921416	0.848141441079779
-0.568374408633626	0.349993657688987
0.142105856690795	0.0888908050395115
0.196505607634886	0.145735446962698
0.845979364827558	0.715144881301218
0.845807667058939	0.714953390541008
0.398774442714311	0.277029786852801
0.264658266871447	0.174547011346903
-1.63522972023997	1.39563734551123
-0.235475303257102	0.138083428952403
0.178171815553057	0.0877974492768327
0.178157308327179	0.0878173743340906
1.34281537634135	1.01484161778391
-0.766334235224492	0.663007552598854
0.0289552406293329	0.0171693793902521
-0.849597513992659	0.354101235493265
0.387431007706947	0.203668807909657
0.365901442885752	0.150373308319952
-0.422213357816896	0.236552089895206
-0.314852629161087	0.180421594369275
-0.981504005262713	0.891238633380212
-1.24526456840118	1.02188427870886
0.635605328885084	0.564999444831835
0.399523941949888	0.309549797669524
0.105035463613847	0.074218591685277
-0.171696050116023	0.102863648758974
0.546830196927245	0.399558804431895
0.163649901488386	0.108841103114599
1.12025867081795	1.25758380689059
0.632177810904669	0.352614000083049
0.0479747380547107	0.0242080962692441
0.917199303451215	0.884108236393168
-0.35847084838147	0.229769466617285
0.68102769657429	0.550378261045452
0.635712241634038	0.565136977878951
1.36843983381257	1.363788488939
0.029223220666925	0.0173252806956676
0.234194106334154	0.135535242488063
0.546803549672268	0.399551531032605
-1.94217785162884	1.50556750778932
0.584713362680071	0.379926319520258
-0.579403460035246	0.47537077681059
-0.939064223681972	0.734584867529678
0.92979544469033	1.04613960732077
-0.766281321352695	0.662925995029655
1.0442650852691	0.754232399790507
-0.472070889856049	0.329070387884181
-0.391481666646295	0.191384943509599
1.15037020306817	0.774437355317741
0.606653110878273	0.367855821635787
-0.877298087015138	0.577068484962905
0.0615540730712499	0.0238263165776983
0.211895891785283	0.113859386997973
1.29035320892594	0.361169722228799
-0.171831111220029	0.102975093490661
0.963485578094049	0.737033103872343
0.963592277608293	0.737012836381491
0.0479827463402476	0.0242098150145323
0.398952751279318	0.261019310889639
0.264913273083209	0.174577617574419
-1.85856271348011	2.22411026541582
0.399583478821329	0.245237435874431
-0.235382896302948	0.138024912443037
0.564332334827496	0.389653895586746
-0.571725802687708	0.312448617253001
1.18700574659306	1.28239709328681
0.399267318521548	0.293356816796475
0.845807667058939	0.714953390541008
0.250658189413967	0.155202280541469
0.234388667047457	0.135655805195531
1.15475674214887	1.10924916729094
0.845781080857291	0.714913663492623
-0.824035939998639	0.816375692949902
-0.0758420447116388	0.0472493626621867
0.838299255605635	0.876921147738516
0.693550523289676	0.724761458254077
-0.00655651078964978	0.00365922616789442
0.399214271315013	0.293315937795653
-0.93390722512754	0.913789457162529
-0.939143234552252	0.734645723530448
-0.472024518616386	0.329044883502682
-0.571624596727463	0.31249828110112
1.56247530241636	1.9878696571152
0.116377143600508	0.0681615225405326
1.47071900373908	1.75623426021801
-0.10061457138053	0.053506852680468
0.178315331624704	0.0879190895682354
-0.877169937096785	0.577203324418684
-0.573227757311324	0.392266514424076
0.387255709282983	0.203530837713989
0.929116274088441	0.545396838220442
-1.12680802340469	0.723563792790257
0.373176502294703	0.176346584481927
0.0478951238309963	0.0241632634006464
0.635731621631183	0.565012286356702
1.26773201818246	1.31666496861891
0.387243002769636	0.203459271620111
-0.939077485445265	0.734512322363123
0.399735281316714	0.30972461717337
0.399621764926025	0.24528629890332
-0.358351663559802	0.229777267503482
-0.389955764282231	0.276364109155234
0.512761756487038	0.436576039484465
-0.119359254656873	0.0729448682063679
0.29460400870286	0.229088037995619
0.250381694419324	0.154976057741892
-0.119493837664983	0.0730298441674234
-0.0760120659596625	0.0473565155075544
-0.653297218005857	0.659694087387252
-0.897384337177914	0.939834486849967
-0.131061153506705	0.0900441324975503
-0.449649024133895	0.282626986880979
-0.285150876711098	0.186416646333165
-0.173960995646723	0.117706641264591
0.522414617894451	0.423918668845377
0.0836143359602563	0.0559953690438363
-0.576993092209619	0.434187900621028
0.264672040453276	0.174541981042422
-0.00896731534327618	0.00646566554516991
-2.54143033420223	1.70645519996906
1.3082516470813	0.797772341886517
-1.00955415243895	0.719594277702576
1.34325841596248	1.0150461797237
0.402089212506356	0.13919342312955
1.52828508403034	1.06628548470313
0.396197438898127	0.226365511940548
0.116200869059932	0.0680580725820629
0.602300445039575	0.582911394776598
0.0424974893050128	0.0301091864483066
0.0616700182489409	0.0238789606093496
2.52381610284565	3.07688030556526
-0.167784410327834	0.086973154849
-0.450073773647373	0.282680858580453
-0.939064223681972	0.734584867529678
0.264695320532999	0.174570131584808
0.25064583704517	0.155177325214836
-0.939037712077882	0.734420173128497
-0.285174180431765	0.18641825772864
-0.0064125873499607	0.00358029417270733
-0.00612481698429644	0.00342010635582874
0.196726322963691	0.145924828469218
0.607187780002941	0.368139762144304
0.116111833178487	0.0679806660152831
-0.119466645047769	0.0730195618404143
-0.934055074566501	0.91404265035613
-0.172082087699161	0.103117467063856
-0.358574770830738	0.230008355533989
-0.00650993522150788	0.00363359785395652
0.39911149736699	0.261109190448986
0.681232496495467	0.550523279279906
-0.579359558285776	0.475463311637417
0.264681545443047	0.174556420254131
0.387431007706947	0.203668807909657
-1.1145954954322	0.541089063658969
0.399452705761677	0.245117872994277
0.116330839643921	0.0681472868212352
-0.573043063375869	0.392116283470683
2.17481039900902	0.972748943138888
0.365691013165346	0.150286033986656
1.05626633094545	0.549797046240232
-0.877042886893742	0.577005310114962
-0.719942185790299	0.767725818369495
0.497196260345077	0.461739233682324
0.928890577483864	0.545239423768143
-0.938814115378142	0.734138351979046
-1.24492490695011	1.02185014029931
-0.571969057025845	0.312725884763733
0.0858752349172589	0.0468327597926758
-0.1738760053631	0.117653995479651
-0.571505531550015	0.3124149088738
0.546961719451806	0.399642103935353
-0.322117960194991	0.23199093386192
-0.50003366272126	0.415736790615178
-0.167776509342108	0.0869605415634023
0.490726494226836	0.473975961355747
-0.487712563830129	0.372844245573686
1.02243732538821	1.0667368304008
0.250842947914754	0.155326910864604
-0.422320938196137	0.236638315029538
-0.658812020234313	0.622272623786636
0.234127312196873	0.135493151380613
0.399187088913684	0.293282605618885
1.66354590615496	1.51630803906671
-1.3294270748627	0.733061521380134
-0.868539392027703	0.967825977925688
0.221272655840953	0.180265656663204
1.89210424581058	1.63115723445706
1.05626564904319	0.549859734255288
-1.32923129610163	0.732528030362833
-0.571624596727463	0.31249828110112
0.0586519576365139	0.0370490322594708
0.588462195780484	0.591490175290468
-0.577086391382454	0.434395001497962
0.398806889390494	0.260867793545225
-1.63515362416811	1.39483993784957
1.36212966873912	1.19733244835361
1.30843995015035	0.79769982874826
0.398860270688586	0.260928559216684
-1.5412397359166	1.51543909845566
-0.0489013694262602	0.0266701962197787
-1.35083692672937	1.18239134984024
0.276687851535201	0.193548878671475
-0.487659615823777	0.372805015575226
-0.167746238435569	0.0869469108163603
-0.00471351223080486	0.00218494087160831
-0.32230722459072	0.232131766985263
1.34290899621575	1.01496515257567
-1.78562512022008	2.04221616517683
0.497389649309095	0.461887550182002
0.399698378494952	0.245331839655781
-1.9950318556022	2.60118930123568
1.21227233254194	0.971179568236575
0.399694028346507	0.309716645373078
0.6356684869711	0.565026076353992
0.968725957421096	0.894708011352014
0.564414409634204	0.389702848742374
0.396111062600139	0.226300322457463
1.2462600213628	1.14614273997489
0.512742380105506	0.436490627879526
-1.13151982382572	0.867566618244343
0.606573930730702	0.367747138860669
0.852859024632958	0.546883761518186
0.0288508268156486	0.017108910813176
0.671494664560962	0.334807235682389
-0.1843733468576	0.0790649086662853
-0.235079290367841	0.137769563908639
0.387511878551028	0.203703880087379
0.898346864870289	0.72334506195932
-0.674847309630688	0.545617365600518
0.234127312196873	0.135493151380613
0.398788702445974	0.277022374151166
-0.0489147483452937	0.0266769411251259
-0.285067287514914	0.186362204940924
-0.358536204185177	0.229923387816294
0.396240348787542	0.226360026749263
-0.792233537240463	0.630653111519983
-0.746729625092016	0.696883433539992
2.34287717633827	3.81243516503859
-1.32061182671971	1.32502985258489
-1.14254035383804	1.02052276315938
0.968763405945866	0.894851243166186
0.116247166995476	0.068095355374989
1.26770889289392	1.31642833506968
0.0859146137953314	0.0468559151956241
0.211926139913565	0.113876387771514
-0.674765676785215	0.545649823465162
0.39912458626215	0.261113883283656
0.522225303003891	0.423604266288646
0.711876100216125	0.546394638638759
-0.265569379973613	0.194142537482544
-1.32079784026851	1.3244346032502
0.209830579082398	0.16338837072622
0.522361610077758	0.423873731893028
0.399698378494952	0.245331839655781
0.264778926388733	0.174621340640128
-1.51151931630602	0.92801396381259
0.928870064051347	0.54523415602611
-0.449804799749989	0.28265548947605
-0.327335550717987	0.129625546394617
-0.184505553212383	0.0791373504854963
0.764486778123062	0.331447869942357
-0.732177930350104	0.441368127807516
0.0478757935477757	0.0241566119386645
-0.167844965554481	0.0869955704368866
-0.167844965554481	0.0869955704368866
-0.732036673044235	0.441341043477748
-0.876979163077275	0.576562714951828
-1.0094931847238	0.719548716819513
0.209871007942117	0.163430267821291
0.504420463654406	0.449147231085128
0.0477073671540014	0.0240615201451064
0.874543706410904	0.879271919655229
-0.174109052195754	0.117783220062988
0.196984679297664	0.146071955395375
0.286375548943213	0.211623257913393
-0.686906702044741	0.508417242046547
-1.74063844091159	1.57535262830099
-0.433377570416675	0.364671188064075
-0.260407914201451	0.131463826799335
-0.119439450446503	0.0730048395536886
-0.224362360916797	0.149289333907045
-0.0759657878041337	0.0473154261582423
0.968572878549224	0.894523734287508
-1.52276656842253	1.22109541407879
0.178423283573288	0.0879679360806085
1.64840905149549	2.22558926269638
-0.665584753500923	0.583875515619935
-0.791968693252402	0.630667165648645
-0.212662796648398	0.172506211639555
0.140371237695329	0.109363049298383
-0.039529500318646	0.0250689531848583
1.26769456653692	1.31667104625431
0.398728165319106	0.276971181700825
0.12348686169197	0.0917573670050925
-1.00959222676061	0.719584185538748
-0.422513615603326	0.236692024525798
1.36215994324786	1.1972387166861
-0.184393374089649	0.0790787932600563
-0.391603095504156	0.191462066890932
0.387537631223081	0.203721585062821
-0.391603095504156	0.191462066890932
-1.27072298147689	0.885399734353617
-4.44973933299975	1.84343682746367
-0.32201386012934	0.231860376653194
-0.87699966280205	0.576773649682754
-0.746902880388926	0.697414993980128
0.917358564596241	0.884624051510388
-1.94186265136482	1.50418868278503
0.399587112669457	0.309611469101884
0.0479061058216731	0.0241734985376833
0.399629756186755	0.245296505376421
1.86178340887946	2.56934741480814
-0.314867405965761	0.180451526135702
0.234029943286015	0.135426106733778
-0.00469223554792906	0.00217704265702508
0.399459997875481	0.245109493784926
-0.933888438208591	0.913869462420194
-0.100443178122335	0.0534100513858687
1.21220761644946	0.970972622298318
0.796671892313859	0.546511095379513
-0.825313591982397	0.599686009158765
-0.0761408905031433	0.0474050594270952
1.4971130121614	1.4300276735307
1.15458507968611	1.10902660350339
-0.422363725502875	0.236700130314835
-1.06743780703558	1.02930498309819
0.769812401916228	0.713361601759979
-0.686866363195777	0.508263388565242
0.141891042315833	0.0887378890503946
-0.0943340721204863	0.0656872134038279
-0.579334902069452	0.475216072004477
-0.576919265114257	0.434242823481618
0.286586685653519	0.211767249976155
-0.100793899580135	0.0535980179050429
0.264407398751648	0.174284582153539
-0.852393270064865	0.785621271260328
0.373063689449818	0.176309167899013
0.968656580278954	0.89475746323902
0.584508005745192	0.379356932564554
0.211887954999951	0.113856287486724
-0.422342376725643	0.236676559474934
0.0477829215549356	0.0241051678937605
1.21231527031093	0.971317789997125
1.04435891259757	0.754279565754827
-0.171868434519582	0.102987037446451
-0.131188573518199	0.0901445086009192
0.58482001808895	0.37997695034666
0.917438811743989	0.884725847367179
-0.422277886081322	0.236628606264027
0.286208055506217	0.211433815000391
0.681148814685048	0.550507144497065
-1.54128630833344	1.51559465425464
1.08199373502602	1.08398592332374
-0.119546843544292	0.0730678346020511
-0.701893398829885	0.471060653765222
0.398847215126186	0.260889903756827
-1.27047713945773	0.885153560442061
0.584781816253386	0.379967818774411
-1.00956173625136	0.719582795507295
0.211926139913565	0.113876387771514
0.116414508098209	0.0681924531426653
-0.573161765273624	0.392176229876356
0.522549428477032	0.423822573276528
1.15002045869346	0.774163935987156
-0.572977137866887	0.392068629563688
0.276662130961792	0.193532353478315
-1.29925548666426	1.47238337761927
-0.119837852058802	0.0732227474387135
-0.171961096389896	0.103053583967166
0.264732361595383	0.174574594918419
0.546935983958986	0.399525690717015
0.58475959722206	0.379934996153133
-0.792029090058758	0.630725452876737
-0.568374408633626	0.349993657688987
-0.568404782301551	0.350035267727637
-0.413856609751681	0.32103831463558
0.522199546042069	0.423640144248227
1.15002045869346	0.774163935987156
-0.100786276740608	0.0535895907139736
-0.967920770914226	0.56691647468837
-0.314783952241964	0.180345912013469
0.846176646140746	0.714913445411332
0.211926139913565	0.113876387771514
0.898256993301542	0.723151630240779
-0.472108155766521	0.32911275292109
-0.702000315358475	0.471069360153076
-0.119652878662126	0.0731350870173091
-0.22441533242714	0.149321786982421
0.399535611406082	0.245209094708849
-1.00943210635186	0.719314837631752
1.04417132370979	0.75412450860252
0.53312519403382	0.411026461301314
0.712272108161035	0.546345323763133
-0.260422454505934	0.131473076198748
-0.701870683447116	0.471060482975925
-0.701870683447116	0.471060482975925
-0.0791792203244651	0.0355425675709154
0.395981927256515	0.226165131273107
0.234037530116601	0.135423779769217
-0.573056252013549	0.392154337670413
-0.579204904764993	0.267396917142687
1.72086231421101	1.34495980276305
0.276422828346798	0.193285347164671
0.398895517433152	0.277116160983013
-0.732441051582771	0.44151093634167
-0.968152752066219	0.567121503023109
-0.825061670752121	0.599394220982401
0.398780818069297	0.260842436667706
-0.119518275601168	0.0730591665263058
1.04433042627028	0.75412128636301
-0.889789726075743	0.758188605908356
-0.167844965554481	0.0869955704368866
0.365901442885752	0.150373308319952
-2.81249308077895	2.16583786673649
1.61928615617558	1.66824435091349
-0.391490026470118	0.191378721986921
0.372705457589149	0.176103244649458
5.06647340723045	3.07612576136433
1.0442507952022	0.75417682170438
0.250790671040038	0.155292789736014
-0.568382091800531	0.35000896247181
-0.577099994021257	0.434404359083589
0.399214271315013	0.293315937795653
0.142077308944848	0.0888624360218098
0.522494886277939	0.42392561650573
0.845807667058939	0.714953390541008
1.73183908317869	1.91438019217834
0.75107452179666	0.546303195112605
0.712021824999197	0.546362006532511
1.05626633094545	0.549797046240232
0.250737202542004	0.155249271773575
-0.351974952412634	0.276683503833317
0.533245913804934	0.411170667653861
-0.665902628244197	0.583850645077103
-0.571518586146758	0.312432773778368
-0.235369770675652	0.138004043591348
-0.487529764568404	0.372548061716621
-0.413963562725887	0.321128480945109
-0.119625687146688	0.073124812578289
-0.131319680632085	0.090236686104291
1.15451914124302	1.10878704990263
-1.66966433654189	1.12047352362829
-0.167814701890377	0.0869867978736486
0.963409078782663	0.736933842807329
0.712087176452811	0.546654737619279
-0.167830351359906	0.0869843248816228
-4.44943194328068	1.84281496770354
0.399660064812808	0.245317382260872
-0.788241631735444	0.41410029348193
0.0617424742393982	0.0239084459082885
1.79944799922107	1.775645902734
0.396046476092211	0.226243653582569
0.796412832540613	0.54632387049216
0.1420011340404	0.088797170503428
-0.235409159682121	0.13803600571538
-0.568481019853327	0.350153375981782
0.085491672280226	0.0466198744971157
0.211895891785283	0.113859386997973
-1.14273073506407	1.02032607142289
-0.167578996259505	0.086787952588537
0.372838340462595	0.176172443452236
-0.00643587924542967	0.00359301632558093
-0.285164564145787	0.186407245785783
-0.57948567480638	0.47553088728255
0.00941343593796958	0.00819806068240049
-0.265417598331787	0.193999504196372
0.0584657231335231	0.036938288303298
0.71557677406333	0.720481115067277
-0.674898840923898	0.545790922920221
-0.852563147890518	0.785844565177501
0.796499407903853	0.546409161577071
1.79947832182481	1.77558984014841
1.08191010479496	1.08387246777139
-0.422320938196137	0.236638315029538
0.968633454978264	0.894672147645549
-0.00835779426278159	0.00538654948419021
-0.58372876896372	0.556635209274743
0.512654811589944	0.436390526638643
-0.413774697789642	0.320922462967189
-0.094625972357169	0.0659346382070736
-0.235382896302948	0.138024912443037
-1.12679749314645	0.723768445088123
-0.572977137866887	0.392068629563688
0.656259339378735	0.556754166748311
-0.889956812825115	0.758402852078309
-0.825053757516349	0.59945569070679
0.178553562825416	0.0880207736400299
-1.14278170061859	1.02078653749584
0.373197353003762	0.176298579280327
-0.701794275583271	0.470910260347338
-0.848235856286303	0.353414829103439
-0.062844101700979	0.0443436364973041
0.399438087502248	0.24508360369272
-0.0790660786633357	0.0354934239501734
0.0478981651999103	0.0241685434406286
-0.847833196182046	0.353207340512575
-2.54132023954582	1.70610527470846
0.25061916968494	0.155193208312974
1.72129917148825	1.34707589489112
-0.314897752349974	0.180460386792066
-0.0393325496403381	0.024941756470311
-0.358601625161616	0.230018412531975
-1.23468695149016	1.1703798547219
0.740558270925095	0.716353910708763
-0.389851199294465	0.276258673020716
-1.68755917895986	0.704253567990808
-1.27055405837643	0.88524530962507
-0.576835707979372	0.43408115095225
-0.766335915718494	0.662959083307172
-0.686578027159609	0.508127690026033
-0.167913421135379	0.0870179199793379
-0.674553866272485	0.545134777402124
0.398834984692158	0.277080991308156
0.387592918851795	0.203717843721853
-0.235567724001161	0.138125157356038
-0.184393374089649	0.0790787932600563
1.51292070183513	1.26323270659872
0.178488280870952	0.0880114930246788
0.387511878551028	0.203703880087379
0.264695320532999	0.174570131584808
-0.648272843931716	0.695991419448958
-0.351778466969887	0.276492787768648
0.399115101220626	0.339976956379643
0.892804032587228	1.03901966384072
0.23420176261692	0.135550725555505
-0.104360815899979	0.0290077066781166
0.0617277318050226	0.0238966037879039
0.047887776877987	0.0241619538247141
0.163246560806056	0.108532388544128
-0.242703627745758	0.211475629166598
-0.1310782110385	0.0900485028540653
-0.00636600259477856	0.00355428728509299
0.276687851535201	0.193548878671475
0.399640462504326	0.245290629353771
1.02243879636946	1.06686892521899
-0.766414454254694	0.663108225094003
-0.224205111346259	0.149137272516056
1.09692637385288	1.40790772389199
0.715162174492074	0.719703698760913
0.399135337315706	0.293206775102603
0.264491025422571	0.174391433604047
0.0856766271852479	0.0467288268596743
-0.0787588855722984	0.0353441950334484
0.211849784137663	0.11382783840282
-0.260687678894057	0.131570425690877
-1.14884881466261	1.17257606466501
-0.510415937668821	0.457934244674187
-0.395822506316818	0.361355984380158
-0.665669707780211	0.583946577934216
0.740412532926917	0.716052689303468
0.89846693705084	0.723012204815781
0.0186074566745822	0.0125199585315506
-0.352019872466604	0.276711013413076
-0.852604151174065	0.785927542903538
-0.510488193751867	0.458138192503648
-0.0346394716640665	0.0247222353576593
-0.212720779833938	0.172588691151125
-0.533180478419577	0.610069096751573
-0.41394158326969	0.321121824292564
1.49730071637602	1.43007384491007
-1.0673849388289	1.02908287832302
-0.0944064332938731	0.0657666599668661
