x	y
0.861031333336569	1.03530716996443
-0.708988647364311	0.801273952586243
-1.14885200813079	1.17241360926227
-0.584996378248311	0.595195462866984
0.323785462160191	0.311030776025417
-0.579189609217717	0.475255109814496
0.181510684378831	0.127754602640539
-0.585314557740357	0.595532682034833
0.313385838919855	0.278533200072954
0.294452154904269	0.228940098432368
-0.752574154465575	0.939031324229273
-0.176601606614066	0.144459897099089
0.123363505858838	0.091642551068764
-0.173747093455054	0.117542397067106
0.0701203723194533	0.0593143137343766
-0.326188804154412	0.279936145025404
-0.139663708311217	0.105871822947445
0.141865183765722	0.0887267375760719
-0.0285384101348518	0.022355558457073
-0.326159922484406	0.279907201089532
0.558843882067651	0.624014786658492
-0.487688538815458	0.372809546750251
0.196636680755958	0.145858043549155
-0.217521006706289	0.161161575860771
0.577087572672009	0.601812001111028
0.0289568043675961	0.0171732158028847
-0.144525205602318	0.119091004350001
1.24656456552296	1.79726626153048
0.917438811743989	0.884725847367179
-0.433511665279704	0.364839731926706
-0.579170559296308	0.475220785916367
-0.585449441605791	0.631903899537016
0.481412856937852	0.500553378763637
0.497196260345077	0.461739233682324
0.0288523742823862	0.0171074128794536
0.804089835220899	0.712440424822514
0.399517607121712	0.325283423741794
0.656233446083565	0.556691460943664
0.140219454670309	0.109219867197938
0.169412588974522	0.143948214712787
-0.176640245705887	0.144495451100456
0.474933758492537	0.528029220890693
0.968725957421096	0.894708011352014
0.617704044951954	0.573751586513024
0.399203672241418	0.369981599519589
0.264658266871447	0.174547011346903
0.116475015422518	0.0682251413948048
1.34319026129936	1.01477745885181
0.116140343707943	0.0680159834349419
0.0535432617969702	0.0435138864514662
-0.966937261802022	1.06739074452298
-0.235580834183956	0.138113068151104
-0.044077033709115	0.0371328887331287
-0.20253201878785	0.189924937893084
0.402372623028448	0.431077341884398
0.104696791120862	0.0739808215885563
0.211926139913565	0.113876387771514
0.546843514987056	0.39952635801972
-0.449551847246755	0.28255524491248
0.750975541614246	0.54652601352424
0.635585858470544	0.565049160716253
0.181465589387316	0.127734472251748
0.294759536764548	0.229176982200759
0.617654418671951	0.573599784381002
0.61769976143884	0.57374309255415
-2.05885607956116	2.79275473228983
-0.0520193763100874	0.0404451575295979
0.10494279492139	0.0741722381789076
0.769204241995885	1.03946102896951
0.577181824701095	0.601932377550912
-0.585351335383503	0.631872378296619
0.6356490617536	0.565110324997158
-0.0486779129594599	0.0265406888410703
-1.01126612517745	1.04693636677886
0.656339583124585	0.556847987421022
0.963515763266062	0.737132596613881
-0.413793633721842	0.320969820892725
1.12032416462092	1.25778427019312
0.0291445799665164	0.0172811839825682
-0.00835779426278159	0.00538654948419021
0.656312403674297	0.556815343915179
-0.0344081561738779	0.0245554787313122
-0.173982954598215	0.117708458388327
-0.351888792682056	0.276612510429749
0.0288765481797219	0.017124337713658
-0.47167372847817	0.485382117555378
0.155754839107828	0.126900589669782
-1.5412397359166	1.51543909845566
-0.139649022914763	0.105843216165979
0.399567666730592	0.309608506043698
0.602390200870709	0.5829182524022
0.196550516671539	0.145785143711548
0.276687851535201	0.193548878671475
-0.10060690072741	0.0534984057920706
-0.358522758485451	0.22994932308938
0.763957208446354	0.331045765272962
0.635605328885084	0.564999444831835
0.264500485590941	0.174379741570726
0.588788443933033	0.592083298498628
-0.376097638886974	0.31981980715891
-0.51051431050128	0.458078669775097
0.0583587733453041	0.0368674418310713
0.141945413134548	0.0887896964119642
-0.131016263300777	0.0900113369121823
0.399517607121712	0.325283423741794
0.396132754922445	0.226326677718278
0.652724377543257	0.922248195688531
-0.173958225918879	0.117700871705319
-0.358601625161616	0.230018412531975
0.0857166974560899	0.0467505479059537
-0.471926829276133	0.328942702328004
0.276662130961792	0.193532353478315
-0.449415256441594	0.40705607729714
0.564324718997456	0.389655936649954
1.24619310387053	1.14613373756296
0.0855710855814217	0.0466692685549772
0.398872373781685	0.277094868971369
0.264704824340339	0.174556238904536
-0.171975261730541	0.103067661326467
0.533171724953987	0.411076621770173
-0.390010170761787	0.276421028544424
0.490914328376148	0.474220464313848
-0.252994893935677	0.203314471075694
-0.674685497193282	0.545475329450318
0.163628004413102	0.108832428913685
-0.217541678589498	0.161189557587135
0.396154024889711	0.226290818605055
-0.0488223758110372	0.0266260448981406
0.104829887126333	0.074089574109362
-0.265417598331787	0.193999504196372
-0.422491449282457	0.236691862572536
-1.1424567904957	1.02012638028614
0.929881668108966	1.04618174195779
-0.931688976908374	1.09088875201966
0.972465931823031	1.05493761996588
0.104876294895799	0.0741238703806158
0.504465487353853	0.449126230590619
0.396306055166336	0.226385658893362
-0.576989250936056	0.434217336157644
0.0855841566218966	0.0466768866551627
-0.449641252180695	0.282629245641421
0.803945827600581	0.712263366492621
0.0423961627944852	0.0300416647640507
0.504613446964592	0.449395282158577
0.656259339378735	0.556754166748311
-0.897408029722432	0.940192360461248
-0.472131338862803	0.329112025572246
0.0186535911440055	0.0125518766756815
-0.0490594629448469	0.026755104726524
-0.167814701890377	0.0869867978736486
-0.701847768714309	0.470882504514928
-0.172082087699161	0.103117467063856
-0.100696563025694	0.0535453328515396
0.693883654395699	0.725374071607745
-0.00842328172380098	0.00542826232287636
-0.265524370552137	0.194087155247442
-0.981531230010308	0.891343802585796
0.715396265547749	0.720160155204294
0.584850270466903	0.37994255767768
-0.449917475520698	0.282760406761296
0.399629756186755	0.245296505376421
0.635629550445155	0.565048182756302
-0.6533224692108	0.659742172425277
0.399472315906621	0.325206430145799
0.163477281367184	0.108705236714937
0.0834625570280058	0.0558966024436078
-0.573227757311324	0.392266514424076
1.59799615959565	2.55002023334274
0.0833518674706668	0.0558097145408238
0.750745284981443	0.546232890910934
-2.01784490777634	2.13729564396666
-1.0442948303691	0.874612671953292
-0.119625687146688	0.073124812578289
0.196636680755958	0.145858043549155
0.213182764472248	0.21035487275049
-0.518485769204277	0.498149352402453
1.21238000227573	0.971369902993594
0.0586109535655877	0.0370290854361946
0.234029943286015	0.135426106733778
-0.901881847969448	1.11476029759259
0.259733650022855	0.248696258799894
-0.32201386012934	0.231860376653194
0.209591073520732	0.163136712546142
-0.471985508828965	0.485760158285052
-0.852604151174065	0.785927542903538
-0.71999994333641	0.767494288973926
-0.500289997067372	0.416050158083887
0.533208825612179	0.411146860046541
0.606999733160499	0.368112755368252
0.128504583636049	0.0570536698492632
0.779759197934658	0.876098849488952
-1.09733343839638	1.33604860809438
-0.0394432749489625	0.0250150078693679
0.221649166421926	0.180616495762835
0.546961719451806	0.399642103935353
0.740453857154362	0.716208123014226
-0.471720041493837	0.485590314317207
0.69360357473447	0.725071798583745
0.693683824276979	0.725119348849623
-0.472033637882765	0.32898027204842
0.3132772866988	0.27840878870001
-0.184617640808077	0.0791844639739394
-0.579255505788466	0.475298800982053
0.398713891522661	0.276963185861334
-0.938827414231148	0.734169359590649
-0.449827940395289	0.282731266711348
-1.0675179913994	1.02948100786859
-0.931906006442518	1.09130569717365
-0.58498330346322	0.701899869942087
-0.115029090343335	0.0953619178667007
0.711835729156345	0.546436820610805
0.584661003530846	0.379748330250831
0.181354727690782	0.127651068600099
-0.217541678589498	0.161189557587135
0.401509374999807	0.415888718405739
0.318731126477426	0.294779951493179
0.399669612881777	0.325434377115977
1.23108588698226	1.62856574270787
-0.825313591982397	0.599686009158765
1.15024769582178	0.774274178577378
-1.35090235712844	1.18231625144187
-1.00946265936106	0.719458642516027
-0.0490594629448469	0.026755104726524
0.400588754750554	0.400576150967958
-0.931783082408798	1.09134486803983
-0.00844750902079572	0.00544355644903052
-0.224495591706642	0.149371318920318
0.398806889390494	0.260867793545225
0.318626020755859	0.294588689956308
-0.658966717732284	0.622359946087841
0.512783656817325	0.436590549581065
1.83643203464135	2.1662889108518
-0.449328790336753	0.407000668559091
0.140450807254559	0.109426828636352
0.140573627405727	0.109506437390252
0.490943124282534	0.474217799189301
0.497149769694944	0.461687035193562
-0.0345093187010541	0.024629254832579
0.497209994677897	0.461670038484069
0.0290370556228624	0.0172206399698484
-0.265438197847895	0.194015088063721
-0.577063067083383	0.43440075790853
0.276421317259084	0.193291027580897
-0.966850769963805	1.06720632995556
-0.0628036961608441	0.0443159983603137
-1.21639719378092	1.61823835162008
-0.175446981010123	0.154593326190759
0.617679276148387	0.573743668628902
-0.175746586681918	0.131728553517312
0.163523595034267	0.108757021919746
0.141971261916633	0.0888023742952421
0.209885442319706	0.163379634019935
-0.173982954598215	0.117708458388327
-0.358772871569101	0.23009838326523
0.968725957421096	0.894708011352014
-0.235316786021102	0.137981180349472
-0.0947790974683786	0.0660385521849972
0.635585858470544	0.565049160716253
-1.08438682576281	1.18431059237427
-0.732124522631299	0.732920077295328
0.972636025036948	1.05487778626332
0.250447574946411	0.155051638096147
-0.131257877742246	0.0901868459905425
0.116186636806352	0.0680532515196002
0.0834007580904876	0.0558533041489546
0.522358566496907	0.423773260703839
-0.131167945964282	0.0901320351584368
0.399247248114144	0.370042901288195
0.276610672067615	0.193443289170944
0.522199546042069	0.423640144248227
1.24599829969537	1.14590672917174
-0.395547880536655	0.360849085017773
0.0585918553379603	0.0370192038447161
-0.351757803318784	0.276475769948736
0.68102769657429	0.550378261045452
1.02254486376266	1.06702666289685
-0.326239444133989	0.279984135591738
0.264672040453276	0.174541981042422
0.163438542313277	0.108699687883226
-0.472214977594307	0.329105137833627
-1.12659180740866	0.72324520596923
-0.173750001371629	0.117554131790799
0.846058516894194	0.715174091580805
0.917491875879375	0.884693017011681
0.264732361595383	0.174574594918419
-0.877149112430242	0.577216000555005
0.671567142878356	0.33484663200897
0.301670867142545	0.245944501204832
-0.533393708523004	0.610253500227464
0.193737021430441	0.178129781605771
0.21178923311276	0.113786657240428
0.809161815192096	1.03400226803377
-0.746943588893125	0.697581345058754
0.28633168863619	0.211553497560757
0.838319752008557	0.87697089157298
-0.298972855797397	0.237791115055507
0.399374730174892	0.293402523050655
-0.167844965554481	0.0869955704368866
0.116247166995476	0.068095355374989
-0.284993363742646	0.186275029087059
0.196636680755958	0.145858043549155
-0.10060690072741	0.0534984057920706
-0.825492339365296	0.599688769725692
-0.0652698321295735	0.0547341251489468
-0.752771851075337	0.939330188726961
-1.08436610498949	1.18424888419965
0.163353483206327	0.108632941562139
-0.686526342442764	0.507925612342817
0.929548748972767	1.0448941656233
0.674719205439511	0.730809985770197
-0.889789726075743	0.758188605908356
-0.352040492772184	0.276727993449681
0.0290900259567636	0.0172511793350693
0.917438811743989	0.884725847367179
0.30179771601696	0.245950140296412
-0.573214592148753	0.392266645889591
-0.224229156975004	0.149175752312636
-0.171877447008978	0.10300836389379
0.968670894719723	0.894606371874941
0.584652914869478	0.379820092954532
0.584721353956748	0.379925831477889
0.874543706410904	0.879271919655229
0.399731715671093	0.385221635778962
-0.100435448908401	0.053405283159304
-0.0760751911908723	0.0473951822819531
0.769757873763193	0.71343453825599
0.0478981651999103	0.0241685434406286
0.398909748906723	0.277074306709338
-0.0787197888754788	0.035331436723466
0.617917570343052	0.573877540908686
-0.572977137866887	0.392068629563688
-0.235554617857959	0.138124741028281
-1.22568958206819	1.318895927548
-1.24517554132759	1.02181331761789
-0.701763799486029	0.470846950090697
-0.224389641716655	0.149312226642465
-0.224176207643439	0.149125663287847
0.497242717958524	0.461750565008162
0.313378508050284	0.278505570202133
-0.51886901224014	0.498898429213024
-0.22446989148558	0.149358942874387
0.474868569235662	0.52781367166801
-0.235329933523451	0.137981629173474
-0.747006414651001	0.697678094612967
-0.26777497108102	0.249000565988841
0.892870624951277	1.03914230384128
0.0345306983687743	0.0268957127372909
-0.12100630383918	0.107646213456083
-0.804143304215874	1.04827518174446
0.0829210395801335	0.0646132020433446
-0.0758639628706004	0.0472629593014399
0.496976429806468	0.461368435145541
-0.581555343950065	0.51639606863397
-0.176052217468941	0.132023277324591
0.898429094995836	0.72345739395091
0.0585507395646079	0.0369912014102946
0.276633318877016	0.193483226455459
-0.487633965163832	0.372797634315868
0.564145183307959	0.389473891906218
0.399395757343357	0.355403959036449
-0.325986236323559	0.279657087800094
-0.358522758485451	0.22994932308938
1.15457177884896	1.10893769082864
-0.285127572665304	0.18640202474893
-0.510421781629362	0.458060416627737
-0.298819792768916	0.237629149708486
0.301517681127355	0.245819645773621
0.116247166995476	0.068095355374989
0.504551670747914	0.449262255496065
-0.171868434519582	0.102987037446451
0.567079048130121	0.612392758155425
-0.0344877163074795	0.0246144600334162
-0.094585719883577	0.0659031201935779
-0.217321429867897	0.160988624983541
0.894141863906521	1.34989624558195
-0.48650240816629	0.558095042064147
0.644488060704326	0.746134185761975
0.155505840589109	0.126685038363514
-0.107471564398254	0.0822786215010428
-0.028718268869776	0.02249144487446
-0.843969427173979	0.995701106608884
-0.74698538174706	0.697663368297709
0.399448395916281	0.340582893557403
-0.747092163644139	0.69770729158356
-0.395475355277615	0.361048969818984
0.469642307964037	0.554776639744365
-0.265417598331787	0.193999504196372
-0.39009037669517	0.276450857378076
0.0423019477325416	0.0299761365242794
0.39957560183844	0.245169058147594
-0.571624596727463	0.31249828110112
-0.235369770675652	0.138004043591348
0.779652411017309	0.876046324491345
-0.487609966146331	0.37260895749246
-0.289197329924289	0.285539021653787
0.399362209541895	0.340488220509392
0.123602346217663	0.0918186331312498
-0.285007010964892	0.186314582604357
-0.0523516173531668	0.0407316427580292
-0.202563036607668	0.189961672005907
0.104829887126333	0.074089574109362
0.221641519655241	0.180666331678671
-1.33926229390204	2.32841416103915
1.08089892345619	1.55689712359703
-0.638893894778587	0.764101752209184
-0.510335207495744	0.457920435994576
0.209677652008319	0.163241730118945
0.403797767296438	0.513970668479428
0.0184602389255187	0.0124209773757735
-0.471841251019503	0.485761322567039
-0.518854393963787	0.498844412087798
1.19381372586204	1.76823065462531
-0.0394432749489625	0.0250150078693679
-2.23444747355392	3.37954997516585
0.123414219855483	0.0916913597139219
-0.471686604177566	0.485555706201639
0.0635115863446252	0.0472556483106754
-0.576882370471677	0.434180566976922
0.803922568196068	0.712192740421232
0.0634895538775778	0.0472353794932167
0.584713362680071	0.379926319520258
0.845886876869285	0.715098908302365
-0.094625972357169	0.0659346382070736
0.527953962583488	0.682113845264772
0.181350495182175	0.127608258219796
0.163608641365058	0.108804553605115
-0.326441995857476	0.280091611219646
-0.0394884245435511	0.0250431843018384
0.717834075513415	0.887082300373577
-0.658832763931244	0.622220304538874
0.301564125786756	0.245862910787984
1.01117800151855	1.37615412776637
0.399134034293624	0.293226555893517
0.211986719950705	0.113885369854438
0.0633072173037929	0.0470837795042248
0.104936634058545	0.0741646617346708
0.399320966654503	0.34043004569733
-0.175904952689409	0.13186506781551
-0.572963935477394	0.392030574725598
-0.674634021264285	0.545352624230085
0.399720762046032	0.245300880797733
0.656232162279828	0.556691762056095
0.769677589313058	0.713346935133066
0.123643013424784	0.0918693581809042
0.232129581076971	0.1975732704976
0.674697258231791	0.730745213604403
0.892757483337187	1.0390331387981
0.681004567437001	0.550334672525007
0.14191689435031	0.0887382742044126
0.307504250156037	0.262021859532627
0.18135882326282	0.127636987555876
0.399628567246371	0.325392173064836
0.398788702445974	0.277022374151166
0.712020782542115	0.546569081267276
-0.119625687146688	0.073124812578289
-0.472238157868521	0.329000774388628
0.155472610251617	0.126648001028643
0.0857298001699369	0.0467611300263588
-0.389690847103412	0.276025100447376
0.755987116727587	0.87771901917351
-0.0082303190676378	0.00530493174834557
0.769489751480815	0.712789003425625
-0.788353018666431	0.414337941238971
-0.0757570437027667	0.0471897109394555
0.803996781242706	0.712059316844062
1.11246881043441	0.937662436095658
0.181334204038304	0.127634841216278
0.209922772794936	0.163409813404559
-0.823991306393046	0.816234952867646
-0.822873191627599	1.02263612100042
0.116499415519337	0.0988414829799948
1.21176546432328	1.45640251714541
-0.731945584304859	0.732724845641667
-0.665565860044932	0.583781834448672
0.399293174835511	0.293348093652088
0.25972767526674	0.248698846062927
-0.413749655700827	0.320852161674534
-0.422492475261116	0.236683184235904
0.399698378494952	0.245331839655781
0.234283713697625	0.135588951948784
-0.686670269083675	0.508235697146491
0.740643301565032	0.716404692220104
-0.100435448908401	0.053405283159304
1.08191010479496	1.08387246777139
-1.21642616413642	1.61811405858469
0.52227981971219	0.423783646269679
-0.00667717656401973	0.00372485518624013
0.635500789536153	0.564914880949432
-0.35874606176488	0.230128359214925
-0.406260094312188	0.0911374164788629
0.116186636806352	0.0680532515196002
-0.572911281189244	0.391961099142485
-0.23539602597155	0.138035568356171
0.779811396220978	0.87626515296942
-0.449820216110179	0.282733562407957
0.656419821809539	0.556877278723426
1.0819798819994	1.08407267577228
0.0857559934226779	0.0467736506521512
-0.686800933612094	0.508334523103492
0.399346206124844	0.293353645104424
1.51292070183513	1.26323270659872
0.21191044672147	0.113836877487231
0.898436685031673	0.723471675074255
0.750918451769797	0.546500400749536
-0.674715651535306	0.545087611253191
0.546566029400145	0.399212398420784
0.211926139913565	0.113876387771514
-0.471880447909488	0.328863331156295
-0.284993363742646	0.186275029087059
0.211918251717271	0.113865661807845
-0.67476713709981	0.545597783452129
0.399177707527431	0.261100828258101
0.681171948846945	0.550519576410294
-1.4019987259968	1.48424084996517
0.313407471062724	0.278546268335981
0.029009781927305	0.0172044213737388
-0.927793942517411	1.25743917810406
0.398939685964909	0.260998562871579
0.083310726233582	0.0557878799429237
0.399188400393345	0.293278030550534
0.083310726233582	0.0557878799429237
1.14969228209502	1.42883896295587
-0.17391993970498	0.117664802033696
0.0288765481797219	0.017124337713658
1.64838948247675	2.22610510461655
1.48108910914216	1.5892789761465
1.12028269615602	1.25757653824232
0.210090244887122	0.16356806883937
0.715552285455441	0.720524184355505
-0.299079606706917	0.237877630655294
-0.242886348646084	0.21162222641798
-0.395496943936468	0.361059612850395
0.221518955905205	0.180502354834834
-0.41394158326969	0.321121824292564
-0.171816972074702	0.102965328684015
-0.395699183860878	0.361265800896771
-0.351692342607298	0.276392188441944
0.264644477458504	0.174506049821866
0.796499407903853	0.546409161577071
0.128870977387423	0.0572162720109094
-0.732144563914125	0.441193221226084
-0.100719535592776	0.0535595262511556
1.66354590615496	1.51630803906671
-0.100353717964887	0.0533549282245805
0.116368199676192	0.0681703696479722
-0.0759051448786092	0.0472913722500453
-0.26554880296696	0.194126969543783
-0.314768381769117	0.180349988527173
1.4971811259523	1.4300181057644
-0.579175602489374	0.267377878491138
-0.184617640808077	0.0791844639739394
0.504634029158256	0.449399187746296
1.3725893123695	1.53203929792298
-0.285211168305487	0.186448644459638
-0.487659615823777	0.372805015575226
0.286419390851797	0.211652533237129
0.39954580672875	0.309586780212896
0.264574648130701	0.174478236700459
-0.29877351514744	0.237589613695921
0.0834457002913798	0.0558793950734071
0.533101929070067	0.410966339617484
-0.747092163644139	0.69770729158356
-0.686643295235763	0.50818911175335
0.6563136995897	0.556790487890074
-0.100704209772987	0.0535537703395433
-0.00655651078964978	0.00365922616789442
-0.665480935932273	0.583713359197363
0.693863574992226	0.725408162069438
1.24617792011755	1.14624413498319
0.123683671244444	0.0919050903834416
0.0479444191794637	0.0241924711034532
0.104936634058545	0.0741646617346708
0.711941293208047	0.546490151457986
-0.422384984558512	0.236709053249403
-1.27055405837643	0.88524530962507
-0.573227757311324	0.392266514424076
0.711968581035779	0.546565959336452
0.0291173019445393	0.017266599974287
0.181268476238753	0.127577741589605
0.286375548943213	0.211623257913393
0.399161216342137	0.293259882473176
0.398774442714311	0.277029786852801
0.779612091239785	0.875988688644532
0.6356490617536	0.565110324997158
1.38069935363088	2.04442604190797
0.163479839725159	0.108734620174476
-0.766175516073887	0.662673544333303
0.635566301998327	0.564954796623497
-0.075883242399936	0.047275522636925
0.0584849086837611	0.0369509486462666
0.399608988345412	0.309648467855412
0.264597924244184	0.174496820223054
0.399448395916281	0.340582893557403
-0.173791021253973	0.117590988191062
-1.32622315997033	1.91297300471971
0.264899551428447	0.174650753021524
-0.173834967445948	0.117615183798292
-0.322117960194991	0.23199093386192
0.399608036730219	0.325348253014689
-0.217300706675367	0.160976269658147
0.522281329542169	0.423797055534019
0.929815994529205	1.04617082712758
0.273782377056919	0.280858532545222
0.0634839730990181	0.0472342235530546
-0.50009704051959	0.41591664999723
-0.581424526032711	0.516161570285502
-0.285248168671169	0.186457788970571
0.276609133537466	0.193488659541977
-0.034646848214051	0.0247279120655067
-0.746924980182206	0.697297805505652
1.6636969038813	1.51644247306866
-1.1145954954322	0.541089063658969
-0.391255137428528	0.191169523108121
-0.167746238435569	0.0869469108163603
-0.22446989148558	0.149358942874387
0.546658537699458	0.39936889682843
-0.391481666646295	0.191384943509599
-0.389958581984116	0.276296546954303
-0.285104268291679	0.18637524470887
1.08191949778297	1.08398924701774
0.617568114664931	0.573480074652326
0.396219281155119	0.226374014114269
1.512841282031	1.26331557456989
-1.32935577109624	0.732691233079291
0.768914909881173	1.03867212066725
1.56239286358761	1.98784894096164
0.301511367876869	0.245744345505414
-0.224442612976316	0.149344680362211
-0.235290503145764	0.137949646882033
-0.56850361312045	0.350137185021699
0.0835075465371211	0.055929965895347
-0.686735568887376	0.508322918373419
-0.0760727161610578	0.0473915429084817
-0.100548132647953	0.0534597278788284
0.221475329703147	0.180512484398038
-0.449440668436446	0.407117919169569
1.01560393651693	1.22292887417138
-0.299033287706945	0.23782414723678
-0.298972855797397	0.237791115055507
0.0289053747418535	0.0171405436715424
-0.265397003950371	0.193973549463885
-0.472145435547435	0.32911333829104
0.533157876113141	0.410926492863331
-0.131188573518199	0.0901445086009192
-0.358825047661998	0.230165183940644
-0.212699182290585	0.172574668852142
-2.98632741987308	4.02084657804651
-0.00631528212526665	0.00352626021625771
0.20993735901243	0.16347925726346
-0.0345309042206231	0.0246425182568894
-0.260422454505934	0.131473076198748
0.373299878341106	0.176389734786326
-0.322074100214376	0.231931358442459
-0.217583036604374	0.161222023874358
1.21240187826844	0.971357094877432
-0.253106791583827	0.203429946674417
0.898256993301542	0.723151630240779
-0.0888533360280532	0.0741048731733318
0.769812401916228	0.713361601759979
-0.235316786021102	0.137981180349472
-1.23430272897716	1.17056832595407
0.221417199510655	0.180382631080704
-1.32061182671971	1.32502985258489
-0.390063176806021	0.276452098473583
-0.791959463063889	0.630501322211344
-1.00963028713932	0.719349342460465
0.399542328129567	0.325287038307976
-0.167806752329096	0.0869693039478201
0.838208628204057	0.876775252081621
0.196398798690872	0.145631620993725
0.712007738259608	0.546620013704936
-0.172058927367155	0.10311081239665
-0.253297253647567	0.203553145486106
-1.05066332544332	1.34930127545276
0.294558943363596	0.229029990708639
0.276527333024065	0.193404830580203
0.693670173069584	0.725194243207079
1.11238584210836	0.937417194792886
-0.708993917812883	0.801172532030009
-0.217410789822541	0.161083572869334
-0.56857990501294	0.350166387556922
0.71559735481078	0.720525053664774
0.264778926388733	0.174621340640128
-0.41394158326969	0.321121824292564
-0.581335262301388	0.515794957688516
-0.00660308504529402	0.00368408824170209
0.485739888112208	0.487224776786363
0.264597924244184	0.174496820223054
-0.18438336931455	0.0790808605857554
0.711915228195204	0.546557048928131
0.796542286709821	0.546503907985386
-0.224230772830144	0.149180058323105
0.796326504549897	0.546125168287339
0.796586231010875	0.546385529373198
0.116353991523378	0.0681564763741826
-1.1488708296975	1.17270439918049
-0.173834967445948	0.117615183798292
-0.510574782260195	0.458219887010343
0.211690554261398	0.113674615960632
0.372950968880263	0.176251163954604
-0.449633490948602	0.282605167831363
1.0639851598719	1.23744898096561
1.08063903200736	1.55534943102464
-0.0628698544044172	0.0443650532359503
-0.472070889856049	0.329070387884181
-0.391603095504156	0.191462066890932
1.21233652044068	0.970824474083088
1.11247611937041	0.937616420025001
-0.56857990501294	0.350166387556922
0.399545206485419	0.245165917378088
-0.471940885671565	0.328935283128993
0.0835075465371211	0.055929965895347
-0.581903416481842	0.516649308035188
-0.732011940100003	0.732829633677683
0.0834007580904876	0.0558533041489546
-0.176031979073977	0.132007055143449
-0.375919135171039	0.319589844911493
0.0289583677449382	0.0171730144127463
1.29781874439823	1.66301596808641
0.0834213626748523	0.0558700760786796
0.929836539441232	1.04615595032074
0.533236447623745	0.410930951164147
0.0291157145799139	0.0172647535261351
0.0583587733453041	0.0368674418310713
0.286271216955869	0.211512826252853
-0.253233963274829	0.203545989804676
-0.326254013100375	0.279927864306467
-0.0394432749489625	0.0250150078693679
0.928767656287062	0.545207466605494
-0.581600116981307	0.516448993782105
-0.285007010964892	0.186314582604357
0.522305567160381	0.423753088983688
-0.992310333217374	1.218188779409
-0.224338278181341	0.149249065378193
-0.581924052972078	0.51660970150934
-0.314776207125623	0.180364724263437
-0.119412253858398	0.0729861393109778
0.564324718997456	0.389655936649954
-0.171961096389896	0.103053583967166
-0.326232293617476	0.279952586454806
-0.992498347179004	1.21868572613769
-0.414007535415356	0.321066521283311
-1.13159638241731	0.867557605747178
0.116307687959683	0.0681343944936411
-0.322266028375118	0.232102188709418
-0.992238220178283	1.21796248219116
-0.584838266197566	0.701606642326532
-1.14893374072295	1.17278247571731
0.221482429232748	0.180526925760338
-0.0627121266711693	0.0442359844911815
-0.533244737391929	0.610133803909752
0.181141190653989	0.127430129211789
0.399137671090677	0.261102471627967
0.0186333673940162	0.0125386230495905
-0.175919634649486	0.131903962046959
-0.139649022914763	0.105843216165979
0.14178625989167	0.0886587690609341
0.740517027836407	0.716317009145669
0.318825263007079	0.294928782295444
0.644559986072141	0.746243486322818
-1.98195005446104	3.06615544370608
0.938183364733023	1.2020877571404
-0.17191476584973	0.103033463272345
-0.00624539254580657	0.00348754751286716
0.181264213319232	0.127547533520932
0.584850270466903	0.37994255767768
0.564422049407264	0.389700830190336
-0.701870683447116	0.471060482975925
0.796607070563234	0.546529871565748
0.564429678381227	0.389673383118391
0.806705631114964	0.875262032795501
0.178675874793748	0.0880918078933201
-0.701885544577957	0.470937287450026
0.399299734354046	0.324934715269666
0.504892614805	0.449245600593171
0.286479743931269	0.211687013027323
-0.184271044593708	0.0790222441021079
1.04437317883755	0.754099794507054
-0.824012039357249	0.816178893464369
-0.462122120315238	0.447573061663702
-0.00820619958532179	0.00528963663095982
0.751013853753835	0.54655060088885
-0.848034357080434	0.353432748047731
0.21187233111304	0.113798255568875
-0.0758228309056645	0.0472304207766757
-0.184260968187063	0.0790176636787065
0.671553473526904	0.334671088007792
-0.8250300816914	0.599077774240489
0.674842670027456	0.730871953373625
0.29469399198615	0.229145460254865
-0.212879909794636	0.172715514239797
-0.0489937644034561	0.0267199564240236
0.874606951859006	0.879422159973387
0.29465275481742	0.229064821163376
-0.176164638179333	0.132110327925399
0.490914328376148	0.474220464313848
-0.889813078580762	0.758273976852272
0.232240115056511	0.197675545781824
-0.824956711698704	0.599283845361732
0.63575597718878	0.565136053841601
-0.325979141517565	0.279669716306507
-0.352040492772184	0.276727993449681
-0.433074789866354	0.364317196526452
-0.063053823297424	0.0444903233801767
-0.175873628065203	0.131848123949477
-0.57685903938328	0.434149334010838
-0.0626968733749649	0.0442364556382022
-0.17191476584973	0.103033463272345
-0.889729543678196	0.758074443440553
0.286227407877686	0.211463970334282
0.681088260233002	0.550461509138893
-0.571505531550015	0.3124149088738
1.24615506360373	1.14583628083278
0.401623303654367	0.415945083886775
-0.500248816324381	0.416075405525705
0.490849947615092	0.474080827289653
0.845979364827558	0.715144881301218
-0.825240015986526	0.599593248021543
0.750730708390523	0.546206964542419
0.6356684869711	0.565026076353992
0.399108153609376	0.293188629141589
0.399582999729393	0.340690923532659
-0.094605844788756	0.0659202457636271
0.929643518511942	1.0458337869089
-0.674686969629508	0.545493532457957
0.0183620634253851	0.0123497710359943
-0.931913195517774	1.09139785801806
-0.0082716539685023	0.00533164399155396
-0.471880447909488	0.328863331156295
-0.131209206012435	0.090152528455956
-0.648286623749643	0.695796465915608
-2.62509840963632	3.97239961844861
0.286353621089143	0.21159382496386
-0.413730680333414	0.320888721656759
-0.577016417499633	0.434301298369839
0.27674083375271	0.193573768724026
-0.00633857803269929	0.00353880115898878
1.08196601341826	1.08382684186748
0.787911109591273	1.03595874397967
-0.351757803318784	0.276475769948736
0.276633318877016	0.193483226455459
-0.171928935227595	0.103021233645045
0.0185410853283632	0.0124748888188237
0.0835937245357483	0.0559856134374031
0.181354727690782	0.127651068600099
-0.173897970235959	0.117662972860727
0.30132428369268	0.245576965435592
-0.235316786021102	0.137981180349472
0.7698381532818	0.713438718841988
0.56422737419145	0.389555636326398
0.0289840778068076	0.0171894330672799
0.399591436244457	0.245265409014508
0.0480050835828071	0.0242224684999677
-0.67492605114634	0.545783675338654
-0.100532689740455	0.0534621458761021
0.387511878551028	0.203703880087379
-0.171831111220029	0.102975093490661
0.234037530116601	0.135423779769217
0.399185776221985	0.293205187254667
-0.56851911765476	0.350145609039403
-0.358626885295045	0.22998067903823
-0.0946986488638365	0.0659755435797281
0.30154402023457	0.245833358350572
0.181399908429285	0.127687118867493
0.163649901488386	0.108841103114599
1.11265651125862	0.93768533175143
-0.260486639341066	0.131500765009026
-1.04454424783783	0.875037302287801
0.0857428988252296	0.0467687674262433
-1.67013186128768	1.12099348540424
-0.171696050116023	0.102863648758974
-0.0344007642075239	0.0245464789067347
-0.585477729637392	0.632162478880241
-0.0393981764029331	0.0249849676031559
0.0835281520701357	0.055942087371443
0.490795122088454	0.473868526601356
0.602061452553838	0.582542601756733
0.658639022931888	0.738088245274906
-0.376123441249274	0.319807562477193
0.211797232378301	0.113783323335555
-0.0394432749489625	0.0250150078693679
-0.298860101022677	0.237688026429349
0.31342912003635	0.278538494803129
-1.52278995090759	1.22112318048924
-0.131188573518199	0.0901445086009192
-0.100599240850681	0.0534854334490669
-0.0760314155104479	0.0473703860597685
0.838188159320898	0.876765674012669
-1.14268425110021	1.02080581954915
-1.0338821521412	1.20028548040552
-0.100361481812431	0.0533560155306658
-0.577113612382909	0.434238300049935
0.564242568767649	0.389576900413468
-0.389929969887617	0.276359669549728
-0.00653322317101659	0.0036465042430468
0.211819494672195	0.113810815709731
-0.171816972074702	0.102965328684015
0.76967609689596	0.713268882191315
-0.389929969887617	0.276359669549728
0.532944050487101	0.410601365428437
0.735715487882206	0.882082642821841
0.512720494873722	0.436496706680383
0.522441885682082	0.423905445396472
0.399534576680688	0.340648388116244
-0.390010170761787	0.276421028544424
-0.171710160877072	0.102884135352662
-0.0392954130846971	0.0249119434183661
-0.314966389985357	0.180495713336035
-0.284802917983664	0.186091266833938
-0.766361533159932	0.663054207629342
-0.284863170771258	0.186167116622821
-0.299059469801772	0.237866335471971
0.323842902007453	0.311148271702579
0.512841347095187	0.43628932298571
-0.25302030787739	0.203324725442653
0.0135649919917382	0.0101003762356409
-0.0758201313271384	0.0472335094023848
-1.01117690553973	1.04693867028586
0.756117377081004	0.878151626612986
0.796455763646197	0.546406595576815
0.917437525976449	0.884520071952556
-0.766201114478335	0.66270873611259
-0.184617640808077	0.0791844639739394
0.211978928819054	0.113843388217299
1.06399713233505	1.23862468358195
0.203914535259565	0.194403201903386
0.658545174088753	0.737871739079942
0.656232162279828	0.556691762056095
-0.581341745692914	0.515786207220491
0.97259221490299	1.05490897335387
-0.322159103419451	0.232023888318447
-0.0487300164360545	0.0265724014795389
-0.358574770830738	0.230008355533989
0.546751032897838	0.399472875834704
0.606638762526366	0.367790241599378
-0.260343515581359	0.131418537401997
0.178423283573288	0.0879679360806085
-0.171868434519582	0.102987037446451
-0.391603095504156	0.191462066890932
0.963545976406489	0.737152407988497
1.2460805514049	1.14608745729724
-0.327440587999834	0.129669435996948
0.712061048069147	0.546653091630455
-0.167852880383599	0.0870058064419345
-0.938971978520868	0.734455823851989
-0.321947997560895	0.231792130970553
-0.86820930037231	0.967385459939607
0.497089520926248	0.461526130383423
0.0480130451548229	0.024225429664649
1.11246881043441	0.937662436095658
-1.22612548943211	1.32050656174933
-0.686906702044741	0.508417242046547
0.75090690912795	0.546464500138251
0.564137604557153	0.38945059624571
-0.518811210506682	0.49871697230104
-0.351909434642379	0.276629510394756
0.0288780997559482	0.0171251235675729
1.14991421803115	1.42980015774128
-0.224256440322004	0.149207271874944
-0.0949586173344989	0.0661496865297971
-0.433250029043962	0.364609037248794
-0.119571298130348	0.0730913852716358
1.49726378518993	1.4297050530796
0.0831794001169383	0.0556833890016552
-0.500183219270712	0.41601862452228
0.083531860600796	0.0559422626006625
-0.0345888874345719	0.0246869544626193
0.399582999729393	0.340690923532659
-0.326210557284519	0.27995518444537
0.656312403674297	0.556815343915179
1.17353108934889	1.59895512819937
-1.14248004024407	1.02033130172564
-0.766387156575993	0.663061566941855
0.0836835205557206	0.0560394240906711
0.301564125786756	0.245862910787984
-0.413856609751681	0.32103831463558
1.18705883143038	1.28247683048444
-0.00467057234517247	0.00216620810420213
0.711915228195204	0.546557048928131
-0.449551847246755	0.28255524491248
0.711915228195204	0.546557048928131
-0.510309195260785	0.457876678530313
-0.65342930032136	0.659939226936215
-0.766414454254694	0.663108225094003
0.0421428605707934	0.0298571811052475
0.756428542148518	0.878263117741164
0.0585699011891016	0.0370057778942593
-1.13160407322127	0.867781212342318
1.01556405300213	1.2227607009341
0.140530372934002	0.109483340296432
0.163542982860668	0.108778932354839
-0.285030319307596	0.186329206529657
-0.21747622332068	0.161139158750961
-0.171998424677568	0.10308111895244
-0.981319481473907	0.890878556348043
0.606920023753657	0.368081471821074
1.48116823577785	1.58938051313793
0.0856635463965309	0.0467239502969187
0.680981438499674	0.550257678966188
0.250447574946411	0.155051638096147
-1.47870072698841	1.64705484344262
-0.235250744723944	0.137920266673397
0.564145183307959	0.389473891906218
0.833328528866371	1.03354848355549
0.286545576800344	0.211745782117452
0.0289825102637502	0.0171873746132031
-1.0112418576937	1.04696151548129
0.399320966654503	0.34043004569733
-0.73227752816526	0.732998532235449
-0.3518681556598	0.276580045277437
0.833161981404089	1.03325791144427
0.0634739417389823	0.0472242003056847
-0.577169960507007	0.434378831729272
0.504486078480036	0.44921591754848
0.71557677406333	0.720481115067277
0.522122239729352	0.423444440336613
-0.449485984604367	0.282336948624893
0.512951075410827	0.436721582636296
-0.217324674914185	0.160994668391273
1.06414921861671	1.2384999238926
-0.674845861436495	0.545752345612659
-0.131212887277098	0.0901629643677175
0.209943006963502	0.163448692897567
0.874650622700453	0.879529294170625
0.60223488348175	0.582834974087951
-0.0942996919488905	0.0656739539408303
-0.119359254656873	0.0729448682063679
0.181551804261509	0.127792825572201
0.504482174981438	0.449280164892039
0.163564873806924	0.108792680582514
-1.01120058538935	1.04695271671224
0.399386507498078	0.340517384533603
0.577174290331631	0.601749180328976
0.24239489148436	0.214998828057401
0.123436140904576	0.0917142791864847
0.0835487526622134	0.0559518379536002
0.396219281155119	0.226374014114269
0.852846126923184	0.546816711265645
0.803982942164289	0.712290972688709
1.21227233254194	0.971179568236575
0.211956415974128	0.113885749261243
-1.27072298147689	0.885399734353617
0.276633318877016	0.193483226455459
-0.31487529078185	0.180469531977314
-1.40182403240361	1.05063874726015
0.328914270718477	0.327719589639278
0.30149128697473	0.245756110929428
0.294735209381305	0.22918377192748
0.399202363897532	0.355292174079647
0.576928436359207	0.601471491951153
-1.40171654076873	1.05012262395993
-0.433332967072193	0.364532085942627
1.0113951657248	1.37595564025564
-1.93132393920753	1.94708148483335
0.399410723133178	0.340468177608119
0.294952474714604	0.229235744231521
-0.889956812825115	0.758402852078309
0.804066571244214	0.712409287520356
-0.171937931217338	0.103046922596437
-0.67492605114634	0.545783675338654
0.769810889993383	0.71345620863575
-0.28498370230448	0.186287806202676
1.08185910510021	1.08381532721845
-0.389928558046828	0.276305926072166
-0.579378743921397	0.475440639742885
-0.139714348764942	0.105913617581384
-0.852267443587932	0.78527817468498
-0.284970053545889	0.186273402942853
0.399665633163718	0.340749110635585
-0.732114848484512	0.441422043241892
-0.0394432749489625	0.0250150078693679
-0.039529500318646	0.0250689531848583
0.398737028107333	0.276969072845267
0.142186070876474	0.0889284491342572
0.163732271593213	0.108881835348847
-0.131340291465666	0.0902446846737251
-1.61852097922878	2.28239177910328
-1.54129999472316	1.51543877411016
0.846018526288771	0.715177552485163
-0.00633857803269929	0.00353880115898878
-0.173665041486168	0.117482242301805
1.49712032565267	1.42990651028131
-0.571625155419932	0.312331918512082
0.0829597566437243	0.0646407193196169
1.15014266729831	0.774326861652598
0.656392640007597	0.556873595673821
-0.322348470771355	0.23213817577111
1.02260087523997	1.06683209351991
-0.00807535621702306	0.00520516817189816
0.756269439993711	0.878302188389933
-1.00956923753492	0.719303703505991
0.155495013416545	0.126656468259253
-0.119544100623782	0.0730686929218244
0.6070937235966	0.368145307451031
-0.852497218741647	0.785707725980518
0.656259339378735	0.556754166748311
0.504527245921665	0.449325217126695
0.769624558410942	0.71323243362851
0.234299063326123	0.135610764338717
0.399690128000572	0.325433376348187
0.973863739987612	1.21034471927841
0.399215586450099	0.293280976714356
0.116391353791918	0.0681832637592717
0.398858126103384	0.277086879421163
0.399156101282935	0.35519300419492
0.116414508098209	0.0681924531426653
0.0855047295225229	0.0466274822827962
0.974016868073429	1.21086133689734
0.116200869059932	0.0680580725820629
0.264718600927762	0.174588722278937
0.276528860013888	0.193418045680985
0.286438632184769	0.211674618036817
0.0288266429426608	0.017088139399025
0.893011082962452	1.03952354306334
-0.585093925507031	0.701963602687218
-0.298926540829573	0.237755093879406
0.512783656817325	0.436590549581065
-0.217455541006197	0.161111172388021
0.584683124801269	0.379889250809324
-0.746989091551625	0.69733815905995
-0.395453749887947	0.361008071619802
0.852927125088669	0.54679237203476
0.365902525614416	0.150379543777498
0.128504583636049	0.0570536698492632
-0.424052268294997	0.438470918890264
0.140299037116114	0.109293407400977
0.39954165448133	0.340568750821968
-0.933888438208591	0.913869462420194
-0.0943399957709183	0.0657110141373789
0.0185612907308733	0.0124871826170426
-0.449221961401397	0.406876760032293
0.234119701427991	0.135495466226445
0.874903457818242	0.879486662869135
-0.314829114370994	0.180396854124777
1.12030004251093	1.25744286931594
0.838147206191863	0.876624686127254
0.769782120407649	0.713257920916767
0.398873322187915	0.260949289938167
0.490640159755011	0.473686551426739
-0.173939041290908	0.117697673411669
0.0583779630996754	0.0368742710090945
-0.176337785534195	0.132223951721488
-0.11965016965936	0.0731244973706263
-0.579085619235567	0.475083606385818
-0.131036907601626	0.0900279719569885
0.0858353222994158	0.0468161299105287
-0.577026152697648	0.434341282550561
-0.284839857471493	0.186127346710592
0.715293602340041	0.720101173495409
0.0835937245357483	0.0559856134374031
0.142157508647189	0.0889086562327631
-0.843804110301446	0.995126018405209
-0.41414990070499	0.321150625531014
1.47074871828608	1.75517061726038
-0.47147025371483	0.484948849371586
0.929622980377668	1.04570668698556
-0.358495878177703	0.22993924642698
0.0425116604546674	0.0301227542204785
0.398849230316022	0.277057537590374
-0.31487529078185	0.180469531977314
-0.38995717249119	0.276378670243734
0.234493621485371	0.135675703937758
0.142213266338618	0.0889328635497326
-0.224363956956832	0.149288353019299
-0.242598255469465	0.211350814982338
1.38060661039238	2.04376550105286
0.27650311630388	0.193374817555996
-0.471866405691572	0.328853477360802
-0.389902765292212	0.276321754862654
0.0188525440385719	0.0126836001389968
0.307634491053212	0.262156519345128
-0.00833713011532937	0.00537350785301406
0.898429094995836	0.72345739395091
0.481274489450093	0.500298239756173
-0.471987262164561	0.329014669520781
0.0187457652159364	0.0126131330967193
0.475090107477896	0.528211146780621
-1.22608467843593	1.32064684862152
-0.0487568225975182	0.0265874476193196
-0.701870683447116	0.471060482975925
-0.571612713488628	0.312477898458969
-1.14250328978313	1.02038670219003
0.142051476455936	0.0888577884553235
0.399315522086269	0.340391559206396
-0.747050919444729	0.697737592033022
-0.284876809631198	0.186135828010406
2.18170649659756	2.20413351289421
0.917490581636276	0.884392493104266
1.1736640395176	1.59925861224011
0.0288523742823862	0.0171074128794536
0.399265993705074	0.293298484223624
-0.376051625080817	0.319760670481302
0.399608036730219	0.325348253014689
-0.00907248770882343	0.00654208117563044
0.602300445039575	0.582911394776598
0.140421833819028	0.109404273443709
-0.00796854875732294	0.00513594447923799
-0.00818216270466775	0.00527338883810572
-0.253542698588215	0.203720239244023
1.2679225316853	1.31676048657897
-0.285271468462928	0.1864724062747
-0.568541766074588	0.350174119857092
-0.358653698911515	0.230066631527229
-1.08434538913818	1.18406953562115
0.399627772921381	0.340663430261734
-0.801762530696933	0.847948860488304
0.251401539121696	0.231933849669412
0.39958018322072	0.370247151348024
0.0185410853283632	0.0124748888188237
-0.510488193751867	0.458138192503648
0.0858484266526765	0.04681806473566
0.751013853753835	0.54655060088885
-0.0394187444678999	0.0249961651205256
1.26773201818246	1.31666496861891
0.399606472489069	0.309530548823971
-0.224336677934566	0.149274089294747
-0.217517602207641	0.161171641212651
-0.173709029792348	0.117506469493409
0.399268783482216	0.355377466309398
0.968619124572232	0.894642985006881
-1.4018611620366	1.05052725349862
1.37885582362773	1.87577396363478
0.286438632184769	0.211674618036817
0.221721058948961	0.180716679234721
-0.731766840385669	0.732241112519933
0.497256514275307	0.461780828443272
-0.389875558702191	0.27626357840334
-0.119383660202103	0.07294132018931
0.399269964591808	0.293234967637659
-0.171937931217338	0.103046922596437
0.399401919280144	0.293389116830328
-1.43536495358566	1.78683598390805
0.209977791311068	0.163495519661908
-0.265374206085405	0.193941330275142
1.18703165674545	1.28243214104642
-0.00647290097493442	0.00361346614744142
0.3133568651253	0.278502834108035
0.221619769009812	0.180629418132482
-1.03361750767048	1.20000036554384
0.123385420895066	0.0916683702506069
0.0832450744155917	0.0557366860367915
-1.14872304114546	1.17227631918769
0.0479668102951513	0.0242035155870716
0.845886876869285	0.715098908302365
0.512717942030779	0.436484312176886
0.0587558354294034	0.0370970114326725
-0.348083924272357	0.320018159340842
0.0290370556228624	0.0172206399698484
-0.939143234552252	0.734645723530448
-0.0628443723055432	0.0443379961901513
0.0289825102637502	0.0171873746132031
0.398978869716779	0.26101254726313
-0.285178267255494	0.186334785699818
0.972444040853026	1.05487896115819
0.0634839730990181	0.0472342235530546
-0.119625687146688	0.073124812578289
0.796564213761884	0.546476908211474
-0.79176434001203	0.630299228341388
0.0857298001699369	0.0467611300263588
0.972487818199063	1.05494675562188
0.169350830231129	0.143924963642975
-0.265684186705535	0.194154733465086
0.163754195270205	0.108895605232759
1.0322086691734	0.911326076798724
0.656366764577668	0.556851668428262
-0.731905187240061	0.732583367161598
-0.224123265800687	0.149068629952472
-0.0487434176606647	0.0265806887940662
-0.0947125918300153	0.0659933735364849
0.702257920948094	0.893735002556287
0.301604328908405	0.245891631114233
-0.217627821810374	0.161254899901061
-0.413900585107279	0.321072021268116
0.250632505219279	0.155190304364966
0.25064583704517	0.155177325214836
-1.24501373386669	1.02209610358304
1.09674646605498	1.4073236257403
-2.85647887782237	3.57531973652489
0.0290900259567636	0.0172511793350693
-0.389902765292212	0.276321754862654
0.39969301573876	0.385182892718584
-0.139663708311217	0.105871822947445
-0.48776714051348	0.372911243742093
-0.171733333748742	0.102903938585626
-0.472094075181024	0.329036698021253
0.496923392469109	0.461139849398406
-0.934033060062842	0.913903875523373
-0.422234800101602	0.236535643078274
0.128617894345499	0.0571115897629187
-0.26563900779288	0.194164201440782
0.250513390435162	0.155108504066862
0.564130014999798	0.389398997481229
0.116284536468204	0.0681178066573984
-0.0490594629448469	0.026755104726524
0.846110950864864	0.715171097862936
-0.119438062625368	0.07300144384376
-0.351757803318784	0.276475769948736
-0.17191476584973	0.103033463272345
-0.282034949998739	0.244000895597825
-0.376031363505098	0.319750089878646
-0.658791281288364	0.622276283523047
0.313407471062724	0.278546268335981
-0.173936295864811	0.117673468431337
-0.0761383398376614	0.047432157350192
0.196571155039691	0.145799378267807
0.674769949286776	0.73089510779261
-0.747028489705835	0.697635563753618
-0.583907281167518	0.556785228404916
0.693716672149572	0.72518946582843
0.1420256374432	0.0888443640776842
0.522334344578273	0.423865103654156
-0.487553742244464	0.37268116945927
-0.100540405818408	0.0534632011451723
0.1420256374432	0.0888443640776842
-0.568602401021607	0.350107625107656
1.11238584210836	0.937417194792886
-0.449551847246755	0.28255524491248
0.276768103389844	0.193591961324523
0.0476927398728088	0.0240540464947787
0.399032143012627	0.261073229564847
-0.28498370230448	0.186287806202676
0.779565779789474	0.875850445485595
-1.14891173655776	1.17265415072568
-0.395728183223634	0.361333908477863
0.123529472176036	0.0917478836077094
0.22158374872425	0.180626235790488
-0.0760945859454269	0.0474073772906456
-0.413900585107279	0.321072021268116
-0.171961096389896	0.103053583967166
1.92290584280607	2.03872655208866
0.196726322963691	0.145924828469218
-0.747178320880539	0.697636429998626
0.512885252218058	0.43654906073166
-1.0972470238215	1.33568001013183
0.0634011157485994	0.0471640144121029
-0.389823995955751	0.276239675249137
-0.325552868235619	0.320166048256853
-0.100793899580135	0.0535980179050429
-1.54120277495639	1.51560255027329
0.104849993135276	0.0741031666810547
0.898429094995836	0.72345739395091
0.796455763646197	0.546406595576815
-1.1429024291521	1.02062320615709
0.658696980269503	0.738087439847934
2.0354198965861	2.3051338942824
-1.27073852153077	0.885116853872745
-0.413919608406986	0.321094793095108
-0.433054031066367	0.364298691297709
0.0835487526622134	0.0559518379536002
0.181617449538402	0.127829003534113
-0.326261191267614	0.279994902864455
0.973857625812202	1.20993076842836
-1.01122278980938	1.36404557595975
-0.351954321284277	0.276666513577105
-0.212800342875398	0.172658169951897
-0.224203491251128	0.149157174432024
0.546579315923578	0.399227661212207
1.89210076439361	3.37470687499545
0.178488280870952	0.0880114930246788
-0.653297218005857	0.659694087387252
-0.581620786915473	0.516483838943816
0.399624325955576	0.340749213014004
0.178596309255561	0.0880509577055597
-0.35180263882442	0.27651654586003
-0.235290503145764	0.137949646882033
-0.0761577797726387	0.0474425552738116
-0.376123441249274	0.319807562477193
0.398932894820001	0.277111636861188
0.917465989348843	0.884742054533541
-0.285090593703859	0.186376827935707
-0.0487702312480759	0.0265925698568664
0.853021070490942	0.546910029300553
-0.35874606176488	0.230128359214925
0.750967604056486	0.546403961082126
-0.235567724001161	0.138125157356038
0.163521087137834	0.108760112686365
0.635564005317325	0.565008227026761
0.693803320882029	0.725326387420048
0.116307687959683	0.0681343944936411
-0.131036907601626	0.0900279719569885
0.0289568043675961	0.0171732158028847
0.104856176513609	0.0741043314170152
0.276662130961792	0.193532353478315
-0.173747093455054	0.117542397067106
-0.665289065701333	0.58325310223511
-0.747050919444729	0.697737592033022
-0.825321423367854	0.599706575982585
0.564332334827496	0.389653895586746
-1.92822632747351	2.40989310633234
-0.0395336251316334	0.025069488288264
0.140320642456421	0.109318558109356
0.286542771421766	0.211718276155207
-0.175985918182125	0.131965687487415
-0.119678716732112	0.073154203987277
-0.217521006706289	0.161161575860771
0.396111062600139	0.226300322457463
0.178488280870952	0.0880114930246788
0.75100588235916	0.546466020766528
0.584828030314386	0.379951791497643
0.178315331624704	0.0879190895682354
0.264477213375641	0.174370334435578
-0.10061457138053	0.053506852680468
-0.284826233152916	0.186118021704867
-1.54121644933685	1.51470518448617
0.399348878782669	0.293364502635155
0.398965812529665	0.261023979914902
-0.224389641716655	0.149312226642465
0.845952734120206	0.715189374908091
-0.119678716732112	0.073154203987277
0.399187088913684	0.293282605618885
0.602365984917455	0.582957641170346
-0.579293741386645	0.475309174398768
-0.747182065219114	0.697808245282518
0.71786736810782	0.887232470228075
0.860980596244526	1.03523462833595
0.232240115056511	0.197675545781824
0.234217042819429	0.135554715301903
-1.14241973593233	1.02007945476379
0.10492266946547	0.0741526896640413
0.681125680716043	0.55046354075607
-0.824494105168535	0.816605546834054
0.399161216342137	0.293259882473176
-0.583815283194454	0.556694729514486
-0.00818551931871176	0.00527638130083001
-0.390008771037508	0.276395178397817
-0.577099994021257	0.434404359083589
0.898534056931897	0.723499377018564
-0.04894032291715	0.0266830057727092
0.740558270925095	0.716353910708763
0.058443790022945	0.0369248768508539
-0.100711867297307	0.053558502180433
-0.414026562963196	0.32117309809927
-1.15390378131278	1.32488107100036
0.399134034293624	0.293226555893517
0.116489195276326	0.068231887094166
-0.674685497193282	0.545475329450318
0.740451330384789	0.71612262862002
-0.224283721636834	0.149230159915673
-1.81226436848931	1.31291218468186
0.712007738259608	0.546620013704936
0.116186636806352	0.0680532515196002
-0.44947814360217	0.282431103264722
-1.01109200987748	1.04692438485415
-0.0758008970647359	0.0472191690492665
0.264681545443047	0.174556420254131
-0.265524370552137	0.194087155247442
0.234119701427991	0.135495466226445
-0.1310782110385	0.0900485028540653
-0.00464881905447431	0.0021552090576274
-0.568511406865005	0.350173903370174
0.234209408113983	0.135557017197127
1.58595905822533	1.8241461318931
-0.235567724001161	0.138125157356038
-0.235567724001161	0.138125157356038
0.533399349534821	0.41121498793797
0.0479061058216731	0.0241734985376833
-0.56851911765476	0.350145609039403
0.399535611406082	0.245209094708849
-0.184505553212383	0.0791373504854963
0.852952818714724	0.546952016374648
-1.12714961438317	0.724193919652426
-0.577123316514962	0.434435598564971
-0.414004594020839	0.321166452093534
-0.139772117374668	0.105960867449711
0.398860270688586	0.260928559216684
-0.358403573374647	0.229826301873213
-0.73236345422613	0.441536831391427
-0.576979499479811	0.434315794257747
-0.0345166891399515	0.0246353687525861
0.602061452553838	0.582542601756733
0.681088260233002	0.550461509138893
-0.0944527482792989	0.0658028264333126
-1.00950067227012	0.71944848988664
0.083310726233582	0.0557878799429237
-0.747071538984321	0.697751766608455
-0.224389641716655	0.149312226642465
0.0479061058216731	0.0241734985376833
-0.119571298130348	0.0730913852716358
-0.0758639628706004	0.0472629593014399
1.26777826938512	1.31689238990432
0.635439735036713	0.56466886588527
0.399402265192724	0.340486801701286
0.635566301998327	0.564954796623497
0.6356490617536	0.565110324997158
0.398834984692158	0.277080991308156
0.804038868586876	0.712149939613597
0.779871931863377	0.876298095722246
0.116284536468204	0.0681178066573984
-0.766334235224492	0.663007552598854
0.751013853753835	0.54655060088885
-0.00650993522150788	0.00363359785395652
-0.351913073834168	0.276585444919164
-0.322224882148801	0.232048157503835
0.0855580104856908	0.0466587120748805
0.617942244594419	0.573885952908575
-0.119677366473292	0.0731471910441104
1.36199273025046	1.1965750860903
0.0290627520003243	0.0172349600444844
-0.167715939625543	0.086928424290891
0.398932894820001	0.277111636861188
-0.11949245706525	0.0730428325659769
0.250605830440359	0.15518710398705
0.546539445241963	0.399105395674319
-0.0489013694262602	0.0266701962197787
-0.897538630967863	0.940323696699579
0.60220807820373	0.582676968009818
-0.00477832280722481	0.00221735527016294
0.0480737227852809	0.0242527501457159
1.36212966873912	1.19733244835361
-1.24519154070041	1.02240393492908
0.632046398741327	0.352597545210657
-0.576979499479811	0.434315794257747
0.163523595034267	0.108757021919746
-0.224335078077715	0.149257804118276
-0.130971422385491	0.0899710371539595
-0.00473520578037929	0.00219591531042473
-1.3205573515626	1.32508128150296
-0.00644961089764576	0.00360056110007621
0.0636621832811747	0.0473675702775577
0.617552022601101	0.573469111548555
-0.98134518112413	0.890952875697173
0.399187088913684	0.293282605618885
0.75092933952196	0.54630009282899
-0.413815629625469	0.320996865707269
0.963447321374807	0.737010024602681
-0.212662796648398	0.172506211639555
0.0424610191158561	0.0300875582849645
-0.0760314155104479	0.0473703860597685
-0.284946743038968	0.186258778585444
-0.321991901170692	0.23185171155015
-0.107349013775033	0.0821583248909087
0.196764133871733	0.145916373973634
-0.433490984422864	0.364800092627028
-1.54154112107875	1.51467363266487
-0.167746238435569	0.0869469108163603
0.898541649291977	0.723418983530821
-2.06204877441102	1.69828598703865
-1.40194851214909	1.05050154752164
-0.572924505371968	0.391917359686569
0.398667618958224	0.276904598251902
0.141971261916633	0.0888023742952421
0.264477213375641	0.174370334435578
0.711663622005326	0.546033847147193
0.398780818069297	0.260842436667706
0.606732450583422	0.367923078259537
1.58603394906799	1.82452821154107
0.0585479424400123	0.0369907265993461
-0.0488879942131119	0.0266619172719185
-0.933866387606185	0.913817896990738
-0.573148582352656	0.392220049465515
-0.119439450446503	0.0730048395536886
1.03230116897854	0.911423629192629
0.0479972024740841	0.0242164984656391
-0.583596334712321	0.556430012413687
0.533366599269457	0.411211711031303
-0.648121340059079	0.695428713102105
0.294714603155384	0.229169576232703
-0.224336677934566	0.149274089294747
1.06393570053701	1.23852577601073
0.83810186519366	0.876533066603667
0.196640192867553	0.145850329153101
-0.358457385979254	0.229842478362515
-1.24546657804873	1.02238626711349
0.163628004413102	0.108832428913685
0.0585288005378674	0.0369794101178088
0.398690755140477	0.276941906629452
0.564332334827496	0.389653895586746
0.874609172878749	0.87936817253218
1.12023683001153	1.25738736696435
-0.939156482635233	0.734573163138473
-0.579318494558417	0.475379314562234
-1.3203986392216	1.32463964307793
0.584812089314716	0.379933439174538
-0.585054330075033	0.595336491849495
0.504502735556337	0.449284046539359
-0.766754893244363	0.909346851107779
-0.176057844901602	0.132010728367863
-0.130992082490632	0.0899835337173766
0.617654418671951	0.573599784381002
0.398872373781685	0.277094868971369
-0.094585719883577	0.0659031201935779
-0.173812992051245	0.117606196781948
0.860865439559252	1.03496840679046
1.03238059025585	0.91136476035372
-0.766255713429042	0.662862174171496
-0.0758394517713369	0.047236396310727
0.0137479034991956	0.0102374660769533
-0.433360101876516	0.364709457252257
0.0584218523132793	0.0369098436699805
0.399587112669457	0.309611469101884
0.0290113532844415	0.0172048544907705
0.635651389264509	0.565004808689118
-0.579318494558417	0.475379314562234
0.0586138048858016	0.0370310004256046
-0.719761430277388	0.767560566360836
-0.825142928248916	0.599571444913089
0.804006203687662	0.71236161428316
1.05094774050925	1.38972881271777
-0.217517602207641	0.161171641212651
-1.22602184312742	1.32059127842871
-0.285234469888592	0.186450253083741
-0.576905701247131	0.434174829667432
-0.0393776134712881	0.024972610225115
-0.0064125873499607	0.00358029417270733
0.399694028346507	0.309716645373078
0.796455763646197	0.546406595576815
-1.54120277495639	1.51560255027329
-0.472191797117666	0.329138834597883
-0.825240015986526	0.599593248021543
-0.44972297108106	0.282664634540686
0.373063689449818	0.176309167899013
-1.83929894680069	1.75899798166529
0.398909748906723	0.277074306709338
0.963447321374807	0.737010024602681
-1.35094243396079	1.18195051659866
-0.573109057679514	0.392100635956525
0.211797232378301	0.113783323335555
0.0586329228416671	0.0370441448141597
-1.00950067227012	0.71944848988664
-0.472047704335293	0.329071112036136
-5.43164660050895	3.68110067424803
-0.314883095294388	0.18046152778602
0.632168963645606	0.352673317989728
0.504416505223203	0.449190127648149
-0.413960669915903	0.321092009427935
0.181354727690782	0.127651068600099
-0.461898577663977	0.447284245217031
0.845715143638794	0.714748853923145
0.804052727722994	0.712385443173546
0.399267318521548	0.293356816796475
0.644665117920301	0.74629325335144
-0.413897638138578	0.321047365091402
-0.510661375735054	0.458257654575307
-0.358588196149511	0.23002237558786
0.712007738259608	0.546620013704936
-1.00959222676061	0.719584185538748
-0.391724305318784	0.191524028484181
0.7964775407151	0.546436206750712
-0.131167945964282	0.0901320351584368
-0.285080963587514	0.186335439955397
0.142133049799469	0.0889005170529464
-0.00633857803269929	0.00353880115898878
0.796736752000125	0.546435178410204
0.751036249750337	0.546278648877764
0.0421210997734316	0.0298396323770174
-0.224256440322004	0.149207271874944
1.37652068575814	1.70456848248763
0.674595785069756	0.730396845506906
0.294628424596357	0.22910263100957
-0.46170279793635	0.447018889172423
0.968763405945866	0.894851243166186
-0.224283721636834	0.149230159915673
0.681125680716043	0.55046354075607
1.79947832182481	1.77558984014841
0.606653110878273	0.367855821635787
1.18705883143038	1.28247683048444
0.163394799247274	0.108667158772753
2.01967273004013	3.09549860221822
0.399032143012627	0.261073229564847
0.399401575950892	0.355504650371975
0.276554597821924	0.193442752888539
0.0856102865405148	0.0466836802412313
-0.732078312418509	0.73290941491741
1.54355069758515	2.15448388887872
0.264839243230254	0.174643300198965
-2.06198565360854	1.69891700291845
0.602452147067801	0.582958602381293
-0.852393270064865	0.785621271260328
0.123617497021085	0.0918583041397737
0.0479747380547107	0.0242080962692441
-0.0760120659596625	0.0473565155075544
-0.305741734725464	0.282798784411827
0.751013853753835	0.54655060088885
0.398728165319106	0.276971181700825
0.92864495305129	0.545077172240108
-0.413963562725887	0.321128480945109
-1.03359207145676	1.19974411881959
1.03230116897854	0.911423629192629
0.0479207371196704	0.0241733713806623
-0.433140090159743	0.364435422962368
0.929857079426761	1.0460942175221
0.396175686819008	0.226339115191097
-1.62739336054495	1.68703837138255
0.234299063326123	0.135610764338717
-0.171626524134725	0.102803805813146
-0.573280670685844	0.392255128412562
-0.358443927278773	0.229868386699299
0.178142816773624	0.0878120900805318
0.396068108708119	0.226269963646636
-0.579318494558417	0.475379314562234
-0.0787328393819667	0.0353418953097744
-0.167844965554481	0.0869955704368866
1.37647917391656	1.70418162804457
0.276500070262287	0.193354946144982
-0.413834628965583	0.320990882717356
-0.791982672273346	0.630647826107759
0.28629311459722	0.211522605665442
-0.577002826250074	0.434347034870591
-0.581772393937408	0.516603728381565
-0.791899059019307	0.63044304553037
-0.167868460607953	0.0869779879649011
-0.167822568183777	0.0869921519796813
-1.04446560025431	0.874951843477017
-0.00654276926370439	0.00365105635225601
-0.0486376702280159	0.0265157087499145
0.1161634901573	0.0680366741364742
-0.472182729130689	0.329071383385864
-0.285007010964892	0.186314582604357
-0.119598493637038	0.0731100910843556
-0.224388049835183	0.149290255205559
0.681004567437001	0.550334672525007
0.0835524868560745	0.0559590557469043
1.0442507952022	0.75417682170438
0.234119701427991	0.135495466226445
-0.585184438085591	0.595488959428432
-0.0488357677346139	0.0266327969000951
0.631924054382468	0.352475981362613
-0.0487568225975182	0.0265874476193196
-1.13151235160817	0.867711109736061
-0.391603095504156	0.191462066890932
-0.18438336931455	0.0790808605857554
0.0584849086837611	0.0369509486462666
-0.00829232854863562	0.00534469134583311
0.211895891785283	0.113859386997973
-0.100786276740608	0.0535895907139736
-0.413752686764289	0.320915770926325
1.15002904169146	0.774161366781223
1.15457177884896	1.10893769082864
0.968786534258991	0.894783796754406
-0.171733333748742	0.102903938585626
0.399582505906782	0.385010401600754
-0.933803537214648	0.913670596019875
0.264658266871447	0.174547011346903
0.58872202751629	0.59201419436435
-0.890017016750693	0.758414603504005
2.23701208824146	2.85531040370321
-0.422363725502875	0.236700130314835
0.53312519403382	0.411026461301314
0.234209408113983	0.135557017197127
-0.13125411578234	0.0901920485429825
0.399647793634485	0.245264441983756
0.546870139980602	0.399367553342912
-0.933992156297381	0.914003033691674
-0.0757187519818208	0.0471449594184413
1.01571760041628	1.22328489320777
0.497323089950261	0.46184531937003
0.0291173019445393	0.017266599974287
-0.577243841077986	0.43444600952321
-0.0759270521319743	0.0473049630283594
-0.171937931217338	0.103046922596437
-0.131319680632085	0.090236686104291
0.387592918851795	0.203717843721853
0.163394799247274	0.108667158772753
-0.299079606706917	0.237877630655294
0.711981637507327	0.546618402945273
0.497022947730159	0.461420414540986
0.0857559934226779	0.0467736506521512
-0.824080622929075	0.816419155705699
0.0186131411471097	0.0125249060305687
0.264611710694309	0.174500278389277
-0.824980522559243	0.599024532960979
0.602365984917455	0.582957641170346
-0.939235516993964	0.73459676282174
-1.13154295188984	0.867783868580836
0.211926139913565	0.113876387771514
0.898608533156055	0.723494902630146
0.181268476238753	0.127577741589605
-0.23539602597155	0.138035568356171
0.750820935056823	0.546362059972189
0.181198405166986	0.127480232166114
-1.14885200813079	1.17241360926227
0.234127312196873	0.135493151380613
-0.389902765292212	0.276321754862654
0.584721353956748	0.379925831477889
0.0833969394353422	0.0558492320351235
0.399187088913684	0.293282605618885
0.141945413134548	0.0887896964119642
-1.7088500986768	1.86263740398303
-0.173939041290908	0.117697673411669
0.681195083204236	0.550500792823466
0.522255572076881	0.423714491603006
-0.389982968519614	0.276402027316149
0.39891354314077	0.260897691895206
-1.74047797046624	1.57445747013634
0.504285098308278	0.448945005152243
-0.100509606076791	0.0534359574492713
-0.571612713488628	0.312477898458969
0.211751034985314	0.113747989548702
-1.63529122922898	1.39567717437349
-0.00643587924542967	0.00359301632558093
0.898436685031673	0.723471675074255
-1.35083692672937	1.18239134984024
-0.572990344273574	0.39206853349588
0.681004567437001	0.550334672525007
-0.119359254656873	0.0729448682063679
-0.322137186716877	0.231987050042715
1.3082516470813	0.797772341886517
0.211887954999951	0.113856287486724
-0.235554617857959	0.138124741028281
0.387550535001938	0.203669254003449
0.588595066392203	0.591766024504237
-0.825053757516349	0.59945569070679
-0.235475303257102	0.138083428952403
1.11235663897242	0.937208604735814
0.196698598613991	0.145862963986332
0.399268642118077	0.293337031059412
0.181399908429285	0.127687118867493
1.86170163648629	2.5690040987905
-0.0487166189222014	0.0265624773793382
-1.24510261178724	1.02227857312988
-0.471940885671565	0.328935283128993
0.656207546372014	0.556564105378166
0.750975541614246	0.54652601352424
0.39864448297339	0.276848894710108
-0.701885544577957	0.470937287450026
0.712020782542115	0.546569081267276
-0.322202951136644	0.232055249653008
0.80413636415528	0.712386219229169
-0.235316786021102	0.137981180349472
0.264648760685908	0.174502860332008
-0.38993138298359	0.276323571369034
-0.212691791044861	0.172551277167208
0.808979244511367	1.03342416874937
0.399427771188148	0.340575593841657
0.104803542598716	0.0740606772120314
-0.701794275583271	0.470910260347338
0.047887776877987	0.0241619538247141
-0.173960995646723	0.117706641264591
1.61923442851625	1.66813230356403
0.0853991741675682	0.0465572664258339
-0.658705200469273	0.622151746026057
-0.0759489641588138	0.0473161986698993
0.522361610077758	0.423873731893028
-0.0759463769065314	0.0473158585830138
-0.461869532765344	0.447298608519901
-0.224309396879475	0.149251198329982
-0.390007372466316	0.276272476807998
0.740560803151772	0.71627431722046
0.656098836707982	0.556370497555478
0.804126930245297	0.712400573859308
-0.260486639341066	0.131500765009026
-0.265725247681282	0.194240756701471
-0.0788332563552394	0.0353882174785728
-0.413878595132534	0.321065353400636
-0.487792808417601	0.372915311409266
-0.358588196149511	0.23002237558786
-0.0490461137062827	0.0267468360349336
0.399698378494952	0.245331839655781
0.399562847415415	0.325330940942825
0.264681545443047	0.174556420254131
0.399082266489205	0.293119180756306
-0.674818648861795	0.545711507796161
0.286208055506217	0.211433815000391
-0.0487956030897302	0.0266078382724499
0.711902189597772	0.546539513612059
-0.0490728158822873	0.0267618346413515
0.12874862606073	0.0571671158579758
-0.00471351223080486	0.00218494087160831
0.67158217394513	0.334848424054662
-0.766361533159932	0.663054207629342
-1.09744028036222	1.33626237931806
0.276580329693046	0.19344851355763
0.584713362680071	0.379926319520258
-0.825150817760178	0.599509934408343
-0.260687678894057	0.131570425690877
0.0855710855814217	0.0466692685549772
0.0857559934226779	0.0467736506521512
0.264597924244184	0.174496820223054
-0.171756506436492	0.102917399898034
0.635734111800497	0.565150333147693
0.644526786197403	0.74617875867186
-0.433267654425615	0.36444301757585
0.7698381532818	0.713438718841988
-2.2775218801789	2.0945904950055
-0.119572665333446	0.0730925935206141
0.116345045748615	0.0681537780773569
-0.391837132279878	0.191577190293029
0.18142044331366	0.127703356871127
0.116247166995476	0.068095355374989
-0.572963935477394	0.392030574725598
1.15462496006937	1.10890276686122
-0.939064223681972	0.734584867529678
0.264704824340339	0.174556238904536
0.399660064812808	0.245317382260872
-0.131126705677178	0.0900946303692759
-0.422384984558512	0.236709053249403
-1.4018007776737	1.0507394544735
-0.100540405818408	0.0534632011451723
-0.0756118405182868	0.0470734256543653
0.49743608921509	0.461910084356829
1.02246457856493	1.06689134986402
-0.938827414231148	0.734169359590649
0.740218086873856	0.715331676045514
0.522416147224192	0.423823307058413
-0.00647290097493442	0.00361346614744142
-0.653688651258323	0.65991295681284
0.681125680716043	0.55046354075607
1.28483487627271	1.48870604218131
1.02254783692525	1.0667129967789
0.693630018491373	0.724978476831694
0.779811396220978	0.87626515296942
0.917547534217871	0.884501130739274
-0.0393325496403381	0.024941756470311
0.181531246888365	0.127776568502257
0.712087176452811	0.546654737619279
0.163608641365058	0.108804553605115
-0.674924616313003	0.545765523362656
1.68374840436198	2.06549605898114
-0.933992156297381	0.914003033691674
1.30829511341016	0.797784880803241
0.047887776877987	0.0241619538247141
0.116330839643921	0.0681472868212352
0.104962917704732	0.0741887431566488
0.0583149051578514	0.0368318961283732
0.0478295204619513	0.0241303182423519
0.399591436244457	0.245265409014508
1.46261572798148	1.92656277444762
0.917198055120967	0.88407528449703
-0.568412513831888	0.350074832940256
-1.22041679710161	1.47026821300687
-0.0783571530224976	0.0604957632471473
-0.0490594629448469	0.026755104726524
0.803680987410672	0.711108830023068
0.0478678062535957	0.0241529007811321
0.804173462791167	0.71242442008755
-0.314936050194936	0.180496880170545
1.30822273219915	0.797691987551502
-0.0786262627254148	0.0352769823335984
-0.391949865486702	0.191579791283879
0.631810563958237	0.352386442821737
0.387443934982169	0.203677658568846
-0.119546843544292	0.0730678346020511
0.211849784137663	0.11382783840282
-0.171961096389896	0.103053583967166
0.399293174835511	0.293348093652088
-1.44939702244728	1.3467385561149
-0.104844951344196	0.0291451841025915
1.49703004917369	1.42948906092586
-0.571618661584741	0.312525279780433
-0.422341841578886	0.236653826502526
0.497196260345077	0.461739233682324
0.399493311157774	0.340648530554729
0.845846953081435	0.714973032125146
-0.00471351223080486	0.00218494087160831
0.584606708762691	0.37972008462059
-0.171733333748742	0.102903938585626
0.584721353956748	0.379925831477889
0.399082266489205	0.293119180756306
-0.260422454505934	0.131473076198748
-0.877084922463205	0.577091573709713
1.87913009582064	2.9743104466162
0.796477046484654	0.54615121839201
-0.422277886081322	0.236628606264027
0.399085307374028	0.261049706921744
-0.171710160877072	0.102884135352662
-0.184393374089649	0.0790787932600563
-0.00635228232034153	0.00354698853506701
-0.747247673249316	0.697803286426881
0.116330839643921	0.0681472868212352
-1.03374979832969	1.20022282333808
-0.665418057279529	0.583588716949427
0.674935848395918	0.730989813026705
0.546658537699458	0.39936889682843
-0.171868434519582	0.102987037446451
-0.889776252660043	0.758163932303549
-0.82521645061763	0.599532139278292
0.307612553950244	0.262135027154151
0.155688372465746	0.126852228931337
1.24609570894549	1.14612220009606
-1.67000918546535	1.12155961645345
-0.00490736533435351	0.00227272638136922
-0.171649699642897	0.102830390532197
0.0479285507635982	0.0241829353640545
0.533269183355893	0.41120691108276
-0.00631528212526665	0.00352626021625771
0.635585858470544	0.565049160716253
0.211926139913565	0.113876387771514
-0.852541166752993	0.785872227558357
-1.35073141784938	1.18153101136281
-0.877020695133298	0.576798736351056
-1.01109200987748	1.04692438485415
0.233857811661151	0.135256128758601
-0.510468029426902	0.458091522455383
-0.0786392714965295	0.0352944119780959
0.53323209335637	0.411160796994751
0.681056279941623	0.550100846909495
-0.253279772720086	0.203593425277565
-0.568442908073705	0.35011647403505
-0.746836607530863	0.697370404864275
0.0289038193280555	0.0171413780587822
0.181375246212359	0.127661746302116
-0.981399630784679	0.891065326956382
0.635415714223959	0.564719438324633
-0.00844750902079572	0.00544355644903052
1.12023906966822	1.25762577397688
-0.577063067083383	0.43440075790853
-0.732114848484512	0.441422043241892
0.286358779923196	0.211487066660417
-0.358719266708361	0.230082368721598
-0.358667111251907	0.23008064430689
-0.422384984558512	0.236709053249403
0.0479511958419391	0.024184537410921
0.674769949286776	0.73089510779261
-1.12702728560379	0.7237887552699
0.398909748906723	0.277074306709338
-0.322115274786591	0.231934435922071
0.399320966654503	0.34043004569733
-0.00639887010765399	0.00357225047147287
0.399080971909257	0.293155310902524
-0.852648096435657	0.785782555930775
-0.801940826616506	0.848240845915733
0.085809101416214	0.0468035936787465
-0.10063764793885	0.0535091432232982
-0.235435967724642	0.138018567539765
-0.224336677934566	0.149274089294747
0.680929666290447	0.550106699395327
0.398847215126186	0.260889903756827
0.399624374491165	0.325372109335796
-0.00479974634476388	0.00222777119469707
0.396240348787542	0.226360026749263
-0.0788332563552394	0.0353882174785728
-0.358680527282511	0.230076669085373
-0.26563900779288	0.194164201440782
-0.0488357677346139	0.0266327969000951
-0.285053627335216	0.186330826663221
-0.298819792768916	0.237629149708486
0.286353621089143	0.21159382496386
1.02262514402835	1.06701801940565
-1.04476689876248	0.874998371336222
0.23431436981484	0.13559697571964
0.803969087339051	0.712294492055823
-0.119465260841818	0.0730241295804546
0.852859024632958	0.546883761518186
-0.422342376725643	0.236676559474934
-0.500181396094794	0.415855664872606
0.398918661272857	0.277122050938888
0.968740277837925	0.894867219943855
-0.00643587924542967	0.00359301632558093
0.39979839264148	0.309734442086722
-1.40181101048739	1.48405261782639
1.18716497787677	1.28225234432498
0.399735281316714	0.30972461717337
-1.08423540308357	1.18403381258987
0.366007310144161	0.150389420387711
-1.63516090488621	1.39539822720117
0.806972845941745	0.876009460002654
0.178250692646318	0.087868903847657
-0.449559643029099	0.282553005776485
-1.52280449040303	1.22064201753855
-0.791620401615912	0.629770886646146
1.03206268139685	0.911019810572968
1.1203655832426	1.25783419731482
-2.2775218801789	2.0945904950055
-0.576761949364109	0.43391921275752
0.632046398741327	0.352597545210657
0.711994689914987	0.546635957220775
-1.35083692672937	1.18239134984024
-0.938800820501774	0.734004736031384
0.399629756186755	0.245296505376421
-0.674845861436495	0.545752345612659
-0.471964074016085	0.328988442076057
-1.40178047258965	1.05066848132629
-0.171900614616488	0.103015029122361
-1.14874507792827	1.17240463951953
0.234134912161859	0.135481632721817
1.21180922779395	1.456684008713
2.56490773114907	2.43466840278722
0.116451858679516	0.0682159522077023
0.617638290188199	0.573665780578026
0.681050825914096	0.550390686111211
-0.35874606176488	0.230128359214925
0.294538374539166	0.229025751018913
-0.686735568887376	0.508322918373419
-0.224336677934566	0.149274089294747
-0.510268821300903	0.457810866617401
-0.0787328393819667	0.0353418953097744
-0.100711867297307	0.053558502180433
0.399241455715525	0.293334087412803
0.564242568767649	0.389576900413468
0.58475959722206	0.379934996153133
0.196702184755853	0.145911440949312
-0.0787328393819667	0.0353418953097744
-0.0759682684831344	0.0473317038327201
-0.131036907601626	0.0900279719569885
-0.100540405818408	0.0534632011451723
-1.52269793227587	1.22083213392647
-1.13148915097421	0.8673744406205
0.533362264808942	0.411119416279117
1.03239365501272	0.911359038493359
-0.235224426170279	0.137909137164948
0.796649935663657	0.546481330595372
-0.472047704335293	0.329071112036136
0.681111391978709	0.550473937505231
0.681241352515058	0.550356675529182
0.19685380283064	0.146009635228567
0.276556128649085	0.193436235303888
-0.314867405965761	0.180451526135702
-0.119332055713698	0.0729221946382817
0.399216900500766	0.293163745786667
-0.35841702097782	0.229858290125378
-0.167723743572673	0.0869307434564531
0.398873322187915	0.260949289938167
-0.167822568183777	0.0869921519796813
0.398820720900162	0.277025474674033
0.264644477458504	0.174506049821866
0.779958536001193	0.876227561765441
-0.389902765292212	0.276321754862654
0.0479747380547107	0.0242080962692441
0.917410354019009	0.884355604113174
-0.674873072019471	0.545745098121915
-0.487714193016348	0.372872010913352
-1.09726745476458	1.33593267607984
-0.26554880296696	0.194126969543783
-0.0762233851005713	0.0474758050866129
-0.235316786021102	0.137981180349472
0.53314845932752	0.411062687777545
0.674820693924609	0.730944843671607
-0.235462187373492	0.138072780517714
0.711861766568871	0.546369917782611
0.838451251285341	0.876940780207278
-0.413878595132534	0.321065353400636
0.373063689449818	0.176309167899013
0.533352804546952	0.411255786419984
0.0478520729155008	0.0241335358901912
0.0836798966654316	0.0560367801362806
-0.701923815248982	0.471043419126657
-0.391360018543522	0.191292687350545
-0.100458668795975	0.0534076702199801
0.234209408113983	0.135557017197127
0.898526453765479	0.723531388531303
-0.449835675409196	0.282698812654352
-0.9676881851453	0.566449087740737
0.750898958716416	0.546360004087353
-0.732129713916639	0.441387161072424
0.631819214311294	0.352378760345744
0.656365460204942	0.556840951197036
-1.44931854075231	1.3467404647264
0.234322006866863	0.135573714301509
-0.939050965893036	0.734553872901206
1.83639201387342	2.16733268969186
0.845807667058939	0.714953390541008
0.60689160893552	0.367944282805084
0.163564873806924	0.108792680582514
0.512698605043471	0.436482208723404
-0.100353717964887	0.0533549282245805
0.141973939974442	0.0887927403169208
0.584751571128831	0.379962887188801
0.512992189538872	0.436681471597661
-0.358469012649422	0.229853306150741
-0.571731700161253	0.312583492623591
0.546500058822847	0.399048018890918
1.08201699621029	1.08405169334965
-0.579233535502349	0.475321044301583
-0.572977137866887	0.392068629563688
-0.235356649088938	0.137970695314222
0.234306721965948	0.135608476227016
1.11256634242361	0.937710941311817
1.04406325940272	0.753748211258075
0.399611372399	0.309606972463002
0.399346206124844	0.293353645104424
0.250856326202682	0.155333043784006
-0.701832486364182	0.471016343360915
-0.00475668492332364	0.00220817171403723
-0.235329933523451	0.137981629173474
0.264658266871447	0.174547011346903
-0.322244113029841	0.232093565796801
0.711915228195204	0.546557048928131
0.917412917114372	0.884702546982814
0.740602076435248	0.716379445772882
-0.571624596727463	0.31249828110112
-0.413689766564485	0.320820924954667
0.399045218082428	0.26107791038966
-0.56851911765476	0.350145609039403
-0.422299294346764	0.236652215203968
-0.314814424996404	0.18040114856928
-0.00464925692511027	0.00215784838081213
-0.172082087699161	0.103117467063856
-0.422341841578886	0.236653826502526
1.15459837683384	1.10904984901962
1.37658397107742	1.70468078386875
-0.0489147483452937	0.0266769411251259
-0.0487836436137319	0.0265956041613835
0.116293465720791	0.0681174351116925
-1.15398703684378	1.32545222387988
-1.27229617434647	1.76401158315366
-0.690304508431693	0.864221866407514
-0.00841981521051122	0.00542428014354782
-0.581624290033833	0.516338790918282
0.602369542633343	0.582853563092577
0.276554597821924	0.193442752888539
1.92289842227859	2.03857530151808
0.0289840778068076	0.0171894330672799
-0.449551847246755	0.28255524491248
1.4971130121614	1.4300276735307
0.276581864658763	0.193470468193327
0.512572234560423	0.43622435767019
0.234209408113983	0.135557017197127
0.104983037818287	0.0742023474051644
0.196554057121094	0.145763370635382
0.588901029402022	0.592103201912306
0.485551742085543	0.486961752527695
0.564324718997456	0.389655936649954
-0.573148582352656	0.392220049465515
-0.00655651078964978	0.00365922616789442
-0.938985249993604	0.734486826092846
0.804089835220899	0.712440424822514
-0.0759051448786092	0.0472913722500453
0.276633318877016	0.193483226455459
-0.449389894477444	0.406863643788138
-0.889692726726828	0.75800789084331
0.365585286629066	0.150188844604602
-1.94219445552014	1.50498311534234
-0.791922270637053	0.630589539613816
-1.24528052059392	1.02247485915243
-1.78580901920584	2.04247781197618
0.25052672039259	0.155123588624536
0.53312519403382	0.411026461301314
0.39953817911878	0.34068496776478
-0.0759270521319743	0.0473049630283594
-0.824948796019937	0.599181802999873
0.398834984692158	0.277080991308156
0.769785136813603	0.71341704442789
-0.510548702755507	0.458105248700294
-0.444547077145975	0.511279387934341
0.123544444385558	0.0917999591205901
-1.24510261178724	1.02227857312988
-0.0759901648345779	0.0473452882734231
-0.868259668163957	0.967587127371435
0.163460406680137	0.1087083436611
-0.322159103419451	0.232023888318447
-0.500380080758317	0.416143187482361
-0.285150876711098	0.186416646333165
-0.285127572665304	0.18640202474893
-0.487688538815458	0.372809546750251
-0.119412253858398	0.0729861393109778
0.399665633163718	0.340749110635585
-0.0082268846083795	0.00530268934145092
-0.253127136174988	0.203457367020829
-0.217607155601996	0.161234760783561
0.234373269576146	0.135633958116151
-0.119546843544292	0.0730678346020511
0.083310726233582	0.0557878799429237
-0.766359856860222	0.662954716710527
0.0584464545424206	0.0369176813389574
-0.00469223554792906	0.00217704265702508
0.398965812529665	0.261023979914902
0.711941293208047	0.546490151457986
-0.85258513378082	0.785727272580979
0.750937243272865	0.546463920727753
1.03222171039443	0.911376016037499
0.264621200685865	0.174506228380541
0.155566938084678	0.126731001090433
-0.573161765273624	0.392176229876356
-0.686708628261626	0.508166632881355
0.387431007706947	0.203668807909657
0.39924277451529	0.293267579091374
-0.686472291084527	0.507832764068333
0.398918661272857	0.277122050938888
0.286358779923196	0.211487066660417
1.21240187826844	0.971357094877432
0.116362915333362	0.068109317757221
0.30772086020475	0.26219763713504
-1.30985718365821	2.04827760438239
-0.0944064332938731	0.0657666599668661
0.294534377139438	0.228934440613189
-0.298660880741135	0.237436571601599
0.601934788121968	0.582097481226039
0.0289038193280555	0.0171413780587822
0.28639475084546	0.211604828749654
-0.00839913680988944	0.00541197040704757
-0.852541166752993	0.785872227558357
-0.581469232011708	0.51625422905222
-0.13948291009641	0.105697619222376
-0.100719535592776	0.0535595262511556
-0.358547931267162	0.229922404262648
0.512613547128956	0.436330686113186
-0.579526857115253	0.475520111686806
0.838171995793474	0.876430300627137
0.398979187192608	0.277138822494332
-0.701862955864654	0.471051609861451
-0.573016769140415	0.391891386667433
-0.792089496111302	0.630754759552082
0.712007738259608	0.546620013704936
-0.500117645690407	0.41594675017541
-0.981504005262713	0.891238633380212
-0.00813748832274516	0.00524371369408026
-0.665311106311113	0.583361206761243
0.294497222084847	0.22898750613545
-0.00637557637037879	0.00355970996600095
-0.0490594629448469	0.026755104726524
-0.686683761512667	0.508174597084697
-0.131085485150447	0.0900388978968519
0.104783446264362	0.0740499896731453
0.504588960060017	0.449336461527864
0.968474816396704	0.894056990506377
-0.0394884245435511	0.0250431843018384
-0.23539602597155	0.138035568356171
1.49730071637602	1.43007384491007
-0.585112259600097	0.595336884367122
-0.414004594020839	0.321166452093534
-0.449217000544622	0.406808342310543
-0.265438197847895	0.194015088063721
0.141759074541841	0.0886355107016481
-0.173914370408682	0.117638884190903
-0.358667111251907	0.23008064430689
0.806732568709337	0.875432965157303
0.968823971221591	0.894849317055589
-0.298926540829573	0.237755093879406
-0.00661683941035757	0.00369212124662277
0.533269183355893	0.41120691108276
0.286608635866589	0.211777070579348
-0.449835675409196	0.282698812654352
0.286482495123052	0.211703912226392
1.61932424831513	1.66835184272273
-1.52279726164333	1.22119015236707
0.874779369642004	0.879455532042211
0.399267318521548	0.293356816796475
-0.0489013694262602	0.0266701962197787
0.804015607829325	0.712240290170832
2.62110694170072	3.37555345996245
-0.0759876589295289	0.0473363443603622
0.533185558195406	0.411110623257971
-0.57685903938328	0.434149334010838
-0.0757378547283631	0.0471733688474449
-0.285053627335216	0.186330826663221
-0.389849774073474	0.276267896625035
0.28626860382939	0.211493117958555
0.142105856690795	0.0888908050395115
0.399669612881777	0.325434377115977
0.23210893566014	0.19753375891791
-0.449415256441594	0.40705607729714
0.769701857267027	0.713156019298393
0.294669620325618	0.229140922317883
-0.981398114737543	0.89108804281965
-0.674792889721164	0.545690657241514
-0.579337614554796	0.475447950640614
0.0636761221834431	0.0473663184196811
0.264815958511053	0.174624707221394
-0.981451056118932	0.891182658817562
-0.235462187373492	0.138072780517714
-0.100719535592776	0.0535595262511556
0.399735331760836	0.325480178596874
0.372950968880263	0.176251163954604
0.917387016073702	0.884568233999964
-2.06192249635209	1.69798582922412
-0.791861878249689	0.630501710651017
0.0858752349172589	0.0468327597926758
0.116247166995476	0.068095355374989
0.142104496445826	0.0888857228357281
-0.00661683941035757	0.00369212124662277
-0.938756652318534	0.733858328376305
-0.487528107083404	0.372641556643944
-0.471843212655667	0.328827257946704
-0.933844341584592	0.913679106263852
-0.573056252013549	0.392154337670413
-0.665647710595455	0.58393081140269
-0.82521645061763	0.599532139278292
0.28626860382939	0.211493117958555
-0.449299685915829	0.282190782938252
-0.285127572665304	0.18640202474893
0.522228307050352	0.423705860585646
0.029009781927305	0.0172044213737388
0.0586959218520654	0.037080909149561
1.58591280451236	1.82415809975476
-0.0082268846083795	0.00530268934145092
-0.658725945119197	0.622191717871612
-0.100532689740455	0.0534621458761021
0.874502253673663	0.879136385409782
-1.0674906827344	1.02947600253339
0.53309748655364	0.410788139675231
-0.171937931217338	0.103046922596437
0.512635431061825	0.4363657169726
-0.701923815248982	0.471043419126657
0.874733372651614	0.879546458639137
-0.701870683447116	0.471060482975925
0.104823636289735	0.0740683141776612
0.0618149550089233	0.0239347187925616
-0.358653698911515	0.230066631527229
-0.571856302171083	0.312667878337296
0.972402756486909	1.05483487911551
1.1124541585777	0.937564150996836
0.53314845932752	0.411062687777545
0.234014737217533	0.135404415420104
-0.581489923647832	0.516289087537008
-0.573043063375869	0.392116283470683
0.0290611722085172	0.0172297015831793
0.56422737419145	0.389555636326398
-1.00959222676061	0.719584185538748
0.234224666727355	0.135543204546346
-0.933973345402332	0.913944086266714
-1.0844107848588	1.18411261581604
0.50450666466925	0.449281337097482
0.398939685964909	0.260998562871579
-0.131188573518199	0.0901445086009192
0.16371034314043	0.108862991697841
0.968633454978264	0.894672147645549
-0.433270756414973	0.364627517279049
0.399905304781376	0.309745553023603
-0.235303642562071	0.137970517714117
0.123566366575258	0.0918206157842435
-0.314943947858019	0.180508496860338
-1.35092907110827	1.18241295811439
0.181465589387316	0.127734472251748
0.211887954999951	0.113856287486724
-0.173873205805169	0.117633901391615
0.80705957812295	0.876060732863568
-0.67476713709981	0.545597783452129
-0.0489803984799141	0.0267132188815541
0.399321690028494	0.293377910100217
0.546803549672268	0.399551531032605
-0.413900585107279	0.321072021268116
-0.358601625161616	0.230018412531975
0.0289310925154956	0.0171575933732068
-0.314916889843787	0.180422737951942
0.178394582455224	0.0879597751455033
-0.413878595132534	0.321065353400636
-0.877149112430242	0.577216000555005
-0.732192865670734	0.441473163114747
-0.0489147483452937	0.0266769411251259
1.03230116897854	0.911423629192629
-0.285174180431765	0.18641825772864
1.1124541585777	0.937564150996836
0.276660584190188	0.193521158081898
0.898526453765479	0.723531388531303
0.522122239729352	0.423444440336613
0.769491216255838	0.712799096277017
0.804089835220899	0.712440424822514
0.564242568767649	0.389576900413468
-0.235528417687142	0.138093242377677
0.211773484509731	0.113728648924122
-0.732066279855525	0.441049099583088
0.21184359704193	0.113773692296677
0.0834213626748523	0.0558700760786796
-0.449551847246755	0.28255524491248
0.178502584419716	0.0880150507571391
0.58480424384173	0.379778243244572
1.36846594563983	1.36392177573483
0.606826204302058	0.368017845521227
0.0855972236079637	0.0466817565088722
0.671567142878356	0.33484663200897
-0.877235699762874	0.576995364187196
-0.11944083957987	0.0729885715376702
-0.167806752329096	0.0869693039478201
0.584721353956748	0.379925831477889
0.0854383045207526	0.0465802469141466
0.264672040453276	0.174541981042422
0.336999731515172	0.359121652101929
-0.579359558285776	0.475463311637417
-0.653408914392345	0.659917412289735
-0.648402903842239	0.696299714495301
-0.289166607437307	0.285445686201807
-0.265569379973613	0.194142537482544
-0.78324130605379	0.879597911233598
0.163713019558149	0.108875768416847
0.234209408113983	0.135557017197127
-0.934118015430441	0.914046639201442
-0.00814076699264282	0.00524748175727083
-0.897235938642563	0.939821244116649
-0.746964756087618	0.69759436484439
0.25061916968494	0.155193208312974
0.276793808480582	0.193586951858949
0.972465931823031	1.05493761996588
-0.285007010964892	0.186314582604357
-0.322054918949587	0.231926205197877
0.39975585811231	0.325479188310196
-0.471940885671565	0.328935283128993
-0.176144415681378	0.132088337614021
0.250553369184273	0.155126774488292
0.399369947579222	0.370118671938593
-0.0491519027542736	0.0268024821055204
-0.674792889721164	0.545690657241514
-0.139692590234455	0.105897572019939
-0.0757570437027667	0.0471897109394555
0.0423525978050852	0.0300130445212649
0.712020782542115	0.546569081267276
0.232223380950509	0.197689211285033
0.546988418746887	0.39964943368048
1.24667291866979	1.7974901574212
0.0857428988252296	0.0467687674262433
-0.573306969524194	0.392293013381665
0.0856635463965309	0.0467239502969187
0.39911149736699	0.261109190448986
0.584691164752436	0.379856682356652
-1.00952368242225	0.719592912783372
0.533194990916055	0.411068231065921
0.234029943286015	0.135426106733778
0.796326504549897	0.546125168287339
0.178394582455224	0.0879597751455033
0.796434076670658	0.546311995607716
-0.10061457138053	0.053506852680468
-0.0488089875965929	0.0266177615123385
-0.224441029054085	0.149316894405678
-0.167723743572673	0.0869307434564531
1.15447927756164	1.108514272444
0.0858222138874829	0.0468112400675287
0.234329633116089	0.135524403249495
-0.0488879942131119	0.0266619172719185
-0.298753355261292	0.2375541341631
0.0834663206478252	0.0558987620012023
0.276821078379656	0.193605143329561
-0.217431487334157	0.161103732800981
0.018506358981842	0.0124512923922381
0.128975937783999	0.0572771124689474
-0.00807213081684579	0.00520123674362674
-0.322030259322024	0.231805395556307
-0.674688443418956	0.545279452740278
0.656311106586147	0.556683539931037
-0.889896617486106	0.758357339826199
-0.674844414490949	0.545661184705511
1.37280313083314	1.53219521344883
0.656206267324745	0.556658827111305
-0.389984373105749	0.276377432670347
0.0855047295225229	0.0466274822827962
1.24590841251118	1.14552322374695
1.08196601341826	1.08382684186748
0.140400216313696	0.109385608079568
1.26774081341129	1.31674960255633
0.250684905061533	0.155242539654961
0.116451858679516	0.0682159522077023
0.898518839798478	0.723517076998338
0.0288780997559482	0.0171251235675729
0.656312403674297	0.556815343915179
1.48116823577785	1.58938051313793
-0.172012606087547	0.103077547099404
-0.449730708473686	0.282688698372418
-0.00649619072655505	0.00362618846728953
-0.235303642562071	0.137970517714117
0.0479668102951513	0.0242035155870716
0.0479364447408366	0.0241891330477726
-0.184260968187063	0.0790176636787065
0.0479444191794637	0.0241924711034532
-1.06743780703558	1.02930498309819
0.398811843473839	0.277059701974975
-0.358601625161616	0.230018412531975
1.89239780513578	1.63177084529035
-0.449373191513552	0.282357849246829
0.750898958716416	0.546360004087353
-0.0489937644034561	0.0267199564240236
0.631924054382468	0.352475981362613
-0.327335550717987	0.129625546394617
0.398774442714311	0.277029786852801
-0.686605034259842	0.508064277585327
0.399801027209005	0.325508782495425
-0.131164345483986	0.0901048674294726
-0.00825098414165935	0.00531839236576663
-0.648685643140686	0.696380152187252
-0.298646608316064	0.237358471141773
-0.00807535621702306	0.00520516817189816
0.221504206323728	0.180549472074024
0.396132754922445	0.226326677718278
0.276715120914925	0.193567071549497
-1.0676766626128	1.02972457605802
0.693863574992226	0.725408162069438
-0.351626904575088	0.27629723816083
0.533245913804934	0.411170667653861
-0.0946924686572058	0.0659817992337953
-0.29871304352454	0.237441945027394
0.681097085211529	0.550319576187085
0.250540046641692	0.155129683229478
0.399735281316714	0.30972461717337
-0.171937931217338	0.103046922596437
0.546961719451806	0.399642103935353
-1.04445204539498	0.874915515762286
-0.28498370230448	0.186287806202676
0.398834984692158	0.277080991308156
0.23420176261692	0.135550725555505
0.656232162279828	0.556691762056095
1.11246149016777	0.937645880867221
-0.487686905437284	0.372851819278413
-0.889980160389902	0.758313948686625
-0.00648246208559319	0.00361788921927842
0.116368199676192	0.0681703696479722
-0.938906313504456	0.734349776969803
0.250605830440359	0.15518710398705
-1.52288172205574	1.22073968654615
-0.284933108818233	0.186210138831962
0.116368199676192	0.0681703696479722
0.116368199676192	0.0681703696479722
-0.100524984420176	0.0534573894442428
1.36854538787763	1.36383440668015
0.533473481420511	0.411229430272123
1.21185297291262	1.45669085329474
0.181596880908751	0.12781273816616
-0.825135049387965	0.599550836734038
-0.413708678497943	0.320841292921872
-0.23539602597155	0.138035568356171
-0.579041658865096	0.474944869979325
-0.674739925783626	0.545605022666558
-0.299073588995636	0.237769750816555
0.1420011340404	0.088797170503428
-0.500138255989741	0.415949444097617
-0.00635228232034153	0.00354698853506701
-0.119705907888689	0.0731644759949217
-1.14288853040614	1.02069156014116
0.398926616585652	0.260959883765235
0.504420463654406	0.449147231085128
-1.14889284947374	1.17269849127263
-0.217324674914185	0.160994668391273
1.03222171039443	0.911376016037499
1.26786196807041	1.31690885537426
0.142131685932888	0.0889044303481582
0.29469399198615	0.229145460254865
0.490863603511581	0.474160698559786
0.504527245921665	0.449325217126695
0.399451829307227	0.32519272591537
0.294587209103664	0.229022015878345
0.399135337315706	0.293206775102603
0.846018526288771	0.715177552485163
0.399115753852198	0.355177879377101
1.04461253916478	0.754259014192373
0.294472717861019	0.228954252983232
0.399438889164167	0.309419627767719
-0.665543837243447	0.583813760351764
-0.391724305318784	0.191524028484181
0.671451054414393	0.334664702764609
-0.260249986440471	0.131363174492885
-0.119652878662126	0.0731350870173091
0.656472871278802	0.556862079721386
0.845900177389557	0.715055557737215
-0.581600116981307	0.516448993782105
0.584652914869478	0.379820092954532
1.51266839892472	1.26305167166492
0.750925784738589	0.546494659096437
0.211857686193715	0.113839275081236
-0.0488746227041933	0.0266519956042316
0.96855853422488	0.894416666554646
0.845913474208575	0.71496687423092
0.968581655180336	0.894400703459376
-0.939235516993964	0.73459676282174
-0.285150876711098	0.186416646333165
-0.265635006259592	0.194195863617721
-0.766600557268298	0.663091087595214
1.03219562389923	0.911216412299517
-0.572832255431306	0.391827788620206
0.522199546042069	0.423640144248227
0.163331620179688	0.108614156157247
-0.674765676785215	0.545649823465162
-0.449812502559788	0.2827095155416
0.398667618958224	0.276904598251902
0.852846126923184	0.546816711265645
-0.171854279210956	0.102994903376511
-0.100898871007005	0.0536448764860091
0.681065128684954	0.550417910328223
0.0288508268156486	0.017108910813176
-0.48776714051348	0.372911243742093
-0.938919602641575	0.734277294146734
0.845900177389557	0.715055557737215
0.522520611124129	0.423929980997001
-0.285053627335216	0.186330826663221
-0.675030614788359	0.545722332536396
-1.32945704925353	0.732853759751035
0.564242568767649	0.389576900413468
0.399513946292853	0.340655839915033
-0.171961096389896	0.103053583967166
-0.0487300164360545	0.0265724014795389
-0.579233535502349	0.475321044301583
-0.0760314155104479	0.0473703860597685
-0.568572097465517	0.350153102769924
-0.389823995955751	0.276239675249137
0.602304055739219	0.582840915940977
0.211926139913565	0.113876387771514
-0.500035255782582	0.415642342917313
-0.100696563025694	0.0535453328515396
-0.500338965421889	0.416055631042704
-0.576956172384241	0.434247580911962
-0.389902765292212	0.276321754862654
-0.119758944885517	0.0731908848058863
0.617552022601101	0.573469111548555
-0.766547614007605	0.663120820841962
-1.23455666552137	1.17034695701693
0.75083556199308	0.546388049889566
-0.746880785015513	0.697457472057385
-0.321950876741714	0.231774784837319
-0.31484487118018	0.180441066493249
-1.52275930550516	1.22110242110204
0.522416147224192	0.423823307058413
0.681171948846945	0.550519576410294
-0.0759489641588138	0.0473161986698993
0.51259165859975	0.436274089086578
0.681065128684954	0.550417910328223
-0.577002826250074	0.434347034870591
0.313624552182135	0.278659795280919
0.631924054382468	0.352475981362613
0.0860599346811894	0.0469150802114341
0.963507761145778	0.737129368422307
-0.139714348764942	0.105913617581384
-0.572911281189244	0.391961099142485
-0.825061670752121	0.599394220982401
0.25069825731129	0.155248653610278
0.546882652287686	0.39961135638563
-0.732051484142669	0.441276325037825
-1.06754529803915	1.02935372906116
-1.22587415147617	1.32018118860644
0.250711605847258	0.155245755704872
-0.100629944992226	0.0535126365530659
-1.47880766698375	1.64759098598042
0.141840636614589	0.0886917693485491
0.681186223507185	0.550467240857607
0.163329148834201	0.108573096068655
-2.24969114279647	2.72464426287209
1.93404824446778	2.42773363500793
-0.510242839899485	0.45774960195129
-0.314974334266225	0.180517382779914
-0.653561443121922	0.660098329044915
0.264695320532999	0.174570131584808
0.301757500666492	0.245985982627056
-0.0759682684831344	0.0473317038327201
1.08207736129468	1.08391500988676
0.116224017930216	0.0680787722672144
-0.389851199294465	0.276258673020716
0.250724950671121	0.155232778584426
-0.674792889721164	0.545690657241514
0.0289038193280555	0.0171413780587822
0.396068108708119	0.226269963646636
-0.653383646304411	0.659805884953559
0.399514837743067	0.245145006944984
-1.32061027118199	1.32511225206066
0.533139024332977	0.41096232726107
-0.500400646108841	0.416145831678687
0.490821185062763	0.473985413103449
1.08195662259747	1.08406505818642
-0.581424526032711	0.516161570285502
0.0585507395646079	0.0369912014102946
0.141892369815366	0.0887500114785208
0.0288235559180433	0.017091874728813
0.917332660208241	0.884581953780753
0.917332660208241	0.884581953780753
0.546816875156251	0.399566848469562
-0.890197679811788	0.758225486510253
-2.11988947704968	2.98709691463175
0.0859938678910402	0.0468920932296928
-0.0344877163074795	0.0246144600334162
0.029009781927305	0.0172044213737388
-0.351892457512203	0.276518244605856
0.116391353791918	0.0681832637592717
-0.04894032291715	0.0266830057727092
-0.37583263208105	0.3194768177887
-0.235488423181181	0.138083855479216
-0.100629944992226	0.0535126365530659
0.307713997100883	0.262215838994083
1.21233708646883	0.971304917656255
0.398881267710014	0.277076677643455
-0.119545471464112	0.0730778713492053
-0.358509316483428	0.229953272680103
0.250513390435162	0.155108504066862
0.750975541614246	0.54652601352424
0.399517524063003	0.340648466131041
0.693750450536229	0.725241835891252
0.11625607797672	0.0680803809979542
-0.510600917178883	0.458201468096791
-0.173706043323555	0.117517735171807
-0.100548132647953	0.0534597278788284
-0.265333425545398	0.193865629246661
-0.576882370471677	0.434180566976922
-0.472024518616386	0.329044883502682
-0.0393325496403381	0.024941756470311
0.20999800371837	0.163493475832261
0.39975585811231	0.325479188310196
0.533292453228994	0.411220850834707
-0.471912791210796	0.328819136135567
1.68384587826715	2.0651514557341
0.141999791938549	0.0888227103233252
0.399672146546433	0.30969489565243
0.116368199676192	0.0681703696479722
-0.351647589951643	0.276314271546504
-0.351933695091486	0.27663405550882
-0.00825098414165935	0.00531839236576663
0.250632505219279	0.155190304364966
0.68120935990724	0.550510843550439
-0.100517289863626	0.0534489339909363
0.852884874763862	0.546572093051792
1.51265389322007	1.26303935624358
0.5469750709594	0.399657450057087
0.715490575643558	0.720391229913387
0.0479285507635982	0.0241829353640545
0.546724411633398	0.399465628855253
0.276527333024065	0.193404830580203
-0.85235235414452	0.785514109137052
2.23693043313489	2.85524151869911
-0.889702638848887	0.757449095607594
-0.852437271138424	0.785639292487699
-0.824273535102991	0.816614282631155
-0.285007010964892	0.186314582604357
-0.38993138298359	0.276323571369034
-0.433336122325977	0.364703762729005
0.712166577289374	0.54663314479618
0.104902541334197	0.0741297566951185
0.846018526288771	0.715177552485163
1.11256634242361	0.937710941311817
0.399267318521548	0.293356816796475
0.141998448683475	0.0888256576774279
-0.282021083057646	0.243967157640873
-0.351733696571326	0.276410145262017
0.399720762046032	0.245300880797733
-1.29919273920262	1.47230001629076
-0.686499309414722	0.50798896479976
0.0585699011891016	0.0370057778942593
-0.577123316514962	0.434435598564971
-1.03374463617313	1.19981114825436
-0.686643295235763	0.50818911175335
-0.175807382934199	0.131777093975873
-0.585040051699477	0.59506725919905
-0.487685272428646	0.372768928036691
0.276475847907459	0.193356630316495
0.181572356497902	0.127803527120532
-0.00805140487359465	0.0051886014355024
-0.348199925365281	0.320215025577011
1.28505911174188	1.48944337418782
0.0289022635929307	0.0171381812593115
-0.119545471464112	0.0730778713492053
0.750898958716416	0.546360004087353
0.116307687959683	0.0681343944936411
0.396175686819008	0.226339115191097
0.264765162673262	0.174597949426574
-0.889873267452747	0.758353213221804
-0.487447898620229	0.372489368911228
0.398607063386386	0.276821936720652
0.533399349534821	0.41121498793797
-0.119546843544292	0.0730678346020511
0.838208628204057	0.876775252081621
-1.62742995903295	1.68731319537266
1.14993475992126	1.42992918005617
0.39965025996939	0.309657884063074
0.294431587015065	0.228916033996534
-0.933784857329789	0.913499728136811
-1.14275846284982	1.020581514347
-0.285405832727868	0.186436942784783
0.0835731081677099	0.0559734851877994
0.25077730949292	0.155295680303515
0.89307770798156	1.03958489760579
-0.581862158281974	0.516614888864662
-0.217586494139656	0.161206785290068
0.779871931863377	0.876298095722246
-0.939235516993964	0.73459676282174
0.0701063572867495	0.059315389801955
0.674756395790237	0.730412366417941
0.874798937057536	0.879642881682537
0.522228307050352	0.423705860585646
-0.686578027159609	0.508127690026033
-0.658595338348797	0.621955343661036
-1.2343628492197	1.1706896552133
0.058399910005269	0.0368930739841914
-0.1738760053631	0.117653995479651
0.234194106334154	0.135535242488063
-0.766467382827036	0.663135102628169
0.898526453765479	0.723531388531303
0.584644909741346	0.379823349107698
-0.0759489641588138	0.0473161986698993
0.522387352151361	0.423910040361166
0.209712239774351	0.16326463549996
-0.00477816764385727	0.00221449009969904
-0.0760095348319967	0.0473545458793008
1.34307053574539	1.01506199733172
0.294845691771573	0.229218851599827
0.234209408113983	0.135557017197127
-0.171975261730541	0.103067661326467
0.656204987181497	0.556596773272788
-0.701878331017577	0.470978781688397
0.681088260233002	0.550461509138893
-0.389798224379841	0.27617873057893
-0.351754380970548	0.276392597109976
0.635544469288338	0.564969109409345
-0.674792889721164	0.545690657241514
-0.389929969887617	0.276359669549728
-0.358825047661998	0.230165183940644
0.181334204038304	0.127634841216278
0.398834984692158	0.277080991308156
0.286523637112009	0.211735970130416
-0.674711244937035	0.545413343996195
0.141892369815366	0.0887500114785208
-1.63532929636177	1.39514815749531
-1.03361750767048	1.20000036554384
0.0836180150286238	0.0560004475283622
0.399401919280144	0.293389116830328
-0.0489415173073643	0.0266850504474818
-0.119546843544292	0.0730678346020511
-0.701962072171393	0.471087613431695
0.209850794760168	0.16341255471696
-0.472070889856049	0.329070387884181
0.398952751279318	0.261019310889639
-0.217235349122221	0.160903505377967
-0.472001332696941	0.328991717662355
0.398952751279318	0.261019310889639
0.276581864658763	0.193470468193327
1.79944015740123	1.77532850719717
1.03215523791142	0.911235583775859
0.25061916968494	0.155193208312974
0.838274447403973	0.876904626318797
0.25052672039259	0.155123588624536
0.0289295329639315	0.017156171874967
0.968907660425431	0.894680981991094
1.18700448407068	1.28232067962445
-0.17389514636938	0.117661309424927
-0.449746215436977	0.282653986067633
0.740560803151772	0.71627431722046
0.196616031972375	0.145843799490633
-0.939235516993964	0.73459676282174
-0.322054918949587	0.231926205197877
0.0289295329639315	0.017156171874967
-0.766201114478335	0.66270873611259
0.250368394130716	0.154969982860933
0.123363505858838	0.091642551068764
0.25052672039259	0.155123588624536
0.681050825914096	0.550390686111211
0.0288765481797219	0.017124337713658
0.163375341456331	0.108646663640686
0.671465868796485	0.334774054050095
0.399504450820885	0.309531960613471
-0.100793899580135	0.0535980179050429
1.36212966873912	1.19733244835361
0.963545976406489	0.737152407988497
0.234299063326123	0.135610764338717
0.972424632377022	1.05484399731642
-1.04472869215769	0.874658341561647
0.635459381759895	0.56483017811683
0.399269964591808	0.293234967637659
-0.422320612835452	0.236661180017005
1.512841282031	1.26331557456989
-0.89005388557204	0.758387165212466
0.715424940374208	0.720334444681076
0.399526295151965	0.309538833718973
0.522440352254246	0.423930207099996
0.0834213626748523	0.0558700760786796
-0.322032975668386	0.231903465341743
-0.00829581607007071	0.00534680217442291
0.0288765481797219	0.017124337713658
-0.902180201967448	1.11481748190839
-0.358561349203797	0.229976361393022
0.399820296255417	0.309756209790217
0.512720494873722	0.436496706680383
-0.3518681556598	0.276580045277437
0.399652725365107	0.309677096898813
-0.100524984420176	0.0534573894442428
-0.358574770830738	0.230008355533989
0.546751032897838	0.399472875834704
-0.0488357677346139	0.0266327969000951
0.711941293208047	0.546490151457986
0.399562847415415	0.325330940942825
1.02254635039986	1.06701992887898
0.178394582455224	0.0879597751455033
0.25061916968494	0.155193208312974
0.0855972236079637	0.0466817565088722
1.51282686969678	1.26314411001886
0.116512354284327	0.068244783030296
-0.00844394019625501	0.0054410827867448
-0.792126707406141	0.630748496181635
-0.174002099818098	0.117737221509516
0.769756369550568	0.713383002820867
-0.265417598331787	0.193999504196372
0.606761084387309	0.367905172141757
0.398965812529665	0.261023979914902
0.211918251717271	0.113865661807845
0.128739954381237	0.0571706971446716
-1.0443084110125	0.874649006739739
0.606840474184464	0.368014046586871
0.803969087339051	0.712294492055823
0.804029465539626	0.712392747137759
-0.686814392821566	0.508383460359442
0.563965441857642	0.389165145449112
0.209804641210926	0.163375302753225
0.546869310078337	0.399571689674323
0.0856504615516148	0.0467163223346054
0.141919557864797	0.0887687130470317
1.04453259252245	0.754314244963196
0.398872373781685	0.277094868971369
-0.96814522350334	0.566902385585879
0.181354727690782	0.127651068600099
-0.173769055054967	0.117569809360543
-0.176834279037783	0.144641964147969
-0.433030285558499	0.364177682386566
0.779519437316155	0.875628042518036
0.058506856910663	0.0369659911939458
0.0287705561859204	0.0170587536066852
0.533459696559632	0.411221119383328
-0.358561349203797	0.229976361393022
-0.792005881270846	0.630719515069575
0.264825492432616	0.174630569124582
0.396241213616493	0.226364630623662
1.92299585130252	2.0387641267861
0.250553369184273	0.155126774488292
1.0820635195697	1.08400874146865
-1.14260067669355	1.02066115370797
-0.391351571354595	0.19123548774465
0.142105856690795	0.0888908050395115
-0.487528107083404	0.372641556643944
-0.939064223681972	0.734584867529678
-0.686749044698813	0.508320544769257
-0.981239337223058	0.89054329536455
0.399647793634485	0.245264441983756
0.399134034293624	0.293226555893517
0.769568566726905	0.712880064187401
-0.314737975535389	0.180310123749427
-0.131282341940386	0.0901728265686857
-0.766520318870356	0.663134379752832
-0.0082268846083795	0.00530268934145092
-0.235554617857959	0.138124741028281
-0.584974795759063	0.595188944889655
-0.825127181183508	0.599448766878507
-0.0629016945424448	0.0443887505971142
0.141918226728449	0.0887664170461289
0.163501719768619	0.108748360137995
0.163333959795749	0.108597710398
0.221590869897824	0.180619646662104
-0.100427730451234	0.0533968200283202
-0.100532689740455	0.0534621458761021
0.116140343707943	0.0680159834349419
-0.766095323653885	0.66238866200278
-0.100704209772987	0.0535537703395433
0.399361170289419	0.355460863471724
0.972254478787469	1.0543532544445
-0.100443178122335	0.0534100513858687
0.92979544469033	1.04613960732077
0.163457954905026	0.108715810889068
0.584705454785635	0.379865393865165
-0.217383628019648	0.160967507891776
0.276500070262287	0.193354946144982
0.211835479388691	0.113803455060704
-0.171831111220029	0.102975093490661
0.512973007274193	0.436736128367523
-1.54136984591898	1.51499551048589
0.25069825731129	0.155248653610278
-1.04446560025431	0.874951843477017
-0.173788191849338	0.11755562026239
0.163584195930917	0.108799843938814
0.399348607916454	0.370156426330492
0.740473234131663	0.716223363511951
0.7697048500773	0.713365515733353
-0.525008615438148	0.537619000841358
-0.791982672273346	0.630647826107759
-0.285164564145787	0.186407245785783
-0.0759682684831344	0.0473317038327201
0.058506856910663	0.0369659911939458
0.635588129929611	0.56491142273106
0.512402064514589	0.435749792011326
0.116293465720791	0.0681174351116925
-0.358574770830738	0.230008355533989
-0.173851269839628	0.117599314201622
0.0479668102951513	0.0242035155870716
-0.747140886414198	0.697611591816472
0.399542940036478	0.245217361896434
0.116368199676192	0.0681703696479722
0.234291393901341	0.135604455620529
-0.701840167512445	0.470997103993803
0.181202725055322	0.127515719434237
1.03203665003496	0.910860397596398
-0.389851199294465	0.276258673020716
-0.487661253003712	0.372817824928706
0.104902541334197	0.0741297566951185
-0.171793801836589	0.102951867486592
0.750947715593885	0.546225390280637
-0.0490861725203619	0.0267669169635936
0.564160308367146	0.3894443144624
-0.00633857803269929	0.00353880115898878
1.52806970868706	1.06648497834174
0.399640462504326	0.245290629353771
0.0586138048858016	0.0370310004256046
-0.358430472278739	0.229872321405079
0.711915228195204	0.546557048928131
-0.674792889721164	0.545690657241514
-0.265528231091648	0.194101021679468
0.635352462588382	0.564559222984233
-0.314905683790335	0.180488007236133
-0.265442027789063	0.194004074913417
-0.119386451613774	0.0729635647159714
0.0289295329639315	0.017156171874967
0.398899413000892	0.260942508796847
-0.824964638019071	0.599304485288219
-0.00462697564859522	0.00214403876152766
-0.217521006706289	0.161161575860771
0.0586109535655877	0.0370290854361946
0.209764225756806	0.163333422516228
0.250605830440359	0.15518710398705
0.276528860013888	0.193418045680985
-0.212409961946939	0.172234914853819
-0.897408029722432	0.940192360461248
-0.0783011716475821	0.0604531772846026
-1.94217785162884	1.50556750778932
-0.217517602207641	0.161171641212651
0.656177814080864	0.556462972229039
-0.752618411947647	0.939217929922757
1.61949608972673	1.66793317685897
-0.0394884245435511	0.0250431843018384
-0.686722096742145	0.508273973989328
0.181465589387316	0.127734472251748
0.546830196927245	0.399558804431895
0.898256993301542	0.723151630240779
-0.0489013694262602	0.0266701962197787
-0.235382896302948	0.138024912443037
0.546724411633398	0.399465628855253
0.264695320532999	0.174570131584808
0.116307687959683	0.0681343944936411
0.769809377821435	0.713350354371959
-0.265635006259592	0.194195863617721
0.264634988622785	0.174528423682581
-0.173747093455054	0.117542397067106
1.02259938083604	1.06705854609469
-1.06735762760521	1.02896241203675
-0.395547505230136	0.361127138517612
-0.358601625161616	0.230018412531975
-0.326000891029386	0.279687660408163
-0.500183219270712	0.41601862452228
-0.322117960194991	0.23199093386192
0.635481208363628	0.564843479631815
0.276474328877052	0.193352422934333
-0.579296535169985	0.475401577626035
0.0857428988252296	0.0467687674262433
0.294497222084847	0.22898750613545
0.522201044076389	0.42367603867683
-0.889933464924159	0.758398727133385
-0.389929969887617	0.276359669549728
-0.389982968519614	0.276402027316149
0.29460400870286	0.229088037995619
0.806759448845837	0.875386003690788
0.564527007533226	0.389626198991062
0.116451858679516	0.0682159522077023
-0.119409472156664	0.0729300534227106
0.399674586706663	0.30966868726512
-0.766493021691875	0.663087724450388
0.845900177389557	0.715055557737215
0.286312443114443	0.211562843707214
-0.487608320482119	0.37274814708529
-1.14260067669355	1.02066115370797
-0.131151081550929	0.0900864556652895
-0.852563147890518	0.785844565177501
0.276581864658763	0.193470468193327
0.37294067854689	0.176245525558977
-0.674844414490949	0.545661184705511
0.512635431061825	0.4363657169726
1.15482253578082	1.10913791862697
-0.351713017116869	0.276409214357251
-1.14868223720965	1.17217774742664
0.0584629558579508	0.0369341675612139
-0.00655651078964978	0.00365922616789442
0.712047977779181	0.546600633082636
-0.217496910387678	0.16115931261989
-0.28518786639213	0.186434024764144
0.264755643837087	0.174602748105253
1.06386990070188	1.23840753304936
-0.285257771144161	0.186435275324257
0.712074114293426	0.546670662650068
-0.314883095294388	0.18046152778602
0.163312117213553	0.108589066231643
-0.167677774336158	0.0868939558902765
0.221641519655241	0.180666331678671
0.0288796510816256	0.0171220029416784
-0.579296535169985	0.475401577626035
0.11627031625817	0.0681082454094151
-0.1738760053631	0.117653995479651
-0.852667159015211	0.785951560164861
1.51256029730163	1.2627409392019
0.769783628750618	0.713437624154362
-0.389823995955751	0.276239675249137
-1.00947009883375	0.719304676003473
0.181375246212359	0.127661746302116
0.163312117213553	0.108589066231643
0.276530386752355	0.193383473806482
-0.391594789884239	0.191438279351218
0.163669198809145	0.108853324515277
0.264718600927762	0.174588722278937
-0.57682215557269	0.434063965729552
0.584691164752436	0.379856682356652
0.632046398741327	0.352597545210657
-0.265483188904491	0.194066813915525
0.116451858679516	0.0682159522077023
-1.93138823677143	1.94709616371506
-0.171900614616488	0.103015029122361
-0.0946461025916477	0.065946218902393
-0.471978146574559	0.32890563973062
-0.00667717656401973	0.00372485518624013
1.94278323474672	2.82924392197491
0.11627031625817	0.0681082454094151
0.917441380007933	0.884357271422964
1.26029123487348	1.96722740762584
0.301477486770009	0.245770756270195
-0.224309396879475	0.149251198329982
1.08084337614535	1.5567802563291
0.898256993301542	0.723151630240779
0.602254894985405	0.582822423289549
0.0835281520701357	0.055942087371443
-0.285057658550057	0.186279009561093
-0.119360655922449	0.072933055218904
-0.674738461858098	0.545560938008652
-0.41360484154304	0.320683246842941
-0.577173885258921	0.434233227850007
-0.284960393323697	0.186248011498073
0.898429094995836	0.72345739395091
-0.674818648861795	0.545711507796161
-0.579148582871039	0.475205392066826
0.116330839643921	0.0681472868212352
-0.224389641716655	0.149312226642465
0.234306721965948	0.135608476227016
0.399735331760836	0.325480178596874
-0.171710160877072	0.102884135352662
-0.577123316514962	0.434435598564971
0.141971261916633	0.0888023742952421
0.181486135511974	0.127750720166101
-0.665587887433238	0.583689090508115
0.71224594074815	0.546487155698763
0.234014737217533	0.135404415420104
-0.0487702312480759	0.0265925698568664
-0.0761140667593529	0.0474085354147521
-2.37557132135648	2.2964476189274
-0.100443178122335	0.0534100513858687
0.398872373781685	0.277094868971369
-0.321947997560895	0.231792130970553
0.533413147285571	0.411261900516729
0.874414960814577	0.878528184709889
-1.34530158632241	1.7719099457178
-1.92796112064593	2.88036309486203
-1.10664620424317	1.48394251741134
0.917438811743989	0.884725847367179
0.564234976882592	0.389578962842842
-0.576905701247131	0.434174829667432
-0.25327537508775	0.203569327142878
0.929664051724808	1.0459117599615
-0.510462132487012	0.45806999770445
0.490755283655419	0.474029824130614
-0.130930117017297	0.0899336139195837
-0.242536769853409	0.211237588753164
1.15008260831905	1.42983685316694
0.141971261916633	0.0888023742952421
0.294427585930021	0.22887757523594
-0.801635430468389	0.847866999017909
0.0584657231335231	0.036938288303298
0.68102769657429	0.550378261045452
0.14186650643306	0.0887251904730816
-0.390063176806021	0.276452098473583
-0.351888792682056	0.276612510429749
-0.0488089875965929	0.0266177615123385
-0.173939041290908	0.117697673411669
0.163501719768619	0.108748360137995
-0.472108155766521	0.32911275292109
-0.981504005262713	0.891238633380212
-0.242554245580445	0.211269372903469
-0.449559643029099	0.282553005776485
0.163438542313277	0.108699687883226
-1.06772956796868	1.0297201300256
0.104876294895799	0.0741238703806158
0.533292453228994	0.411220850834707
-0.131167945964282	0.0901320351584368
-0.00833713011532937	0.00537350785301406
1.09671289632181	1.40713772179292
0.234134912161859	0.135481632721817
-0.265680101467543	0.194226915105528
-0.824101324313536	0.816499131413652
0.874777087030697	0.879653666456889
1.26757338490484	1.3159538746158
0.0834419623206405	0.0558844880401982
0.711809675508547	0.546366920879928
-0.413878595132534	0.321065353400636
-0.852371276659045	0.785502406310806
0.564145183307959	0.389473891906218
-0.167685612928479	0.0869045304599133
1.15470418627042	1.1090568619249
0.250632505219279	0.155190304364966
0.307402790836518	0.261883096745898
0.221757541235479	0.180716698274322
-0.579274580544113	0.475386205460311
-0.265696734324441	0.194168599906118
-0.21747622332068	0.161139158750961
-0.766520318870356	0.663134379752832
0.898264524653063	0.723119555449305
0.0634895538775778	0.0472353794932167
-0.782959530613493	0.878955584220695
-0.76649467821567	0.663121538181514
0.33320896448765	0.343516039097594
0.567112178365701	0.612449953427558
0.209605447424076	0.163176478497927
0.490777233967603	0.474055598995515
-0.389876979031048	0.276305805054114
-0.414108739961493	0.321191938612219
0.564317092367707	0.389632583146479
-0.298972855797397	0.237791115055507
-0.674738461858098	0.545560938008652
0.286419390851797	0.211652533237129
-0.583968061053277	0.556733545318648
0.399567666730592	0.309608506043698
-0.653627537113939	0.66014633040848
-1.28447312826739	1.61964639166948
0.0479061058216731	0.0241734985376833
0.0832489773806404	0.0557374154173449
0.893164385646384	1.03945172403695
1.86185415955911	2.56856514284162
0.0856766271852479	0.0467288268596743
0.181375246212359	0.127661746302116
-0.413793633721842	0.320969820892725
-1.22086040223747	1.47085501275006
0.399517607121712	0.325283423741794
-0.938985249993604	0.734486826092846
-0.658901305750905	0.622340682489739
-1.04453070585904	0.875000983365389
0.0586109535655877	0.0370290854361946
0.286229942649624	0.21144358671821
-0.653251607269382	0.659515019869379
0.0857959848849942	0.0467930000380248
0.399720762046032	0.245300880797733
-1.51162895510891	0.92774969099266
0.845952734120206	0.715189374908091
-0.573029878753656	0.39203480139103
0.141840636614589	0.0886917693485491
-0.487581032377036	0.372727958048912
-0.413878595132534	0.321065353400636
-0.747071538984321	0.697751766608455
-0.897321981337297	0.940062642864547
-0.766388829064612	0.663040642355053
0.504486078480036	0.44921591754848
1.29783920541394	1.66301380313369
-0.21747622332068	0.161139158750961
-0.824187426761161	0.816606642247111
0.12333470167312	0.0916195615273584
-0.10045091808691	0.0534111225538958
0.140342264680331	0.109336636793216
-0.433315405412224	0.36468529227267
-0.85258218567443	0.785881930049397
-0.0489937644034561	0.0267199564240236
-0.471653157837256	0.485507983448017
-0.0946321150832073	0.0659303489836642
0.399523941949888	0.309549797669524
-0.265331425625766	0.193898436806191
0.0857298001699369	0.0467611300263588
-0.578937758046618	0.47470957159387
0.398713891522661	0.276963185861334
-0.658942737126193	0.622376934191527
1.46237997890767	1.92572118863645
-0.284946743038968	0.186258778585444
0.632160133035675	0.352652701983811
0.497176170399837	0.461686114752281
0.398939685964909	0.260998562871579
0.3132772866988	0.27840878870001
-0.094519225869103	0.0658539833534451
-0.10061457138053	0.053506852680468
0.76959729993245	0.713177830099595
-0.766574907106478	0.663033619029199
-0.487581032377036	0.372727958048912
0.047768842388667	0.0240951234492321
-0.173812992051245	0.117606196781948
0.294566593945816	0.228961946533632
-0.00829232854863562	0.00534469134583311
1.48106316854304	1.58947419253309
-0.100427730451234	0.0533968200283202
-0.32733529210431	0.129585538245281
-0.235462187373492	0.138072780517714
-1.22566744203066	1.3190806064957
-0.0759876589295289	0.0473363443603622
0.804182894416446	0.712153588700034
-0.217631356968837	0.161210253196458
0.0185872421154951	0.0125071736730892
-0.171793801836589	0.102951867486592
-0.708906064590303	0.801087862695575
-0.265618468647607	0.194114942413476
-0.217279988244725	0.16095610036151
0.116353991523378	0.0681564763741826
-0.322244113029841	0.232093565796801
1.24647819843157	1.79668011324814
-0.0392708424970269	0.0249014306048066
0.558849252532335	0.62406200748723
0.497282909268182	0.461836849762076
-0.139728540457028	0.10590325876167
-0.585111862773407	0.770221038486755
-1.1065303757575	1.48358326895773
-0.342757008055361	0.356843829032782
-0.0627646013247002	0.0442821031290845
-0.0627172119943085	0.0442519005246114
-0.351974952412634	0.276683503833317
0.39954580672875	0.309586780212896
-0.719840930681145	0.767629011155119
0.0289295329639315	0.017156171874967
0.399726141222678	0.385221715079767
0.104896410612126	0.0741403678084016
0.533222644573356	0.411110517018407
-0.131233499060858	0.0901795833894835
-0.282115228415066	0.243999399287978
0.0422948394581713	0.029970376284185
-0.674844414490949	0.545661184705511
-0.44444901366097	0.511110956847875
0.313494393708608	0.278606636538112
0.029009781927305	0.0172044213737388
-0.653342859221575	0.659805941212877
0.399694028346507	0.309716645373078
-0.0760533009637857	0.0473839636800134
0.234194106334154	0.135535242488063
0.711889146938377	0.546487094584724
-0.435053804570729	0.475261811817932
0.399386028153076	0.325086537887935
-0.351737144610455	0.276443296639625
-0.094605844788756	0.0659202457636271
0.301431028422242	0.245728277307987
0.399550257329705	0.245208994329299
-0.825150817760178	0.599509934408343
0.181399908429285	0.127687118867493
0.606732450583422	0.367923078259537
-0.175965673055704	0.131949461334819
0.211819494672195	0.113810815709731
0.67150962292298	0.334766898185218
2.17530130888176	0.972804016432564
-0.0789466320583325	0.0354412383139809
0.740577541090946	0.716210224109516
0.7697048500773	0.713365515733353
0.656232162279828	0.556691762056095
0.11649817235391	0.0682301834161441
-0.171877447008978	0.10300836389379
0.680943996995515	0.550213767822116
-0.305564008918304	0.282467760550378
-0.00829581607007071	0.00534680217442291
-0.265503777162	0.194082390085672
0.0832489773806404	0.0557374154173449
0.860973754168909	1.03525734443883
0.787823376980681	1.03574737161532
0.918593860009425	1.35353694103162
0.874735705690894	0.879610841769866
0.0187660049344994	0.0126268624467797
0.402322528923588	0.430947879951983
0.40146492641399	0.415866871925656
0.14357517932258	0.131443400278934
0.968581655180336	0.894400703459376
-0.094585719883577	0.0659031201935779
0.635692775513996	0.565109371608688
0.533315723427002	0.411212454690432
0.0291173019445393	0.017266599974287
-0.00833713011532937	0.00537350785301406
0.0423814853970688	0.0300328030402259
-0.139656557700823	0.10584909883036
-0.253253479677255	0.203569659989082
1.48119490539631	1.5898158849499
0.490921211440048	0.474135464856521
0.181465589387316	0.127734472251748
0.635544469288338	0.564969109409345
-0.433205412351035	0.364538367085565
-0.376316793960035	0.319978706555717
-0.139692590234455	0.105897572019939
-0.577109715356513	0.434343995222223
-0.510488193751867	0.458138192503648
-0.039291406409105	0.0249159502087351
-0.00644961089764576	0.00360056110007621
1.56589466300728	2.87715705900202
0.806732568709337	0.875432965157303
0.715552285455441	0.720524184355505
-0.0488089875965929	0.0266177615123385
-0.10062225280412	0.0535115969827204
0.264802209253012	0.174630751522979
-0.119598493637038	0.0731100910843556
1.0156308562804	1.22300656555389
-0.422299294346764	0.236652215203968
0.796564213761884	0.546476908211474
-0.848554588996423	0.353709685597233
0.387511878551028	0.203703880087379
-0.391368449200474	0.19130152788782
-0.167746238435569	0.0869469108163603
-0.686434154759917	0.507813733272985
0.211751034985314	0.113747989548702
-0.376235869976446	0.319833731121493
0.396176409966509	0.226325721913052
-0.314883095294388	0.18046152778602
-0.235554617857959	0.138124741028281
0.163501719768619	0.108748360137995
1.28506059355487	1.4899189792874
-0.0085956018238936	0.005536586725931
-0.732021846522536	0.441299012127764
-0.0082475743883231	0.00531553212050281
0.399497104185646	0.325254990433101
1.58588967800531	1.82401584375467
-0.173621071576	0.117433649679011
-0.176811975097461	0.144652617011614
-0.0756967915431623	0.047136386380108
-0.487712563830129	0.372844245573686
0.116382389556848	0.0681657453416837
0.163309752377474	0.108589945028276
-0.0489803984799141	0.0267132188815541
0.804029465539626	0.712392747137759
0.264491025422571	0.174391433604047
-0.100517289863626	0.0534489339909363
-0.173812992051245	0.117606196781948
1.18716755032974	1.28196961925628
-0.422406153924719	0.236701653650632
-1.08434221084797	1.18416873197409
0.512654811589944	0.436390526638643
0.399542940036478	0.245217361896434
-0.413963562725887	0.321128480945109
-0.22441533242714	0.149321786982421
0.398765561606098	0.276966640430354
0.116284536468204	0.0681178066573984
-0.581772393937408	0.516603728381565
-1.12691507044464	0.723963263011774
0.490885538111914	0.474204174414907
-0.572898061025124	0.391961181557989
-0.747050919444729	0.697737592033022
-0.0487956030897302	0.0266078382724499
0.0856635463965309	0.0467239502969187
0.276607594746272	0.193486442141265
-0.224389641716655	0.149312226642465
-0.852223417951741	0.784951164133743
0.399190814322264	0.261121611043745
-0.00825098414165935	0.00531839236576663
0.497323089950261	0.46184531937003
-0.449551847246755	0.28255524491248
-1.06754356591929	1.02960059011662
-0.171710160877072	0.102884135352662
0.373063689449818	0.176309167899013
-1.27038470831303	0.884666905678582
-0.449827940395289	0.282731266711348
-0.347984175281869	0.31986953618776
-0.252913478381588	0.203142432031767
-0.766441749899156	0.663094658546721
0.264802209253012	0.174630751522979
0.209977791311068	0.163495519661908
-0.322032975668386	0.231903465341743
-0.648619363898701	0.696481099561776
0.323876343130265	0.311177595444108
1.23093231462805	1.62812815699714
0.0187660049344994	0.0126268624467797
-0.880385469783115	1.30000266664127
-0.326188804154412	0.279936145025404
0.632162664145863	0.754965184976683
0.86079271707856	1.03478592110967
-0.298987002000701	0.23774791879797
-0.0628729009368754	0.0443670404114468
0.551412966157032	0.635743309676092
0.504375390870268	0.449122629618846
-0.719898667607573	0.767397452864112
0.23204660224765	0.197486476674898
-0.13108178201676	0.0900649149244417
0.0586357498318336	0.0370410439031488
0.715507167060038	0.720447115157577
0.522308594802782	0.423805684617425
-0.585278150052319	0.595482448369032
1.29788011211571	1.66278562209654
0.485479491379526	0.48682146838921
0.39993604744935	0.385284637483747
-0.176098300794053	0.13206066315773
-0.0628495262319344	0.0443512997984772
-0.0626307324162304	0.0441847473161206
0.276501593424179	0.193390335819138
-0.322181024893116	0.23204661658807
-0.80178810921416	0.848141441079779
-0.472001332696941	0.328991717662355
-0.172073122780072	0.103102295359423
0.0289053747418535	0.0171405436715424
1.28498177396794	1.48989882444926
0.84596605132746	0.715188219408872
0.0291429888016969	0.017280972797924
0.399019063877058	0.261052466805314
0.211835479388691	0.113803455060704
0.104962917704732	0.0741887431566488
0.0585918553379603	0.0370192038447161
0.898631414456865	0.7233969304341
-0.314783952241964	0.180345912013469
0.399628368616537	0.309604165886801
-1.35610128709322	0.474818712797072
0.0582518246252664	0.0367882020521343
0.398793855759975	0.26086314753592
0.656286518481059	0.556786806671946
0.399652120253719	0.245289401469063
0.178675874793748	0.0880918078933201
0.564414409634204	0.389702848742374
-0.579119326010413	0.267387068020036
1.24599073942208	1.14585313470885
-0.298640703920355	0.237413176098314
0.681171948846945	0.550519576410294
0.0585726739901592	0.0370012414493682
-0.766440085400675	0.663088444368722
-0.767076410530619	0.910097382491573
-0.212792929116759	0.172625070717654
-0.372159354236783	0.429995948809837
-0.85258513378082	0.785727272580979
0.318648183994018	0.294697766351073
0.1969192519714	0.146044933480753
-0.131102415469497	0.0900815453227977
-0.510381441476214	0.457938316419048
-0.173897970235959	0.117662972860727
-0.653561443121922	0.660098329044915
0.250671549096301	0.155227427239656
0.399567666730592	0.309608506043698
0.399558361603336	0.370317745260553
0.264634988622785	0.174528423682581
0.307554980989846	0.262076954344765
0.286649711562382	0.211785763675168
-1.14262392140449	1.02071657436321
-0.449110177851312	0.406703568333302
0.740451330384789	0.71612262862002
-0.57703974245666	0.434369516798473
-1.13164982888242	0.867494853538219
-1.23426600471282	1.17027761559353
-0.868391771318661	0.967731784005976
-0.171877447008978	0.10300836389379
0.804196729548054	0.712377530199034
-0.00462762409852259	0.00214716140244468
0.25064583704517	0.155177325214836
0.845886876869285	0.715098908302365
0.656366764577668	0.556851668428262
-0.167685612928479	0.0869045304599133
0.0422801964941737	0.0299581726434151
-0.576942594038448	0.434274061427803
-1.22587415147617	1.32018118860644
-0.897538630967863	0.940323696699579
-0.98147828122109	0.89128782209467
-0.674844414490949	0.545661184705511
1.18703165674545	1.28243214104642
-0.449797107686637	0.282540357119311
-1.55175619761865	1.81282656517848
-0.13119228043096	0.090142188377435
0.512824885374524	0.436647875751912
-1.14872634674749	1.1720124837826
1.02246457856493	1.06689134986402
0.399386507498078	0.340517384533603
0.250711605847258	0.155245755704872
-0.235449075529597	0.138051915791987
0.564422049407264	0.389700830190336
0.533171724953987	0.411076621770173
0.750738002359985	0.54623867910786
-0.583621977625527	0.556466569293229
-0.868386907017763	0.967841950693089
0.715548250819828	0.720304017679708
-2.09935335778588	2.33049640246361
0.680990250676709	0.550269762703352
0.635564005317325	0.565008227026761
0.522226805164729	0.423715611420525
0.250711605847258	0.155245755704872
0.276450096509233	0.193303531301435
-0.326109286876676	0.279850876249518
-0.00907787891476096	0.00654587525523139
-0.487714193016348	0.372872010913352
-0.500376181924138	0.41602376609507
0.617658785731477	0.573718074229117
-0.00475680929605525	0.00220672361861251
-0.487420605927676	0.372414142447701
-0.23539602597155	0.138035568356171
0.58482001808895	0.37997695034666
-1.0111583141005	1.04627397933672
-0.23539602597155	0.138035568356171
-0.358759464822714	0.230124373095012
0.116451858679516	0.0682159522077023
0.100561412646986	0.0818500091929276
0.276553066672341	0.193398619698225
0.196681525546273	0.145897187775546
0.398713891522661	0.276963185861334
-0.235488423181181	0.138083855479216
0.715507167060038	0.720447115157577
0.276662130961792	0.193532353478315
-0.471964074016085	0.328988442076057
-1.01100712019044	1.0467688034003
-0.825329265417905	0.599645011435276
0.196591788662089	0.145807592365522
0.845952734120206	0.715189374908091
0.804066571244214	0.712409287520356
-0.176031979073977	0.132007055143449
-0.665606761197919	0.583891294044359
0.399058289087215	0.261066486593233
0.399591436244457	0.245265409014508
-0.314943947858019	0.180508496860338
-0.0758394517713369	0.047236396310727
0.0858752349172589	0.0468327597926758
-0.702000315358475	0.471069360153076
0.116330839643921	0.0681472868212352
1.18700448407068	1.28232067962445
-0.38993138298359	0.276323571369034
-0.746899431729949	0.697494286811066
-1.13150479970894	0.867635884459367
-0.358430472278739	0.229872321405079
0.399633218063485	0.30958176904239
0.711981637507327	0.546618402945273
-0.224309396879475	0.149251198329982
0.0858484266526765	0.04681806473566
0.398979187192608	0.277138822494332
0.0584245411420799	0.0369076484512051
-0.76614992368499	0.662541981757469
-0.931710732461002	1.09114061465758
-0.967202371505946	1.06804406547909
0.264672040453276	0.174541981042422
-0.825240015986526	0.599593248021543
0.232339418436633	0.197781347783148
-1.2989015110859	1.47115632766221
-0.0393816506771032	0.0249713880146857
-0.00656605805463023	0.00366311165284494
0.399452026643459	0.340590290552723
0.546988418746887	0.39964943368048
-0.568442908073705	0.35011647403505
1.36845289174257	1.36389674047384
-0.500142036551076	0.415930998019855
0.123703996642159	0.0919178340646103
0.588774054207071	0.59186769021953
-0.224442612976316	0.149344680362211
0.141944077139845	0.0887738399296703
0.522467618245619	0.423938836998602
0.39935513894018	0.244987366717643
0.26478844402946	0.17458672189578
1.1499963560791	1.42993684133984
0.398978869716779	0.26101254726313
0.0288508268156486	0.017108910813176
-0.321969946980768	0.23182896791386
0.0480737227852809	0.0242527501457159
-0.791968693252402	0.630667165648645
0.750842858445568	0.546344713229705
0.490726494226836	0.473975961355747
0.898346864870289	0.72334506195932
-0.100540405818408	0.0534632011451723
-0.314913534863782	0.18049000784073
0.769730612762067	0.713415955765321
-0.171747460792849	0.102905455652846
-0.224336677934566	0.149274089294747
-0.889933464924159	0.758398727133385
-0.658553811932129	0.621831737478407
-0.576965922644856	0.434268315425558
-0.321884981437823	0.231706532538972
0.769865418618769	0.713383282358074
0.546803549672268	0.399551531032605
-1.3294270748627	0.733061521380134
-0.889752898331209	0.758159798405766
0.399241455715525	0.293334087412803
0.25069825731129	0.155248653610278
1.37649887337821	1.70460999132572
-0.579419923246672	0.4753768250651
-0.389984373105749	0.276377432670347
-0.56850361312045	0.350137185021699
-0.00818551931871176	0.00527638130083001
0.276687851535201	0.193548878671475
1.06415347603101	1.23835891427616
0.496996498730821	0.461421485640078
0.29438648653125	0.228859204294919
-0.674979038043576	0.545799116154301
0.617745053337773	0.573829512967194
-1.49917058848765	1.94941157985567
0.399820296255417	0.309756209790217
-0.981584186560259	0.891361705052936
-0.0489147483452937	0.0266769411251259
0.0836180150286238	0.0560004475283622
0.0834175183910981	0.0558589724174055
-0.22431100092233	0.149244423954331
0.39912458626215	0.261113883283656
0.512737196041898	0.436365757256856
-0.265745785858005	0.194266682659516
0.715572845525227	0.720503966046749
0.635585858470544	0.565049160716253
-0.119412253858398	0.0729861393109778
-0.26050123433033	0.131519082409796
-0.285090593703859	0.186376827935707
0.396024933516971	0.226195455441666
0.0422006501047223	0.0298998522515522
0.399406503553071	0.325100229807191
0.846045190403945	0.71521740606195
-0.573043063375869	0.392116283470683
0.234299063326123	0.135610764338717
0.750813604587608	0.546288457112092
0.250605830440359	0.15518710398705
-0.487529764568404	0.372548061716621
-0.322202951136644	0.232055249653008
-0.285127572665304	0.18640202474893
-0.00462762409852259	0.00214716140244468
0.163669198809145	0.108853324515277
1.15457177884896	1.10893769082864
0.250763944228594	0.155289556810608
0.0480050835828071	0.0242224684999677
-0.23539602597155	0.138035568356171
0.898429094995836	0.72345739395091
0.142213266338618	0.0889328635497326
-0.792005881270846	0.630719515069575
-0.00653322317101659	0.0036465042430468
-0.0627426994895185	0.0442696687365672
-0.577123316514962	0.434435598564971
0.58867576702275	0.591918888455115
-1.04446560025431	0.874951843477017
-0.792029090058758	0.630725452876737
0.142051476455936	0.0888577884553235
0.0288765481797219	0.017124337713658
-0.131212887277098	0.0901629643677175
-0.107421035010284	0.0822340581744902
0.399305007862278	0.370151718887221
0.399319024625334	0.293304042556435
-0.585655203880533	0.632293954843622
0.399402265192724	0.340486801701286
-0.0759051448786092	0.0472913722500453
0.155649683127863	0.126821854967406
0.301650759862896	0.245935131982455
-0.375838049861786	0.319444814380845
-0.824428585272746	0.816667191190689
0.276663677432116	0.193495705430278
-0.51866651343237	0.498616668350759
-0.253224680769402	0.203534183342816
0.181465589387316	0.127734472251748
-0.868127625381594	0.967316462721496
0.804029465539626	0.712392747137759
0.490827974489673	0.474115375699646
0.399714800274633	0.325466427407848
0.264695320532999	0.174570131584808
0.588808628684068	0.592084885685176
0.0290370556228624	0.0172206399698484
-1.21646181706248	1.61783104388596
0.735737419836762	0.882105078313654
0.141998448683475	0.0888256576774279
0.196943282030542	0.14604941304763
0.399672146546433	0.30969489565243
-0.0758008970647359	0.0472191690492665
0.276528860013888	0.193418045680985
0.809250376132787	1.03388412417129
0.806705631114964	0.875262032795501
-0.28498370230448	0.186287806202676
0.852952818714724	0.546952016374648
0.671494664560962	0.334807235682389
-0.877084922463205	0.577091573709713
1.11260056216583	0.937590941216586
0.276846775712065	0.193583995565821
0.845807667058939	0.714953390541008
0.211948576329243	0.113865296765307
-0.57339936067552	0.392253737750906
-0.100532689740455	0.0534621458761021
0.50445759985372	0.449177651062902
1.37261542837083	1.53208511509422
0.671567142878356	0.33484663200897
-0.167647468271265	0.0868700825002316
-0.57885989796914	0.267210036729404
-0.487661253003712	0.372817824928706
0.26443066995883	0.174323647789056
0.234119701427991	0.135495466226445
-1.14275846284982	1.020581514347
0.234217042819429	0.135554715301903
0.512824885374524	0.436647875751912
-0.17372513645502	0.117507811427657
-0.395554895660398	0.361177336810966
-0.0488491633688526	0.0266379092504318
-0.413919608406986	0.321094793095108
0.276504639004295	0.193310608968138
-0.131278473770528	0.0902076171710122
1.11265651125862	0.93768533175143
-0.00831300788254624	0.0053575270356208
0.740475736617461	0.71620400051152
-0.583596334712321	0.556430012413687
-0.224205111346259	0.149137272516056
-0.0082303190676378	0.00530493174834557
-0.265680101467543	0.194226915105528
1.09688625238475	1.40778530300766
-0.321950876741714	0.231774784837319
-0.686800933612094	0.508334523103492
0.085291234331934	0.0749605373591787
0.0424032487040718	0.0300491191000436
-0.131229843447008	0.0901553241915127
-0.824142741880797	0.816457223948004
-0.573043063375869	0.392116283470683
-0.499945379236407	0.415667965251814
0.163713019558149	0.108875768416847
0.301277788366518	0.245526172838659
0.53312519403382	0.411026461301314
0.635605328885084	0.564999444831835
1.48110243286796	1.58954913573289
1.02259788627854	1.0669755162005
-0.322032975668386	0.231903465341743
-1.03377011942518	1.20023567172394
1.58601081784958	1.82438589754659
0.242052048891188	0.214653367462432
-0.094625972357169	0.0659346382070736
0.307876107948165	0.262263653732323
0.399526295151965	0.309538833718973
0.181506676501752	0.127761413863331
0.58482001808895	0.37997695034666
-0.00473529180603008	0.00219814874663143
1.73177262527059	1.91370836618635
-1.00959222676061	0.719584185538748
-0.224227541488594	0.149124626576709
-0.487661253003712	0.372817824928706
0.399583478821329	0.245237435874431
0.0478295204619513	0.0241303182423519
-0.825061670752121	0.599394220982401
-0.0761383398376614	0.047432157350192
-0.674739925783626	0.545605022666558
0.234134912161859	0.135481632721817
-0.449656806802103	0.282594576641388
-0.792089496111302	0.630754759552082
-0.981504005262713	0.891238633380212
-1.00958459475678	0.719552722677059
-0.848554588996423	0.353709685597233
1.08191010479496	1.08387246777139
-0.472070889856049	0.329070387884181
0.680967123732398	0.550257340688247
0.50450666466925	0.449281337097482
-1.01132800764634	1.04677363370794
-0.487528107083404	0.372641556643944
0.57729735174414	0.601992041591898
0.656311106586147	0.556683539931037
-0.449217000544622	0.406808342310543
-0.0395541441011701	0.025083993257901
-0.824273535102991	0.816614282631155
0.264815958511053	0.174624707221394
0.522360088449923	0.423880206162727
0.123436140904576	0.0917142791864847
-0.0489670362588258	0.0267049448325151
-0.376077386551352	0.319792328705742
0.123414219855483	0.0916913597139219
-0.21747622332068	0.161139158750961
-0.173917091531538	0.117682478952323
-0.0394884245435511	0.0250431843018384
0.141759074541841	0.0886355107016481
-0.119332055713698	0.0729221946382817
-0.32201386012934	0.231860376653194
0.711915228195204	0.546557048928131
0.632160133035675	0.352652701983811
0.632282847428213	0.352728572431533
-0.167792228123067	0.0869736387408147
0.546869310078337	0.399571689674323
0.116368199676192	0.0681703696479722
-0.85235235414452	0.785514109137052
0.141998448683475	0.0888256576774279
0.769570043504722	0.713085410637289
-0.171854279210956	0.102994903376511
0.234134912161859	0.135481632721817
0.963499842446657	0.736981665988245
0.23418643927166	0.135508047994074
0.163625358955636	0.108810213526551
0.546988418746887	0.39964943368048
-0.28498370230448	0.186287806202676
-1.54112889412545	1.51457191812384
0.398728165319106	0.276971181700825
-0.0488223758110372	0.0266260448981406
-0.322266028375118	0.232102188709418
1.2849545171453	1.48988775933262
0.681073955458979	0.550371904052352
-0.433442937245101	0.364734970167462
-1.06767495064489	1.0295945475418
0.141865183765722	0.0887267375760719
0.181531246888365	0.127776568502257
0.399734572085772	0.340755347414401
-0.217559000108108	0.161169670625247
-0.00647290097493442	0.00361346614744142
0.522254066330468	0.423767227511228
1.23106593648772	1.62853320997993
-0.100524984420176	0.0534573894442428
-0.235303642562071	0.137970517714117
0.50445759985372	0.449177651062902
0.750918451769797	0.546500400749536
1.15002904169146	0.774161366781223
-0.50009704051959	0.41591664999723
-0.732099967580472	0.441350213980641
-0.078745871602922	0.0353461577361168
-1.00946265936106	0.719458642516027
0.681050825914096	0.550390686111211
-0.449462493686468	0.282465667764756
0.307657271310195	0.2621586356172
-0.298860101022677	0.237688026429349
-0.585083297622861	0.595355199060416
-0.0759489641588138	0.0473161986698993
-0.224229156975004	0.149175752312636
-0.391603095504156	0.191462066890932
0.276795375061017	0.193600610596379
0.25052672039259	0.155123588624536
-0.284993363742646	0.186275029087059
-0.746943588893125	0.697581345058754
0.234470501990702	0.135683092076745
0.387443934982169	0.203677658568846
0.250659165164412	0.155151095534985
0.533315723427002	0.411212454690432
-0.217259274575659	0.160928109899912
-1.32061027118199	1.32511225206066
-0.889729543678196	0.758074443440553
0.602107464729187	0.582613241396535
0.617790294309421	0.573858759237475
-0.389849774073474	0.276267896625035
-0.173960995646723	0.117706641264591
-0.732317865086946	0.732923026998396
0.611697791754692	0.774440262741017
-0.176138766646554	0.132087158591399
0.512698605043471	0.436482208723404
-0.00644961089764576	0.00360056110007621
-0.877172509528766	0.576553485674759
-0.0785456362005581	0.0352399196503108
-0.224256440322004	0.149207271874944
0.398952751279318	0.261019310889639
-0.22428211378869	0.149219672599838
1.83644440922671	2.1672901844226
0.25061916968494	0.155193208312974
0.838167685316824	0.876715975962942
-0.889896617486106	0.758357339826199
-0.701870683447116	0.471060482975925
-0.0789466320583325	0.0354412383139809
-0.100353717964887	0.0533549282245805
0.0856635463965309	0.0467239502969187
0.116102953172386	0.0679912860425303
-0.568412513831888	0.350074832940256
-0.119386451613774	0.0729635647159714
-1.52278995090759	1.22112318048924
0.917306749414009	0.884428769024171
-0.658595338348797	0.621955343661036
1.37898727956695	1.87605359860412
-1.04462293069808	0.875080562846637
0.264634988622785	0.174528423682581
-0.0488357677346139	0.0266327969000951
0.635415714223959	0.564719438324633
-0.119572665333446	0.0730925935206141
0.680967123732398	0.550257340688247
0.0478757935477757	0.0241566119386645
0.399134034293624	0.293226555893517
0.617552022601101	0.573469111548555
-0.107478398784574	0.0822805523486256
-0.267777540931188	0.248990992220438
0.058504011144468	0.0369551054150997
0.0832245071972136	0.0557223041876927
-0.039422728392816	0.0250015758755746
0.142131685932888	0.0889044303481582
-0.80178810921416	0.848141441079779
-0.89766931942128	0.9403211353412
0.396046476092211	0.226243653582569
0.898541649291977	0.723418983530821
-0.573003554697925	0.392024760025173
0.917385739851407	0.884686342578039
0.163353483206327	0.108632941562139
0.58482001808895	0.37997695034666
1.47077335719175	1.75615660792982
-0.235224426170279	0.137909137164948
-1.04422986940011	0.874422999949284
-0.472070889856049	0.329070387884181
-0.224336677934566	0.149274089294747
-0.487847380520622	0.372927220779711
-0.314822136475483	0.180366341086407
-0.358588196149511	0.23002237558786
1.37261542837083	1.53208511509422
0.399647793634485	0.245264441983756
0.301457385605926	0.24573034423639
-0.0393776134712881	0.024972610225115
0.607013909009565	0.368113947865685
-0.449820216110179	0.282733562407957
-0.094605844788756	0.0659202457636271
0.0478981651999103	0.0241685434406286
-0.571737584667295	0.312608565413617
-0.413834628965583	0.320990882717356
0.398728165319106	0.276971181700825
-0.0395089598661675	0.025056610537209
0.276607594746272	0.193486442141265
0.769729112390332	0.713290552810038
0.522202541907529	0.423598414061815
-0.265700655996439	0.194242465070307
-0.449559643029099	0.282553005776485
0.234291393901341	0.135604455620529
-0.315012604577116	0.180519573244866
-0.472131338862803	0.329112025572246
0.301431028422242	0.245728277307987
-0.0392052054556307	0.0248573231702168
-0.00655651078964978	0.00365922616789442
-0.105444395785959	0.100333954419457
1.26758773900752	1.31600493038784
-0.375924574758734	0.31959818293731
-0.100532689740455	0.0534621458761021
1.12040925321062	1.25778502843336
-0.224338278181341	0.149249065378193
-0.658376017231261	0.621092578585961
0.399413448783001	0.370266852834903
-0.487714193016348	0.372872010913352
-0.413730680333414	0.320888721656759
0.963485578094049	0.737033103872343
0.373186918798905	0.176352245678087
0.085809101416214	0.0468035936787465
1.03232726684426	0.91135634635286
-0.665691709552174	0.583914618045903
-0.390037371011563	0.276419788363124
-0.17191476584973	0.103033463272345
-0.325986236323559	0.279657087800094
-0.38995717249119	0.276378670243734
0.504461609472985	0.449256492439233
-1.22589624035045	1.32032608578155
0.0856504615516148	0.0467163223346054
-0.0758201313271384	0.0472335094023848
-0.285150876711098	0.186416646333165
0.141840636614589	0.0886917693485491
0.196595378439059	0.145823539637778
0.803982942164289	0.712290972688709
0.968823971221591	0.894849317055589
0.715400384218384	0.720358404474324
0.163501719768619	0.108748360137995
-0.487686905437284	0.372851819278413
0.57724669322125	0.601953159977941
0.250802790713255	0.155248272212044
-0.57685903938328	0.434149334010838
-1.00951606416	0.719470647168065
-0.701870683447116	0.471060482975925
-0.167875201304295	0.0869988913766136
0.512868702446158	0.436656332232589
-0.577183574521148	0.434451128606611
0.769677589313058	0.713346935133066
-0.449544062178421	0.282531156107745
0.276609133537466	0.193488659541977
0.512866065740918	0.436662002577441
-0.0047138086914673	0.00218770251866513
0.234299063326123	0.135610764338717
1.1203655832426	1.25783419731482
0.286356264003954	0.211592099352807
-1.04454424783783	0.875037302287801
0.0288523742823862	0.0171074128794536
0.250513390435162	0.155108504066862
1.6636969038813	1.51644247306866
0.846031860202732	0.71521854127108
0.211887954999951	0.113856287486724
0.234224666727355	0.135543204546346
0.838278754077182	0.876829800366686
-1.83904487800902	1.75929382070453
-0.449544062178421	0.282531156107745
-0.119730412274304	0.0731702770025848
0.0854122216696239	0.0465677936508463
1.36208359419639	1.19684373267159
0.399660064812808	0.245317382260872
0.211895891785283	0.113859386997973
-0.260329029925159	0.131417764875266
0.365901442885752	0.150373308319952
0.0478981651999103	0.0241685434406286
0.715420927636754	0.720370237594475
-0.389823995955751	0.276239675249137
0.806972845941745	0.876009460002654
-0.358574770830738	0.230008355533989
-0.581817251546368	0.516636521761929
0.49090748957248	0.474208416537271
-0.0759051448786092	0.0472913722500453
-0.0759463769065314	0.0473158585830138
0.717723294158978	0.886671986423239
-0.449023738345913	0.406547278215946
-0.130930117017297	0.0899336139195837
-0.665292368008438	0.583255271587081
-0.583713941123505	0.556411407884406
-0.366063943897671	0.358390764657755
-0.82521645061763	0.599532139278292
0.0857690839630121	0.0467755813981377
0.49708317547785	0.461581250458965
-0.889826566381827	0.758090003658094
-0.351888792682056	0.276612510429749
-1.04478040214959	0.875034643261629
-0.0489670362588258	0.0267049448325151
-0.449544062178421	0.282531156107745
0.0586959218520654	0.037080909149561
-0.783212332998339	0.87962044583674
0.71174318182377	0.546254831510538
-0.581600116981307	0.516448993782105
0.750820935056823	0.546362059972189
-0.766440085400675	0.663088444368722
-0.298900419989747	0.237697708205345
-0.235515323657853	0.138059897998472
-0.224444197210169	0.149331124302083
-0.35180263882442	0.27651654586003
0.286271216955869	0.211512826252853
1.21244477210216	0.971348728509458
-0.889873267452747	0.758353213221804
-0.686920155648617	0.508356092101914
0.584606708762691	0.37972008462059
0.211895891785283	0.113859386997973
0.398690755140477	0.276941906629452
-0.173958225918879	0.117700871705319
0.116140343707943	0.0680159834349419
-0.76649467821567	0.663121538181514
-0.449044125100325	0.406579131835564
0.234209408113983	0.135557017197127
0.276687851535201	0.193548878671475
-0.868325712212784	0.967675016408229
0.250513390435162	0.155108504066862
-1.55205133459331	1.81489187811617
0.1161634901573	0.0680366741364742
-0.791717902408649	0.630081234371633
1.12025867081795	1.25758380689059
0.974037019699334	1.21084356658435
0.546658537699458	0.39936889682843
1.48095734234894	1.58891563081039
-0.686670269083675	0.508235697146491
0.796649935663657	0.546481330595372
-0.583795009785311	0.55671016997845
0.963477527286397	0.737109537115533
0.796629057528294	0.546502925119404
0.264741881640269	0.174598132091718
0.399713383834751	0.30968759644865
0.0584849086837611	0.0369509486462666
0.852952818714724	0.546952016374648
0.372950968880263	0.176251163954604
0.178408925233274	0.0879707492156317
-0.98134518112413	0.890952875697173
0.264681545443047	0.174556420254131
-0.585400508234291	0.632087400184136
0.898264524653063	0.723119555449305
-0.00486435955028876	0.00225474722485634
0.264741881640269	0.174598132091718
-0.573359947594847	0.39225971710813
-0.173665041486168	0.117482242301805
0.906544595251715	1.19623876503468
-0.171937931217338	0.103046922596437
1.26777826938512	1.31689238990432
1.06400147705491	1.23855455920361
-0.173834967445948	0.117615183798292
0.0423237158271014	0.0299922419603051
0.504350812989721	0.449078774837608
0.0289825102637502	0.0171873746132031
-0.0395705966121183	0.0250899439217333
0.116247166995476	0.068095355374989
0.693837130350544	0.725260835339231
-0.35180263882442	0.27651654586003
-0.265680101467543	0.194226915105528
-0.701840167512445	0.470997103993803
0.264658266871447	0.174547011346903
-0.119625687146688	0.073124812578289
1.29786408703858	1.66300682995499
0.735809240040407	0.882143206626074
-0.889776252660043	0.758163932303549
0.264574648130701	0.174478236700459
-0.100629944992226	0.0535126365530659
0.276634861834895	0.193514161038662
-0.100719535592776	0.0535595262511556
0.546816875156251	0.399566848469562
0.740665212525889	0.716400610903666
0.804066571244214	0.712409287520356
-0.0489147483452937	0.0266769411251259
0.234209408113983	0.135557017197127
0.399691481577158	0.309633869915347
0.276634861834895	0.193514161038662
0.39871435201781	0.260758980227525
0.63543755037969	0.564789288279985
-0.171975261730541	0.103067661326467
-0.039529500318646	0.0250689531848583
1.15467757714598	1.10920392728072
-0.00657979808016496	0.00367176203867503
-0.00637557637037879	0.00355970996600095
-0.701870683447116	0.471060482975925
-0.518919634924922	0.498930340259696
1.36845289174257	1.36389674047384
-0.448912065250176	0.406276943091147
-1.14880794209502	1.17257905901325
0.618007928160398	0.573810910042216
-0.22431100092233	0.149244423954331
0.163479839725159	0.108734620174476
-1.14895269330486	1.17240448559064
1.15015132121946	0.774176029611433
-0.487820095488423	0.372935503474609
0.89833172185645	0.723268328705126
0.0477829215549356	0.0241051678937605
0.656312403674297	0.556815343915179
0.163394799247274	0.108667158772753
1.58609450769808	1.82434805437294
0.399652120253719	0.245289401469063
-1.00944753293436	0.719129583406553
0.750640427480989	0.545992606068971
0.546803549672268	0.399551531032605
0.533185558195406	0.411110623257971
-0.260329029925159	0.131417764875266
-0.877041638085802	0.576786214582943
-0.686866363195777	0.508263388565242
-0.00486435955028876	0.00225474722485634
-0.100532689740455	0.0534621458761021
-0.284960393323697	0.186248011498073
-0.573148582352656	0.392220049465515
-0.824948796019937	0.599181802999873
0.656472871278802	0.556862079721386
0.286482495123052	0.211703912226392
0.30137814938514	0.245571716023679
-0.00637557637037879	0.00355970996600095
0.25061916968494	0.155193208312974
-0.389954357263171	0.276252940818512
-1.55190745044973	1.81431311397249
-0.348166654079131	0.32017465387777
0.39943137726308	0.340538087173694
0.209738258855914	0.163314651146803
0.40214557710742	0.430631405864615
0.163628004413102	0.108832428913685
0.0186131411471097	0.0125249060305687
-0.0759051448786092	0.0472913722500453
-0.00643587924542967	0.00359301632558093
0.286309751585077	0.21150019462033
-0.889919967188209	0.758268439784129
-0.576979499479811	0.434315794257747
-0.791968693252402	0.630667165648645
0.58867576702275	0.591918888455115
-1.32055891555586	1.32494214197076
0.399005980674987	0.261013769672977
-0.375852913973367	0.319487422361708
0.546870139980602	0.399367553342912
0.264695320532999	0.174570131584808
-1.35083692672937	1.18239134984024
0.838319752008557	0.87697089157298
0.1420256374432	0.0888443640776842
0.250763944228594	0.155289556810608
0.11614924186535	0.0680207405035995
-0.0783292059263208	0.0604785756480132
-0.674951828177522	0.545806361158126
-0.217496910387678	0.16115931261989
0.0583807005428617	0.0368824650389447
-0.224362360916797	0.149289333907045
-0.119597131265098	0.0730980839289773
0.399347543067605	0.293399579549052
0.234217042819429	0.135554715301903
-0.29877351514744	0.237589613695921
-0.981665847767185	0.890929877892481
-0.82503796297973	0.599333001659143
-0.039529500318646	0.0250689531848583
0.264644477458504	0.174506049821866
-0.171891600284617	0.103013652092688
0.522281329542169	0.423797055534019
1.02259639146419	1.06655564158651
0.399517607121712	0.325283423741794
0.264681545443047	0.174556420254131
0.276768103389844	0.193591961324523
0.533352804546952	0.411255786419984
0.39924277451529	0.293267579091374
-0.487528107083404	0.372641556643944
-0.82521645061763	0.599532139278292
-0.791824711396637	0.630454044297698
-0.0487956030897302	0.0266078382724499
-1.43545093500001	1.78725118223633
0.0584629558579508	0.0369341675612139
-0.00645917082308286	0.00360555572465806
0.546961719451806	0.399642103935353
0.71570413494538	0.720477020260131
0.398860270688586	0.260928559216684
0.286249314715815	0.211493370512956
0.373166103534986	0.176281404364727
0.398826087033734	0.277001799305111
0.116330839643921	0.0681472868212352
0.307511113936303	0.262015371024753
-0.571505531550015	0.3124149088738
-0.235449075529597	0.138051915791987
0.399820296255417	0.309756209790217
0.929688666535924	1.04585331333431
-0.265573324357301	0.194117578196852
0.116428702122489	0.0682030568622803
-0.414004594020839	0.321166452093534
0.564160308367146	0.3894443144624
0.533245913804934	0.411170667653861
0.838081397256763	0.876441822856445
-0.131036907601626	0.0900279719569885
-0.766518666460027	0.662951172837911
0.276636404460945	0.193497311214723
0.0480130451548229	0.024225429664649
-0.224336677934566	0.149274089294747
-0.422320938196137	0.236638315029538
0.712087176452811	0.546654737619279
-0.0945997697764396	0.0659056023528385
-0.577267158994812	0.434440254251254
-0.358509316483428	0.229953272680103
-0.70190117287605	0.471095771394012
0.973956398523064	1.2106178759998
0.617851817463887	0.573856535275848
1.03238059025585	0.91136476035372
0.211986719950705	0.113885369854438
-0.96814522350334	0.566902385585879
-2.37602738128077	2.29691103725262
-0.573043063375869	0.392116283470683
-0.285090593703859	0.186376827935707
-0.487845771110902	0.372924017983754
1.61931665140074	1.66854033005425
-0.224229156975004	0.149175752312636
-1.36903923307201	1.6280881315577
-0.11949245706525	0.0730428325659769
-0.173960995646723	0.117706641264591
0.39924277451529	0.293267579091374
-0.686814392821566	0.508383460359442
0.972252051090121	1.05409831590901
0.0858621005018137	0.0468183988396299
-0.314897752349974	0.180460386792066
-0.00812007627609931	0.00523422313712623
0.917546233785375	0.884679315027962
0.250540046641692	0.155129683229478
0.497262814943253	0.461803697327511
-0.332779890741816	0.599096098740925
0.0184804542515445	0.0124351617079159
-0.411515418124472	0.40085517584595
0.546500058822847	0.399048018890918
0.399629756186755	0.245296505376421
0.209983467755571	0.163503994054954
0.264658266871447	0.174547011346903
-0.285053627335216	0.186330826663221
0.845807667058939	0.714953390541008
-0.358680527282511	0.230076669085373
-1.52278995090759	1.22112318048924
1.11257366517831	0.937599599098464
0.804099253095311	0.712248168245602
-0.119598493637038	0.0731100910843556
-0.351888792682056	0.276612510429749
0.221692170254686	0.180706922220074
-0.577076671192185	0.434336142010334
-1.00953121808198	0.719538579271265
1.11255166293503	0.937740334633732
0.845939413203912	0.715148403086207
0.142211890346681	0.0889416697571517
-0.573201430999483	0.392228605869892
0.680981438499674	0.550257678966188
1.2122505761694	0.971192499435083
0.232157103746618	0.197624826088844
-1.13157352576474	0.867806795163739
0.398667618958224	0.276904598251902
-0.674741391027964	0.545420306406661
0.123556525970185	0.0917993083693391
-0.375965103886377	0.319670064393052
0.116478823438769	0.0988226187413624
-0.0652628194107096	0.0547213222735625
0.656286518481059	0.556786806671946
0.838142785712204	0.876592296547469
0.845873572645785	0.715100082050027
0.11625607797672	0.0680803809979542
0.0634739417389823	0.0472242003056847
-1.67035171659667	1.12130058923539
0.963485578094049	0.737033103872343
0.210003694385071	0.163521719676352
-0.00664012457361048	0.00370465466943885
-0.351971390151819	0.276570389787192
0.294669620325618	0.229140922317883
-0.487794425801085	0.372902959991203
0.018826709036152	0.0126652193932202
-0.00462697564859522	0.00214403876152766
-0.062793400981063	0.044307277190996
-0.00918843955859068	0.00662507032319365
0.533292453228994	0.411220850834707
0.128382892136535	0.0569893614731727
-1.27063082055851	0.885275144897396
-0.747071538984321	0.697751766608455
0.398774442714311	0.277029786852801
-0.577160254149805	0.434419892931967
-0.265417598331787	0.193999504196372
0.512632907967881	0.436309894818597
-0.00648246208559319	0.00361788921927842
-0.576979499479811	0.434315794257747
0.250684905061533	0.155242539654961
0.497389649309095	0.461887550182002
-1.62736992931292	1.68712757895854
0.546711095435536	0.399426004119964
-0.868671534289838	0.967778579049284
-0.731720792061267	0.731954074928756
-1.93157216586863	1.94628624683073
-0.265483188904491	0.194066813915525
-0.390037371011563	0.276419788363124
0.0290627520003243	0.0172349600444844
0.264597924244184	0.174496820223054
1.11236395675142	0.937365047108194
-0.00657026808094862	0.00366649300398857
-0.314837032959884	0.180433066341452
0.0837454347522246	0.0560757749040717
-0.0943803103510877	0.0657370239083681
0.399665366888498	0.325321799195492
-0.0489937644034561	0.0267199564240236
-0.0759901648345779	0.0473452882734231
0.577065811781156	0.60169717325312
0.399630859244332	0.309670206289546
-1.00943210635186	0.719314837631752
-0.573122228556241	0.392182120784472
0.0857690839630121	0.0467755813981377
0.972762259895408	1.05427278398534
-0.35184393948654	0.276566025269648
-2.01785828549384	2.13829307907185
0.276556128649085	0.193436235303888
-1.11449125834891	0.540788176297302
1.08183584988741	1.08380771699508
-0.039422728392816	0.0250015758755746
0.779871931863377	0.876298095722246
0.0837005139857026	0.0560439337993133
0.631819214311294	0.352378760345744
-0.665732676974561	0.583979591146226
-0.298900419989747	0.237697708205345
-0.176092701762525	0.132037342702651
0.058443790022945	0.0369248768508539
-0.285007010964892	0.186314582604357
0.398849230316022	0.277057537590374
0.838233482129389	0.876845308069539
0.1420256374432	0.0888443640776842
0.140320642456421	0.109318558109356
-0.746840108575109	0.697262159893661
-0.224497167957806	0.149363575120558
0.399274595359605	0.355360841496723
-0.217366086087978	0.161042824286404
-0.358640290259768	0.230034639766072
1.34288292649486	1.01472280325666
0.656287809633672	0.556668997193679
-0.788584669491101	0.414442391647873
0.399603665219994	0.340727436631877
0.116330839643921	0.0681472868212352
-0.93155176566251	1.09072891542923
-0.009249574254788	0.00666887211196535
-0.173643054231129	0.117461058877291
0.0587398676634679	0.0371061538831999
0.25052672039259	0.155123588624536
0.39954580672875	0.309586780212896
0.27644706636959	0.19330255258946
-0.174065180927794	0.117772475330616
0.490726494226836	0.473975961355747
-0.119571298130348	0.0730913852716358
0.163394799247274	0.108667158772753
-0.510462132487012	0.45806999770445
-0.433077859504036	0.364315476063797
-0.265593879861676	0.194154362331262
-0.58151062022488	0.516288793777663
0.234478219261989	0.135689432788445
-0.0651663057746699	0.0546414560637425
-0.568473274508818	0.35013698342253
-0.217300706675367	0.160976269658147
-0.0948920557168238	0.0661111072249865
0.141839318732247	0.0887064926781886
0.399188400393345	0.293278030550534
0.141944077139845	0.0887738399296703
-0.322159103419451	0.232023888318447
0.522310108299472	0.423664113748148
0.196660861583673	0.145876916455411
-1.44924009417487	1.34667726234533
-0.433273985846168	0.364583826134231
-1.14874840862154	1.17153801815151
0.974149793621988	1.21105786812092
-0.529859870304934	0.574453945078216
-0.175766849573535	0.131750546526914
0.398952751279318	0.261019310889639
0.399214271315013	0.293315937795653
-0.568412513831888	0.350074832940256
0.5469093255531	0.399618657335497
1.34289595232922	1.01499095487319
0.181486135511974	0.127750720166101
0.898429094995836	0.72345739395091
0.681125680716043	0.55046354075607
0.0186333673940162	0.0125386230495905
0.399502072395097	0.309496114178966
0.116232930713526	0.0680753285694624
-0.665396018019651	0.583572903561045
-0.176251209491276	0.132172200056175
-0.792066289731086	0.630748823283636
-0.877169937096785	0.577203324418684
0.533520035002545	0.411188683290901
0.196423067321074	0.145640892642317
0.142026984342139	0.0888324262134955
-0.314936050194936	0.180496880170545
-0.172021587424904	0.103087776800566
0.751082480322171	0.546477609134593
-0.167784410327834	0.086973154849
-0.674792889721164	0.545690657241514
-0.171840142126793	0.102971998105413
0.0186276687502448	0.0125322542978235
-0.253101716540296	0.203415792054854
-0.934136996424094	0.913629612932512
0.19648497967141	0.145721222287638
0.740429422042433	0.715980537546645
-1.32055891555586	1.32494214197076
0.398765561606098	0.276966640430354
0.104983037818287	0.0742023474051644
-0.471805991432146	0.328743445783617
0.681139951261835	0.550274059452707
0.372930405999128	0.176198353336861
0.163691111572332	0.108867087785117
0.656368067837455	0.55670542275289
-0.00637557637037879	0.00355970996600095
1.18689830799405	1.28205160600231
0.715309996970718	0.720037016954227
-0.686499309414722	0.50798896479976
0.635583455288015	0.564897273997189
0.564324718997456	0.389655936649954
0.472192046984292	0.541612871239056
0.567150867803544	0.61252615955913
-0.107555750061736	0.0823470758314727
0.972677240478989	1.05474696130039
-1.03379565549686	1.20015887213489
0.286523637112009	0.211735970130416
0.717784526958034	0.886964579977082
-0.212655936867747	0.172509682189
-0.801742222533774	0.848030929183181
-0.487606675292995	0.372750836390607
-0.76630861954926	0.662972643880192
0.276633318877016	0.193483226455459
0.399162523031104	0.293209725381699
-0.877190672530262	0.577147451985876
0.51282220004825	0.436524605203864
-0.265745785858005	0.194266682659516
-0.518861822801885	0.498748871555098
0.861068476319611	1.03487507893515
0.3991619982708	0.355248444416205
-0.224201871592973	0.149134584073347
-0.390035974921079	0.276433097301495
-0.119518275601168	0.0730591665263058
-0.579233535502349	0.475321044301583
0.963477527286397	0.737109537115533
0.233932560005529	0.135341786270877
0.307612553950244	0.262135027154151
0.740305585158238	0.715830355827975
-0.0343359530859755	0.0245006997673985
-0.395793540104486	0.361386604646153
-0.119466645047769	0.0730195618404143
0.399621764926025	0.24528629890332
-1.00941707623438	0.719085475768888
0.845728421926689	0.71474764956451
0.490993844716275	0.474256958830059
0.0290370556228624	0.0172206399698484
0.399162523031104	0.293209725381699
-0.265597934630676	0.194048918483614
0.39912458626215	0.261113883283656
0.399779061948965	0.309753287675347
1.04418566840128	0.754070728099669
0.533269183355893	0.41120691108276
-0.224363956956832	0.149288353019299
0.693650097103397	0.725104009361192
-0.260594489203997	0.131559221193867
0.399739383612319	0.325422591731543
-1.36895019939863	1.62806497097258
0.399523941949888	0.309549797669524
-1.24537751982164	1.0224272869465
0.533208825612179	0.411146860046541
0.294300249379735	0.228744235023876
0.399279259902007	0.32489092294034
-0.472084972467567	0.329086525090447
0.116321892006772	0.0681330650452862
0.181075449742282	0.127362920639095
-2.93139181654753	2.38539883645296
0.399757174021846	0.309746376744079
0.399203917048368	0.26112631616261
-0.171733333748742	0.102903938585626
0.11627031625817	0.0681082454094151
0.398797581707142	0.277035673986689
-0.653607170390786	0.660124538560593
-0.0487702312480759	0.0265925698568664
-0.285164564145787	0.186407245785783
-0.235449075529597	0.138051915791987
-0.224494015727289	0.149337315939924
-0.585046933435036	0.59527130434275
0.0856635463965309	0.0467239502969187
0.141893696140023	0.0887394988710327
0.294583424130792	0.229073862185232
-0.510701694744558	0.458128467528876
-0.00896731534327618	0.00646566554516991
-0.175893891747388	0.131851937284505
-0.674897402447207	0.545676629601899
-0.176277150633354	0.132175512225138
0.522281329542169	0.423797055534019
-0.131143697203118	0.0901020574886367
0.399534576680688	0.340648388116244
0.564145183307959	0.389473891906218
1.54350979757196	2.1541265956625
-0.358640290259768	0.230034639766072
-0.449649024133895	0.282626986880979
-0.433229306429822	0.364569367373766
-0.265442027789063	0.194004074913417
0.0585699011891016	0.0370057778942593
-0.285150876711098	0.186416646333165
-0.217300706675367	0.160976269658147
-0.224336677934566	0.149274089294747
-0.967447554007687	1.06818256302703
-0.253086449326885	0.203392928526974
-0.217390097066543	0.161055583465922
0.232267608148299	0.197728601969735
1.02246605341778	1.06691141992885
1.17365801863663	1.59916179368756
-0.390144770497325	0.276339725698212
-0.260249986440471	0.131363174492885
0.617638290188199	0.573665780578026
0.588736266663561	0.591770849907621
-0.665669707780211	0.583946577934216
0.635605328885084	0.564999444831835
0.635731621631183	0.565012286356702
0.681102546937439	0.550386522987246
-0.171928935227595	0.103021233645045
0.163628004413102	0.108832428913685
-0.131147323350631	0.0901154101141619
0.0290354800723843	0.0172179111621941
-0.11938505528066	0.0729634588982928
0.715511150514848	0.720468393435574
0.209692051578075	0.163259758441315
0.874755232228374	0.879621813051408
-0.0942735747942176	0.0656526525977948
0.399672146546433	0.30969489565243
0.546882652287686	0.39961135638563
-0.577063067083383	0.43440075790853
-0.391481666646295	0.191384943509599
1.49719585959021	1.43025097472277
-0.100532689740455	0.0534621458761021
-0.573122228556241	0.392182120784472
0.564317092367707	0.389632583146479
0.21178923311276	0.113786657240428
0.142080020952605	0.0888683874079472
0.512720494873722	0.436496706680383
0.264611710694309	0.174500278389277
-0.299099746273385	0.237875964547515
-0.852497218741647	0.785707725980518
-0.0490461137062827	0.0267468360349336
-0.801609898950477	0.847748253910572
-0.571518586146758	0.312432773778368
-0.0488223758110372	0.0266260448981406
0.8982343343581	0.722957228514347
0.116261385167052	0.0680970995288913
0.845900177389557	0.715055557737215
-0.568450605056492	0.350111713650879
-0.0397471737286701	0.0251999043115005
0.546645238199597	0.399353614216114
-0.0489147483452937	0.0266769411251259
1.37269670754495	1.53173660500413
-0.576956172384241	0.434247580911962
0.286353621089143	0.21159382496386
1.05091894163922	1.38970656928479
0.693863574992226	0.725408162069438
0.221554871682995	0.180596168149768
-0.801773173707065	0.847593107561254
-0.395496943936468	0.361059612850395
0.504572267759576	0.449327688889568
0.512846796210458	0.436662397859969
-0.487526450081566	0.372605884789749
-0.423914134067661	0.438214786098978
1.37894619943907	1.87573792563656
0.286290525771017	0.211533426053093
0.234365554688673	0.135606717924876
-0.568572097465517	0.350153102769924
0.0479444191794637	0.0241924711034532
-1.12692027910398	0.723978664203291
-0.568541766074588	0.350174119857092
-0.518688256799517	0.498635254527863
0.779525468315603	0.87572038958259
-0.006422163534817	0.00358458688008767
0.169466896590649	0.144055695592985
0.0290916091214662	0.0172506474117661
0.658704021250036	0.737745360387134
0.0634839730990181	0.0472342235530546
0.874670173944602	0.879514467652847
-0.0395951974240842	0.0251097479932385
0.671712173998995	0.334763248373849
0.250842947914754	0.155326910864604
-0.00649619072655505	0.00362618846728953
-0.48776714051348	0.372911243742093
-0.375766419965072	0.319361441742955
-0.314837032959884	0.180433066341452
-0.471866405691572	0.328853477360802
-0.224468311403556	0.149348426055333
0.681171948846945	0.550519576410294
1.07088733689217	1.7091028144898
0.0834213626748523	0.0558700760786796
0.0830983901160581	0.0647452763215003
0.769730612762067	0.713415955765321
0.0289568043675961	0.0171732158028847
0.209677652008319	0.163241730118945
-0.579378743921397	0.475440639742885
-0.897366494334249	0.940086363572764
-0.487606675292995	0.372750836390607
0.712074114293426	0.546670662650068
0.0584629558579508	0.0369341675612139
0.577080466801893	0.601827455426082
1.02262364537856	1.06671007451058
-1.00943210635186	0.719314837631752
-0.039467894351048	0.0250286748113181
-0.217627821810374	0.161254899901061
-0.98145256366974	0.891200517436491
-0.487820095488423	0.372935503474609
0.681171948846945	0.550519576410294
0.163521087137834	0.108760112686365
-0.171816972074702	0.102965328684015
0.656259339378735	0.556754166748311
0.116307687959683	0.0681343944936411
0.396003480951534	0.226100261627978
-0.173791021253973	0.117590988191062
-0.352019872466604	0.276711013413076
0.874692022634661	0.879589807933839
-0.390169212191209	0.276478799929784
0.533329532533883	0.411241844029059
1.73185213818635	1.91424046708044
0.711994689914987	0.546635957220775
0.0289310925154956	0.0171575933732068
-0.235501547146439	0.13807177886782
0.398858126103384	0.277086879421163
0.264681545443047	0.174556420254131
-0.579441835667838	0.475465032240189
0.3133568651253	0.278502834108035
-0.176011743176159	0.13198505975331
-0.852475251870423	0.785499347813862
-0.824146040742489	0.816512466993869
-0.0343359530859755	0.0245006997673985
-0.674873072019471	0.545745098121915
-0.433229306429822	0.364569367373766
-0.0082716539685023	0.00533164399155396
0.898354420160912	0.723312999645903
-0.314737975535389	0.180310123749427
0.264597924244184	0.174496820223054
-0.0945534703160744	0.0658593147914801
0.680897744133689	0.550020700954404
-1.52282792740514	1.22121094412113
-0.701893398829885	0.471060653765222
0.398952751279318	0.261019310889639
-1.40182099425293	1.05074397500167
-1.04447915874277	0.874861737721261
-1.06751625548531	1.0294800228211
-0.992288764646263	1.21818590462679
-0.746964756087618	0.69759436484439
0.140262691662791	0.109261739662915
-0.472108155766521	0.32911275292109
0.52230708112406	0.423835271535181
0.485768868468896	0.487233524866877
0.209764225756806	0.163333422516228
0.0479207371196704	0.0241733713806623
1.34272182391304	1.0146264042384
0.533255361430788	0.411152401885777
-0.235224426170279	0.137909137164948
1.56237068626936	1.98799991156198
-0.0943661436863661	0.065729595817108
-0.298906392453111	0.237731703124378
0.05853149486363	0.0369680895401661
0.769653307162213	0.713016131073549
0.116353991523378	0.0681564763741826
-0.00650575303563362	0.00362995040657906
0.490603084922641	0.473667729674451
1.07080108269538	1.70865843541714
-0.65898742062254	0.622399868172444
0.116407993222198	0.0987680366186473
0.0424464679882405	0.0300630741564206
0.286375548943213	0.211623257913393
-0.3958947083187	0.361447215866512
1.37267296434739	1.53240066471627
-0.665496768605904	0.583233416811917
0.399158599433713	0.293110538013512
1.18716626460431	1.28233093364841
-0.11951965129848	0.073057555006467
0.264825492432616	0.174630569124582
-0.322181024893116	0.23204661658807
0.656232162279828	0.556691762056095
0.512909913035259	0.436711637663413
0.644449343960434	0.746062817168851
0.294620620229063	0.228974023762982
-0.265524370552137	0.194087155247442
0.294628424596357	0.22910263100957
-0.500117645690407	0.41594675017541
-0.0976334570856594	0.0872271382651191
0.838294922356215	0.876874066340018
0.0833801485674387	0.0558339503952659
-0.518738876733916	0.498713230147624
-1.14882997274325	1.17257316998894
-0.0065935539137356	0.00367940017156973
0.276500070262287	0.193354946144982
-0.581710449135816	0.516499216666256
0.53314845932752	0.411062687777545
-0.0627172119943085	0.0442519005246114
0.602283403180327	0.58274805842323
-0.176729150112713	0.144568132937908
0.399161216342137	0.293259882473176
-0.21259801824306	0.172471634334213
0.65842921936849	0.737761533975191
1.23099211394655	1.6280200552004
-0.801589579730977	0.847760717326087
1.23089243449291	1.62785330445709
0.715507167060038	0.720447115157577
-0.285067287514914	0.186362204940924
0.632037639398118	0.352531037221759
-0.500228233640452	0.416045323723521
-0.322329129041418	0.232140380002769
-0.0759244901058836	0.0472976538205904
0.399406503553071	0.325100229807191
-0.49998951212592	0.415758750629525
1.03199610687153	0.910686278127144
-0.747288850084024	0.697772920055963
0.740453857154362	0.716208123014226
0.0584849086837611	0.0369509486462666
-0.449328790336753	0.407000668559091
-0.358495878177703	0.22993924642698
0.398788702445974	0.277022374151166
1.37890103591403	1.87587478740481
0.656417194871264	0.556598592575817
0.796412832540613	0.54632387049216
-1.00959222676061	0.719584185538748
0.874438950681885	0.8788558578305
-0.0490594629448469	0.026755104726524
0.838299255605635	0.876921147738516
0.0290386308033832	0.0172194422525343
0.892950902474441	1.03963025554267
0.906362217103561	1.19555578484482
0.398918661272857	0.277122050938888
-1.54120277495639	1.51560255027329
-0.88976637323916	0.758010794911154
1.52794721558097	1.06684388833972
-0.100786276740608	0.0535895907139736
1.36821438307055	1.36310791750677
1.77541424700066	2.31225228940234
-0.131167945964282	0.0901320351584368
0.141893696140023	0.0887394988710327
-0.358430472278739	0.229872321405079
-1.01069730166628	1.04505451118413
-0.413815629625469	0.320996865707269
0.504395950512197	0.449166470865585
0.475085312056616	0.528147811705143
-0.366127421270424	0.358560063607861
0.0836180150286238	0.0560004475283622
-0.131098870174411	0.0900513276682991
-1.14274459002458	1.02084763016626
0.318648183994018	0.294697766351073
-0.265483188904491	0.194066813915525
0.803982942164289	0.712290972688709
0.681171948846945	0.550519576410294
-0.0347406374082774	0.0247907728694077
0.477758180695652	0.513995789832377
0.39916016418254	0.369802154522281
0.39947267127484	0.340626777725325
0.681073955458979	0.550371904052352
0.656365460204942	0.556840951197036
-0.50009704051959	0.41591664999723
-0.175858886558173	0.131837800502943
-0.217672654330868	0.161274609837788
0.809421822248702	1.03389794751607
0.301610537303336	0.245886204803862
-0.375944838067394	0.319642580323954
0.264899551428447	0.174650753021524
-0.801986780795005	0.848266740933482
-0.253224680769402	0.203534183342816
-1.21641875158229	1.61829986460773
1.08194275542764	1.08393865490821
-0.674634021264285	0.545352624230085
-0.173769055054967	0.117569809360543
-0.299125958895665	0.237910490096711
-0.131405868059019	0.0902863555800963
0.399652725365107	0.309677096898813
1.18700574659306	1.28239709328681
0.399558829422796	0.340706732944273
-1.01128674755933	1.04699179572721
-0.253332977691281	0.203630960663031
-0.0758008970647359	0.0472191690492665
0.715617930621586	0.720536934995111
0.0834905932592355	0.0559004261197653
-0.0394432749489625	0.0250150078693679
-0.73236345422613	0.441536831391427
0.0289295329639315	0.017156171874967
-0.472084972467567	0.329086525090447
1.03214221452611	0.911241377499726
1.18703165674545	1.28243214104642
0.804043307590794	0.71233864047186
0.286183580409785	0.211370435322589
-0.852163752786656	0.784802609381908
-0.265614440495864	0.194180304416663
-0.897366494334249	0.940086363572764
1.06369279925601	1.23760124545346
0.31341481832317	0.27855338524384
0.399543652603853	0.370355410936063
-0.576989250936056	0.434217336157644
0.123597175674719	0.0918421735221754
-1.06759645658401	1.02968138226897
-0.285030319307596	0.186329206529657
-1.13150479970894	0.867635884459367
-0.487818482242343	0.372877217679827
0.276580329693046	0.19344851355763
-1.04438698797144	0.874823359724042
-0.390010170761787	0.276421028544424
0.123305903131193	0.0915931306309739
-0.351999257094013	0.276678564414808
-0.322117960194991	0.23199093386192
0.142077308944848	0.0888624360218098
0.606854759600209	0.367937503742949
-0.32201386012934	0.231860376653194
0.546539445241963	0.399105395674319
0.0856242796901098	0.046691435653039
1.03214221452611	0.911241377499726
0.0480816714797298	0.0242551139833624
1.11236395675142	0.937365047108194
-1.47880766698375	1.64759098598042
-0.224442612976316	0.149344680362211
-0.1738760053631	0.117653995479651
0.892930837050421	1.0395784959162
0.142078665577231	0.0888764959093391
0.399558829422796	0.340706732944273
-0.217710534114628	0.161245843771728
0.294407038695227	0.22887334771293
-0.0393776134712881	0.024972610225115
-0.0345166891399515	0.0246353687525861
0.163756821192743	0.108875773284146
0.234283713697625	0.135588951948784
0.584713362680071	0.379926319520258
-0.376250478197915	0.319939523561622
-0.224283721636834	0.149230159915673
1.1124541585777	0.937564150996836
-0.224363956956832	0.149288353019299
-0.100711867297307	0.053558502180433
-0.171733333748742	0.102903938585626
1.47058689524518	1.75573237224483
0.399230110296901	0.261085519924935
-0.413944578834918	0.321010097492682
-0.285030319307596	0.186329206529657
0.276580329693046	0.19344851355763
-0.348089349843465	0.320058529456619
-0.0630031144954321	0.0444577593040867
-0.0760508511526107	0.0473733456090217
-0.358601625161616	0.230018412531975
0.163628004413102	0.108832428913685
0.286120460960842	0.211291518392634
-0.31479876138457	0.180378411709713
0.6070937235966	0.368145307451031
-0.0759901648345779	0.0473452882734231
0.0585479424400123	0.0369907265993461
-0.0627172119943085	0.0442519005246114
-0.224416920480156	0.149326489856746
-0.487926027844499	0.372936078675696
-0.352040492772184	0.276727993449681
-0.0092989972767643	0.00670311626724545
0.104896410612126	0.0741403678084016
-0.500118559427531	0.415771278001896
-0.00657026808094862	0.00366649300398857
-0.119545471464112	0.0730778713492053
-1.1582097880594	1.47559568139221
-0.577230214253215	0.434394367482049
0.399652725365107	0.309677096898813
0.0185929124001953	0.0125107041320055
-0.0628443723055432	0.0443379961901513
-0.66556275039236	0.583815130524904
0.116102953172386	0.0679912860425303
-0.217517602207641	0.161171641212651
0.769650330598824	0.713292319767363
0.396111062600139	0.226300322457463
0.155688372465746	0.126852228931337
0.18142044331366	0.127703356871127
-1.01084099333436	1.04628417682407
-0.85235235414452	0.785514109137052
0.399452705761677	0.245117872994277
0.399482601711874	0.309510248663981
0.0185872421154951	0.0125071736730892
-0.665584753500923	0.583875515619935
-0.825313591982397	0.599686009158765
0.804043307590794	0.71233864047186
-0.217345378121757	0.161022659194176
-0.376235869976446	0.319833731121493
-0.577016417499633	0.434301298369839
0.211827445314614	0.113815124257299
0.0586109535655877	0.0370290854361946
-1.83928542687321	1.75973110046113
-1.74028461006259	1.57438206085307
0.861075251697033	1.03522058427646
-0.0945333205447328	0.0658544647941624
0.196423067321074	0.145640892642317
-0.413982629671486	0.321139429957632
0.584751571128831	0.379962887188801
-0.889873267452747	0.758353213221804
-0.119705907888689	0.0731644759949217
0.522254066330468	0.423767227511228
0.0854383045207526	0.0465802469141466
0.399347543067605	0.293399579549052
0.838258247423362	0.876693510115728
0.116345045748615	0.0681537780773569
0.635374287864194	0.564629028837333
-0.212757121541721	0.172612736206995
-0.265483188904491	0.194066813915525
-0.171961096389896	0.103053583967166
-0.265589962111222	0.194147290259864
0.735688087848313	0.881792986368178
0.635607706846829	0.565062488780271
1.03223474756332	0.911370242557373
-1.0675179913994	1.02948100786859
0.898518839798478	0.723517076998338
-1.66988614542307	1.12078292058025
-1.62740652954046	1.68705231449501
-0.413793633721842	0.320969820892725
0.396132754922445	0.226326677718278
-0.461681354266739	0.446990236717597
-0.579090117832204	0.267455039000505
0.929709215444752	1.0459804557593
0.874840284125199	0.879616479175003
0.879266593927695	1.19293123050681
0.779724799912908	0.876137017952781
0.715379835872052	0.720314515791548
0.209845046723334	0.163391547984917
-0.519028056830864	0.499013341752981
-0.568420162491824	0.350045818239286
-0.171854279210956	0.102994903376511
-0.119572665333446	0.0730925935206141
1.72961106873862	2.47024445255642
0.286356264003954	0.211592099352807
0.029009781927305	0.0172044213737388
-0.352019872466604	0.276711013413076
0.399779061948965	0.309753287675347
0.399644873255241	0.325355596262575
-0.897256724889073	0.93991294095813
1.14976227306751	1.42924331145538
-1.3203986392216	1.32463964307793
0.313350055913894	0.278360435053023
0.74030314210166	0.715720631626657
0.116451858679516	0.0682159522077023
-0.413730680333414	0.320888721656759
-0.119545471464112	0.0730778713492053
-0.173834967445948	0.117615183798292
0.196443709515116	0.145674447810183
0.163625358955636	0.108810213526551
-0.389955764282231	0.276364109155234
-0.487714193016348	0.372872010913352
-1.32050443969245	1.32499356923095
-0.390275278597122	0.27644821495357
-0.224230772830144	0.149180058323105
-0.11962432842317	0.0731207776275701
-0.931913195517774	1.09139785801806
-0.939129990442434	0.734614739532522
-0.658681390667943	0.622081457327723
-0.801813740537856	0.848049241128343
-0.48755704918395	0.372503570417674
0.711848749891497	0.546420854556282
-1.04451716750516	0.874839243596844
-0.82433896566657	0.816648580414172
0.929664051724808	1.0459117599615
0.209764225756806	0.163333422516228
-0.648352400032634	0.696186535969026
0.141998448683475	0.0888256576774279
-0.173750001371629	0.117554131790799
0.286419390851797	0.211652533237129
0.399386028153076	0.325086537887935
0.929639351755774	1.04571563603253
0.845900177389557	0.715055557737215
-0.265659552066275	0.194200980313433
-0.00637557637037879	0.00355970996600095
0.0289038193280555	0.0171413780587822
0.286501692822054	0.211716469912503
-1.14895269330486	1.17240448559064
-0.747095877423647	0.697717017964945
0.804052727722994	0.712385443173546
-0.131385268041818	0.0902783674300096
0.917385739851407	0.884686342578039
1.61929379610612	1.66848223652305
0.276609133537466	0.193488659541977
0.250829565904853	0.155311776681559
0.276634861834895	0.193514161038662
0.779785323019797	0.876278188632412
0.564444903908369	0.389524229896583
-2.0585516765396	2.79248735771787
-0.573069444667283	0.392154228921532
0.0186131411471097	0.0125249060305687
-0.487688538815458	0.372809546750251
0.221482429232748	0.180526925760338
-0.395482707086432	0.361039862958492
1.09685974205195	1.40781389017121
0.294431587015065	0.228916033996534
-0.358732662393978	0.230114354749903
0.740687118887036	0.716362062194478
-0.579274580544113	0.475386205460311
-0.422342376725643	0.236676559474934
-0.766201114478335	0.66270873611259
0.0289840778068076	0.0171894330672799
0.142077308944848	0.0888624360218098
0.564257720096497	0.38949350224345
-0.648373842169701	0.696240291814015
0.564339939851966	0.389626426333852
0.0584629558579508	0.0369341675612139
0.142078665577231	0.0888764959093391
0.512909913035259	0.436711637663413
-0.212728154709746	0.172597522843799
-0.791982672273346	0.630647826107759
-0.499926688749638	0.415639761064649
0.0833763555440825	0.0558371249873706
-0.967294616180985	1.06821640467112
0.141812133034718	0.0886832257263414
0.264574648130701	0.174478236700459
-0.119466645047769	0.0730195618404143
0.398872373781685	0.277094868971369
0.711756192821373	0.546272322571263
-0.578896869288195	0.474539500887425
-0.472084972467567	0.329086525090447
0.181399908429285	0.127687118867493
-0.472214977594307	0.329105137833627
1.12004912445394	1.25651333262781
0.399535611406082	0.245209094708849
0.564137604557153	0.38945059624571
0.264634988622785	0.174528423682581
-0.139591296538509	0.105804734317361
0.264588433083303	0.174461165469055
0.617901168827773	0.573807956747206
0.234217042819429	0.135554715301903
-0.524970000529164	0.537568009744887
0.621456729124603	0.76470435703081
-0.939143234552252	0.734645723530448
0.294862597370263	0.229195589037083
-1.00950067227012	0.71944848988664
-0.766359856860222	0.662954716710527
0.234045106137132	0.135412255558396
-0.0760508511526107	0.0473733456090217
0.75090690912795	0.546464500138251
-0.825402940083173	0.599705268512402
-0.938735239640749	0.73390564546803
0.740538917793061	0.716312897226207
-0.31504298439335	0.180518434415824
0.497069432703639	0.461426895436883
0.294735209381305	0.22918377192748
-1.32063750941111	1.32518813993376
-0.171877447008978	0.10300836389379
1.04420002855536	0.753745591329173
-0.472108155766521	0.32911275292109
-0.167723743572673	0.0869307434564531
0.779672567232789	0.876021524406456
-0.573043063375869	0.392116283470683
-0.376011104435768	0.319722607956663
0.497236432279839	0.461786244409188
-0.167731464486394	0.0869187079317173
-0.449536287830222	0.282477104716803
-1.22589624035045	1.32032608578155
-0.472122254448979	0.329060173996601
-0.868473343453346	0.967800638443948
-0.674685497193282	0.545475329450318
-0.57940067199644	0.475491171193195
0.0857428988252296	0.0467687674262433
0.0856635463965309	0.0467239502969187
0.286290525771017	0.211533426053093
0.564130014999798	0.389398997481229
1.29790055780199	1.66255279360323
0.806977108402305	0.875863628466965
-1.01104892519336	1.04670851481839
0.0136862656565479	0.0101927797055079
-0.00637557637037879	0.00355970996600095
-0.568533923892215	0.350116156310502
0.399294795229521	0.355404699042029
0.307596321813433	0.262015433656519
-0.674792889721164	0.545690657241514
0.398690755140477	0.276941906629452
-1.23415912452911	1.17009212748614
-0.285067287514914	0.186362204940924
-0.0488357677346139	0.0266327969000951
0.116377143600508	0.0681615225405326
-0.732190934953927	0.732950060175185
0.1051421961865	0.0743009593124288
0.602254894985405	0.582822423289549
-0.224336677934566	0.149274089294747
1.29781874439823	1.66301596808641
-0.732211106486299	0.732994395968385
-0.395461074323923	0.360949861379912
0.399058289087215	0.261066486593233
0.399214271315013	0.293315937795653
0.399698378494952	0.245331839655781
-0.0489803984799141	0.0267132188815541
-0.422342376725643	0.236676559474934
-0.00488584384338446	0.00226550049600557
0.546763550924814	0.399339336091513
-0.119572665333446	0.0730925935206141
-0.173917091531538	0.117682478952323
-0.171937931217338	0.103046922596437
-0.792066289731086	0.630748823283636
0.250592487483807	0.155172004789474
-0.500117645690407	0.41594675017541
-0.581751740738373	0.516604081856749
-0.568404782301551	0.350035267727637
0.128739954381237	0.0571706971446716
-0.23539602597155	0.138035568356171
-3.42043917778846	3.49925171492392
0.264802209253012	0.174630751522979
-0.100801533203036	0.0536027369599788
0.264658266871447	0.174547011346903
0.497169847328083	0.46170089558252
-0.472070889856049	0.329070387884181
0.0858353222994158	0.0468161299105287
0.0478981651999103	0.0241685434406286
-0.852604151174065	0.785927542903538
-0.720021698892733	0.767662450144979
0.399320966654503	0.34043004569733
-0.648373842169701	0.696240291814015
-0.889716083218483	0.758012030530767
-0.176767850527243	0.144609313402564
0.512696027906123	0.436403646127151
0.504679049136557	0.449416783278785
-0.824122030630818	0.81651335162147
-0.173791021253973	0.117590988191062
-0.0945393578382475	0.0658711107151154
0.972550981502203	1.05497512183915
-1.24536955145459	1.02249125178531
0.398797581707142	0.277035673986689
0.71174318182377	0.546254831510538
0.0289568043675961	0.0171732158028847
0.140342264680331	0.109336636793216
0.838237735644331	0.876506062268376
-0.265376414704092	0.193936765237222
0.0186333673940162	0.0125386230495905
-0.89734276186661	0.940076957017963
-0.665521819029769	0.583797970147497
-0.0490594629448469	0.026755104726524
0.968633454978264	0.894672147645549
-0.889813078580762	0.758273976852272
-0.571618661584741	0.312525279780433
-0.285164564145787	0.186407245785783
0.276607594746272	0.193486442141265
0.807125165706237	0.876064091324464
0.398834984692158	0.277080991308156
0.264765162673262	0.174597949426574
0.838167685316824	0.876715975962942
0.373063689449818	0.176309167899013
0.0857027765973263	0.0467289143416183
-0.788455095258988	0.414291169728785
1.03227505489586	0.911263981477454
1.83625949866341	2.16672889832334
1.28503333833898	1.48983474314799
-0.938958711023036	0.734322134192378
0.0584657231335231	0.036938288303298
0.564234976882592	0.389578962842842
0.398797581707142	0.277035673986689
-0.358601625161616	0.230018412531975
-1.78570526318442	2.04238601073378
0.276609133537466	0.193488659541977
0.52260086505857	0.423868437779266
-0.674791434292598	0.545622611509452
0.546816875156251	0.399566848469562
-0.686906702044741	0.508417242046547
-2.81259942697913	2.16615330817919
0.399567666730592	0.309608506043698
0.972273934864723	1.05432678642434
0.656286518481059	0.556786806671946
0.564234976882592	0.389578962842842
0.399669612881777	0.325434377115977
-1.15422715284383	1.32587275256703
-0.0396609179288924	0.0251497068608863
-0.100420022756932	0.0533838408407867
0.512868702446158	0.436656332232589
-0.487608320482119	0.37274814708529
-0.173897970235959	0.117662972860727
-0.389929969887617	0.276359669549728
-0.00638929513398506	0.00356739098780242
0.0585450181420164	0.0369718273369743
-0.746880785015513	0.697457472057385
0.398760164897017	0.276958879297906
0.845873572645785	0.715100082050027
0.0478757935477757	0.0241566119386645
-0.173558094604023	0.117371743278771
-0.235277367771546	0.137916302412677
0.19689856618398	0.146036684228648
0.399649092630306	0.325420637325106
-0.472168616436183	0.329139563619447
0.715486617784834	0.720467348802245
-0.1738760053631	0.117653995479651
1.34301570388066	1.01445552987221
-0.391724305318784	0.191524028484181
1.03214221452611	0.911241377499726
-0.0393365030093654	0.0249446561305499
-0.260579855127371	0.131555960501043
0.874458616787187	0.878939544559931
-0.413689766564485	0.320820924954667
-0.173812992051245	0.117606196781948
0.898429094995836	0.72345739395091
-0.391828951569218	0.191518019745526
-0.48773985319078	0.372891051623747
-1.23450649431983	1.17066069656251
0.584675168308242	0.379860425930649
-0.0759270521319743	0.0473049630283594
0.892924391191014	1.03948064254719
-0.100524984420176	0.0534573894442428
0.234209408113983	0.135557017197127
-1.4018007776737	1.0507394544735
-0.573161765273624	0.392176229876356
-0.579422604835936	0.475506520812133
-0.0486779129594599	0.0265406888410703
-0.29877351514744	0.237589613695921
0.973936237103987	1.21043108506723
1.56253130408496	1.98777847903797
-0.00844394019625501	0.0054410827867448
-0.0946461025916477	0.065946218902393
0.0855972236079637	0.0466817565088722
0.769623073931675	0.713199877922648
0.617592996401604	0.573602115923189
0.181613445559147	0.127807193290523
1.1124834169686	0.937505053006876
-0.034610477668306	0.0247004503221773
1.56250404159364	1.98802014396223
1.18705883143038	1.28247683048444
-0.285294767919262	0.186474013246493
-0.573135403447075	0.392220170007954
-0.0628036961608441	0.0443159983603137
-0.0490327681648237	0.0267369195294689
-0.174065180927794	0.117772475330616
0.750842858445568	0.546344713229705
0.264755643837087	0.174602748105253
0.656098836707982	0.556370497555478
-0.389904182000159	0.276324804610237
0.396111062600139	0.226300322457463
-0.235237583424851	0.13791980571296
0.196767667011899	0.145959372103871
-1.40178047258965	1.05066848132629
0.399583361571094	0.325359390748264
1.05636969913488	0.549855793811326
-0.825119323641709	0.599193489684866
-1.54128630833344	1.51559465425464
-0.581686252519767	0.51655310567462
0.533329532533883	0.411241844029059
0.892750993039911	1.03908079661019
-0.571731700161253	0.312583492623591
0.504350812989721	0.449078774837608
-0.66555976774528	0.583288726426246
-0.314905683790335	0.180488007236133
0.286334355858973	0.211582312059847
-0.00469172861944419	0.00217379346282996
-0.00486435955028876	0.00225474722485634
0.264597924244184	0.174496820223054
0.401511262723611	0.41591420151588
1.34316444194402	1.01510003139785
0.85276529812906	0.546766261298029
1.03240671571427	0.911297550919524
-0.285007010964892	0.186314582604357
-0.702000315358475	0.471069360153076
-1.23403894024806	1.16939331640454
-0.433377570416675	0.364671188064075
-0.701931635787829	0.4711048335323
-0.173812992051245	0.117606196781948
-0.22431100092233	0.149244423954331
-0.0760120659596625	0.0473565155075544
-0.11951965129848	0.073057555006467
-0.167806752329096	0.0869693039478201
-0.413793633721842	0.320969820892725
-0.351913073834168	0.276585444919164
-0.674659755958964	0.545452715371539
-0.0082303190676378	0.00530493174834557
0.602214265983302	0.582821561060711
0.0858883652709848	0.0468433639331458
-0.0392257806238344	0.024871844928722
0.058443790022945	0.0369248768508539
-0.583907281167518	0.556785228404916
0.141918226728449	0.0887664170461289
0.606653110878273	0.367855821635787
-1.3204787748606	1.32492339350812
0.399108153609376	0.293188629141589
0.0480276212667614	0.0242276397887854
-1.51151931630602	0.92801396381259
1.36837342604012	1.36380080845913
-0.472047704335293	0.329071112036136
-0.00653322317101659	0.0036465042430468
-0.500117645690407	0.41594675017541
-0.472084972467567	0.329086525090447
0.0478374739349464	0.0241360072493468
-0.766440085400675	0.663088444368722
0.128504583636049	0.0570536698492632
-0.285127572665304	0.18640202474893
-0.573161765273624	0.392176229876356
0.116391353791918	0.0681832637592717
0.398728165319106	0.276971181700825
-0.449544062178421	0.282531156107745
0.546816875156251	0.399566848469562
-0.119465260841818	0.0730241295804546
0.399162523031104	0.293209725381699
0.606934254365584	0.368046449019147
-0.358759464822714	0.230124373095012
-0.22431100092233	0.149244423954331
-0.422428119128095	0.236719234912365
-0.877107195262802	0.577129826927392
0.178221803522451	0.087859016655947
1.89230437179661	1.63181515054755
0.512805552548228	0.436584476041026
0.399427529686834	0.355501012739803
-0.119545471464112	0.0730778713492053
-0.577063067083383	0.43440075790853
0.606761084387309	0.367905172141757
0.584729428763778	0.379865866604109
0.11614924186535	0.0680207405035995
-0.224256440322004	0.149207271874944
-0.472061788963516	0.329033357464412
-0.314974334266225	0.180517382779914
0.838167685316824	0.876715975962942
-0.449649024133895	0.282626986880979
-0.701962072171393	0.471087613431695
-0.167647468271265	0.0868700825002316
-0.0345672803212532	0.0246719424286902
0.898346864870289	0.72334506195932
-0.577183574521148	0.434451128606611
0.845913474208575	0.71496687423092
-0.583448964620976	0.555999556508029
0.656419821809539	0.556877278723426
0.399493311157774	0.340648530554729
0.163457954905026	0.108715810889068
0.21178923311276	0.113786657240428
-0.176184863160094	0.132126540681321
0.0584409984340268	0.036915350809846
-0.571438507774477	0.312330254718005
-0.981479785154668	0.891095845361931
0.0857428988252296	0.0467687674262433
0.25069825731129	0.155248653610278
-0.674873072019471	0.545745098121915
0.0854383045207526	0.0465802469141466
0.212017051826653	0.113863443541154
0.564414409634204	0.389702848742374
0.399161216342137	0.293259882473176
0.796499407903853	0.546409161577071
0.750918451769797	0.546500400749536
0.276848350309234	0.1936137932097
-0.00482134538163185	0.00223622028267589
1.24620067955331	1.14596412600775
-1.04437342022381	0.87478702664477
0.715466063578997	0.720455500194939
-0.433205412351035	0.364538367085565
-0.572977137866887	0.392068629563688
0.399589521954357	0.309615387563153
0.0480050835828071	0.0242224684999677
-0.583636924635999	0.556358015247193
0.564234976882592	0.389578962842842
0.286416693814867	0.211645171973911
0.399553130100988	0.245216534651606
-0.852371276659045	0.785502406310806
-0.224283721636834	0.149230159915673
-0.285030319307596	0.186329206529657
0.116368199676192	0.0681703696479722
-0.413771642413338	0.320922388670942
-0.00644961089764576	0.00360056110007621
0.211865671605164	0.113835246684773
0.0859277319671003	0.0468578545566706
-0.391246652475677	0.191209210716848
-1.27032283110676	0.884788987516767
-0.487581032377036	0.372727958048912
0.546869310078337	0.399571689674323
0.25077730949292	0.155295680303515
0.0479668102951513	0.0242035155870716
-0.358667111251907	0.23008064430689
-0.389849774073474	0.276267896625035
-0.265331425625766	0.193898436806191
1.12032416462092	1.25778427019312
-1.00951606416	0.719470647168065
-0.792005881270846	0.630719515069575
-0.0064125873499607	0.00358029417270733
1.36209942212886	1.19724209000592
0.399161216342137	0.293259882473176
-1.06764935472228	1.02971956899807
-0.573201430999483	0.392228605869892
0.584721353956748	0.379925831477889
-1.1541618858415	1.32585418247166
-2.17327227751319	1.89457926457076
-0.791908305713741	0.630579329942369
-0.358588196149511	0.23002237558786
-2.06190930501356	1.69803791500244
-0.17389514636938	0.117661309424927
0.178661665260978	0.0880903270670572
-1.04454424783783	0.875037302287801
-0.0787197888754788	0.035331436723466
-0.732021846522536	0.441299012127764
0.276769665790048	0.193574108933326
-1.14254035383804	1.02052276315938
-0.285067287514914	0.186362204940924
-0.82503796297973	0.599333001659143
-0.701862955864654	0.471051609861451
-0.701954205111435	0.470997917343372
-0.877063949356056	0.577066528922155
-0.171770631410099	0.102932060208856
0.512679185136285	0.436374121324942
-0.17381013832956	0.117590207916173
1.02233124403325	1.0664180482969
0.398806889390494	0.260867793545225
-0.253081360855656	0.203407265235028
0.838229091966295	0.876744684196254
-0.224258052383295	0.149194322465968
-0.22428211378869	0.149219672599838
0.141971261916633	0.0888023742952421
0.196550516671539	0.145785143711548
-0.674924616313003	0.545765523362656
-0.265376414704092	0.193936765237222
-0.58341811647111	0.555952263743497
-0.0759901648345779	0.0473452882734231
-0.823991306393046	0.816234952867646
-0.0627426994895185	0.0442696687365672
-0.487765519305277	0.372868506449094
0.740431973094889	0.716178523874069
0.294628424596357	0.22910263100957
-0.0082716539685023	0.00533164399155396
-1.52275930550516	1.22110242110204
0.264672040453276	0.174541981042422
0.740453857154362	0.716208123014226
-0.217452189601796	0.161116070471731
-0.285104268291679	0.18637524470887
-0.322285324910253	0.232109055262902
0.656392640007597	0.556873595673821
-0.577146638675989	0.434429840249087
0.606746759712527	0.367950501034703
0.142105856690795	0.0888908050395115
-0.00469223554792906	0.00217704265702508
-0.766441749899156	0.663094658546721
-0.57940067199644	0.475491171193195
0.123595155527709	0.0918402169438805
0.929684580016654	1.0459429370416
-0.0627578962701626	0.0442776535301888
0.0137144493684801	0.0102132074711851
-1.24528052059392	1.02247485915243
0.232367005804695	0.197795746955841
1.15013402987552	0.774255798157072
0.398843860295895	0.276996755374862
0.142105856690795	0.0888908050395115
0.211887954999951	0.113856287486724
0.399190814322264	0.261121611043745
0.711848749891497	0.546420854556282
-0.265593879861676	0.194154362331262
0.398754730503701	0.260741692211573
-0.571438507774477	0.312330254718005
-0.449559643029099	0.282553005776485
0.917331391346003	0.884513381069642
0.512739851557972	0.436540967621389
-0.265459125028156	0.194020144001008
-0.115253167729569	0.0955799432249785
-1.01092584208787	1.04646478757565
0.196595378439059	0.145823539637778
0.681065128684954	0.550417910328223
0.141998448683475	0.0888256576774279
0.504375390870268	0.449122629618846
0.28633168863619	0.211553497560757
-0.31487529078185	0.180469531977314
0.181379368412242	0.127665175422185
0.512781049904591	0.43655611193485
0.398819918961831	0.260856352026993
-0.0759270521319743	0.0473049630283594
0.898346864870289	0.72334506195932
-0.825142928248916	0.599571444913089
0.80703898975451	0.876068893169666
-0.235316786021102	0.137981180349472
-0.139764988393575	0.105952444505199
-0.285067287514914	0.186362204940924
0.0289038193280555	0.0171413780587822
-0.487686905437284	0.372851819278413
-0.10062225280412	0.0535115969827204
-0.50009704051959	0.41591664999723
0.116414508098209	0.0681924531426653
0.15540617890758	0.126562701941099
0.0636220598264796	0.0473393763594907
-0.265528231091648	0.194101021679468
-0.375990847869845	0.319678207050162
0.181445038128079	0.127712516882967
0.123573244183589	0.0918161057288017
0.264611710694309	0.174500278389277
0.141812133034718	0.0886832257263414
0.396068108708119	0.226269963646636
-0.0488746227041933	0.0266519956042316
-0.075907813506897	0.0472827433707429
-0.00644961089764576	0.00360056110007621
0.234306721965948	0.135608476227016
0.128975937783999	0.0572771124689474
0.250565790427977	0.15510859390563
-0.100711867297307	0.053558502180433
-1.00953121808198	0.719538579271265
-0.686643295235763	0.50818911175335
-0.100645361637977	0.0534959256028132
0.398858126103384	0.277086879421163
0.917440096388044	0.88467261828141
0.6563136995897	0.556790487890074
0.485710913369768	0.487197770356508
1.36212176168975	1.19709085061033
0.635500789536153	0.564914880949432
-0.0946522302866836	0.0659502880843956
0.0587588982043693	0.0371157182922885
-0.89005388557204	0.758387165212466
-0.119545471464112	0.0730778713492053
0.0289038193280555	0.0171413780587822
-1.44906962486651	1.34643416861096
-0.2988802591657	0.237699342993491
0.803992347414343	0.712287188803804
0.399241455715525	0.293334087412803
0.546830196927245	0.399558804431895
-0.358482443566859	0.22990725334661
-0.76630861954926	0.662972643880192
-0.487845771110902	0.372924017983754
0.399267318521548	0.293356816796475
-0.094605844788756	0.0659202457636271
-0.422277886081322	0.236628606264027
-0.131233499060858	0.0901795833894835
0.250500056767619	0.155083394711135
-0.825240015986526	0.599593248021543
0.116102953172386	0.0679912860425303
-0.171747460792849	0.102905455652846
0.602061452553838	0.582542601756733
-1.32058459013928	1.32515716760403
-0.573386218971462	0.392297574695439
0.584713362680071	0.379926319520258
1.56250255892733	1.98792082831474
0.84596605132746	0.715188219408872
0.234299063326123	0.135610764338717
-0.389875558702191	0.27626357840334
0.181136950513096	0.127448442929082
-0.131164345483986	0.0901048674294726
-5.43159598315688	3.68031837269717
0.806839272418555	0.875738642983419
0.656340882707527	0.556764329453062
0.0423743719128558	0.0300283189520027
0.313588247201112	0.278638815365685
-1.35099453460357	1.18251242155464
0.25061916968494	0.155193208312974
-0.00654276926370439	0.00365105635225601
-0.449649024133895	0.282626986880979
-1.74038958465519	1.5741743323275
0.264597924244184	0.174496820223054
-0.217562355222036	0.161209704519002
-0.235145247146307	0.137839576861201
-0.299065585223099	0.23780316280224
-0.653470079228765	0.659845262382997
0.750925784738589	0.546494659096437
0.142213266338618	0.0889328635497326
0.588609312949762	0.591794789980308
0.658537797033408	0.737977904459406
0.399781507754406	0.309644698585756
-0.212699182290585	0.172574668852142
0.27644858156017	0.19332892779995
-0.260329029925159	0.131417764875266
-0.100517289863626	0.0534489339909363
0.681293034901226	0.550472011957838
-0.701794275583271	0.470910260347338
0.0585095755545588	0.0369601105326503
-0.175787114989996	0.13176678130629
0.123674656816457	0.0918937013374788
-0.22446989148558	0.149358942874387
-0.100786276740608	0.0535895907139736
0.635435234092424	0.564601883477342
0.892771034978376	1.03908907644044
0.874650622700453	0.879529294170625
0.606559527610197	0.367723081536763
0.917358564596241	0.884624051510388
-0.390008771037508	0.276395178397817
0.286479743931269	0.211687013027323
1.03228811396477	0.911373667372357
-0.674898840923898	0.545790922920221
-1.00955415243895	0.719594277702576
0.564152751246519	0.389471809180536
0.399558829422796	0.340706732944273
0.917493168960845	0.884712128619311
0.711994689914987	0.546635957220775
-0.658530067798008	0.621800727696444
0.769624558410942	0.71323243362851
-0.0757570437027667	0.0471897109394555
1.9338951300233	2.42639157705338
0.0289038193280555	0.0171413780587822
-0.167844965554481	0.0869955704368866
0.25077730949292	0.155295680303515
0.546751032897838	0.399472875834704
0.522308594802782	0.423805684617425
0.80381387430987	0.71165593700688
-0.0393570556733211	0.0249591729553041
-0.934162037182027	0.914062389811693
-0.686893252102377	0.508419637507065
-0.389902765292212	0.276321754862654
-0.766388829064612	0.663040642355053
-1.43525563230031	1.78638599536423
0.264839243230254	0.174643300198965
0.396111644177902	0.226268937832337
-0.449559643029099	0.282553005776485
-0.686841322231433	0.508319933207446
0.804043307590794	0.71233864047186
-0.981585673520559	0.891246435034977
0.276660584190188	0.193521158081898
-0.265438197847895	0.194015088063721
-0.665502969254937	0.58368145739329
0.806645811593818	0.875060253913846
0.952560363442136	1.51364262550092
-0.17381013832956	0.117590207916173
0.769785136813603	0.71341704442789
-0.766385484423359	0.662801208362155
0.294497222084847	0.22898750613545
0.681073955458979	0.550371904052352
-0.00836133478791172	0.0053885285890878
-0.500293865375713	0.416087006797925
0.163375341456331	0.108646663640686
0.286142366491745	0.211344733670162
0.250684905061533	0.155242539654961
-0.701893398829885	0.471060653765222
-0.389984373105749	0.276377432670347
0.0290113532844415	0.0172048544907705
0.769810889993383	0.71345620863575
-0.581403823532906	0.516126708401032
0.399240135763075	0.293323481760192
-0.658856639279355	0.622339256267809
0.0422512984959232	0.0299384082845543
0.490914328376148	0.474220464313848
0.399150751853282	0.261073049530733
0.693577076250364	0.724997239271892
-0.224205111346259	0.149137272516056
1.24618551739008	1.14622526380948
0.602214265983302	0.582821561060711
0.804196729548054	0.712377530199034
-0.747120304688391	0.69740892838338
0.399428150539116	0.37025299028889
0.656393948036414	0.55682550587557
0.512783656817325	0.436590549581065
0.804043307590794	0.71233864047186
-0.172021587424904	0.103087776800566
1.52772243101706	1.06654333577132
1.23083846524731	1.6272154181189
0.399400575084859	0.293405127117493
-5.64613986612473	4.16098982095196
-0.854013478203115	1.16152117410541
0.163499186639607	0.108735858602432
0.740412532926917	0.716052689303468
1.18705883143038	1.28247683048444
0.715617930621586	0.720536934995111
0.617745053337773	0.573829512967194
0.898444264260743	0.723439633854202
-0.171807943033785	0.102948482806925
0.211918251717271	0.113865661807845
0.294365929437765	0.22883515643762
0.163669198809145	0.108853324515277
0.52230708112406	0.423835271535181
1.06393570053701	1.23852577601073
-0.0757351241842837	0.0471715022586644
-0.487528107083404	0.372641556643944
0.209911426831079	0.163446521346098
1.28503629380814	1.48969852742977
