x	y
0.343503298470192	0.389101395262154
-0.32572966785069	0.320383693131422
-0.256348307058145	0.25399692966973
-0.540068481209397	0.680982934189129
-0.719812053847761	0.767645000664507
-0.0783678851086653	0.0605111151387337
0.0636040756329014	0.0473229491269114
0.474905545672654	0.527906950390718
0.979701584287506	1.52128274444891
1.00952657793021	1.53020541444196
0.204094058513265	0.194592896859649
-0.221700515438743	0.233325713064781
0.315755528750182	0.427616577141878
0.0137918132745716	0.010270513168344
-0.199507265005024	0.198897546463418
0.454068817221825	0.642680551828622
-0.0435046699568754	0.0366469952478127
-0.453596197291366	0.547888987690214
1.3079203140791	1.83340984956378
-1.47865999274628	1.64721230287626
0.343240526640787	0.388817996176631
-0.539734827365774	0.680234047316382
-0.212836679013103	0.172663612798765
0.251221887971003	0.231740571177969
-0.22665387867919	0.225307016330765
0.00947851219913131	0.00825460687277902
0.297975993973338	0.354607096932424
0.169080171714779	0.191720036175035
-0.674892893541255	1.28216195335832
0.407090808934926	0.627725439206664
0.0203634814165642	0.019519787900762
0.575975225992956	1.03055774668455
0.162188947607895	0.198859311316706
-0.350989169331243	0.466624273998661
0.664496715777963	1.08048106906524
-0.199755663546807	0.199151836250858
0.551478690835413	0.635805604810437
-0.175456191047136	0.1545990561565
0.0332306655246252	0.0328803153465976
0.30767014945629	0.262152188495059
0.894039008664672	1.34967520306531
0.0848660474607214	0.0822692382102805
0.40378322794881	0.473985970220051
-0.256376302003919	0.253950888333678
-0.174938563954338	0.164705117654176
0.333372539330761	0.343789014195898
-0.267795798326504	0.249008674577323
0.193744835448829	0.178154828775521
-0.097685640430204	0.0872459155896217
-0.372142664707986	0.429896515557813
-0.19671209960942	0.21911611335438
-0.105330263319576	0.100206380213774
0.506055415093153	0.738259681261681
-0.0224333626877924	0.0203614075866338
-0.176179613340478	0.196572767458888
-0.422932072212137	0.609758591908344
0.279550640267953	0.296034873246134
-0.533252624865484	0.61017475413072
-0.212554748859366	0.172385364347825
0.142104496445826	0.0888857228357281
0.350157520480448	0.431058189479976
-1.1610060246605	1.76111659582755
-1.08445219983833	1.18435363304479
0.0991439835194735	0.0903534202372394
-0.212662796648398	0.172506211639555
-0.0436732880804747	0.0368018471122253
-0.649359109915498	1.15747696827704
0.454541386615436	0.885412924994043
-0.156584678686952	0.183374372710636
0.0554718058748928	0.0617042396690813
0.278185172022081	0.374510282774262
-0.225869182017494	0.344710611827825
-0.288703218153894	0.430084122398305
0.10670452478031	0.110092858475131
-0.0357781840707583	0.0344843755754448
-0.0516039823808254	0.0496061206712915
-0.53980876271202	0.680605270681626
0.632049244238129	0.754646460526412
-0.175456191047136	0.1545990561565
0.241850809713146	0.270125000669144
-0.0437996256964588	0.0369081094972077
0.481451554840224	0.50060375747627
-0.152517737995538	0.153018299574398
0.100246521231571	0.0815829812641007
0.0848910630434071	0.0822909793321085
0.404009507468435	0.514420936914864
-0.584845630895098	0.701564939053238
0.945725400343117	1.35832181136802
0.221621735386052	0.225945681988635
-0.638785167148522	0.764139415462275
0.336961732404323	0.359078807173167
-0.406558627579776	0.468667743690928
-0.490198798901728	0.761934987320386
0.0570147751387229	0.0599875737222407
-0.509593155555009	0.703141452724465
-0.0902685886412064	0.10564888813069
-0.218673215496195	0.243063328136122
0.131306609988048	0.180604134563518
-0.804485987553906	1.04892001500168
-0.775361070412277	1.10373697196638
-0.326131035211886	0.279864901535083
-0.322117960194991	0.23199093386192
0.0896555983836704	0.103004920119077
-0.634955108049051	0.797168919655655
1.62580984680731	3.81997733715535
-0.225797210558606	0.28851516817018
-0.202642550017203	0.190055410798404
-0.48153858425077	0.693176553344051
0.176985297829414	0.206405023629969
0.23581222261375	0.376781209071541
0.326403455372389	0.475535364257083
0.273308309749527	0.358808567381779
-0.524325916591185	0.874838043157992
0.145459822975396	0.196409360884885
0.169476987378557	0.289157699689559
0.487649391836362	0.990214934427309
-0.211215400984533	0.258546492298988
0.170712338366885	0.215077144676466
-0.305836931473833	0.282943420461843
-0.413897638138578	0.321047365091402
0.209738258855914	0.163314651146803
-0.253260832891628	0.309569090717913
0.213074816960202	0.250065201740217
0.220269236899229	0.301107201715619
0.253278426804628	0.29926538052673
0.345880526317691	0.40322191951416
0.830462671068369	1.49144200419282
0.735154044857087	1.20342767878045
0.258327639283595	0.313469181755242
-0.00660260182904368	0.00561384296426216
-0.417370332524893	0.505000565195688
-0.196607109849859	0.218963195254645
0.40367457623411	0.473715713653378
0.711131431116528	1.21205194444814
-0.222149139644594	0.233928307804521
0.203914535259565	0.194403201903386
0.312160679607614	0.412260894845618
-0.676990482599074	0.927505433719103
0.117014737848547	0.12444492792619
-0.051706659451964	0.0496931721812784
0.36379101529444	0.532660295931405
-0.366038657195195	0.358403550771101
0.209738258855914	0.163314651146803
0.512973007274193	0.436736128367523
0.399847868994404	0.385251986408259
0.0120045218255738	0.00973301021484935
0.404685891829904	0.582305926715802
0.0963915502758064	0.0964810898588625
0.130500647515799	0.115123077797756
0.0238459206313836	0.0214944217923923
1.31638551017693	3.13097088233732
0.462280369486617	0.592875446366668
-0.495453605763053	0.826193030115076
-0.240595096157339	0.344566225300682
0.122954399638531	0.119908035513162
-0.22192881022533	0.233665062359115
-0.546008666358494	0.752067245532898
-0.361526776001349	0.5012301106015
-0.395504589918957	0.570246499576294
0.664260991656219	1.07952274831333
-0.753953208873544	1.16293828498336
0.302192307287869	0.459644371145176
0.130656745627781	0.115279767361235
-0.32230722459072	0.232131766985263
0.267006765581048	0.264799544868721
-0.253218415614507	0.309477180600021
0.174960411512422	0.177278108829986
0.715495298321221	1.37715886083337
-0.444581193759755	0.615003545628662
0.32691128521321	0.47626072954108
-0.453704699026737	0.547962550346864
-0.513851629077727	0.738573906651174
-0.149580891301816	0.141345279274508
-0.12618258629453	0.11957581492052
-0.149475385894762	0.141219427089201
0.633171446999456	0.936973357609603
-0.267530046089027	0.248650599238532
0.00935634694139593	0.00814821203868406
0.251445967614312	0.231966311182712
-0.414909817702462	0.574423032953189
-0.146913413667561	0.130113969916227
-0.289300542264847	0.285664444150953
-0.629273142753579	0.863837448394153
-0.417762576117148	0.505610922255466
-0.17519591208907	0.175240670375805
0.0725834529630542	0.0680638698016981
0.0962196425078546	0.0963027532494863
0.851083341837302	1.34463203813909
0.0454596054181074	0.0397747369671385
-0.175382284594946	0.154534299751699
-0.0570805892876348	0.0514180230707401
0.328804719282866	0.327590813941534
0.116186948481962	0.0985509259289793
0.130832432301781	0.115426406551984
-0.468929594225231	0.620512139714007
-0.0460934783618333	0.0469349285369262
-0.0438875515055727	0.036987086100308
-0.302769323792356	0.403165175645565
-0.248063704771925	0.260474418473516
-0.22663975305784	0.22527948785428
-0.0393316124076107	0.0355692856777632
-0.253263309645286	0.309563189669227
-0.471653157837256	0.485507983448017
-0.585202532174025	0.667354762595377
0.193676278055202	0.178072028838646
0.567261381660294	0.612642492327136
1.07097840743854	1.70936618123556
-0.00820619958532179	0.00528963663095982
-0.267267254666558	0.295565487156896
-0.529604142883641	0.574491896206736
-0.493308651816392	0.594553236642428
0.491165892727871	0.817157649376946
0.199261203269404	0.221105102385975
-0.105411917663647	0.10029056706933
0.346060742645375	0.40348027865159
0.183803755178351	0.192084179063807
-0.366835329152247	0.466674812960557
0.263498226167856	0.328459104473214
0.502445890757691	0.749637605771085
0.143395494560237	0.131266518519611
0.155071496916174	0.147107188300097
-0.66061725328983	1.06145411945063
0.467094069493924	0.567804850338737
0.100312144895036	0.0816481390639939
-0.394568203105752	0.432264681031251
0.294056203923906	0.340360533882784
-1.02123285656891	1.80138165175391
-0.0437048675530404	0.0368299058889819
0.675441823954331	0.907812036948747
0.403031015501229	0.445768361461726
0.642869278833895	0.929952511564377
0.273902690036757	0.280967645873485
0.545279706083846	0.874367919994712
0.688215292003777	0.900561830808657
0.586413172751979	0.802522264647591
-0.677264334230016	0.928090191114707
-0.326583337471507	0.397570752857689
0.279905022515271	0.296491760628585
0.00913606014425721	0.00795525239213286
0.404104748095217	0.541208376884844
0.809200527436237	1.03406717617637
0.674662202060328	1.07333282856076
-0.149669163814531	0.14140215759045
0.0345724338131598	0.0269316463838555
-0.340628618399228	0.394427707138206
0.455802027035949	0.630005062101864
-0.804326530309547	1.04896475137573
-0.375898860066537	0.319579248516025
-0.121176056165151	0.10779424300931
-0.542642852285242	0.715287231110951
-0.149086618819294	0.140696455859321
0.736284455544469	1.04700328113007
0.05314265680127	0.0431861608844416
-0.52261589148591	0.841753801256061
0.174911246637825	0.177186590773996
0.100538198463368	0.0818363604091865
0.464727801268717	0.580412247163163
0.938074904675184	1.20216991940453
-0.631698671845088	0.830014636095026
0.818723351427742	2.00862674281955
-0.339823941387182	0.432831988001288
0.0240528635275534	0.021688367467954
-0.475964967430845	0.657626035968902
0.279578978236224	0.296035615998834
-0.326422493980551	0.397343660741689
0.111804055200688	0.105492573584526
-0.267569610993286	0.341745839555448
0.702213478865445	0.893646188952004
0.27381041514804	0.280806657211561
0.122832088096365	0.119747416635196
-0.500248816324381	0.416075405525705
0.893966552855826	1.34941005589067
-0.585476995480499	0.770808797723403
0.123464934646896	0.0917372677950668
0.945722689306119	1.35835299024805
0.675334943889469	0.907604522414571
0.497029593750547	0.775241729239467
0.496517102242404	0.773737455057277
-0.290187400819456	0.370375821481608
0.0122287018327329	0.00991505475329768
0.213077018541084	0.250045269555712
0.322767647441607	0.458987789694601
-0.258985827001187	0.344846377060823
0.404139786193995	0.514544838859103
0.116841073996455	0.124251327765222
0.213065911296267	0.250042591789964
0.115845009625635	0.133692910259028
0.0596563697132791	0.0540880788338949
0.351790765554756	0.444528368608591
0.16939477018698	0.143983052267716
0.402260589647381	0.430893304567739
-0.146867897844697	0.130055984662593
0.0343877677110528	0.0267791204283842
0.0534100355470067	0.0434012598193503
-0.0765724184299647	0.0686844495114627
0.343377567265316	0.388976897651466
0.361930897964076	0.517494484276718
0.13054244969294	0.115175477403237
0.0853859311831757	0.0750479204611578
-1.03261466036721	1.94552363829264
-0.131691243033492	0.132536622748552
-0.0345383023126104	0.0246510283115759
-0.267733230125316	0.248936346162812
-0.366169586343054	0.358545149018996
0.404090948896756	0.514538181409526
-0.326791751994489	0.434986126625459
0.130611242391762	0.115240452610381
-0.267800957772894	0.248999514416238
-0.0516344115014522	0.0496388462742964
-0.174755916939228	0.164522453662264
0.0450258198048032	0.0393820248249454
-0.0512330358519563	0.0492196468065133
0.399276125177257	0.370104798488858
0.0134311817460726	0.0100000087922977
1.02973605171475	1.98898520775736
-0.267821846486695	0.249036023823126
-0.584880053940775	0.701675985463438
-0.14695151628768	0.13014571170348
0.700739032216658	1.21839325466087
0.523186636052116	0.69364908040927
0.401445608684003	0.415830741307211
0.611701689859048	0.774492802219529
0.130584256440592	0.115211700634149
0.155616454101431	0.126792038920582
-0.120857940087808	0.107495427695879
-0.175207167087434	0.205164704590189
-0.238251566547473	0.316996311125568
-0.0839434894173702	0.0897077242550436
-0.586005598217488	0.805885138164867
0.152404536580213	0.163154324192263
-0.486234460590338	0.727857483787191
0.778194495595009	1.19484124386267
-0.24273160598259	0.211481975851265
-0.351823286685247	0.276549016111137
0.40403393130171	0.514443925254947
0.621657429421025	0.764878624994038
1.45571599104665	2.09534138923645
-0.384646970843662	0.466396297593702
0.140320642456421	0.109318558109356
0.228948839166198	0.240927607910001
0.539010793528653	0.659579784800252
-0.340579455075056	0.394350904977686
-0.387568286701732	0.537098671044886
-0.00686023551827711	0.00583556579850837
0.702551510242251	0.893571618451685
0.474928897554499	0.527996009629959
0.404685891829904	0.582305926715802
0.206167883237216	0.235320269149503
-0.21904162801097	0.243424166525642
-0.498731449584751	0.629857900352934
-0.475824067138339	0.65729737722438
-0.175959639123778	0.196303083631111
-0.584803847820132	0.70151424437011
-0.585358800824498	0.667565437082043
-0.176057844901602	0.132010728367863
-0.052102261350279	0.0405296671642318
-1.30984830514008	2.0491627660375
-0.226699539553403	0.225360577555515
-0.417550800254442	0.505225638805307
-0.690208924184453	0.863824193156789
0.285145497443562	0.311464475339131
0.0533180002692364	0.0433342753763517
0.0379621310508781	0.0354164091422404
-0.854319733220885	1.16175928018039
-0.325526156764688	0.320163004658386
-0.197731644737734	0.208692962407846
0.117243656432175	0.124712236441821
0.0628687115198425	0.0625460598219173
-0.100461991169178	0.107240652962211
0.135825566354097	0.153136438093219
-0.354548495476314	0.430834500671829
-0.354245390615343	0.43032381834165
-0.341020022004794	0.394783786483131
0.333078726114972	0.343428060397071
0.318792031546661	0.294896898581203
-0.00710994526049248	0.00560527956911593
0.399803528478033	0.385285216674402
-0.311487073942261	0.361391825777696
0.085245563840473	0.0749156775923168
0.469624824531005	0.55495845284971
-0.0652008173595393	0.0546735108060617
0.029381760700876	0.0247692390677601
-0.424075712698368	0.438486711997244
-0.343157633610119	0.357220695365842
-0.139613067041843	0.105826997743172
-0.444467238920581	0.614913462831877
-0.267500737158639	0.341631886480541
-0.0243363940075378	0.0206079034628912
0.0379676048095984	0.0354182062523364
-0.326397494114043	0.397296284430337
0.0311884473245054	0.0326466091779848
0.0453026523758465	0.0396414435712206
-0.256206537643487	0.253805656688212
1.19367612359716	1.76823034859287
-0.411355450797932	0.400792253421648
0.298181770077516	0.354859984647417
-0.0782730497905046	0.0604189410155024
1.00891416092781	1.68304442178228
0.116295953547251	0.09866707543367
0.472401648910925	0.54189556293559
0.89396265589057	1.34948668792618
0.289647022000394	0.325786391646691
0.32403250942265	0.311312333460515
-1.08038241178551	1.77110163691069
-0.212821928288408	0.172662498224524
0.399759277014929	0.385246207258478
-0.343036573919669	0.357138816503571
0.209896916714308	0.16343734539218
0.402301856008119	0.430957182553818
0.399384560053957	0.370248260620243
0.55134535853715	0.635609433994092
-0.422607390807063	0.609258058093593
0.273483691666374	0.359037040865292
0.253129362605538	0.299107642070423
0.206201351931234	0.235358906167165
0.219458842815857	0.264613337894954
-0.290961578748261	0.403109496078862
0.289957603962048	0.326188207045137
0.140407610727063	0.10937452324644
0.715379835872052	0.720314515791548
-0.120895854272078	0.107536091816677
-0.543010452545848	0.716245601384942
0.717933980855301	0.887416346257647
-0.366309196703227	0.358756131221572
-0.0763583924741149	0.0684986202663821
-0.221790084388761	0.233466202185513
-0.536619789346546	0.645490318663105
-0.381314867666226	0.395726806820605
-0.340604032825573	0.394395789251074
-0.358333623641549	0.393505032559237
0.100514994113094	0.0818204172352024
-0.0436101390160459	0.0367427909931947
-0.276762278838592	0.289829439158008
-0.078334533109896	0.0604829341481614
-0.63497914806007	0.797247926350976
-0.413875672465274	0.320977131804376
-0.721211008748966	1.02879133284251
0.267231638949746	0.265097676846063
-0.207788621124508	0.182014921741762
0.735643667417526	0.881907989499645
-0.366148519239319	0.358565669767389
-0.0628901849100043	0.0443770327536683
-0.121012890087549	0.107625107096703
-0.51881838873911	0.498851242281547
0.402965925777583	0.445687657832502
0.402346094852607	0.431015237776848
0.399720607549941	0.385193537883879
-0.417321055923688	0.504825055148472
0.107048646766618	0.110492014304629
0.0852314581723287	0.0749003376897032
0.122937910898587	0.119882434929787
-0.215130845419804	0.251380612379564
-0.0863160745673118	0.0824020460998992
0.68828613878631	0.900404992648911
-0.53301321132025	0.609396454162905
-1.45945219709261	2.08387215052735
0.182156286592536	0.161191707114877
0.30503926025617	0.3827805446545
0.0533982932933146	0.0434033132464598
-0.766960511410826	0.910003387790672
0.752142838040245	1.04338505565756
0.0990526380634277	0.090258427776124
1.06317301611871	1.85874954908939
1.44042774216416	2.93227918975548
0.0344788534230934	0.0268556024563755
0.0343877677110528	0.0267791204283842
-0.643493915988814	0.730929768371253
0.3132772866988	0.27840878870001
0.267273435232178	0.265107002303226
-0.0783064405340409	0.0604521962801017
0.130611242391762	0.115240452610381
0.193638082910966	0.178030044906035
0.400622053549678	0.400610756240387
0.251154274345585	0.231642283783742
0.307475466911889	0.261977270077148
1.27248163114907	2.13740613241228
0.938103796741132	1.20214854372511
-0.0437048675530404	0.0368299058889819
-0.424114659265007	0.438474036713751
0.0854457241981349	0.0751057605227102
-0.325664907476712	0.320310629247246
0.116458258576565	0.0987980709872329
0.0533297246497922	0.0433464671403058
-0.149672206815678	0.141433602555012
-0.198073704014908	0.209082249279949
0.183738583917295	0.192087453205581
0.403623493046071	0.460292248295069
0.253278426804628	0.29926538052673
-0.754376165519696	1.16364162080059
-0.039201130894331	0.0354529637042722
0.359157304654536	0.501383691476064
-0.290342867775248	0.370631219690348
0.309203374262209	0.397989422955631
-0.0683686407997026	0.0655186697422224
-0.729842279701032	0.998122387966076
-0.486543906937371	0.558232226816346
0.290088528227875	0.326327514566513
0.0345256255596464	0.0268948341119332
0.313385838919855	0.278533200072954
0.0829210395801335	0.0646132020433446
0.0852945754369141	0.0749565985728255
-0.585140275157399	0.770315884588296
0.116481901155024	0.0988079581463537
-0.175500413497461	0.154654417860379
0.0635750301668646	0.0472982104906535
-0.226762605147829	0.225414612672736
-0.0567615273362706	0.0511099763908102
0.100536227103877	0.0818344636675976
0.748517773036774	1.20001382868006
-0.176750797813482	0.144586858693941
0.0701753778978731	0.0593719172349382
0.644526786197403	0.74617875867186
0.15553908074406	0.126718473093623
0.538820346711536	0.659288417848483
0.313226677352076	0.278345815789874
0.221453541794974	0.180496855805387
-0.529633783407414	0.574368413155145
-0.0947327176649978	0.0660018646610106
0.104983037818287	0.0742023474051644
-0.783002722042267	0.879174038283977
0.251428828532682	0.231840167172291
1.05094090372372	1.38974509840069
0.169495084464317	0.144072737318979
-0.479663413416528	0.522141965993669
0.252963259578487	0.298847761722222
0.30150969784089	0.368488699430769
0.160761053961029	0.177138481375981
-0.068338120972796	0.0654895770835454
0.701070877767873	1.21889583154652
-0.198057028396444	0.209121869618611
0.232161781198826	0.295286492424963
0.111607509974855	0.105291557384637
-0.453322312125526	0.547309265333638
-0.22640814430071	0.22495993460764
0.47226060370398	0.541755392347271
-0.0782958641553491	0.0604504060165361
0.708721236558505	1.05648630832453
0.104936634058545	0.0741646617346708
0.469586828631133	0.554851492953447
-0.121034317756622	0.107675777355465
0.155148677729042	0.147184445200027
-0.117282577978229	0.124889765363581
-0.461869532765344	0.447298608519901
0.013603654279852	0.0101301539501943
-0.176184863160094	0.132126540681321
0.49704302628687	0.461495060576122
0.104676696509962	0.0739643507218236
0.632062882660288	0.754534503278108
0.140241064721931	0.109244429369398
1.52851158019336	2.31987991971132
-0.638754809620777	0.763631955522504
0.621321301465595	0.764382994354983
0.611663505969419	0.77440735552011
0.756168063868562	0.878246517858907
0.702321909782116	0.893482997337008
-0.536723648075695	0.64559014377178
-0.423966212694233	0.438193074574447
0.0700753531866104	0.0592879260881558
0.832216189691116	1.34338323855081
0.221487716508463	0.225862249223683
0.518613170028887	0.704803174696581
-0.00677030369040917	0.00575908666453371
-0.13143822099842	0.132245925516894
0.221582013840827	0.225952592056961
0.717950356414963	0.887175072904187
-0.698908834894339	0.832321659101349
0.708709767594802	1.05635703265944
0.8333791398446	1.03360074618392
0.46697765763668	0.567381299667881
0.0635171051824144	0.0472608639214946
0.155550025489984	0.126721588016276
0.611556758728988	0.774145625628359
0.0531847737994769	0.043223035729398
0.340169874772785	0.373900140133745
0.130714454527688	0.115316073395043
0.399471808154205	0.370130774967349
-0.358316175897491	0.393573764565921
0.099109515462092	0.0903101287083185
0.337034233467955	0.359174532683142
0.472584789254348	0.541929399253449
-0.17650702879976	0.14429716757621
-0.49301070501289	0.593994275379141
-1.42771467132498	2.21730922131767
0.558771854148025	0.623952258732741
-0.35851620719841	0.393724211842979
0.19950238347057	0.22137372223989
-0.498839863970349	0.630039330980672
-0.155141837224442	0.164643579256763
0.279767962845864	0.296342403729994
0.294088744395051	0.340402085793529
-0.819322253699696	1.40753277971396
0.602670421901046	0.784112693940179
-0.197918839240581	0.208955470032641
0.0296558178491545	0.0250021130530886
0.340355881844364	0.374216211621524
-0.325647280890565	0.320157349353836
-0.0438277894583092	0.0369370318068129
-1.06289779099395	1.49354569777032
-0.311674272010548	0.361682965705354
-0.115162021042232	0.0955015869388595
0.602304055739219	0.582840915940977
0.307703134338191	0.262163020993279
0.0991409748582412	0.0903463882818541
0.0136088789185696	0.0101348422654433
0.403727333979092	0.460432794727645
0.892737423973415	1.03883729567554
-0.0522628002032932	0.0406638565957175
0.58872202751629	0.59201419436435
-0.536695629851861	0.645560386786593
0.567040356854508	0.612292980220718
-0.174728738122229	0.164453692401708
-0.24284767589153	0.211600562467316
-0.0284499895894071	0.0222850203112748
-0.371846868611808	0.429493489259432
0.346036141460241	0.403447462652875
-0.300586583865649	0.36652217284167
-0.622910556302868	1.00200282782633
-1.07236155114085	1.63414672358936
-0.0391607536996079	0.0354101864817168
0.778331597456226	1.19510059557638
-0.202642550017203	0.190055410798404
-0.471635129493956	0.485366894869324
0.32893522847321	0.327721783248317
-0.126396927070133	0.119845086746833
0.675273560998391	0.907180083192665
0.467191940584087	0.567993893812278
0.586424646312828	0.80287547817042
-0.366285953315854	0.358744588673943
0.318930423230528	0.294998558794787
0.123537583247572	0.0917976311587319
0.52233282678723	0.423828576929694
0.538976405008817	0.659487136801301
-0.222050935257595	0.23378658529361
0.490697710437262	0.473902235658324
0.213154486825746	0.210262625365322
1.00764823428087	1.83183060219718
0.353559099063702	0.458442317275035
0.184805785815772	0.221591609500545
0.107115153091289	0.110546078278798
-0.924403445849537	1.41727001253552
-0.498700067724373	0.62978863241854
-0.493108620302989	0.594436226253274
-0.131385268041818	0.0902783674300096
-0.713837097843923	1.05996776896887
-0.152591360669605	0.153059082810451
-0.226699539553403	0.225360577555515
-0.175521015452709	0.154687651961999
1.19195293977516	2.54674821124975
-0.0460980521212807	0.0469481861441812
0.81328659005703	1.19185217288187
0.674805594207096	0.730887963821288
-0.176011743176159	0.13198505975331
-0.699088501556415	0.833194473963572
-0.449501899405118	0.407156451405089
-0.107555750061736	0.0823470758314727
0.294538374539166	0.229025751018913
-1.32621793234109	1.91291631891834
-0.144409194336957	0.119004806325173
-0.366192879924123	0.358604872490961
-0.289113725205418	0.285421174540699
0.351879377708557	0.444806112272643
0.253018626179212	0.298940452469981
0.133462295459773	0.134384878244303
-0.0390056971964323	0.0352690108796331
-0.342722489144135	0.356777207015482
-0.683195893885839	0.896053118107321
0.644631909032379	0.746294008908715
-0.253376761366751	0.203620625685996
-0.0390871853542888	0.0353462585907051
-0.0284027572203765	0.0222477973730666
-0.24273160598259	0.211481975851265
0.611560667875792	0.774138512216788
-0.146768404229322	0.129963615648151
-0.861876785430642	1.32432879496584
0.267055983066231	0.264864361685165
0.140371237695329	0.109363049298383
0.40373754977183	0.473886221378947
-0.479663413416528	0.522141965993669
0.165511166009671	0.162374515649863
0.182226469294512	0.16127580957496
-0.449393602668254	0.40702439944221
0.567090270566644	0.612332612404657
0.123141648064779	0.12007801265723
-0.218695280299447	0.243007479193433
0.343380493144572	0.388990886186196
-0.0888915345539004	0.0741402455997
-0.267584466901762	0.296040799456724
0.624406425278068	0.945162001723024
-0.248202924435382	0.260633551477044
0.343300447593881	0.388876804001339
0.544969606727964	0.647703702183657
0.469669804913484	0.555043958182077
-0.583774738876645	0.556689695653195
0.399759277014929	0.385246207258478
0.279905022515271	0.296491760628585
-0.342978079803888	0.357126367483754
-0.199415938610944	0.198767102506347
0.0343926776004898	0.0267882380756366
0.567001674489526	0.612168007154512
-0.80425866393656	1.04884416750637
-0.358253093525332	0.393511389765103
-0.854129319640827	1.16190766513316
-0.028355490602975	0.0222085209331051
0.347974818151758	0.417008852207323
-0.0243079843824239	0.0205816907610109
-0.306014619729646	0.283081303853055
0.457897749080483	0.617485361149617
0.107103955770595	0.110547077202615
0.586624545378314	0.803220554989935
-0.518919634924922	0.498930340259696
0.143446598920147	0.131349775656041
-0.411399462070712	0.400870682463278
-0.394385199917712	0.431847659336347
-1.52242019222709	2.53160348453454
0.475043338104885	0.528198288821
0.399687460977623	0.385169032906584
0.399428150539116	0.37025299028889
-0.0628443723055432	0.0443379961901513
0.490914328376148	0.474220464313848
0.632228789153638	0.755093886470174
-0.0782571865836823	0.0604158205405487
0.130759934081439	0.115373008019694
0.27382028430605	0.28091581331344
-0.902207934109896	1.27797353839933
0.289475432140586	0.325480664215598
-0.260446713479386	0.303466674167537
-0.0764525953805233	0.0685839542371336
0.100248587902429	0.0815732709586469
0.285085514166529	0.311379798568802
-0.207315247806422	0.181723288335484
-0.732032135539211	0.732821298651971
-0.529585249353025	0.574484750216383
-0.26763351580762	0.29610175075162
0.860929859976868	1.03510641748529
-0.0628495262319344	0.0443512997984772
-0.823994520466937	0.816145306359558
0.878884853889613	1.19210402726052
-0.289293122926987	0.285632070384089
-0.518767764431231	0.498788787929921
0.621256065031066	0.764080188270864
-0.155402027994516	0.164904941950634
-0.819401487824394	1.21233490696099
0.46477933894763	0.580757387762401
-0.585021408732181	0.701930021396016
-0.233494837142122	0.218053798520944
0.0702203703338054	0.0594135757971701
-0.0763897901852499	0.068528881057559
-0.394634142390321	0.432338551387626
-0.152582625658032	0.15309233335348
0.688277245477614	0.900693161444227
0.632245824766096	0.754899646583465
0.182044239196476	0.161052105777173
-0.207541330988836	0.181930051085867
0.155162852196121	0.147196896120391
0.457753250357425	0.617428328138909
0.45790921358168	0.617764212807196
-0.0390222992866451	0.0352805732672455
-0.71369700209734	1.06026546209572
0.809195041683442	1.03400414246333
0.87902272491167	1.19247854702631
-0.276733905376155	0.289806395431704
0.538892829817435	0.659458279160414
0.130683740401247	0.115306758620207
0.273864783694073	0.280942614374158
-0.197610038010979	0.208496462237049
0.775703302500554	1.50011562741711
0.523372090288978	0.693885229673225
-0.233502676920349	0.218100935797229
-0.175016412092986	0.175052054547952
0.847150547051476	1.49220465508549
-0.149303829191092	0.141025874658008
0.528045334126602	0.682326865870626
0.279659302240486	0.296208724784815
-0.586735197550943	0.841422916424824
-0.0975877881673832	0.0871840012232858
-0.175277668920273	0.175321988061208
0.879006322582252	1.19285144030232
-0.00702635000693691	0.00553862161502486
0.117019209614408	0.124471447612949
-0.51861588676007	0.498505436112912
0.130549868660571	0.115172413360913
-0.289014201251862	0.285280747999576
0.467392091807517	0.56824566572044
0.700948860774171	1.21811939505465
-1.32045153557701	1.32484752767539
0.0423455007248351	0.0300064543775667
0.106111294101714	0.119010690903281
0.722303113837285	1.05227962125886
-1.06305651633412	1.49409712518812
-0.0782518217182985	0.0604072467479765
0.722008397861315	1.05183239537553
-0.542920829892184	0.716045071641588
-0.585358800824498	0.667565437082043
0.0453026523758465	0.0396414435712206
0.278185172022081	0.374510282774262
0.400616657955733	0.400611410285564
-0.372184029852812	0.430019558275236
-0.394536868764108	0.432171338143835
-0.1151202102262	0.0954498915234844
-0.199598587056566	0.19901121489137
-0.115211316973259	0.0955256244904992
-0.486616439375011	0.558384142084167
0.143477907196301	0.13138994759673
-0.284682271967337	0.330957609695418
-0.539837080462649	0.680647303004367
0.285079899887216	0.311247627234084
-0.461848052365459	0.447189291269071
0.318742522120196	0.294775029495527
0.0242968338299816	0.0219150179606532
0.221396370198827	0.225732928414194
0.663571415580772	0.914597812365101
0.100445439503632	0.0817599112857032
0.0828877352849594	0.064583419822289
0.0185265835061047	0.0124660216036687
0.402969631581599	0.445667659285374
-0.0438277894583092	0.0369370318068129
0.403700080843539	0.527205820991595
0.196943282030542	0.14604941304763
0.457753250357425	0.617428328138909
-0.381387355755476	0.395787351312234
-0.0947651989438892	0.0660187014675651
0.602639407404355	0.783978062642765
-0.427637191370796	0.542249362229877
0.221330456372324	0.180332687930065
0.477847289929297	0.514116223734218
-0.107616444785959	0.0823793061764623
-0.835431577439116	1.18682956368873
0.3998255796449	0.385248049537406
0.481340931915327	0.500441564301998
0.469548832472827	0.554725464118638
-0.253441272157013	0.203682487890989
-0.486837523861143	0.558533772033316
0.183763038853091	0.192110869440375
0.558738520262398	0.623929027769591
-0.144409194336957	0.119004806325173
0.165282854950436	0.16206900161203
-0.0626968733749649	0.0442364556382022
-0.395490015275315	0.360943221806365
0.343012147815822	0.388346910649799
0.169466896590649	0.144055695592985
0.472180324956351	0.541506263480882
0.154937582672246	0.146905346205585
0.279733336948639	0.296279613365728
-0.708839492571653	0.800947850610149
0.155102998022197	0.147137886939743
0.0095766902500099	0.00833931608322415
0.56730571472814	0.612603904410995
0.567139810702382	0.612387056868284
0.328919292727629	0.327621031145314
0.0699268345494646	0.0591471145006088
-0.585083479795355	0.769917457738645
0.0701168637975483	0.0593189502234062
0.455696588384203	0.629720332118353
0.399162523031104	0.293209725381699
-0.207404050684023	0.181827281525736
-0.139721466554896	0.105919060593926
-0.0437821205088778	0.0368973783968807
0.10492266946547	0.0741526896640413
0.203952537805409	0.194449583472266
0.193790862762657	0.178166193190347
-0.585003763734049	0.59524216238365
-0.131126705677178	0.0900946303692759
-0.52960636041098	0.57454843346485
0.481412856937852	0.500553378763637
-0.28202862034414	0.243899154791325
-0.58518592362958	0.770414428322054
-0.326538813734135	0.397478720664533
0.289753320327754	0.325960674011133
0.61148429579607	0.773891278815455
0.472188135146319	0.541613254060506
-0.115318346707089	0.0956326125643099
0.469552322961001	0.554794807117239
-0.417133842258305	0.504372080681145
-0.23364764422741	0.218208193597693
0.0137427173267211	0.0102323652032013
0.0637325361961794	0.0474153389882653
0.163375341456331	0.108646663640686
0.182268335727704	0.16130677125381
-0.175043962932022	0.164775911145952
-1.88545628290515	4.04573919230451
0.644593195666626	0.746276277082862
-0.126454218286198	0.119906309511176
0.070254877909402	0.0594425210465883
-0.267840071855568	0.249032927184924
-0.524859460170817	0.537290810376384
0.402284200340075	0.430919718907244
0.0852173450913581	0.0748814180094893
-0.395778746180331	0.361358803711753
-0.0630387675865418	0.0444783896645598
0.34578224704223	0.40311196700241
0.0453939854677578	0.0397206822343797
-0.131364672957187	0.0902659196733509
0.294714603155384	0.229169576232703
-0.0627630293782538	0.0442867975374733
0.251357116057203	0.231893861618143
-0.752712351262022	0.939291115080948
0.464873572673803	0.58080165819472
0.304920418596012	0.382437308553371
0.56592201820198	0.831440774450189
-0.207401941001975	0.181811371898043
1.14903683930902	2.05905877650969
0.323831363056556	0.311134069761231
-0.358904068916121	0.230190038652968
0.0422659686933515	0.0299473783641665
-0.902064339529325	1.11518091544644
-0.212749763020469	0.172618826538707
0.182249881624512	0.161295216147335
0.769703353807297	0.713361334384664
-0.867970546668315	0.966834586262337
-0.585472531108187	0.632232129330537
-0.267642081389829	0.248836675151192
0.174609167740841	0.176765310911013
1.06323612746621	1.85865959223977
-0.0681160269931199	0.0652623628033624
-0.115073405832821	0.095411763673948
-0.130971422385491	0.0899710371539595
0.193702732959704	0.178099977209146
-0.0567860966393565	0.0511378073544617
0.399147616890745	0.355051474572311
0.455888185899313	0.630140788575107
-0.0246905282895269	0.0209059267758611
0.62136563039024	0.764517865591909
0.0964469957127447	0.0965354412788528
0.402346094852607	0.431015237776848
0.165482603007284	0.16234321812209
0.337072231929033	0.359206819826644
-0.233357702363722	0.217941531856344
-0.256351609070312	0.254009130056521
0.130496948451871	0.11510553338624
0.100310219961208	0.0816372954507447
-0.801894904116433	0.848116806170659
-0.144314001360735	0.11889474663958
-0.690388877877857	0.864374641713518
-0.236838806852196	0.276336817777838
0.0855229740208367	0.0751729844171608
0.318819834813406	0.294902777894859
-0.449461019006595	0.407127485073451
-0.433380803591891	0.364749116803
0.0990211990689792	0.0902292258350501
-0.226913691750177	0.2255584260619
-0.449288065965024	0.406959234228193
0.0857559934226779	0.0467736506521512
-0.665521819029769	0.583797970147497
0.0826662502810671	0.0643877794894224
0.259931117160152	0.248870586624013
-0.533172318691975	0.609940114827739
-0.174569804284169	0.164306119535782
-0.176164638179333	0.132110327925399
-0.14000360911163	0.106115035594382
0.143439996748098	0.131348440185014
-0.0388917324317076	0.0351585262000217
0.242073506036721	0.214695141521734
0.111337407178943	0.104959841182934
0.0992810100994964	0.0904818219813618
0.77976515111835	0.876267215506044
-0.174847242937551	0.164620669962338
-0.175450117855301	0.154615707291325
0.13069855282718	0.115295940934255
-0.282064016872865	0.244046438348143
0.340447256651142	0.374337557650727
-0.634837585059294	0.797047284300199
-0.0976791248246338	0.0872685550705274
-0.44425325966875	0.614342999303693
-0.094519225869103	0.0658539833534451
-0.542871485347094	0.715948626985675
0.472218512375672	0.541622748707678
-0.10736790152748	0.0821758701543185
0.496766870483185	0.774667181991174
-0.144365226784406	0.11895368810489
0.0634452902489655	0.0472036081054026
1.16794529611853	1.91241457573988
0.143274651315534	0.148837654576284
0.169505602285456	0.144089788968828
-0.381268827844455	0.395523767274108
-0.256493366604607	0.254149206776351
-0.699046328667134	0.832910836902315
0.579209678630034	0.812470134681711
-0.218517822084131	0.242891805483748
0.404009736961341	0.50110275757627
0.11168943399198	0.105378832312866
0.340370018218884	0.37424135404615
0.034486416172451	0.0268594065259412
0.169495084464317	0.144072737318979
-0.625702157619828	0.932725895220056
0.0510536866226018	0.0492106044956682
-0.340375796062999	0.394015873758231
0.399294795229521	0.355404699042029
0.981844059932057	1.6722735214997
-0.199510206284568	0.198870606655991
-0.00916670919333731	0.00660852190155799
-0.120892559390964	0.10753381802047
-0.282159509872616	0.244126387230639
-0.0861258722560026	0.0822453218899872
0.298279219066076	0.354945352451963
-0.00903381954882627	0.00651398559548027
-0.492894457038531	0.594032688761536
-0.554163081484014	0.923661588383332
0.318858504305972	0.294950453039979
-0.358253093525332	0.393511389765103
-0.884847016762053	1.46276711094971
-0.174738405410546	0.164509123379052
0.123645867442781	0.091877566031278
-0.115203716986293	0.0955315039103087
0.735632461330569	0.881939579689503
-0.226668011668595	0.225322461972869
0.481385134674151	0.500498113097898
0.193569537173391	0.177928804259308
0.756377862392319	0.87837527080318
0.0380481580917293	0.0354968272815277
-0.144213501930029	0.118748356314569
-0.242891638229177	0.211608966115462
0.504568393616827	0.449352796932866
0.403969047337431	0.474297750099313
-0.434916199726706	0.475155089164109
-0.461758107816444	0.584377131302754
-0.585061426811235	0.666589229696454
0.0346870057665944	0.0270159970935974
0.328958601822512	0.327745991424317
0.193775213792524	0.178177165995463
-0.524997936294995	0.537618926745359
-0.584974795759063	0.595188944889655
-0.342826037262377	0.356951097307955
0.0594682834767376	0.0539076749231634
0.533650568121396	0.671370688238668
-0.17498324086093	0.174959288681911
-0.149426633564816	0.141177441649199
0.528199673316831	0.682572613825792
0.0960588968582601	0.0961182129087729
0.0242155042195104	0.0218403214877415
-0.107555750061736	0.0823470758314727
-0.120782112593637	0.107404297576054
-0.267662945975918	0.248874012158675
-1.05095860624911	1.34977847178465
0.833306917277858	1.03339151162374
-0.308215824227431	0.321802029506132
0.347934139954555	0.417007703424345
0.182179671834162	0.161224013987261
0.165573941184979	0.16245481109191
0.0534022027594585	0.0434049109031038
0.509747934951326	0.726633457707277
-0.906113644312977	1.76921326612732
0.0194771796151879	0.019783629202034
-0.32640895237447	0.434529365236867
-0.221806787554712	0.233475178762451
0.579455366128701	0.812673368244024
-0.13188315142299	0.132734884838474
-0.532996837502563	0.609568807860572
0.337237826729238	0.359184003167472
0.538889137299313	0.659407096286157
-0.207384860584102	0.181775694364755
-0.233453395979838	0.218021874193932
0.723163184587937	1.20808909949749
-0.00669638793103322	0.00569708900291709
0.474733122437236	0.527505885539981
-1.2042111315193	2.03690090923664
0.401333581498127	0.415688108599785
-0.358344406422282	0.393620998668636
0.5659854107947	0.831714079544438
0.123556525970185	0.0917993083693391
0.472218512375672	0.541622748707678
-0.233571240491953	0.21814691372886
0.404230376560821	0.487831594467613
0.0242888604769343	0.0219076181920745
-0.112442000887516	0.11350074193057
-0.313472541180534	0.434648480930405
0.0453654433758042	0.0396976937573309
0.293015006408446	0.425027044025782
0.0743644156102134	0.076293317133198
-0.226625634782826	0.225239470634861
-0.156697225511368	0.183527880354409
0.301479185749113	0.368466466964234
-0.226713674002166	0.225371309325874
0.0424250288085928	0.0300635275203983
-0.449064514223451	0.406588748390069
0.497389649309095	0.461887550182002
0.318902649266097	0.294993250046628
-0.868341291598363	0.967656052372211
0.0853228032493503	0.0749916405292871
0.464933551734222	0.580948179315493
0.323809797782511	0.31110927953638
-0.202608034445236	0.190009063799886
0.404120319118369	0.474412914384326
0.481479337175849	0.500580964322016
-0.471774269420543	0.48565234717233
0.0532416117095745	0.0432639331556626
0.472264512200728	0.541755463160233
-0.0977595413672359	0.0873402896859068
0.499739325910568	0.762447076544704
-0.175429561864361	0.154593407368089
0.481230311949582	0.500185145082767
0.462517892292333	0.593387966460002
-0.32505416685871	0.357828734888651
0.467034258677823	0.56772119081096
-0.0518670830397881	0.0498543254191374
-1.11268400291138	1.62589975684777
0.864917451896624	1.49384385581273
-0.00678638494181619	0.00577320431691339
-0.456792819371742	0.684185752170262
-0.246186246578452	0.314503204719637
-0.0945733300674398	0.0957258425642865
0.0510039099090418	0.0491654394094423
0.251310747465275	0.23184293837833
0.204097550871623	0.19459900939374
-0.307807027901698	0.321204350017143
0.155572330746611	0.126748303481003
-0.479568896535035	0.522134089577357
-0.235462187373492	0.138072780517714
0.0136911812928039	0.0101947853425603
0.401377993660331	0.415765433549177
0.045379718144187	0.0397100745229556
-0.0782518217182985	0.0604072467479765
-0.13127473744166	0.0902000576828426
-0.461840482312153	0.447287279446146
-0.788536554414564	1.07576869876349
0.332983729781204	0.343249227824883
-0.585317237729489	0.667555382412375
0.404180544696611	0.514663895726376
-0.267772330210628	0.248975466968361
0.0533982932933146	0.0434033132464598
-0.381127776348584	0.395361041224612
-0.194889397198726	0.2280819462982
0.60252194122381	0.783739466181991
0.399089644093617	0.355078590722505
0.459919846840747	0.60510603159004
-0.174959241355163	0.174983204045433
0.586330399201114	0.802546676167017
0.45415474823039	0.642748900774908
-0.0859387137292907	0.0820463337709321
-1.16020361448598	1.62095795823377
-0.10038950642051	0.107157699163293
0.169047428916928	0.191653748350421
-0.513840749563034	0.738772004299773
0.0854711889594343	0.0903881096149597
0.724014675625882	1.36724766793248
0.0964969310839904	0.0965923695352614
0.404298637824214	0.488112703748066
0.116243014106026	0.0985539066809049
-0.0886779845789675	0.0739414052510847
0.0829156549476477	0.0646117249720411
-0.34293656941904	0.357107672171709
-0.120999705628606	0.107644276934055
0.0851683276878352	0.0748361215443842
0.787890880975082	1.03584362929372
0.182137854539457	0.161172878837726
1.09655300158754	1.40635602794748
0.182317604136541	0.161353930402418
-0.533325123159684	0.610236864788164
0.497196260345077	0.461739233682324
0.0635535361126951	0.0472866216712399
-0.525103121666103	0.53776603344622
0.0533522953605279	0.0433601519079623
-0.105370699549137	0.100259792309016
0.879028934528577	1.19252957147326
-0.308173585613694	0.321845672759447
-0.585108841329167	0.77018873465313
0.350054209523345	0.431071042688644
-0.326331332009092	0.397105305944874
-0.493154268346908	0.594496078551767
0.308620394917644	0.397368772878424
-0.00658983310019751	0.00560645413807598
-0.242626262834734	0.211370847915801
-0.13587280829428	0.14450958301343
0.538976405008817	0.659487136801301
0.30185615241532	0.369082321124298
0.251307064750424	0.231731698543509
0.169432757467572	0.144002537968792
-0.0785065858112317	0.0606171165351739
0.0121907900701533	0.00988468068397168
0.401511262723611	0.41591420151588
-0.00818551931871176	0.00527638130083001
0.528065594533431	0.682124218766625
0.632162664145863	0.754965184976683
-0.175179409076172	0.175175470522929
0.0853684776356218	0.0750349336092865
0.457853460447392	0.617648072928561
-0.411504846215708	0.400911553928438
0.854755799526797	1.19150100330272
0.602490931043221	0.783622973884523
0.778177272426985	1.19475328099607
-0.135735637330983	0.144326798570482
0.0730723002660225	0.0685495644506832
-0.22211666044368	0.233882169920685
-0.377446340342032	0.56509804893309
-0.267576569335794	0.296031111510445
0.775832869356468	1.49980600133043
0.53800163643137	0.900355130995168
-0.175555476950078	0.175537669397629
0.350004058225651	0.430989310207509
0.0636994054086332	0.0473926089794657
0.0535432617969702	0.0435138864514662
0.399628567246371	0.325392173064836
0.399421775048638	0.355505081548686
0.340278651196382	0.374099632936084
0.674632867475939	0.730457157153322
-0.788650589052809	1.07608440185804
-0.115203716986293	0.0955315039103087
-0.207384860584102	0.181775694364755
0.558788082259005	0.623940375729962
-0.267751519500111	0.248973640142488
-0.631681253386553	0.829619038088677
0.182247388355727	0.161295901250118
-0.242631607266723	0.211392045988644
0.460034074164174	0.605369419464057
0.40306910744281	0.445839952866147
0.293982870992007	0.340141545390156
0.475111048695834	0.528241589506123
0.273747764701311	0.280813844471173
-0.0943826874402423	0.0955231248601224
-0.520743726408643	0.809269142993147
0.00925020685344859	0.00805555822595457
0.25133202283198	0.231847405802545
0.0379120909888993	0.0353650814472473
-0.668056241080501	0.994150286828884
-0.745244216280201	1.19415309240807
-0.0945180700939374	0.0956683928646319
0.0243307497141667	0.0219392543133733
0.830170859858192	1.48982983549677
-0.112367118078718	0.113419400576558
-0.763914156574251	1.35983365357049
-0.00913897326050833	0.00658970720462946
0.0295155839729116	0.0248839070033699
1.12390540830709	1.57443279343442
0.527956987166204	0.681963366355042
-0.215060637037832	0.251246847517318
-0.33978057246926	0.432881119314497
-0.542994906215771	0.715961711806085
-0.276670956116106	0.289713470948433
0.871510229479908	1.34626068108103
-0.444506551342218	0.614949932145941
0.594081435386328	0.793002872173222
0.404197724432638	0.501357889235194
0.39969301573876	0.385182892718584
-0.311495982710381	0.361317002520616
0.0295786237398622	0.0249383043730776
-0.358207435286309	0.39344370276573
-0.629073455131986	0.863310261566928
-0.343126627666803	0.357129222408933
-0.627550136501374	0.898405772387523
0.642659750540624	0.929663064207597
0.193801717307831	0.178135106487009
0.554376443785703	0.85156131223053
0.633122734353045	0.937011834277071
-0.0516095060862749	0.0496146273827673
0.30171462823658	0.36889289121365
-0.210929513419447	0.258138801399433
-0.509582533407615	0.703054631963419
-0.218548289240283	0.242923191511947
0.913452861158566	1.6506381479395
0.0345984292896774	0.0269473470294668
-0.479728211792947	0.522360733378106
0.163394799247274	0.108667158772753
-0.28237495423449	0.244298422388536
-0.444666752316161	0.511512531021853
0.477871604275087	0.514187047099776
0.333261871196168	0.343692855026383
0.193691991373083	0.177964274729049
0.0531847737994769	0.043223035729398
0.116422896800205	0.0987225187346431
-0.635158703610694	0.797263369834564
0.927870096135125	1.50725882136014
0.0853718090379663	0.0750282141312147
0.756146261645206	0.878229366181112
-0.585451350071815	0.631977398036931
0.464793606093093	0.580791219134953
-0.253333354974466	0.309665744884531
-0.260064845416105	0.302996588907914
-0.036257421787388	0.0349528927047052
0.251135082338457	0.231577428888406
-0.81917610622888	1.40728223849305
0.213358766567889	0.210416504954418
-0.280091668679474	0.372985288416443
-0.197528651765147	0.208362151221154
0.267280849378396	0.265021581866855
1.27259368064495	2.13769652138223
0.400539276377806	0.400530750292533
-0.107594412313353	0.0823757338934234
-0.0977736751618364	0.0873572119008957
-0.226668011668595	0.225322461972869
0.452591513300347	0.655661627476343
-0.207292023910685	0.181696787108176
-0.0392661164952731	0.0355105339959095
0.40397701671621	0.501007252745284
0.0568849602180868	0.0598387309698242
-0.126288201163365	0.119721825499304
0.00866780813551938	0.00904217041354273
-0.584847926797457	0.735937072325278
-0.00422758010826036	0.0043207440185015
-0.402778162853588	0.603178485960042
-0.406506723158266	0.539665020472656
-0.174542228201677	0.174404531365428
0.196529873557019	0.145764896324745
0.485710913369768	0.487197770356508
0.736177461044389	1.04645607281494
0.497262814943253	0.461803697327511
-0.115026564882264	0.0953645838519397
-0.199538679067542	0.198938069952024
0.50269923842617	0.750118372105837
0.126678830973809	0.138774040375121
0.795051164522033	1.19354568250657
-0.481461695167805	0.692956085714526
0.258479166428557	0.313800336578333
0.336992741094583	0.359121032093469
-0.586381867922653	0.840812788502781
-0.902249702469273	1.27807047747867
0.400583339660916	0.400591276807683
0.0345022350046021	0.0268755213813436
0.80917286623849	1.03394148870086
0.0343668013950062	0.02676477750874
0.505820196056638	0.737794832585464
0.251112760363818	0.387082460651185
-0.155288871158148	0.190074537350023
0.301695376980346	0.368857302345912
0.207722267286125	0.297323035103175
-0.344072045774643	0.550144804878852
0.0380481580917293	0.0354968272815277
0.691356381749797	1.22605937095132
-0.156530252947709	0.174892981308144
0.551391720613307	0.635680033635643
0.813092505108864	1.19208890516483
-0.924435018832106	1.41738304491173
-0.187350548579528	0.239126103871743
-0.0786060278577929	0.0991218840632119
0.170552289954366	0.214870757542873
-0.674636064997843	1.28198044850718
-0.330689731323905	0.493982166846941
0.278195098889986	0.43117408326638
0.152293777330031	0.16302457410286
0.926111260667724	1.95179543173772
0.399228773882032	0.340265833076585
-0.112361598686674	0.113415945650378
-0.121877691715812	0.148910051864455
-0.0476037794660121	0.0554794509485534
0.0685400949136618	0.0743098053207048
0.227691612323169	0.31947908729755
-0.0389412935572498	0.0416971037513156
-0.249702911073601	0.345381697009109
0.153516311620144	0.183087965664006
0.03334071210311	0.032986888458549
-0.0944467336337251	0.0657926616464486
1.0841023706762	2.01848049410928
0.0549129862284527	0.0610420957490359
-0.245637646258943	0.400149967847867
0.305178761239648	0.382923839082318
-0.020808023677704	0.0201011985624658
-0.498906320784067	0.914296954985726
0.691354077103075	1.22604347466006
-0.660924432157234	1.06230604270091
0.0119798165243856	0.00971402447113488
-0.643566041458338	0.731013916701746
0.0963249434936822	0.0964126093121756
0.193908244998625	0.264229770156198
-0.00411889623023775	0.00420816398545374
0.17819400291446	0.230477911616098
0.15224403922773	0.162963195727612
-0.916181199642379	2.0636504071934
-0.764029048852313	1.36024769948142
-0.00660642352084523	0.0056204739884221
0.30149128697473	0.245756110929428
-0.174784073093727	0.16455650149283
0.285056880226197	0.311275392322223
0.4040333922974	0.487726620059866
0.11168943399198	0.105378832312866
0.343240526640787	0.388817996176631
-0.260114727158844	0.303063716633535
0.402083777961379	0.430384332876693
1.21129874149711	1.93783440094344
-0.242886348646084	0.21162222641798
-0.406495656319757	0.468533689746039
-0.0975562726489596	0.0871495841552685
0.213583106284075	0.21071662695822
-0.805486970634062	1.24032617042332
0.0343926776004898	0.0267882380756366
0.469590319254787	0.554901760627816
-0.385208470971309	0.466948632775372
-0.197018887989127	0.219416261593519
-0.242418622144649	0.268836219915989
-0.461391144632053	0.583644365598513
0.204153060944041	0.194460951469374
0.688168102342132	0.900475779289684
0.455976393573645	0.63006789145515
-0.175334841335866	0.175370664597105
-0.00718825787675028	0.00696375601171974
0.294145740062615	0.340471845905513
-0.105379459738214	0.100242396101791
-0.384809962161485	0.466624059615492
-0.175223865857323	0.205216255429207
0.119303743237675	0.149023766999972
-0.236982091295441	0.276581922008445
0.0898293982060207	0.103240384787944
-0.149595087066623	0.141358768356167
0.123255179480066	0.0915412507512337
-0.376097638886974	0.31981980715891
-0.326116387548864	0.279830083129748
0.251357116057203	0.231893861618143
0.656340882707527	0.556764329453062
0.273892805441256	0.281002244470002
0.460107446535799	0.605433985829487
0.0450286788469253	0.0393854753030553
0.40412418355623	0.501311681304557
-0.0437505404004217	0.0368702944307969
0.20398704165316	0.194488708909291
-0.212496850806745	0.172347337788627
0.279627809105224	0.296162178127875
0.46257523893087	0.593466936485876
0.0380176592112547	0.0354695574645149
-0.105452335225304	0.100348047414752
0.23239559156683	0.295650211023497
0.135801351863179	0.153108346526278
0.455746470056664	0.629877988401891
0.0455966462331223	0.0398923717361702
-0.176107023524037	0.19648764634341
0.569618193937094	1.06117657924492
-0.330985306887101	0.494478903333961
0.493423785806765	0.803640811615846
0.0382537759699273	0.0356889140984945
-1.05869280811303	1.92849520482785
0.0121116734240655	0.00981943564557331
-0.00893939722496237	0.00644453084227596
-0.146906001176515	0.130100319551949
0.251198703362426	0.231705020942192
0.403954836095615	0.474248538070038
-0.343081608147253	0.357225159187857
-0.835324397605846	1.18675771589494
0.013858690716546	0.0103187349927961
0.333231489079372	0.343680285739857
0.467185431542417	0.567925565138433
0.0295329484330053	0.0249002255601327
0.099249557860968	0.0904526012804139
-0.131746865546909	0.132594267219496
0.0991582109753559	0.0903689214126886
-0.121110149615062	0.107747514215917
-0.629059191724912	0.863317420836699
-0.226499484985821	0.225101979340349
-0.622505602483982	1.00106747816147
0.285193930511389	0.311489759841388
-0.1151202102262	0.0954498915234844
-0.326336666463575	0.397181412221401
0.513756114727551	0.715030884480604
-0.295313387806451	0.325944152743511
-0.196631968103569	0.219005681773729
0.122717636327356	0.119608661072306
0.400516731003381	0.400508099165731
0.0345256255596464	0.0268948341119332
-0.525136377046038	0.537777047229044
0.717906109714502	0.887294539119594
-0.683164560457589	0.896021502018484
-0.105476894042263	0.100372779809206
0.259639214804218	0.248600454176765
0.795068608838357	1.19348511281451
0.242152205738021	0.214715796047744
-0.139859069472223	0.105986154953336
-0.381417715250827	0.395749121679534
0.0241941852691159	0.0218154248317548
-0.308159520792433	0.321823185554617
-0.226590820892739	0.225223575245894
0.284977096384632	0.311229259034507
0.165528271564732	0.162400764261819
-0.242181976382282	0.268601203742153
0.261756393610247	0.377846719439422
0.502624628116027	0.750061996591659
-0.149443909525978	0.141191532444454
0.403993367755807	0.50104890620609
0.538892829817435	0.659458279160414
0.481374167792748	0.500484995996703
0.404205936488678	0.501424949319317
0.0990780528043549	0.0902713055142273
-0.354114385544584	0.429995844568883
0.0295155839729116	0.0248839070033699
0.242229479775157	0.214840991751117
0.11627535120551	0.0986468835494721
-0.461693190743676	0.584321834615736
0.735430986258557	1.20363958281637
0.143657955491701	0.149209647514767
-0.146772097651532	0.129962124276469
0.517910363080777	0.702881816964563
0.11168943399198	0.105378832312866
0.130546157249936	0.115176937435607
0.0573182382232928	0.0603171991983992
-0.12110353470215	0.107732046439332
0.175148514794393	0.177512378830227
0.0992982228162904	0.0904924654304604
0.527859525307136	0.681785591114037
0.203914535259565	0.194403201903386
-0.0437996256964588	0.0369081094972077
0.143557026678373	0.131455270546966
0.182273303094911	0.161310099089429
-0.175361732150172	0.15451044350865
0.814782991933788	1.34242801051074
-0.740331002090174	0.968557449629606
-0.0091830664720766	0.00662154893381187
-0.627599287830605	0.898439215899018
-0.0522375229595129	0.0406424197629119
-0.384492942068423	0.465980624048755
0.253223016763392	0.299184777708395
0.458045774930983	0.617964193635297
0.541054443280119	0.886245570082599
-0.300395925002402	0.366212706769464
0.143232890984843	0.148773602275443
0.0854282393963965	0.0903432815478883
-0.00638520410269344	0.00543188316790342
-0.17674005333929	0.144596675147568
-0.126396576560984	0.119832610198755
-0.0435470031456724	0.0366795474151816
0.615974354656294	0.953107778015384
0.221641946058824	0.226036704277755
-0.366129533276435	0.358559198977912
-0.207401941001975	0.181811371898043
0.33294553560641	0.343180992266553
-0.585323252324554	0.631874398281289
0.251266315011206	0.231795510090165
1.13307815770579	2.20064744341303
1.31639948400955	2.00215060836794
0.32364954748356	0.310686884144421
-0.0888611589655263	0.074113757340938
-0.434923585211303	0.47510312925247
0.408354957750973	0.644098465220807
0.0556308799829035	0.0618807997070432
0.152219157621707	0.162927084580464
0.0423814853970688	0.0300328030402259
0.169122322117405	0.191746284896564
-0.796754931874919	1.46407930885313
-0.546236015787346	0.752431194654551
-0.677127413613506	0.927893000038633
0.343366225997535	0.388942468430336
-0.5848051162891	0.735832069755751
-0.417558608132882	0.50533720974154
-0.233341389170589	0.217907605202049
0.232035602299638	0.197433772912796
-0.0887886704007012	0.0740483788547225
0.085291234331934	0.0749605373591787
0.460034074164174	0.605369419464057
-0.740265830398075	0.968299835530128
0.403694432235824	0.527193046213979
-0.256133999567532	0.253681765469086
-0.395641168292001	0.361065128980037
-0.475558128603415	0.656929723824652
0.145112098492529	0.168304600276658
0.0450047409501001	0.0459085085344442
0.0202204768171574	0.0193803502303878
-0.126429571409107	0.119879853188379
-0.112392070550383	0.113449208128761
-0.215423372614641	0.251717096566882
-0.753716316481282	1.16166979594441
-0.902074934315588	1.1150480895648
0.533427808412215	0.67117767082837
0.538889137299313	0.659407096286157
-0.0521507640260601	0.0405731557966148
0.0701513633078241	0.0593517700896445
-0.533393708523004	0.610253500227464
-0.793411305280216	1.26941996967534
-0.366152764038917	0.358579937890766
-0.267470547097974	0.295893860470176
-0.0361474806892528	0.0348505050541212
-0.0284971881475087	0.0223202739500568
0.0902749309845363	0.103769838410892
0.92596624619895	1.95138870298518
0.419853399080587	0.769033981042941
0.405274588112914	0.596961293847657
0.206428717101099	0.235625263091974
0.691325812058891	1.22575262786134
0.523295041061956	0.693817263892211
-1.05090607266134	1.34901950618495
-0.444694858621179	0.511548258289009
0.0293502590115807	0.0247429947838828
-0.766334235224492	0.663007552598854
-0.024367852748858	0.0206349932727416
-0.424164295629213	0.438586318476639
0.97650026475022	1.36620833955754
0.154948647256876	0.14696962102722
-0.525103121666103	0.53776603344622
-0.0246732787643015	0.020891825800548
0.333189393201005	0.343611115444038
-0.44939489715077	0.40707038950724
0.779632252354112	0.876035374220368
-1.12646034706943	2.0455747990734
0.175312072971475	0.177675239178637
0.579447326007652	0.812751192893632
-0.175106146357287	0.175155475942782
-0.62086804626404	1.03529268455084
-0.2478281687425	0.260129766160723
-0.316451630229951	0.488488682820598
0.250518945709803	0.344299211359615
0.934436695486209	1.65625822755954
0.011976510379665	0.00971153328439412
0.892991025427331	1.03960342014187
-1.06759645658401	1.02968138226897
1.212401170655	0.970803252796057
0.221533088559734	0.180579541509493
-0.500207656082033	0.415987796217914
-0.843746023278949	0.995265614945914
0.588655595562123	0.591917317354838
0.474996604302146	0.528111184328952
0.0990668685859759	0.0902776391516127
-0.0522860026005637	0.0406806162176079
-0.289369334875488	0.28571491709184
-0.411366096361006	0.400842981139981
-0.126322989855721	0.119755956663969
0.336737231129895	0.358636039501999
0.100288957170181	0.0816238691641619
-0.0974790850076725	0.0870678262559914
-0.144419605886721	0.119001603047907
-0.289155530122537	0.2855046882873
-0.94381149736762	1.55747410560907
-0.539668626151948	0.680231586194176
-0.300481572194255	0.36634714667978
-0.0516150899770865	0.0496180877935185
0.143568342480086	0.18005732416362
0.26248640343415	0.379042012172158
0.278367211777481	0.374820940254204
0.404293510532239	0.581334550928197
0.586607406058613	0.803143326199749
-0.351823286685247	0.276549016111137
-0.510182261589605	0.457608411290877
0.0835487526622134	0.0559518379536002
0.123436140904576	0.0917142791864847
0.18142044331366	0.127703356871127
0.787799056089702	1.03569756134366
-0.0653803520391443	0.0548252592246663
0.29404779546428	0.340238676690897
-0.260004057363722	0.302886508048059
0.23610966250913	0.25609269781225
-0.876338901256113	1.13858345641386
-0.0652458095557144	0.0546993931495217
0.400583339660916	0.400591276807683
0.242216515633537	0.270576469240831
0.231969259534739	0.197356926320763
0.929815994529205	1.04617082712758
-0.009249574254788	0.00666887211196535
-0.740254793778541	0.968309720767745
-0.461693190743676	0.584321834615736
-0.094548491029133	0.095700057863042
0.0380426735783707	0.0354940500020205
-0.406492559300895	0.468358891831033
-0.17558030937785	0.185826104751299
-0.269903537320285	0.373733609201175
0.419669599532607	0.768458722754021
-0.105983995903521	0.129275726620042
0.639442393165844	1.10488085794793
0.402965925777583	0.445687657832502
-0.573240926487898	0.392222681911879
0.29451780077967	0.229011585671989
-0.389955764282231	0.276364109155234
-0.00840262799863025	0.0054152268864909
0.76959729993245	0.713177830099595
-0.00462762409852259	0.00214716140244468
0.0187199244984011	0.0125962026882847
0.551457402925424	0.635808622255375
0.621344693296001	0.764436733698573
0.0699683490116592	0.0591866840373705
-0.533424075997145	0.610176323352049
-0.175591836503811	0.154726927074499
-0.0774292176842346	0.0785355675293366
-0.0435644569529704	0.0367016565585023
0.313436439673367	0.278576629994173
-0.0888229618574106	0.0740806545333351
-0.47974562433188	0.522439612530993
0.340247102808968	0.374048337646777
0.155577763042114	0.12675741013878
0.0727218761488257	0.0682094122949115
-0.242004446261081	0.268330248258286
0.123076610847072	0.12003596114502
-0.2760455395113	0.336937364639825
0.361647126031831	0.517172112780528
0.278245851125288	0.374628086621039
1.06286392890613	1.85728017306953
0.161016303389902	0.177468078011221
0.399276125177257	0.370104798488858
-0.719732553016427	0.767524505470819
0.804029465539626	0.712392747137759
0.104777143171935	0.0740169569923832
-0.0760727161610578	0.0473915429084817
0.504350812989721	0.449078774837608
-0.889910116684408	0.75831334866461
0.0586329228416671	0.0370441448141597
0.229120764786764	0.241141163662972
-0.120993096309453	0.107620443854159
-0.394709980988199	0.432465848606843
-0.529790244689683	0.574657978502767
-0.0438418823733307	0.0369488782362844
-0.325285395014143	0.358137112913948
-0.342978079803888	0.357126367483754
-0.00670446786173434	0.00570369048951267
0.459830043734354	0.604675165512934
0.51858867399367	0.704820976929145
-0.394599525801213	0.432299823921245
-0.248120982079129	0.2605464916523
-1.03786364605619	1.64452157824922
0.253184732398441	0.299182019491995
0.602773950683196	0.784181591446781
-0.226896311532472	0.225519232876589
0.111828682269091	0.105517180966406
0.586270455572104	0.802391942861206
-0.667738498347717	0.993723836299674
0.0569021526043703	0.0598578222995811
0.0853208797633487	0.0902324332756292
-0.625954480261727	0.933281205527403
0.934559285110183	1.65682376455319
-0.00724383188401597	0.00570968053471105
-0.479619191700093	0.522003556809925
-0.868478228606644	0.967885471103077
-0.732078312418509	0.73290941491741
-0.298860101022677	0.237688026429349
-0.224229156975004	0.149175752312636
0.718000630554486	0.887442878642039
-0.629164747360445	0.863518796296686
-0.175041038335315	0.175071166681321
0.154808467375142	0.146785155281177
-0.342798506952803	0.356892617215083
0.0531465759149428	0.0431898300585954
0.345814970535762	0.403146410764549
0.206275933455355	0.235460690946936
-0.862076593057979	1.32439843817527
-0.351978646654272	0.276629961687956
-0.0764639866684582	0.0685852623437374
-0.0783784632216973	0.0605119548951024
0.1836976569886	0.192016272778817
0.350255291367409	0.43130531164669
0.175156566072582	0.177509829446533
0.229038835160362	0.241030909628511
-0.0763298758786301	0.0684717824597788
-0.0176129800275019	0.0179779005267882
0.40396701362121	0.527753644729602
-0.245848630464966	0.3139772813041
0.059435655650248	0.0538745290667087
-0.176036627063403	0.196378867064789
-0.643594356790236	0.731068209604634
-0.731787067071015	0.732174141499654
-0.510156298543463	0.45758385397154
-0.130995623945025	0.0899905529234292
-0.731879245067499	0.732594284903955
0.769756369550568	0.713383002820867
-0.0285384101348518	0.022355558457073
-0.107334780895226	0.0821480304387683
0.460270619282591	0.605595621607853
-0.461999625639668	0.447433081472841
0.538889137299313	0.659407096286157
0.3133568651253	0.278502834108035
-0.949026205514051	1.39789356472873
-0.699181621240522	0.833314760811666
-0.139620162519706	0.105826210846086
-0.683054089880669	0.895747535789848
-0.207469577671072	0.181877426480254
-0.305882308638134	0.28287629050961
-0.0346610557936765	0.0247350632502559
-0.0763127301016204	0.0684564802433345
-0.326550579756575	0.434798720413786
0.340124199652585	0.37380389376062
0.0629807377055396	0.0626595330794265
0.318863951754574	0.294966170112902
-0.0625646065387255	0.0441315272101198
-0.461854294140897	0.447262517899565
-0.176057844901602	0.132010728367863
-0.843796521306471	0.995422279507028
-1.1538150413967	1.32497980865784
0.736401904401456	1.04731749457333
0.204163084490394	0.194634882523157
0.467065801688348	0.567809158803591
0.313378508050284	0.278505570202133
-0.144409194336957	0.119004806325173
-0.00836133478791172	0.0053885285890878
0.402254719113963	0.430808334295641
0.123683671244444	0.0919050903834416
-0.242670275181169	0.211440087094734
0.0856741342344098	0.0752876314755134
-0.139909393808486	0.106034766834913
0.854599343299998	1.1910552375794
0.402298971116523	0.430866393648217
-0.533404512538798	0.610206913945472
-0.435019408012128	0.475252268430123
-0.00913350155306757	0.00658513951659171
0.193817312027421	0.178226062698227
-0.510621067373561	0.458248126347247
0.756312516979762	0.878292128270238
-0.115341779844091	0.0956505987406419
0.685080624069888	1.06766381603973
1.14824362475217	2.36194049725082
0.403137910127853	0.445870454021557
-0.207380811754229	0.181800757763137
-0.492828046935202	0.593728054939146
-0.0887161800098511	0.0739790219655094
-0.804329830166962	1.04906238465438
-0.265573324357301	0.194117578196852
0.140530372934002	0.109483340296432
-0.175985918182125	0.131965687487415
0.588548811058408	0.591717619796239
0.111640183274163	0.105321769572765
0.854665015591085	1.19141051014018
-0.326449147176144	0.280093388631589
0.560036405155118	0.841768558611872
0.26715914936177	0.265023121350576
0.0635171051824144	0.0472608639214946
-0.107391978929911	0.082210309151635
0.879078358802717	1.19299731568879
0.27381699183034	0.280895811042229
0.251380314907409	0.231908960155233
0.232223380950509	0.197689211285033
-0.248284860375168	0.260706750626873
-0.00709884567001959	0.0055959024205234
-0.949026205514051	1.39789356472873
0.74518107308242	1.3544264442082
-0.461693190743676	0.584321834615736
-0.631747666294392	0.830297307380977
-0.0393556252119698	0.0355878704933807
0.123036005474124	0.119996017816917
-0.215086422100014	0.25131378035628
-0.154865034327133	0.164282888654302
-0.00718614363938085	0.00566473695673302
-0.69032838389013	0.864263935767638
0.475090107477896	0.528211146780621
0.0424610191158561	0.0300875582849645
-0.854180903666722	1.16195834079505
0.242206754060284	0.214872117206023
-0.648453406768735	0.696391400359992
-0.529718376167202	0.574720818295764
-0.175521015452709	0.154687651961999
0.301604328908405	0.245891631114233
0.611842736667672	0.774559998152238
-0.0569829362705669	0.0513139864038112
-0.0285147846901787	0.0223371819785303
0.602777428908879	0.784238004845177
0.403789315368157	0.473687472662375
0.0327505942904835	0.0323808524526483
-0.845433742816779	1.34886210047862
0.0853228032493503	0.0749916405292871
0.111566685331533	0.105238812991982
-0.634951620419599	0.797251752187961
-0.788692083217107	1.07591897216574
0.0828716378735906	0.0645727914234354
-0.121255201994749	0.107861941059022
-0.585272956514306	0.667469310166247
-0.325617640348023	0.320282933595071
0.851206264060438	1.34496856102897
-0.634702952379769	0.796601005818068
0.251175528360567	0.231662709930612
-0.217149274065833	0.160803390443189
-1.34523566307049	1.77181159345855
0.399565429860585	0.370369419698029
-0.0886711287556843	0.0739185512926142
-0.0887200771185595	0.0739785651010321
-1.15792074805241	1.47456103283111
0.400400579915818	0.400366159990558
-0.305909055347326	0.283015327077871
0.336823748932498	0.358765083164088
-0.17669593160616	0.144545928734321
0.57225068789554	0.821652072842163
-0.196571190137216	0.218915729330789
0.579004760235218	0.811737913051306
0.130614942781016	0.115247380399564
-0.199567181512564	0.198964712846046
0.29807609791682	0.354760085522357
-0.276751215137485	0.289793048165639
-0.499022417462243	0.630371708527026
0.23219659522155	0.295313483218501
-0.436407412898406	0.578572619804611
-0.115409509100734	0.0956963453833784
-0.107483936228961	0.0822896283358165
-0.139736090471981	0.105922417777216
-0.176784088069637	0.144620571547292
-0.395735590926057	0.361379784004484
-0.305720847233224	0.282740191366669
-0.643444896505939	0.730743048142469
-0.295149844930453	0.325757033149452
0.656179090572882	0.556596437211793
0.756276505405114	0.878418860400463
-0.00853368886442486	0.00549819834189379
0.404034245179833	0.501131274360937
-0.256392825602632	0.254039748499931
0.221733311906041	0.226122917318629
0.527925526644032	0.68193351555595
-0.34305060375184	0.357174348050064
0.0380982097345895	0.0355466122855264
0.346044340885024	0.40337924898938
-0.152574691073042	0.153081333074914
0.229055349920527	0.241074321736262
0.464747921121952	0.58071028352252
0.259594992104184	0.248539612678683
-0.226671292771026	0.225302719868876
1.01114902933734	1.37605247208215
-0.487714193016348	0.372872010913352
0.65839337642576	0.737350420555122
-0.731991747335839	0.732785272210026
-0.0759244901058836	0.0472976538205904
0.267017885827981	0.264820604446517
0.0826995766490159	0.0644209661424387
-0.381135591421568	0.395482098555254
-0.665543837243447	0.583813760351764
-0.500183219270712	0.41601862452228
-0.176230991192954	0.132155992755904
0.143411993249796	0.131306233441677
-0.783082246161423	0.879402376658291
-0.242742297278511	0.211515194927251
-0.658619125325339	0.621961471167152
0.313385838919855	0.278533200072954
0.481412856937852	0.500553378763637
-0.176806542179563	0.144644924842262
0.25953017808352	0.248427264631365
-0.690504646333271	0.86457604362879
-0.677144790876527	0.927732825099448
0.122946296673953	0.119887008052918
-0.414944962321071	0.574475409393743
0.232267608148299	0.197728601969735
0.155211675385629	0.147234103378792
0.795019581990804	1.19347077954365
-0.902494368938709	1.2783999055638
-0.289293122926987	0.285632070384089
-0.325735744538962	0.32029200104509
1.18607563321929	2.08193425757533
0.154871476669465	0.146874723847502
0.779718874750233	0.876185244053301
-0.131188573518199	0.0901445086009192
0.576993849334294	0.601527251969097
0.155815976669329	0.126909730404686
0.401376045424008	0.41578136906161
0.567200825308273	0.612479820469938
0.0186131411471097	0.0125249060305687
0.523295041061956	0.693817263892211
0.259886889350274	0.248848964901827
-0.226731070714117	0.225391390494334
0.337030739702378	0.359174430386806
0.0703204149735947	0.0594897106402522
-0.00714064968876213	0.00562941951296692
0.251264417309005	0.231765088263046
-0.212858302807371	0.172696255160743
0.403620201074929	0.46030036212403
-0.325641278190795	0.320300686951898
0.0853402526977535	0.0750030452388273
-0.493013984594104	0.594276012692893
-0.00914979771237941	0.0065976301067941
0.404207255934336	0.487960582736201
0.333261871196168	0.343692855026383
-0.242631607266723	0.211392045988644
-0.57940067199644	0.475491171193195
0.29451780077967	0.229011585671989
-0.395612825062935	0.361222603760321
0.544963673756117	0.647772782232244
-0.479660375222228	0.522277009536782
0.60223488348175	0.582834974087951
-0.281984440451377	0.243935626857212
-0.326282921574832	0.279983944213401
0.213291543357063	0.210463319346692
0.267082957828153	0.264927699207922
0.143515817317768	0.131427834210647
-0.221912224107522	0.233600878023645
-0.0439366166362834	0.0370270673507358
-0.174967183374371	0.174998612242214
0.0702824124930851	0.0594569859376311
-0.498734334513296	0.629633852776502
0.0987898844087139	0.0899712864500796
-0.435015697575142	0.475196209556232
0.787843617196939	1.03579267026223
0.313306260074471	0.278449490879995
0.452558350861279	0.655571838064241
0.0636331749333151	0.0473431670140187
0.116352578219111	0.0986374849690656
0.879000931077504	1.19277600758083
-0.843839374787344	0.995492928282878
-0.07853991043707	0.0606392660068378
0.133306243873065	0.134213337808396
-0.256521346278591	0.254104021984041
0.328687756663399	0.327420072827347
-0.175558987747354	0.154701671920297
-0.0437014994327215	0.0368228210985556
-0.536585164594907	0.645426786805003
0.0454111146520791	0.0397377213858448
0.0531387423949298	0.0431801737917502
0.116499415519337	0.0988414829799948
0.696578577566771	1.06211581198208
0.193676278055202	0.178072028838646
-0.0067376817970165	0.0057308334681236
0.0120111204951783	0.00973972852873941
-0.585021408732181	0.701930021396016
-0.479715409242664	0.522124659009702
-0.282220129661341	0.244096696980583
-0.479477405471479	0.521912416768841
0.787978602314605	1.03604341406683
-0.44487747620914	0.511637418475742
0.318681416784005	0.294749192431692
0.232378115454716	0.197797639357097
-0.212626980343274	0.172494475704482
0.751955835362513	1.04302552460198
-0.395554895660398	0.361177336810966
0.155222697210389	0.147237751178453
-1.26197678601796	1.9037939801579
-0.927773250675419	1.25734920425514
-0.112608272610735	0.113670573474591
0.402461065863204	0.43117982703317
-0.156757774038636	0.175165044944713
-0.499022417462243	0.630371708527026
0.513837522250339	0.715236852482614
0.81311955285961	1.19182978755166
0.523109592358469	0.693481599111135
1.02270541936097	1.06683863781753
-0.479650858996277	0.522217176228922
0.104696791120862	0.0739808215885563
0.497135982538945	0.461512151651742
-0.835147930050432	1.18625197934447
0.0137092442007603	0.0102083627669626
-0.0395336251316334	0.025069488288264
-0.752730424364474	0.93948274628369
0.0634508513364136	0.0472063325163816
-0.674871628706367	0.5457500837636
0.328867518918147	0.327661141629256
-0.3081911217095	0.321847874694427
-0.0521719642435835	0.0405916413329872
0.346027992816095	0.403445602963251
0.558666489042428	0.623792707637808
0.939068940698086	1.80411277222845
-0.17490698269996	0.164675612699616
-0.584877679137273	0.735977670055413
-0.585368506611672	0.770639940366602
-0.29019001226449	0.370395874016538
-0.325051236077622	0.357766590603768
-0.039111289515277	0.0353551890755566
0.213397055732631	0.210597782116857
0.402599687555908	0.431164317180572
0.14361637426183	0.13150894244693
0.221838918138141	0.226175053899766
-0.0774226450010949	0.0785381650618136
1.25160608431098	2.44155449106746
-0.0388592817508211	0.0351252351840217
0.324092715135402	0.311331008189267
-0.3081911217095	0.321847874694427
0.193702732959704	0.178099977209146
-0.740441630315014	0.968646566602164
0.337072231929033	0.359206819826644
-0.294913247445708	0.325423168237041
0.104803542598716	0.0740606772120314
0.722165985686197	1.05203422835322
0.558638574273542	0.623711661084042
0.182315105021749	0.161358544237631
0.472298791501047	0.541817903287374
0.644449343960434	0.746062817168851
0.894176155244196	1.34984563159922
-1.0723468992043	1.63319904108278
0.100540244553293	0.0818264519548621
-1.62169267658284	1.98555926360228
0.457864698391224	0.617644427763253
-0.289189932961517	0.285546453623042
0.0296069275799628	0.024958423232551
0.717895268102749	0.887322933996892
-0.520714327640349	0.809210620358055
0.15513134249757	0.147162303460764
-0.311552812803992	0.361423748759917
0.251131091974994	0.231599974720076
0.533363779507018	0.671140274357295
-0.311502925964523	0.361255569516798
-0.120933768740912	0.107573567020667
0.696635945468417	1.06223370430968
-0.28907932359609	0.285379419535455
-0.24255958917826	0.211294124912185
-0.174951357311714	0.174943771920032
-0.340424131438952	0.393954011849241
-0.0944876699435263	0.0956330240019438
0.182161281083081	0.161192298203608
0.204066543855617	0.194555346901739
0.72293449769159	1.20765415381092
-0.282042558331297	0.244015961920649
0.469697327702855	0.555086542536665
-0.308036594484401	0.321647225156411
0.736505419742925	1.04765643793505
0.191621698653952	0.206451989853205
-0.434847378396486	0.475032886446157
-0.436573664151658	0.578827426004134
0.594190189739852	0.793365247296665
0.104783446264362	0.0740499896731453
-0.0764069409143751	0.0685418195105267
0.183877043920588	0.192244994860363
-0.197788518520622	0.208774646583242
-0.977887122383556	1.38000979582728
-0.358361827658197	0.393632827503169
0.684917470551766	1.06724927482881
-0.198154180009756	0.20922291506461
0.242119150386697	0.270503233527827
-0.247965067080172	0.2603119023519
-0.308068197412271	0.321683672278492
0.345733059359313	0.402992082105718
-0.1751361659825	0.205111885404757
-0.175872053608021	0.186192253919242
-0.295035492858592	0.325614796246254
-0.156544275617643	0.183373730347975
0.259795489229792	0.248771059892245
0.116393546179537	0.0987243520619114
0.31321244516388	0.278281981849103
1.01550420674241	1.22205907482184
0.735759905304239	0.88194416022483
0.401401198528407	0.415767448133829
0.617506710602747	0.573402877920645
0.235603879852316	0.255508123523558
0.474952258186928	0.528066623402965
0.19172177843626	0.206570993003023
0.154991126093162	0.146990959415017
-0.0651628107281297	0.0546398590272542
-0.294847284592108	0.325260980787025
0.675479908157944	0.907890744145179
-0.0887504741294921	0.074013016093887
-0.854029718037912	1.16152834928472
0.475108660665768	0.528200352227329
-0.24257016050431	0.211298083370036
0.045088609257652	0.0394442269348564
0.253129362605538	0.299107642070423
0.404310884490151	0.514746513623458
0.0423743719128558	0.0300283189520027
-0.30562057451077	0.282610965064506
0.313465413887049	0.278596809695996
-0.105378705700769	0.100258472439332
-0.805070103134364	1.2391401554606
-0.395932059009738	0.502868082907867
-0.0285353397853532	0.0223525652828581
0.467020119614512	0.567688697245004
-0.444317933521878	0.614584840646194
0.0702513850136065	0.0594389862285768
-0.471653157837256	0.485507983448017
-0.435023114325876	0.475276768013688
0.235840593391864	0.255847957831033
0.664713296604648	1.08078144875302
0.736726383947768	1.0476321138854
0.0699958403647224	0.0592114522571125
-0.546008666358494	0.752067245532898
0.0345047109930047	0.0268788020579371
-0.0520831442804557	0.0405161029140245
0.464685075611966	0.580567242561843
0.0135701982335439	0.0101054048882599
-0.40663577055836	0.468796856144093
-0.585179038559087	0.667280548806945
0.40392260421189	0.5276389006025
0.203914535259565	0.194403201903386
-0.0389566927976703	0.0352206477885578
0.111508971867664	0.105154608714409
-0.783204917828327	0.879534569504142
-0.0570805892876348	0.0514180230707401
-0.514131149080503	0.739178112323626
-0.631821519725751	0.830262358548563
-0.444512221084531	0.511272407967683
-0.880606271057911	1.30050867748643
-0.00903923005469861	0.00651800416598208
-0.0521698923381371	0.0405872207103281
0.294113204848778	0.340438345997785
-0.377543948933289	0.501461008354166
-0.586407040153107	0.84086845974767
-0.677173054970031	0.92797949832754
-0.226625634782826	0.225239470634861
0.654786015895051	1.27872827785296
-0.112225748292416	0.11326231686285
0.204090569545965	0.19457593979642
-0.056622516074426	0.0509692863719999
-0.622657657257548	1.00156390068526
0.545129829627138	0.87420646322286
-0.529832558899293	0.574779798759551
-0.0858818336594095	0.081982897315648
1.23468563158694	2.73704456121159
-0.585688069073679	0.805191407483931
-0.0652733334562238	0.0547364744307993
0.748468963952171	1.19926228457081
0.042092202610873	0.0298177690884626
0.0857057151526972	0.0753148004955582
-0.089044329476672	0.0742579799197909
-0.545976357730267	0.752018210970651
0.558777225327772	0.62399483277668
-0.19790226262898	0.208926042291464
0.221456277502139	0.225820136550592
0.0851085597448548	0.0747715893597303
-0.433205412351035	0.364538367085565
-1.04897191481088	1.78611267428625
-0.434851065565135	0.474999297411362
-0.0283996762430108	0.0222440826946561
-0.256244453877345	0.253864915906049
-0.434992409221289	0.475225331977669
0.0137196918970918	0.0102175136829825
-0.289086714989233	0.285400727833041
-0.351289221417627	0.467247552919129
-0.345795860937501	0.49840422417881
0.51818817393603	0.703962497147237
0.351926820619589	0.444777090113882
-0.131710862688669	0.13256363767085
-0.46145610244093	0.58366326669046
-0.804217816937616	1.04879214137344
0.294259734741419	0.340585955286496
0.934755929620349	1.6567876454796
-0.226579975590401	0.225171125366732
0.294628424596357	0.22910263100957
0.307561833546336	0.262079937193569
-0.0975736395175687	0.0871711236550189
-0.202680558656722	0.190087824187703
-0.75286315473253	0.939357533814817
-0.876315554558089	1.13848968300103
0.140291664257484	0.109292144434577
0.0991439835194735	0.0903534202372394
0.213502559879268	0.210677162431569
0.0828769652944142	0.0645800647846662
0.47493129366284	0.528057516566553
-0.377838780945091	0.502142551898251
-0.638693611139676	0.763884141915328
0.100200106383497	0.081536469880676
0.851097530570106	1.34469851192391
0.143182982174565	0.14873094004876
-0.00674565708657868	0.00573855445093787
0.133500135963903	0.134445276872337
-0.00717504678095665	0.00565629094285036
-0.12653615684743	0.119988426771989
0.0727218761488257	0.0682094122949115
-0.524284180002474	0.874760375804279
-0.196761843949128	0.219173224250528
0.17491968789931	0.177231895659979
-0.241934426969416	0.268259558981944
0.336989250714364	0.359089235717321
-0.325709111616876	0.320358772295755
-0.289197329924289	0.285539021653787
-0.217321429867897	0.160988624983541
0.242234765338923	0.21487792757632
0.221656188020862	0.226052527549748
-0.585450049633274	0.667601182711486
0.528202690212661	0.68247543917857
-0.105517420672734	0.100407383338712
0.258373363440143	0.313671607605649
-0.126322989855721	0.119755956663969
-0.226471223221292	0.225043352092021
0.0854141532582469	0.0750766301503132
0.111755076726219	0.105415342384842
-0.28923173720092	0.285587533236339
-0.510268821300903	0.457810866617401
1.02969507088497	1.98946777618497
0.284945721647642	0.311177265949741
-0.107630746785315	0.0823991627726796
-0.653368149567864	0.659746051283924
0.0136695811843744	0.0101797474055042
0.143332865983885	0.131225167231242
-0.0944683867202581	0.0956146592373811
0.266972371693705	0.264753774730347
-0.977612352822536	1.38002903803168
-0.176762358796067	0.144586463485
0.399232570991915	0.370014252937224
-0.0760120659596625	0.0473565155075544
-0.242747585157916	0.211510526209438
0.343531816032784	0.389109926264528
0.232173964053422	0.197573565363457
-0.35813023428508	0.393314282999748
-0.92334103396391	1.57976779191923
0.518441531711635	0.704532250252345
0.723132425316885	1.2080485493346
-0.19638049448608	0.218617099513218
0.403990470265332	0.48765506882511
0.155102998022197	0.147137886939743
-0.444895007099975	0.511711965416729
0.25822812817942	0.313425916479278
0.343177657268426	0.388691333672841
0.181465589387316	0.127734472251748
-0.394741287848349	0.432458565466165
0.235922201108714	0.255936060564881
0.305041167657893	0.382778269341025
-0.00722987759055951	0.00658869796370099
-0.371955261520069	0.429696040163365
0.343177657268426	0.388691333672841
0.0187401524681078	0.0126089941467401
0.140197861559744	0.10918807184503
-0.730069661441026	0.998268697200479
0.688334756425767	0.900391116169774
-0.729732534129818	0.997741417684404
0.708844027499961	1.05680778519614
-0.0286092356503793	0.0224077230438407
0.16575943776491	0.162641358668834
-0.462013456987727	0.447497965817043
0.182177253596538	0.16119891247671
0.715531720452066	0.720512319695876
0.0636444532627011	0.0473347497679153
0.123515650223371	0.0917803540039835
-0.719681933824323	0.76741538842748
-0.322224882148801	0.232048157503835
-0.348172001230589	0.320161359011948
-0.653408914392345	0.659917412289735
-0.509396243252146	0.702769757305595
-0.313336753827087	0.434336980785792
0.0194151923369829	0.0197249321768897
0.341486868930095	0.546258284583119
0.109539921053332	0.13310199505251
0.462280369486617	0.592875446366668
0.143443296546321	0.131352418547527
0.199255557060935	0.221088484333485
0.123544444385558	0.0917999591205901
-0.381070942384433	0.39536572376801
-1.08799369788104	1.91381502387909
0.404782933057488	0.582199986948087
0.751917654382758	1.04287415132242
0.477758180695652	0.513995789832377
0.0294525311144744	0.0248269100143554
-0.325661830920564	0.320331062538335
-0.783291869196302	0.879647329905455
0.155611002555222	0.126787233913766
-0.30597062224762	0.283011670382935
0.285174083210238	0.311457270506172
0.0296447897264913	0.0249863022602174
0.544987248828674	0.647834222471363
-0.498899762340399	0.630213404473293
-0.267574351324435	0.248735578437448
0.155611002555222	0.126787233913766
-0.822589807937356	1.02222003348671
0.14050139907771	0.109464650606906
-0.267733230125316	0.248936346162812
-0.175517951014404	0.154688006532553
-0.242603541589813	0.211351636018551
0.0990810916457884	0.0902927082894139
-0.539805596059315	0.680532613487149
-0.551413673933619	0.824247428070295
0.403580611668438	0.540276433797777
-0.00721314759007378	0.00568626103855828
0.642446550423622	0.929179454735766
0.52227981971219	0.423783646269679
-0.152493212544135	0.152995718308351
0.24183962971178	0.2700980423164
-0.423963678572447	0.438292832917724
0.735626919163486	0.881843108235517
-0.348260989870027	0.320232184962603
-0.792029090058758	0.630725452876737
-0.0082268846083795	0.00530268934145092
1.07077528044453	1.70853517268512
-0.176078071604381	0.132038669815729
-0.658770547093086	0.622236320719878
-0.282071608922576	0.244040056180918
-0.14695151628768	0.13014571170348
0.221624744345498	0.226016416140727
-0.1755476057098	0.154676943981249
-0.406372846137526	0.468230048508551
0.273640638770057	0.280636895409332
-0.076435448847054	0.0685697374375055
-0.548986457394065	0.788451859020397
0.864934172592373	1.49419553072692
-0.0345383023126104	0.0246510283115759
0.154857306674994	0.146853556890716
-0.039079261748674	0.0353354744766081
-0.0386072138593208	0.041323062540628
0.0293927256273816	0.0247791101909419
0.242101401876759	0.214753590753008
0.193634166102479	0.178026341446288
0.258408635600362	0.313721409701852
-0.366285953315854	0.358744588673943
0.46742042268508	0.568337548990219
-0.324945662768546	0.357615918401908
-0.35813023428508	0.393314282999748
-0.376276327018466	0.319940695177063
0.644200335073041	0.745094017439252
0.53314845932752	0.411062687777545
0.0343926776004898	0.0267882380756366
0.681255633274343	0.550504504386003
-0.282273703440341	0.244259195374869
-0.0343501928708778	0.0245092833640517
0.559789237914142	0.841164549434502
-0.0435503518503359	0.0366897522544589
0.49319861874523	0.803521221519638
-0.720919915787899	1.02806112978826
-0.0391931836062505	0.0354433851815296
0.608141263728788	0.961037775786231
0.595384205612637	0.981563442290156
0.24229786020955	0.270661500356288
0.539010793528653	0.659579784800252
0.51823721550008	0.704174342742284
-0.175786110728255	0.186074235217409
-0.149580891301816	0.141345279274508
0.0594030075073378	0.0538390808068534
-0.635051673270373	0.797308974388257
0.509822932590142	0.726867017913806
-0.62597956631394	0.933340011866479
-0.326538813734135	0.397478720664533
0.51823721550008	0.704174342742284
-0.436523697100764	0.578673086132647
-0.634834092670116	0.796951133149107
0.36146341801849	0.516906998603298
0.608399418040099	0.961596957843072
-0.097570434647196	0.0871558270411878
0.361455080676386	0.516874217133118
-0.138452448431178	0.154946942482806
0.238289316892697	0.311097068208691
-0.29520701972545	0.325818477099499
-0.175624964526969	0.18588733840038
-0.339635249958618	0.432613600473279
0.0958708400412034	0.104444154844722
-0.290442444398743	0.370774786215841
0.278143530495341	0.374406933345566
-0.0436591934605948	0.0367887622290924
0.305160724282181	0.382922199616925
0.594267413061651	0.793555521098114
-0.360460155444968	0.558470030298386
0.569325566931659	1.06017813779942
0.133451254216879	0.134383042902311
-0.138272704472801	0.154700111878977
-0.0762670666554143	0.0684130538013136
0.193821222639305	0.178222968867798
1.59784305102714	2.55004984893003
-0.674820100668733	0.545683412508346
-0.299079606706917	0.237877630655294
0.715466063578997	0.720455500194939
0.779892105471774	0.876236518809502
0.0828877352849594	0.064583419822289
-0.854845312508241	1.5179496411041
0.0852408076380519	0.0901239995329879
-0.0614725258239619	0.0624910738139588
0.959928388752541	1.81021226956611
-0.196836294377499	0.219216013120877
1.06191162743124	2.45940440272428
0.624349397100602	0.945102549702251
0.192409739768106	0.237045107489095
-0.406225252339148	0.539105714185252
0.459928019041264	0.60512418101151
-0.0244165892079505	0.0206733595965953
-0.0943716884379869	0.0954872293680529
-0.233434099808328	0.218034641630343
-0.247859530081623	0.260182954217807
-0.221643439624892	0.233228183737648
-0.923307159871878	1.57924567323508
-0.0888954477668105	0.0741443709139374
-0.00901131261347128	0.00649710239605558
-0.26759329186257	0.295975025330013
-0.479677778821833	0.522364368786986
0.169075427926989	0.191708153521049
-0.26769046122225	0.29616678157595
0.308587424588714	0.397255294651553
0.0728278485344023	0.0683196148028299
-0.40666726168958	0.46881946129474
0.663498825716907	0.914392863490819
-0.3082789817827	0.321932359852375
-0.788681624919386	1.0760927129335
0.0852555386291294	0.0826648489181721
-0.0515790616599427	0.049582986780275
-0.149623500915271	0.141365066699976
-0.196836522644366	0.219214157774579
-0.13170548041401	0.132542342165428
0.0061487201479519	0.00604940581497297
-0.238328241815208	0.317138509679261
0.00676736210462246	0.00627839585697503
-0.314206877248301	0.400668072641681
-1.2165993442151	1.61830697825138
0.740621386005128	0.716375045037553
0.845846953081435	0.714973032125146
-0.38995717249119	0.276378670243734
-0.375944838067394	0.319642580323954
0.396154537368834	0.226335141231484
-0.38995717249119	0.276378670243734
-0.265593879861676	0.194154362331262
0.69380957109998	0.724947986247997
0.453963750966201	0.642447172126588
-0.340677813012864	0.394451116186501
-0.210799669298874	0.257871382688503
0.125384605987169	0.148857882112024
0.312155600072605	0.412294128631826
0.15239887484667	0.163138110989229
-0.149352582633596	0.141073973570733
0.28992496132959	0.326173430891997
0.664558018669459	1.08049895693197
-0.0861906693128581	0.082312755223813
-0.384728469617392	0.466522838234192
0.251219970140366	0.23171765223983
0.111664812641245	0.105351635778268
0.0314037568056455	0.0328888446830943
-0.122030848557466	0.149022334150612
0.131023423889368	0.180141171972942
-0.802157824134485	1.94211405384799
0.153437332099252	0.18297815374657
0.359145687655056	0.501340750432077
0.13358145235954	0.134534467238697
-0.0389019748898131	0.0416513484290007
-0.0614350319416247	0.062452068287059
0.116948845288014	0.124390356807224
0.00958470876328033	0.00834677332864031
-0.326633368204849	0.397578786852066
0.0682028274702606	0.0739288271947207
0.30168402944	0.3688251318992
0.0743364040159578	0.0762627607835539
-0.121172742096532	0.107779096977139
0.558832337722266	0.623819963030267
-0.217496910387678	0.16115931261989
0.403623493046071	0.460292248295069
-0.197748275012939	0.208710284507299
-0.12110353470215	0.107732046439332
0.152133311765539	0.162821466986357
0.0852304633754955	0.082641211905916
0.537803399250069	0.899738743501665
0.100157721941067	0.0814834046349127
-0.207469577671072	0.181877426480254
0.196857180322845	0.146002107202353
0.715379835872052	0.720314515791548
0.0835937245357483	0.0559856134374031
-0.276702429115641	0.289764721490904
-0.300451186741436	0.366308791724845
0.284991391827496	0.311248699802727
0.404099086800231	0.514560422538892
-0.417541844193066	0.505301715847017
-0.211016340077721	0.258254678213078
0.0744510815057481	0.0763719067527151
-0.222018398470206	0.23376803853065
-0.536557111629011	0.645211276924497
-0.543084464322224	0.716257138570907
-0.09446280902586	0.0956094225867679
0.481346415867066	0.500447712648715
0.35197682419609	0.444938359427495
0.467174566407722	0.568037666846869
-0.0246448746009246	0.020868138351255
0.0214424104668429	0.023066537430395
0.0223086954336394	0.029686150145935
0.53060124392077	0.945302796216887
0.0450618713531242	0.045973042622831
-0.249486316453961	0.344959428041994
0.449703695183846	0.697296565615001
0.0999845508623432	0.118203615086013
-0.267658051838821	0.29611848717669
0.0121874977443765	0.00988145871015855
0.34801573174823	0.41714344125393
-0.0567621647203583	0.0511093546654781
0.40398460439853	0.567566890160714
-0.4903720758587	0.762136799501703
0.247698488718907	0.284679254183173
0.98217332935656	1.6731536851078
0.123429301501275	0.0917008205826045
0.0136911812928039	0.0101947853425603
-0.448825651995445	0.406059242686012
-0.627085632161383	0.896865243570288
0.345741289764588	0.403002326644462
-0.542871485347094	0.715948626985675
0.14050139907771	0.109464650606906
0.0847964428618657	0.0821937317142908
0.402346094852607	0.431015237776848
-0.253195876231545	0.203489097603235
0.276689402129867	0.193541003738113
-0.00812007627609931	0.00523422313712623
0.1962860685332	0.145492733094516
-0.586392485343179	0.840523392192518
-0.156759229543679	0.183678618541524
-0.175413681743206	0.185588295049784
0.793737414428035	1.65805070204116
0.0768648431623439	0.0905231729225628
0.16079224912435	0.177192036907181
-0.1264622368496	0.119909108281309
-0.0570640409557239	0.0514013920022845
0.229137268462453	0.241171286579893
-0.300636362212244	0.366572126782949
-0.276656768688183	0.289697496780105
0.795167765054009	1.19363634457098
-0.479792954338252	0.522470077974857
-0.585111285090577	0.667067298903335
-0.690435189013141	0.864457341509932
-0.294995062041105	0.325536933586384
0.0346610636760765	0.0269987445313969
-0.207270838175619	0.181660898018986
-0.144259692303581	0.118848308869099
-0.00724383188401597	0.00570968053471105
0.289802051886393	0.325885780478518
0.404017906329827	0.501117316033077
-0.358210767389555	0.393352268418523
-0.612932205628658	1.12844643798232
0.374056337414672	0.600534394339504
0.263675994041109	0.328680962450816
0.181999911463106	0.160992475454287
1.06393570053701	1.23852577601073
-0.13980806194882	0.105954115201706
0.250632505219279	0.155190304364966
-0.406125511679522	0.539129980453991
0.153704705322679	0.183332313153631
0.32617625399395	0.475054072561092
-0.529492139026585	0.574212905054164
-0.394558305008492	0.432142001231156
0.0854141532582469	0.0750766301503132
-0.433315405412224	0.36468529227267
1.12435395672748	1.57431867095094
0.477868931388525	0.514072460686603
0.323784177101831	0.310936099608963
-0.0889943685146076	0.0742173727169593
0.46732902619804	0.568252773898482
-0.518724251407531	0.498683219494852
0.0422801964941737	0.0299581726434151
-0.638649459914066	0.763750942770632
0.477898000166096	0.514194910927397
-0.536862091238127	0.645507089598277
0.213351368015293	0.210551326374698
0.221678016741937	0.180660947564713
-0.690362687781304	0.864303394871332
0.13350812231207	0.134445799630792
0.0964719676344724	0.0965649635559812
0.572315911301715	0.821906494142502
-0.351737144610455	0.276443296639625
0.917305485294015	0.884519673248624
0.084982866931897	0.0823987990477309
-0.354451785014556	0.430464890625196
-0.19121640075804	0.233921490982195
-0.453136674722104	0.546818516852523
-0.267754114955362	0.24897632238434
0.294088744395051	0.340402085793529
-0.207401941001975	0.181811371898043
0.769113165772076	1.03937670029236
0.0138096908029245	0.0102794649874057
-1.12183293118762	1.90305266930843
0.551658345638376	0.63587661734511
0.3133568651253	0.278502834108035
1.12420894479066	1.57585039459865
0.104890197196252	0.0741214964982393
-0.0071062495291996	0.00560242973203396
-0.0887886704007012	0.0740483788547225
0.328734514816496	0.327518394470434
0.298045438321263	0.354694233205553
0.130656745627781	0.115279767361235
0.505986606769442	0.738214495653203
-0.486578428775196	0.558312251145014
-0.348072065580547	0.319953059499888
-0.389876979031048	0.276305805054114
0.0728437115519764	0.0683130521112976
0.0962252193514175	0.0963072813256851
0.0241017806293605	0.021735693931052
0.104916523665419	0.0741539664078005
-0.00851306069175468	0.00548496563254253
-0.176657232911667	0.144499072642594
0.894210449762604	1.34972428745485
0.24231747321628	0.214964406454249
0.336985763699637	0.359035431166754
-0.648445759319625	0.696301911241553
-0.0436591934605948	0.0367887622290924
-0.24226266151181	0.268701775594458
-0.366195060823068	0.358654546087626
-0.253040656527444	0.203361739421099
0.293925838069938	0.340140398099406
-0.0783958612324863	0.0605303828558251
0.621568766686247	0.764838823067943
0.199483054677596	0.221351247604226
-0.384590021834153	0.466294019633985
0.070244409807951	0.0594226489831053
0.259751258126127	0.248733355538065
-0.0285856355601376	0.0223908339337518
-0.0521719642435835	0.0405916413329872
0.0425116604546674	0.0301227542204785
-0.308247401354388	0.321873072605471
0.497542826426404	0.461865884108739
0.399720607549941	0.385193537883879
-0.34800014738642	0.319824239085547
-0.20746739907611	0.181837249947805
-0.175517951014404	0.154688006532553
0.3133568651253	0.278502834108035
-0.584802269097793	0.735841230884108
-0.381250895975428	0.39566153436128
0.328708741264274	0.327413632058633
-0.233399806098649	0.217993841900115
0.58625618363338	0.802318072373304
0.642698153145477	0.929693074000467
-1.03241836892161	1.94454831641908
-0.105444395785959	0.100333954419457
-0.00722054879063275	0.00569185695502221
-0.039422728392816	0.0250015758755746
0.399377474592512	0.370218326516566
0.860929859976868	1.03510641748529
0.0852280866109275	0.0748921006113178
0.496843188184814	0.461045411988861
-0.282223181170317	0.244214739727755
0.155577763042114	0.12675741013878
-0.149306917465082	0.141010192309064
-0.586127512242125	0.805903261888884
0.229319868119669	0.241291317715579
0.259594992104184	0.248539612678683
0.675338636280449	0.907610543288604
0.600579933215149	1.2133061398053
0.123027506032552	0.119967177463933
0.308838134616496	0.397743215064099
0.229194598307523	0.24123695910462
0.399242719663072	0.355278158658106
0.533427808412215	0.67117767082837
-0.17464706630967	0.164403893894805
-0.434992409221289	0.475225331977669
0.0329381186542965	0.0325849189187458
-0.0862151240025308	0.0823383019918126
0.123125684396487	0.120092726668835
-0.24809631751147	0.260518038057412
0.736391458559114	1.04735564664405
0.161016303389902	0.177468078011221
-0.533103725747921	0.609862786006722
0.403896165629958	0.540802485968451
-0.17464706630967	0.164403893894805
1.1739019247392	2.68735296339114
0.399290891375088	0.369981162177048
-0.504831985514571	0.666964471546709
-0.057901561227542	0.0648380154198757
-0.0439647888748053	0.0370516440676019
0.228998028455544	0.240997605477331
-0.543035115210075	0.716279487404188
0.213351368015293	0.210551326374698
0.0453197731721877	0.0396568921569283
0.401511262723611	0.41591420151588
-0.305654007757728	0.282661647336459
0.247562446188191	0.28445194927576
0.213119659062096	0.210285003482928
-1.15784843698808	1.47428055782325
0.937995333154144	1.20206788072969
-0.149306917465082	0.141010192309064
0.462599801755144	0.593479607820113
-0.707040974055838	1.09261187696881
-0.5854620178327	0.632211695691394
0.259848746317986	0.248738850419908
-0.175603150725402	0.154729064740292
-0.449267707286113	0.406905085745514
-0.371913503874744	0.429594320787527
-0.233639790767684	0.218171731373356
-1.03808445716794	1.64574089764188
-0.451239508102432	0.650025540825481
0.0344604020902913	0.0268432799672991
-0.0463922010251732	0.0472486630404154
-0.394571496453047	0.432250949907689
-0.643344518325016	0.730543620846577
-0.175382284594946	0.154534299751699
-0.00663908391274597	0.00564842707481161
-0.638808858822915	0.764189511134367
0.253134963575551	0.299074165840902
0.751986224336738	1.04301124588454
-0.305875609292159	0.282987072028469
-0.927903019547163	1.25740964038657
-0.406561810936803	0.468524688710596
0.313443803340085	0.278563218740051
0.945814463647812	1.35863224103621
0.307590633702621	0.262093785095252
0.558644023033266	0.623655794964963
0.551302888864058	0.635439231042036
-0.256392825602632	0.254039748499931
-0.120782112593637	0.107404297576054
-0.788574565768808	1.07593263088496
0.106808293504277	0.110239918133417
-0.417444306945738	0.505125960091769
-0.253255909772739	0.309541768942839
-0.585450049633274	0.667601182711486
0.1836976569886	0.192016272778817
-0.207496907876231	0.181888172106529
-0.233426276459466	0.218007817692762
0.221576063976643	0.225911491742828
-0.411332721166494	0.400804361782218
-0.461970570480696	0.447447446289047
-0.198154180009756	0.20922291506461
-0.26777497108102	0.249000565988841
-0.174755916939228	0.164522453662264
-0.202784089724886	0.190200919463558
-0.146909709470453	0.130110654845208
-0.366061900277748	0.358443029132984
0.328846557451027	0.327658253771292
0.253320360742925	0.299354939727231
-0.0388592817508211	0.0351252351840217
0.259707032046635	0.248687991168709
0.181272602297861	0.127549134585368
0.0424032487040718	0.0300491191000436
0.632386738569048	0.755164881326392
0.533467629090016	0.671261799834175
0.621608378102879	0.764704764496899
0.0828211545760976	0.0645187912618727
-0.0627375529582938	0.0442656618107091
0.892750993039911	1.03908079661019
0.402310899716403	0.430809921401592
-0.0523304213441873	0.0407151963118366
-0.0760751911908723	0.0473951822819531
0.403706064650874	0.473808258857125
0.203880033687879	0.19435925509828
-0.308036594484401	0.321647225156411
-0.32631896973014	0.280039079735488
-0.824190806397439	0.816425881774764
0.323898865610119	0.311221953017559
0.0186333673940162	0.0125386230495905
-0.352061118010864	0.276728856939882
-0.876224520900779	1.13815793302171
-0.348266438118688	0.320269206180164
0.577116472908594	0.601815484151135
-0.381159087175222	0.395516759686594
-0.41128876973223	0.400747824114552
0.242245451866559	0.214907941078725
0.567084639062574	0.612386746375735
-0.0628240330612905	0.0443279840820764
0.0423019477325416	0.0299761365242794
0.399248732061775	0.340272428851806
0.490762156200957	0.473981561701064
0.307460395129849	0.261941177061266
-0.00703743988767031	0.00554808255638234
0.343006217143766	0.388215504795035
0.551347302028791	0.635571265490486
-0.00724383188401597	0.00570968053471105
-0.175382284594946	0.154534299751699
-0.731951369822016	0.732532044015002
-0.154859574054912	0.164264429680801
-0.248292809998359	0.26073162829819
-0.233385457362925	0.217948927280413
0.927747119026889	1.50662676958751
-0.00669638793103322	0.00569708900291709
0.273788969921264	0.280868279471652
-0.0437223675711854	0.036841930636138
0.46966631101919	0.555062778657036
-0.529807099895407	0.574727958748696
-0.00913897326050833	0.00658970720462946
0.481423862233605	0.500530727097857
-0.00720201556800589	0.00567579281817516
0.0633403400153497	0.0471142896651179
0.0136371193147699	0.010154669463261
0.155727070570055	0.126878282094664
-0.546000896888308	0.752069276711039
-0.207516075733724	0.181925954217484
0.693510431571189	0.724798823268352
-0.381280578380286	0.395699884760492
0.0596970367017037	0.0541269852955634
-0.248076302234854	0.260455095605687
-0.371895341782137	0.429540989178832
0.221771705182593	0.180750794860228
-0.708867415236769	0.800905407826946
-0.746880785015513	0.697457472057385
-1.28464609413419	1.6193901779687
-0.253188183986639	0.20348201069738
1.08087652843121	1.5567343490016
-0.584803847820132	0.70151424437011
-0.121040921624114	0.107682257526612
0.400333947395274	0.400227524530464
-0.699316912381997	0.833432411989008
0.644559986072141	0.746243486322818
