x	y
-0.816833246748329	1.59751934593071
0.161697933597166	0.198142572789848
-0.0568272689701291	0.0511810879168769
0.594098812719419	0.793054221149685
-0.120574564581963	0.153009321907597
0.0767425714489669	0.110635955529554
0.0969607078436483	0.120630128580068
-0.30387698761733	0.483741438882432
-0.17025862645839	0.257816452371752
-0.689306715311817	1.42856149928837
-0.336336918581107	0.571214053975284
-0.268950443864076	0.399818423888041
0.144921669121562	0.168102855268062
0.0450371682342025	0.058781458337413
0.256684658645735	0.404571054283859
-0.682080188434542	1.68208470879683
0.792175872132312	2.21826693631088
-0.4700779492204	0.808690272126089
-0.313355456882797	0.434321672390524
0.691176136065732	1.22550826871439
0.361601141266124	0.517151788070819
0.199400992549361	0.252236208717687
0.161943570370518	0.267589259417828
-0.27884877551852	0.484585301696246
0.287251501847572	0.464949960182812
0.15005694961483	0.23571849313703
0.129941955537665	0.189277393602256
-0.132857143710526	0.18122122655588
-0.210790664161772	0.257879005308547
0.162005171631291	0.198614960938683
-0.0252195674870189	0.027001155200506
0.193811114191145	0.310727702479129
0.295532105874122	0.49866667108925
-0.255209347939563	0.429081351355354
-0.0305404372803069	0.0410638269581987
-0.259113691347494	0.345023077893795
0.115545451287273	0.133274810624012
-0.087974566406758	0.0985345469518931
-0.136363189371349	0.173364644174399
0.736826463373524	2.09824300561061
-0.737504286082552	1.22580979661601
-0.45246730508137	0.849542276837326
-0.108927960040679	0.174251892397677
-0.00717236037880799	0.00694843817508085
0.34327195640767	0.388865041015757
0.29772846956289	0.354168963283689
-0.149577836900223	0.141325114924482
0.452160028236188	0.815454543613699
-0.189541388983255	0.269746528464295
-0.195598050932181	0.336590336433034
0.19022165900151	0.277156074991
0.153085731923436	0.211773892103789
0.261395420972511	0.480638321125713
-0.194512421271832	0.267707022860231
-0.025256199365192	0.0270420440452555
0.336985763699637	0.359035431166754
0.103884900467484	0.147068743735428
-0.241975997351643	0.37020037190202
-0.156473460071647	0.18330165420984
-0.949575598018546	2.02356971518114
-0.191474734705882	0.234374587961029
-0.0174215851461755	0.0177830193713211
-0.006445788694339	0.00548326687521435
0.454124209255858	0.642754999031587
-0.53986856812465	0.680733062709452
0.549484505090487	0.862458824018489
-0.232498840203433	0.344033314450839
0.110623779051344	0.151154964485
-0.0229283776589828	0.0307930172740609
-0.384534529990631	0.756626152903522
0.186937915494188	0.348004540785711
0.302732825587915	0.684274315161716
-0.0385275194991964	0.0518536636353632
0.0469209123803295	0.0589382180191159
0.144739852376438	0.167844666611511
-0.0512635330746654	0.04924919530698
0.0202930766075981	0.0194512213234959
-0.278769036777548	0.484415290234317
0.244346018875841	0.463861106837912
-0.278603630299955	0.484048768977495
0.11727313649788	0.163815192489193
0.216438490195026	0.389339740838498
-0.0973304940004706	0.164425818115616
0.261534264940483	0.480894821120662
-0.225926418116422	0.344933598728661
0.04713209799919	0.0592167960485871
-0.011646684371365	0.0124621484891533
-0.221205683802429	0.348251511618671
-0.259991628149242	0.373191619823723
-0.205859788634053	0.354706528031435
0.0515583619106052	0.0782561807403416
0.223590705045756	0.514408371907379
0.318180448543342	0.659681186878243
0.106793567602952	0.189789521113667
-0.0868611457450663	0.157392046415847
-0.154496707151109	0.256384864773975
0.643535468862757	1.87823642403964
0.161010112686685	0.177468621579687
0.153334021156027	0.182817934860716
-0.196378710643186	0.298487707461547
-0.885592859655006	2.09940808138322
0.160457822682803	0.212094797713527
-0.450783697372112	0.967330145134835
0.145706007688237	0.196774669896246
-0.44972616122084	0.820473112180502
-0.0943826874402423	0.0955231248601224
-0.221985881697172	0.233738202657927
-0.0838224382724038	0.0895704727099741
0.273335480113824	0.358850394373361
0.0975226964063552	0.121376647776789
-0.100201703659044	0.106903297379898
-0.552894395252847	0.858555834739903
-0.175959639123778	0.196303083631111
0.355655325133888	0.472875290307596
-0.325614515674546	0.320272011047393
-0.0839811742012904	0.0897513104594513
0.219546522216092	0.264732288914483
0.152274516012452	0.162993453388121
-0.520596047651337	0.808817520227259
-0.0439637737576024	0.0492085325665914
0.265483307767446	0.43608292369535
-0.554500829480491	0.956986498590582
-0.669115975273309	1.30984072627875
0.227410533290152	0.318717204721266
0.126593582102953	0.138613855374363
0.0362538966954596	0.0423781550570426
0.0661864116309619	0.0757576645701017
-0.0391117004135616	0.0353684167663608
0.506183585698643	0.73841385867746
-0.0944971596214926	0.0956300704945544
0.502440085287313	0.749652316696106
0.562130999585506	1.11022941543348
0.232230980626719	0.2954126997743
0.115498676100209	0.133232742394077
-0.214948260453666	0.251087819922388
-0.551195654054336	0.82385430746163
-0.117610348521406	0.125296283272561
-0.267584466901762	0.296040799456724
0.126641312724421	0.138729871835457
-0.447569978673832	0.7930706985763
0.0960879320230357	0.104689164957127
-0.369896061159137	0.533252236375684
0.0778549551303517	0.106971451663689
0.220779739582668	0.302053639650274
0.348435312904461	0.582460216497491
0.0216911924607722	0.0233362738836774
0.322892217060336	0.459148451292264
0.488468612810774	0.90255069724586
-0.377880507178856	0.502098848692841
-0.889214350832882	1.63043416497434
0.122937910898587	0.119882434929787
0.0594275433210548	0.0538606892885733
-0.237054742378642	0.276681670450462
0.00681705279024829	0.00632427398739098
0.455863219447657	0.630053920296833
-0.627656199191815	0.898505422033682
0.490016952143001	0.85129447198327
0.361266128275936	0.666185643192119
-0.105720571015329	0.128900977976034
0.043658861830156	0.0471278724683206
0.134423881629974	0.163985817492203
-0.0611149540185807	0.0621045807798971
-0.18712213498165	0.238759623222651
0.000292894137578996	0.000339539770986224
0.145616726244571	0.196633722422575
0.492790956744155	0.80226111233927
-0.121702309410415	0.148667752439817
0.301628545527054	0.368727536699728
0.451355010208965	0.668948930982965
0.36620383513234	0.548920259511666
0.527183060367705	0.977981173439584
-0.120803868911181	0.135290370091889
0.0896764390408917	0.103036891345357
-0.211206802906819	0.258536346031701
-0.387428504441885	0.536886100152874
-0.222149139644594	0.233928307804521
0.00956015374178987	0.00832549227195899
-0.215133191677862	0.251361762845437
-0.017919432781321	0.0200088714835916
-0.332861048404984	0.599371022477141
0.524268553937159	1.03170125132212
0.283006762651983	0.390670315539521
-0.632372112209251	1.2720347968205
0.357497353757583	0.487185656685867
-0.0726555181640116	0.0814197365083627
0.315678948511904	0.427510483358438
-0.326533340610113	0.397511992130392
-0.88487928599353	1.46294167173908
-0.176069045969097	0.186400882214006
0.34327195640767	0.388865041015757
0.0596318071815013	0.0540664394067229
-0.302344571558925	0.4024063738481
0.213325558159538	0.25038317143006
-0.17526676624253	0.18532608078065
-0.475444644013764	0.894947601415631
-0.132665662806913	0.180921253263859
-0.0388288519241923	0.0415680977979282
-0.17290909108433	0.2116682576584
-0.0907970746432348	0.110528538012648
0.586871709367582	1.29533962998443
0.220956400643326	0.302305847613564
0.214017227278116	0.2854450791314
-0.0609448105857478	0.0711380189131134
-0.414699043626615	0.573734655624849
-0.370084531004122	0.533612742573007
-0.00678638494181619	0.00577320431691339
0.354265753005839	0.617043162795714
-0.0175005577192737	0.0178629008070237
-0.090150511201503	0.105503952484619
-0.117544753686161	0.125237987302052
-0.0509249547501545	0.0616765417164604
-0.73807606925835	1.22706522140476
-0.30047607713968	0.366349605389621
0.348211568848521	0.417400160268381
-0.121566826205977	0.148464280857981
0.365503355039997	0.709345826916827
-0.120073888493049	0.157927087246078
0.226297824304819	0.346984837791212
-0.012089249394698	0.0129365969260384
0.710129174901251	1.58656962359791
0.524108807283508	1.03104862896322
-0.0683403266832583	0.0731022367318213
-0.0166167139033917	0.0200043541147571
0.529159025014172	0.961806864303018
0.043905058573829	0.047410869208796
-0.175915725554261	0.196222917459927
-0.105680637922996	0.100573721989031
-0.486716487312428	0.558497168222317
0.333231489079372	0.343680285739857
0.0345047109930047	0.0268788020579371
-0.241903917035464	0.268220055324912
-0.444471420436365	0.511181200836667
0.0662067720495921	0.0757875112056058
-0.0770291248288327	0.0936536124093271
0.089467660532146	0.102754337552713
-0.259842167506525	0.37292544816451
-0.136023667771769	0.172888669347055
-0.622695097014622	1.00163354648851
0.261671197630602	0.377678978954715
-0.268732713702069	0.399335736972673
0.193553498447638	0.263558216210067
-0.0173063008863272	0.0193186709889673
0.178332133497682	0.230698235373117
0.287483436278704	0.465495833048255
0.143430185596275	0.149009559653022
0.336916743116093	0.358981600039802
0.256246943981993	0.361022991786885
0.367816346018595	0.809625294427342
-0.120740447662173	0.169947393749143
-0.148943847903031	0.254275934965308
-0.585859144570621	0.805614983104754
0.0250474923790551	0.0284682887420257
-0.408329523880705	0.634143992206007
-0.368117179396206	0.763100642559794
-0.324621438709967	0.600741426591865
0.193786778105097	0.264026295287147
0.487685936702311	0.990372853252611
0.611310711404198	1.16603487781078
-0.230564746860376	0.318511863846095
-0.279963080680346	0.402453161440577
0.0279378671615072	0.0333723279374244
0.106413419030327	0.119349512176034
-0.414960373039076	0.797944849097877
-0.210955310592211	0.258181127477261
0.0963939033026304	0.0964336947849694
-0.126478873186131	0.119929490489172
0.23576708395182	0.255758990780795
-0.656839042544742	1.09392175946663
0.696693314259635	1.06231545286727
-0.471674580872298	0.836803682154664
0.193409515606821	0.263414593151675
0.055161787294138	0.061345058973247
0.554500537035172	0.85198740014318
-0.309214257242289	0.461367968881948
-0.548372667317342	1.12661578439572
-0.063053054142227	0.076444400836223
0.144731258098898	0.167827390822078
-0.0071855820675668	0.00696174759117236
0.0330481282489045	0.0326982326716797
-0.552927011248454	0.85864150604933
0.894111466194283	1.34983930389633
-0.0534682430717372	0.0572445538607474
0.310809682268429	0.583043244554916
0.0198759256406483	0.0242025403788489
0.421871518159175	0.923492949771236
-0.267470547097974	0.295893860470176
-0.87587583760369	1.81675651748884
-0.723562439049061	1.28968229105051
0.135702000711052	0.201730223318707
0.30241496953866	0.460073860794482
0.365972277300389	0.548581615722695
-0.280091668679474	0.372985288416443
0.0662552176632854	0.075843466869091
0.160910383315714	0.212828499412604
-0.571050317795514	1.26990906347418
-0.105434930032507	0.123445083563393
0.0828018477606824	0.109796801537972
0.099884671462584	0.118027217728707
0.322831452877947	0.459084616518735
0.0852664167401115	0.0826574525590604
-0.745319707284454	1.19410913691291
0.298309775729756	0.354922848908856
0.106745632755841	0.110165603928769
-0.0730035012458741	0.0818295764523973
-0.250150556282626	0.370937929273247
-0.302630464127391	0.402987902982819
0.00695247960151452	0.00644905790134664
-0.238377001960829	0.317206768731795
0.0562312291066926	0.06599146059761
-0.0910474363866295	0.110862731980103
0.734215948641287	1.36082867403359
0.325768207006592	0.563865808494745
-0.454933900985932	0.878396056322942
-0.036108132793071	0.0348129923282717
0.315832124256247	0.427634411944136
-0.132732248457642	0.187195419459452
0.0710025407726326	0.0955283651033414
-0.117005077963402	0.176031901518684
0.183630022681567	0.307108763816133
0.0898643856169047	0.103270917078603
-0.231632276996725	0.28335847616499
0.0551209757900922	0.0612919656513169
0.56991736152811	1.06169246408559
-0.40829495044094	0.634081611313761
0.449547167252956	0.696872920081002
0.25670656836202	0.457368798537973
-0.446890963061236	0.93453820549204
0.0450042181875649	0.0513454902176066
-0.983013637591236	1.67809709798944
0.170016349987948	0.214063403833538
0.710121584653468	1.58675332135158
0.17613104945992	0.244855687417988
-0.00711311784318605	0.00689145270463898
0.12578255249614	0.149360758991915
0.0545459595332279	0.0605757894571584
0.214245978497289	0.313965332473274
-0.757645036958464	1.57236984055143
0.227297717046847	0.318838567318401
-0.318345488364146	0.539678718302628
-0.821853313806451	1.75427720910811
-0.146941291373115	0.221848123999218
0.109799020162862	0.158572780728803
0.338978948775469	0.662025474317972
0.105361512890659	0.159099879245262
0.0269478483290785	0.0348415999222064
0.100833613646782	0.149672352416503
-0.402419123139761	0.709778230636698
0.416061012614248	0.980740027300414
0.266441894683669	0.511490972191783
0.138500613067858	0.194925231760891
0.51045313494332	1.16286341640036
0.0970933093853955	0.150181245390503
0.156903444191607	0.235297291515978
-0.0166498718395239	0.0200452112114086
0.226337380753113	0.347005002079256
-0.161746719944693	0.221576659549184
-0.20042430726198	0.266161651896786
0.265449012771971	0.436019095591226
-0.200299766619477	0.295036227139353
-0.0534401884489491	0.0572172300355221
-0.0577816918313412	0.0647043783131287
0.145095308427343	0.168301027068964
-0.302440003200488	0.402627344874438
0.256299362718117	0.403861905155216
0.261865875866043	0.378059754302976
0.0135833971161228	0.015004102274811
-0.162030723017876	0.222033070899749
0.168127546024751	0.227835111131943
0.0665992524356586	0.0762537616999425
0.0942811111756129	0.122860409653757
0.0761992579980801	0.0943715172610491
-0.148846337556282	0.196419847729595
-0.445021798184204	0.764575300637423
-1.15455338696428	3.42439400601961
0.305253362486474	0.38306726564524
0.502764017475253	0.750064283324898
-0.0682809045025816	0.073033626465109
0.105981067248753	0.118846070931111
-0.624263309535999	1.32408782657724
-0.473924166337122	0.866624196562185
0.368786344186532	0.565941632888109
-0.158779186824354	0.224749041587361
0.0382262703129138	0.0468740889829515
0.506263978191182	0.738518729845656
0.53343629309087	0.671272205172438
0.214115096183783	0.285585814769602
-0.0772444409764904	0.0783429917413094
0.330188477560841	0.492597268354368
-0.387238125733793	0.536434580430823
-0.246125550698322	0.314432838917611
-0.122033042695619	0.143004014043921
-0.367169267432463	0.663676098424967
-0.0886700099913094	0.124299408968891
-0.311263614874425	0.511642758652031
-0.241686056534902	0.405758613461713
-0.227654455505038	0.393225258578499
0.0634038065699134	0.0834154753310288
0.454171838605338	0.883954602570944
-0.236696008123943	0.433398269817506
0.532306502432652	1.28846059933737
-0.0754657281987691	0.088246170862515
-0.444392589709801	0.614771682320041
-0.23083030305352	0.318920497511028
0.160632722672789	0.212414712641616
0.129942698652472	0.189266138831517
0.0631940978375913	0.0831276241819957
-0.146703398162811	0.221407746729804
-0.356312387424104	0.662059978192919
-0.0920158756143702	0.11630432760015
0.423584300786616	0.889204038143222
0.223286706219502	0.419187763624181
-0.0223581972597283	0.0289792427869586
0.214286545565715	0.313970793721284
0.185704832740957	0.246442951963613
-0.0118234055991426	0.0126538031794955
0.074845524065739	0.0969849500429092
-0.0633534966363067	0.076845776614395
0.723923093564155	1.36650699455425
-0.0397369650534802	0.0516190423146544
-0.0334554117632154	0.0418842850272027
0.20700994901681	0.26901050168745
-0.0885592077796831	0.12411191503807
0.0557896851046365	0.0654675083797536
-0.351281819320573	0.467288127952674
-0.34260920698167	0.599535584098736
0.109898909069399	0.133593693062171
0.0000018402893069856	0.00000240781268446526
0.168772395714409	0.228977305636696
0.384550311543813	0.673393283551564
0.246031992861647	0.370880304162161
0.151876979335342	0.195483100727865
0.595283214568482	0.980787443598524
0.289614364949298	0.325740326623127
0.238350077679665	0.311192992714878
-0.194594214325783	0.227688595897141
0.109533826709938	0.133086625354742
0.0331706607449248	0.0328125489188266
-0.346006284526548	0.498821101425861
0.05078801176227	0.0489535167844713
-0.182545524206198	0.242018786585261
-0.136430875793096	0.173492921934733
0.193880312783664	0.264188088711094
0.509847914534777	0.726908377448257
0.329005375426055	0.327762862074988
-0.112361598686674	0.113415945650378
0.273741176953228	0.280755420919026
0.404173852838235	0.567932048623874
-0.493103768878387	0.794314918541143
-0.152578697275281	0.194315143873068
-0.0515237108374005	0.0495263352124406
0.122913367731402	0.119846502402989
-0.323147808516232	0.465524372552824
0.144895877800041	0.168067120128451
-0.383748634667585	0.595382270536387
0.177033608376242	0.206463188046506
0.448685413969827	1.0185127188334
0.722797387909753	1.55926902241923
-0.0246526047842058	0.0263787480211264
-0.217895257631812	0.353578266212266
-0.0222733206250665	0.0288649373708125
0.454155610789167	0.868638817935523
-0.345947614725034	0.498753765515446
-0.267527507528697	0.295970142394668
0.451317532553895	0.668872339341591
0.0975393519430432	0.135187480066566
-0.136302388426415	0.205507040344108
0.423579229262662	0.834727872639742
-0.23174503677122	0.376864463967207
-0.0613378763700791	0.0716310463994701
0.0970138219208271	0.120710407906841
-0.145435383161767	0.212383548159612
-0.196831524273675	0.299222911973381
0.499666771661102	0.762334123758509
0.206218887783303	0.235387605546345
0.639547476632802	1.10507042123934
0.816532717643722	1.64614223958035
-0.0613151871117277	0.0622923265527159
-0.211016340077721	0.258254678213078
0.0549945986786143	0.0611448929389786
-0.205514827639957	0.293117406311358
0.0437985996315228	0.047280179650628
-0.420735234561705	0.721445579203547
-0.0925662970909695	0.121127411791047
-0.340408258940519	0.394078138005754
0.0853288789791676	0.0902336946249378
0.589623632490977	0.992345333692069
0.0684428992672558	0.074201312103374
-0.0461785720416671	0.0470334793217793
0.106672116173079	0.13630279035611
-0.191641813092017	0.234658591644759
-0.0942777097832608	0.0954030486624705
0.258294499410295	0.313488815557464
0.232404192354904	0.295656698915143
0.250755670532472	0.344625133135731
-0.0611629091737324	0.071419395028719
0.644676163749787	1.30739297992054
0.452406841282063	0.655240607310897
0.404003274921275	0.527785144843188
0.235709990967675	0.255682194539081
-0.0773500472670978	0.078462191924144
0.35174902055068	0.444602093639933
-0.241853704395799	0.268118854944764
0.584459003021927	1.00402604064836
0.666758791285567	1.48567959353681
0.273896097807249	0.28100612794607
-0.276217339846209	0.337188561215925
-0.0725650724715613	0.0813091100043877
-0.422932072212137	0.609758591908344
0.363816251401834	0.532747830069999
-0.169644741538887	0.216330877373278
0.745093514038648	1.35519140820028
0.357431984600362	0.486983127291296
0.293999204173865	0.340275059953891
0.220592866690824	0.301733961606133
0.654720873285037	1.27844583012974
0.238340965977988	0.311177233237431
-0.193145413289878	0.312204956409011
-0.0806930487110908	0.105406097752824
-0.290487812834399	0.3708391493679
0.242068084369736	0.214706143561628
0.279659302240486	0.296208724784815
0.349861936023247	0.430726829252348
-0.122525291481748	0.143621748797326
0.201977708628156	0.307603201832832
-0.105739647637518	0.133906288109057
0.277963374992044	0.430691787512299
0.722777479934161	1.55929870066265
-0.0125481024753748	0.0174352513308167
-0.0919894263750459	0.116275979303687
-0.470228716462463	0.809163099154509
0.363789672336931	0.53262870341933
0.403716414774753	0.54061475951903
0.056465845885074	0.0695912033331494
-0.285031249515752	0.481122206619763
0.13572890512317	0.153003268172431
-0.372355812803866	0.430179269474438
0.36898387824349	0.566292535664596
0.297245066207545	0.441437323398123
0.0958625026080037	0.104435646373542
0.0943696266562909	0.122994379066421
-0.606549950060583	1.1848639127535
0.232367005804695	0.197795746955841
0.301559549127854	0.368629640694275
0.357282150363339	0.48675530332393
-0.269993273464713	0.373877990344321
0.288129249429585	0.407841084699121
0.282510703690486	0.389536092113004
0.632520526279613	1.11503281751212
0.801539063712799	1.834113389402
-0.577616494583746	1.12689726082482
0.31531239547363	0.426740366198219
0.095975217519405	0.104567187948988
0.957437968669607	1.66420951442001
0.242245451866559	0.214907941078725
0.294308686457748	0.340650113733747
0.909595572294101	1.9496000333461
0.192557679806252	0.237222846281122
0.239865573400715	0.353104734946278
-0.0946033325355331	0.0957555150577207
-0.210825480743646	0.257950386568317
0.0329406339832624	0.0325886069998513
0.185022863094154	0.221867319146612
0.220116915298328	0.329903334627396
0.0203678693028319	0.0195223601200853
-0.106525839874287	0.12999572359474
-0.276078569218613	0.337034619478298
-0.131766464071977	0.132623555677408
0.454695213789401	0.932800502213114
0.0107114235396982	0.0127274028063254
-0.175616397474877	0.185812266979749
0.674849474080548	0.730999872092666
0.558483718090049	0.62321069963519
0.333231489079372	0.343680285739857
0.0091117151674883	0.00792933233380246
-0.632198664866997	1.27041968971082
0.00117599772340127	0.00126068131684071
0.201446911235527	0.334637694874786
-0.133451109816646	0.194457083618693
0.145755185611338	0.224992129990029
0.201343545775954	0.281260321885605
0.0328454997234624	0.0363683633788475
-0.546536793058206	0.75270456339766
0.221453270454593	0.225763720400548
0.330592336112812	0.493400239375565
0.214062015736232	0.313636121746888
0.225763722831299	0.279648156452244
0.513870138010044	0.7153624959052
0.357429606554088	0.487032384456597
0.460107446535799	0.605433985829487
0.346011532253793	0.403403988543055
-0.084016668246923	0.089775533163593
-0.165392398679364	0.218838167131952
0.0633679513081685	0.0471373608322451
-0.126511508828205	0.11996525272437
0.377250796777924	0.619604837170531
-0.250326147186207	0.371325439670855
-0.0388168285281466	0.0415622737489819
-0.498581052429103	0.913483432743812
0.488048082935941	0.919422534486332
0.115143102543917	0.150866751789292
-0.169723703289655	0.216437406525528
-0.212158504027745	0.292594731246595
-0.44460410127812	0.763356941235243
-0.240785324029316	0.344904152282875
0.604083890449094	1.1978163619256
0.404358660915933	0.488205438974438
0.289622466908748	0.325729413214914
0.285005679784755	0.311251957596991
-0.0390222992866451	0.0352805732672455
0.0629454319814963	0.0626215888946844
0.37396712321762	0.600598365346408
-0.99783412774978	2.54340380931381
-0.182388568893115	0.241773548309576
-0.309407827711869	0.461742324764007
0.280770799589372	0.5048004976196
-0.524386121743266	1.04729854661189
-0.793379061104508	1.26934136535305
-0.0677271450458191	0.0723498037259242
0.207876756647202	0.297603068735756
-0.88940549108629	1.95134713487432
0.170538120545348	0.214844529567943
0.0194240446229912	0.0197341313987622
-0.182790370887856	0.277244995949003
-0.162017491848446	0.222006964288925
-0.237056753554536	0.276679598240773
0.155162852196121	0.147196896120391
0.528019898257132	0.68196433190103
0.294583424130792	0.229073862185232
-0.383632151494604	0.595034212749559
-0.434289450939959	0.836738018245989
0.0663732947653426	0.0759903984937959
0.231580657819449	0.362827468697709
-0.376629398462051	0.643242016382126
0.236373817829238	0.377889838217033
0.123491111262772	0.165860709114773
0.494864188264011	0.789005989659366
0.403993181828453	0.514368201776044
0.116316582738657	0.0986819578740553
-0.106014021630918	0.129283666372189
-0.314281755022335	0.400777763680227
0.348103169412386	0.581655842345032
0.213196892124858	0.210384602655992
-0.360276741628762	0.558242654335611
-0.0515486384974277	0.0495494753080587
0.469883814622828	0.555294964607166
0.399869767272475	0.385318945368857
0.115835650598791	0.133686532720229
-0.414956534209771	0.574290413146474
0.403007725212865	0.445711989988689
0.182247388355727	0.161295901250118
0.0281789356039433	0.0336697855537709
-0.393871724916362	0.653373825289796
-0.156569567568795	0.183440789700368
-0.637061089607071	1.24619070200026
0.176052004395976	0.244709817198121
-0.414949561299545	0.574483828300335
0.0551047320025854	0.0612757909311729
-0.554585869438249	0.957074724477174
0.25142425691229	0.387697645764287
0.20640959194511	0.235613056392401
-0.529898039231889	0.574715743253154
-0.977815966511226	1.38024276731453
0.401310378925919	0.415671406139586
-0.436296574480503	0.578348308579961
-0.259893383941896	0.30268666467814
-0.288660041641748	0.430018355306169
-0.011588047506849	0.0123970208072711
0.348515956444855	0.582526956650695
-0.0106981458642674	0.0124007677924151
0.277654402000097	0.429941989125505
-0.276473180064718	0.452358370602561
0.0132603227446512	0.0146375170134705
-0.22192090844895	0.233644636452501
-0.0679774611706624	0.0726826468783909
0.232178975756518	0.295325702340677
-0.434489378990956	0.675371196049996
0.0853181923559417	0.0902256030384159
-0.309171463151685	0.461280514132556
-0.680107475159448	1.25282593027392
-0.290555062126439	0.370920997230431
-0.376524928662907	0.64300348458807
0.145161705151273	0.208833343428235
-0.267747405558685	0.296226178074237
0.403609843740555	0.460165426010147
-0.540085827266679	0.680905964529673
0.328846557451027	0.327658253771292
-0.182616501065724	0.24214461574394
0.569193556307629	1.05987119278995
-0.30944382241236	0.461812976030937
0.213098809961286	0.250042802469848
-0.445315834466881	0.765292318946678
-0.577722644509327	1.12682949786488
0.37127072820932	0.582869861500552
0.125475761424484	0.148980376264961
-0.444282583657829	0.614523575166672
-0.0974192508347051	0.0870095940755514
-0.498896814545969	0.91426265991386
-0.0223841303201099	0.0259985394201837
0.278125810129522	0.374416688460428
0.0137249717108613	0.0102212947593164
-0.199678591786728	0.199081938189419
-0.585914016699044	1.01109945765885
-0.289258729333696	0.285610147408492
0.405125583830472	0.596672323080023
-0.173114586685478	0.211998972185054
-0.207274711100774	0.181573072787908
-0.424114659265007	0.438474036713751
0.322767647441607	0.458987789694601
0.628942822181101	1.37196160298473
0.492921459051432	0.802922950436094
0.170496447404174	0.214804063771954
0.337284801126063	0.527014528231178
-0.094123082098248	0.0951970739063029
-0.360550970461683	0.558812163768804
-0.978166710989164	2.14246688461357
0.168781960563002	0.228975341491828
0.00889743972115819	0.0092847670600239
-0.34055488514844	0.394293056425457
-0.381314867666226	0.395726806820605
-0.719833789048769	0.767669262259195
-0.0862316899606579	0.0823452130858867
0.293991065091693	0.340229275841395
0.106197246765957	0.119116612256665
-0.313313418937137	0.434249110517951
-0.222395462548257	0.317838292510604
0.489018226222282	0.885551732144507
-0.442360526664017	0.736228170226617
0.693918106592749	1.63075098559668
0.0946134380242317	0.123334880282051
-0.105354178170369	0.10022333084751
0.151417608901485	0.222479064488481
0.0665380428324938	0.0802760490575529
-0.061107425649483	0.0620982171548056
0.0213550239928965	0.0229715931051916
0.0959146917274269	0.104498149338204
-0.211975337810426	0.292312308302987
0.400461929227483	0.400393911885425
-0.957716662191766	1.23812382734132
0.735776105052048	0.882182233157828
0.675376721954894	0.907689252476152
0.0453915762216931	0.0463270166763528
-0.171751314321995	0.277122243678835
-0.121046758473733	0.135532826972927
0.520703114130699	1.08160567732152
0.408613796018673	0.644649810101056
0.226093605928793	0.346615566334302
0.38861998644673	0.707953536963451
-0.225867550799377	0.288548022808556
-0.0974160650927609	0.0869860912230766
-0.305664450426248	0.282699831027979
-0.21852332939636	0.242875405781708
0.225763722831299	0.279648156452244
0.134640000513549	0.164331133198248
0.242273434119524	0.214920943203559
-0.860178904125148	1.68194515923426
-0.548534145892736	0.787313352890265
0.472439834513799	0.541941175122245
0.467286509869724	0.567956730956107
-0.00692258994190108	0.00670634391552571
-0.533363324424343	0.610236945462256
-0.248210883909527	0.260646665418004
-0.41764980270654	0.694166937169731
0.318951916073385	0.530292236504748
-0.138987946612216	0.162892651902657
0.232334988731916	0.295569041262156
-0.450834407240724	0.649175908821402
0.17500143341894	0.177332559550104
0.106154270541685	0.119065663909646
0.244341867733453	0.327328935313567
0.00877866796560214	0.00915890899690678
0.64047563181075	1.32358809117059
0.579185144651906	0.812452391680388
0.213105558473523	0.250121150787456
0.155039992522015	0.147072603905421
-0.00831647071794103	0.00536026035772822
-0.366804975634313	0.466591195779395
0.351754661017958	0.444597483277344
-0.468861866051413	0.620370204365144
0.302507414412381	0.460149319004647
0.207833014602377	0.297526512856133
0.282588974493225	0.447464721841388
-0.230636737854838	0.318635678344629
0.201033454980312	0.280878245995194
-0.465118706753123	0.749101334008529
0.152644278022673	0.196626515022546
0.178381233471499	0.230769089499684
-0.296432444161795	0.456792699558722
-0.0636105878624317	0.0771856280999795
-0.149521044992532	0.141273574492405
0.14070213484975	0.213166973155372
0.0214915056031553	0.0231184928628486
-0.422459700250656	0.608843780663162
0.278915642115637	0.493474704037262
-0.593177209204592	1.35430676329939
0.36382511235193	0.532766529456139
0.340387426281887	0.374246315400579
-0.17607245836412	0.132033562000342
-0.00686023551827711	0.00583556579850837
0.21950650406657	0.264709916396098
0.0974451436150096	0.121280137515505
0.0553714937045807	0.0712103780180363
-0.172780674880106	0.211467552274688
0.341286952535757	0.545846162832048
-0.240421620499078	0.344248076357854
0.273014734678802	0.41351073677175
0.273377069143259	0.414020232494059
-0.845671128222894	1.35015312954088
0.232282984956413	0.295493798194008
-0.467922470423157	0.779516721145962
0.161816480205662	0.198338512145837
-0.0437772437948125	0.0489821899836299
-0.308141993914434	0.321797804411755
-0.60959054503874	1.15623771741097
0.954576255894564	2.27743811049168
0.76895208372059	1.03840999553931
0.829810712083822	1.64310996433672
0.106015196381801	0.118884360630089
-0.434908796910979	0.475079938805402
-0.00695881509584162	0.00591667868182574
0.0767500681319197	0.0903728081680579
-0.0170638383896255	0.0190413568765661
0.487718249317691	0.972744492985766
-0.514081257853973	0.739259204139047
-0.0176191278287109	0.0179874785528773
-0.0755513096171304	0.0883538214215632
0.41484026317571	0.714473122831638
-0.122230609363692	0.143287975230045
0.58707842010315	1.29634344861286
-0.100475236211123	0.107236623702332
0.510051164295047	0.727064383611952
-1.21639719378092	1.61823835162008
0.0829156549476477	0.0646117249720411
0.0574308532597156	0.0604289362515631
-0.384793281710783	0.46659823323465
-0.504653394549796	0.666771089891038
-0.134092012357949	0.17670766833554
0.306333668816714	0.476471999607452
0.220500427370837	0.363202045332858
0.488362988043992	0.956331486627519
-0.13298879632618	0.181389850050139
0.131167073590171	0.18036698227956
0.00124797869275484	0.00133857943235319
0.176886413236263	0.206259174109594
0.0553659044234479	0.0649219093246988
-0.361960371206272	0.635556628555918
-0.0145506805352413	0.0181674375082618
-0.371772659067415	0.429277908166857
0.178114129309274	0.230323764181857
0.119440234834554	0.149219688875414
-0.173346727965245	0.212304466471496
-0.703295449885424	1.77662980767602
-0.238417290797425	0.42473912110623
-0.0861986631547651	0.0823118942524398
-0.493108620302989	0.594436226253274
0.204204570547399	0.194681688651041
0.175377355570105	0.177730036232457
-0.253220870014322	0.309502568948035
-0.470293896672513	0.809262463161225
-0.36745248353447	0.664558571963372
0.488833868483622	0.921672045849577
0.0869405851075282	0.105227323849916
-0.0682202176225473	0.0729682296479527
-0.0606671261390062	0.0707871399927093
0.143637147304364	0.18015850079849
-0.135766856130602	0.144389470585603
0.70698253581531	1.38609153727386
-0.121957153463049	0.142929027596578
-0.0772609239711785	0.0939451538316684
0.603734743341859	1.19688800986544
-0.371946137782183	0.429598335673497
0.0569455680201975	0.0599100331710138
0.282903813831562	0.390512667953489
0.140299037116114	0.109293407400977
-0.730242814433263	1.25723645870691
0.70443226405951	1.60083794104726
-0.00831300788254624	0.0053575270356208
-0.0682575827945981	0.0654093764740782
-0.807603358794782	1.43605908182364
0.0657345038006968	0.0751722225952177
-0.137727857874516	0.168352178959373
0.745240865457576	1.35548489442774
0.12875351218078	0.165236296448277
0.238158689003943	0.310839052598509
0.368598033429997	0.565542067217779
0.0669038463965206	0.0807396110997549
0.161913290461515	0.198482683860611
0.0011263931361927	0.0012087290458582
0.379370245839213	0.636787011190667
-0.00663908391274597	0.00564842707481161
0.242208519292119	0.270598950684023
0.100449389523839	0.0817644026470462
0.221605537863287	0.180636771759577
0.351829516659533	0.444754697421087
-0.845703467726988	1.35031150952564
-0.218684125768526	0.243096951284253
0.407072572967478	0.627645356377986
-0.149454266841218	0.197413541503731
0.043792601570821	0.047284789525599
-0.836224706317581	1.88421246104385
0.307063641948546	0.478046943149594
0.213768445755198	0.285035408810719
0.918011492074582	2.11305240276178
0.0464544112350669	0.0557681442858617
-0.206355549803038	0.263598226741526
0.128874742512196	0.165408650512163
-0.0881968846243544	0.0988678660137663
0.206575475966871	0.268314496040837
-0.309718269800289	0.540270358685547
0.386703519932952	0.690902880356866
0.919901292835701	1.79952562068027
0.190237267333545	0.277339030847879
-0.156605265275202	0.174998288884676
-0.104163840457849	0.11673018440469
0.109039767937828	0.157293532857291
0.333266179359849	0.609926516647469
0.532285145189481	0.928557835114531
-0.340653211795257	0.394446361308947
0.652895903811339	0.922240800951984
0.301393205278456	0.368313155088854
-0.0900715292349229	0.105404613897223
0.16927677746256	0.229691309155449
0.00935675200000052	0.00976576747980566
-0.205447039840169	0.293022915454109
-0.373372920778976	0.695003749730148
0.335052927034612	0.623593282216783
0.40714244849755	0.62782693839213
-0.524354709450594	0.874957228685732
0.403708366970316	0.553850553365954
-0.456671726654687	0.683820897176075
0.153498094205307	0.183067533647649
0.00863989414416456	0.00901374654126915
0.334425567910477	0.510890153712695
-0.835255128609124	1.1866194626694
0.451423865827927	0.797277625598876
-0.0680049752670056	0.0651420333563542
-0.342760497953692	0.356841691493249
-0.00721517646837935	0.00699081529146751
0.514519111236665	1.13931000834129
-0.175755693492932	0.1860131669722
0.0991582109753559	0.0903689214126886
0.0901844798691872	0.103663063685089
0.0212352002732675	0.0228392264278951
-0.54896351216668	1.09827037930992
-0.0614350319416247	0.062452068287059
0.26242565991028	0.378913219122918
-0.260034440700342	0.302948494032408
0.491132492052572	0.81703185004305
0.0568247489305014	0.0700553739002559
-0.00729128537419184	0.00876760465603338
-0.194376321644344	0.267505302986712
0.00045259451646042	0.000521290236762685
0.0661082494184923	0.0756679691037246
0.145251485160084	0.196072488055721
-0.653497139960713	1.1274426199319
-0.155402027994516	0.164904941950634
0.814775296872042	1.34301715237365
0.832832557194316	1.19107279182436
0.294153767124947	0.340434949855905
-0.469157471254721	0.620687855407218
0.111435606515653	0.105098714402492
0.0791051460699326	0.08830053839108
0.33362598895703	0.509420426438349
0.595199372360438	0.981273575663303
-0.520593332047973	0.808713183788455
-0.317125857554834	0.489863404308872
-0.0312331989974393	0.0318403565592182
0.130381327376149	0.202684303454864
0.272936894101286	0.413349485033221
0.128528866839877	0.164914859988882
0.125487777899398	0.148966773714925
-0.236872097652879	0.276409583952376
-0.237052740689272	0.276671739260409
0.312085645565864	0.412157544650675
0.178856030255183	0.270389572433624
-0.39572127450374	0.570584745360365
-0.340620774978275	0.394368174331032
0.177025575713631	0.206472949229011
0.076441738568304	0.0899581260115842
-0.696427169132179	1.40397458374604
-0.504799598955758	0.666954554562842
0.52798236859026	0.682129283519949
-0.289293122926987	0.285632070384089
0.538793364758424	0.659120507187747
-0.173569427644358	0.246353537425338
-0.0511055162376598	0.0618685118330522
-0.0439577643417275	0.0491972663039175
-0.0221781038474318	0.0257515066984324
0.345126083830945	0.564490515135356
-0.0785278124837121	0.0990282257287159
0.421257154443535	0.78658866455454
-0.61833483374	1.06673282189478
0.152465506493119	0.163210028896464
-0.289266141304503	0.285629301801136
-0.245918180724844	0.314108677415205
0.488817630636939	0.939859796711197
-0.618638389526403	1.06752984278339
-0.294888599194322	0.325392942739999
0.0961143367246062	0.0961829013316831
0.183449147164645	0.261257187861985
-0.0226308249609499	0.0205466458845383
-0.196571190137216	0.218915729330789
0.145016035730684	0.195656593925062
-0.453704699026737	0.547962550346864
-0.237021442240185	0.276623789401923
-0.0507443746328122	0.0614484550964833
-0.428977066633797	0.642519584236606
0.319191901591968	0.442999038248515
-0.0458724146566212	0.0466953393072114
0.0897181198371583	0.103096312942554
0.289589824427979	0.325692213884521
0.123196469014912	0.16539793454097
-0.152385126221926	0.194025383180548
0.0467911815382118	0.0561949589580066
-0.0478310000730322	0.0557679161120025
-0.0119704350868642	0.012811462468189
0.239802902981583	0.353075715457403
0.0446698807113865	0.050947500425562
-0.231809318896937	0.28359405079611
0.0176423603992633	0.0205263069981344
0.490393657343254	0.833856315663945
-0.10570517046645	0.100598430815642
-0.242808994530076	0.21156964392753
0.323881598263012	0.311202905126171
-0.270013677906609	0.37389953741391
0.23593031328117	0.255961091075564
0.0593784637934381	0.0538162040211062
-0.0241364573861013	0.020431784400986
0.528808519116069	0.961555155628371
-0.554570683200771	0.957172413065041
-0.653584804975615	1.12773873066879
0.44873294495231	0.726516300845639
0.200816555826457	0.280448011898085
-0.00555046821228639	0.00618920483720962
0.0898919148430441	0.103310001378469
-0.231994561169055	0.283867556467345
-0.0116560821144683	0.0124721295997072
0.160395671112141	0.227142348019237
-0.0476854115995022	0.0555919306387059
-0.251198638575475	0.397093463413078
0.302178646429042	0.459632540359717
0.354562008757362	0.617652256215556
0.403814433435891	0.554046538320891
0.764822033048115	1.50642282283346
0.250748581842204	0.34463791936004
-0.219179316857901	0.29136993019628
0.144973290719745	0.168097104878889
0.0852510847352515	0.0901556964811744
-0.291374739510167	0.403868433479654
-0.25903015509751	0.397155412006795
0.105544795183402	0.159426866757811
-0.0442188527030512	0.049505511077388
-0.226436429716513	0.224989186887736
-1.04210950517791	2.08846990068665
-0.253148333695656	0.309390653587636
0.244234722697842	0.405801291148189
-0.67720081882685	1.479036272169
-0.471968319681389	0.837764428813167
-0.0223590558386889	0.0259693730237443
-0.0109677788749174	0.0127172781452056
-0.414716323111287	0.796963737658536
-0.0884440758246721	0.123947500525429
0.0360444565666467	0.0421187161025193
-0.120803868911181	0.135290370091889
-0.210894696383004	0.258079814257032
0.538009985209718	0.900322025712799
-0.172930828483257	0.211714093562054
-0.169439077788962	0.215993861085934
-0.253015760196387	0.309010463878753
0.214053893914938	0.285455236708392
0.199255900442744	0.251945504792146
-0.29510937669907	0.325705158086465
-0.0442188527030512	0.049505511077388
-0.0903561801464095	0.105769258093728
0.0331906015171791	0.0328380542727125
-0.100172030246347	0.106885137676674
-0.29636535632346	0.456655162223532
-0.15260110730435	0.194339428565785
-0.0729063953360117	0.0816833194953881
-0.860464988288732	1.68263117941932
0.117019209614408	0.124471447612949
-0.260039917122517	0.302950478057951
0.240316963830389	0.391788142591954
0.298342659609163	0.512737062231847
-0.259236527846283	0.397539490095413
-0.00606961542949717	0.00757184298792777
0.176415327803932	0.245357000155073
-0.402251261850914	0.7096468665687
0.331154643510155	0.59533569818642
0.449427529292003	0.744455156906424
0.42332680088016	0.820169510618879
0.490570529384835	0.834091414256091
0.450068908819458	0.697762927912816
-0.498971238797351	0.630244871182308
0.273930711758781	0.281043407581467
-0.10399063459927	0.116516400808942
0.192531104234699	0.237205962966098
0.758088263755554	1.69926486917257
0.153479879034773	0.183035502693733
-0.0860445322309099	0.0821613250893906
-0.218933843083911	0.291075765076497
-0.135910135562076	0.144554681834916
0.488228162123625	0.956201865097698
0.0194164862766434	0.0197231711094558
0.373663094240334	0.599719282216613
0.200281588509541	0.27944433748503
0.55661444234718	1.1620183790816
-0.612907754962082	1.12822421475082
-0.23597909339233	0.372339616606424
0.386780188788082	0.690970692818963
0.12338920952757	0.165708333651168
0.272842403778706	0.413156608630347
0.986265807172181	2.27801141076997
0.524297709445071	1.03148360644922
0.0850632578920733	0.0899289900301648
-0.094413112054686	0.0955556770642198
0.225824161748654	0.279748754939916
-0.618559950636028	1.06746052509075
0.496847076688811	0.774920177906336
-0.465139978245061	0.749160148689297
0.307088424160671	0.478190811875334
0.232178975756518	0.295325702340677
-0.285059996229041	0.481179680486962
0.145807460042689	0.241988613153113
0.303986465589535	0.702288692939597
0.253933049793958	0.444977653322575
0.173239290585203	0.300320531623319
-0.548280922639178	1.12658603738029
0.412730643681418	0.695301065150102
0.119425206821928	0.149206688175243
0.0452425419066923	0.0461721990036775
-0.211042148601732	0.2583212510014
0.374035917652171	0.600746777089283
-0.246143253695426	0.314445249042477
0.0770875780424244	0.0908068159667662
0.0278247886931141	0.0332265580796182
-0.0228172658285966	0.0207192705752492
0.253093154648411	0.299049904498265
0.381708432171484	0.654243084454522
0.109923219463211	0.133629240097261
0.0109621113328706	0.0135594287786634
0.213292608322953	0.250338363377528
0.238350077679665	0.311192992714878
0.0365007490404226	0.0426764675125463
0.97986354120919	2.62253355656736
0.278159918703901	0.374497613435163
-0.585066216232369	0.770068813964141
0.241875859400391	0.270172910999377
-0.25315328422318	0.309396302013277
0.404505928855335	0.582007714596631
-0.486382061149228	0.728178983460687
0.125372563313777	0.148788785755553
0.315610448220841	0.427364270403964
0.524113520325336	1.03137414249596
0.0434372423894116	0.0468877623761238
-0.117465199815586	0.125131041548423
0.123247864836527	0.120198311033008
0.366272327988739	0.549073833620822
0.0962611738721526	0.104854927206986
0.305216005981873	0.382985333725325
0.493068154871869	0.802851985781995
-0.211163382111714	0.258485748752074
-0.767070990318067	1.54753417267587
-0.0612174683510888	0.0622228173010783
-0.1208816685649	0.135369439738171
0.152471238180968	0.19644782224523
-0.163362956764123	0.271250410438724
-0.182553031002816	0.241995760981859
0.518408858845225	0.704545173153156
0.258526876102188	0.313770525922652
-0.645678821072238	1.1894794636841
-0.340425028061162	0.39406653701825
-0.176069633782279	0.19644663858321
-0.807860765622217	1.43651346458132
-0.0581487335224308	0.0651259814285549
0.199686484585888	0.252588122481961
0.487222852024241	1.00658322003079
-0.0611799590138998	0.0621800684404939
-0.230200004007238	0.317838471693577
0.186235712745327	0.247312088074616
-0.702895546354756	1.37659574363974
0.0195244838569439	0.0237642395239039
0.232404605231271	0.295602635177346
-0.0942113828891796	0.0953149296054916
-0.408594154964794	0.634591413576149
-0.0863718097874724	0.0824512187391415
0.095928660250919	0.0959502182498186
-0.0612574743487068	0.062267344382539
0.169356071484185	0.143939565088681
0.285388190268387	0.311574319919093
0.464839292172804	0.580855143228401
0.623958495288785	0.944029390969147
0.165542555227795	0.162416799617778
0.133589448879991	0.134538648100009
0.343180596250501	0.388707498278313
0.183608285120208	0.191837751722998
0.675403739549457	0.907704938877916
0.579447326007652	0.812751192893632
-0.182530528604446	0.242012516721102
-0.0305546471658972	0.0341662851576684
-0.716311878875771	1.31822727314817
0.408802499230356	0.644908948904688
0.021513128764321	0.0231445844185424
-1.10561759021501	2.34413319338914
0.250449347685135	0.344182985884416
-0.0548582246660059	0.073936960183952
-0.134197645659674	0.176875150991382
-0.126429571409107	0.119879853188379
-0.340375796062999	0.394015873758231
-0.0592374124928113	0.0771660236290839
-0.0579506516388157	0.0649025417215348
0.220505353798888	0.30150620899227
-0.182737965122823	0.242309006388969
-0.45990707648262	1.03866373720271
0.096428098367793	0.149025645417191
-0.354415889877947	0.695840918826917
0.00582297670613251	0.00821113006555828
0.450238392536049	0.778243289071294
0.201102390947269	0.280992037998789
0.109850219193064	0.133536019631888
-0.0919511354161055	0.116217028530903
-0.131716308064477	0.132568915503279
0.268304419469816	0.34328019295299
-0.0535477827631979	0.0573210250908515
0.379553247515133	0.637261053497081
-0.410584759101549	0.767468482644799
-0.369990295106152	0.533465374772996
0.330007638727995	0.49223350253921
-0.0902975166928076	0.10570175657812
-0.0389139939583884	0.0416702874635064
0.110408931633391	0.150869302072682
0.261677301132375	0.377692246308454
0.0898852292528821	0.103302920583588
0.632590846515285	1.35589039556978
0.0946379048719254	0.123371500491275
0.225860388831083	0.279799973496652
0.496919565780556	0.775086220487536
0.305147285263609	0.382961845245299
-0.236944757675742	0.276526048253115
-0.024627620901004	0.0208544331334586
0.165745133618382	0.16261566373855
0.178490230904485	0.230931835516652
0.273437701386899	0.358955947216242
-0.674594441157846	1.28173726136214
0.161848081715346	0.198362657938199
-0.0176373352379448	0.0180055271970825
-0.42296965728724	0.609801368630413
-0.369999402282705	0.533489727759445
-0.175056791873846	0.204984211773848
0.0849660579251727	0.0823445814922368
-0.784387136209401	1.67429762561932
-0.240482738956853	0.344342767897872
-0.0000698952065683263	0.0000823667408778131
-0.383532266902316	0.594938323678301
-0.0114308867239298	0.0122253706299672
-0.0163958708935639	0.0220201884417056
0.0763048038933087	0.0945302443487334
-0.653766478468379	1.1280653353776
-0.61871681504945	1.06740145258783
0.29406427623046	0.340357312282903
0.0746290067916863	0.0765710219897334
0.31244817974891	0.412623966458909
0.494839958631857	0.788976807441637
0.116008816684475	0.133875115877541
0.200636365873286	0.28008650676222
0.272778290024894	0.46557538578022
0.244125618670298	0.405450573828518
-0.267552933138051	0.341731287288711
-0.0589881278609872	0.076805467885543
0.119397245116309	0.149165833898038
-0.156483588958522	0.183296254018701
-0.486441645042772	0.728148055799721
-0.15661255689675	0.183503171359749
0.116343175224197	0.0987109033400783
-0.175098201549712	0.17513664110938
0.533363779507018	0.671140274357295
-0.45342782500347	0.547612156179361
0.909852594427247	1.950445031525
-0.267438125602783	0.295846873883014
0.174952345164154	0.177278282573428
0.248156766277801	0.285226589406222
0.0854457241981349	0.0751057605227102
-0.252989901155731	0.20325752626473
-0.267800957772894	0.248999514416238
0.0451513856619093	0.0395023698465799
0.253278426804628	0.29926538052673
0.403658104354566	0.460352685124973
0.0336290667816823	0.0372697719555708
0.326613888138134	0.475921910876492
0.488574937158176	0.902872207094755
-0.376564640910694	0.643103862277518
0.0895580905025481	0.102880871096804
-0.311285498658203	0.511464085072979
-0.157862614006241	0.230945836533035
0.106703359541641	0.110115473378701
0.263530910220327	0.328509236293778
-0.553109581696794	0.858894212568398
-0.105683750743449	0.123790282088267
-0.0638704701181157	0.0774972816297794
-0.288816384513452	0.430282366273635
-0.00720729867704793	0.00698176879386228
-0.187570832531299	0.239425454620076
-0.716415565795806	1.31873161063719
0.106032899642629	0.118913998866721
-0.44431991592458	0.614622735011667
-0.0228369200143125	0.0207342696595637
-0.435240630027946	0.475308630194875
0.459976959938107	0.605245824632558
0.403820229607503	0.554074616121188
-0.468149644470469	0.780013245737235
0.0505609188988524	0.0487156098511928
-0.0612949834050142	0.0623072777001759
0.0772023457471401	0.090948437955373
0.0897251928200938	0.10309537288956
0.125202305947695	0.148598246784047
-0.0727880315376077	0.0815589281191013
0.184709747894312	0.221448882062805
-0.215822293256092	0.318603946515534
-0.500105709117042	0.970053395383056
-0.058116236494695	0.0650895752806754
-0.268717742113523	0.399373198235726
-0.344469421684508	0.551059622686339
0.0192567082141542	0.0243671973931779
0.0563638809980217	0.0694442959893302
0.0107811889106523	0.0128101424800808
0.186022695281287	0.246921930256496
0.0956454063159739	0.104155185002167
0.090031119721022	0.10348563094812
0.0869569928640146	0.105268985461904
0.553230765197459	1.19522936807856
-0.354604085512234	0.43090362780136
0.233681935273017	0.335911282475037
0.487081309665274	1.00621419672711
-0.0459889758509506	0.0468214730574956
0.00933181824228166	0.00812696060052573
-0.434943195355355	0.475100976614937
0.340401568635846	0.374282021272746
0.40241390618899	0.431113364741305
-0.585199088678498	0.736201684210277
0.525978694557399	0.995449459497772
-0.330984539402289	0.49459893792605
0.494787602882309	0.788893775804837
-0.215165956352238	0.2514380314432
-0.451162070897037	0.64999469596647
0.256434175880252	0.361339040158407
-0.00444786373003971	0.00454399204761232
0.56917274410682	1.05981716062671
-0.132793313878985	0.181124249302633
0.00607365658630583	0.00597910274255301
-0.0247504634707143	0.02648913155771
0.19224540391909	0.236794900276354
0.0896622790033523	0.103011194259661
0.450247031591013	0.762327166009533
0.109740709927111	0.133382528571534
0.144705035316546	0.167790280567193
-0.122121635598669	0.149219976989601
0.409725675698882	0.660808620025279
-0.0438664818804001	0.0490933177224928
-0.0384633553280439	0.046465007924571
-0.0118328171592446	0.0126628854400488
0.134835707811695	0.164566541902341
0.126348808593545	0.13834073955671
-0.786574710898405	1.49325635086908
-0.313509941906365	0.434644171390377
-0.0726000635171299	0.0813435834811439
-0.056810673866815	0.0511643247011084
0.00676736210462246	0.00627839585697503
-0.14926329830656	0.197049401980505
0.0211062033287222	0.0226926696525325
-0.353435740342478	0.528625260821691
-0.210782065347872	0.25786492016663
-0.616185544821578	1.09927646171242
0.545202356005791	0.874410522465937
-0.326585438227938	0.434826195890422
-0.267630144193846	0.34183594181469
0.07450949275516	0.0764492853550399
-0.300524139300822	0.432396683597896
-0.0229176114607999	0.0208063134940682
-0.106140548707835	0.124346676397568
0.0571708079759342	0.0601614690039739
0.258520694126297	0.313861935117085
-0.137975035936554	0.168717193407833
0.0957664613169714	0.104313153162563
0.126603795658222	0.138683387557267
-0.117722655734597	0.125427264982058
0.404433436452966	0.581847149725143
0.59516422841105	0.981156655289459
-0.077455693792724	0.0785660525387922
-0.514172207993739	0.739449618462663
0.412578591178476	0.694773308690983
-0.088259628168552	0.0989244602971213
0.263348382299454	0.32821223792266
-0.19474976641054	0.227859241885783
0.737684369214566	1.53548992270153
-0.309164667675722	0.461240179584249
-0.0837807495025908	0.0895202119033287
-0.259133344254842	0.397373420580243
0.0763562189632579	0.0945919378179781
-0.0581869738975317	0.0651870300693301
-0.545976357730267	0.752018210970651
-0.0175005577192737	0.0178629008070237
-0.196615593441631	0.218897649800535
-0.0209109958357426	0.0202039765076501
0.330571502267721	0.493356959066752
-0.117799840701428	0.125508292756141
0.357640006553849	0.487346203857806
-0.0440131945279159	0.0492674358351919
-0.387831030130263	0.537299191685155
0.455311826794133	0.903022934902584
0.0570147751387229	0.0599875737222407
0.233951377188523	0.336394304494662
0.36362668642089	0.532261058603244
-0.395591418807267	0.570394973855579
0.382328660659248	0.655876408223673
0.0465838453600456	0.05593442926732
0.0367818942183025	0.0469152577183075
-0.356244648667543	0.661855590820185
-0.0631937479621419	0.0766417068589518
-0.260062615718131	0.373306270583522
0.391894575164093	0.740769139127174
-0.350552474657456	0.57890365424255
-0.807754982694575	1.43638502360008
0.289900395272341	0.326133792125086
0.322673472766761	0.458827772212622
-0.579949660172493	1.09948796480038
0.298131755448398	0.354834822677516
0.082766257383876	0.064482236330286
0.283254098574186	0.391041566902732
0.185765407651253	0.246463205378103
-0.275858536990021	0.336620946821371
0.702257920948094	0.893735002556287
-0.0520811133710085	0.0405142782651871
0.125861695096544	0.149437909866069
0.357527559190989	0.487159210847523
-0.314035974376236	0.400155768367984
0.589448851501444	0.991811497235171
-0.290903745580655	0.40291561974602
-0.121013064167363	0.147596861277348
0.449245539132465	0.712029550607244
-0.40260956411564	0.603085350427594
0.250880353948696	0.386543496279928
-0.21184357177742	0.292024013812482
-0.524450208828398	1.04752839114502
-0.194211660849873	0.267215088640188
0.357467070534325	0.487073343218352
-0.27745090998853	0.426531331973963
-0.668527271545441	1.30750511339665
-0.0954115329443442	0.129372379033793
0.530552649227952	0.945175464371869
0.801988216637275	2.03021552991798
0.161041193123261	0.177459420410011
-0.493024204189992	0.794102811591256
0.278159918703901	0.374497613435163
-0.00733316428278527	0.00710372879032042
0.0196933736262877	0.0199988871137479
0.115877773344752	0.133739870971848
0.589871273097665	1.28068487892242
0.220435733124813	0.301449290223698
-0.28030745286523	0.373304009775432
-0.10049692342514	0.107275478647981
-0.30902068245409	0.460945000691925
0.192384480365748	0.237014546371217
-0.313402338055564	0.434514220992764
0.268159509582166	0.343046426866102
-0.105861136061863	0.134043352070687
-0.17589365916388	0.196137703067239
-0.393880577335156	0.653409141244595
-0.351166887737532	0.466989608351233
-0.259351382393854	0.345342917860604
0.0743269591189776	0.0762484620541554
-0.0460576656619124	0.0468996484760244
-0.436462830849353	0.578668347376085
-0.689864260389227	1.43027982109191
-0.377874010626488	0.50220833398095
-0.211670837027064	0.291773260212753
0.301789261309484	0.368932327897096
-0.316408257338939	0.488399843871801
0.233500983932627	0.335534971505857
-0.396793557519787	0.761576781387881
-0.420899901118671	0.721879967984916
0.595414768012887	0.981667880074947
-0.189154225274119	0.269144057807027
-0.0106087600377002	0.0122954052070692
-0.232497435271366	0.343990610543565
0.469797391415269	0.554955236561842
0.32297727258615	0.459328831348202
-0.15669094644317	0.183584106857643
0.145294312340577	0.168513621641164
-0.175419163608625	0.185573057847347
0.160678171920608	0.176988712061307
0.17058688713043	0.214921499611038
-0.924557871370644	1.41761585390513
-0.13836167580597	0.154835415947986
0.106257931948834	0.119186027408016
0.04535170308918	0.0462662912067792
-0.156352064729741	0.183096382657344
-0.377461581494608	0.565068729176873
0.23817991854311	0.310843430713062
-0.0306214565976278	0.039726353219313
0.0971912516031081	0.13470353426138
0.173356262128194	0.256691526196338
-0.0175132830383925	0.0195544055691156
0.386793353403038	0.691038185396965
0.762200929858859	2.23498315998864
-0.522580452752844	0.841739662497538
0.404428323989629	0.581848683767995
0.00119154133627032	0.00127982560633822
-0.586784642294673	0.97887515114132
-0.173346727965245	0.212304466471496
-0.354634581576833	0.430922662484853
0.0452263895674967	0.0461586645860586
0.40407833662476	0.527918211749599
0.311313196105828	0.495813043338417
-0.191486812762806	0.234433777648469
0.0571187974752009	0.0601045985002144
0.523046863570356	0.693263883754093
-0.0887925710377967	0.0740474757117044
-0.175816550161257	0.186126473296521
-0.280097800900162	0.372930652608656
0.306740876959845	0.477552748766109
0.2827431806163	0.447934308342171
0.0549741966685678	0.0611204208378937
-0.105949391170182	0.139023168407385
-0.120996395353197	0.153566277743259
-0.0918731764559015	0.116114344755579
0.145511226935039	0.196492388285758
0.106170687316993	0.11907481081275
0.134799064186216	0.164558022834627
0.090145859570914	0.122233693659227
0.202399111818132	0.308373594245192
0.974938726075715	2.44862129294842
0.220770397238849	0.30200425851421
-0.249496470123179	0.345000669778796
0.28306776777621	0.448613798945784
-0.173148358108782	0.212047147197926
0.302106705663598	0.459502709264042
-0.269911658371922	0.373737037721803
-0.451021944238831	0.649575835292517
0.031413110378041	0.0328985972810911
-0.10629041494303	0.129690867431464
0.143617607238332	0.180129684367713
-0.0914068800780997	0.115422284946583
-0.465146026381334	0.749125782601543
-0.218933843083911	0.291075765076497
0.0212551745239197	0.0228620012631036
-0.121691162142643	0.148637835059692
0.449448798949859	0.744479287880227
0.766643052243911	1.68908452196282
-0.0758032897916169	0.0886475118936227
-0.024897258912295	0.0266489621264499
0.364014661953913	0.533056351321723
-0.174752493111322	0.164516765836278
-0.191708735431506	0.234723667229979
-0.173889674209231	0.246903579168189
-0.120060878558763	0.157876291854882
-0.187578948788913	0.239443845701981
-0.0569011397252888	0.0512415254122579
0.602594438719275	0.783940978148354
0.144886861992433	0.168042064594906
-0.0175642709288419	0.0179150983242531
0.449417343792884	0.712337099148276
0.607822151863898	1.18238234136333
-0.837339119045534	2.17586632269146
-0.0614049962664586	0.0624225130027087
0.356472205956267	0.632705771619043
0.251359578189385	0.387581560921308
0.0627587465449678	0.0624274498841286
0.28506844309373	0.311364586066694
0.876090863092959	1.6429320490537
-0.0246590729584337	0.0208804643989606
-0.104051405132083	0.11659502464947
0.449520965455041	0.712504966215483
0.123052062347594	0.120003137790732
-0.065093785684535	0.0545745364424279
0.452595706673546	0.655605865862007
0.268199764768251	0.3431015988908
0.535202130433399	0.914497769471823
-0.290342867775248	0.370631219690348
-0.215604340878769	0.318123655158633
0.846247408505853	1.97536590538725
-0.0944244934508268	0.0955479687596139
-0.427726359454475	0.542349322437576
-0.269654721016774	0.373259996262668
0.297539793240602	0.442010772292883
0.451122949124058	0.780112960371883
-0.441979465184563	0.735389735775705
0.0874959171392596	0.105992013053479
0.0553535324002128	0.0615660099041808
-0.0753869407887176	0.0881452181620757
-0.175920059883473	0.196250735361145
-0.0939571396598057	0.0949965287085131
-0.175953117704555	0.196283474153235
-0.585248795760829	0.770569169838882
0.244557224402932	0.327585453218482
-0.344304756514029	0.550741072423539
-0.520673982041834	0.809128566861812
-0.198276512071268	0.209335566502115
-0.236726765821536	0.276140123332477
0.221436013695136	0.22566296266882
0.0963305551409288	0.0964238232770824
0.116455204875569	0.0988069686627295
-0.00404875141362703	0.00413626743037785
-0.344032669850904	0.549906639686309
-0.13605641677978	0.172948770480834
0.176843093525952	0.206214988940636
0.373947599418884	0.600548027791268
0.395182644944499	0.810424243010354
-0.269675127568534	0.373297936203352
-0.0462551742538289	0.0471153095609432
0.489877769039456	0.851070718193559
0.265455351598889	0.435954402849762
-0.00697911410540849	0.0083923914563036
0.282948808598895	0.448355681173441
-0.135988669551109	0.172844926478319
-0.0211380761473714	0.0204285291814238
0.0130362520667329	0.0143891839609649
0.29751091932032	0.44181024352347
0.208131720218377	0.298033480537499
-0.0535103825840869	0.057292251422668
0.0850256956147146	0.0898794584228758
0.411759295499282	0.679209907791243
0.185822798357229	0.246627213765433
0.357569891314772	0.487284459972103
0.831813772685238	1.80689802211365
0.36144674472465	0.516831027222309
0.490560627639249	0.834323013298107
-0.100606949720212	0.107394451669213
-0.245952313688193	0.314169385271553
0.258236293078516	0.313321006555822
-0.260059392722776	0.302977861384619
-0.0314584479639458	0.0320795579880025
0.554506318606671	0.851987395564061
0.00902957188945801	0.00942512234869995
-0.402367394572182	0.70991039066563
0.0466221427373739	0.0559799827854414
-0.120743277151551	0.169991984587892
0.318694421474508	0.529573023903531
0.0563876055320394	0.0694914708339723
0.762715560449803	1.89118441599565
0.301719662773292	0.458636772952705
0.000975629728034028	0.00104650219874671
0.422640841348268	0.804121409973366
-0.92556349029801	2.19535155395476
-0.10593441498197	0.139007102835836
-0.0656879748071215	0.0826145028703297
0.176504102976402	0.245457328202455
0.220327860262525	0.301244456481231
-0.240715390902302	0.344778368124627
0.0588647447595399	0.0839491962574747
0.554370720330361	0.851663647265978
-0.444392589709801	0.614771682320041
-0.0911174035852957	0.110964338135565
0.115662485845755	0.133467634019214
0.59486043031097	1.2471451082407
-0.0786060278577929	0.0991218840632119
0.787964026308377	1.49659193216773
0.451319958688121	0.668892412955856
0.263505326985703	0.328367975978122
-0.0766763342399053	0.0931790279647072
-0.420274012227073	0.719835243093851
0.184839137365918	0.221626033058402
-0.187130258515109	0.238753432839834
-0.103999740495573	0.116529846754176
-0.371136944589151	0.614079345384026
-0.173709789098005	0.246607039664494
0.250665229963816	0.344488832114739
0.220348789763672	0.33041534196468
0.143598065054691	0.180098250241808
-0.00678563450190566	0.0065715090672617
0.315616055676722	0.513630179159344
0.0554799366566914	0.0617137859926055
0.00876531284357351	0.00914324093067015
-0.0173487002380828	0.0193638476280175
-0.753920922769137	1.1627480034066
-0.461742418238272	0.58434592885738
0.258153456792131	0.313275801244603
0.0294872743101041	0.0248616407061542
0.460164498360598	0.605388655060339
-0.522719581694132	0.842059890263656
-0.486226668238392	0.727852571999738
0.177108750321347	0.20653310511249
0.368752999357777	0.565853013748815
0.00686671030002063	0.00636961744521039
-0.353635611635551	0.529010081550226
0.364007160538107	0.533027554456968
0.32287093101481	0.459151188486983
0.0369280041176674	0.0471211612880168
0.199597328291515	0.252554726844378
-0.637105180734647	1.24553852773712
-0.0438952195455908	0.0491267299690655
0.242094730854174	0.270475914272515
-0.0388594027227541	0.0416079634525652
0.405012786507334	0.596408391909879
-0.0751213746138532	0.0878027308086675
0.267328289055807	0.395302884557563
0.487481887479541	0.98978708581552
0.0770156063037674	0.0907173826667196
-0.336642362361503	0.466665558369476
-0.0530704126230645	0.0567848636755345
0.406024661360707	0.611894689574347
0.227196584294474	0.318610822865429
-0.121858554686386	0.148886444725163
0.312147902172039	0.412214760872874
0.0242644160124812	0.021885671682416
0.499664466088267	0.762213264859942
0.497021829560266	0.775258066756452
0.152188674968797	0.162893815838866
0.595201642870319	0.981245234827443
0.152249619127295	0.162953581773465
-0.121652028134815	0.148566205378188
-0.200291749196914	0.295046717534856
0.272755657431662	0.412988288182011
0.200756534726186	0.28039959017443
-0.156567759753624	0.174947041427182
-0.0612842549683053	0.0715642604814057
-0.088148477300867	0.0988117234789829
0.213074816960202	0.250065201740217
0.416627583016118	0.732848079141692
-0.173837895457425	0.246822770800712
0.208310237047619	0.298305492855988
-0.194669338306549	0.227800535172488
0.214254139471464	0.313944764951627
0.0434798102002232	0.0469342617872315
0.62945678686649	1.3729184012676
0.30702674741515	0.477974012563693
0.0129580892971875	0.014300491605097
0.287341679595586	0.465202186266498
-0.361584981051568	0.634664284126507
-0.250293069693281	0.371264418674665
-0.0434672469477663	0.0545055587709529
0.106727566638353	0.13634103106714
0.449841416090636	0.6975502938682
-0.367522107505629	0.664711708421554
-0.264472969194451	0.458503583116536
0.27782932856061	0.430298173480119
0.414804810821199	0.714372515392216
0.32646173527125	0.475515687502253
0.451194444616142	0.796749341625429
-0.139296934934362	0.163242010008207
-0.469832892894207	0.807261249403381
0.31503543097797	0.512657269177708
0.312005517471073	0.411987222607663
-0.548936375737362	0.788460052445488
-0.0315366789024277	0.0321582026651891
0.488738365737541	0.884922131461575
0.233883502867621	0.336272227863933
-0.331368447888508	0.494926998763187
-0.146141789083146	0.220291588985624
0.450501375930135	0.682692851440268
0.330390637224576	0.493036996176947
-0.551609835735918	1.04429423405236
0.117021430434541	0.12447771858274
0.0684094578604248	0.0741690102128376
-0.155142602116785	0.189884802805371
-0.276113789502212	0.337095455952247
-0.155087156081852	0.189788228872705
-0.106133461299519	0.129475858425932
-0.253548455376223	0.309853374042547
-1.04884925392518	1.78582478922194
-0.280356159803025	0.373241536260754
-0.475784844842642	0.657401523144038
-0.0532950717390585	0.0570526102930076
-0.267577947011639	0.341745072017004
0.379413433680082	0.636842217971723
-0.175997035241946	0.196350439280797
0.505956008302508	0.738162319177268
0.405161794645432	0.596761275724858
-0.259120454731864	0.397388270848364
0.521914888571334	1.06538261828055
-0.612801716281168	1.12811808605266
-0.340604032825573	0.394395789251074
0.601687556598996	0.971422888619671
0.0743364040159578	0.0762627607835539
0.225936968130178	0.279914793784809
-0.395330911687134	0.569644828184534
0.0190611962361492	0.0193564819795759
0.818055353586528	2.00638288079837
-0.0172540551034275	0.0192596787339798
-0.60640997477811	1.18471722536843
-0.236838806852196	0.276336817777838
-0.447046517670276	0.791280460176235
-0.395747073173745	0.57056039310202
-0.138487290956842	0.154985637382665
0.832156180785476	1.34302703066504
-0.126211182728119	0.119632186239249
0.242143562301007	0.270524066655284
0.161082741642241	0.177546859374051
0.206160205495198	0.235243568263441
-0.353554004429837	0.528865722171656
-0.737669949456965	1.22647850217274
0.29406427623046	0.340357312282903
0.106281076320287	0.135723493636944
-0.456932706470118	0.684445061932798
-0.636441480591218	1.24353967443014
0.278211743045838	0.374589627874594
-0.09136775610488	0.111302827477233
0.232352188862678	0.295587318675716
0.0102183724869209	0.0121351109327106
-0.100424437673328	0.107194905695875
-0.554114940636443	0.892720390013472
-0.175737412469893	0.195960187102851
0.322728157137505	0.458884673261469
0.0335195489720138	0.0371440253976413
-0.210506119116486	0.320522328139447
-0.046142352907129	0.0469964723512385
-0.0877928186438737	0.0983374568711392
-0.313275906532129	0.434205261397179
0.24053475568137	0.354346961766811
-0.300584065841733	0.432525672826383
-0.228294618951881	0.382214694111726
0.128494388242463	0.164865068845175
0.357604951200526	0.487320752635307
0.730234561826374	1.94514103395002
-0.361422522866695	0.729347317597089
-0.0211310387434616	0.0204219048114408
0.602635917480653	0.784033779349983
-0.701478352837597	1.1261314764893
-0.105762237078697	0.100650281199308
-0.525073869628981	0.905620365869129
0.253245678572213	0.299203687358436
-0.156551864369316	0.18342283967316
0.624406425278068	0.945162001723024
-0.358316175897491	0.393573764565921
-0.173136318911776	0.21203582465412
0.0453611064645759	0.0517610626164958
0.0628334159054416	0.0625081325434433
-0.0610399088083836	0.0620200553288807
0.0191737222407027	0.0194750498217328
-0.20603956464324	0.263170551904365
-0.552785049112982	1.01592364488104
-0.290227570164963	0.37046900846663
-0.0881267395843828	0.0987818046138327
-0.0360810021081906	0.0347781573285097
-0.267584466901762	0.296040799456724
-0.120313276299287	0.152590589140425
0.455734963229723	0.629705862206
-0.51789205453046	0.774499188252026
0.0726813900259128	0.0681719454297354
-0.0391686672753532	0.0354220684184564
-0.340702422051244	0.394440894823139
-0.0611824525286948	0.0621846951404846
0.40377908245045	0.553993980802914
0.263420910097126	0.328338125005803
0.199597552713136	0.252548910245611
0.462517892292333	0.593387966460002
-0.152522319619329	0.194218289717135
-0.253030924365537	0.309072204639263
0.449196685681518	0.743728818810443
-0.175562137950761	0.154727264005668
0.404171623573027	0.567985876956184
-0.0609284063965588	0.0711257689059565
0.278220601514557	0.374602414963344
-0.0682884871315096	0.073046547535146
0.54105714704596	0.886129697235931
-0.290372554424319	0.370705820988796
0.278384931858105	0.374839560948113
-0.402712567965956	0.603239842472261
-0.191684378874609	0.234713634716599
-0.313458446013019	0.434547522727166
-0.0839018165685639	0.0896704421130018
0.72414103005465	1.36757417451193
0.319217714838212	0.442970568800916
0.125378588365036	0.148834618709305
0.36580607346943	0.548166985351423
0.406111448581295	0.612106175023775
-0.428805103633926	0.642068995497184
-0.206291719869222	0.263542423028087
-0.326437097899577	0.434627646536543
-0.280049104894793	0.372897078346995
0.178955632894354	0.270545608168795
0.0133571055587898	0.0147505134860296
0.0851554140107233	0.108169847083096
-0.230393584212635	0.318200366757934
0.115283114654352	0.151047775289407
-0.0391661559925815	0.041946463192947
-0.0515237108374005	0.0495263352124406
-0.776726995999552	1.5207162886818
-0.259005020131388	0.344923979737513
-0.690762463741006	1.19096519449917
0.0250910439866406	0.0285183424048056
0.206833654016476	0.268743062611505
-0.120748952191768	0.170026316252864
-0.430717291089081	0.806953015393443
-0.251325448862111	0.397330373663644
-0.0983954001177859	0.147559155972394
-0.406338918342087	0.738120979577227
0.17843033238197	0.230832296353476
0.153111475515889	0.211817766434306
0.287251348978737	0.465047083552027
0.52707178537763	0.977559716916278
-0.156569567568795	0.183440789700368
0.0682210388200781	0.0739490209305354
-0.138377825429362	0.154855470871983
-0.577529407127601	1.12648029024173
0.199630305012483	0.252601676641941
0.482357297167082	1.05974603673179
0.182695393775928	0.305151247807208
-0.260805876005536	0.425906084225468
-0.628742941119893	1.29968820679649
0.365371299010867	0.708937951245996
-0.136199271744283	0.205306207029113
0.0255999442880575	0.0290998542216946
-0.138004151358919	0.16876697009882
0.331183650251212	0.595436866633583
0.554943679451935	1.17894029111873
0.220052245670363	0.32977087849766
0.644623183685057	1.55443061607561
0.220652330045859	0.301835431553941
0.769470644544145	2.23173818633924
0.394486426291351	0.79615896660003
-0.0227867326011829	0.0206907014377932
-0.246100260372001	0.314374631349789
-0.316848889272382	0.489374446596637
-0.302587451752535	0.402887221990464
0.384797052403483	0.673831808000292
0.30231388322979	0.459821431368421
-0.259393125544	0.345347016494373
0.402375642399486	0.431015249449219
-0.353448024891813	0.528573802383899
0.649236030512682	1.29163502078191
0.0748069836912682	0.0969111523505032
-0.4130909160248	0.664016000123885
0.652752837329261	0.922303763005922
-0.242226777893062	0.268644870784432
0.30167044999249	0.368800756782455
-0.211384948717443	0.291138132304673
-0.486643965058458	0.558374722781449
-0.701116199398603	1.1249493158904
0.145094891784128	0.168306201950764
0.0966260511127236	0.120140452087788
0.538114325544599	0.900531767745207
-0.406316138375736	0.539450289123956
0.632385395013393	0.755179596772111
0.0728687661629426	0.0683524531136769
-1.19621304979835	2.74473714967023
0.0331179434130744	0.0366882549342313
-0.0558729611990771	0.0753908973197086
-0.473308298595386	0.865281555611407
0.183317216237984	0.261033120997057
-0.00563668225312389	0.00702880336027711
-0.0838829643455147	0.0896406375207358
-0.24215145594317	0.268573947945984
-0.173184726583263	0.212093274448461
-0.174803590101327	0.174784239543351
-0.584845630895098	0.701564939053238
0.460246120828151	0.605529084990572
-0.302691489105103	0.403030372777476
-0.620892020654874	1.0353807706557
-0.451199560568741	0.650040953132927
0.267826971579482	0.396240787329663
-0.094413112054686	0.0955556770642198
0.614835273808567	1.43048188376032
0.292472624138176	0.423891402631124
-0.172855748648661	0.211613476714395
0.710812199746389	1.58922955533545
0.513764309601554	0.715091271546918
0.523132558566563	0.693423528803754
0.579127795708957	0.812307829761713
0.409941554469021	0.661355635625059
-0.156825295819873	0.175260518933357
-0.194851847311529	0.228042092553867
-0.205460598643994	0.293049208222766
-0.138377226119328	0.154836674201951
0.423545026626281	0.834630780524355
0.119511194621102	0.149327088183163
-0.0807936750741227	0.105563565035356
0.267193922027324	0.394967032200423
0.0848323572325239	0.0822049133504921
0.256432546279732	0.361149346343144
0.144947472836713	0.168113650373353
0.126313822743908	0.138290421222468
0.29122771777965	0.481203469202551
0.076099158432727	0.0942574828337059
0.354355882257031	0.617276814827004
-0.730614883118648	1.25828412338833
0.330341876533582	0.492981226184208
-0.277301947897444	0.42633677837128
0.577859213127045	1.33569832469078
0.382115286086329	0.655319959381628
0.287328657780464	0.465215464427509
-0.313524040129121	0.434734245578483
-0.0475738443662396	0.055456295153034
0.440672208148787	1.06108631257824
-0.120700243382655	0.13513466841883
-0.00430265039690732	0.00439698771693299
-0.121672023898547	0.148616215136266
-0.0067652774283421	0.00813250579412009
0.361784829205608	0.517456789348836
-0.371556861838731	0.615141114898258
0.572407681675222	1.04506540823671
-0.218588478571446	0.290450364397595
0.106494140688924	0.109851244118802
-0.173179780383541	0.212100503226718
-0.524987997250648	0.992184369627342
0.254188453062953	0.445545569905509
-0.13383495011096	0.176319186590074
-0.175177850245458	0.205151804595453
-0.618429652450765	1.06705148666968
-0.461177078278501	0.940304909804903
0.244336481394961	0.406010803291547
0.462157557711689	0.592609870796366
0.492973449710086	0.803049826656138
0.403743726960053	0.553928691460028
0.405343098883343	0.597029223652029
0.153239812500216	0.182657344928253
-0.311316488163736	0.361071143630585
0.0629351457494031	0.0626042859251336
-0.175073582051183	0.175117538761644
0.513918936043615	0.715404703381809
0.277977875347182	0.374096375827023
-0.267726202506224	0.341992748802498
-0.587445038193892	0.945976680745451
0.404090051035143	0.567785241214689
0.241964553027433	0.270283950981321
-0.00657378426981162	0.00559230572671566
0.715224106204763	1.37646574259163
-0.0953474827445102	0.129265901963736
-0.225436765446396	0.28786293705292
-0.175852477833363	0.186174050276345
0.199786411526421	0.252798910016327
-0.126601461522102	0.120049912221769
-0.25843396754553	0.343792291294508
0.1997426187666	0.25272847611112
-0.361386883696544	0.501023755373973
-0.0697702972004385	0.0910092871917061
0.0564127390593534	0.0695223177212937
-0.444620517676488	0.614931173139522
0.160949746630838	0.177313316249094
-0.237945618667274	0.316363757469538
0.193672360659283	0.178073720370157
0.0871750616981894	0.105560187772676
0.0316986151221608	0.0332020211992356
0.603612938685447	1.19637832601855
0.186077515639252	0.247073563350103
0.449747530606022	0.69735827013747
-0.0508475329796705	0.0615644493777566
0.178361265498986	0.230732371171332
0.39164691690863	0.740135431172545
-0.105794398666463	0.13397195517976
-0.33040291582774	0.544521656057442
0.192445166079392	0.237091839823031
0.00615085221701302	0.00605529974305088
0.488574937158176	0.902872207094755
0.0193203767695893	0.019627951821338
0.213923352004808	0.285180602796934
-0.242256746853383	0.370794564233067
0.262200564938352	0.378466288578628
-0.15285507186676	0.194637036189233
-0.187570832531299	0.239425454620076
-0.0474772044993682	0.0553423581245334
-0.0928725941409313	0.12158445698149
-0.0458481824203733	0.0466641886767859
-0.235880989128101	0.372090101113911
0.116036465091506	0.1339171699126
-0.149266191930878	0.197126290986918
0.530434193140617	0.944812240451359
0.176517956060948	0.245494109109313
0.161869817261878	0.198405933614526
-0.796672067731134	1.46433532379312
0.32257929216864	0.45862180061463
0.183020074577974	0.260512231282682
0.268344695045205	0.34332318312684
0.449713021719158	0.745131687031567
-0.25030390066809	0.371254565310102
-0.314134300986216	0.400548219377803
0.493077082881721	0.803341393766251
-0.197960048604806	0.208930976361698
-0.154843358690958	0.189439776016379
0.227684781754276	0.319474019695707
0.423823383059106	0.849123744589451
0.256345151341282	0.361193463680191
0.359363676467993	0.501699760838524
-0.0726625886963386	0.0814289133163095
-0.0767973286077273	0.0933478386427753
-0.496684040245749	0.855420202855267
-0.444361242308097	0.614670613274562
-0.58722178181395	0.9108096502007
-0.138579252942033	0.155098112974433
-0.2121235040408	0.292546843613531
0.0131389828646518	0.0145029843576314
0.100280799775046	0.118583910099132
0.191732944000523	0.206600582008971
-0.0359981654464921	0.0347063330825072
-0.514001094820671	0.739137056144122
0.0961697775612446	0.0962459253379883
-0.554261084556795	0.892878654016153
0.144956481163899	0.168149376004709
0.282664665288835	0.390037680987551
-0.45682831415516	0.684257282134949
-0.154982562233994	0.189657241356267
0.0444924382231825	0.0507218109338629
-0.245995299665533	0.314231106657463
0.0559276109531564	0.0656362900621882
0.176955799018336	0.206381409037883
-0.4678534001907	0.779323901881939
0.226065928099268	0.280042045029639
0.160794304257567	0.177197189652383
0.490532007113922	0.833233064144642
0.315179601722351	0.513017550701675
0.355431214471718	0.472580544240555
-0.246013011030216	0.314272445923982
0.305400636794305	0.383238669960952
0.0963554889751685	0.0964491148382942
-0.197805130855533	0.208796144158761
0.0853557704800851	0.0902681740867229
-0.117797520294663	0.125504887769179
0.000795662596952765	0.000851738652680605
0.0379066037285974	0.0353626781199794
-0.0878945522082205	0.0984812415671524
0.238359189834374	0.311203319900606
-0.340767298407862	0.394588913191148
0.0380371269896079	0.0354875685602296
-0.702915924785874	1.37657034413537
-0.165642760220823	0.219244625421331
-0.120506549395074	0.152900998229882
-0.0696603820403324	0.090880981012388
0.419555888670409	0.768157865685997
0.0190093583686416	0.0193010983698052
0.118875933093333	0.148357572827361
-0.152517737995538	0.153018299574398
0.191752415507972	0.206624845966953
-0.0889640151962264	0.0742007099983349
0.184960193592537	0.221758958602954
0.311303597715431	0.495828644516654
0.395035299090079	0.809981532751101
0.253173375931789	0.299159534706499
-0.603152270480196	1.21173626176118
-0.0220473531491722	0.0255934266450296
0.153291988134687	0.212090554388307
0.115690556111861	0.133492957228391
0.138606756086799	0.195091480878903
-0.649568844125453	1.15862259935435
0.717895268102749	0.887322933996892
0.0828997316903301	0.0645845457662677
-0.517714006864713	0.77444936419935
-0.940932075008702	1.72216691921565
0.0962750983469697	0.0963641316442681
0.343383361991444	0.388865106308263
0.285219758738526	0.311488720727692
0.247828988844692	0.284891379883579
0.0093889006746218	0.00817680133521988
0.73033851145762	1.54808603679642
-0.0440594678922359	0.0493094928848018
0.414455543679784	0.713328321889161
0.0662188069064831	0.0798688763485649
1.33527501972938	3.82311171460075
-0.351141684754178	0.466976714311815
0.247848309845425	0.284893565727942
-0.0763583924741149	0.0684986202663821
-0.138393965915805	0.154866206715529
-0.384923827211559	0.466764017039494
0.0681784849448638	0.0738941017207971
-0.046037606280534	0.0468823534496911
0.267907286562511	0.342502271374522
-0.0861173509641402	0.0822241968251448
0.0314037568056455	0.0328888446830943
-0.819070755109138	1.4071052541852
-0.100137106501297	0.106838886594748
0.496992058540307	0.775216061640744
0.565698639747011	0.830992742688057
-0.011588047506849	0.0123970208072711
-0.174771005604825	0.174747471531376
-0.486156741616689	0.727671992082017
0.251245082242628	0.231769427225783
-0.174872033412537	0.164576669355852
0.708781194340745	1.05648016855577
0.722928557675624	1.20716838015707
-0.200295184499076	0.265937191139821
-0.351096775224712	0.466886925194212
-0.105427784228924	0.100320758694649
-0.831488500520004	1.37770759022718
-0.495676074159811	0.826591086074794
0.488100923536438	0.955948114937995
0.0250910439866406	0.0285183424048056
0.337558552033597	0.527652854922659
-0.52420242105149	0.874476211857265
0.0990069670044758	0.0902081576092638
0.165742347068056	0.16262934304226
0.259860403530761	0.248788081208041
0.333410727584455	0.343814681982838
0.0453340495045064	0.0396700498959617
-0.24841614988638	0.260736591643162
0.143418867716988	0.148944494374342
0.0535011716048082	0.0434808539270778
0.0503315024333621	0.0484651961982567
-0.0516095060862749	0.0496146273827673
-0.509668385137148	0.703258928936502
-0.120570010154254	0.134986640799642
-0.0117937035409139	0.0126214798850048
0.00660711675181255	0.00612964614045961
0.0851437111876517	0.090029398347118
-0.361386883696544	0.501023755373973
0.144748043214741	0.16780805489231
0.496847076688811	0.774920177906336
-0.218770050060817	0.243171197557767
0.475153015376035	0.528190856621104
0.0335803602414094	0.0372136858302713
-0.0221884352618671	0.0287500351010446
0.27342046857702	0.414141994615629
0.618063907957208	1.6119939622696
0.505976278563115	1.18401987903788
0.0248148199011901	0.0281938611025513
0.0194784860711766	0.0246526799966359
-0.0249503551017324	0.0267099345635486
0.284977096384632	0.311229259034507
-0.00917765366808915	0.00661760987460806
1.03851909039195	1.69554956187655
-0.0768410584406219	0.0934075318749052
-0.34974742922106	0.631184205678708
-0.210946713143776	0.258170978542723
-0.383610492117423	0.595108340965219
-0.332477367645245	0.598084544040342
-0.496337925739303	1.1519231611362
-0.216168873772687	0.31921603217597
-0.120743255279587	0.135217542971246
0.055202595258336	0.0613948484371402
0.267649666919277	0.395933299899473
-0.366304883417943	0.358680103751144
0.328781308754763	0.327576891010194
-0.77511194408506	1.10349644824355
0.0828769652944142	0.0645800647846662
0.457808974012268	0.617544402987445
0.326170344107693	0.564994902369848
-0.0514434328259166	0.0494446426805925
-0.0243851180441524	0.020647877085158
-0.289361901078829	0.285655447264876
0.455752131153047	0.629847358354018
0.27820288535027	0.374569986796947
0.168670412393549	0.228788164784736
-0.267761719346419	0.342043013228729
0.152183022308998	0.162882799808641
0.403582297446559	0.460234560062432
0.0627607837390482	0.0624290748036408
-0.00721685027796353	0.00568920141701651
0.301805252501396	0.458813993772718
0.341165494634001	0.545536788744483
-0.0343962206161687	0.0400136592509249
-0.169565791020442	0.216179703982441
0.488998589338649	0.867262631339973
0.341259034219974	0.545771487631397
0.106523760360833	0.136102383714423
0.532448161519937	0.928973634628272
0.0211569814634375	0.0227533225006335
-0.149380966561258	0.141123294546986
0.499418529158383	0.761810679046647
-0.138377825429362	0.154855470871983
0.0963804143434337	0.0964723167365609
0.403813719643369	0.540642220415122
-0.194851847311529	0.228042092553867
0.404241960673048	0.568144340360219
-1.04890910121962	1.78594786384129
0.0764103382495619	0.0946768444378435
-0.194094703451097	0.266972751461722
-0.120816932991502	0.170135058038757
0.278197796266192	0.431114625566323
-0.371314862379676	0.614512969364072
-0.0143773579463554	0.0186116677514816
-0.182624001094615	0.242134148031773
-0.268906895706776	0.399749466407794
0.186150508973468	0.247180039523184
0.191777429747487	0.206647394969274
-0.233497460839524	0.218045863016332
-1.15792074805241	1.47456103283111
0.340415703567894	0.374296886807041
-0.366921039004841	0.466824517275219
-0.131735960964807	0.132585877007593
-0.242515551806577	0.211192970186053
-0.259990085695572	0.302832823534783
-0.225493286975262	0.287911344140018
0.405109434053259	0.596650837814246
0.0790350088403684	0.0882155794688527
0.213760303672103	0.284998517672973
0.0768852274905064	0.0905070231563886
0.225834743762834	0.346088817411538
0.301906356808817	0.459055271861186
-0.438344900076147	0.868398937228933
-0.0754589379201318	0.0882303922929371
0.0559365097608518	0.065650723196523
-0.55418491183675	0.955801142775969
0.256325188969694	0.361150837187499
0.516049284372783	1.12466706647009
0.0192091424130726	0.0195080815508299
-0.0726834313588946	0.081455248627675
-0.554676970034091	0.957242968340793
0.0699408850288515	0.0591433898478392
0.0855370844777038	0.0751841618755295
-0.279738265868628	0.402026364529677
0.276228363239689	0.480215538315644
-0.372010357118572	0.615884644039852
-0.438076401384002	0.704430274801543
-0.55134179343259	0.823887723611703
0.640749298998222	1.32410980266571
0.670925602705897	1.46720026617614
0.559863976494888	0.841387872136227
-0.927903019547163	1.25740964038657
0.401262114006095	0.415543453151495
0.267113657494365	0.264937762505764
-0.16191586582673	0.221833670246012
-0.470235525291113	0.8091385723107
-0.612871040953145	1.12835610617196
0.175938122788934	0.244466086484946
-0.293279951560401	0.480930615800452
-0.309191717042556	0.539380554731942
0.193558920900451	0.263664910878045
0.349967773663823	0.430900356864592
0.526194369626101	0.996018817225348
0.119696086012445	0.14957911121037
-0.23350658966386	0.218105105024232
-0.144370506992253	0.118967299099754
-0.492817241912421	0.593849700855308
0.538976405008817	0.659487136801301
0.301725901864094	0.36887409848518
-0.468091397842052	0.779803347132538
0.451284902628581	0.668821052043127
-0.880498959553366	1.30036400963261
0.40292043257163	0.445544385373453
-0.311592925215203	0.361571054606637
-0.126134457776327	0.119506524181844
0.273178929780913	0.358569585274376
0.0664403490339357	0.0801596054533613
0.589508387311208	0.992123492311861
-0.314171745417917	0.400613241157612
-0.300636362212244	0.366572126782949
0.816351688040914	1.64526104338151
-0.340400408144312	0.394047828861982
-0.436573664151658	0.578827426004134
-0.470318326198433	0.80911667341427
0.0825588435987458	0.109461661167219
0.128338682341418	0.164625862784857
-0.0608770375865613	0.071053753272517
0.0662048641566791	0.0837256415332712
-0.0754521520186053	0.0882083783021075
-0.0578108196343831	0.0647378235783384
0.151942381450173	0.162550493146881
-0.819186657389991	1.40723635091424
-0.340465325205168	0.394177044688602
0.404361343374162	0.488080040512625
0.0193380831038955	0.0196455512723259
-0.284848837406088	0.331231511159026
-0.221896319231366	0.233619440568233
-0.831900149097539	1.37878496998346
0.232300184847851	0.295512077990906
0.119475715805942	0.14927441718356
-0.121609426670976	0.1485175830096
-0.121652887734503	0.148592616430614
-0.467833429047997	0.77926518166207
-1.02727009948839	2.24679869617386
0.32255506003981	0.547175371860158
0.416705413011073	0.733056533342264
0.0454197330994107	0.0463555913152728
0.219278929363738	0.264300566974776
0.404323434810601	0.581568075384485
-0.202811573090792	0.190204801206254
-0.256427444365075	0.254083717454596
0.104849993135276	0.0741031666810547
-0.546090024201765	0.75226040202756
-0.097570434647196	0.0871558270411878
0.183640687081637	0.191947257779999
-0.653758117518822	1.12805876905211
-0.106789268818181	0.130307025462684
-0.353525476308777	0.528816109660651
-0.427385329377989	0.541816853256727
0.406987527119787	0.627484158251589
-0.587402365594728	0.94578670070959
0.681066608220539	1.43841988904621
-0.311479230069517	0.361379333384677
-0.465300963879442	0.749539759218298
0.056092219787311	0.0658421739459435
0.315582291621288	0.427355743148982
-0.302656250966653	0.402971795795368
-0.0568598520915846	0.0512135823028023
-0.314424583307333	0.400917936891442
0.253215216085272	0.299199748472132
-0.0577126182507582	0.0646186382316139
0.143479997443789	0.179924211672863
0.0766576763956406	0.0902473789191465
0.00104760729253476	0.00112433794765238
0.512974693971519	1.15266883218902
-0.680009151200429	1.25230661659655
0.0378564209384453	0.0463993747817077
0.31880812745244	0.529708420962171
0.316423646289533	0.63864983671659
0.160405073044834	0.227192851784239
0.206924808179376	0.268889253198783
-0.438614790337263	0.705773426616679
0.0629101218135214	0.062582349743156
-0.0473560942086259	0.0551900280275033
-0.119074953420488	0.16197408703606
-0.182601517668661	0.242112861951015
0.220207012709582	0.330149928418425
-0.182517548804444	0.241921839039087
0.33813862271616	0.650463850051824
-0.204825344103954	0.342124379795157
0.0973675904404754	0.121181612643824
-0.20009971391909	0.265600985778081
-0.0755649143293684	0.0883523536769223
0.940095321698789	2.27995467886797
0.137318922776519	0.180802073852619
0.488920041395118	0.939964499726763
-0.587480000194054	0.946016134507477
-0.0901888609251473	0.105535163078528
0.337722854304477	0.528015414980669
0.192470421582257	0.237129818659399
-0.441930045354634	0.735201461786607
0.0466221427373739	0.0559799827854414
0.273542064143162	0.359091789756532
0.253148542963821	0.299136579856618
-0.18910263130569	0.269070441875928
0.16939477018698	0.143983052267716
0.27825929944028	0.431078706815953
-0.285447458010599	0.453432257896828
0.250122204733791	0.343532273650827
-0.313402338055564	0.434514220992764
-0.00694309853446811	0.0089755060324021
-0.230299189077124	0.318036733835848
-0.0771399335803183	0.0937950801726665
0.667216322230495	1.25381116815281
0.675607432543972	1.45274865962622
-0.219171873428318	0.291347466526927
-0.0752001642887119	0.0879066483236639
0.0104273823093284	0.0123874430785631
-0.353386810131022	0.528501403356597
-0.17300097496461	0.211817432276859
0.30185615241532	0.369082321124298
-0.206270441319194	0.263515862323836
0.244433749255739	0.327477231543764
-0.0243993147562099	0.0206615692659795
0.178421164183702	0.230831895640541
-0.0726625886963386	0.0814289133163095
0.14476564323786	0.167880389938054
-0.120812464653343	0.135298860862974
-0.152501157211046	0.153001292838183
0.00656838582615475	0.00646762317027314
0.308798476900963	0.397684889447975
0.351990528739971	0.444997550504882
0.128572241025688	0.16498061861039
0.0762533903102722	0.0944659310081861
-0.00427645950814903	0.00437040904448425
-0.606399572853339	1.18451660696908
0.0435556944142256	0.0470239268681784
-0.554598015309222	0.957193071770875
-0.960586960669778	1.69872294451294
0.405073223536302	0.596549064245277
-0.461286285600074	0.71683924997745
-0.238418680240358	0.31728800529504
-0.175880492421425	0.19618035261655
-0.1209678508096	0.153540300847935
0.664483167601423	1.08003120476836
-0.0607720701403173	0.0709242351298611
0.756711439509497	1.35005064902643
-0.280125126539557	0.373035633099557
0.0201413083135221	0.0193027228390415
0.126933911158932	0.139035247616056
-0.300487126710975	0.36629627651133
0.0213841588406603	0.023004755142034
0.404723428116439	0.58233293420218
0.40492813725587	0.596114060571478
-0.175913572695815	0.196196530093244
-0.786661236215955	1.49358870531594
-0.486369130696612	0.728063943342872
-0.00718825787675028	0.00696375601171974
0.787928899262069	1.49644136956827
-0.543296186699318	0.716568071845228
0.15243503215216	0.163185602350514
0.213178138855538	0.250216102420006
-0.120639223911971	0.135084325941776
-0.120674040253347	0.135125443598618
-0.753765517773841	1.16217727351812
-0.112577813429156	0.113637434031915
-0.156640287434268	0.175042667664285
-0.0722103461228703	0.0808421305165349
0.68245278105222	1.2338649777941
-0.238112763105137	0.316624657742331
0.247729011116791	0.284693994124136
-0.135696243596982	0.144292521376848
0.0105344738342678	0.0125169232414901
0.395000369741834	0.809992150141833
0.102886499605684	0.137361770645115
-0.064052111609873	0.0864390990642212
-0.0660667491063323	0.083141550723182
0.140939854649792	0.213586746262762
-0.701248887938553	1.57305958271153
0.674636411243695	1.24336149089602
0.169220492343418	0.191906110815838
0.549669176222494	0.863068388489795
0.579978338571395	1.01693040068434
-0.0554234800869619	0.0747626201170763
-0.498997634660052	0.940818533837277
0.176350156837497	0.245251020855452
-0.0359689864691602	0.0346739848317611
0.322840073743105	0.548068718251881
-0.360227321705591	0.558097930882777
-0.366945986016079	0.466861918433755
0.082489246956115	0.109359860654145
-0.701274667735632	1.57321080632214
-0.0435500592085218	0.048708343061909
0.130504350691809	0.115134097899564
-0.135951495195828	0.144599363280659
-0.276765384894833	0.289838370276692
0.319261110623967	0.443096210530397
0.293632821969865	0.33956002722822
0.0316049984275721	0.0331008955432869
0.213142965578737	0.250174311431064
-0.0861906693128581	0.082312755223813
-0.685275424984104	1.22172090488984
0.563915134442372	1.09186215089647
0.0661379638752937	0.0757029681156664
0.454624378579185	0.932644287056084
0.361601141266124	0.517151788070819
0.409642372391546	0.660556236788659
0.386599343915089	0.690620661164349
0.00866780813551938	0.00904217041354273
0.620982870930218	1.1389530769651
0.261592106166586	0.377510462678967
0.454198700739501	0.642854644620078
0.173077686229528	0.25616053694754
0.0437167243883525	0.0472052968341544
-0.047632329905967	0.0555318172852174
-0.0506928046089765	0.0613739135050111
0.337260535040512	0.526974918327368
0.421141416123551	0.786397939597531
-0.120540555323385	0.152956080704633
-0.0173091595974047	0.0176652424932381
0.0314365369687889	0.0329245278159239
0.258198963919696	0.313274159055552
0.134847994950716	0.164621670063435
-0.408399115014175	0.634299119436692
0.692510855060576	1.40885408180467
0.312043036463512	0.412076331666166
0.667527934153405	1.25431115800746
0.408137678063681	0.643237404508387
-0.0580979285553999	0.0650841658955533
0.134880657592855	0.164655329070349
0.134737856092831	0.164459714532586
-0.0928492967243798	0.121543907987162
-0.330660029470559	0.493853011266609
0.196177418776657	0.29236620668693
-0.346069468801586	0.499010202311549
-0.389152184416613	0.624656454905355
-0.0614592151588121	0.0717803353756606
-0.536512618128261	0.645269367852472
0.572495491888688	0.822118908219834
0.0506411332653452	0.0487976631021611
0.343128994523901	0.38847470175398
-0.280082563249895	0.372967994943327
-0.290560279904791	0.370919325487922
0.192384480365748	0.237014546371217
0.404079825159221	0.541156886337111
0.153610510859541	0.183218489327111
-0.295035492858592	0.325614796246254
0.268272228094522	0.34321942273997
0.0212152248033117	0.0228161606039558
0.0626861243184659	0.0623464297206108
-0.267780525521799	0.342003710179036
-0.322076335787139	0.463269346330755
0.297741946603211	0.442311206608064
0.301811851851608	0.368929318240368
0.143541313128656	0.149119679955994
-0.0883539611023857	0.0990637465578793
0.449670469099964	0.74494460309562
-0.422766403467887	0.609528700925449
0.490345241203419	0.833642614980791
0.386859163533849	0.691199123847222
-0.0388228376065905	0.0415679499401247
0.633138613482138	0.936713583161336
0.349867530113951	0.430736751526031
-0.022655887043155	0.0205704722335835
-0.246055998913013	0.314331561340634
-0.0843553823424261	0.122171812249077
-0.452376039458544	0.849477878730572
0.344660320725473	0.563449848771704
-0.077039315763262	0.093663799407808
0.409823202310585	0.661093293739448
-0.0511700950597394	0.0619681406524864
-0.105640148961276	0.10053073797012
-0.300622521970876	0.366515543478435
-0.536623084329544	0.645476631979884
0.259686415561	0.24866255771371
0.213002227492901	0.249953308252403
-0.211775817384967	0.291952067556523
0.106620813604703	0.136223784585402
-0.0461907592041385	0.0470363925846916
0.0471709547527013	0.0592582197671377
0.518101207825138	1.11232649991173
0.169297808758291	0.192009599540351
0.404113188942581	0.487904916259845
0.0899269154431731	0.103362393190203
0.106163126015215	0.119074181154665
0.541566152713067	0.887002541943729
-0.479542087398288	0.522101027527116
-0.493136832019893	0.594460392034752
-0.381003004610547	0.395202874376108
-0.246125550698322	0.314432838917611
-0.0942113828891796	0.0953149296054916
-0.245856174915152	0.313910085252856
0.11636081516642	0.0987194385848627
-0.406755417564339	0.468948629747612
-0.295134020491745	0.325713536239538
-0.156500225758699	0.174841117314998
0.0452263895674967	0.0461586645860586
0.177098038507495	0.206560796285097
-0.586863207127489	0.875878245290387
0.948343536362795	2.11103919994972
-0.496910027493309	0.856106066981465
0.330522737479331	0.493301974167345
-0.657941480693432	1.3620334165402
0.0193380831038955	0.0196455512723259
0.111574815703531	0.105256553770251
0.348195198687569	0.41726338919651
-0.21870362671496	0.243117216752256
0.191827432291811	0.206677769730019
0.134807187601097	0.164553664884423
-0.0531733863963399	0.0569106006988557
-0.242305871765271	0.370868452101378
-0.173058639469402	0.211854839998533
0.256249184941546	0.403717192025061
0.530510114980975	0.945091309187734
0.312238238216497	0.412266881975548
0.78308277914365	1.34212632058193
0.235652899024631	0.255599786042948
0.353478874215823	0.458262495267416
-0.165418020939652	0.218893574270567
0.404057162431379	0.567761743012157
-0.295288786779686	0.325913993703745
0.123223027262944	0.165431316740904
-0.0682881120308474	0.0654380614085734
-0.290864408105258	0.402841898111247
0.326565477505676	0.475824594463971
-0.0580380061140398	0.0650110120484296
-0.218825487859024	0.243222398801774
-0.653515876170528	1.12742434747928
-0.154961718500458	0.18962917680642
-0.259187794937563	0.345205256941941
0.449693237684712	0.697188424696697
0.213318786821475	0.250328467224859
0.541077689433423	0.886417521640355
0.177127483590032	0.206553366971215
0.769180873043068	1.0394635373765
-0.0889218938821686	0.0741579498049815
-0.202642550017203	0.190055410798404
0.206520192826557	0.235715211142071
-0.0283851388980634	0.0222297294138008
-0.754034738966257	1.16311739443502
0.654370254423083	1.27696643964162
-0.0516150899770865	0.0496180877935185
-0.121481628243117	0.148343687012896
-0.210912306820752	0.258090341056733
-0.300713071945833	0.432741689870687
0.206736487437865	0.26859639390314
-0.428821530183609	0.642237857469116
1.05914351785952	2.62344454228569
-0.522857404287838	0.842341635115279
0.40367108268928	0.553750406174911
0.100231700652046	0.118527672890632
0.903296652155932	2.29914717945263
0.267315371179705	0.395174473918201
-0.354634581576833	0.430922662484853
0.405125583830472	0.596672323080023
0.252951801947077	0.298776332692618
0.311940657668907	0.411847391707604
0.414491000515365	0.713442246829883
0.483863904286712	1.04777475494921
-0.161812824945316	0.221624853031845
0.0552324115570966	0.0710195992726034
0.337412605085019	0.527360351034042
0.123171337349772	0.165351628574031
-0.258881537026744	0.344659259812126
0.0243371183278875	0.0219470368411931
-0.699314754596291	0.833533103494018
-0.634913608440256	0.797222764842826
0.143294088501869	0.148864385168438
-0.184703452873361	0.271265945315692
0.225977363284599	0.279872745856425
0.558460828203541	1.14521050560118
0.261798990103025	0.377910784935477
0.200307210872543	0.27952318903448
0.392642987301605	0.755044429299768
-0.248218902221251	0.260622085692099
-0.156637838130482	0.183530161419467
-0.27975740706963	0.402047113701282
-0.0650832992085447	0.0545603681985408
0.313465413887049	0.278596809695996
0.259662810996989	0.248634973285428
0.13054244969294	0.115175477403237
0.144887283140481	0.168049831385473
-0.43844346940728	0.705577175389831
-0.730467438738359	1.25809224924181
0.00930728173130946	0.00810552020015328
-0.26039691485401	0.303399673309337
-0.222067513820695	0.233838915126725
0.452997853817829	0.833665486984016
0.240360468315817	0.354093308940892
0.213878566939303	0.285219732877656
0.404181408282966	0.501396406266984
0.315687019146543	0.427529766497527
-0.237198043316073	0.276828699751803
-0.0766530032023804	0.093154281276969
-0.105757269069093	0.123866764750905
0.0193203767695893	0.019627951821338
0.17520572374236	0.177573018049044
-0.138992574940427	0.162930337280111
-0.444437920285083	0.614680049045377
-0.0769314987450318	0.0935114492124483
0.261987571763893	0.378283499278475
0.152556836673554	0.196558542976621
0.560461120908638	1.12848861764727
0.170357246007657	0.21460136188856
0.0766284940543854	0.0902141200618627
0.326512116971698	0.475558049044062
0.220984502902014	0.302337416429892
0.298101102292128	0.354777005528932
-0.248112360876861	0.26045111313402
-0.00680294666206634	0.00578710995459905
-0.522823273930279	0.842261119660665
0.905553844390957	2.11888940475476
-0.117355166664958	0.124987074341547
-0.434511929393026	0.675355076427948
-0.456732273572218	0.684019500589161
0.347958621439496	0.417046570058983
0.232265385385316	0.29542760894974
0.10604175261913	0.118926136563636
-0.245909326912134	0.314095295329587
-0.161695207356667	0.221476325590825
-0.0360436650710198	0.0347439743492884
-0.253080755730847	0.309265762929511
-0.161954157387348	0.221915214494857
0.488905887013433	0.939896823366224
0.161381311321235	0.213454723726011
0.0378149372156651	0.0352690837790127
-0.804329830166962	1.04906238465438
0.0344838249714328	0.0268613912121277
0.763253202518727	1.19730938588962
0.301764392077255	0.368927981667398
-0.267502988209879	0.295926297123096
-0.885269959818942	1.46406413635514
-0.260139680606078	0.303084442454214
0.366042695616418	0.548727751848994
-0.296707989048117	0.457332387138288
-0.238411602417839	0.317264381671169
0.686656400942482	1.42398321416981
-0.402581503103364	0.602991829178336
0.134705154177652	0.164337562230394
-0.0898752630423997	0.105130203276399
0.000687671104959142	0.000734815372683132
0.0216696025351667	0.0233133406261139
-0.00423744481630328	0.00432909111761217
0.0872264577479679	0.105638768358619
0.0132007757008905	0.0145750565195878
0.0449926856802579	0.0459061931597174
-0.21111176727006	0.258364295552498
0.326321588340434	0.56525700815443
0.459936135167445	0.605059942442307
0.345921483639051	0.403322662808606
-0.242040247509316	0.268426555181202
0.379335286953419	0.636664768368044
0.0583553896796713	0.0793653971040549
0.0000297982219837154	0.0000336991007324194
0.336639773649107	0.636923396741249
0.192237849815457	0.23677772874725
-0.259455908604982	0.39809597274909
-0.316451630229951	0.488488682820598
0.711550492495109	1.21302760804537
0.00915989865523393	0.00797239135559561
-0.584948890195393	0.701842876366397
-0.0229034412429684	0.0207974666412828
0.0632916196027895	0.083273330369689
0.331117946069269	0.595317919782825
-0.267571746673559	0.341727340555829
0.311303597715431	0.495828644516654
-0.524632089601928	0.991438873908252
-0.552777043009901	0.85815581772091
-0.609529926177607	1.15625308213599
-0.360501553007262	0.558722149590523
-0.105526035134986	0.100414324915974
-0.479701450038863	0.522399350329607
0.46019725468193	0.605626510118408
-0.358116115210757	0.393281735685204
-0.354300991323897	0.430434335347247
-0.175524767606263	0.185750357312297
0.0964220153198785	0.0965037486309091
0.404314540824057	0.568249449371783
0.399759277014929	0.385246207258478
1.24324609576359	2.90128515288581
0.288032064107141	0.407620385217239
-0.105750490071845	0.133917701465313
-0.105998995770112	0.129297181924875
-0.194822226747496	0.227959302432544
0.357352289856557	0.486924600983611
-0.156664397812364	0.183569213191577
-0.13569024227125	0.17231829154813
0.143637147304364	0.18015850079849
0.0201039180000011	0.0192652800385946
0.0730882234101259	0.068554101857672
0.0993266878784862	0.0905206366941579
-0.289224332688574	0.285581594606321
-0.00481864676996135	0.00536859106997413
0.800887837190358	1.49319036952744
-0.395617232682968	0.570453751292732
-0.311049613672105	0.510970734642688
0.206785071178135	0.268674453674624
0.201232529410994	0.281168527203317
-0.043671762455819	0.0488593026018078
-0.582177313619645	1.07086139912893
-0.330905587706682	0.494366187588144
-0.427385329377989	0.541816853256727
0.0726244088372753	0.0681120774086609
0.250533108800124	0.344217198836597
-0.0462551742538289	0.0471153095609432
0.206059830305286	0.235154452628224
0.160180168657075	0.211636290820332
0.40599885324207	0.611817740875266
0.123036005474124	0.119996017816917
-0.499017925541017	0.914475576000871
-0.0140935085560596	0.0175881502778637
0.76503140442974	1.50744295369247
-0.0510797620609273	0.061869065933093
0.0281149220883811	0.03359104114206
0.37380068480257	0.600072708474615
-0.525311616146577	0.93532786565089
0.408500187538047	0.644434849405505
-0.0680909895416281	0.0652373254924209
-0.0438875515055727	0.036987086100308
-0.00674565708657868	0.00573855445093787
-0.486547391679659	0.558209748274968
0.843832477842777	1.64143231565924
-0.32531384891921	0.358186698107884
-0.276082935494527	0.336983420156781
0.407203206890286	0.627936738920112
0.569478366285679	1.06013568018691
-0.225492981158879	0.288045236244493
-0.238091520560742	0.316695183236595
0.134460540063428	0.164054915668494
0.450252601427816	0.682375336527637
0.152264052300485	0.196110806441729
0.452558977022311	0.816258622656693
0.125299467078536	0.148727188435672
0.152376887713249	0.196234886515218
0.359342500124636	0.501707573571773
0.0380704376610128	0.0466781675271497
0.592420805584044	1.26460090272553
0.665882042706676	1.48234723315848
0.0963996477308215	0.0964692260265045
-0.29636535632346	0.456655162223532
-0.112392070550383	0.113449208128761
0.326667228938659	0.475956034721857
-0.0774974139407275	0.078613743932522
-0.219081124570185	0.291284905033913
0.244304055237396	0.405960565712542
0.351343469297141	0.599620963628169
0.0112793111762311	0.0139556911390184
-0.206194557214339	0.263379554605667
-0.159356963387754	0.225696676034376
-0.464155716482457	0.971439953177277
0.253209604254497	0.299225347913729
0.106084731379993	0.118979693933676
-0.325451931321471	0.319925391686005
0.353627907264727	0.458582990603478
-0.45484769403327	0.878240672014112
0.328803913270633	0.580479781912602
0.295634638280711	0.498877272088354
0.019631753750506	0.0238997800884187
0.403911353373659	0.527651699774386
-0.0298913558046614	0.0333919546850245
0.255850920399	0.360192491838152
-0.0862072061076054	0.0823258245198459
-0.197788518520622	0.208774646583242
0.206489721749777	0.235695785961032
-0.903413097511614	1.43912121078436
-0.112181374510183	0.113191010069776
-0.267753375649065	0.342027636478881
-0.00409223087062961	0.00418146864802329
0.301695376980346	0.368857302345912
-0.707345606807547	1.09330881383495
0.152349156434675	0.163090976636613
0.0329140503914361	0.0364487967376786
-0.344401387042612	0.550865840448988
-0.0461222569607692	0.0469691555117068
0.263385841371332	0.328283511843711
0.45019936499683	0.778186235419689
0.0901090387936967	0.122165527280475
0.339191963851091	0.662534630831977
0.0135134362518429	0.0149251373772451
0.0963056128416832	0.0963964438971313
0.0728278485344023	0.0683196148028299
0.343226275775435	0.388791328354804
-0.105728814777757	0.133886161658491
-0.133454478504991	0.194484379896901
-0.132717527146912	0.181007701431096
-0.263866709229153	0.524719044477296
0.0448193175753327	0.0511277627013859
-0.0547301209774823	0.0737339761975404
0.325927237037292	0.564452242962078
0.220603065697201	0.301760912834053
-0.00718552986189144	0.00654744424330437
-0.169429730462843	0.21589692339676
0.00225061051201573	0.00272014654898781
0.153214662158388	0.211972759896006
-0.105983995903521	0.129275726620042
0.572274910558378	0.821571086422236
-0.196736967633011	0.219147490137842
-0.260120192810099	0.303077069006728
0.0330131363305149	0.0326631731333008
0.234107689220924	0.336632751587276
0.531962426511161	0.927413727175726
0.213568598109663	0.284647995327391
0.119453150440042	0.149226928185188
-0.181804527269472	0.284552621369847
0.239901558437983	0.390774605754935
0.000739377194678988	0.000855317777108031
0.488219330772785	0.93820499026727
-0.276367045786751	0.452128470575695
-0.245978874866434	0.314209577790903
-0.32523974899722	0.358074680863693
-0.621085418280287	1.03589887654597
-0.218567798243591	0.242954774451195
0.0215714022547301	0.0232090936156886
-0.0388507116167813	0.035114050530613
0.569415956406196	1.06040099989312
-0.360356450947312	0.55841132537657
-0.290155072540961	0.370326768180528
-0.269613910168695	0.373168112439366
0.22747155687423	0.38811734952769
-0.300920278546909	0.433111813206955
0.450063592452545	0.761774453325525
0.267242295539165	0.395059820174692
-0.105791336207501	0.138763821872119
-0.258963509519392	0.344879043178787
-0.739982465393168	1.62065289809755
0.193698026481618	0.310540687937283
0.224426103282649	0.376496189198934
0.527081046662004	0.977778476297392
0.138675434459135	0.195211232005934
-0.0879064525970682	0.0984826898775013
-0.158709324302528	0.224633221029333
-0.43643782895548	0.578600836473896
0.206687902788488	0.268508879529456
0.0898364736699793	0.10324649884816
0.0536044938080367	0.0750907892618308
0.00608608738298386	0.00801856109666447
0.395308739009804	0.798504216395857
0.0970249305467669	0.13443499885612
0.123838254749533	0.176721932557632
-0.0899521739925149	0.13472127624826
0.169225259323183	0.191920494619666
0.191863706049161	0.206765215870961
0.29451780077967	0.229011585671989
0.549565545487108	0.862796495933266
0.0367156381524605	0.0468295768497224
-0.185110293318762	0.271946223880316
-0.10542680800626	0.12343825523682
-0.194760174295787	0.267998138202041
-0.326125731323928	0.396739320385083
-0.442303111635902	0.736142465719495
-0.0697299022335306	0.0909791062140315
-0.539991350781653	0.680914840946721
0.0343458631930737	0.0267489928699424
0.253018626179212	0.298940452469981
0.0854772918413435	0.0751329244881602
-0.0210469157032884	0.0203260031373277
-0.155050562973412	0.164523574336839
0.572780084130484	1.04587473385204
0.123044062174837	0.120006613526654
0.235873205157823	0.255895771933585
0.268231962719068	0.343170163626785
0.135027466089837	0.164859188634539
-0.313683128611754	0.434825557412247
0.450067638707086	0.762000802889622
-0.11225622337882	0.113296705830899
0.35116222959653	0.599156505077582
0.615896284393275	1.15217414696311
-0.145748149598136	0.21293920262949
0.0283033215190011	0.0352763130209768
-0.169595486124001	0.216251124572712
-0.427580359896031	0.542166014418686
0.301695376980346	0.368857302345912
-0.022680957779017	0.0205938604123114
-0.136223184049687	0.173203970919078
0.643223145975716	1.73019642359919
0.189428157504883	0.298116104613511
0.178646271458282	0.269974611899453
0.213748047892569	0.284996631327897
-0.255455007477879	0.429560259522702
0.679074480252442	1.67112196378396
0.0943083901210353	0.122884217996528
0.282772772858313	0.390313472418904
0.225824161748654	0.279748754939916
0.0192951024056818	0.0196003454666063
-0.196522821618817	0.298794796338967
0.413721927985766	0.697214414948946
0.308695193224599	0.397492930365914
0.294007288109323	0.340279522474778
-0.187142541882022	0.238793698873217
0.0571278296456062	0.0601115717450609
0.595189764503747	1.24798625096073
-0.135756559657062	0.204469370340409
0.0552967839797771	0.0711127237688385
0.586910902262215	1.29571836207196
0.14581583644773	0.225102519148759
-0.238983748724671	0.412983107799959
0.351265044955221	0.599412222164011
0.31520321647391	0.513055788351687
0.632201799103186	1.35440296252829
0.0788196645041413	0.0879480820722398
0.0852304633754955	0.082641211905916
0.165528271564732	0.162400764261819
-0.462152872781215	0.447526117095688
0.722921234764179	1.20809961310438
0.273206114163156	0.358566152411253
0.0745493437649352	0.0764964708803258
0.12350513634261	0.165880527682357
0.310838384454769	0.494781816645394
0.152635620670398	0.196663418984342
-0.449857084602406	0.820684857845695
-0.520851077359631	0.809404563285157
0.386793353403038	0.691038185396965
0.123882485438777	0.17678574413401
-0.317993434796099	0.538800807918832
-0.133766788448701	0.195028177861901
-0.0346794311660785	0.0403507830577705
0.134611470593048	0.164286668957192
-0.222328380492235	0.317721830349006
0.145132400982193	0.195864699832034
0.168772395714409	0.228977305636696
-0.376498452442677	0.64289437164207
-0.159085664396902	0.248182707048593
0.04501690328832	0.0459316147486169
0.311458664566751	0.496108373286032
0.189531169548339	0.298290249763517
-0.108986232653336	0.153101570472406
0.207082160858514	0.321941184107454
-0.232640134774984	0.344268528371946
0.450283970326397	0.682579934117977
-0.490250819397829	0.762020661913689
-0.26768448601209	0.341915520176581
-0.276491436658668	0.28933232484494
0.130725534919508	0.115344743899968
-0.486688970134417	0.558498098482539
0.421076989393709	0.786245544882075
0.0556339701874266	0.0652700432551509
0.315007726516328	0.512573280572914
0.109978010045936	0.133695931966502
-0.621226559859051	1.35225649432393
-0.585340078921385	0.770715452293143
-0.309515813394517	0.461934692934193
-0.280213214608154	0.373175045146944
0.123011493545539	0.119971959793258
-0.683157973177117	0.895936218169302
0.475022393153164	0.528169851288984
0.0702583741896664	0.0594430392429076
0.909603391787765	1.9497353115114
-0.138724365711886	0.155222886897434
-0.861950776076368	1.32454725630751
0.513674713474986	0.714786309954466
0.0423743719128558	0.0300283189520027
0.266937980800597	0.264700898660264
-0.0388594027227541	0.0416079634525652
0.0685036603317182	0.0742694162155678
0.219353943173413	0.264459832484562
0.13383346564511	0.134781504611696
0.560305485931011	1.12799188210288
0.0634377809246407	0.083465061331676
0.0563373284738765	0.0694203161347209
-0.138377825429362	0.154855470871983
-0.131499292714194	0.132314261809618
-0.0361434437753185	0.0348457436950047
0.268128946615338	0.342973513891297
0.160264823303975	0.226953607675323
-0.119570698196489	0.157230094024968
0.00649587841648638	0.00735075299686945
-0.707689504774865	1.54792402700437
-0.603316996962157	1.21211231840212
0.35931935928476	0.650612140867576
-0.15299503038622	0.194888395518469
-0.218900312707731	0.243326450304541
0.199020081966374	0.220751494522176
-0.197869866219781	0.208892426471493
0.460042222562304	0.605355094989757
-0.454698090270421	0.87783066100856
0.528678073232688	0.961139935894964
0.982004678217627	1.6727907532255
0.0330405095490403	0.0326814579842263
0.177100732180163	0.206565942703002
0.452517957436019	0.832082609233881
-0.0910129312637658	0.110820785616157
-0.371583375701901	0.614674607463496
-0.495105633831327	0.825261435014229
-0.309341600953827	0.539347117960208
-0.0486662145299442	0.0632634766386016
-0.106153791142917	0.139313666585006
0.207107125379001	0.269153456479048
0.322697778130467	0.458786463857219
0.0241506672778524	0.0217810073218826
-0.21846787981323	0.242802768995321
-0.0889982938854387	0.0742264313215857
-0.634913608440256	0.797222764842826
-0.553039472983815	0.858844687895267
-0.691052524516919	1.19079397008548
-0.0394130756190345	0.0356405882689713
0.192498335741731	0.23703288823589
-0.28033475700858	0.373304702477223
0.315912615358299	0.42778290840179
-0.259771190304826	0.372770303661941
-0.043396443548111	0.0544096329961001
-0.473352203890242	0.865425232402156
0.20798346428897	0.357138349097042
-0.063272241347988	0.0767483794290134
-0.205766087881943	0.26269026023011
-0.238258641251604	0.317020274371201
0.392364949618107	0.753889015848742
0.100171782713894	0.118437664839857
-0.225530393075409	0.288083686763001
0.348950708317585	0.583122318043135
-0.344168687468218	0.550383386888177
0.126356314812145	0.138340425600734
0.161589277727132	0.197974459534339
-0.472071844273604	0.837999584644364
-0.169379642282141	0.215929491385775
0.379822617396238	0.637801092754754
0.376827870717716	0.618870370978607
-0.119622291089815	0.157317020057259
0.376877528362384	0.61903838577747
-0.413376331734742	0.664467696648747
0.0797217261613437	0.0890084143135769
-0.387651175362142	0.537152296703254
-0.104014976890422	0.11653092294936
0.652710136397414	0.922133991196602
-0.0224388354330998	0.0203661107831415
-0.133845724029445	0.176337723817081
0.152106493836401	0.195850438870646
0.393672434076752	0.77004263146814
-0.300989345243111	0.43321431960197
-0.486647463747947	0.558431261913136
-0.504376524788683	0.666322834764968
0.134758259828051	0.164494949026765
0.322864866281844	0.459187430713956
0.402346094852607	0.431015237776848
0.355424913469911	0.472444959800129
0.833277918827538	1.0334434765609
-0.295035492858592	0.325614796246254
0.533325879533386	0.671051064374159
-0.218542805928305	0.242926563297726
-0.395851469227842	0.502708157925691
0.11694663038584	0.12438455535904
0.126241338703508	0.138179186073002
-0.586548608182944	0.841188954598556
-0.206200578680341	0.263416696497385
-0.212026700507881	0.292369526533278
-0.0226002570122344	0.0205187307570297
0.754884312661183	1.51432553580425
-0.0229034412429684	0.0207974666412828
-0.0944932242642639	0.0956426011488993
0.00133357378287922	0.00142939865135987
-0.188947840936525	0.268800518726863
-0.249575451827303	0.345118117482673
0.595131334416988	0.9809414586915
-0.105599032454356	0.100492744348293
-0.0774930736847708	0.0786056360514189
0.285348037312733	0.311605737389769
-0.205948410016723	0.263019929061709
-0.369868734977418	0.533153385623454
0.361496782635282	0.516932821286418
0.201313528251221	0.334387093306036
0.419842481848592	0.768909621176445
-0.149078127882027	0.196822325254349
-0.387388342318137	0.536823925738074
0.368710448456183	0.565801738458239
-0.457051670094894	0.684446780118753
-0.058147022776788	0.0651407359771237
-0.486626737318198	0.728386808742265
0.0241750991810962	0.0218029389894192
0.225904689406841	0.279853358091739
-0.846723193548716	1.70634837232213
-0.0772488722782209	0.0783331098229098
0.674573740034285	1.07394649142643
0.449427584560211	0.712429691127141
-0.0683631382732666	0.0655130877503579
-0.496978836613905	0.856285831230143
-0.0109943160278229	0.0127482865574478
-0.343998674281738	0.549768410988511
0.213678720821384	0.284870832076562
0.569116824139194	1.05925389309549
0.0728927753029098	0.0683740432149573
0.13054244969294	0.115175477403237
-0.3407427182079	0.394570285180239
0.199391415543046	0.221250419969082
0.193775213792524	0.178177165995463
-0.107428589902202	0.0822251678269006
0.403635721611451	0.553659192959756
0.191646731558242	0.206488978811382
0.449949376675002	0.761645510094148
-0.525219236040991	0.963699478215183
-0.00432778321677668	0.00442284182607218
0.250414757129475	0.344068594925748
0.0067561071593632	0.00626717645702118
0.37376074172603	0.600085066086625
-0.258893374030783	0.34475426754148
0.282496669036303	0.389660490585941
0.0664225643586914	0.0760505388086918
-0.288660041641748	0.430018355306169
-0.117547099541799	0.125235776379329
-0.238620381713085	0.317575965959058
0.214700378350382	0.314710358128127
-0.232550350814421	0.34413553734013
-0.00506351947979354	0.00564470740449085
-0.249781127821562	0.345506574196217
0.151946987870194	0.195586678604789
-0.37735519665567	0.564881578649545
-0.0120102798954336	0.0128544908980598
0.282403067943911	0.38937793668622
0.0901427862794218	0.103600521212723
0.0138610779416906	0.0153113134850055
-0.875039738824813	1.97183179731944
-0.0577617184187386	0.0646791968266598
0.0130958094062501	0.0144554164279144
-0.0167162444710293	0.0201230719956124
0.744167052726009	1.72635537668706
0.450641082378933	0.779418228822864
-0.176063124755047	0.196432125041754
0.25300719373546	0.298881298762228
0.105678911372718	0.1183989838245
0.00650570365487557	0.00640383372795336
-0.421030551087921	0.721988231980136
0.1030005071631	0.137571407946569
0.265769738659285	0.436545254570591
-0.75744711319971	1.57039305823743
0.191671755824161	0.206521112982278
-0.138922376362636	0.162829984705708
-0.309515813394517	0.461934692934193
0.0956015522697297	0.10409226635577
-0.0683076231703153	0.0654579168681622
-0.154885050589829	0.189487867787063
0.0316658447479661	0.0331631151307585
-0.804955819400139	1.23860823052759
-0.351326722157435	0.467289564993663
-0.542961151006003	0.716091957012595
0.73412059589585	1.35984554905427
0.532013890081218	0.927650224076238
0.580212118252246	1.01735905186648
-0.313986818026702	0.400245343503428
0.751542293287889	1.71484689607741
0.675564614393309	1.45255633343741
-0.41498469465048	0.574553750562959
-0.0166167139033917	0.0200043541147571
-0.834568496617795	1.73272987976181
-0.0431924365319512	0.0541352635279917
0.17083070440043	0.215196484836872
-0.24175372261937	0.405879782972923
-0.21096390651905	0.258187362578533
-0.103811301839113	0.116267877636991
0.0958625026080037	0.104435646373542
-0.230443166789877	0.318318581594701
-0.103887306708558	0.116379146294142
0.017564988105125	0.0204340560899087
-0.0578615999198841	0.0647968961047917
0.207886990330197	0.297600589287361
-0.577805667443695	1.12738605223702
-0.146778083665379	0.200577181439729
0.0774027206788227	0.0911925251425619
-0.0681949268791253	0.072925714115744
0.292480783002375	0.423997394815842
0.0555126020489692	0.0617459312939751
-0.0174709030046212	0.0195028987183153
-0.301119561032108	0.509353258327675
0.046545552886438	0.0558854903494537
0.489856947098211	0.851013236380818
-0.0227170585321486	0.0206248604770636
0.278031016105287	0.374193067848803
-0.26770117924627	0.341962827359834
0.492713489522274	0.802241777527446
-0.0533324844729746	0.0570844932741123
-0.177356012590517	0.243416580522208
0.273092574940122	0.413664779895881
-0.0475302920834717	0.0554061032023933
0.453436277447636	0.850617928908364
-0.236834757320185	0.276344056039933
-0.269662844471242	0.373257052604304
0.100262459399412	0.118558093349492
-0.533176789920537	0.610032879136598
0.793910565659058	1.65855231885152
-0.468918597229559	0.6205262148988
0.193366522484907	0.263326513153399
0.242056973803814	0.270394796916527
0.0962196425078546	0.0963027532494863
0.253228772219559	0.299240128936074
-0.701367730684578	1.12588598875665
-0.290197908138482	0.370359974362706
0.315590364707015	0.427366603896987
-0.0837452381144093	0.0894784515529863
0.238495908043505	0.31138139421288
0.106145416040448	0.119055323580391
0.408466597560421	0.643755711370158
0.538514968803691	0.90060952411318
0.308880001963813	0.397714316214701
-0.083709718552644	0.0894295822495087
0.115887132726543	0.133748324745808
0.263495839014086	0.328461628682469
-0.763651671104456	1.35783963934664
-0.238328241815208	0.317138509679261
-0.26758215602148	0.341555415526129
0.934338191908919	1.65614238795742
-0.210929077304361	0.258096959106883
0.13358145235954	0.134534467238697
0.28307696972127	0.390707625915394
-0.0173790309119904	0.0177377578857074
-0.585698647956576	1.01098503084378
-0.267774291984178	0.424266600928012
-0.0344475332606738	0.040074036219001
-0.00016167404299441	0.000187355724161605
-0.0510023606517323	0.0617714929890401
0.0667027670380796	0.0804647720962335
-0.554397109086194	0.924823346282853
0.145043303014845	0.168243103809143
-0.175075629151511	0.205016326437969
-0.247719788633127	0.25991913685863
-0.267638478604787	0.341829797675969
-0.106404385823124	0.129836944996216
0.240216063649861	0.391592142891401
0.183006869694137	0.260477272381493
0.216450268504452	0.34999819664036
0.199045004684647	0.220797408621057
0.119625141356019	0.149483872499969
-0.152571900348695	0.194311312624057
-0.713892707378831	1.06054139591346
-0.387573475859736	0.537126857981819
-0.339670579614531	0.432687643268278
0.0379621310508781	0.0354164091422404
-0.267571746673559	0.341727340555829
0.134978530992597	0.164796527097811
-0.854519338790327	1.51719174193665
-0.196902735637484	0.219345826954079
-0.00766791544910107	0.00698844403597895
0.258331848163081	0.313567043528484
-0.361326341009945	0.500887399209456
0.220271471018503	0.330277122241048
0.0177713910908535	0.0206728747605216
-0.486191702699746	0.727773735349041
0.143893620246973	0.180392484921101
-0.0223854858838632	0.0259998271885337
0.135922230967654	0.15325504339937
-0.330351357871904	0.544396972354858
0.109734618081195	0.133377750212869
0.326435066995322	0.475558459604061
-0.0360768946316785	0.0347812891736173
0.119419746329004	0.149123193591379
0.0853637938209885	0.0902747022393336
0.200454032248006	0.279823454138342
-0.594088592653957	1.32341454527259
0.206912532989694	0.321562073165848
-0.212053509028555	0.292439177652269
-0.0906758398941346	0.110348808374192
0.258338086789858	0.31361489445879
-0.121688531737976	0.148627431347322
0.496876872302173	0.774990803624389
0.152234893530695	0.196092984606779
0.374509007202501	0.601440799859835
0.206721219617489	0.268536982737682
0.738162562484827	1.74177775092532
0.074775809854398	0.0968894443445575
-0.0680647081351668	0.0727841811034699
-0.0462390235079818	0.0470979717806414
0.244525634876796	0.327613742131803
0.206666621251894	0.268476434234498
0.707197128126807	1.38672327472107
-0.134477864995322	0.177219784255188
-0.68543147884436	1.22223770800787
0.109570326034293	0.133134107978106
-0.625435179791721	0.931669789046667
-0.0652628194107096	0.0547213222735625
-0.0568924557925054	0.0512439035483968
-0.211119959745558	0.258424913298631
-0.285106982569589	0.331426286528024
0.213140728289572	0.250162936681743
0.0854282532326568	0.0750855665616892
0.0453968339870057	0.0397243729198618
0.194128530931113	0.264504898946485
0.0744838658396272	0.0764209429974147
-0.587079897311643	0.944871159516985
0.152374019828178	0.163116333195512
-0.139259396145849	0.163258540815182
0.268376122315282	0.343226351400454
0.185876722644947	0.246738549817982
0.0316143562915264	0.0331083135691617
0.0568587385001771	0.059803546261726
0.057110199190715	0.0600963545315784
0.322700812739257	0.458895899501914
-0.22565681889236	0.288340450451974
-0.121847415564323	0.148856071868637
0.0848716151085845	0.0822812162392081
-0.345742499471789	0.498298777317662
-0.231597427663644	0.283300717025693
0.119939024553707	0.149883223163471
0.0971620384858503	0.134660189024109
0.488959579590024	0.903754263002299
-0.0345266065492885	0.0401698515079838
0.0447128684668693	0.0509980969374267
0.220671868159134	0.301876300205876
1.10797741413669	2.48722157281096
-0.121908568097732	0.142865553036489
-0.314312299477023	0.40076357993024
-0.173433780128359	0.212410908577454
0.153188683981086	0.211883438327446
0.0465728711723776	0.0584562441934587
0.189994400720789	0.27691076061044
0.453631721299426	0.85124262639751
-0.077053043554078	0.0781117139654973
0.119354254333035	0.149107456964848
-0.232771045961565	0.344525135620107
0.762882353460444	1.19735223216859
-0.156612766229017	0.174978380952022
-0.387398839270885	0.536664846260757
-0.903356159455	1.43930299722983
0.143269106989731	0.148838003667865
0.722865555448911	1.20800704215112
0.00648067845374289	0.00638092067904328
-0.094548491029133	0.095700057863042
0.708878251777326	1.05691971525227
-0.587023856120031	0.876338476265308
-0.0311635626915831	0.0317613456107616
-0.4173004033926	0.693380218453267
-0.360463276779821	0.558650568483191
0.250511848098033	0.344251455461745
-0.155198435134753	0.189953958804249
-0.586828056005506	0.978969188675813
-0.288641426613567	0.42986857873322
0.0768220492708038	0.0904692600190555
-0.0578890586184988	0.0648208415413024
-0.276074241869774	0.33702663239499
-0.73050487077928	1.25815402620149
-0.0772796385937691	0.078384387622498
-0.10542680800626	0.12343825523682
-0.41764980270654	0.694166937169731
-0.264942963872283	0.45969332164042
-0.162043954089071	0.22205651849855
-0.427742052108223	0.778929346194305
-0.120986873224367	0.153568518701438
-0.337951644536827	0.522858019549648
-0.269487522140893	0.372848735136158
-0.138004151358919	0.16876697009882
0.682372475357634	1.23372079757166
0.343163418268089	0.388686509215278
-0.152615098701988	0.15311909081348
0.545312362843256	0.874601507407555
0.764970972804762	1.50726056684775
0.0744018733629765	0.0763369783863253
0.258516524567969	0.313853622291204
0.49477145751164	0.78878386133402
0.449720378011393	0.697350300169396
0.601438201643088	0.971089447776074
-0.0472540603925306	0.0550663416099902
-0.100274211769082	0.106995010571928
0.654969708021574	1.27916875242788
-0.276502485849296	0.289431486158364
-0.788581528592141	1.07592431315603
0.572348588678704	0.821988143732128
0.404316791891456	0.568220823649003
-0.551309627672629	0.824032753906685
0.206440053660299	0.235632773607034
-0.520601509344593	0.808902468001588
-0.498857009220582	0.629876521914182
-0.1121453250622	0.113166330727773
0.263423301694783	0.328348442194956
0.361592797982061	0.517161464857651
0.361540618712479	0.517057419658215
0.253289852376538	0.299329918912576
0.330056402501678	0.492382902545455
0.0727303123138188	0.0682164570601608
0.467265947328251	0.568193188473475
-0.441686091945384	0.734360082749655
0.170253052710521	0.214442468961088
-0.554491342158685	0.925115281809319
0.0999462622877106	0.11814968980469
1.02306825351639	2.44856351351226
0.282686858166153	0.390047453498945
-0.587302629311784	0.94559989968253
0.0568849602180868	0.0598387309698242
0.192384480365748	0.237014546371217
0.109892817143216	0.133593400921674
0.328807194247528	0.580438826861951
0.0464029063788621	0.0557009732355339
-0.105635977543691	0.138469316388908
0.319405789592722	0.531126843382531
-0.0782833593094737	0.0986717717324447
0.136608939314901	0.203151043401955
0.199812429614878	0.252813228709657
-0.810472999983311	1.77782709631714
-0.585034067225491	0.736197985768307
0.106101155873481	0.118976670242978
-0.0543267412773997	0.0682238253689427
-0.0591764824845581	0.0770617763996566
0.421592322020092	0.787083286003209
-0.250524004906701	0.371619454528368
-0.131518942732211	0.132344286859058
-0.231866549892899	0.283656636170714
-0.514166781473164	0.739454735539811
0.892281995142748	2.12345462745155
0.549816520615083	0.863287597129844
-0.542871485347094	0.715948626985675
0.165573941184979	0.16245481109191
0.18385257616847	0.192221564709984
-0.0246590729584337	0.0208804643989606
-0.0113612773645773	0.0121502782409264
0.315872265755226	0.427686852965504
-0.395522180720695	0.570217877647792
-0.554079448644973	0.892578918056747
-0.267651070582182	0.341750642251472
-0.932608539870523	2.04510850547081
-0.613634619299936	1.47138045805927
0.145198389098643	0.208871486321132
-0.134054155655297	0.17666565604029
0.597575537051973	1.23002380151048
-0.0658513999131442	0.0828475011361753
-0.105753085807451	0.123879761053444
-0.0359608325877734	0.0346689713176048
0.0438078875832204	0.0473062768274506
-0.13836167580597	0.154835415947986
-0.0754725231730479	0.0882559185095296
0.301745205582826	0.368944022811332
0.0332396415186516	0.0368286872869027
0.273569219645469	0.35916631829468
-0.169762808661581	0.216496042203175
-0.105748558829445	0.128929175153406
0.0961046140999842	0.104697812736764
0.74595617370043	1.5236408626037
-0.498362811977168	0.886245520771799
-0.577994842403941	1.12772646097631
-0.309644183427871	0.462105478243942
0.0287226770571774	0.0358183103007043
0.10403342644757	0.147303007042039
-0.0120392428735506	0.0128854466036259
-0.0119219220861601	0.0127592881853224
0.579778996806909	1.01622251271207
-0.326663749412079	0.397654754909013
0.322709926963385	0.458901194427245
0.251245082242628	0.231769427225783
0.213874427686911	0.285139303899393
-0.104017949791072	0.11655178164509
0.632522439260923	1.114870216523
0.0452021776746447	0.0461332348448803
0.126711278927647	0.138805247010443
0.4489168286908	0.72717118559991
-0.0902185567323479	0.10558986331329
-0.481351666391543	0.6926760025722
-0.35382319304075	0.529317307322151
0.143824025166407	0.180414590699589
0.0331005703402995	0.0366624079600384
0.0331556196626794	0.0328049002760796
-0.169644741538887	0.216330877373278
0.244223320224805	0.327127112920594
0.23239559156683	0.295650211023497
-0.156473460071647	0.18330165420984
0.626480938230375	1.1264355754909
-0.104136525456693	0.116689802264598
-0.132880113561869	0.187455237470515
0.302372160950196	0.459988459898705
-0.238321165202076	0.317121611074327
-0.147137252334842	0.20113105432887
0.495005098124591	0.789150395991367
0.0745564344259926	0.0764974298200746
0.263708633632093	0.328680477046634
0.0791920970354524	0.088415702622241
0.722964672450089	1.56005524942627
-0.456819959469558	0.684213116298498
0.722840598210114	1.20796009435625
0.170566049561998	0.214899614342166
0.450133957293442	0.682388502262807
0.408284818347487	0.643922073919704
-0.105427784228924	0.100320758694649
-0.211584476034471	0.291589463306341
0.128780212139081	0.165253180761437
0.160928903636451	0.21285876551007
-0.187219999318283	0.238908139384469
-0.1214512139891	0.148289685229598
0.298754510855323	0.513795297060142
-0.218686670002896	0.290663043241287
0.11958966528756	0.149433227909576
0.287612324572095	0.465710956433662
0.391923343638261	0.740928046578247
-0.216129778471892	0.319167319384851
-0.344285723241604	0.550593699781856
0.291639027453988	0.482192475287226
0.0747383563050098	0.0968258408858116
-0.12053783859835	0.169661880295683
-0.159441856269032	0.248932987115577
0.360888573149349	0.665101001830892
0.278251824839815	0.431302548874667
0.528678073232688	0.961139935894964
0.106024047584887	0.11890007331514
0.000694455154648894	0.000741114409780372
0.278177635799309	0.374516244037818
-0.187248531267914	0.23892276071759
0.106637585492973	0.110038543365111
0.403949446444497	0.567468087011828
0.0192508400640576	0.0195557035346257
-0.428717841629962	0.641957825615567
0.267912981141939	0.396396728368861
0.152698935842911	0.211059386633688
0.272998096593439	0.413457436362065
-0.71544649525342	1.52517734807858
0.552667389579195	1.19362110821056
0.152514037967303	0.196506265497362
0.311337560842492	0.495896398331664
0.178550111693118	0.230999845453461
-0.169457860300558	0.216034890176665
-0.105358333691096	0.133344887552797
0.135869861963132	0.153193816717072
0.496994627996176	0.775157097831974
0.170524371118661	0.21484598239783
0.452116828523725	0.81531185203539
0.488884228585589	0.885074184309227
-0.230766360520643	0.318760780512849
0.261725993271095	0.377723963731813
0.357387352808218	0.486992895493071
0.774722107006258	1.67730368162106
-0.105744968486528	0.123872513280217
0.804725225407815	1.65122204042367
-0.32622036645419	0.434122341402201
-0.500105709117042	0.970053395383056
0.152711821187928	0.211097149284543
-0.342981264544825	0.600635285725246
0.0193026743590757	0.0196092996779871
0.160632722672789	0.212414712641616
-0.0581270488810806	0.0651163457069727
0.640347767467255	1.32313296146327
-0.149458100779494	0.141213605599012
-0.360356450947312	0.55841132537657
-0.156491170910768	0.183335886425811
-0.490077154994839	0.761525637278872
-0.495390627258795	0.825910261190999
0.527352693884845	0.978371472912613
-0.218573257554663	0.242964433954481
-1.19617944376671	2.74574014655618
-0.131988862093709	0.132840069100455
-0.546236015787346	0.752431194654551
-0.311438216272663	0.511733719020725
-0.702842731481933	1.77403197237539
0.0568121976977928	0.0700379891898389
-0.212193505518344	0.292638549720305
-0.0302762348320006	0.0338452330620077
-0.175282242833005	0.205294268169431
-0.398068541545106	0.681280321771387
-0.524132454345649	1.04630395188163
-0.0470405100605566	0.0547949327084372
-0.169320997341359	0.215819984678513
-0.173773840909155	0.246717091652931
0.206290002879091	0.267700663575479
-0.138861529473383	0.162736030116941
-0.177691396921208	0.244005158488112
-0.0117647563528885	0.0125895379043921
-0.152306336384234	0.193904297627215
-0.494973535455194	0.824722786126422
-0.165271163044245	0.218647809823358
0.267940882720541	0.396416806404503
0.635857228482718	1.57668028621826
-0.496605833835311	0.85527694300103
-0.420366455706627	0.720276395278611
0.189596354102654	0.276116223420415
-0.242547245085037	0.371188376960633
0.45373764341178	0.960627290103973
-0.461177078278501	0.940304909804903
-0.663741405507682	1.55955787270905
0.544942511632773	0.873509527756253
0.191752415507972	0.206624845966953
0.404538333291998	0.582088785047785
0.117025842326237	0.124476199386303
0.0962002671627279	0.0962756350579199
-0.325102804372115	0.357841414693532
0.451352575995753	0.668914007043814
-0.419391888415292	0.828913957097519
0.154416152191083	0.246828791451327
0.241046829914233	0.445076933783156
0.0350715973717263	0.0485106231431533
0.366395403441206	0.733069735300973
-0.063507755966315	0.0770560846895723
0.115246096830321	0.151028907885319
0.0250039396258961	0.0284174776343327
0.60357011620066	1.19626002887304
-0.156710345201323	0.175119149077691
-0.197869866219781	0.208892426471493
-0.0358528714864487	0.0345618358472707
-0.218626743398442	0.290548303167468
0.0202556825212043	0.0194152038917734
-0.337111031609011	0.573040490520105
-0.260175539230815	0.30315222315999
1.18585260384356	2.85554593800581
-0.121859983588314	0.142797343599689
-0.377409822018842	0.564885708748673
0.109813717165666	0.133486687551035
-0.149335298419598	0.141066114383041
-1.08090541214031	1.77407645084151
-0.395565212274242	0.57036330756611
-0.175048970471088	0.175093309039839
-0.707153749804106	1.09294370168777
-0.175238377903445	0.205224022624243
-0.551342978194939	0.824173990001039
-0.539942555699787	0.680696901557812
0.247556875176107	0.284471965663777
0.182331345893161	0.161282294359617
0.0205394149876935	0.019684371772579
0.155162852196121	0.147196896120391
0.624129522802093	0.944639127727297
0.0314833082616029	0.0329732747291109
-0.0917423453592737	0.115935307728538
-0.361903210201909	0.635370421929272
-0.120774475043368	0.169986676026798
0.94352189695867	2.64099754514025
-0.136023667771769	0.172888669347055
0.408381638556258	0.64419767705281
-0.225899522569633	0.412712317295715
0.134799064186216	0.164558022834627
-0.100212254247931	0.106938760261645
-0.31324784535614	0.434158839599966
0.297264598358641	0.441483857494082
0.100271637532926	0.118579374145503
-0.0388441242856536	0.0415926978465815
-0.0881702143610409	0.0988403162983535
-0.133745655295265	0.176139677973692
-0.230357584624925	0.318149454082789
-0.520563900975313	0.808771133960654
-0.49323020868299	0.794745141039353
-0.300356864991197	0.431996432649819
0.333942138040414	0.510155715460362
0.312083106293204	0.412165983060928
0.301721858251826	0.528686268123614
0.250393482640234	0.34401097688067
0.19952735160971	0.252464333595438
0.520613911103322	1.08119923181463
0.153662163794464	0.183282976845676
-0.17317089494238	0.212036541247012
0.169397891130659	0.229872252876532
0.326657359902272	0.475957720118662
0.41654975265937	0.732626244877128
0.23239559156683	0.295650211023497
0.710151898438891	1.58472926841604
-0.15529595486728	0.190049823792829
0.0565035403372609	0.0696457699527861
-0.121946246751071	0.149002476611651
0.452929955429935	0.833483874607461
0.185537447188872	0.246144150587103
0.240070647937225	0.391148219746236
-0.531913857456825	1.23817262440724
0.0968873209742089	0.120491730433757
0.0958896901975736	0.104463007311687
-0.73028252358319	1.25749248480374
0.311980679878472	0.41188299665091
0.225755653179056	0.27963027184017
0.00936435759592308	0.0081553518319226
0.406206472017853	0.612210384011834
0.353719568170758	0.458736765212348
0.115653129821047	0.133455144913647
0.012939478460726	0.0142791993876944
-0.438235930514757	0.868013952245851
-0.137995015800655	0.168738206802689
-0.922710957242495	2.61987743581717
0.413168670781416	0.696342198215393
-0.0462551742538289	0.0471153095609432
0.0468866543901883	0.058893345162424
0.106120150404432	0.119017353064953
0.0330831156406525	0.0327326672431298
-0.302621865258267	0.402980622452516
0.505956008302508	0.738162319177268
-0.191626550052445	0.234591726844576
0.722796050305313	1.55922264182029
-0.155428060333044	0.190236070874624
0.207812508599854	0.297437536824081
0.176888660009989	0.206260532366222
-0.690724927534124	1.1908282343787
0.0996392231877865	0.117719744684695
0.0746896562408018	0.0766234330712495
-0.191714860348215	0.234621532290258
0.691389196733366	1.22607886303018
-0.267544170781363	0.295971607105689
-0.126478873186131	0.119929490489172
0.404171623573027	0.567985876956184
-0.259157143032339	0.345134488379393
0.532307330546219	0.928622400325338
-0.146810198214103	0.129998134091091
0.502542129456404	0.74951723489116
-0.340457461984097	0.394154986563928
0.0598606209127692	0.0542776199864965
0.894924099492348	1.95157908208523
0.696529534054271	1.06208868990135
0.308906212210816	0.3978152265582
-0.097601944222164	0.0871927198520808
0.881222755684201	1.95443470535904
0.538262483575449	0.90073473368171
-0.00758200325180245	0.00691014644947366
0.232204415951783	0.295132676746268
0.0363939687561788	0.0425458105250905
-0.122182027466564	0.143227119899054
-0.0582469074013845	0.0652500092222075
-0.132996782963748	0.181420333486134
0.00635128683692691	0.00625433985294773
0.735032002090396	1.20280787677211
0.0944854156145907	0.123158732365363
-0.0389083714010862	0.0351687479500685
-0.211137583107661	0.258443411979121
0.0768940245529682	0.0905610017082101
-0.0956252137027443	0.129685530188514
0.0330208658142472	0.0365755842169884
0.575589550013145	1.0291451470107
-0.249574688040006	0.34512548835114
-0.389230970727787	0.624868060349069
-0.336633507667928	0.466654282588933
0.580142906900451	1.0172949274536
-0.182791813892883	0.277246353943548
0.693069658930937	1.41113776281468
-0.072738895146349	0.0815052682484064
0.572472843678077	1.04527048931348
0.0205745882097723	0.0197160071811878
-0.522727124972604	0.842121476957065
-0.232435482516119	0.343819306433181
-0.219161027009806	0.291397300064802
-0.0684351525393684	0.0731970464031807
-0.554312524875852	0.956298162200474
0.225719427086568	0.279567398655629
-0.279631430669433	0.401814209807485
0.678968321336748	1.67081020879792
-0.0883371696916039	0.0990342949418884
0.337771570656671	0.528032541733826
-0.424228300530925	0.75002991963198
-0.304227191639465	0.484522943232215
0.10613786648819	0.119024911204642
-0.0173364779793933	0.017691961454777
-0.0174884825399	0.0178524309492018
-0.260014997215368	0.302895960375189
-0.453701706228786	0.547974870697397
-0.131579995741414	0.132414450077334
0.804568759853661	1.65041410080777
-0.322695691722392	0.464885676569784
-0.465039663321304	0.748540805499042
-0.0884725005907814	0.0992003585911682
-0.175075629151511	0.205016326437969
-0.0928439499673407	0.12154401468362
-0.0772711080606671	0.0939502571648053
-0.0728572414774549	0.0816541074994505
0.83576584655603	1.98178903217561
-0.280031637389267	0.402570412404413
-0.121859983588314	0.142797343599689
-0.383523124267232	0.594833261385203
-0.215346185576741	0.251658199662051
0.319278701104401	0.443178658734003
0.0063324460139167	0.00623418095159707
0.0684550006091316	0.0742113728985961
0.699453655557844	1.39753000935083
0.0742942511462063	0.0762174390463774
-0.121923847814896	0.142875294959171
-0.00638520410269344	0.00543188316790342
0.412651561022894	0.695058115509338
-0.00766239531307337	0.00698285925569408
-0.0252357965817999	0.0270193331581331
0.28781323676386	0.407306600498786
0.133225442133533	0.134108197117397
-0.395486968961108	0.570110045958155
0.343257699601651	0.388827781009869
0.219691562062655	0.264932676148495
0.0244350481941101	0.0220398727539098
-0.197812999912827	0.20881476986549
0.404039374289207	0.527640246307723
0.219788897519686	0.265077564848125
-0.536720341380103	0.645514756341668
-0.504473671740679	0.666445429128414
-0.174692736483626	0.16445827920479
-0.683410215297262	0.896105512007155
0.285071200964711	0.311335551368285
0.403107199205738	0.445897791840976
-0.475422469527857	0.656548300806733
-0.371972369255541	0.429658190642295
0.0434765596575967	0.0469153670310985
-0.469060594604393	0.62087287188007
-0.549202675962917	0.788517646541242
-0.00737072355671643	0.00713952579082498
0.0630886878438777	0.0627673199746768
-0.326206183880045	0.396928951868625
0.420471302862673	0.784148511325617
-0.15873260548588	0.224682136964558
-0.117392619777988	0.125040942961662
-0.139343692357047	0.163338181274195
-0.0944020410628109	0.0955318563801327
0.692811497913609	1.41019158990987
-0.258990189320011	0.344925084107536
0.278306531042016	0.374731653421287
-0.0249380648635187	0.0266960124348551
0.0556260658271936	0.0652378049016434
0.123845590624279	0.176743734657295
-0.138647779133896	0.155167384947015
0.225936968130178	0.279914793784809
-0.293216331615546	0.480777260226205
-0.119284179194241	0.162299977508575
-0.105761889686297	0.133928039043493
-0.169733109000174	0.216450064088282
-0.0727042743150024	0.0814805197109478
0.110130122163986	0.133900139116617
0.45078967575237	0.779429378355211
0.287871253326927	0.550209798225932
0.301375768382506	0.527857421701589
0.0553943250050263	0.0616060542125074
-0.6892821152473	1.42819476815679
-0.0305621496927765	0.0341718711072887
-0.145578701275462	0.205745731933569
-0.279749411202458	0.402074080905343
-0.310288963327955	0.57346020910348
0.365952248487328	0.72122233241505
-0.106994600265481	0.160608068505062
-0.165374654793227	0.218819389515855
0.0557207036777028	0.0653783220874891
0.315626584635562	0.427427920682592
-0.453673268383755	0.547964513230303
-0.0516953333728407	0.0496987352840282
0.15211402574948	0.162774123107702
-0.0612599825369096	0.0622679042263217
0.40402616079184	0.540786451680361
0.106110006475371	0.118996009612855
0.0565175366611902	0.0696553258892211
-0.135943267830443	0.17277417869345
0.553163706258114	1.19524442635032
-0.112770496945477	0.164043668973346
-0.2679099145841	0.424546209044072
0.0449053004051105	0.0512284774068506
-0.0783364641826085	0.0987357056119957
0.564152357222299	1.0928178109723
0.096192306372056	0.104796085953519
-0.412854761368693	0.663262757105325
0.565743074089758	0.831207175092181
-0.175884842365915	0.196198713953495
-0.644502698268397	1.44085045257436
0.176816191277928	0.206146885783246
0.23826500021285	0.311041753157077
0.110044921914502	0.133794768351425
0.319218100863	0.443055379753191
0.161913290461515	0.198482683860611
0.153732038594035	0.183358506735922
0.0768872098165155	0.0905450276378197
-0.105477627343383	0.128513819958007
-0.0683048988246663	0.0730480613742709
0.301905975253837	0.369134699249122
-0.00440439925705948	0.00449843954686787
0.0683516826344824	0.0740939410030224
-0.775066292966231	1.10335293561354
0.700954927802328	1.21881645073055
0.0730802897429892	0.0685557746842695
0.0316518288715566	0.0331554988526051
0.0765266834340923	0.0948224057253381
0.117210657296117	0.124663114002005
-0.260095271460996	0.303030963396869
-0.25315577470106	0.309379609727935
0.0990840737744203	0.090285340335101
0.541293600521272	0.886373065147286
0.345970650587547	0.403377676445309
-0.126478873186131	0.119929490489172
0.244714342048991	0.327856270404773
-0.231955175881871	0.283816092439236
0.0240773258849118	0.0217122927358102
0.169115258647137	0.191772568940528
0.565712335792877	0.831055440798455
-0.174520734251616	0.164213194301028
-0.152305721586356	0.152768912099463
0.31922670046824	0.443080796920173
0.405012786507334	0.596408391909879
-0.210886097443746	0.258065724054223
0.269226458861479	0.450930583111999
-0.822071205676119	1.75529733804172
-0.406266342336849	0.539389055799062
-0.135996850466161	0.172873454297812
-0.354609496969868	0.430867072312589
0.68245278105222	1.2338649777941
-0.138220699332796	0.154631085817675
-0.218381958985434	0.242692349738728
-0.0611197307462012	0.071366752761053
0.00668723622777403	0.00620412214104584
-0.117724971925976	0.125434561570585
-0.344431366983188	0.550864130710131
0.322472982651791	0.458169957161874
-0.481054975453879	0.982627147296491
-1.2878615434552	3.02235642980503
-0.0225650798793204	0.0262107574286129
0.226041830897242	0.346531110977959
0.357492514419514	0.487133764564167
-0.00403193694094734	0.00411712818617785
0.62086295878194	1.13832446504299
-0.0173920589057579	0.0194149875097487
0.775947694936845	1.50082039796552
0.584362373408078	1.00386059120075
-0.551342978194939	0.824173990001039
0.72517094883823	1.76499004513656
0.109341444042017	0.132798175293692
-0.183036879061606	0.242740363135377
0.654824441701633	1.27834031513249
0.251267280379203	0.387322687330521
0.523614450516522	1.02978308415629
-0.0249299476458352	0.0266879085519373
-0.524152711459258	0.874213149929751
-0.165798494446594	0.219472800341252
0.126931363400012	0.13903152193729
0.288044120278824	0.407721838513706
-0.620830439498683	1.0352026732247
-0.200108223390783	0.294719003609016
-0.169665056776074	0.21632777946556
-0.546325203969705	0.752414300763523
-0.280204111694761	0.373169141048971
0.0745445661509933	0.076481869172582
0.184822458202666	0.221616483990697
0.297333396554251	0.4416277745444
0.0898014764231203	0.103197729290336
0.0553688894987683	0.071211835979447
-0.0068033340172547	0.00817954725554809
-0.300713071945833	0.432741689870687
-0.31690996208178	0.489445213124299
0.357286893386531	0.486675166971853
0.26830799646426	0.343068885406614
-0.389307781195364	0.624784079800119
-0.413444369954793	0.664741169552363
-0.104206403087588	0.116776481402745
0.315731312069773	0.427584141820586
-0.269646606725446	0.373206001646651
0.333962092071031	0.510193496038148
-0.00407541742702634	0.00416274715035103
0.2927580849445	0.42459453206258
-0.13779527269236	0.168425638267949
-0.200649106434062	0.266485364828391
0.136159870094635	0.153478357125474
0.144991296987041	0.16818190321189
-0.0878194797462613	0.0983818704992052
0.0999262963235309	0.118126293925139
0.206091410130613	0.235195844263044
0.488021254214087	0.918954930302202
0.405222228378126	0.596876184679452
-0.468405933235495	0.780239621280865
0.256641371071163	0.361625670080771
0.350135022378065	0.431178428648895
0.0745517173461763	0.0764995983213207
0.315723243397189	0.427556495277305
-0.428821530183609	0.642237857469116
-0.301067553922994	0.433313316354231
0.403851729565128	0.554134008659328
0.0507631148540762	0.0489273527813105
-0.218296071502181	0.242557485999999
-0.238119436301426	0.316762624393268
-0.276296380299353	0.337327892055906
1.32111037901564	3.29877243518978
0.566623488492988	1.07646338379388
0.0214915056031553	0.0231184928628486
0.161939956480755	0.198504561884655
0.326359989679342	0.475464579222623
0.0554397297138001	0.0713045593598328
-0.280228467821653	0.373189441886275
-0.465021527065037	0.748790032659806
0.403152686849361	0.445902038930171
0.152270875031504	0.196143367211876
0.178163221673492	0.230388115523336
0.601614908781626	0.971387392459419
-0.585586288652477	1.01072742994707
-0.377801393955473	0.502080894209781
-0.0439637737576024	0.0492085325665914
0.206275933455355	0.235460690946936
-0.58689893214436	0.875797186912043
-0.174937853960975	0.204742884341304
0.449320986868812	0.728220037089208
0.522880245568669	1.04792733792448
-0.187309739166013	0.239054625812454
0.123480027580487	0.165829964986894
-0.133858146476138	0.195178844343924
-0.311909521254466	0.361941906556663
-0.044257122630123	0.0495491016824395
0.153543643047254	0.183095993477492
0.152034535767088	0.195758042104569
0.00114680223447647	0.00122807971788476
0.0107103690156544	0.0127265596928984
-0.326461330539695	0.434635278492682
0.556692803187641	1.16228188637091
0.489898589486803	0.851110491493676
-0.188754325231223	0.268334178727227
0.0131121611326491	0.0144687528074803
-0.0534308360102745	0.0572065933354233
-0.0171850699573875	0.0191806831424019
0.450307179804552	0.778476994811222
0.388493149748285	0.707481529613238
-0.122139462030619	0.143173138794694
0.492808509428551	0.802635510501983
-0.0460962622448245	0.0469415009495891
0.724366769495072	1.36821176407481
-0.495189447689859	0.825215629184783
0.421283088889663	0.786695614582518
0.297294330759293	0.44152697636745
0.45359424150982	0.851203390319548
-0.0735623953153694	0.0993665532967998
0.167300912344023	0.242443863264441
0.486380131017277	1.02047995414973
-0.311382109553585	0.511847039752789
0.516565023573917	1.126750071254
1.15470410724146	3.34843310366054
0.152277691309983	0.196161417968348
-0.172715453274299	0.211375166591384
0.250880684997196	0.344779362788167
-0.0576834958144858	0.064579674249075
-0.339670579614531	0.432687643268278
0.616177958709495	1.15261681321366
0.170607723457482	0.214940079042773
-0.122080253895738	0.14910892636809
0.604412350399221	1.19833145716434
0.408722454701938	0.644649801955831
0.319018692311717	0.442595794234867
0.0682635920004692	0.0740014988020785
0.40413197566818	0.567942145756068
0.220593703293502	0.301682871344524
0.406181033410583	0.612075350835323
-0.217833040490411	0.353463399583078
-0.156507583942506	0.183329973424502
0.294031749870219	0.340324283807704
-0.889214350832882	1.63043416497434
-0.135694205304203	0.144295214096647
-0.277640424934991	0.426936208715732
-0.311609641846119	0.361523136035686
-0.25314587350182	0.309368138605886
-0.302648076829905	0.402997343812233
0.406945001292432	0.627365011070275
0.0683821389822126	0.0741308098633378
-0.495133568465188	0.825321241859358
-0.475688456609848	0.657091361167952
0.724073861195211	1.95403362395226
0.207128412037442	0.269181592379962
0.169300182840504	0.192006126079553
0.244228255911231	0.327119616486549
-0.256206537643487	0.253805656688212
0.0971689285209777	0.120924760348634
0.492860503380342	0.80281444587086
0.169220492343418	0.191906110815838
0.199347186209221	0.221201862656353
0.0572400189028494	0.0602310285707101
0.389121010451967	0.708853555609423
-0.454870469125935	0.878248541360773
0.484880534982525	1.03402590128101
-0.330273925700422	0.544226332834926
-0.0961496636588439	0.148915582357911
-0.378972043479958	0.72568403670845
-0.105834028098044	0.133972661287297
-0.0803435577912676	0.104849216963377
0.0369603706639012	0.0471649701918982
-0.105618771310497	0.133731570645678
-0.210930536936567	0.321292932749615
0.207812508599854	0.297437536824081
-0.157580341646506	0.230302782469282
0.246091471816943	0.371031207266211
-0.147075645407267	0.201079886800274
0.273411496472066	0.414031121868274
-0.438276839658295	0.868124948328418
0.145470648323342	0.196425097058895
0.00653928184944826	0.00740246653404581
0.581123242720144	1.32371499907221
0.0824502560967809	0.109304084745815
0.591951148319532	1.26275970734307
0.297697863755171	0.354114626048461
0.357436710539944	0.486815569273523
0.116384841202827	0.134278111950962
0.357644848423675	0.487355159347985
-0.73028252358319	1.25749248480374
0.161155374487169	0.177617908536554
0.130496473656847	0.203006622517279
0.376877528362384	0.61903838577747
0.216661336974594	0.350378279079591
-0.371355612043134	0.614549702508404
0.26767005212503	0.395952891247233
-0.133015433855257	0.187679473093691
-0.0394627812314233	0.0512475937752615
-0.29377732615048	0.481783803008494
0.0683486952706111	0.0740992723131631
0.206791083968548	0.268646828702259
-0.226576683436879	0.225210552907401
-0.238328241815208	0.317138509679261
0.199649030440823	0.252615185682963
-0.47577406843969	0.657360646414185
0.491193251566725	0.817254210377109
0.193601917432661	0.263747540705925
-0.175125654462987	0.205073653948321
-0.0611849562092921	0.0621871146378908
-0.276041177045728	0.33697719853677
-0.117364529012592	0.125008545821885
0.262103160408807	0.378482491351637
0.0315263725517449	0.0330192792645174
0.45592078694904	0.629940790629712
0.0240938435529297	0.0217281846639768
-0.539791427608301	0.680562443762398
0.225824161748654	0.279748754939916
0.489187259804971	0.867567007054569
0.27799558532761	0.374156025686028
0.798654297698733	1.34353801804319
-0.469227350444256	0.621146095965898
0.0702893882332054	0.0594701005262311
0.366320557551517	0.549181604493401
-0.0613674931280768	0.0623844138867523
0.572348588678704	0.821988143732128
-0.552891953304351	0.85857178843134
-0.428916362846867	0.642428116906337
-0.338286061809919	0.523520393391032
-0.215720280567301	0.318351603654805
-0.0636647911916397	0.0772506683071376
0.326587212246997	0.475838114327792
0.167607084534248	0.242946583023976
0.220735448748531	0.331034356206411
-0.237054742378642	0.276681670450462
0.333227583179846	0.343668482719731
-0.121798048754051	0.148799679894133
-0.0942280353370648	0.0953364087681853
0.333725761575198	0.50960955910659
-0.146857677011961	0.200721424077456
0.298081706226936	0.354775417337413
0.4998539197583	0.76268608105174
-0.0682025158448744	0.0729515536131638
-0.0475547671427673	0.0554375254957828
0.212017745940411	0.336326794801123
0.361801510948305	0.517469865604792
0.809472501096271	2.01627454528653
0.00149115230590235	0.00159805617412122
0.528523054863578	0.960571529247846
0.328557448626231	0.57975493937029
-0.260842473809294	0.425941895433592
-0.0461687153661597	0.0470211735619187
0.239948411573352	0.353365043665791
-0.0791997298858329	0.110880029990594
-0.441968327324791	0.735225288369201
0.031544152933775	0.0330376085907434
0.419707512650382	0.768419624988218
-0.0921585899857267	0.116485016279942
-0.279875381989589	0.402306060672598
0.408171227252072	0.643668292871327
0.359496158414563	0.651140476387855
0.455081125286856	0.91834718329368
-0.146618088624782	0.221251611750532
0.373829535232722	0.600267669149998
0.0973580270612678	0.121180345178096
-0.145366480760943	0.205410445757601
-0.241985565861379	0.370187816700598
0.0762669239298935	0.0944865601937892
0.0432942800299357	0.0466967500086136
-0.291046712166683	0.403220508856819
-0.0393032786842358	0.0510295723962809
0.168985861704502	0.229305153075891
-0.00437772581192596	0.0044724345154446
0.244336933614259	0.327308944740822
0.35143539100036	0.599840352100161
0.106145416040448	0.119055323580391
0.207192267517585	0.269239917367535
0.282910913397066	0.448309874399025
-0.011715494623452	0.012536723997368
-0.35058674718764	0.5790872968797
0.21376164661576	0.312952001707328
0.115489322420768	0.133218280654358
0.611283376213475	1.16587299482631
0.261088692816323	0.420163319534744
-0.230492759339401	0.318370880597246
0.0438078875832204	0.0473062768274506
-0.0616319063695429	0.071972959466503
0.368795547241392	0.56586137406387
0.134183241102439	0.163600225238116
-0.649587071916363	1.1586212821213
-0.554822740936466	0.957626318600352
0.379084389120062	0.636020498955351
-0.00752111575931811	0.00685347586524554
0.357427218358333	0.487059720251849
-0.135586244250332	0.144141596370335
0.0876604535004641	0.106189837534442
-0.249566095945419	0.344977700924037
-0.97533789098694	1.84120137246842
0.239846459215375	0.353159671546976
-0.499008161744112	0.630300999750561
-0.194489448139404	0.227497079205211
0.488126916274856	0.901321421130115
0.344962777977359	0.564179810784635
-0.0901598930042457	0.105522370487762
-0.0722870474269803	0.0809209010394239
0.722805307432254	1.55858592340642
-0.422674377843909	0.609356973288057
0.545412615603048	0.87477152683496
0.144834853448181	0.167967938100617
0.229129094259272	0.241132853697487
0.135877935131715	0.153200657490186
0.404356448784087	0.568167262333165
-0.300831233519667	0.432981032537424
0.403962308743556	0.55423567310863
0.225687150881492	0.279485876647086
-0.206158016341284	0.263352098405498
-0.0226308249609499	0.0205466458845383
-0.0534870542750433	0.0572523664507938
0.0314458905102598	0.0329351597355317
0.464887857679542	0.580884249502298
0.348195147303013	0.41733755820783
-0.546203686258579	0.752442309624972
0.152374019828178	0.163116333195512
-0.0488598741461655	0.0634512844621382
0.0280291650155168	0.0334825417524125
-0.18497087445663	0.271737939427664
0.200868852558369	0.280595957908973
-0.293013832757105	0.480243337350081
-0.290407497169522	0.370745481395643
-0.121859983588314	0.142797343599689
0.0445484202902508	0.0507994164851194
-0.360783788168088	0.559087794233787
0.0313522683932927	0.0328317537158776
-0.0883154360189229	0.0990030351476071
-0.499281921266891	0.941643071201661
-0.493056990673527	0.7942249442456
0.451795470864842	0.798153582979247
0.161881687270198	0.198411543594535
-0.0432583864454509	0.0542270619700923
-0.15928807572606	0.22561148745582
0.162243813691796	0.248180481530086
-0.249643502041763	0.345260062194558
0.24025857145706	0.353935941838909
0.0332407156824958	0.0328858928743156
-0.121554047581675	0.148428140260294
-0.175984067726262	0.196256600835132
-0.138133156587135	0.168932570020088
-0.0807958678367222	0.105566628009745
-0.581794957265191	1.06992927104936
-0.369783614444469	0.532932514709307
-0.0441098761221212	0.049378422240973
0.41654975265937	0.732626244877128
-1.17264226824863	3.6867463673308
-0.417500344538885	0.693876030550526
-0.79700740219653	1.46535529562306
0.488543732155897	0.884384376649009
-0.280313596525523	0.373240754649246
-0.377525400965618	0.565072917165308
-0.10057992583578	0.107368639614473
0.206912768684372	0.26883019378705
-0.490294540498242	0.76163715315019
0.176853747776762	0.206195169183452
0.206699936063002	0.268481769550136
0.319044901256368	0.442629989548336
0.033081433636119	0.0366377187061796
-0.330119080092726	0.543828321850871
-0.622617929634608	1.00149638576752
-0.585340078921385	0.770715452293143
-0.19444922307864	0.227439656773342
-0.696065365780934	1.15879253266125
-0.10612046341099	0.129453929505797
-0.311494972615021	0.361351895903675
0.278134669792191	0.374415451195375
0.229153659675194	0.241139660560858
-0.326574161134288	0.434800489877606
-0.314239720055416	0.400678711251224
0.143852891249114	0.180440925042333
-0.237048765463276	0.276614591079739
-0.313402338055564	0.434514220992764
-0.461571981249921	0.717429821243233
-0.539822917903951	0.680648202467111
-0.238585794955492	0.317495983595713
-0.237023470825052	0.27660261427415
0.279641986259189	0.296172243830724
-0.29497041263893	0.325517364588875
-0.627265500286952	0.897798022168707
0.261575636967664	0.377436358696756
-0.117465199815586	0.125131041548423
-0.366785415679809	0.466585637227161
0.72433767422245	1.36820988083313
-0.52257158935074	0.841701447520285
0.206113965805249	0.235230572884083
0.0962557028520775	0.0963352926877167
0.624186534543508	0.944785799904601
0.235946687363304	0.255946513635033
-0.021063169235224	0.0203559852119185
-0.175630376301081	0.185904240284818
-0.461234613865256	0.716678703973959
-0.182862667527693	0.277390415226778
0.196181557208369	0.292366141489898
-0.291359497842385	0.403836898508729
0.244087983291046	0.326867484794254
0.0549252684074323	0.0610594709229148
0.152565059832612	0.163318658163508
-0.230400375254511	0.318239537931235
-0.701377907978604	1.5733586934774
0.256354323310762	0.361156044543734
-0.170008345221506	0.216792433104037
-0.381442044766094	0.671364676130146
-0.0532482981450464	0.0569954976620695
-0.0633236505802843	0.076815222520669
-0.0789511888684861	0.0995957641566133
0.250678980573871	0.344541016319506
-0.454888344481265	0.878334877886951
0.235781307874015	0.376710525838837
0.162238072029348	0.248174922681793
-0.0389783460521192	0.0471060677994209
0.110548198110514	0.151060548344946
-0.200443441421763	0.26619587858826
0.386612514879685	0.690676146124073
0.0332396415186516	0.0368286872869027
0.298454504557807	0.355061772014453
0.44943196021025	0.728386235910262
-0.105778596878092	0.128964944683542
0.0551616131939581	0.070923905537784
-0.136220953883157	0.173144209701424
0.420703221490026	0.785080384255772
0.451217168623898	0.668577041694521
-0.585572279689	1.0105772710333
-0.323836303674077	0.516949219741941
0.227254916574195	0.3187519595575
-0.0357863795366831	0.0344901661443452
-0.427303958995799	0.541636401907446
0.169328097987999	0.192026596489501
-0.0248891350131351	0.0266428400796629
-0.193799349400071	0.266444706976493
-0.372077410535084	0.429886034936529
0.345675753636931	0.402893203347032
-0.21859823433848	0.24299918440082
0.353689035580286	0.458706627147172
0.0086119769896234	0.00898470035719032
-0.0681670983618502	0.0729059443973191
-0.427621670505712	0.542008536490349
-0.0531640305190995	0.0568991962542133
-0.0251298325472897	0.0269049063592558
0.319053498113144	0.442672343313076
0.206056038732152	0.235147394608937
0.229104520827607	0.24111957835841
0.170308482523018	0.214516077305695
-0.284879325307184	0.331257658471036
0.0378447771375332	0.0463833544081351
-0.395521792781404	0.570257879044172
-0.121560734804077	0.148461798917743
0.0959502114662366	0.104536842758848
-0.149469269568574	0.141189100111429
-0.17574142869237	0.186045675381944
-0.194774124005024	0.227943291108269
-0.585703603019629	0.805286663976249
0.710733775901774	1.58905297680201
0.452408942790148	0.655275827941474
-0.259984138785547	0.373175137387122
-0.284959877126715	0.331383405239364
-0.135775042842913	0.144348225628167
-0.137973355045764	0.168700397165617
-0.112250730393718	0.113289462579228
-0.548498427964722	0.787326523352524
-0.218548289240283	0.242923191511947
0.192340205253365	0.236926355004787
-0.573662646346105	1.1816117342098
0.143470621021527	0.179886664348947
-0.291444596251558	0.40397236281704
-0.481426438449863	0.692914908484328
0.326613888138134	0.475921910876492
-0.709767905617721	1.34881792972677
-0.139184454108319	0.16315720312364
-0.0222045224096086	0.0257813544908091
0.0113082922102463	0.0139938651943416
0.240050329111749	0.353522381392253
0.261387932118497	0.420779411272572
0.119232793631502	0.148928585135942
0.243877587152768	0.326440151469346
-0.464480752139919	0.972457050461837
0.193645760697064	0.310395017293446
-0.149400365653547	0.197315773257132
0.494759477451917	0.788823036120816
-0.132705568516544	0.180989081450085
0.491451439504073	0.818027288644095
0.558685215086177	1.14584789225762
0.857130118993588	1.96741929020279
0.568849954252871	1.37170165346732
-0.218715791841409	0.290715567195157
0.0663936510569882	0.0760067466771806
-0.398112444987831	0.68134426597014
0.453196471054732	0.83418167661226
0.670884168912001	1.46875512621953
0.377106990231327	0.619474391494354
0.207755771400278	0.29738400618861
0.261204314408632	0.420453249780795
-0.270140055175203	0.374078825401274
-0.28041079655519	0.373398440155095
-0.0631180047863489	0.0765353983481008
0.273467025916655	0.358960661103891
0.0249603857211155	0.0283659107447299
-0.414912120131756	0.574423446348674
0.368786344186532	0.565941632888109
0.0571532060589243	0.0601284000488586
0.4496265052061	0.696976003955503
-0.11739963265044	0.12505804233309
-0.389408936211525	0.625267837559942
0.268414465434365	0.343420695452557
0.192574072316453	0.237250000865513
0.403720249090374	0.473815420083169
1.02389222780313	2.28767661344985
-0.358270522937153	0.393506086743686
0.919709977984799	1.7989982233178
-0.175282242833005	0.205294268169431
0.261120903125659	0.420203381997289
0.390618969126334	0.72521549488412
0.207588210897924	0.297035050371276
0.541416346483171	0.886967501791534
0.413004381616774	0.69606986324539
-0.189386515256921	0.269546760098684
-0.683226959608802	1.45467071636522
0.449563850086338	0.696926645545858
-0.210868894654834	0.258025499128356
-0.279833332650069	0.372392797474063
0.305111917207864	0.382909361667241
-0.246203946813303	0.314506072309879
0.460091189497226	0.605476805695734
0.15500848484262	0.147034065183315
0.642536373590714	0.928959026765975
-0.469010324772202	0.620731497556776
0.301659150284596	0.368803260361265
-0.00382148107677791	0.00390133777314116
-0.187391360356834	0.239184320264237
-0.259999122459466	0.373179312096135
0.315409056055546	0.426979978278556
0.213760303672103	0.284998517672973
0.0214132875745974	0.0230364083202933
0.326592151846403	0.475890881244089
0.0852161804341518	0.0901147053181752
0.615829733285424	1.15190889527999
-0.0611824525286948	0.0621846951404846
0.263453564303148	0.328354996743237
0.0200731137330209	0.0192353822424399
-0.436407412898406	0.578572619804611
0.118868416166377	0.148315951836758
0.000946437955950181	0.00101402013429552
0.362939943394126	0.681130049199749
-0.14926329830656	0.197049401980505
-0.246030716977743	0.314294420957459
0.0193899178434621	0.0196988144455351
0.337449094074792	0.527447358966984
-0.147228063514131	0.20130236633954
-0.406618454639443	0.468775875328681
1.16167142585618	2.52405958863662
0.199302717839406	0.252101743714383
-0.360318189865503	0.558275912003246
-0.340161780949456	0.630883073769914
0.556900901934559	1.16277116809794
-0.296303232002559	0.546571128138592
-0.301029297723694	0.433229570254536
0.82955321643437	1.64240654220284
0.059778825628557	0.0542034837619139
-0.631916156419895	0.830502237996785
-0.00442613186651558	0.00452124347562917
0.490652498187792	0.834464427487047
0.106745632755841	0.110165603928769
0.0959668804986965	0.104558680336585
0.45234105833239	0.815538202158441
-0.225931698840982	0.344913470129261
-0.26922267822176	0.400235069337295
-0.215758024118893	0.318476214313296
0.450169502553003	0.761923119318158
-0.296486357041914	0.456899902692452
0.379736212608799	0.637621999733062
-0.11981577646203	0.157576955769847
0.0561179989483485	0.0691207023939686
0.0453311317926734	0.0462670295642348
0.729657116783878	1.54554528201338
0.341279401916971	0.545781973637186
-0.260471625342882	0.303487322262489
0.603599888064774	1.1963277387266
0.189992913969591	0.276922405490279
-0.0762071447781161	0.0683525167435506
0.0790034056732384	0.088181676224896
-0.21109372074129	0.258346919044772
-0.371778524936139	0.615563934198598
0.00655810583415703	0.00741741559793011
-0.152407530711728	0.19404757020567
-0.0775326192147772	0.0786483769291847
-0.112613820480517	0.113671885138241
0.0205438818189093	0.019690932242186
-0.529786023503022	0.574769192703311
0.594313107275437	0.793645325715069
0.206736487437865	0.26859639390314
0.368607221375509	0.565318168179278
0.00922422515325895	0.00962946208444339
0.183486191578392	0.261346730667442
0.351202766998797	0.599219846675202
-0.133491148956455	0.175655707122211
-0.0986257960547402	0.138409717423568
-0.0473316203285551	0.0551632056550679
-0.0901997783848832	0.105562070982913
-0.553796290895325	0.986639642332029
-0.187281214069833	0.239020260615052
0.20629899539073	0.235490247512844
0.252957560619719	0.298828683572207
0.0381537467036073	0.0355985599714303
0.289908664589259	0.326114306758259
-0.326515725774496	0.434758804435565
0.00634295380944072	0.00624627097394811
0.14361637426183	0.13150894244693
0.152374019828178	0.163116333195512
-0.587054173338558	0.876441588236467
-0.139310892450248	0.163311340609647
0.207524038152831	0.296925931738191
-0.330660029470559	0.493853011266609
0.0663342157211586	0.0759455430075443
0.521720951184629	1.06478886251682
-0.0882788263727014	0.0989628076636282
-0.384066521210941	0.595844903063751
0.0279010919411793	0.0333236581279262
0.0764211632674015	0.094675181316962
0.168815953660653	0.229038378816337
-0.293152714609665	0.480614307559662
0.0767860593747041	0.0904216289619876
-0.0237808762684668	0.0297320906377629
0.960657863187481	2.45054020607548
0.311070993276428	0.495344528618282
-0.323693146143535	0.516686581007928
-0.149642351436693	0.197683743095919
-0.493263000795201	0.794772468333118
-0.0249584693468924	0.0267190473567867
-0.138898945357482	0.162789060243357
0.464993521279621	0.581007605891702
0.49938112584802	0.76166610291444
0.0682970385925508	0.0740398960680435
0.0630139853784845	0.0626948067752137
0.165770906215486	0.162632020470744
0.032905636535159	0.0325523049618979
0.105954514624345	0.118798937688581
-0.156460208243658	0.174792233174844
-0.156525300278861	0.183375596400301
-0.169644741538887	0.216330877373278
0.312182848271791	0.412243117803207
0.450118354577823	0.682324128860733
-0.0305826416833243	0.0341988930274318
-0.0386285050184605	0.0413461831375076
0.0566711601184566	0.0698590148634979
0.106462737880394	0.136008895417361
-0.0725650724715613	0.0813091100043877
0.126608839673297	0.13868751845588
-0.302491599599584	0.402690465997851
-0.30269967690132	0.403060437887004
-0.582030309628282	1.07072963960266
-0.0462270075016874	0.0470814787186131
-0.668694631262448	1.30818582319257
0.106500178390678	0.136071368328548
0.13350812231207	0.134445799630792
-0.551376357964989	0.824182991503432
0.128615614046072	0.165041477298823
-0.0840834092470284	0.0898724233579424
-0.351324242419201	0.467331941029525
0.0329505922469279	0.0325920115888937
0.160503164832539	0.212178707253979
0.589588685380506	0.992282972269766
0.870136866266964	1.79352101732127
-0.138131468262903	0.168918303160087
0.0848215089182878	0.0822248153876108
0.0830385480517033	0.0646762260480372
0.28992496132959	0.326173430891997
0.00665681336951282	0.0061760129597026
-0.38465484052555	0.466374856084999
0.361548962130994	0.517047750283103
0.418651378939952	0.751933986934905
0.0901636333624553	0.103632556366274
0.168530184630118	0.228565986010908
0.123248155579011	0.165481849594311
0.394740534980676	0.821154992105481
0.0249508274037395	0.0283528420492396
0.189569989738686	0.298331871715546
-0.106083507498069	0.124283224064096
-0.285331492181568	0.453132079726037
0.0628334159054416	0.0625081325434433
0.84386985127516	1.64145687565983
-0.499053795932466	0.630363889177463
0.069888827927737	0.0591075803198755
-0.621010231254995	1.03580786224951
-0.231850418303563	0.283682598505731
0.594347808124538	0.793505268747566
-0.31409685511652	0.400476306570794
0.31567087964819	0.427482836876018
-0.290450265359812	0.370802459622505
0.143922555856936	0.180523231169087
0.17843033238197	0.230832296353476
0.368549447611726	0.565417642486867
0.201223618280296	0.281177580179286
-0.350228428385601	0.578325638569377
0.449545058447947	0.696674094366807
-0.0903467762798053	0.105763342904275
0.287393277274072	0.465273856928661
0.153278989682234	0.212061834712254
-0.0681595298546282	0.0729004288703824
-0.242345372606327	0.370955380573675
0.245970914917515	0.370853761730761
0.275959163720899	0.479578810152388
0.0132357599669425	0.0146145989490432
0.0686829379098297	0.0744350141444767
-0.18939938403317	0.269568236634324
-0.369999402282705	0.533489727759445
0.0437167243883525	0.0472052968341544
-0.475527808325759	0.656800996911074
-0.207452479342452	0.181839529097934
-0.387463443274885	0.536962792612734
-0.30062402181239	0.432580344496713
-0.120396763480941	0.13472195969437
-0.41476234098208	0.57408094821573
-0.246152103307225	0.314444301293221
0.279659302240486	0.296208724784815
-0.175342771577238	0.205357120337852
-0.290235473051907	0.370414762266599
0.2477122330417	0.28470705153461
0.00649864303481637	0.00735584869474567
0.020475693116342	0.0196260533264063
-0.441705228314578	0.734399546239434
-0.353484671433215	0.528728130904293
-0.090592309165213	0.106061138264321
0.155225861742338	0.14725441422508
0.453538910156922	0.850830140745179
-0.269411864281741	0.400515307699811
0.523295041061956	0.693817263892211
0.404125190820799	0.567832570589588
-0.300682259660989	0.432723087692284
-0.32511406071965	0.357918952509845
-0.175073459039736	0.204990880059512
-0.524541496917077	1.04786368044466
0.784537756900135	2.22269633669356
0.0450088284475202	0.0459238097785346
-0.105516553994661	0.123564403901119
0.0216113404229621	0.0232526571514795
-0.00715337230466051	0.0069295411447499
0.400539276377806	0.400530750292533
-0.207384860584102	0.181775694364755
-0.625752427750035	0.932730759438112
0.333086546875779	0.343475782606636
0.152354770847199	0.163092905295322
0.420003322475813	0.943652682286167
0.135725230222888	0.201760219785771
-0.0313520430057368	0.0421902177873031
0.333198213633106	0.60976539154421
-0.0387894296384093	0.0522243891162143
-0.229364651520713	0.384644543539791
0.287430767086856	0.542242149788237
-0.637122792365561	1.24642611427782
-0.0175822974716338	0.019631119619569
0.297431018678693	0.441747626626531
0.408241362882001	0.643857885089529
-0.0245190623350473	0.0207629774748068
0.611583241467571	0.774028260527599
0.404083216375184	0.501148900201876
0.298145340355583	0.354671566700197
-0.284818371672359	0.331189620873207
0.29404807639071	0.340322520898065
0.359250784392806	0.501523721026725
0.345178427404015	0.564655175627968
-0.0919246896619273	0.116188683438521
0.207856258122161	0.297541222026706
0.359424424770132	0.650940513179576
-0.0380029515404763	0.0511133698705948
-0.238857924999101	0.412799862078286
-0.287600019549389	0.515034474517947
0.110163600479498	0.150480034289843
0.332953263804569	0.609019546705457
0.124312545122443	0.214049834863442
0.261471908008402	0.480790924234502
-0.0387072210255908	0.0467781385534211
-0.177757543502535	0.244112572982174
-0.189360692857263	0.269516894297362
-0.377361229871487	0.564827764438099
0.330174758191028	0.49266849053783
0.137195165597556	0.180654722617858
0.737749493526072	1.53564280737072
0.584455122301841	1.00410073099656
0.464656554491708	0.580498177845379
-0.627265500286952	0.897798022168707
-0.226390754680764	0.224920862864866
0.0669038463965206	0.0807396110997549
0.608166100779792	0.9611295821009
0.221750499391087	0.226124715828079
0.191454836712598	0.206198036189317
0.594267413061651	0.793555521098114
-0.461643994557842	0.584210560426333
0.361340242122439	0.516520040158089
-0.17574142869237	0.186045675381944
0.326679095155641	0.475962389461494
-0.417657295962544	0.694166380726938
-0.189192943765267	0.269242798181649
-0.550421073851973	1.07195964699814
0.278220601514557	0.374602414963344
0.0465838453600456	0.05593442926732
-0.12183941965891	0.148860887324785
0.00884868418145545	0.00923413101411253
-0.253040760419532	0.309202409322853
0.220078087934743	0.329879250012654
-0.311365530591917	0.36115809525637
-0.222124576825115	0.233903146464293
0.328842599901808	0.580490140305811
0.0335438607083713	0.0371736099810343
-0.0173699253275477	0.0177288516200988
0.122864257973831	0.119764245429652
0.106890969572951	0.11032398983647
0.35174902055068	0.444602093639933
0.401399223520908	0.415812060223692
0.0828544402938326	0.0645519664797194
-0.107483936228961	0.0822896283358165
-0.713330104425832	1.0592117337181
-0.267714990808324	0.296183506048098
0.27280792770293	0.413065692772082
-0.0552775527389619	0.074547898274607
0.724003017209418	1.95360283931265
0.248236538625228	0.420268995287772
0.173387034360624	0.256737032343642
0.019664764394533	0.023941051690261
-0.36246827740245	0.69279059504562
0.661982539405472	1.49995976720948
-0.0955858876293187	0.129630846851126
0.250609380205735	0.34443761241005
0.403710284992625	0.553846748213488
-0.126429571409107	0.119879853188379
-0.305880813625112	0.28298307275623
-0.486339312756769	0.728162909091032
0.885351250241179	1.79349458508948
-0.436351994103213	0.578465995518586
0.0569455680201975	0.0599100331710138
0.0316705424825409	0.0331754629736372
-0.0838851340546681	0.0896463933620392
0.23403774477397	0.336463737838073
-0.524126737888502	1.07417891617733
-0.132478278299551	0.180603164261597
-0.269086541041651	0.400070626991847
0.0226299210883551	0.0301326604744669
0.183668308862348	0.261627718360392
0.0668509072719586	0.0806657496874883
0.00235394461321364	0.00284475725935953
-0.0703418847481182	0.0983972301835105
0.0839184388486798	0.117653208145087
-0.849413345532191	2.30787334119744
0.232378393407251	0.295621408111161
-0.309259095377739	0.461114377449515
-0.106191434570931	0.129559439596117
-0.095062631573117	0.128794122739576
-0.17407921374226	0.247164786688992
-0.366611913428691	0.587625079760305
-0.524422998118523	1.04721373476626
0.306683731100954	0.556522754681623
0.0329331838788408	0.0364724941291719
-0.104008845538606	0.116541633541171
0.7232501160692	1.56047525245286
-0.0388866971129875	0.0416405863628846
1.07408195844944	2.97447481554431
0.272778290024894	0.46557538578022
-0.30269967690132	0.403060437887004
-0.050499374050305	0.0611206603197067
0.214013328302282	0.313433254378016
-0.524865895646548	0.905192432675421
-0.240940162699582	0.345144763310252
0.522795439182641	1.04776280887685
0.0571794077015597	0.060168820372156
-0.120760448188652	0.135236489478723
0.0744066073630149	0.0763448002036574
0.227570028998734	0.319298054758972
-0.615951384991908	1.09850411740207
0.170266810218648	0.214469030530016
0.350129370935253	0.431113772961706
0.691499191897373	1.22620935855528
0.106188392831112	0.11910446923448
-0.245805644937761	0.313888062654416
-0.0578907157349224	0.0648369372649343
-0.26989125577969	0.373688392291157
0.106197246765957	0.119116612256665
-0.302535022776525	0.402803791278774
0.787867909484907	1.03587856123788
0.403954836095615	0.474248538070038
-0.253265796624606	0.309544388913376
0.595257626059009	1.24836980111175
-0.0928269573695705	0.121499488355
0.0764915125335137	0.0947699237623273
0.055798562910168	0.0654755269003045
-0.308863098597595	0.460562925323429
-0.182487543822353	0.241934519903332
-0.134146229634642	0.176804691622282
0.420819254203881	0.785501887432608
0.0133571055587898	0.0147505134860296
-0.497886482057646	0.885142139576899
-0.137915102549467	0.168640215497179
0.178470266567992	0.230902186597583
0.660698309591963	1.26571543418461
-0.351126960856325	0.466797169165301
0.106342081595407	0.135838523227527
-0.46160543816353	0.717403120871426
0.161016303389902	0.177468078011221
0.537982870130206	0.899947298937364
0.969538416198364	2.27586215166279
-0.313257199631926	0.434180967983772
-0.0227671448834686	0.0206729498776157
0.106745632755841	0.110165603928769
0.199475873485435	0.252388502230673
-0.434188057647138	0.674223105293353
-0.645733509741743	1.18946329164853
0.0958458329836762	0.104413813356423
0.019407628953352	0.0197153333257886
0.31924390306777	0.443106032656195
0.374164200949658	0.600855214047098
-0.351461933568583	0.467502952745413
0.353633648757388	0.458618208284651
-0.267161171599785	0.295380240231357
-0.211016340077721	0.258254678213078
-0.0901990005603044	0.105568765858519
0.200774321873814	0.280417186788486
0.371556184395383	0.583489335762473
-0.75539638327044	1.39002985818256
0.628877464750346	1.37173954394074
0.261228130996952	0.420470166973292
-0.934113592227214	2.59663532558951
-0.138107878264828	0.154455049123411
0.174903225290808	0.17720615253472
-0.0463075485796372	0.0471691699954238
-0.629184876754266	0.863426460571392
-0.149242861280301	0.197078221830149
0.0920959177233607	0.140023242276367
-0.204975302636878	0.342430119693793
0.348368357006865	0.582308637134823
0.246091471816943	0.371031207266211
0.119012401012767	0.148595450860982
-0.293469667798918	0.481052692652598
-0.238578709218509	0.317522247086333
0.361759816105975	0.517358422454362
0.750584708454726	1.92047199676242
0.115247395717379	0.150994041757528
-0.117362173553535	0.125010441705108
0.122840214969645	0.119773186508141
-0.103975390643094	0.116492826363174
-0.0768847894235184	0.0934645941476672
0.123476756409283	0.120394857420405
-0.0245535638438026	0.0207913875902119
0.0685218765992106	0.0742917392141571
0.0627607837390482	0.0624290748036408
0.201016763927386	0.280760519145162
0.527230882863174	0.97815819595915
-0.21085168488081	0.257968611246613
-0.509396243252146	0.702769757305595
-0.0573092802375386	0.0516186189793301
0.323987955882478	0.311292972582723
0.305003886622704	0.382710612187673
-0.44426581215225	0.614445556313473
0.0251686020049634	0.0286085706621069
0.214151310602967	0.31379599496156
0.0662392087923213	0.0798849526859964
-0.231284639302614	0.375935983205518
-0.138013298148388	0.168771939495471
-0.636700151928952	1.24499224850509
0.248236957562655	0.420275712558788
-0.0658353748773977	0.0828107091900683
0.52717960021721	0.977966648139239
0.292700984083647	0.424383699145779
-0.240386218990781	0.343874764167812
-0.0568272689701291	0.0511810879168769
0.00118279805109778	0.00126708011320667
-0.27607640071589	0.337038037100742
0.452738863138385	0.655810696585627
0.0629101218135214	0.062582349743156
0.250185139621368	0.343636338726056
-0.309322244711212	0.461579804159502
-0.105834708213857	0.123986108317718
0.700890223139256	1.21874605884801
0.616054977807471	0.953277796479541
0.0873745685930714	0.105833863060877
0.449701585967325	0.697143754841804
0.569409440766383	1.06064471345322
-0.0347130735730228	0.0403906235759842
0.170176375986141	0.214329491334018
-0.616140463201632	1.09929853664097
-0.0390902770889863	0.041862709103556
-0.259301025353432	0.397667164964796
-0.311364519266944	0.511843758945148
0.666347071616611	1.48438897531021
0.0192609791401193	0.0195623683356477
-0.451019467827881	0.649653837534753
-0.138430201108677	0.154923505658991
0.315989207116342	0.4277724685163
0.348072843131166	0.417230097156811
0.136875942932654	0.180108153747683
-0.106840402854103	0.145053348408054
0.134778662559932	0.164527704270598
-0.500874205883331	0.998274312733217
0.038029295380572	0.0466058593702342
0.0363190796853564	0.0424578290368137
-0.279848258709631	0.402243234558131
-0.30257844474961	0.402900515584229
-0.034295126521425	0.0398833737358716
0.371397144285135	0.583151602612609
0.0115210249731005	0.0142560622650818
0.517990560802324	1.11231411497269
0.0744838658396272	0.0764209429974147
-0.0343168082616957	0.0399177594817261
-0.268999460689932	0.399875756374915
0.128796892816109	0.165301117559362
0.295636247870294	0.498919451592261
-0.20019709657885	0.265727137258499
0.0215821995140642	0.0232200064461059
0.153677375780257	0.183279917526168
-0.0478119598542794	0.0557450115075718
0.0727628437777924	0.0682536440350459
0.183673472946272	0.191979960153495
0.116915853403517	0.124344439411419
0.0848410232355344	0.0822456547865378
0.301783461500983	0.368823391624274
0.0345281267619808	0.026896908865721
-0.586637185046178	0.978427810346147
-0.0685602014079132	0.0656994314056668
0.323876343130265	0.311177595444108
0.117091792657499	0.124553712380899
0.407118164980902	0.627749591877999
0.0792236866407841	0.0884337520994749
0.00159911968506656	0.001714923656495
-0.361637381015278	0.501329704530259
-0.285665491808544	0.453924955894327
0.0210679428876395	0.0226538956951187
-0.173645740041786	0.246492650162557
0.000292894137578996	0.000339539770986224
0.169302546877723	0.19199501761102
-0.25939139337802	0.397976162895862
0.38217360694157	0.655538662269987
0.7848373853538	1.85725529263619
-0.0902576733756358	0.105627678792321
0.453298281304578	0.834385282902992
-0.486666825323607	0.72850379567051
-0.0251094255756864	0.0268835930707344
0.449261904814602	0.711975145845641
-0.0104396713515441	0.0120910542938589
-0.0838746317991626	0.0896344668981223
-0.836347780764047	2.0292613631224
0.0331005703402995	0.0366624079600384
0.170364330417817	0.214619272214565
-0.314108529925027	0.400325338206861
-0.200075387623923	0.265541421907308
0.26321277353857	0.327864135606891
0.0379871382521367	0.0354408917277152
0.0850336908565573	0.0898955763142121
0.0570233750451191	0.0599949286861507
0.554340140592405	0.851595207658023
-0.309322244711212	0.461579804159502
0.0193633590575099	0.0196720158229136
-0.175154974231698	0.205095806406064
0.330112262251143	0.492511496451074
0.450066597282761	0.682175025721326
-0.230909085764263	0.319024080990283
0.213072605520704	0.250074710663462
0.775920705568718	1.50100349049518
-0.342987516283993	0.600727465329008
0.176114245960276	0.24482511999094
0.123056800485216	0.165124516047497
0.598036018638669	1.23151102896537
-0.672010794098451	1.50474499476378
0.0710739046870198	0.100563163571086
0.0333552490277447	0.036960887974718
-0.171402287709723	0.251358079561723
0.00127714991454501	0.00137091258896402
0.0959857373719575	0.10456717747674
0.137326373180871	0.180838850924408
0.0466498905223146	0.0560141579536019
0.00628025477447616	0.00618247769791802
0.0596644321951621	0.0540978712315927
0.283119170848097	0.448703202726668
-0.199844163021992	0.265089780141246
-0.323374399860456	0.515860164060877
-0.258944093551804	0.344802972721257
0.361444602792772	0.516806789347138
0.125636794040976	0.149188115467484
0.30691562645465	0.477835157823129
-0.495091906337253	0.825096270351002
-0.302560804873531	0.40276865217801
-0.0226308249609499	0.0205466458845383
-0.211015923818964	0.258272527889269
-0.155075514609733	0.164544529092563
-0.0862885337859389	0.0824027550049527
-0.0522879393440792	0.0406753632753066
-0.422939693182736	0.60970855784339
0.340418967405775	0.374265768293
-0.585048102979938	0.73623653475469
-0.377797099259553	0.502047626161595
0.449831474472177	0.745278979960539
0.0205131000629735	0.0196608270895157
0.0315067310104122	0.0330012927043201
0.68542336630524	1.83709283042789
0.315337600581333	0.513347256997722
-0.00401019634114095	0.00409424480666104
0.283002855352121	0.448492948264226
-0.170652411789445	0.266855550230774
-0.0044784287623711	0.00457713440751867
-0.175997035241946	0.196350439280797
-0.31189377056917	0.361915253529265
-0.221912224107522	0.233600878023645
-0.0175066965123962	0.0178719219701978
0.225920824934269	0.27989414400173
-0.288468702434308	0.429644722854304
0.031637771235884	0.0331393971046016
0.499928788395638	0.76268853973269
-1.25254080041869	3.02172302603341
-0.184829453492181	0.271513168487958
0.216550541495853	0.389614549754584
-0.36642056602754	0.587282404156347
0.241964553027433	0.270283950981321
-0.00383830714579491	0.00392025930339907
-0.0613877324756933	0.0623650660527519
-0.551594357515492	0.824193664511026
0.584664525445227	1.00444565845727
-0.0569416364028385	0.0512906629076017
0.402996618106564	0.445731256399862
0.098975530665914	0.090178961178882
-0.202673563184374	0.190096114352905
-0.00739624162092366	0.00674122284249444
0.176886413236263	0.206259174109594
0.538089283097527	0.900565493452979
-0.105877527346054	0.12912961354278
-0.025207273876594	0.0269900571421928
0.199641732480125	0.252595842899253
0.451995492985206	0.814889004896547
0.452898171111281	0.816829825634368
0.366179704101284	0.548943763150694
-0.109434031932014	0.153818992553702
-0.219041178415967	0.291204305096379
0.311216457636107	0.495641988517966
-0.105810147854884	0.123919114966143
0.145103903913384	0.168318325389492
0.106563039684521	0.109940500124597
-0.194026714343487	0.266810513192026
0.278151356389108	0.431101326412585
-0.169536820616485	0.21617646202049
0.312013149779249	0.412011313615009
0.2477122330417	0.28470705153461
0.199715981638115	0.25271350509629
0.584660332318762	1.00416465497809
0.0345281267619808	0.026896908865721
0.00684749438343931	0.00635246030666798
-0.00424237912656248	0.00433240690297302
-0.456776118178536	0.684132437810805
0.0745166199936511	0.0764623852103858
0.330633999688893	0.493460004874916
0.457990012909877	0.617880462225988
-0.764031479463828	1.36013759698516
0.404057321556365	0.474298184214531
-0.36664976915759	0.46629776187745
-0.229790446694531	0.317022520755056
0.106551489023714	0.136145648568729
-0.173722061066952	0.246624520535985
0.357276639149064	0.634844607002661
0.600331602103369	1.47844386632129
0.256296048214178	0.361114504069617
-0.323134078127824	0.465524376652989
0.267677596675258	0.395996296446178
0.130149640961815	0.189669383574812
-0.0661544928256849	0.0832526268583673
0.226182057183696	0.346801181086552
-0.579850720613617	1.09912456357077
0.409990315725608	0.661419230108196
0.0217187010898658	0.0233644242216068
-0.152786695674854	0.153242885927366
0.359424424770132	0.650940513179576
-0.105614905843367	0.133714777381191
-0.0533699908812477	0.0571380626703374
0.135862304126239	0.153104723999614
0.0010612179583614	0.00113734878753791
0.244179852097028	0.327045888338646
-0.194816929283782	0.227994494911773
0.115386350155481	0.133056418318445
-0.250293069693281	0.371264418674665
-0.716563623571198	1.31930308882913
-0.139053419133294	0.163010657328556
0.373917850887658	0.600478011081123
0.152194267646897	0.162887227432057
-0.225886256592563	0.288610975609841
0.408202857656136	0.643644871868562
0.0897597992437452	0.103149889776574
-0.122279192039461	0.143343866912447
-0.7402743607721	1.78815041274932
0.423260927482926	0.833377920194029
-0.215922991265149	0.318765808668892
0.261308027294761	0.420686653800341
-0.0173407909026849	0.0193585078185377
0.109886719998938	0.133583536492936
0.0553990606877451	0.0712437370138499
0.278089077617848	0.374146795969107
0.184795294058887	0.221548546727171
0.384718080832307	0.673649500963431
-1.02734860790768	2.24660136548109
0.647038848819391	1.09589994973786
0.368591996257444	0.565490272739826
-0.218462385726856	0.242814886395993
0.235816098054276	0.255824636256139
0.133670781624656	0.134625602999934
0.28259026370911	0.389897904763485
-0.0315018647074984	0.0321243466089403
-0.436502268512683	0.578444969933364
0.76499524568362	1.50706268573643
-0.173254864713508	0.21218288243092
-0.215343876923161	0.251649308056088
0.123060509591455	0.120017217627927
-0.307941805383494	0.321469052118159
-0.461904717241713	0.584449807609642
0.450108390667529	0.762015874269296
0.315276178560235	0.426621092605155
0.423840795199341	0.889975412669178
-0.135797329246842	0.172543640257485
-0.0885848023570353	0.124158921873182
-0.330170651184023	0.543897494180725
-0.0441503003694263	0.04942698979314
0.644415351430259	1.55328803027108
-0.00691606495842792	0.00831308679190314
-0.181536080778107	0.284044424327642
0.337302558467714	0.638746276145909
0.297068398764542	0.441008207492697
0.00873740268248144	0.00911561607553235
-0.554342412979007	0.924388268568561
0.285085514166529	0.311379798568802
-0.269940188325293	0.373742962441923
0.21281527501727	0.249640987055523
-0.322563576982457	0.464597250721461
0.137396161579229	0.180925240924769
-0.0680722790374396	0.0727976116551798
0.361688813734851	0.517336060799469
0.491232684790715	0.817140025708194
0.0250814956539427	0.0285085454958272
-0.169575929531686	0.21622921807149
0.363816251401834	0.532747830069999
-0.496773177359241	0.855811152966668
-0.194699020961047	0.227831363829174
0.225695216956856	0.279513771925738
-0.231777201480921	0.283598054901581
0.0450208622587435	0.0459328466871718
-0.187501503732168	0.239329749425419
0.106633791225783	0.11002131402567
0.494839958631857	0.788976807441637
-0.161979213956274	0.221960839911774
0.0329781398907297	0.0326274906947855
0.145442730969399	0.209180737363804
0.038278217056813	0.0469370868000794
0.558625554481328	1.14563542039798
0.0451611610743205	0.0515304755401166
0.0256583677468426	0.0291741315678788
0.333192497213111	0.60962992856657
-0.361482929860454	0.501188352089074
0.0548355382940853	0.0609484846980716
0.248301197903737	0.420446136233124
0.0241262277604765	0.0217585942232041
-0.175680283008227	0.154810893175905
-0.377258020349142	0.564614515261418
0.116041573639126	0.133918774934096
0.261196662612441	0.376552027039327
0.829510739350486	1.6416584853084
0.0899417598328323	0.12194932131943
-0.366639001851226	0.466217697764203
-0.0358216660138889	0.0345279694559717
-0.0861013973374245	0.082221753454963
-0.0567128984199193	0.0510676640601214
-0.422548813696767	0.608966680083713
0.666637702316749	1.48541647041414
0.150213384921713	0.236021574276088
-0.289668772476062	0.564548483692242
-0.204922206849207	0.342382109558348
-0.310191754167544	0.573255697832199
0.115322704861074	0.1511295771884
-0.000345033011816095	0.000478627276941506
-0.612759155516755	1.57365079488743
-0.423801601458931	0.860469351182021
-0.0618398503402394	0.0864129283536028
-0.318212141318382	0.539452665786634
-0.415019832465101	0.574606110906122
-0.326425094731089	0.434499142870751
-0.0071480150772757	0.00692554788781882
0.616085350580282	1.15248143296588
-0.12190256009871	0.142851310465021
0.0469562828147209	0.0589863399821165
0.138709766293331	0.195266756829246
0.220503562621977	0.330686101508651
-0.442076187980366	0.899590116189065
-0.0770626662293842	0.0936962554348067
-0.111738512673897	0.173294650082826
0.00671783050021885	0.00760470488947147
0.102869437453519	0.137376396002828
0.379431909194551	0.636970630115594
0.292391068805501	0.423790850635361
0.055133262126248	0.061312560393121
0.0947141343110731	0.123472933251338
-0.250062138800069	0.370838801439604
0.552987164373775	1.19477049114712
0.2317596953848	0.36316199066158
0.261272297160844	0.420579999436325
-0.0911952649927619	0.111065569311953
0.115817535415278	0.133626616980294
-0.442401951383407	0.736205932191851
-0.436825778878992	0.578965450225278
0.226114156803612	0.28010122232972
-0.0682113672605758	0.0729603946690995
-0.316607363322342	0.488828880649952
0.206311277635037	0.26772443245964
-0.0905336556820326	0.105985353007599
0.220503562621977	0.330686101508651
-0.351281819320573	0.467288127952674
-0.206164039112824	0.263326190577825
-0.486116593130998	0.727500504111474
0.65502489337347	1.08660948432492
-0.105493565724164	0.100369933310868
-0.517746884731389	0.774431176717188
-0.509482152472504	0.702950561040884
-0.353456143807649	0.52866533557076
-0.138927003707539	0.162804693278762
-0.0386132165929608	0.0413309072963377
-0.156385176926468	0.174675398510686
0.00643067654858959	0.00633274114728337
-0.889159135535767	1.63025863070387
-0.880571531804184	1.30043733874397
0.0283464846786121	0.0338740435129793
0.287328821451507	0.46514707499763
0.331254483396856	0.595580002248068
-0.033413418459362	0.0418424445049536
-0.447825220869486	0.793544008646094
-0.525165583360759	0.964040727171711
-0.013887830659844	0.0173244848405984
0.335442606582466	0.624575485993832
0.183201001897486	0.260846759355108
-0.37631886262999	0.642420907408069
0.0472017644459682	0.0593050972576931
0.033306550443912	0.0369026598855459
0.454051390657968	0.642421712871575
-0.120769176310395	0.153257109951676
-0.339635249958618	0.432613600473279
-0.0506541040457513	0.0613289904672083
-0.498537502098606	0.913415959808273
-0.00713559034114489	0.00923466663612153
0.304500239588264	0.543268947165295
0.757757155759276	2.08351220394565
0.103964908658164	0.147195002214437
-0.044306538847109	0.0496052645937011
-0.0580197223280295	0.0649860712345314
-0.288678695842005	0.429982163853256
0.178617567215421	0.231066904235422
-0.20032546481913	0.266005503800506
-0.187211878496634	0.238909456343779
-0.581765235657404	1.06977365706148
0.716567301591809	1.5736770091085
-0.279837104421391	0.402247287035713
0.49122665004515	0.817397051427389
-0.370209035496695	0.53370807482379
0.450449216890494	0.68277781870278
-0.225483626991036	0.28802494373537
0.232404192354904	0.295656698915143
0.019157305200917	0.0194534422401097
-0.414687442472418	0.573846171272221
-0.586594141819965	0.978468050012171
0.0728117634414514	0.0682950004349335
-0.173251012906668	0.21218562341376
-0.316762173055489	0.489129110370518
0.322907394490643	0.459259284259045
-0.145369752957746	0.205405731662225
-0.423036376833375	0.609808901374214
-0.58527721729545	0.770560727221981
-0.436462830849353	0.578668347376085
-0.267788876843795	0.342035874235286
-0.083962348511736	0.089740894052046
0.100271637532926	0.118579374145503
-0.175223865857323	0.205216255429207
0.876058631256151	1.64281816402919
-0.0653043353740683	0.054762725886024
-0.450941999236292	0.64952882533917
0.228866932318896	0.24080092186023
0.348138045958804	0.417283302377435
-0.434954304411618	0.475200621372345
0.00953559089464368	0.00830401778456997
-0.308113859730978	0.321757100451012
-0.0765610617143902	0.0686719661948103
-0.175953117704555	0.196283474153235
-0.0071855820675668	0.00696174759117236
0.130389515202222	0.190071544561079
0.176996039102886	0.206422304435293
-0.0918070697135344	0.116026382914352
-0.259172053865172	0.397505626696927
0.298131755448398	0.354834822677516
0.0745891816741081	0.0765371492363247
0.220651448085086	0.301785210937526
-0.49690063182637	0.856194840308426
0.15285360206158	0.211380370185532
0.231753066627168	0.363154907471787
0.394243315963878	0.819237838805667
-0.16495082373953	0.218058857009727
0.131167073590171	0.18036698227956
-0.854533829397504	1.51699440459127
-0.434247173517282	0.67455334105296
-0.13413546413139	0.176772799413818
0.364050114598433	0.53310956486406
0.199545275274068	0.252415392311288
0.805019421395037	1.65240959922556
0.282529428791416	0.38972893133573
-0.42259917918896	0.609136920653371
0.765136087898575	1.50775294932861
0.263608242013654	0.328598002467295
-0.194565477562518	0.267800153176781
-0.230551159870724	0.318484596861138
-0.517714006864713	0.77444936419935
-0.524657707502549	1.01979892807803
-0.0917423453592737	0.115935307728538
-0.755352556080871	1.38972595967568
0.135202788354167	0.165017342796283
0.405153722727723	0.596731434362829
-0.664113294214698	1.02760306139308
0.485785214572687	1.01952854697701
0.618072608332662	1.41594059420287
-0.434470189561205	0.675325108514424
0.565882130294078	1.38233482430025
-0.215781834804479	0.318497931796846
0.125770530459593	0.149337149819362
-0.191416938259784	0.23432639597847
0.0793590519887517	0.0886063236291077
0.0571708079759342	0.0601614690039739
0.576026852698463	1.03063777930728
0.206167883237216	0.235320269149503
0.191752415507972	0.206624845966953
0.343440439424053	0.389060418739062
0.47219596316807	0.541577467216474
0.365974583171616	0.548309165270456
0.0850995711101895	0.0825074000259584
0.28992496132959	0.326173430891997
-0.120561408366868	0.134970137934006
-1.32486242449168	2.46280450663433
-0.035964890251475	0.0346739342702351
0.246115078587155	0.37110484479332
-0.046429247434888	0.0625349607768924
0.454861267760019	0.902069914857976
0.460099325928332	0.605446027068722
0.502766004465105	0.750146623370491
-0.486154148559687	0.727644000607686
0.0216404746729332	0.0232837730911723
-0.553034622250933	0.858773849859089
0.354574576510818	0.617547584220964
-0.211444520357566	0.291328309193857
-0.117357492453362	0.124999757072145
0.220731311605881	0.301897432322245
-0.0912553881567213	0.111156799113181
-0.0165504554608276	0.0199188694665359
-0.030369719958667	0.0339505788366019
-0.616092469433	1.09920193008437
0.199597328291515	0.252554726844378
0.244218380635158	0.327077831567299
-0.413031500784296	0.663780322446595
0.363686034281536	0.532394592315558
0.00122559024248469	0.00131241169081909
1.20785778137669	3.92490739504749
-0.107188655340852	0.145584404354043
0.0971689285209777	0.120924760348634
0.0175520988177775	0.0204180609148896
0.200865506981559	0.33330758984504
0.454522029845045	0.932360317192533
0.227018587629617	0.31828232616035
-0.200599688431363	0.266425323746345
0.449254403001495	0.712042941920618
-0.016614473202714	0.020001453652316
0.151314118783739	0.222327367332913
-0.29348775290795	0.48134826765155
-0.317836504778653	0.538129864838411
0.0131526491861826	0.0176734729765095
0.134750132407403	0.164489082994839
-0.193806862457329	0.31363509777053
-0.0301827708713291	0.0337285658837815
0.530279273158055	0.94442794625655
-0.196626450330519	0.218996773105506
0.178450300360608	0.230869021229929
0.0172296615807033	0.0200138916230412
-0.0475452408633519	0.0554228800780926
-0.444761792526737	0.615134579989678
-0.586767425476832	0.97890766663238
-0.0678492634225942	0.064971016999522
0.14366415766608	0.131554233708881
-0.0565413371343475	0.050889425447564
-0.543084464322224	0.716257138570907
0.706981065589513	1.38604404463593
0.407099927274998	0.627746422728243
0.725623377944512	1.76730047069437
0.0360114046371639	0.04207818549844
-0.0926805778336529	0.121269947018847
0.201452953268406	0.334659271051086
0.28743184211205	0.465417145046074
-0.133769990149411	0.176209085203424
-0.362988427135327	0.810523455228805
0.330661935618702	0.493488712295645
-0.182810256283832	0.295546724695138
0.138568236799965	0.195040284609193
0.315888400692102	0.42775049638075
0.161821414429938	0.198343630347583
0.624390151797727	0.944990209773641
0.390204106789901	0.723914264226312
-0.17512782315321	0.20509447497574
-0.249801435929786	0.3455062204524
-0.13896451581369	0.162887084349432
-0.339707913178247	0.432757471868101
-0.0169181938398507	0.018862099329964
-0.267728330649803	0.341948163533142
-0.0119610233561734	0.0128019878900646
0.0660015819769461	0.0834561341850348
-0.383808549972633	0.59554690444406
0.245747710176394	0.370402395464841
-0.0726763624523501	0.0814428329676485
0.046635350838912	0.0559984902064921
0.377041912108269	0.619300901700852
0.199513316935817	0.252397952680227
0.0316450281513455	0.0331466928214687
0.263465511481369	0.328373949420535
0.155120306498909	0.147137669562505
0.199114013061621	0.220864624781426
0.319044901256368	0.442629989548336
0.0448397485196962	0.0511415905415433
-0.105530964598696	0.133588093010887
0.537724084215563	0.899489697276384
-0.0751505735623146	0.0878333696854212
-0.215013839147275	0.251203186574393
-0.23264155201316	0.344303366349137
0.548148957479154	1.22173034263432
-0.660791021861796	1.0612836713811
-0.267594613565598	0.341727385518186
0.349892604097262	0.430793737367846
0.261792888970612	0.377923938126381
-0.457814207384621	0.908479984745701
0.758099161775735	1.69949504471017
-0.212072164763527	0.292418489317537
0.115078403227279	0.150767380914231
0.386677185004256	0.69082707969937
0.556733228201785	1.16237991465506
0.30168402944	0.3688251318992
-0.155241510140383	0.164752215096829
-0.155316791958406	0.190088327908889
0.537924427515648	0.900190479625154
0.0791920970354524	0.088415702622241
-0.231994561169055	0.283867556467345
0.456154712394476	0.63051742672651
0.235783480796247	0.255771132797959
-0.00706493515591007	0.00684467839178522
-0.584279439520248	1.04205872096394
0.783653781464753	1.34489264888941
-0.473385280746007	0.865528150709973
0.0507686367823313	0.0489268092639896
0.353597311643319	0.458489814259025
0.14369575382432	0.180229417401263
-0.43447978455031	0.67535345090092
-0.0770574168413112	0.078126522740582
-0.00411396946149291	0.00420398681777603
0.326364929069259	0.475429672689965
0.245747710176394	0.370402395464841
0.2917152311448	0.482361018841468
0.00894619437891661	0.00933513080538469
0.351213636564431	0.599294610468588
0.0658978679200727	0.0833116958411822
0.524103881354553	1.03144640557703
0.0553860018912276	0.0615709628897246
0.192445166079392	0.237091839823031
0.326258223399077	0.475104744329772
-0.620822244009561	1.03526674654719
-0.0931269961982619	0.121930177531982
-0.29089772403366	0.402963047481934
0.595107514765703	1.24769577145199
0.451968813522441	0.814908823503658
-0.0612678836061063	0.071549035106192
0.538262483575449	0.90073473368171
-0.225591236438751	0.288182364359149
0.831792660039157	1.80684549788894
0.376713143543942	0.618629212058514
0.341145111733941	0.545498960695875
0.119346738016757	0.149093175729324
-0.138369751794158	0.154846616299096
-0.587193001581425	0.910372195699947
-0.413198831778253	0.664281430545222
-0.16190124879745	0.221837639910585
0.371507248670699	0.583417126483652
0.115116696902395	0.150837125210687
-0.020990614442667	0.0202842784681866
0.12554563338724	0.149073099361812
-0.807563878949744	1.43574203578252
0.134847994950716	0.164621670063435
-0.424387444427012	0.750316816066988
-0.182863653290551	0.295637737289129
-0.457952165341453	0.909016478718923
0.449320986868812	0.728220037089208
0.0630513357997378	0.0627316035409444
-0.793492669795756	1.26959898993952
-0.31168212891847	0.361696906424822
-0.175438732544278	0.185629780590619
0.0315263725517449	0.0330192792645174
-0.322361851289211	0.464071369427859
-0.522701865319639	0.842080401762919
-0.420682171834182	0.721138856609168
-0.225595970838964	0.288237954649083
0.403812481934084	0.553986175576294
0.229153440688518	0.241156418298815
0.0204008838112778	0.0195555198233775
-0.754425342492051	1.1634813346483
0.361576116091236	0.517148365250836
0.293974756509265	0.340238723554262
-0.586074473516157	0.839731003533233
0.115732683687293	0.133555664306258
0.278124493727158	0.374378185239932
0.12567936727238	0.14923141709133
0.250136385542835	0.343565176623111
0.572376012066896	1.04485421620356
0.460123819824257	0.605514885243297
0.268132629055243	0.342906630023278
-0.194215823252341	0.267142908125723
-0.290447648029075	0.370809346964056
0.0131821553181283	0.0145501478141391
-0.784348889915588	1.67426136138257
0.0946623658840856	0.123402301704459
-0.138466424994919	0.154968092628173
-0.0171416996818504	0.0191309577648313
0.0899390102135244	0.121941364757435
-0.35368040472411	0.528927716912821
0.178726573837606	0.231227133042732
0.122921313499956	0.119825740404571
-0.0119219220861601	0.0127592881853224
0.206249351545315	0.235416898907786
-0.0248116868962775	0.0265562121772907
-0.0579398115286932	0.0648969060621289
-0.429313493235602	0.896054577580008
0.348763288940087	0.583038921283998
0.283173194485552	0.448757937446258
0.196488580174064	0.292927256863006
0.109375636099987	0.132847732534962
0.0559109124896511	0.0656167458133352
0.418628514300524	0.751868076834843
-0.238161122987549	0.316834740723386
0.0852457316768751	0.0901458988785314
0.220573334620685	0.301707419773985
0.0852359094402965	0.0826384871929843
0.199564797753342	0.252473773735926
-0.0659152099132498	0.0829371029339717
-0.291648105299768	0.404184586933517
0.202259647050234	0.308148796833068
0.422372867769006	0.803613267983091
-0.156448185063543	0.183271015821999
0.31924390306777	0.443106032656195
0.736363916702297	1.04724923431853
-0.387345607459922	0.536653104977642
-0.175040117497148	0.204965169376541
0.184987353156015	0.221825867539428
-0.282079157319211	0.24398031707374
0.798515592518417	1.34320054919399
-0.360413857131566	0.5585547664859
-0.104051405132083	0.11659502464947
0.170294732040305	0.21451600282732
-0.0773104804059279	0.0784157553335308
0.199597328291515	0.252554726844378
-0.0227257337635311	0.0206311769072695
-0.200287195679094	0.265940660471699
-0.205990980978223	0.263084509595416
0.28288508505199	0.390512469389132
-0.156675314078044	0.175082991522057
0.14487868959529	0.168029855743133
-0.417350887748967	0.693527425788476
-0.0905242820344321	0.105944099090918
-0.00426411534927865	0.0043552570440857
0.0876090486238513	0.106135846038319
0.250915715196414	0.344825206593607
-0.0774622131528459	0.0785773722521766
0.0559542813544581	0.0656669295142013
-0.473583148585481	0.866033251122462
-0.0271363380272191	0.0327227085900995
0.419931787399521	0.769205789634456
-0.645861004856308	1.18987300487512
0.626629079745012	1.12687034369732
0.450366696624832	0.778722622106856
-0.300642313320301	0.43261850442266
0.0660597572026034	0.0755889523546938
0.0770584030295481	0.0907695502520264
0.10259182762529	0.136929249269929
0.066030056085075	0.0755623248815542
0.170287646814122	0.214494194136288
0.422147337508693	0.802803333080665
-0.336762467351149	0.466852523875015
0.232109369043165	0.295148524795184
-0.120890259878961	0.135372052537132
-0.156698534318103	0.183607865251315
0.315215737601439	0.426449267995582
-0.196769352399251	0.218963975938561
0.488724248780427	0.903212371693971
-0.486411814656675	0.728296600720162
0.184561523342083	0.221189371524397
0.78792659821061	1.49648857995737
0.242168480834844	0.27053902662615
0.322448665086322	0.458225450465464
0.213796976539002	0.285073656213437
-0.182879929943907	0.242535446094295
0.451102389869937	0.668357529905557
-0.194308289096412	0.267383766591406
0.214140476904072	0.313792577616986
-0.0920409385728072	0.116345053977663
0.293811880437025	0.339946179578415
-0.394681959059963	0.432377927239844
0.143257832563305	0.148789764857367
0.00951958613931891	0.00828973173778891
0.541114624095305	0.886459088321259
-0.326437097899577	0.434627646536543
-0.586689565698834	0.978730392857515
0.289826910771675	0.326029415385288
0.449703695183846	0.697296565615001
-0.524252042733607	0.874667907617553
0.0122567448979272	0.00993558263535507
-0.381349153552981	0.395744126207391
-0.585581728101695	0.80497835667814
-0.302639470298531	0.402964161106961
0.404175903551603	0.487955463581597
-0.182659488758743	0.242198640284675
-0.377403785993656	0.564979988410995
0.36878031343933	0.565956070512325
0.0254405312422923	0.0289240636062424
-0.231697218477358	0.283491136771316
-0.702634621462293	1.37574544019564
0.774406358058168	1.6761035142962
-0.486643965058458	0.558374722781449
0.403951678104949	0.56746483214328
-0.0393640584111256	0.0356006946529079
0.69263539576585	1.40973911047872
-0.583959459654533	1.04135280389768
0.199715981638115	0.25271350509629
-0.149209336352569	0.197017442041369
0.287624926653169	0.406916034424551
0.0332568100548328	0.0368422722745741
0.404718270287938	0.582337075665493
-0.371812085159883	0.61561634985247
-0.104033193041787	0.116566438920406
-0.288147823162374	0.428858048700981
0.46017278420164	0.605604942230117
-0.194816929283782	0.227994494911773
-0.722923723216548	1.50013818851409
0.288016815718135	0.407681027183043
-0.0235006132596546	0.0293770583618466
-0.138802755989413	0.216052372975012
0.272918568737252	0.465824695997862
0.454591561621075	0.9325559184839
0.278479714479938	0.374950158389443
0.250386838585162	0.344062553279886
0.14545712196961	0.196397431854969
0.103964908658164	0.147195002214437
-0.123143581300535	0.179352579098399
-0.242037348937093	0.370326659846433
-0.155121760518351	0.189859398821275
0.406902473865542	0.627219630492679
0.285176873579425	0.311499919494419
-1.1090579844576	2.48647978513428
-0.0840395475663961	0.089821852515432
0.0959423782222667	0.095970682206883
0.0990840737744203	0.090285340335101
-0.438651453024477	0.706009107736288
-0.23022039891642	0.317898027841978
-0.249408105069392	0.344815286109211
-0.522666414084239	0.841955154522461
0.15342822533091	0.182960703495986
0.405177943868821	0.596782754735577
0.537924427515648	0.900190479625154
-0.326549932211344	0.434814044501848
0.410129500449017	0.661674155204944
0.569012773591467	1.05910007824927
0.125497046991704	0.149005312825631
-0.0173063008863272	0.0193186709889673
-0.285095932966623	0.331554314099128
-0.323439959440608	0.516130178515236
1.02314613974966	2.44830071178815
-0.353492803025042	0.528675416722163
-0.238592463491027	0.317514076439568
-0.131796989684582	0.132655534988245
0.449996835283731	0.681907233030175
0.0202556825212043	0.0194152038917734
-0.377488892057968	0.565181777645155
0.607394145893217	1.18132868687942
0.131179011698194	0.180396918089272
0.193424542153614	0.263423167845733
0.0451216466957635	0.046046874950164
0.25304347736514	0.29898373963708
-0.0462390235079818	0.0470979717806414
0.301755638316752	0.458720948933582
-0.276254715156305	0.337245953637477
-0.00419890560113205	0.00428655108735918
0.0507021662672613	0.0488661597949246
0.0194328978151695	0.0197430663098237
0.42399486514549	0.849364332010395
0.282559233680145	0.447471590403989
-0.200394021418048	0.266118740717065
0.0852198745355772	0.108269519145889
-0.152457115633285	0.19414022904225
0.31007922123649	0.581331977950017
0.362693437502774	0.680510301789577
-0.43828440594189	0.705153678850874
0.176368150576992	0.245248191733402
0.000169379677936493	0.000195212656680179
-0.585562853358932	1.01042393734143
0.14310805484097	0.148641798254687
-0.0439151662151201	0.0491496340439737
-0.0387682470649183	0.0415063730593485
0.308692971006816	0.397510749739571
-0.618586542839665	1.06746115066046
0.085529314186408	0.108706028295357
-0.47216742364219	0.838220968451156
-0.674413638802442	1.28107055459562
-0.0681253939609355	0.0728537493805324
-0.0880348531881221	0.0986626464555611
0.44973706647949	0.697342416554682
0.453742253150448	0.641926839239459
0.115732683687293	0.133555664306258
0.353337645182718	0.457986214045411
-0.395591418807267	0.570394973855579
-0.206249161995598	0.263485457788938
-0.022655887043155	0.0205704722335835
-0.31358963372885	0.434769797340127
0.569603901495489	1.06109865303522
-0.135914166084987	0.144561235933633
0.601361653209253	0.970900873778952
0.885500972247928	1.79415637248043
0.23221338036992	0.295340624053708
0.107109584172526	0.110552429447225
0.403716414774753	0.54061475951903
0.170169286102853	0.214289843638797
0.411768523571714	0.679258304542495
0.348468783827827	0.582521505682685
-0.105634820367224	0.12372752281184
-0.169713552823356	0.216428157495489
0.228834225925847	0.240757899238184
-0.211180572970455	0.25849429532809
0.220543596305642	0.301629507326405
0.533146247756209	0.670491246799625
0.152022588591437	0.162667855594036
0.451387614881403	0.66894070247527
0.537966164700809	0.900132469272747
0.348301383064105	0.582117745677057
0.23626754179592	0.377747631989704
-0.187281214069833	0.239020260615052
0.0210080230490199	0.0225856251399053
0.233986346791469	0.336470606405297
0.591855371047531	1.64577799729187
0.538114325544599	0.900531767745207
0.0172554211505401	0.0200631874214631
-0.138425215704175	0.215310435621674
0.129799199746865	0.201757270874446
0.776859099780542	2.22719362232076
0.125572930781255	0.14910671392465
0.451209962638641	0.668652532104632
0.256117999425831	0.360784391861123
0.552694785497946	1.1935350652329
-0.57097693137517	1.26966931394218
0.366031901614999	0.721467547521626
-0.154850427800607	0.189458402437868
0.926181271941562	1.95193127111317
0.0682726984579943	0.0740110680306959
-0.353713066655908	0.529148527229704
0.6115528539327	0.774098477196878
-0.144293106914085	0.11887939086347
0.258404454652079	0.313675013199647
0.152451546266968	0.163092969756716
-0.215385939089351	0.251688836621593
0.153808005837815	0.18344366625602
-0.173260608034928	0.21220652834791
0.244407079118518	0.327425648197397
-0.104242812588478	0.116813822447158
0.123117070736999	0.120038667878468
-0.745854431616234	1.19526560384718
-0.149409380090557	0.141143983674403
-0.461465006848946	0.583843651672379
0.352051765427881	0.445095740730808
-0.451307125354217	0.650163339097334
0.050494032286821	0.0486194775141422
-0.131858108220407	0.132702611072766
-0.155121760518351	0.189859398821275
0.326386662453606	0.475496448144441
-0.105667526554026	0.123753768529452
-0.149209336352569	0.197017442041369
0.449634843278983	0.712765179890666
0.374212162798239	0.60094764876754
0.462296762178455	0.592977894424251
-0.469171765830709	0.621067049588712
-0.551231005217705	0.823935260112219
-0.339855224496415	0.43298273262486
-0.0314064340802044	0.0320252159553338
0.0451056723105314	0.0588802418919866
-0.135984785140945	0.144637887430716
-0.354715263418525	0.431017360913385
0.258481257975723	0.313817614634295
-0.121530320745685	0.148404998647924
0.0236872429546527	0.0315857487238607
-0.408086154029617	0.633565857684372
0.0193026743590757	0.0196092996779871
-0.481367203198717	0.983616558419177
-0.132591769060808	0.18692945284664
-0.0633236505802843	0.076815222520669
0.278031016105287	0.374193067848803
0.199358869468408	0.252141574331522
-0.393967304994179	0.653537998187139
-0.344692608037438	0.551480277693798
-0.057850764717652	0.0647890059895946
-0.330738539974656	0.545113910735
0.292966069394768	0.42495795452854
-0.253223334451891	0.309514707027514
-0.685483497178732	1.22232180717718
-0.470883502846068	0.810319723827604
-0.427597123254095	0.54205829140697
0.333086546875779	0.343475782606636
0.579136052690573	0.812351205594518
-0.461334076646903	0.583492798330885
0.0379066037285974	0.0353626781199794
0.192696781725674	0.237294936149997
-0.0614375104209041	0.0624568376857652
-0.46179167703498	0.5842727006521
-0.0839018165685639	0.0896704421130018
-1.03817337805911	2.52223097643065
0.192436308216541	0.237086178129015
-0.920495816159066	1.90761580492308
0.11578416758131	0.133622311303441
0.403997670048428	0.527811174585576
-0.891647587004588	2.37351728564154
0.0663732947653426	0.0759903984937959
-0.0912120255466404	0.111098351272116
-0.0175249070643401	0.0178904446109991
0.371678494354415	0.583668117918176
0.30861593217899	0.397354513542332
-0.194546452747016	0.2677485215339
0.308737005369715	0.397435982642324
0.122913367731402	0.119846502402989
-0.31168212891847	0.361696906424822
0.453736488325087	0.641899851151751
0.185735123542551	0.246463755239368
0.185700199070256	0.246249537159058
0.312050661521809	0.412075621989656
-0.0764241140866372	0.0685455864450686
0.106758630167759	0.11017844916845
0.322672516168956	0.547735565601482
0.11720179344506	0.124672611247145
0.41656761592951	0.732657609947069
-0.193970263432401	0.304082367987634
-0.0954796833221265	0.129466966596691
0.589536009294099	1.28007600534776
-0.1214512139891	0.148289685229598
-0.0786046509607644	0.0991364854224419
0.755421305887008	1.51578024268047
0.418564278788707	0.751461827496921
0.0665715634678632	0.0803223205997335
-0.441671242754111	0.734357721361009
0.169220492343418	0.191906110815838
0.0852267292374407	0.0900879338128074
-0.819236648353536	1.40750420051033
0.169045080274493	0.191663357682772
-0.479630410027581	0.522253691509163
0.0294557613628225	0.0248347629366853
-0.384548819209858	0.466102813065142
0.46471650000913	0.580647014982158
-0.493182482962659	0.594493727650565
-0.451064435827568	0.649343871458019
0.11695105023285	0.12439148189999
-0.845393690498442	1.34896973349926
-0.131357492589252	0.13214174116592
0.130645643328611	0.115268719848948
0.371515400823109	0.583341430834589
-0.276828353695302	0.289871370697236
-0.0837785773624006	0.0895108481187713
-0.457001608384024	0.684560315211592
-0.461608402312731	0.717406455578505
-0.154572000559376	0.188991874275293
-0.100454168593856	0.107195327804904
-0.300445727793876	0.366283902067102
0.404139601259629	0.527951664452305
0.00117599772340127	0.00126068131684071
0.0334769513052084	0.0370978530356765
0.0852859845133615	0.0901949369850911
0.530525317445238	0.945000045299736
-0.155266449310214	0.164768690221527
0.449276599748756	0.728045908204956
0.412913049356139	0.695775518083743
0.0452545501296136	0.0461878472103405
0.633032828472442	0.936973587394613
0.451402114083994	0.668772347351318
0.0508072708907812	0.04896997342474
0.125384605987169	0.148857882112024
0.486029426216662	1.02031827899866
-0.155121760518351	0.189859398821275
0.422065250348363	0.80267018606206
-0.624923774503585	0.968317989496681
0.32263494171463	0.547679125399608
0.649653500727894	1.2932574237778
0.711322732866808	1.21279215257163
-0.175196701734343	0.20519965724583
-0.0462793831016753	0.0471362760383985
-0.138333520766768	0.154790601376032
-0.326699603866909	0.397710323884098
0.607336979661333	1.18083396358085
-0.377382508100677	0.564908157115736
-0.0774471368011182	0.078505762267989
0.0314693142493917	0.0329578745819141
0.133643302996224	0.134504815878121
0.206346680925439	0.235531795037004
0.116878462976494	0.124298923777068
-0.754099353623585	1.16332090464238
-0.436482490677953	0.578658963131496
0.221593297398848	0.225974287280029
0.0745213212477076	0.0764571668275346
0.20622451719381	0.235372279724748
-0.0210982696148462	0.0203905902295242
0.00642014951372165	0.00632172053961701
0.403749475869349	0.553878590421034
0.00662057597155852	0.00651865370242375
0.0962806620784005	0.0963669516932069
0.611456484620685	1.16634452260633
-1.04997320290624	2.23159933300084
0.361784829205608	0.517456789348836
0.333833164299432	0.50990917473784
-0.0882354205049329	0.0989180278619926
-0.236978085084622	0.27655522926365
-0.0389838621610682	0.0417471444239602
0.353522878399525	0.458410503683017
0.357499757967318	0.487179843186122
0.35377495022604	0.458803782110734
0.450344924252909	0.762564569735854
-0.161824677800507	0.221703668436315
0.189928683960943	0.276802890212608
0.211955321899571	0.33611863959202
-0.287666979859729	0.5152570704381
-0.464347489207555	0.972087180173323
0.0584952725250836	0.0795659237800235
0.0788680682273001	0.0880113562642494
0.200583025228701	0.279978232361154
-0.0614837650172837	0.0717934282617378
-0.290928264469516	0.402897234954781
-0.200599688431363	0.266425323746345
-0.285563425735348	0.453689624185176
-0.80608135205533	1.62602261618238
0.250505192904783	0.344236548128295
-0.215629494060253	0.318202788848973
-0.618379160700598	1.06682305045392
0.227383314768306	0.318980013149841
-0.158076435058174	0.231303580430569
-0.112533453053581	0.113589297152305
0.161913290461515	0.198482683860611
0.11724143753113	0.124714462052617
0.319174699257198	0.442973800973379
0.15342822533091	0.182960703495986
0.0436528590564322	0.0471308149250995
0.153534531780638	0.183096440995284
0.330139708567554	0.492431027602117
-0.509189083000964	0.701598375775183
-0.174766588193331	0.164515836699987
-0.34055488514844	0.394293056425457
-0.339821917771601	0.432886735951882
-0.413601538592394	0.664931545158782
-0.00513059302823471	0.00572017976299097
0.870359344738696	2.14077986767107
-0.152686684292349	0.194476133017258
-0.241985565861379	0.370187816700598
0.586989293495862	1.29611067970439
-0.080691932093514	0.10541064184557
-0.15986528176391	0.249724281102433
-0.248065327334268	0.455126084713362
-0.0660428387530909	0.0831126210390061
-0.159802771324364	0.280997508173372
0.711157954222013	1.96505963074443
-0.108299759065651	0.16280287039801
-0.0112244551765762	0.0119995421564774
0.278350831437382	0.374760123313973
-0.0506928046089765	0.0613739135050111
0.200238229316152	0.279367399389984
-0.255127221004472	0.428949382001712
0.589408756352166	0.991883726699996
0.0901148763277211	0.103583392836833
0.394768717575497	0.83271502766186
0.0448436365980503	0.0457354246225512
0.0779173374585703	0.107079476482862
0.240286872405992	0.391733584214192
-0.267736681367833	0.341980327113572
0.0852188331549745	0.0901130601455878
-0.105806191692913	0.12393969216615
-0.28000357105776	0.37278127250349
0.0315909899216807	0.033090626748971
-0.313453837143751	0.434610894674179
0.379666334630228	0.637503277959545
0.289777858383662	0.325991917158812
0.449779686923097	0.68117886716804
1.14896434593006	2.05901686386188
-0.39482374107452	0.432524210420658
0.462485095667153	0.593304732374143
-0.182958404909689	0.242640633147038
-0.0222414819438394	0.0258276638217396
0.615896284393275	1.15217414696311
0.857543046422889	1.96831297628405
-0.845501226773932	2.69713721390876
-0.182862667527693	0.277390415226778
0.306555776499861	0.556240565062748
0.176326566694282	0.245209759023329
-0.0105961970672192	0.0122804682989969
0.0244153900168172	0.034000993100274
-0.158242760359373	0.231644178948124
-0.245814776176174	0.400591626997038
-0.322563576982457	0.464597250721461
-0.138449683848734	0.154931747168718
-0.493248916588436	0.794768249984772
-0.0122753560619326	0.013137722449315
0.486025774603259	1.02037937511773
0.193900700590589	0.264194340935925
0.123542792146771	0.165940669217004
0.216837099626239	0.350607361334792
0.153343127463155	0.182832502538331
0.0280809447196599	0.0335443150769976
-0.09163797335612	0.115773664881218
-0.461261945066145	0.716782481088709
-0.155191656927904	0.164706134081034
0.0467277983070139	0.0561101023394467
-0.175847441689947	0.196141581008364
-0.42264224786957	0.609340381831994
0.178195589040229	0.230374727987434
-0.552702050325917	0.857814898122407
0.589623632490977	0.992345333692069
-0.00425918081695023	0.00435177884661141
-0.0393150720351409	0.0355572578150268
0.304892053400364	0.382459251176257
0.037881595133305	0.0353374285950637
0.110479727758529	0.150975263621236
0.143676220694516	0.180208362303547
-0.386231986343537	0.699928788131418
-0.371567038497132	0.615130738197412
-0.133083746175359	0.187768277277978
-0.0614673922653614	0.071789538645834
0.368377451906551	0.770073300526595
0.178852092506358	0.270373364859584
-0.106047544923422	0.139153763485384
-0.0767171817732811	0.0932240531691509
-0.366471901467938	0.587504371827335
0.0550213452404022	0.0707243773476716
0.220514724953595	0.301599268237562
0.455110332626506	0.902540143270289
0.186223495902594	0.247271778545184
-0.199956611075418	0.29446703605763
0.0212152248033117	0.0228161606039558
0.0665703663596927	0.0762173582729521
-0.0272169424671589	0.0328202326337577
0.103244149530519	0.137912010605837
0.379065883624293	0.635928757577489
0.32652463644204	0.565531206961419
-0.285356660691724	0.453182137068679
0.580194891358501	1.01736166652362
-0.50929590735888	0.702356743536876
0.359235162035026	0.501519476719843
0.233830036651001	0.336208789180725
0.492851895815576	0.802811033317737
0.403851729565128	0.554134008659328
0.406241253700591	0.612343756406322
0.0379425647773699	0.0353912786260746
0.700954927802328	1.21881645073055
-0.183274926242719	0.278093485814811
0.178192338370618	0.230388451547219
-0.764823150811852	1.72036978275656
0.0971689285209777	0.120924760348634
0.315268375329102	0.513198848205927
-0.173087911992682	0.211970800546297
-0.296210815554469	0.45629325023947
0.176415327803932	0.245357000155073
-0.0807958678367222	0.105566628009745
0.125566919892573	0.149098038754831
0.0747061013698893	0.0967915077407136
-0.07539373591264	0.0881564857063651
0.102898129803223	0.137391643725983
0.166675640435442	0.259724358964014
-0.347184797187423	0.662688958985474
0.143984023195171	0.180595625626524
0.408592062757266	0.64461131075937
0.162005171631291	0.198614960938683
0.231274488485815	0.362130494496746
-0.148869662775296	0.196431395241926
0.597653665087457	1.23029417634819
0.238271095896137	0.311049431458292
-0.156448185063543	0.183271015821999
-0.187044684102719	0.238605292999759
0.348431950510497	0.417550869702613
0.365909015636454	0.548438877634005
0.0315347967547334	0.0330292158333619
-0.237094082230978	0.276721453625784
0.00898788387860341	0.00938036340504397
0.213918606762045	0.313326595252009
0.297225531888965	0.441383083211053
-0.322827796574318	0.465100351224932
-0.345703983688527	0.498161733896975
-0.0567696428692363	0.0511043311753067
-0.046428442221825	0.0472885600282583
-0.240767600677122	0.34491341977029
0.679388698375234	1.84196794598062
-0.26941402015265	0.372678496346757
0.131266679247389	0.180554719674529
0.514589934456143	1.13959321878995
-0.058394174900128	0.0654201106037705
-0.138482576921821	0.154988152287369
0.607781433164878	1.18240261468973
0.226198796523872	0.280209730603206
-0.326227592780165	0.434132459686752
-0.242126365928526	0.26853483846903
0.055798562910168	0.0654755269003045
-0.378199677186976	0.502457934482002
0.45402511112179	0.867908752152624
0.592091259651308	1.26333115081679
0.263210429920105	0.32790026355016
-0.0684022756201488	0.0731570525911425
0.110415837364263	0.150856991608137
0.0463961957436992	0.0665252083444922
-0.391508805410494	0.730503907540486
-0.00400034655285196	0.00408694083290593
0.153552755188452	0.183092264043476
0.0552188238866699	0.0613968656152219
0.525131998991553	1.01326536113969
0.12853776030686	0.164928606260706
0.153479879034773	0.183035502693733
0.312085645565864	0.412157544650675
-0.225736366292857	0.288442845070975
-0.434550306182949	0.675447445870697
0.0629141538151345	0.0625700710223858
0.297334068402267	0.441310143612468
-0.0576527030945281	0.0645407009788841
0.489926538029424	0.851133582966936
0.453118950266207	0.833996787548981
0.649361534159688	1.29220101641939
0.451115681973906	0.796494543295788
-0.495335249967326	0.825959908772526
0.178085004912407	0.230291683236678
0.185998418269114	0.246947867022223
-0.0532763636922569	0.0570321059219841
-0.0118523759159433	0.0126833225369208
0.185510354745067	0.246043505658683
-0.253333354974466	0.309665744884531
0.0127131604926535	0.0140216430306392
0.699290671069919	1.39690763268465
0.219256486902092	0.264193678678613
-0.16190124879745	0.221837639910585
0.18610790548792	0.247102044315479
-0.461298372188013	0.716759275849096
-0.173877396444926	0.246880238898179
0.0088278414552563	0.00921158715015273
0.074408959201078	0.0763445998157669
0.0853611298322976	0.0902757646392717
-0.413032272210743	0.663798374137891
-0.802735371085295	1.94598344998938
-0.21494125239651	0.25108187979655
-0.230321585838499	0.318094107697075
0.537899400608112	0.899969779885536
-0.175188360609133	0.205185436822752
0.213796976539002	0.285073656213437
-0.0756728868576896	0.0884983652091814
-0.22266082737613	0.3183133027655
0.0553127335599475	0.0615226801636919
0.2136297916731	0.284778340325137
-0.197087793939203	0.219518774921885
-0.653611888952523	1.12760605284066
-0.046351847682905	0.0472137245785609
0.881394321858058	1.95484763372042
-0.361578972140169	0.50128781830415
0.282997396672122	0.390673883187021
0.160476407005103	0.212157545980527
-0.730404034000903	1.25707771627823
-0.360257604704534	0.558202846511335
-0.72288628540196	1.5000082393084
0.405246459838046	0.596849461771979
0.0194506071747507	0.0197601314451705
0.219566279480649	0.264760304312822
-0.00753209024707794	0.006865115392353
-0.0211380761473714	0.0204285291814238
0.133670781624656	0.134625602999934
-0.922254729303243	2.61879793918504
-0.0902193221800912	0.105592680252178
0.00627410015288509	0.0061782978638557
0.0194151923369829	0.0197249321768897
-0.461331831143689	0.71695430644219
0.00902957188945801	0.00942512234869995
0.545342547266572	0.874729876732384
-0.053604016777403	0.0573918604890396
0.716603750164649	1.5739116053112
0.57564719623265	1.02950727548905
-0.0475452408633519	0.0554228800780926
-0.549015123320729	1.09852709134612
-0.336599372852319	0.466552827364813
0.28765223149207	0.406967349533572
0.403777577919486	0.540734405357194
0.126568809285461	0.13864153321662
0.528421191132401	0.960369843557998
-0.360413857131566	0.5585547664859
0.189941234040303	0.276817055106599
0.0549171365488441	0.0610415234872693
0.233646958261562	0.33582407847314
0.40499274550694	0.596195834192412
0.170288033976646	0.214398468988778
-0.0757245074530201	0.0885495975164413
0.0898643856169047	0.103270917078603
0.707093537592804	1.38650759631796
0.199616277713101	0.252544830617421
0.169005036523745	0.229328518266064
0.450067638707086	0.762000802889622
-0.395695051518854	0.570503423964052
-0.11220631565997	0.113229011327783
0.25627608762246	0.361077904135257
-0.120855885715945	0.135349836267
-0.476116840781095	0.657711548075102
0.244649112688868	0.327725692268146
0.258665972568307	0.314000889455695
0.0568501398795236	0.0597953021085091
-0.46144037826862	0.583798668960372
0.632934632731635	0.936735264624574
0.229341968420162	0.24137248961141
1.04302474526528	1.54212588633028
-0.276685150950783	0.28971354715021
-0.543027335584533	0.716147617374164
0.258373363440143	0.313671607605649
0.25601816411909	0.360476419810502
-0.0839978625819697	0.0897780935285566
0.492817118002387	0.802620477511673
-0.133964876707614	0.176530170605884
0.491305650936136	0.817611632839764
-0.0944269321975383	0.0955507915570385
-0.0682202176225473	0.0729682296479527
-0.182702477435895	0.242244504929983
0.282997396672122	0.390673883187021
-0.451166990527968	0.649907316556248
-0.00758753421638813	0.00691554506233114
-0.58518592362958	0.770414428322054
1.05091212141293	1.38961278663446
-0.46192927065065	0.58453772340988
0.30232935118822	0.459887127836209
0.00895996975721253	0.00935206719754123
0.0770875780424244	0.0908068159667662
-0.612968913631237	1.12857758004133
-0.0174732457295561	0.0178368846646639
-0.16936948938959	0.215898425525574
-0.30257844474961	0.402900515584229
-0.322626093928408	0.464743704207659
0.329973081399469	0.492191709571192
0.0683000226277981	0.0740332376488713
0.63605521370883	1.33831626501271
0.0331956721191615	0.0328465028960801
-0.481351666391543	0.6926760025722
0.0447838365672693	0.0510851676666131
0.469704306479183	0.555118019400492
-0.00714064968876213	0.00562941951296692
0.0455309932425831	0.0398330116819739
0.40047260836567	0.400475947613813
-0.880568439922688	1.30053762555948
0.111861366843617	0.105546092784039
-0.782465012344292	1.2985338544136
0.213220007372113	0.25025779516367
0.258151387312321	0.31325492623752
0.287776691728117	0.407082441131222
0.499640730674747	0.762366057590221
0.0330320180932748	0.0365837206612971
-0.0901802367174501	0.105530120280743
-0.0357408378356608	0.0344447754143579
-0.154704423055191	0.164038731344605
-1.49799823854628	2.93653325446878
-0.383768605610481	0.59544587574485
0.134986662356266	0.164800935029524
0.46469635584286	0.580256534991292
0.165776505881797	0.162632427011339
0.572250497694326	0.821606601172845
0.242140111447066	0.214796641564638
0.340447256651142	0.374337557650727
0.0849578035949277	0.0823715151516077
-0.280031637389267	0.402570412404413
0.220979114233216	0.302299149614874
-0.145715713257224	0.212879630757441
-0.138490649306121	0.154994679272117
0.170085943737485	0.2141826525977
-0.316589624801972	0.488840048927944
-0.344130576015683	0.550157676616971
-0.0472976145018359	0.0551206907595332
-0.0659711378437812	0.0830041936002709
0.256222591071436	0.403693545642903
-0.135837486465307	0.144472972658147
0.301639919048068	0.368775746210165
-0.031449850477195	0.0320706030842213
0.278143530495341	0.374406933345566
0.00946248301590603	0.00824000632082207
-1.02582035949102	1.50571713467448
-0.0783678851086653	0.0605111151387337
-0.212843988562935	0.172598022018266
0.905179744135185	1.50160808432911
1.29258111105564	2.47461052746238
0.312050661521809	0.412075621989656
0.0331331529776301	0.032777219436231
-0.0614725258239619	0.0624910738139588
-0.456819959469558	0.684213116298498
-0.28868461023498	0.429885265626235
-0.0312503951654037	0.0318586985382708
0.345169477561782	0.564611387525286
0.565966071947862	0.831749259122591
0.624129522802093	0.944639127727297
-0.289342350193105	0.285666722291466
-0.428717841629962	0.641957825615567
0.125427175361179	0.148909932723329
0.347958621439496	0.417046570058983
-0.0784399084616426	0.0605682644524867
0.560067012025719	0.841741350786676
0.104763347283701	0.0740364034986795
-0.51899915961496	0.498994091320234
-0.194854482703485	0.228034354361343
0.314895363707585	0.512160404146707
-0.0839289818403815	0.0896927228811141
-0.350366319132593	0.578630235300284
0.450176632269567	0.682381630313716
0.322761574217525	0.459005770355012
-0.49905196014764	0.914523543218237
0.0174360090270632	0.0202802567598687
0.530364333841325	0.944596424694994
0.153516311620144	0.183087965664006
0.287555065726473	0.406753382098831
0.496847076688811	0.774920177906336
0.451401639282748	0.797404778677929
-0.493370624742016	0.794919735197444
0.315626584635562	0.427427920682592
-0.0752293634438763	0.0879388237450023
-0.408162849554848	0.633680871119783
-0.126503536107891	0.119949291462384
0.106084731379993	0.118979693933676
-0.0225036547105054	0.0291737474302062
-0.00433425812831279	0.00442688695762983
-0.267397917865517	0.295715278190091
0.450275987682039	0.682586571691502
-0.58650765401345	0.977999935506891
-0.122011758701291	0.14296432764054
0.405274588112914	0.596961293847657
-0.746759307610776	1.41808135754156
0.449246726178309	0.728092888067696
0.405266514866119	0.59694414089634
-0.336598074727446	0.466534457441975
0.161891553547253	0.198445914400767
-0.314316884479962	0.400821360751195
-0.456886733411254	0.684244605540919
0.452670422981995	0.655621723833843
0.117016978777557	0.124460526113332
0.0239636197836972	0.0216062666754019
0.302615329003133	0.460378939846184
-0.325065493083807	0.357732725267709
0.407051356761405	0.627349100550913
0.0957392981811806	0.104260130850309
0.700519203454769	1.21714569340564
0.530182092275817	0.944062898692349
0.579995561023233	1.01697691308314
0.572888702656953	1.04597988740653
-0.461219382979514	0.71661190706217
0.371111700074272	0.582451510825079
0.134134317023208	0.163512659553198
-0.366755031436446	0.466530913094986
0.342966475352273	0.388220396838824
-0.117577535997814	0.125273885807731
0.0794242809710655	0.0886870412358703
-0.0359710492280705	0.0346721649968708
0.186466906736104	0.247639782260521
-0.75810622622754	1.57348748017621
-0.0441391539521003	0.0494120649487229
-0.155316791958406	0.190088327908889
0.607434876040045	1.18141410975034
-0.0464526420698804	0.0473054774536688
-0.552894395252847	0.858555834739903
-0.0504219562150409	0.0610216212697938
0.506066965858636	0.738385087065548
0.353751871503185	0.458550213068685
-0.0391766364356816	0.0354299987275735
-0.0727876469777472	0.0815706071672443
0.351630100855908	0.600222251845559
0.193545996640699	0.263603680446761
0.0452883819397598	0.0396292518493236
0.262182256642318	0.378609838135655
0.45270569722263	0.655699330222474
0.404312969994054	0.488163524822163
0.15229940452598	0.163029577361064
0.762854491277899	1.1971395882897
-0.191453353689468	0.234356813999462
0.450101471470114	0.682285076760408
0.72297396617859	1.56000118052501
0.213248471877597	0.25028351226264
0.408381638556258	0.64419767705281
0.337473336939358	0.527368004781021
-0.300340662255952	0.366109917969767
0.117016978777557	0.124460526113332
-0.371913503874744	0.429594320787527
0.404074634786485	0.514511594061364
0.143735677200254	0.180291284631002
-0.253218415614507	0.309477180600021
-0.402122218603714	0.709277953700122
-0.230285587971316	0.318034396008073
0.100013669823943	0.118229092856062
0.0682970385925508	0.0740398960680435
0.227520389000111	0.319181686688616
-0.49030284016376	0.762081956404625
-0.369923378158176	0.53327491253784
0.278011992650811	0.374124431583525
-0.122064217759145	0.149155146265372
-0.288476891220769	0.42964103816672
0.408127774712914	0.643552810441575
-0.351176711677203	0.467074493343627
0.00650214145778863	0.00603145884485254
-0.206060848487356	0.263200952654406
-0.0389931210738917	0.0417504286410765
-0.155186179246457	0.164685783719159
0.312375665535558	0.412566761388399
-0.126265677299433	0.119692407332684
-0.270103410066356	0.374023972916036
0.0571622096910818	0.0601532253866827
0.117124722287052	0.124573769630317
-0.290337616168279	0.370656178706326
-0.0757448739713254	0.0885902920478184
-0.061252488659715	0.0622596797565774
-0.377580025436905	0.565357603663339
0.0507077611429966	0.0488715238230359
-0.0884725005907814	0.0992003585911682
0.449520017044134	0.696758294927061
0.690883692878111	1.22380358638568
0.884139962363756	1.49611450232741
0.0344579067344897	0.0268407714275058
0.100202118860287	0.0815349246585088
0.399698611219441	0.385168891994439
-0.34297458065117	0.357144824888456
-0.111984458980229	0.112960181123323
-0.429003631352846	0.642506446676289
0.125691386986284	0.149247255931102
-0.0791875427178183	0.11087111949897
0.625305924688395	1.38707836489055
-0.10716249863177	0.145558460733237
0.178272229807458	0.23058804026867
0.330592336112812	0.493400239375565
-0.191574885076841	0.234516786543729
-0.138325449897699	0.154784072829426
0.576063374513988	1.03059204816581
0.549596577262761	0.862905010050538
0.798532092758626	1.3430464215927
0.305149206666709	0.382968962181717
-0.68539670259381	1.22220483133517
0.312310762238298	0.412358476266963
0.297970421032274	0.354617952363621
0.253345238046797	0.299391453591526
-0.267218143512785	0.295486636304605
0.0700028470365908	0.0592207766602264
-0.115409509100734	0.0956963453833784
-0.207471680451127	0.181891112921745
-0.256424142428724	0.254089257808811
0.558272941727451	1.14445360854207
0.528629135219771	0.961052730421004
0.885353568801443	1.79355623350916
-0.632821618309753	1.27323078684668
-0.618325963458346	1.06666070477548
0.615893738204112	0.952886740173943
-0.0388587767478211	0.035113554181795
0.0095766902500099	0.00833931608322415
0.109935414091726	0.133646716316842
-0.626029764107486	0.933344611684419
0.272980275459082	0.413453008378728
0.421940232943456	0.802316988703525
0.0450618713531242	0.045973042622831
0.420007615014846	0.769259864244561
0.423540248484014	0.83447334022265
0.225859212426976	0.346109977492524
0.196356838496707	0.292734916960182
0.406432019279734	0.61257531817016
0.452915201382836	0.833164931418538
0.0868356527129694	0.105092867494742
0.875483791451199	1.64115996183234
0.722648643069628	1.20737793159779
0.199175187640881	0.220985698276931
0.20070424919118	0.280254029873771
0.572157075847516	1.36092601335157
0.0451055014187575	0.0460305925380655
-0.0880032601260754	0.0986240911235945
0.357567471042265	0.487268929261835
-0.175171671930053	0.205147345292692
-0.120933768740912	0.107573567020667
-0.302587451752535	0.402887221990464
-0.0359628566388228	0.0346720725590491
0.213145192874489	0.250175607069238
0.000926023815180941	0.000994455183655205
-0.242180412774924	0.370642857479077
0.489801044718204	0.850846389617691
0.0851553883375458	0.108170205042098
0.12529345401639	0.148730526656282
-0.169939537411312	0.216714293260846
0.655351460471843	1.08772244336184
-0.253455802384631	0.3096310561383
-0.709729490403027	1.34865277460788
0.161773010794676	0.198274412129906
0.408775822308411	0.644887195713357
-0.445159493876014	0.765036003704958
-0.136083207806497	0.173006460051681
0.315650803009666	0.427460369538827
0.0251345944547109	0.0285676328553115
-0.269781116713192	0.3734578744076
-0.16586751278639	0.21956760932979
-0.920356577959648	1.90675905982273
-0.0314150300152435	0.0320337284311607
-0.322486894235038	0.464425652186275
0.532403785408131	0.928823456176762
0.255741925901272	0.359893304922325
-0.23709006595169	0.276722900272315
-0.10050481484079	0.10729155157404
-0.707557184665645	1.54742971447691
-0.284863192838226	0.331171593684794
0.0450490580068051	0.0459524306464579
-0.237021442240185	0.276623789401923
-0.674336909073888	1.28101210960043
-0.326549932211344	0.434814044501848
-0.309329040472529	0.461599010523466
0.403895488703601	0.514193528610114
-0.131599657791357	0.13243687775718
-0.290402318586044	0.370665475676252
-0.389129781989849	0.62473321220876
-0.169791784187592	0.216497057067374
0.0312165012490977	0.0326758345516984
0.232239089087857	0.197657152924779
-0.139772117374668	0.105960867449711
-1.03385659856149	1.20019023313274
0.169431459428891	0.143961523488659
0.155099829519264	0.147123754190936
0.11638738249249	0.0987512717652454
0.0295612551787316	0.0249214482631952
0.126636231837458	0.138709968641506
-0.554970273889069	1.35732112358548
0.348180404349052	0.581853531686119
-0.419666113600264	0.829675903742659
0.367661186599792	0.77833471164261
0.363946476965516	0.532962375708893
-0.120812464653343	0.135298860862974
0.199456477263391	0.252350011840461
-0.139020629999557	0.1629528255305
0.562573795554229	1.11147828385118
-0.653678798147092	1.12789620709144
-0.540188087780119	0.680901773490847
0.106564925872202	0.10994653054542
-0.083964476793614	0.0897188150937663
-0.259934716492925	0.302746948298368
-0.546203686258579	0.752442309624972
0.560080527603721	0.841849697982012
-0.260341572489841	0.303345863099957
0.242140111447066	0.214796641564638
0.399427529686834	0.355501012739803
0.523295041061956	0.693817263892211
-0.200253790206989	0.265742219348555
-0.422859621535386	0.609698113621598
-0.219101099063742	0.291319162393382
-0.471552397828019	0.83563434223077
0.506011486564552	0.738283285932617
-1.09728788805208	1.33606114583743
0.140190466083026	0.109193454007723
0.337137755215201	0.359271087807326
0.152423721489355	0.163156243474061
-0.498700067724373	0.62978863241854
-0.197894348914175	0.208926816132965
-0.175161182248258	0.205145147667151
-0.470591550727455	0.809909621158717
-0.105293142947815	0.133241641130773
-0.47578368823243	1.0755509426515
0.251228960830132	0.387303752116706
0.00900165402688784	0.00939635105368043
-0.211119959745558	0.258424913298631
-0.205252123611043	0.292696515783253
0.0213042695535451	0.022915355677413
0.421940232943456	0.802316988703525
-0.35120928004412	0.467156614907777
-0.325022744401513	0.357771299038293
-0.450904496070143	0.649425987766903
-0.663522469390891	1.33660416785357
0.22603362834677	0.280042530311525
-0.275968560735596	0.33684411947968
-0.020915692573365	0.0202099529132115
0.133589448879991	0.134538648100009
-0.0888072947167252	0.0740379113539712
-0.233494837142122	0.218053798520944
-0.302474807931632	0.402662192312286
0.41307734656236	0.696272675989033
-0.061402499520534	0.0624212701061629
-0.205568938770035	0.333159489580981
0.403959729424275	0.554275551940195
0.229104520827607	0.24111957835841
0.10022134359659	0.0815551896323589
-0.17489290406696	0.164664611707939
-0.45109695010154	0.649657256282688
-0.444617603712095	0.511426388228751
0.245682538503245	0.370260458810628
-0.338093612770616	0.523153347211003
0.115683224786107	0.181023311727201
0.513175919569119	1.15353990408659
-0.0682435358037504	0.0986919310353034
-0.301409842679799	0.540230926189003
0.256427806358364	0.404124427824293
-0.0610497552443969	0.071277774369422
-0.396592705901806	0.760935290279972
0.0171703112924286	0.0224464541534727
-0.080687475539813	0.105401612875401
0.0975035494534907	0.121373856782724
0.406033266330459	0.611894681818528
0.449937419051845	0.697711062570547
-0.105998461585319	0.139101240635389
-0.336771326495532	0.466886206425659
0.0244595115810601	0.0220618387924143
0.0964053312447787	0.0964934002301945
-0.231721450405209	0.28352616525682
0.497242717958524	0.461750565008162
0.0293329110374756	0.0247286547476582
0.273324993019729	0.358803954272614
0.055169900299003	0.0613453761925567
0.00849362487995119	0.00885892967396985
-0.597710772744917	1.26611667717416
0.333627544644778	0.509244942768437
0.199616277713101	0.252544830617421
0.40506514738678	0.596544733175323
0.452740966989779	0.655761936825317
0.26342568304642	0.328345285927547
0.261756393610247	0.377846719439422
0.367181009514546	0.756184256053981
-0.373307592388098	0.694973575478055
-0.105662676399478	0.133797484691929
0.240217375216143	0.391581931697581
-0.0434696038203884	0.05451079502434
-0.457772656761207	0.908157571155088
-0.0783476121528865	0.0987678003625426
0.276091423274591	0.479975518335788
-0.483546051598835	1.0135191223062
-0.155525152843027	0.190326395503011
0.192427451253158	0.23707646401366
-0.135996850466161	0.172873454297812
-0.194323253793937	0.26740163417912
-0.132628495194188	0.187024145652418
-0.23052195485263	0.318450654099441
0.541311270023674	0.886858554267319
0.639257460382486	1.1041010210517
0.245878046933158	0.370667303608248
-0.326558010973671	0.434816578010454
0.30876777904329	0.397618347811989
-0.0247096529480652	0.0264427628934179
0.0330894166719791	0.0366548643955439
-0.212166676601925	0.292615806604867
-0.173228186547803	0.212163983787189
0.306983557669391	0.477950317856863
0.0942265627990856	0.122767332399398
-0.461304507217773	0.716920150407319
-0.402478499932431	0.602770475780659
0.152041350098648	0.195786468405679
-0.0885966974063349	0.124188564859412
0.527188475676331	0.978061323931898
-0.106090479429789	0.129406967040497
0.319029776081274	0.530474462922244
-0.497301290704134	1.15468295176646
-0.350369157010937	0.578728462683961
0.193429882973584	0.310028527423131
0.0010612179583614	0.00113734878753791
0.336851221281844	0.637684043208769
0.272764557196541	0.412995419140656
0.421412214871859	0.786688578465768
0.0282062167776898	0.0337037560190409
0.0662988790153578	0.0799502891266006
0.256325961986344	0.403896920312131
-0.0842233207906087	0.090014424926773
-0.19159014560872	0.234588875428319
-0.383877618268654	0.595660595266278
0.226061790477272	0.280048009555118
0.18484747965682	0.221624844393131
0.0875658570434327	0.106080394773547
0.357705188097086	0.487218393709227
0.70693961289802	1.38576632858542
-1.04451136972281	2.78760782374608
0.49021489883304	0.83349942171033
0.213398155927863	0.25044759782266
0.49695452446419	0.775170848399207
-0.33653867682736	0.466419822760143
-0.173606228611366	0.246405903312979
-0.148947960353839	0.232210087970836
0.482918228663887	1.06175264639504
-0.381338480881016	0.671095112741291
0.124055266406038	0.177061956662425
-0.226960181215045	0.391675968734041
-0.295845040608714	0.545151345692098
-0.0472880683656174	0.0551082141630664
-0.11973839766726	0.157471654259077
-0.22696348806894	0.403657119629259
0.367090329126364	0.776439386586852
0.578313093138073	1.33731562761485
0.423578030084374	0.834715401569898
-0.172267400695926	0.278131754885158
-0.133152078015062	0.187843853545641
0.904804197324058	2.11798400850584
0.449009430434477	0.727392664696326
-0.117612658598174	0.125309390310806
0.206633288019191	0.268339681978114
0.29417020692731	0.340508115236772
-0.414764645471805	0.574094700301436
-0.313594239269894	0.434819934601133
0.510009211124912	0.727133427035813
-0.249516022226619	0.345039137073178
-0.923469893400937	1.58012234451696
0.308545602203579	0.397211978306956
0.0312258537963608	0.0326846892418502
-0.383710359934673	0.595338636542607
0.10624907681666	0.11917568617667
-0.14890319965519	0.196477543250919
-0.232447328101038	0.343920063044007
0.208165203272287	0.298081621090323
0.562415543041377	1.39145478434593
-0.66356114265828	1.55944873858025
0.201266998825301	0.281231618042597
-0.267621807894193	0.341836713457876
-0.165340154723061	0.218764954712472
-0.573547914426182	1.18122666471553
-0.326588176205571	0.434859881059043
0.0379083670341965	0.0464667543296845
0.736487032221372	1.93600666982409
-0.454639528667112	0.87741455127148
0.220026588485499	0.329767292108381
0.556381854627052	1.16120449133692
-0.173465268271561	0.212421253220435
0.529085791759586	0.962051129454817
-0.290452893128413	0.370779764549543
-0.0213205972513802	0.0206039019284679
0.122726034638706	0.119628826993843
0.715311719348802	1.37691183260971
-0.0730035012458741	0.0818295764523973
-0.0476758760511567	0.0555839444132911
-0.0727880315376077	0.0815589281191013
0.156932664118497	0.235353252174272
-0.154982562233994	0.189657241356267
0.363903520772452	0.53285866037528
-0.136274538019522	0.173282611689361
-0.473803997649642	0.866340300136023
-0.376460178429811	0.642850625814934
-0.264942963872283	0.45969332164042
0.248145022026326	0.420088139463162
-0.663600938307592	1.33688274738996
0.046635350838912	0.0559984902064921
0.227927849814092	0.388851136718654
-0.216646645227498	0.362571476168898
0.298510421152109	0.513209247856211
0.131354326843831	0.180700700417813
0.114515379609976	0.178940008611005
-0.0385001114505143	0.0465088828557979
0.357020772802896	0.634340172277342
0.096238900587646	0.0963092150678472
0.0852843581413599	0.108367065678733
-0.100469906657917	0.107249790037166
-0.55355831186498	0.986148522637943
-0.922730699799818	1.74520643645777
0.110330929215908	0.134134764012897
-0.457917975006542	0.908896039268996
0.330439396915102	0.493073857407196
0.525506133629747	0.993938012893211
-0.13816226970384	0.168980421182877
0.156977409424907	0.235371690857897
-0.21791871727848	0.353642021514602
-0.0532061636288324	0.0569482720182904
-0.161799604576136	0.221621022533373
-0.350130696393709	0.578009855212482
0.36815719181283	0.779783806345225
-0.107285116388602	0.16112364487587
-0.070504580024282	0.0986438069707838
-0.600240899520131	1.23856109397768
0.276126862500975	0.480046614595685
0.0957228560427917	0.139525139463717
0.619661342363872	1.75781333861373
0.250880353948696	0.386543496279928
-0.461079523026502	0.939943828798602
-0.0792480812134019	0.110969499319944
-0.050731481228936	0.0614308221121979
-0.269328763664223	0.400425638045716
0.106672116173079	0.13630279035611
-0.716642070373316	1.31927608032221
-0.0681506782178314	0.0728915876332484
-0.00695751277443866	0.00674031330155759
-0.0441159681757441	0.0493799847807541
0.0248583686310274	0.0282451831335457
-0.259586259903895	0.372360751072748
0.000053702902282232	0.0000619549529591814
-0.122166763346686	0.143198161195988
-0.34978412991058	0.63133055198715
0.0449128039097268	0.0512321598318651
0.176443042589808	0.245406173181423
-0.184899201724283	0.271633776528992
-0.0983165025138554	0.137855301515534
0.0969415589444434	0.120567622471321
0.0293149741325053	0.0398157741671465
-0.750462982268681	1.94370014896358
-0.628314099679727	1.29861361679635
0.160136795157243	0.226718711021279
0.0196556049159938	0.0248816584705215
0.600802460151845	1.21422317650099
0.328701020925817	0.580230780216191
0.201171312264869	0.281089489134888
-0.221377450996343	0.348594196424749
-0.0640462147790632	0.0864297200749713
-0.667901227099447	0.994177509644416
-0.00515097944393699	0.00574174299240515
-0.218597618366085	0.290497555419491
-0.225722403654682	0.288403594020366
-0.300564089239366	0.432488878436339
-0.00739503928966619	0.0071636755939397
0.339197933829644	0.662579048486398
-0.061399712473872	0.0716868116990543
-0.104042299563209	0.116581576721874
0.220613247515588	0.301738848697822
0.603825733607741	1.19715083720138
-0.280228467821653	0.373189441886275
0.0196282097185337	0.0238940747537749
0.326289850763525	0.475317142273191
0.359267332278236	0.501598729569955
0.315422320109439	0.513385017196353
-0.911055953614905	2.64042028965951
-0.277604306211577	0.426820700236453
0.613390775669802	1.61800066114611
-0.66882204397495	1.30895886016747
-0.498967693779935	0.940711699102682
0.0251590513917974	0.0285992005200212
0.311473369314672	0.496087311855295
-0.449661409101482	0.820233748723077
0.0997773517656473	0.117919671253579
-0.20526846229606	0.292678431220249
0.267571203691972	0.395792864135871
0.0999137782119279	0.118033381820412
-0.007392422316477	0.00716065168625051
0.337138851445454	0.526685125560952
0.355829562180531	0.473062471416521
0.910039193826283	1.95104324002348
-0.104145631461874	0.116704944856384
-0.861614346326997	1.99183184398311
-0.172957502635633	0.211722693039839
0.0659409170752392	0.0754497201740636
0.161908358974338	0.198471930487941
0.365924051827607	0.548461955324757
0.179026449601419	0.270675353544997
-0.371479586698966	0.614972952535846
-0.0106715862091205	0.0123680786827906
0.517956298269125	1.1121947478717
-0.105574867378768	0.133661783044683
-0.336687997063289	0.572188708203647
-0.0508991569740261	0.061646043080484
-0.232407652816792	0.343843534056
-0.250051309183726	0.370799006975866
-0.274835411541075	0.491802747139113
-0.0912987518221133	0.111211945849218
-0.14901107604372	0.196708047708249
0.160640929380882	0.2124193159529
0.28788911902155	0.407370729911165
0.125481772381235	0.148985105501788
0.3574598818705	0.487123274259919
-0.0441805909171495	0.0494594877929075
1.12846258941577	2.98583396441007
0.273464856912725	0.359045315383782
-0.0650592688975598	0.0545399748693868
0.169262720415377	0.191965073247236
0.160902166881938	0.212828502127617
0.279155625558728	0.493996483289657
-0.137836890533815	0.168509811122736
0.532474200468811	0.928970802074122
0.0761884427653861	0.0943783989054255
0.162340964752368	0.2483265662363
0.299036603531436	0.514283915778299
0.106275644969819	0.119201201537392
0.0788947397827862	0.0880409930088239
0.251009754103938	0.386860347605354
0.809134124408212	1.03391353166124
-0.120861232065216	0.10749523331897
0.0851410536123053	0.0900282095337994
-0.0175583593441542	0.0179251689517856
0.404074634786485	0.514511594061364
0.176886004192734	0.206272998255081
0.311318318869434	0.495773171680966
0.2136297916731	0.284778340325137
0.530245880278339	0.944097263815015
-0.641156509718681	1.21765555311759
-0.0175460684303686	0.0179014727512594
0.032915562894552	0.0325529480901939
-0.963948030912201	2.57000365156469
0.19943375410614	0.252316789448401
0.350271620637799	0.431325632858765
0.176480496539304	0.245459015588282
-0.0522395880339394	0.0406461520882526
-0.149903547196386	0.141614844095752
0.162031836776715	0.198639557782221
-0.417128466640097	0.692563294213469
0.135575733922187	0.15279000064569
0.0137813666535432	0.0102614612000186
0.059770788335883	0.0541957833053013
0.135015187772885	0.164818117732843
0.213923352004808	0.285180602796934
-0.0727809487236433	0.0815670143658545
0.282705298269072	0.447802907654273
0.537811741273505	0.899812228973466
-0.0768512600908511	0.0934186362742094
-0.0659510609951432	0.082979072238072
0.160866927593167	0.177296942065446
-0.495474431910818	0.826261184288966
0.326338257045501	0.47541597041101
-0.176006165815773	0.131975979136295
0.809206052505137	1.03404268379246
0.337552425828693	0.527560943643926
0.522511274963143	1.04610818600009
