x	y	clickSelects
0.11219813888498	1.19730010441067	286
0.06652179801436	0.589470978357053	286
0.05832400447743	0.79777889706228	77
0.0929896814290101	1.01511461811393	77
0.0582951134101599	0.797784880803241	296
0.0669079876023899	0.590129049397097	332
0.0400757313518501	0.361162560899904	285
0.04035320892594	0.361169722228799	285
0.03995666139643	0.361009605400419	285
0.01775514367867	1.31681679420971	278
0.04035320892594	0.361169722228799	501
-0.0378356869230301	0.970853229111692	278
0.06754699712777	0.590324009457586	726
-0.0954149203138901	1.10902660350339	624
0.0404719114938299	0.361322640689658	326
0.04035320892594	0.361169722228799	326
0.04035320892594	0.361169722228799	326
0.0404719114938299	0.361322640689658	326
0.0404719114938299	0.361322640689658	326
0.0400757313518501	0.361162560899904	421
0.0666544403313301	0.59000828848376	421
0.0666544403313301	0.59000828848376	421
0.0405904054674899	0.361273728188317	73
0.0666544403313301	0.59000828848376	73
0.0581070063731699	0.797487899674034	73
0.0405904054674899	0.361273728188317	73
0.0405904054674899	0.361273728188317	73
0.03995666139643	0.361009605400419	73
0.0405904054674899	0.361273728188317	73
0.0400757313518501	0.361162560899904	73
0.0404719114938299	0.361322640689658	73
0.0928959523292201	1.01499095487319	52
0.0405904054674899	0.361273728188317	225
0.0405904054674899	0.361273728188317	225
0.06640050781925	0.589791315671906	225
-0.0951641281873601	1.10916123929984	339
0.11841370585021	1.36328124103043	339
0.03995666139643	0.361009605400419	148
0.0657592596523799	0.589174142486685	148
-0.0377494238306	0.971192499435083	357
0.0660138251920299	0.589391230638723	77
-0.0375552278978399	0.971348728509458	77
-0.0953091164470401	1.10916330782568	296
0.05806373276334	0.79713982138369	309
0.05822273219915	0.797691987551502	296
-0.0996297969318301	0.774437355317741	296
-0.00399415082933996	1.14588779083778	135
0.0660138251920299	0.589391230638723	332
0.0400757313518501	0.361162560899904	332
0.11220611551615	1.19737223627029	496
0.0400757313518501	0.361162560899904	285
0.04019459198889	0.361113808702474	285
0.0404719114938299	0.361322640689658	285
-0.10020639985157	0.773743447762429	278
0.0405904054674899	0.361273728188317	26
0.06640050781925	0.589791315671906	326
0.0661461894111901	0.58941996665963	326
0.0666544403313301	0.59000828848376	326
0.0404719114938299	0.361322640689658	326
0.0404719114938299	0.361322640689658	326
0.0400757313518501	0.361162560899904	421
0.05835291915452	0.797338851830935	421
0.04035320892594	0.361169722228799	421
0.0928959523292201	1.01499095487319	97
0.04035320892594	0.361169722228799	97
0.03995666139643	0.361009605400419	73
0.06729408016793	0.590203599966043	73
0.0405904054674899	0.361273728188317	73
0.0400757313518501	0.361162560899904	73
0.04035320892594	0.361169722228799	73
0.0404719114938299	0.361322640689658	73
0.0405904054674899	0.361273728188317	73
0.05832400447743	0.79777889706228	73
0.0660138251920299	0.589391230638723	225
0.04035320892594	0.361169722228799	225
0.04019459198889	0.361113808702474	225
0.11212966873912	1.19733244835361	339
0.06729408016793	0.590203599966043	148
0.0404719114938299	0.361322640689658	148
0.0400757313518501	0.361162560899904	223
0.06704077902752	0.589986987289273	286
0.0582516470812999	0.797772341886517	77
0.0666544403313301	0.59000828848376	77
0.05820827665872	0.79742393937989	77
-0.0997349038953601	0.774341633185776	296
0.0661461894111901	0.58941996665963	296
-0.03764100734363	0.971148479720349	296
0.0669079876023899	0.590129049397097	296
0.0584399501503501	0.79769982874826	296
0.0666544403313301	0.59000828848376	135
0.0584399501503501	0.79769982874826	602
0.0400757313518501	0.361162560899904	332
0.0405904054674899	0.361273728188317	332
0.11224436008658	1.1972638547983	726
0.04019459198889	0.361113808702474	326
0.06729408016793	0.590203599966043	326
0.0400757313518501	0.361162560899904	326
0.0405904054674899	0.361273728188317	326
0.04035320892594	0.361169722228799	421
0.05832400447743	0.79777889706228	421
0.0404719114938299	0.361322640689658	73
0.0404719114938299	0.361322640689658	73
0.06704077902752	0.589986987289273	73
0.04035320892594	0.361169722228799	73
0.0404719114938299	0.361322640689658	73
0.0582516470812999	0.797772341886517	73
0.04035320892594	0.361169722228799	73
0.11838646618932	1.36382581239861	164
0.0666544403313301	0.59000828848376	52
0.05832400447743	0.79777889706228	225
0.11216788507174	1.197393867706	339
-0.0376847296890701	0.971317789997125	148
0.09307053574539	1.01506199733172	148
0.0404719114938299	0.361322640689658	223
0.04035320892594	0.361169722228799	223
0.05819384091091	0.797199179169602	357
-0.0562805553753201	1.76815098586625	357
0.0400757313518501	0.361162560899904	286
0.0666544403313301	0.59000828848376	286
0.0404719114938299	0.361322640689658	77
0.11215994324786	1.1972387166861	77
-0.0560270524319499	1.76772054756414	36
0.0583963866130599	0.797687194353385	309
0.06704077902752	0.589986987289273	296
0.11216788507174	1.197393867706	135
0.0400757313518501	0.361162560899904	602
0.0404719114938299	0.361322640689658	332
-0.00406904319074997	1.14524319683518	496
0.06626800442765	0.58951227776968	285
0.04019459198889	0.361113808702474	285
0.0400757313518501	0.361162560899904	326
0.0405904054674899	0.361273728188317	326
0.06729408016793	0.590203599966043	326
0.06704077902752	0.589986987289273	326
0.04019459198889	0.361113808702474	326
0.0404719114938299	0.361322640689658	326
0.04035320892594	0.361169722228799	73
0.06640050781925	0.589791315671906	73
0.0176945665369199	1.31667104625431	164
-0.00372472551665992	1.14617763393206	52
0.0666544403313301	0.59000828848376	52
0.06754699712777	0.590324009457586	225
-0.10021485757782	0.773583964004878	148
0.0404719114938299	0.361322640689658	148
-0.0996297969318301	0.774437355317741	357
0.0582805855647599	0.797430473384385	357
0.0404719114938299	0.361322640689658	286
0.05822273219915	0.797691987551502	286
0.0404719114938299	0.361322640689658	77
-0.0953883297057601	1.10900921430707	523
0.06729408016793	0.590203599966043	135
0.0405904054674899	0.361273728188317	332
0.0405904054674899	0.361273728188317	501
0.04019459198889	0.361113808702474	326
0.0400757313518501	0.361162560899904	326
0.0404719114938299	0.361322640689658	326
-0.0997436122822399	0.774418861125706	154
0.06704077902752	0.589986987289273	421
0.0404719114938299	0.361322640689658	421
0.11853232022508	1.363809344998	155
0.0347914132198801	1.48877720275613	155
-0.0997436122822399	0.774418861125706	97
0.0400757313518501	0.361162560899904	73
0.03995666139643	0.361009605400419	73
0.0404719114938299	0.361322640689658	73
0.0404719114938299	0.361322640689658	73
0.0400757313518501	0.361162560899904	73
0.04035320892594	0.361169722228799	73
0.0404719114938299	0.361322640689658	73
0.0400757313518501	0.361162560899904	73
0.0404719114938299	0.361322640689658	223
0.0404719114938299	0.361322640689658	286
0.01775514367867	1.31681679420971	557
0.0404719114938299	0.361322640689658	286
-0.10009301784278	0.773998601930091	755
0.0404719114938299	0.361322640689658	77
0.0666544403313301	0.59000828848376	77
0.06704077902752	0.589986987289273	296
0.0400757313518501	0.361162560899904	309
0.0404719114938299	0.361322640689658	309
0.05817931439108	0.797679491776654	296
-0.0377494238306	0.971192499435083	135
0.0404719114938299	0.361322640689658	332
0.03995666139643	0.361009605400419	332
0.03995666139643	0.361009605400419	332
0.06640050781925	0.589791315671906	332
0.0404719114938299	0.361322640689658	285
0.04035320892594	0.361169722228799	285
0.0582951134101599	0.797784880803241	278
0.04035320892594	0.361169722228799	326
0.04035320892594	0.361169722228799	326
0.0405904054674899	0.361273728188317	326
0.04035320892594	0.361169722228799	326
0.04019459198889	0.361113808702474	326
0.04035320892594	0.361169722228799	421
0.0404719114938299	0.361322640689658	421
0.04019459198889	0.361113808702474	73
0.0404719114938299	0.361322640689658	73
0.03995666139643	0.361009605400419	73
0.0660138251920299	0.589391230638723	73
0.0404719114938299	0.361322640689658	73
0.0405904054674899	0.361273728188317	73
0.04035320892594	0.361169722228799	73
0.0666544403313301	0.59000828848376	73
0.0404719114938299	0.361322640689658	73
0.04019459198889	0.361113808702474	73
0.0405904054674899	0.361273728188317	73
0.0671611502856	0.590087165510619	52
0.0657592596523799	0.589174142486685	52
0.05832400447743	0.79777889706228	52
-0.0993930088925701	0.774381147082806	225
0.11209146650402	1.19718453032602	339
0.12251955191022	1.53139961388408	755
-0.09975230417822	0.774274178577378	77
-0.0996210340312	0.774433753881929	602
0.0928699186772299	1.01401546247052	332
0.0405904054674899	0.361273728188317	332
0.0400757313518501	0.361162560899904	332
0.0404719114938299	0.361322640689658	285
0.0404719114938299	0.361322640689658	285
-0.0997436122822399	0.774418861125706	278
0.04019459198889	0.361113808702474	26
-0.0998486787805399	0.774176029611433	726
0.06704077902752	0.589986987289273	326
0.03995666139643	0.361009605400419	326
0.04035320892594	0.361169722228799	326
0.0404719114938299	0.361322640689658	326
0.0660138251920299	0.589391230638723	326
0.04035320892594	0.361169722228799	421
0.0661461894111901	0.58941996665963	421
-0.0995070690697399	0.774452381792266	155
0.04035320892594	0.361169722228799	73
0.0404719114938299	0.361322640689658	73
0.0405904054674899	0.361273728188317	73
0.0400757313518501	0.361162560899904	73
0.04035320892594	0.361169722228799	73
0.05817931439108	0.797679491776654	52
0.0404719114938299	0.361322640689658	312
-0.00390429105450996	1.14612220009606	357
0.06640050781925	0.589791315671906	286
0.0404719114938299	0.361322640689658	286
-0.09520414738843	1.10888808105017	286
0.06640050781925	0.589791315671906	296
-0.0954149203138901	1.10902660350339	296
0.05813599240279	0.797331200154474	296
0.0928959523292201	1.01499095487319	296
0.0400757313518501	0.361162560899904	602
0.0661461894111901	0.58941996665963	332
0.0582951134101599	0.797784880803241	496
0.06729408016793	0.590203599966043	285
0.0400757313518501	0.361162560899904	285
0.06640050781925	0.589791315671906	471
0.0405904054674899	0.361273728188317	501
0.0660138251920299	0.589391230638723	501
0.0404719114938299	0.361322640689658	502
0.06729408016793	0.590203599966043	326
0.0405904054674899	0.361273728188317	326
0.0404719114938299	0.361322640689658	326
0.0400757313518501	0.361162560899904	326
0.04019459198889	0.361113808702474	326
0.0404719114938299	0.361322640689658	326
0.0671611502856	0.590087165510619	326
0.0405904054674899	0.361273728188317	421
0.0671611502856	0.590087165510619	73
0.04019459198889	0.361113808702474	73
0.06729408016793	0.590203599966043	73
0.0405904054674899	0.361273728188317	73
0.03995666139643	0.361009605400419	73
0.0400757313518501	0.361162560899904	73
0.04019459198889	0.361113808702474	73
0.04035320892594	0.361169722228799	73
0.0405904054674899	0.361273728188317	73
0.0660138251920299	0.589391230638723	52
0.0666544403313301	0.59000828848376	52
0.0405904054674899	0.361273728188317	225
-0.10021485757782	0.773583964004878	339
0.04035320892594	0.361169722228799	223
-0.00383730678130001	1.1460589544713	357
0.04019459198889	0.361113808702474	312
-0.0953883297057601	1.10900921430707	357
-0.0998573327016901	0.774326861652598	286
0.12269622096408	1.53236133849357	755
-0.10008448922115	0.773906023057076	77
0.11829392314132	1.36354507986644	296
0.11838646618932	1.36382581239861	296
-0.09949823518252	0.774211913438795	602
0.11202299036526	1.19684698041237	135
0.0657592596523799	0.589174142486685	332
0.04035320892594	0.361169722228799	285
0.0400757313518501	0.361162560899904	285
-0.10252068117834	1.74383860621644	278
0.0405904054674899	0.361273728188317	326
0.03995666139643	0.361009605400419	326
0.0666544403313301	0.59000828848376	326
0.06729408016793	0.590203599966043	326
0.0669079876023899	0.590129049397097	326
0.0400757313518501	0.361162560899904	326
0.0669079876023899	0.590129049397097	326
-0.00343543447703998	1.79726626153048	60
0.06754699712777	0.590324009457586	97
0.0405904054674899	0.361273728188317	73
0.0405904054674899	0.361273728188317	73
0.0400757313518501	0.361162560899904	73
-0.0999795413065401	0.774163935987156	73
0.0400757313518501	0.361162560899904	73
0.0657592596523799	0.589174142486685	73
0.0582516470812999	0.797772341886517	52
0.0404719114938299	0.361322640689658	225
0.03995666139643	0.361009605400419	223
-0.0376847296890701	0.971317789997125	357
-0.0640272556393799	2.08204732076679	503
0.0400757313518501	0.361162560899904	286
-0.0998745909997401	0.773859043017742	557
0.0583675193827	0.797791482115468	557
0.0928959523292201	1.01499095487319	77
-0.03792170318155	0.970127505285688	296
0.09308347816206	1.01515253512817	309
-0.0998400084105799	0.773698687949079	296
0.0929896814290101	1.01511461811393	135
-0.03770645584084	0.97118520731588	135
0.0400757313518501	0.361162560899904	285
0.0666544403313301	0.59000828848376	285
0.0669079876023899	0.590129049397097	471
0.0657592596523799	0.589174142486685	501
-0.0997349038953601	0.774341633185776	294
0.04019459198889	0.361113808702474	26
0.0405904054674899	0.361273728188317	326
0.06626800442765	0.58951227776968	326
0.06640050781925	0.589791315671906	326
0.04035320892594	0.361169722228799	326
0.0666544403313301	0.59000828848376	326
0.04019459198889	0.361113808702474	326
0.0580347229940099	0.797093811834519	154
0.04019459198889	0.361113808702474	421
0.11846594563983	1.36392177573483	627
0.04019459198889	0.361113808702474	73
0.0400757313518501	0.361162560899904	73
0.0404719114938299	0.361322640689658	73
0.06729408016793	0.590203599966043	73
0.0400757313518501	0.361162560899904	73
0.0405904054674899	0.361273728188317	73
0.0400757313518501	0.361162560899904	73
0.06704077902752	0.589986987289273	73
0.03995666139643	0.361009605400419	73
0.06640050781925	0.589791315671906	73
0.03995666139643	0.361009605400419	73
0.0400757313518501	0.361162560899904	73
0.0404719114938299	0.361322640689658	73
0.0405904054674899	0.361273728188317	73
0.05841113039771	0.79749024913428	52
0.05817931439108	0.797679491776654	52
-0.0999795413065401	0.774163935987156	52
0.06729408016793	0.590203599966043	52
0.06754699712777	0.590324009457586	225
0.0404719114938299	0.361322640689658	148
0.0404719114938299	0.361322640689658	148
0.0400757313518501	0.361162560899904	223
0.0581070063731699	0.797487899674034	312
-0.0377710902494499	0.971060007159056	357
0.035007559069	1.48997297966207	111
0.0400757313518501	0.361162560899904	286
0.0583963866130599	0.797687194353385	286
-0.0375332920209499	0.971335989947976	296
-0.0997349038953601	0.774341633185776	135
-0.0629696105244899	1.28210048280107	496
0.0671611502856	0.590087165510619	285
0.0581070063731699	0.797487899674034	471
0.05813599240279	0.797331200154474	131
0.0400757313518501	0.361162560899904	326
0.04019459198889	0.361113808702474	326
0.0671611502856	0.590087165510619	326
0.0400757313518501	0.361162560899904	154
0.0404719114938299	0.361322640689658	326
0.0404719114938299	0.361322640689658	326
0.04019459198889	0.361113808702474	326
0.0400757313518501	0.361162560899904	421
0.0405904054674899	0.361273728188317	421
0.0929089962157501	1.01496515257567	627
0.06754699712777	0.590324009457586	421
-0.0953224228540199	1.10920392728072	627
0.0661461894111901	0.58941996665963	73
0.0404719114938299	0.361322640689658	73
0.0404719114938299	0.361322640689658	73
0.0404719114938299	0.361322640689658	73
0.0669079876023899	0.590129049397097	73
0.0404719114938299	0.361322640689658	73
0.04035320892594	0.361169722228799	73
0.0405904054674899	0.361273728188317	73
0.0404719114938299	0.361322640689658	73
0.06626800442765	0.58951227776968	225
0.03995666139643	0.361009605400419	225
0.0583675193827	0.797791482115468	148
0.0400757313518501	0.361162560899904	148
0.04019459198889	0.361113808702474	223
0.0405904054674899	0.361273728188317	223
0.0660138251920299	0.589391230638723	286
0.0666544403313301	0.59000828848376	286
0.0660138251920299	0.589391230638723	557
0.0666544403313301	0.59000828848376	77
0.0405904054674899	0.361273728188317	602
0.06729408016793	0.590203599966043	777
0.0404719114938299	0.361322640689658	326
0.0400757313518501	0.361162560899904	326
0.0657592596523799	0.589174142486685	154
0.0655043071522501	0.588802943698808	421
-0.06285963242489	1.28220934756036	627
-0.0378140801872999	0.970985606335259	627
0.0929896814290101	1.01511461811393	97
0.11212966873912	1.19733244835361	97
0.0405904054674899	0.361273728188317	73
0.0400757313518501	0.361162560899904	73
0.0404719114938299	0.361322640689658	73
0.0400757313518501	0.361162560899904	73
0.06704077902752	0.589986987289273	148
0.0400757313518501	0.361162560899904	223
0.03995666139643	0.361009605400419	223
0.04019459198889	0.361113808702474	286
0.05806373276334	0.79713982138369	77
0.0669079876023899	0.590129049397097	77
0.0176483205234499	1.31628266286347	36
-0.09975230417822	0.774274178577378	309
0.0927218239130401	1.0146264042384	296
-0.0999795413065401	0.774163935987156	296
0.11227457245336	1.19717008777991	135
-0.0040765471445301	1.14541272867225	135
0.0582951134101599	0.797784880803241	135
0.0405904054674899	0.361273728188317	332
0.0405904054674899	0.361273728188317	332
-0.0376417836587299	0.971237252051548	496
0.0669079876023899	0.590129049397097	285
0.06640050781925	0.589791315671906	471
-0.0999995531079201	1.4299530809016	48
0.06729408016793	0.590203599966043	501
0.06640050781925	0.589791315671906	777
0.06754699712777	0.590324009457586	777
0.0176802224153201	1.31647167770262	726
0.04035320892594	0.361169722228799	326
0.0583675193827	0.797791482115468	154
0.04019459198889	0.361113808702474	326
0.0404719114938299	0.361322640689658	326
0.0666544403313301	0.59000828848376	326
0.0405904054674899	0.361273728188317	326
0.05813599240279	0.797331200154474	155
0.09319026129936	1.01477745885181	60
0.0582516470812999	0.797772341886517	97
0.04019459198889	0.361113808702474	73
0.0400757313518501	0.361162560899904	73
0.0400757313518501	0.361162560899904	73
0.04035320892594	0.361169722228799	73
0.0405904054674899	0.361273728188317	73
0.0405904054674899	0.361273728188317	73
-0.10009301784278	0.773998601930091	612
-0.03770645584084	0.97118520731588	52
-0.0952958137295801	1.1090568619249	52
0.04019459198889	0.361113808702474	225
0.06754699712777	0.590324009457586	225
0.09307053574539	1.01506199733172	339
0.04035320892594	0.361169722228799	312
-0.0997436122822399	0.774418861125706	286
-0.0764286236806699	1.59901997540362	36
0.0666544403313301	0.59000828848376	286
0.06640050781925	0.589791315671906	286
0.0929637311571201	1.01434754167408	77
0.05817931439108	0.797679491776654	296
0.0930026836146201	1.0150029618971	99
0.0657592596523799	0.589174142486685	332
-0.06302268659683	1.28213799022895	496
0.05817931439108	0.797679491776654	471
0.11203095978099	1.19682218114904	278
-0.0375770736646299	0.971216031525722	777
0.0657592596523799	0.589174142486685	777
0.0404719114938299	0.361322640689658	326
0.06754699712777	0.590324009457586	154
0.0400757313518501	0.361162560899904	421
0.0583675193827	0.797791482115468	627
0.06626800442765	0.58951227776968	421
0.0666544403313301	0.59000828848376	706
0.0400757313518501	0.361162560899904	73
0.0404719114938299	0.361322640689658	73
0.0400757313518501	0.361162560899904	73
0.0400757313518501	0.361162560899904	73
0.05832400447743	0.79777889706228	52
-0.0998573327016901	0.774326861652598	52
0.04019459198889	0.361113808702474	225
0.06754699712777	0.590324009457586	225
0.06704077902752	0.589986987289273	148
0.04019459198889	0.361113808702474	223
0.03500903285456	1.4898366749406	354
-0.09548085875698	1.10878704990263	99
0.0582516470812999	0.797772341886517	285
-0.0376847296890701	0.971317789997125	278
0.0580347229940099	0.797093811834519	471
0.0929896814290101	1.01511461811393	777
0.06704077902752	0.589986987289273	154
0.0661461894111901	0.58941996665963	326
-0.00382968794147009	1.14619044136978	154
-0.0998573327016901	0.774326861652598	154
0.0404719114938299	0.361322640689658	326
0.0404719114938299	0.361322640689658	326
-0.0376417836587299	0.971237252051548	627
0.0404719114938299	0.361322640689658	73
0.04035320892594	0.361169722228799	73
-0.0998486787805399	0.774176029611433	97
0.04019459198889	0.361113808702474	73
0.03995666139643	0.361009605400419	73
0.0400757313518501	0.361162560899904	73
0.11220611551615	1.19737223627029	52
0.11219813888498	1.19730010441067	52
-0.00382207988244998	1.14624413498319	339
0.0928959523292201	1.01499095487319	571
0.03995666139643	0.361009605400419	223
0.0404719114938299	0.361322640689658	148
0.0927218239130401	1.0146264042384	357
0.11837342604012	1.36380080845913	357
0.12271009537197	1.53252357342144	36
-0.0188205068445499	1.62833412282284	36
-0.09544152567958	1.10877688420549	135
-0.00382968794147009	1.14619044136978	278
-0.0998573327016901	0.774326861652598	154
0.05832400447743	0.79777889706228	154
0.05832400447743	0.79777889706228	154
-0.10009301784278	0.773998601930091	154
0.0932584159624801	1.0150461797237	761
0.11224436008658	1.1972638547983	155
0.0405904054674899	0.361273728188317	73
0.0404719114938299	0.361322640689658	97
0.05822273219915	0.797691987551502	97
0.0582516470812999	0.797772341886517	97
-0.0998659701244799	0.774255798157072	97
0.0400757313518501	0.361162560899904	97
0.0404719114938299	0.361322640689658	73
0.04019459198889	0.361113808702474	73
0.04019459198889	0.361113808702474	73
0.0928284799924399	1.01447188278909	225
0.11845289174257	1.36389674047384	339
0.0666544403313301	0.59000828848376	571
-0.0997436122822399	0.774418861125706	571
0.0404719114938299	0.361322640689658	148
-0.0189340635122801	1.62853320997993	111
-0.0763218373946699	1.59903332337702	36
0.0405904054674899	0.361273728188317	285
0.0657592596523799	0.589174142486685	471
0.05820827665872	0.79742393937989	154
0.06779953055876	0.590281779562666	155
-0.00380689612946994	1.14613373756296	60
0.0581070063731699	0.797487899674034	612
-0.0954149203138901	1.10902660350339	99
0.11847899550541	1.3638658606658	99
0.0582516470812999	0.797772341886517	154
-0.0998486787805399	0.774176029611433	154
0.0671611502856	0.590087165510619	154
0.0930026836146201	1.0150029618971	627
0.0583963866130599	0.797687194353385	97
0.0927218239130401	1.0146264042384	339
0.09270869671627	1.01444337638405	339
-0.0561356577916601	1.76825309950282	99
0.0929089962157501	1.01496515257567	285
-0.0952958137295801	1.1090568619249	278
0.05848360988298	0.79739877281669	154
-0.0998659701244799	0.774255798157072	154
0.0582951134101599	0.797784880803241	154
0.06729408016793	0.590203599966043	97
0.1121074612167	1.19703151090983	612
0.01786196807041	1.31690885537426	164
0.12264251944422	1.5320526084213	52
0.11206119919618	1.1970941656282	339
0.0669079876023899	0.590129049397097	148
-0.0562805553753201	1.76815098586625	36
-0.0381470270873801	1.45669085329474	36
0.01029123487348	1.96722740762584	36
0.11836038186052	1.36369259288262	99
0.04035320892594	0.361169722228799	285
-0.0629696105244899	1.28210048280107	278
0.12273335371078	1.53256434383476	278
0.0579203140791	1.83340984956378	294
-0.0953490467445901	1.10909169821672	294
0.0926415257655	1.01413360573067	131
0.0927218239130401	1.0146264042384	131
0.0660138251920299	0.589391230638723	154
0.0405904054674899	0.361273728188317	154
-0.0999795413065401	0.774163935987156	154
0.0660138251920299	0.589391230638723	154
0.0583675193827	0.797791482115468	627
-0.0376199977242699	0.971369902993594	60
0.0667870930537	0.589616020977837	97
-0.0999795413065401	0.774163935987156	97
0.0660138251920299	0.589391230638723	73
0.0669079876023899	0.590129049397097	33
-0.00388917670528999	1.14586100594575	612
-0.0999995531079201	1.4299530809016	164
-0.10009301784278	0.773998601930091	339
0.06754699712777	0.590324009457586	339
0.09307053574539	1.01506199733172	148
0.02243849743809	2.13676346706407	111
-0.0381688973524601	1.45672094938458	36
0.0669079876023899	0.590129049397097	285
-0.00382968794147009	1.14619044136978	99
0.0582951134101599	0.797784880803241	278
0.09270869671627	1.01444337638405	726
-0.09975230417822	0.774274178577378	154
0.06779953055876	0.590281779562666	154
-0.10008448922115	0.773906023057076	154
0.06640050781925	0.589791315671906	154
-0.09997095830854	0.774161366781223	154
0.09270869671627	1.01444337638405	154
-0.09975230417822	0.774274178577378	154
-0.00382207988244998	1.14624413498319	155
0.11843983381257	1.363788488939	155
0.0666544403313301	0.59000828848376	97
0.06704077902752	0.589986987289273	97
0.0581070063731699	0.797487899674034	97
-0.0997436122822399	0.774418861125706	97
0.09262833885246	1.01429436864152	97
-0.0375770736646299	0.971216031525722	612
0.11217591035637	1.19728192741819	52
-0.0999795413065401	0.774163935987156	225
-0.10092519020656	2.05911116384849	354
-0.0763419813633699	1.59916179368756	36
0.0666544403313301	0.59000828848376	285
0.0929896814290101	1.01511461811393	285
-0.0997436122822399	0.774418861125706	278
0.0928284799924399	1.01447188278909	278
-0.06291526649569	1.28239460259991	278
-0.09542822115104	1.10893769082864	278
-0.09997095830854	0.774161366781223	294
-0.0998486787805399	0.774176029611433	726
0.05813599240279	0.797331200154474	154
0.04035320892594	0.361169722228799	154
-0.0997436122822399	0.774418861125706	154
0.0400757313518501	0.361162560899904	154
-0.09997095830854	0.774161366781223	154
0.06729408016793	0.590203599966043	761
0.0582951134101599	0.797784880803241	627
0.0931644419440201	1.01510003139785	627
-0.03594074106543	2.41205605679202	94
-0.0377710902494499	0.971060007159056	97
0.0583675193827	0.797791482115468	97
0.0667870930537	0.589616020977837	97
0.0582951134101599	0.797784880803241	97
0.0666544403313301	0.59000828848376	97
0.0400757313518501	0.361162560899904	33
0.04035320892594	0.361169722228799	33
0.0927349692105499	1.01434853374846	33
0.05817931439108	0.797679491776654	612
0.05783362617202	1.83339899528949	164
-0.10020639985157	0.773743447762429	164
-0.0952565809111401	1.10922586789114	339
0.0404719114938299	0.361322640689658	148
0.11842677184877	1.3635891291235	357
0.0929766972884001	1.01493823898538	278
-0.0631288619968899	1.28186897875034	294
-0.0953224228540199	1.10920392728072	624
-0.0998573327016901	0.774326861652598	154
0.0666544403313301	0.59000828848376	154
0.05817931439108	0.797679491776654	19
-0.0378140801872999	0.970985606335259	627
-0.0189141130177399	1.62856574270787	60
-0.09975230417822	0.774274178577378	60
-0.09976097953372	0.773787596943409	155
-0.06304860009623	1.2822409578562	97
0.0655043071522501	0.588802943698808	97
-0.00373234668673006	1.14619646041486	97
0.0669079876023899	0.590129049397097	97
0.0582805855647599	0.797430473384385	33
-0.0998573327016901	0.774326861652598	612
0.0476870348054499	1.66248880595867	164
0.0669079876023899	0.590129049397097	225
-0.0999881077500799	0.773840743719683	225
0.11216788507174	1.197393867706	339
0.04035320892594	0.361169722228799	148
0.0666544403313301	0.59000828848376	148
0.04790503651697	1.66307642519192	357
0.0178388397673299	1.31690586529848	357
-0.00384493639627004	1.14583628083278	190
0.04019459198889	0.361113808702474	26
0.04019459198889	0.361113808702474	715
0.06729408016793	0.590203599966043	761
-0.03764100734363	0.971148479720349	155
0.0583963866130599	0.797687194353385	155
0.04777780703685	1.66279658773289	155
0.0582516470812999	0.797772341886517	97
-0.09975230417822	0.774274178577378	97
0.06729408016793	0.590203599966043	97
-0.00390429105450996	1.14612220009606	97
0.06779953055876	0.590281779562666	73
0.0666544403313301	0.59000828848376	33
0.0405904054674899	0.361273728188317	33
0.0400757313518501	0.361162560899904	317
-0.00382207988244998	1.14624413498319	357
-0.08190192399151	1.91297248780411	226
0.06704077902752	0.589986987289273	366
0.05786013929473	1.83319840024763	36
-0.00325437557696007	1.79750997382437	36
-0.10244873777282	1.74411941594856	36
-0.0190278163790201	1.628124904035	36
0.11833299028881	1.36337478414972	99
0.0404719114938299	0.361322640689658	285
0.06704077902752	0.589986987289273	278
0.0666544403313301	0.59000828848376	26
0.04035320892594	0.361169722228799	154
0.0669079876023899	0.590129049397097	715
0.0404719114938299	0.361322640689658	655
-0.03759812173156	0.971357094877432	761
-0.00390429105450996	1.14612220009606	627
-0.0998659701244799	0.774255798157072	627
-0.09997095830854	0.774161366781223	97
0.0660138251920299	0.589391230638723	73
0.0400757313518501	0.361162560899904	33
0.04019459198889	0.361113808702474	33
0.05820827665872	0.79742393937989	33
-0.06307452000059	1.2821630293222	359
-0.0376190111045001	0.970723521706025	339
-0.0998659701244799	0.774255798157072	571
0.0404719114938299	0.361322640689658	148
0.06640050781925	0.589791315671906	369
0.03490000968004	1.48964343968168	383
-0.0954149203138901	1.10902660350339	440
-0.0996297969318301	0.774437355317741	310
0.0583675193827	0.797791482115468	310
0.04019459198889	0.361113808702474	285
0.11837342604012	1.36380080845913	278
-0.0953357329525499	1.109180653183	278
-0.0376629135311699	0.971304917656255	64
0.0929896814290101	1.01511461811393	64
0.0666544403313301	0.59000828848376	154
0.09307053574539	1.01506199733172	154
0.0927218239130401	1.0146264042384	154
0.06779953055876	0.590281779562666	618
0.03995666139643	0.361009605400419	761
0.0582805855647599	0.797430473384385	761
0.0400757313518501	0.361162560899904	434
0.03995666139643	0.361009605400419	705
0.05813599240279	0.797331200154474	97
-0.09545430138779	1.10863999144858	359
-0.0378140801872999	0.970985606335259	339
0.05822273219915	0.797691987551502	571
-0.0997349038953601	0.774341633185776	369
0.0351136205954199	1.48968761244544	182
-0.00379932044668996	1.14596412600775	190
0.11213765917752	1.19730352814855	190
-0.0954149203138901	1.10902660350339	190
0.12275661239863	1.53252501484665	36
-0.09997095830854	0.774161366781223	762
0.03490000968004	1.48964343968168	36
-0.0999995531079201	1.4299530809016	36
-0.0997349038953601	0.774341633185776	310
0.0669079876023899	0.590129049397097	310
0.06704077902752	0.589986987289273	310
-0.03802322481627	1.45632330100297	99
0.06729408016793	0.590203599966043	790
0.0405904054674899	0.361273728188317	285
-0.0376199977242699	0.971369902993594	278
0.04785966131973	1.66293773686411	449
0.0669079876023899	0.590129049397097	154
0.0404719114938299	0.361322640689658	655
0.0929089962157501	1.01496515257567	154
0.0657592596523799	0.589174142486685	154
0.0660138251920299	0.589391230638723	154
-0.0375552278978399	0.971348728509458	19
0.06640050781925	0.589791315671906	761
-0.09996235880499	0.773920592462937	761
-0.00400170030462999	1.14590672917174	60
0.06640050781925	0.589791315671906	434
0.09307053574539	1.01506199733172	97
0.06704077902752	0.589986987289273	33
0.03995666139643	0.361009605400419	317
0.04035320892594	0.361169722228799	317
0.0669079876023899	0.590129049397097	317
0.0404719114938299	0.361322640689658	317
0.0404719114938299	0.361322640689658	317
-0.0190008659921499	1.62838942906632	164
0.01775514367867	1.31681679420971	52
0.0583675193827	0.797791482115468	225
0.06729408016793	0.590203599966043	339
0.06754699712777	0.590324009457586	148
-0.03744633836762	0.971076764465405	357
-0.09949823518252	0.774211913438795	383
0.0928284799924399	1.01447188278909	383
-0.10247653092568	1.74439422965289	36
0.0931644419440201	1.01510003139785	440
0.11834733364942	1.3634932741219	771
0.0666544403313301	0.59000828848376	776
0.05832400447743	0.79777889706228	64
0.0400757313518501	0.361162560899904	154
0.04035320892594	0.361169722228799	154
0.0669079876023899	0.590129049397097	154
0.09308347816206	1.01515253512817	154
0.03995666139643	0.361009605400419	715
0.0669079876023899	0.590129049397097	154
0.0405904054674899	0.361273728188317	154
0.0404719114938299	0.361322640689658	655
0.0400757313518501	0.361162560899904	154
0.04019459198889	0.361113808702474	761
0.04019459198889	0.361113808702474	761
0.0400757313518501	0.361162560899904	434
0.04035320892594	0.361169722228799	434
0.06640050781925	0.589791315671906	705
0.0400757313518501	0.361162560899904	97
0.04035320892594	0.361169722228799	73
-0.0997436122822399	0.774418861125706	819
0.06754699712777	0.590324009457586	225
0.0400757313518501	0.361162560899904	339
-0.0762754942362101	1.59926032830311	226
0.0404719114938299	0.361322640689658	369
0.0400757313518501	0.361162560899904	369
0.06640050781925	0.589791315671906	369
-0.00391944859509996	1.14608745729724	383
0.06627634128066	2.00182195834439	36
-0.0375552278978399	0.971348728509458	271
0.05832400447743	0.79777889706228	310
0.0404719114938299	0.361322640689658	310
0.0400757313518501	0.361162560899904	310
0.06754699712777	0.590324009457586	310
0.05833867576296	0.79748357258179	285
-0.09544152567958	1.10877688420549	294
0.05832400447743	0.79777889706228	64
0.0929089962157501	1.01496515257567	227
0.04035320892594	0.361169722228799	715
0.0927218239130401	1.0146264042384	154
0.05833867576296	0.79748357258179	154
0.0404719114938299	0.361322640689658	618
0.0178531401997599	1.31653011638209	155
0.03995666139643	0.361009605400419	434
0.0669079876023899	0.590129049397097	97
0.0404719114938299	0.361322640689658	97
-0.03751232582008	0.971112865480314	97
0.05833867576296	0.79748357258179	97
0.04035320892594	0.361169722228799	73
0.04035320892594	0.361169722228799	73
0.0655043071522501	0.588802943698808	33
0.0400757313518501	0.361162560899904	33
0.0404719114938299	0.361322640689658	317
0.12281699540143	1.53253161115609	52
-0.0998476772385599	1.42966195033058	52
0.05813599240279	0.797331200154474	225
0.06729408016793	0.590203599966043	339
0.0405904054674899	0.361273728188317	148
0.06729408016793	0.590203599966043	148
0.11838646618932	1.36382581239861	36
0.11220611551615	1.19737223627029	190
-0.0998486787805399	0.774176029611433	190
0.0581070063731699	0.797487899674034	190
0.0927218239130401	1.0146264042384	190
-0.09997095830854	0.774161366781223	440
-0.0952565809111401	1.10922586789114	99
0.09308347816206	1.01515253512817	99
0.0582516470812999	0.797772341886517	64
0.06754699712777	0.590324009457586	154
-0.0997436122822399	0.774418861125706	154
0.06779953055876	0.590281779562666	154
0.05822273219915	0.797691987551502	154
0.05817931439108	0.797679491776654	97
0.0404719114938299	0.361322640689658	705
0.04019459198889	0.361113808702474	97
0.0405904054674899	0.361273728188317	97
0.0582951134101599	0.797784880803241	73
0.0404719114938299	0.361322640689658	73
0.03995666139643	0.361009605400419	33
0.0400757313518501	0.361162560899904	317
0.06779953055876	0.590281779562666	225
0.0405904054674899	0.361273728188317	148
0.0400757313518501	0.361162560899904	821
-0.0628880914728101	1.28243929288868	357
0.06754699712777	0.590324009457586	369
0.0582805855647599	0.797430473384385	182
0.11215994324786	1.1972387166861	771
0.0927218239130401	1.0146264042384	64
-0.10008448922115	0.773906023057076	154
0.0400757313518501	0.361162560899904	655
0.06626800442765	0.58951227776968	655
0.0657592596523799	0.589174142486685	761
-0.09542822115104	1.10893769082864	60
0.0405904054674899	0.361273728188317	434
0.05817931439108	0.797679491776654	97
0.0669079876023899	0.590129049397097	97
0.03995666139643	0.361009605400419	73
0.0666544403313301	0.59000828848376	33
0.0405904054674899	0.361273728188317	317
0.11205327835221	1.19693733715299	52
0.0660138251920299	0.589391230638723	148
0.0404719114938299	0.361322640689658	369
0.0349817739679401	1.48989882444926	182
0.11849204134042	1.36372654826103	190
0.0740890957606499	2.17228476682502	46
-0.10238797213265	1.7444240972426	36
0.0400757313518501	0.361162560899904	285
-0.10008448922115	0.773906023057076	154
-0.0998573327016901	0.774326861652598	154
0.06704077902752	0.589986987289273	154
-0.03770645584084	0.97118520731588	227
0.04035320892594	0.361169722228799	618
0.0400757313518501	0.361162560899904	73
0.0666544403313301	0.59000828848376	33
0.11212966873912	1.19733244835361	359
-0.09997095830854	0.774161366781223	52
-0.0998573327016901	0.774326861652598	366
-0.12032374734933	1.89323881396351	204
0.0400757313518501	0.361162560899904	285
0.0669079876023899	0.590129049397097	285
0.11212966873912	1.19733244835361	294
0.0669079876023899	0.590129049397097	154
-0.00373234668673006	1.14619646041486	227
-0.0998486787805399	0.774176029611433	19
-0.05618627413796	1.76823065462531	60
0.0404719114938299	0.361322640689658	434
0.0666544403313301	0.59000828848376	434
0.04019459198889	0.361113808702474	97
-0.0378356869230301	0.970853229111692	719
-0.0998659701244799	0.774255798157072	719
0.0583675193827	0.797791482115468	33
0.01774081341129	1.31674960255633	819
0.06704077902752	0.589986987289273	317
-0.00382968794147009	1.14619044136978	52
-0.0995070690697399	0.774452381792266	52
0.06729408016793	0.590203599966043	148
0.0583963866130599	0.797687194353385	369
-0.03770645584084	0.97118520731588	182
0.0663417096248	2.0021923382519	190
-0.00322558531257	1.79749323100415	46
0.04035320892594	0.361169722228799	285
0.0669079876023899	0.590129049397097	776
0.04019459198889	0.361113808702474	154
0.06754699712777	0.590324009457586	715
0.0400757313518501	0.361162560899904	434
0.06754699712777	0.590324009457586	719
0.0405904054674899	0.361273728188317	73
0.06754699712777	0.590324009457586	33
-0.0375552278978399	0.971348728509458	819
0.0176714434238701	1.31651925107115	359
0.1121074612167	1.19703151090983	359
0.11838646618932	1.36382581239861	359
0.06729408016793	0.590203599966043	148
0.04035320892594	0.361169722228799	148
0.09317734260664	1.01509854295805	357
-0.09996235880499	0.773920592462937	310
-0.0953224228540199	1.10920392728072	131
0.0929896814290101	1.01511461811393	19
-0.03823453567672	1.45640251714541	60
0.11213765917752	1.19730352814855	155
-0.09542822115104	1.10893769082864	155
0.0929089962157501	1.01496515257567	97
0.0655043071522501	0.588802943698808	73
0.06626800442765	0.58951227776968	73
0.0928829264948601	1.01472280325666	91
-0.0378570618469201	0.970658678019384	33
0.05833867576296	0.79748357258179	33
-0.0953357329525499	1.109180653183	52
0.0584687935218	0.797395144295211	148
0.0400757313518501	0.361162560899904	369
-0.03823210558299	1.45654942606327	182
0.0582951134101599	0.797784880803241	182
0.0404719114938299	0.361322640689658	26
-0.0375552278978399	0.971348728509458	227
-0.10030771790498	1.42883896295587	60
-0.00365798731020006	1.14565388966793	19
0.1225893123695	1.53203929792298	60
-0.00382207988244998	1.14624413498319	60
0.0581070063731699	0.797487899674034	97
0.09308347816206	1.01515253512817	643
-0.00372472551665992	1.14617763393206	643
0.05832400447743	0.79777889706228	97
-0.00400170030462999	1.14590672917174	819
0.0349559830724	1.48962129723847	305
0.06640050781925	0.589791315671906	148
-0.0997349038953601	0.774341633185776	148
-0.0953091164470401	1.10916330782568	182
0.09307053574539	1.01506199733172	643
0.09309643861636	1.01494888434125	719
0.05832400447743	0.79777889706228	719
0.01781571167214	1.31683026639572	305
-0.0629955159293201	1.28232067962445	182
0.11212176168975	1.19709085061033	182
0.11215994324786	1.1972387166861	182
-0.10006524007874	1.42992918005617	294
-0.0998573327016901	0.774326861652598	565
-0.0996297969318301	0.774437355317741	797
-0.0762956472084699	1.59932353647788	449
-0.06296834325455	1.28243214104642	227
-0.03759812173156	0.971357094877432	60
0.11217591035637	1.19728192741819	19
-0.03766347955932	0.970824474083088	60
0.0478187443982301	1.66301596808641	60
-0.0376847296890701	0.971317789997125	643
0.11849204134042	1.36372654826103	643
-0.10018044594398	1.42911617587349	91
0.11212966873912	1.19733244835361	359
-0.09548085875698	1.10878704990263	52
-0.00389672847823008	1.14603064260661	359
0.11829392314132	1.36354507986644	359
-0.09975230417822	0.774274178577378	571
0.05822273219915	0.797691987551502	148
-0.0376847296890701	0.971317789997125	116
0.09305761133047	1.01456292338557	116
-0.00382207988244998	1.14624413498319	227
-0.0382298020340199	1.45596447751077	227
-0.0952565809111401	1.10922586789114	227
-0.03759812173156	0.971357094877432	227
-0.0376199977242699	0.971369902993594	227
-0.0995158865319701	0.774365971673596	227
0.0929089962157501	1.01496515257567	227
0.0926415257655	1.01413360573067	719
-0.00380689612946994	1.14613373756296	52
-0.0952565809111401	1.10922586789114	359
0.11842677184877	1.3635891291235	52
-0.00388917670528999	1.14586100594575	52
0.0931644419440201	1.01510003139785	52
0.0666544403313301	0.59000828848376	366
0.01775514367867	1.31681679420971	182
-0.0998573327016901	0.774326861652598	116
0.0349817739679401	1.48989882444926	48
-0.00399415082933996	1.14588779083778	64
0.0400757313518501	0.361162560899904	797
-0.00384493639627004	1.14583628083278	60
-0.03759812173156	0.971357094877432	457
-0.00389672847823008	1.14603064260661	457
-0.0996297969318301	0.774437355317741	719
0.11831997193212	1.36351409835264	91
0.11829392314132	1.36354507986644	819
0.06704077902752	0.589986987289273	571
-0.09546757823198	1.10874641219142	64
-0.00391186442864	1.14614110823046	227
-0.0995246875187901	0.773938666265461	227
-0.00391944859509996	1.14608745729724	60
-0.10008578196885	1.42980015774128	60
-0.0764689106511101	1.59895512819937	60
-0.0376199977242699	0.971369902993594	643
-0.0995070690697399	0.774452381792266	457
0.12271009537197	1.53252357342144	457
0.0176714434238701	1.31651925107115	91
-0.0378140801872999	0.970985606335259	819
0.12285410708172	1.5323853087147	52
-0.10225521735756	1.74481781086795	359
0.04035320892594	0.361169722228799	570
-0.0996297969318301	0.774437355317741	182
0.06640050781925	0.589791315671906	366
-0.0377705969878599	0.970816165302698	182
-0.06294116856962	1.28247683048444	60
0.11851924853759	1.36370108964016	227
-0.0997436122822399	0.774418861125706	96
0.0584399501503501	0.79769982874826	96
-0.03772766745806	0.971179568236575	60
0.01790822531065	1.31669303880721	643
-0.0953357329525499	1.109180653183	457
0.0929896814290101	1.01511461811393	719
0.0927349692105499	1.01434853374846	571
0.06626800442765	0.58951227776968	797
-0.0998573327016901	0.774326861652598	60
-0.0996297969318301	0.774437355317741	19
0.09262833885246	1.01429436864152	301
-0.0997349038953601	0.774341633185776	643
0.12279373463079	1.5325709279016	643
-0.0382977124944499	1.45623110654825	719
0.06640050781925	0.589791315671906	52
0.0400757313518501	0.361162560899904	83
0.06779953055876	0.590281779562666	83
0.11212966873912	1.19733244835361	52
-0.06291526649569	1.28239460259991	359
-0.10021485757782	0.773583964004878	359
0.0400757313518501	0.361162560899904	4
0.0660138251920299	0.589391230638723	285
-0.09975230417822	0.774274178577378	349
-0.0952699076686101	1.1091368898902	449
-0.0375552278978399	0.971348728509458	19
0.11851924853759	1.36370108964016	19
-0.0763359604824001	1.59925861224011	60
-0.0376629135311699	0.971304917656255	301
0.0405904054674899	0.361273728188317	83
0.04019459198889	0.361113808702474	396
0.11217591035637	1.19728192741819	182
0.0929089962157501	1.01496515257567	182
-0.10019792555775	0.773458065814013	216
-0.09520331083685	1.1089235160465	732
-0.0999795413065401	0.774163935987156	116
0.04019459198889	0.361113808702474	797
0.06754699712777	0.590324009457586	797
0.04035320892594	0.361169722228799	797
0.0179225316853	1.31676048657897	60
0.0177320181824601	1.31666496861891	60
-0.03772766745806	0.971179568236575	19
-0.0999881077500799	0.773840743719683	96
0.04019459198889	0.361113808702474	96
0.0405904054674899	0.361273728188317	301
0.03995666139643	0.361009605400419	301
0.0404719114938299	0.361322640689658	301
0.11841253440115	1.36363053588237	643
-0.03764100734363	0.971148479720349	643
0.11846594563983	1.36392177573483	457
-0.06294116856962	1.28247683048444	689
0.06754699712777	0.590324009457586	52
0.06640050781925	0.589791315671906	52
0.11847899550541	1.3638658606658	52
0.0581070063731699	0.797487899674034	52
0.11212176168975	1.19709085061033	763
0.0583963866130599	0.797687194353385	396
-0.03772766745806	0.971179568236575	182
0.06704077902752	0.589986987289273	4
0.0657592596523799	0.589174142486685	4
0.0400757313518501	0.361162560899904	4
0.05817931439108	0.797679491776654	4
-0.0997436122822399	0.774418861125706	216
-0.12009824235652	1.89295670534039	235
-0.07639449249768	1.59769692468552	48
0.0404719114938299	0.361322640689658	26
-0.06296834325455	1.28243214104642	60
0.0929089962157501	1.01496515257567	704
0.09319026129936	1.01477745885181	704
-0.03770582110758	0.971023102627933	70
0.0583675193827	0.797791482115468	19
-0.0997436122822399	0.774418861125706	301
-0.0376847296890701	0.971317789997125	643
-0.0997436122822399	0.774418861125706	52
0.0657592596523799	0.589174142486685	83
0.0581503757161399	0.797500355917327	52
0.0669079876023899	0.590129049397097	763
0.04794596554537	1.66284829890858	763
0.04035320892594	0.361169722228799	4
0.0929896814290101	1.01511461811393	216
-0.0375332920209499	0.971335989947976	732
0.01765710123163	1.3164687002915	349
-0.0999379246558501	1.42996081624991	479
0.09281537634135	1.01484161778391	70
0.12256605852973	1.5319168782061	19
0.0405904054674899	0.361273728188317	96
-0.00379175556709011	1.14570275095466	643
0.11224436008658	1.1972638547983	719
0.06754699712777	0.590324009457586	719
0.0932584159624801	1.0150461797237	719
0.05806373276334	0.79713982138369	719
-0.06302268659683	1.28213799022895	305
0.11213765917752	1.19730352814855	52
0.0583675193827	0.797791482115468	763
0.11205327835221	1.19693733715299	763
0.0405904054674899	0.361273728188317	570
0.11206119919618	1.1970941656282	182
0.0405904054674899	0.361273728188317	4
0.06754699712777	0.590324009457586	4
0.11841253440115	1.36363053588237	216
-0.00380689612946994	1.14613373756296	732
0.05822273219915	0.797691987551502	349
0.06729408016793	0.590203599966043	797
0.0929766972884001	1.01493823898538	70
0.05832400447743	0.79777889706228	19
-0.0375332920209499	0.971335989947976	19
-0.00389672847823008	1.14603064260661	643
0.0582951134101599	0.797784880803241	643
0.06729408016793	0.590203599966043	52
0.0400757313518501	0.361162560899904	52
0.0666544403313301	0.59000828848376	83
0.04035320892594	0.361169722228799	83
0.04019459198889	0.361113808702474	83
0.09315155927538	1.0146867240711	52
-0.0998659701244799	0.774255798157072	52
0.05822273219915	0.797691987551502	4
0.0404719114938299	0.361322640689658	4
-0.00399415082933996	1.14588779083778	182
0.0660138251920299	0.589391230638723	216
-0.0999795413065401	0.774163935987156	216
0.07414999480973	2.17212927983987	732
0.0400757313518501	0.361162560899904	285
0.09262833885246	1.01429436864152	116
-0.00392704354834006	1.14595601921863	116
0.0404719114938299	0.361322640689658	26
0.04035320892594	0.361169722228799	26
0.0666544403313301	0.59000828848376	19
-0.0996210340312	0.774433753881929	19
0.03995666139643	0.361009605400419	96
0.06754699712777	0.590324009457586	96
0.06626800442765	0.58951227776968	301
-0.06307327055322	1.28188006485585	643
-0.03772766745806	0.971179568236575	643
0.0928022907844199	1.01477559073757	216
0.0582516470812999	0.797772341886517	349
-0.0376417836587299	0.971237252051548	479
0.0405904054674899	0.361273728188317	26
0.04035320892594	0.361169722228799	26
0.0404719114938299	0.361322640689658	26
-0.0996297969318301	0.774437355317741	797
-0.0999795413065401	0.774163935987156	704
-0.0376417836587299	0.971237252051548	70
-0.0998573327016901	0.774326861652598	19
0.0581070063731699	0.797487899674034	96
0.0400757313518501	0.361162560899904	96
0.0669079876023899	0.590129049397097	301
0.0931644419440201	1.01510003139785	301
-0.06310169200595	1.28205160600231	457
0.0584687935218	0.797395144295211	719
0.0478142354659199	1.66258908884664	689
0.0928284799924399	1.01447188278909	52
-0.0996297969318301	0.774437355317741	52
0.0405904054674899	0.361273728188317	396
0.0400757313518501	0.361162560899904	570
-0.01884112879761	1.62815937269588	533
0.0666544403313301	0.59000828848376	4
0.06652179801436	0.589470978357053	216
-0.00326946275430995	1.79724504193947	687
0.06779953055876	0.590281779562666	116
-0.0383171901967201	1.45622569558396	449
-0.00381448260992001	1.14622526380948	19
0.0666544403313301	0.59000828848376	96
0.09281537634135	1.01484161778391	184
-0.0998573327016901	0.774326861652598	643
0.0578865978751	1.8325165065398	689
0.0929766972884001	1.01493823898538	91
0.09309643861636	1.01494888434125	819
0.0400757313518501	0.361162560899904	83
0.0583675193827	0.797791482115468	763
-0.03766347955932	0.970824474083088	570
-0.00351499085762996	1.79683407359496	423
0.03995666139643	0.361009605400419	349
0.03995666139643	0.361009605400419	26
0.0404719114938299	0.361322640689658	26
0.06754699712777	0.590324009457586	26
0.035007559069	1.48997297966207	449
-0.0629398986510801	1.28228870221773	449
0.0350893363835301	1.48978374689817	19
-0.0999795413065401	0.774163935987156	96
0.05817931439108	0.797679491776654	91
0.0660138251920299	0.589391230638723	301
-0.0953357329525499	1.109180653183	457
0.0176945665369199	1.31667104625431	457
-0.0997436122822399	0.774418861125706	719
-0.09511082103587	1.10857102376558	719
0.0932584159624801	1.0150461797237	91
0.0404719114938299	0.361322640689658	83
0.06640050781925	0.589791315671906	83
-0.0629955159293201	1.28232067962445	52
-0.09997095830854	0.774161366781223	52
-0.0998659701244799	0.774255798157072	52
0.0929089962157501	1.01496515257567	570
0.05832400447743	0.79777889706228	570
-0.0997436122822399	0.774418861125706	182
0.06640050781925	0.589791315671906	4
0.04019459198889	0.361113808702474	4
-0.01902081196765	1.62828783186218	732
-0.0377710902494499	0.971060007159056	479
-0.0996297969318301	0.774437355317741	797
-0.0561356577916601	1.76825309950282	449
0.0666544403313301	0.59000828848376	70
0.0584399501503501	0.79769982874826	70
0.0405904054674899	0.361273728188317	96
0.0669079876023899	0.590129049397097	301
-0.0953091164470401	1.10916330782568	457
-0.0381907722060499	1.456684008713	689
-0.00400926057792006	1.14585313470885	91
0.0400757313518501	0.361162560899904	83
0.0400757313518501	0.361162560899904	52
-0.03808634456884	1.45656340224725	763
-0.10009301784278	0.773998601930091	182
-0.0996210340312	0.774433753881929	182
0.06626800442765	0.58951227776968	216
0.05848360988298	0.79739877281669	216
0.04790503651697	1.66307642519192	235
-0.0629437115773499	1.28165083552786	48
0.0400757313518501	0.361162560899904	26
0.0404719114938299	0.361322640689658	26
0.06640050781925	0.589791315671906	26
0.0177782693851201	1.31689238990432	60
0.11199273025046	1.1965750860903	60
0.11212966873912	1.19733244835361	60
-0.0377710902494499	0.971060007159056	19
-0.00371711513271	1.14608617026441	184
0.0927349692105499	1.01434853374846	301
-0.0378356869230301	0.970853229111692	457
-0.09997900536895	1.43001801170539	457
-0.0997436122822399	0.774418861125706	643
-0.00382968794147009	1.14619044136978	91
-0.00390429105450996	1.14612220009606	91
0.0927218239130401	1.0146264042384	719
0.0666544403313301	0.59000828848376	83
0.0657592596523799	0.589174142486685	83
0.11212966873912	1.19733244835361	763
0.06729408016793	0.590203599966043	396
-0.09949823518252	0.774211913438795	4
0.12271009537197	1.53252357342144	4
0.0404719114938299	0.361322640689658	4
0.0666544403313301	0.59000828848376	4
-0.00389672847823008	1.14603064260661	182
-0.0627534839800401	1.28198509134066	182
0.0405904054674899	0.361273728188317	26
-0.0998659701244799	0.774255798157072	615
0.01774081341129	1.31674960255633	19
0.11213765917752	1.19730352814855	457
-0.0382977124944499	1.45623110654825	457
0.04788456433404	1.66307856400046	457
-0.03751126601183	0.97117970489929	52
-0.0376199977242699	0.971369902993594	182
0.11220611551615	1.19737223627029	4
0.09307053574539	1.01506199733172	182
-0.0997349038953601	0.774341633185776	615
-0.10021485757782	0.773583964004878	615
0.11830694955005	1.36357004823443	449
-0.03764100734363	0.971148479720349	70
-0.06294116856962	1.28247683048444	60
-0.00381448260992001	1.14622526380948	763
0.11217591035637	1.19728192741819	17
0.05813599240279	0.797331200154474	4
0.11846594563983	1.36392177573483	4
-0.00391186442864	1.14614110823046	182
0.11843858650567	1.36305961863308	235
-0.06283373539569	1.28233093364841	479
0.06754699712777	0.590324009457586	615
-0.09997095830854	0.774161366781223	60
-0.09542822115104	1.10893769082864	60
0.0666544403313301	0.59000828848376	96
-0.0953224228540199	1.10920392728072	457
0.04783920541394	1.66301380313369	457
-0.0996210340312	0.774433753881929	91
-0.00376293911344994	1.14544183354134	91
-0.03772766745806	0.971179568236575	91
0.0582805855647599	0.797430473384385	52
-0.00391944859509996	1.14608745729724	763
-0.09997095830854	0.774161366781223	763
0.0404719114938299	0.361322640689658	4
0.0400757313518501	0.361162560899904	285
-0.0998573327016901	0.774326861652598	116
0.06729408016793	0.590203599966043	26
0.0582516470812999	0.797772341886517	60
0.06652179801436	0.589470978357053	96
0.0404719114938299	0.361322640689658	96
0.0582516470812999	0.797772341886517	52
0.0931644419440201	1.01510003139785	763
-0.10009301784278	0.773998601930091	763
-0.0996210340312	0.774433753881929	763
-0.01886727796986	1.62855467235667	479
-0.0953750399306299	1.10890276686122	60
0.0671611502856	0.590087165510619	96
0.0349014677914199	1.48967236359433	91
0.05817931439108	0.797679491776654	184
0.09307053574539	1.01506199733172	184
0.11846594563983	1.36392177573483	91
-0.0999795413065401	0.774163935987156	719
0.0176945665369199	1.31667104625431	689
0.06626800442765	0.58951227776968	52
0.0928284799924399	1.01447188278909	763
-0.0954941429649601	1.10876383623045	763
-0.00373234668673006	1.14619646041486	182
0.11203095978099	1.19682218114904	4
0.0583675193827	0.797791482115468	4
0.05817931439108	0.797679491776654	43
-0.0998573327016901	0.774326861652598	43
-0.00399415082933996	1.14588779083778	479
-0.0628880914728101	1.28243929288868	449
0.03483487627271	1.48870604218131	60
0.0582951134101599	0.797784880803241	60
0.11843858650567	1.36305961863308	70
0.05822273219915	0.797691987551502	60
-0.0952825146996299	1.10887818635539	91
-0.0996210340312	0.774433753881929	184
-0.0382298020340199	1.45596447751077	91
-0.0377494238306	0.971192499435083	457
-0.03759812173156	0.971357094877432	91
0.0400757313518501	0.361162560899904	83
-0.0997349038953601	0.774341633185776	763
0.0405904054674899	0.361273728188317	17
0.0669079876023899	0.590129049397097	763
0.0405904054674899	0.361273728188317	570
-0.0375770736646299	0.971216031525722	182
0.11836038186052	1.36369259288262	182
0.11843983381257	1.363788488939	182
0.0928829264948601	1.01472280325666	116
0.0666544403313301	0.59000828848376	615
-0.00390429105450996	1.14612220009606	60
0.0178850965839901	1.31683916792252	91
-0.0995070690697399	0.774452381792266	184
-0.0998573327016901	0.774326861652598	184
0.0476415727748401	1.66200587594227	457
-0.0038525767806401	1.1454894827741	457
0.09308347816206	1.01515253512817	91
-0.0999881077500799	0.773840743719683	83
0.0666544403313301	0.59000828848376	83
0.04785509943299	1.66203459013219	763
-0.00390429105450996	1.14612220009606	763
0.03498030408266	1.4898887383622	182
0.0582516470812999	0.797772341886517	116
-0.01917438717069	1.62746940639961	69
-0.0953357329525499	1.109180653183	411
0.0400757313518501	0.361162560899904	26
-0.0628350221232301	1.28225234432498	60
-0.0381907722060499	1.456684008713	60
0.05832400447743	0.79777889706228	96
0.11829392314132	1.36354507986644	184
0.01775514367867	1.31681679420971	457
-0.0376417836587299	0.971237252051548	91
-0.0375761556577601	0.97120071712665	763
0.0582951134101599	0.797784880803241	4
0.0928959523292201	1.01499095487319	116
-0.06318319594719	1.28124548263608	411
0.0582516470812999	0.797772341886517	479
-0.0953224228540199	1.10920392728072	479
-0.0954016231661601	1.10904984901962	60
-0.03770645584084	0.97118520731588	149
0.05806373276334	0.79713982138369	96
-0.03770645584084	0.97118520731588	184
0.0929896814290101	1.01511461811393	184
-0.0375332920209499	0.971335989947976	184
0.11221417567966	1.19717358906083	457
0.0582805855647599	0.797430473384385	184
-0.03759812173156	0.971357094877432	91
-0.0954016231661601	1.10904984901962	457
0.11220611551615	1.19737223627029	91
-0.0374684243610801	0.971232920512448	91
0.0405904054674899	0.361273728188317	83
0.06640050781925	0.589791315671906	83
-0.0997349038953601	0.774341633185776	763
-0.0996210340312	0.774433753881929	763
0.0582951134101599	0.797784880803241	43
-0.0998400084105799	0.773698687949079	116
0.03995666139643	0.361009605400419	116
0.11214573315028	1.19700995913641	615
-0.0377926667403099	0.970647456267243	545
0.05813599240279	0.797331200154474	96
0.11845289174257	1.36389674047384	457
-0.0996297969318301	0.774437355317741	719
0.0929089962157501	1.01496515257567	52
0.0583963866130599	0.797687194353385	83
0.09308347816206	1.01515253512817	52
-0.0997436122822399	0.774418861125706	763
-0.00383730678130001	1.1460589544713	763
-0.06280784475197	1.28223162234305	17
-0.06302268659683	1.28213799022895	182
0.0928829264948601	1.01472280325666	182
-0.0998659701244799	0.774255798157072	182
0.05813599240279	0.797331200154474	182
0.0177176898651701	1.31674662495615	182
-0.0996297969318301	0.774437355317741	4
-0.0376847296890701	0.971317789997125	4
0.12268683737928	1.53240107921969	116
0.0400757313518501	0.361162560899904	26
-0.0999795413065401	0.774163935987156	615
-0.03759812173156	0.971357094877432	60
-0.1002214308639	1.4292999346812	70
-0.0998573327016901	0.774326861652598	721
0.0582662459451999	0.797390693711427	721
-0.0952299384867099	1.10920857535553	91
-0.0996297969318301	0.774437355317741	91
0.11853232022508	1.363809344998	91
0.0405904054674899	0.361273728188317	83
-0.0376847296890701	0.971317789997125	763
0.05817931439108	0.797679491776654	4
-0.0375540994816399	0.970775811600493	411
0.0476870348054499	1.66248880595867	449
0.0178850965839901	1.31683916792252	70
0.0669079876023899	0.590129049397097	96
-0.0993930088925701	0.774381147082806	721
0.0177782693851201	1.31689238990432	91
0.05832400447743	0.79777889706228	719
0.05817931439108	0.797679491776654	719
-0.0629942534069401	1.28239709328681	457
0.0929637311571201	1.01434754167408	457
0.09308347816206	1.01515253512817	763
0.0582516470812999	0.797772341886517	52
-0.03772766745806	0.971179568236575	763
0.11202299036526	1.19684698041237	763
0.11834733364942	1.3634932741219	763
0.05832400447743	0.79777889706228	17
-0.03764100734363	0.971148479720349	182
-0.0999795413065401	0.774163935987156	182
-0.10009301784278	0.773998601930091	410
-0.09504500906271	1.10846279140912	781
-0.0375770736646299	0.971216031525722	70
0.0667870930537	0.589616020977837	70
0.11846594563983	1.36392177573483	60
0.0404719114938299	0.361322640689658	96
0.04035320892594	0.361169722228799	96
0.0666544403313301	0.59000828848376	96
-0.0376847296890701	0.971317789997125	91
0.11223634861539	1.19727846089222	721
-0.09542822115104	1.10893769082864	91
0.0582951134101599	0.797784880803241	91
-0.10020639985157	0.773743447762429	457
0.01786196807041	1.31690885537426	763
-0.0037399786372001	1.14614273997489	763
-0.0376190111045001	0.970723521706025	763
0.11217591035637	1.19728192741819	182
0.0929896814290101	1.01511461811393	4
0.0584687935218	0.797395144295211	4
0.0404719114938299	0.361322640689658	410
-0.0375341413300701	0.970700170155479	411
0.04019459198889	0.361113808702474	26
-0.00391186442864	1.14614110823046	70
-0.00332708133020998	1.7974901574212	60
-0.0955207224383601	1.108514272444	60
0.0928959523292201	1.01499095487319	149
0.0400757313518501	0.361162560899904	721
0.0666544403313301	0.59000828848376	721
0.05822273219915	0.797691987551502	184
-0.0375552278978399	0.971348728509458	457
-0.10018044594398	1.42911617587349	91
-0.10008448922115	0.773906023057076	91
0.0582951134101599	0.797784880803241	52
0.0666544403313301	0.59000828848376	763
0.03995666139643	0.361009605400419	570
0.11838646618932	1.36382581239861	182
0.0666544403313301	0.59000828848376	768
0.06626800442765	0.58951227776968	768
0.04035320892594	0.361169722228799	768
0.06626800442765	0.58951227776968	410
0.04035320892594	0.361169722228799	285
0.0582516470812999	0.797772341886517	116
0.06779953055876	0.590281779562666	615
0.04035320892594	0.361169722228799	615
0.12280313083314	1.53219521344883	60
-0.0040915874888201	1.14552322374695	60
0.01774081341129	1.31674960255633	60
0.0582805855647599	0.797430473384385	70
0.0405904054674899	0.361273728188317	545
0.0404719114938299	0.361322640689658	96
-0.00391944859509996	1.14608745729724	184
-0.09975230417822	0.774274178577378	91
-0.06296707703879	1.28237633464647	91
-0.0953091164470401	1.10916330782568	91
0.0931644419440201	1.01510003139785	4
0.0405904054674899	0.361273728188317	4
0.09307053574539	1.01506199733172	116
-0.0953883297057601	1.10900921430707	411
-0.09963854334916	0.77420270997835	70
-0.09524325785113	1.10924916729094	70
0.11828089270471	1.3634369282367	70
-0.09524325785113	1.10924916729094	70
0.11854538787763	1.36383440668015	60
-0.0381470270873801	1.45669085329474	60
-0.09997095830854	0.774161366781223	545
0.04035320892594	0.361169722228799	96
0.01784764779204	1.31667952320161	457
0.0175877390075201	1.31600493038784	457
-0.03751232582008	0.971112865480314	91
0.0580347229940099	0.797093811834519	83
0.0404719114938299	0.361322640689658	83
-0.0376199977242699	0.971369902993594	52
0.11839950230927	1.36376987050119	763
-0.0374255745066701	0.971034627776287	17
0.09308347816206	1.01515253512817	182
0.0929766972884001	1.01493823898538	43
-0.00374762136233997	1.14601124538298	43
-0.00400926057792006	1.14585313470885	116
0.12271009537197	1.53252357342144	69
0.06754699712777	0.590324009457586	615
0.0400757313518501	0.361162560899904	26
0.06729408016793	0.590203599966043	615
0.01786196807041	1.31690885537426	60
-0.06294116856962	1.28247683048444	91
0.11845289174257	1.36389674047384	457
0.12284025651849	1.53241045230602	91
0.0405904054674899	0.361273728188317	83
0.0666544403313301	0.59000828848376	83
-0.00373234668673006	1.14619646041486	52
-0.0377926667403099	0.970647456267243	763
0.0400757313518501	0.361162560899904	570
-0.0631288619968899	1.28186897875034	182
0.0404719114938299	0.361322640689658	768
0.04035320892594	0.361169722228799	768
0.11223634861539	1.19727846089222	43
0.0404719114938299	0.361322640689658	26
0.05822273219915	0.797691987551502	615
-0.0375552278978399	0.971348728509458	70
-0.0999795413065401	0.774163935987156	70
0.03995666139643	0.361009605400419	96
0.0582516470812999	0.797772341886517	721
0.05813599240279	0.797331200154474	721
-0.09997095830854	0.774161366781223	184
-0.09524325785113	1.10924916729094	91
-0.00370192674578007	1.14565536984142	91
-0.0377710902494499	0.971060007159056	91
0.0929896814290101	1.01511461811393	91
0.0582516470812999	0.797772341886517	91
-0.0952958137295801	1.1090568619249	91
0.0583963866130599	0.797687194353385	83
0.0404719114938299	0.361322640689658	83
-0.10020639985157	0.773743447762429	83
-0.0952166228159399	1.10910215926925	52
0.0583675193827	0.797791482115468	763
0.0176714434238701	1.31651925107115	182
-0.0997436122822399	0.774418861125706	4
-0.0954941429649601	1.10876383623045	43
-0.09524325785113	1.10924916729094	43
0.0928959523292201	1.01499095487319	43
0.0404719114938299	0.361322640689658	410
0.11841370585021	1.36328124103043	781
0.11209146650402	1.19718453032602	411
-0.09997095830854	0.774161366781223	615
0.03995666139643	0.361009605400419	615
0.11217591035637	1.19728192741819	615
-0.10002417105518	1.42999665247261	556
-0.0375332920209499	0.971335989947976	149
0.0671611502856	0.590087165510619	96
0.0404719114938299	0.361322640689658	96
0.11206920343166	1.19697006676344	91
-0.03759812173156	0.971357094877432	91
-0.00381448260992001	1.14622526380948	457
0.11212176168975	1.19709085061033	763
0.0400757313518501	0.361162560899904	17
-0.0996210340312	0.774433753881929	4
0.0582516470812999	0.797772341886517	4
0.0666544403313301	0.59000828848376	768
0.0400757313518501	0.361162560899904	768
0.06729408016793	0.590203599966043	4
0.0582516470812999	0.797772341886517	410
-0.08165466056381	1.9138792602156	561
-0.00389672847823008	1.14603064260661	70
0.0400757313518501	0.361162560899904	96
-0.10020639985157	0.773743447762429	91
-0.0954149203138901	1.10902660350339	91
-0.0376847296890701	0.971317789997125	91
0.12273335371078	1.53256434383476	91
0.05817931439108	0.797679491776654	91
-0.10009301784278	0.773998601930091	91
0.0177639371779299	1.31667991034522	91
0.0929089962157501	1.01496515257567	91
0.06729408016793	0.590203599966043	83
-0.0997436122822399	0.774418861125706	17
-0.0954016231661601	1.10904984901962	43
0.12272395436852	1.53219799065654	43
0.06640050781925	0.589791315671906	768
0.05832400447743	0.79777889706228	4
-0.0997349038953601	0.774341633185776	4
0.04019459198889	0.361113808702474	4
-0.0998486787805399	0.774176029611433	43
-0.09975230417822	0.774274178577378	410
0.06729408016793	0.590203599966043	615
0.11854538787763	1.36383440668015	70
-0.0376629135311699	0.971304917656255	70
-0.10021485757782	0.773583964004878	70
0.0351136205954199	1.48968761244544	91
-0.03759812173156	0.971357094877432	91
0.0580347229940099	0.797093811834519	52
0.06640050781925	0.589791315671906	83
-0.0998573327016901	0.774326861652598	763
0.04019459198889	0.361113808702474	570
0.12280758236323	1.53222206883487	182
0.0669079876023899	0.590129049397097	768
-0.10009301784278	0.773998601930091	43
0.06626800442765	0.58951227776968	410
0.0669079876023899	0.590129049397097	410
0.0400757313518501	0.361162560899904	26
0.04019459198889	0.361113808702474	615
-0.00388917670528999	1.14586100594575	70
-0.06318196131114	1.28156221939634	763
0.0580347229940099	0.797093811834519	763
-0.0629929918688601	1.28209934618668	763
0.11839950230927	1.36376987050119	763
-0.0998659701244799	0.774255798157072	43
-0.09545430138779	1.10863999144858	182
0.06729408016793	0.590203599966043	43
0.0404719114938299	0.361322640689658	410
-0.10017616579415	1.42963399279425	411
0.0405904054674899	0.361273728188317	26
0.04035320892594	0.361169722228799	26
0.0930026836146201	1.0150029618971	615
0.0669079876023899	0.590129049397097	615
-0.0375332920209499	0.971335989947976	615
-0.0376629135311699	0.971304917656255	60
0.0666544403313301	0.59000828848376	96
0.0582516470812999	0.797772341886517	184
-0.00389672847823008	1.14603064260661	91
0.09307053574539	1.01506199733172	457
-0.09515079585498	1.10912068986755	91
0.0405904054674899	0.361273728188317	83
0.0400757313518501	0.361162560899904	83
-0.10009301784278	0.773998601930091	52
-0.0378353350226599	0.970502277229373	17
0.04019459198889	0.361113808702474	768
-0.0997436122822399	0.774418861125706	4
0.03995666139643	0.361009605400419	410
0.04035320892594	0.361169722228799	26
0.11830694955005	1.36357004823443	70
0.09281537634135	1.01484161778391	545
0.03995666139643	0.361009605400419	96
0.0932584159624801	1.0150461797237	91
-0.00373234668673006	1.14619646041486	91
0.05806373276334	0.79713982138369	83
0.06754699712777	0.590324009457586	52
-0.0998659701244799	0.774255798157072	763
-0.0997436122822399	0.774418861125706	17
0.05817931439108	0.797679491776654	4
0.03995666139643	0.361009605400419	768
0.0404719114938299	0.361322640689658	4
0.0660138251920299	0.589391230638723	4
0.09281537634135	1.01484161778391	4
-0.0377494238306	0.971192499435083	43
0.0582951134101599	0.797784880803241	410
0.0400757313518501	0.361162560899904	410
-0.09996235880499	0.773920592462937	410
0.04035320892594	0.361169722228799	410
0.0178388397673299	1.31690586529848	775
-0.0383390487025601	1.45612077282494	411
0.06729408016793	0.590203599966043	615
0.0404719114938299	0.361322640689658	545
0.0667870930537	0.589616020977837	96
0.05813599240279	0.797331200154474	96
-0.10010152990328	0.773749047438567	721
0.0348211566880099	1.48923327676469	91
0.12272395436852	1.53219799065654	91
0.03511511015036	1.48986792541451	91
0.05832400447743	0.79777889706228	52
0.0581070063731699	0.797487899674034	83
0.0669079876023899	0.590129049397097	83
0.12274721411719	1.53240765743908	763
0.11228261879729	1.19705561837483	52
0.0669079876023899	0.590129049397097	17
-0.00388917670528999	1.14586100594575	70
-0.0630498552599601	1.28187504866877	70
0.0929896814290101	1.01511461811393	545
0.0580780439275299	0.797106236295213	96
-0.0953091164470401	1.10916330782568	91
-0.0378356869230301	0.970853229111692	184
-0.09542822115104	1.10893769082864	91
0.05817931439108	0.797679491776654	91
-0.09544152567958	1.10877688420549	91
-0.03751126601183	0.97117970489929	91
-0.10015565523953	1.42963651481672	457
-0.10010152990328	0.773749047438567	91
0.0661461894111901	0.58941996665963	83
-0.0954016231661601	1.10904984901962	763
0.11206119919618	1.1970941656282	52
0.0926415257655	1.01413360573067	17
0.0666544403313301	0.59000828848376	570
0.0655043071522501	0.588802943698808	43
0.06640050781925	0.589791315671906	410
0.0581503757161399	0.797500355917327	410
-0.0999795413065401	0.774163935987156	116
0.11217591035637	1.19728192741819	70
0.0405904054674899	0.361273728188317	96
-0.0996210340312	0.774433753881929	721
-0.06294116856962	1.28247683048444	457
-0.0952832381254201	1.10897600538362	91
-0.00400926057792006	1.14585313470885	91
0.04788888022569	1.66254420522039	91
-0.0997436122822399	0.774418861125706	52
0.0660138251920299	0.589391230638723	83
-0.00391944859509996	1.14608745729724	43
-0.09995374284522	0.773250911867399	4
0.0583963866130599	0.797687194353385	4
0.0932584159624801	1.0150461797237	4
0.04035320892594	0.361169722228799	285
-0.0377710902494499	0.971060007159056	411
-0.10009301784278	0.773998601930091	411
0.06729408016793	0.590203599966043	615
0.06704077902752	0.589986987289273	615
0.0350591117418799	1.48944337418782	60
-0.09997095830854	0.774161366781223	545
-0.10002417105518	1.42999665247261	91
0.11206119919618	1.1970941656282	91
-0.0628350221232301	1.28225234432498	91
0.12279373463079	1.5325709279016	91
0.11833299028881	1.36337478414972	91
0.0669079876023899	0.590129049397097	83
0.11857151108193	1.36363929871807	763
0.0928829264948601	1.01472280325666	52
-0.0376199977242699	0.971369902993594	43
0.0405904054674899	0.361273728188317	4
0.04035320892594	0.361169722228799	4
0.05820827665872	0.79742393937989	4
-0.00380689612946994	1.14613373756296	43
0.09262833885246	1.01429436864152	43
0.05813599240279	0.797331200154474	116
0.0577068367953	1.83280259761787	69
-0.10006524007874	1.42992918005617	60
0.11825340902879	1.36293766366264	149
0.0666544403313301	0.59000828848376	272
0.09305761133047	1.01456292338557	820
-0.0377705969878599	0.970816165302698	763
0.11212966873912	1.19733244835361	17
-0.00391944859509996	1.14608745729724	43
0.05813599240279	0.797331200154474	4
0.0928959523292201	1.01499095487319	43
-0.03759812173156	0.971357094877432	43
0.01763398027087	1.31639315234962	43
-0.0188273651284201	1.62855152203801	3
0.04035320892594	0.361169722228799	116
0.06754699712777	0.590324009457586	116
-0.0952299384867099	1.10920857535553	69
-0.05640349611775	1.76790020774577	69
0.09307053574539	1.01506199733172	60
-0.0997436122822399	0.774418861125706	70
-0.0998573327016901	0.774326861652598	70
0.11215994324786	1.1972387166861	545
0.11209146650402	1.19718453032602	272
0.05819384091091	0.797199179169602	96
-0.0952565809111401	1.10922586789114	91
0.06637059399151	2.00220878527785	91
0.01765710123163	1.3164687002915	91
-0.10009301784278	0.773998601930091	91
-0.0763419813633699	1.59916179368756	457
0.1225893123695	1.53203929792298	91
-0.0999881077500799	0.773840743719683	591
-0.0375552278978399	0.971348728509458	763
-0.0630473459779199	1.28220770319229	17
-0.00390429105450996	1.14612220009606	43
-0.09997095830854	0.774161366781223	4
-0.0996210340312	0.774433753881929	4
0.0669079876023899	0.590129049397097	116
-0.0629955159293201	1.28232067962445	60
-0.0375332920209499	0.971335989947976	70
0.0929896814290101	1.01511461811393	70
0.0350591117418799	1.48944337418782	70
0.0931644419440201	1.01510003139785	70
0.11212966873912	1.19733244835361	60
-0.0998573327016901	0.774326861652598	149
-0.0999795413065401	0.774163935987156	272
0.12268683737928	1.53240107921969	91
-0.0377926667403099	0.970647456267243	184
0.05833867576296	0.79748357258179	184
0.0178707743656501	1.31644816263867	91
-0.0998573327016901	0.774326861652598	91
-0.0628880914728101	1.28243929288868	91
-0.0376199977242699	0.971369902993594	763
0.11837342604012	1.36380080845913	763
0.11821438307055	1.36310791750677	9
-0.00391944859509996	1.14608745729724	17
-0.0997349038953601	0.774341633185776	43
0.0581070063731699	0.797487899674034	116
-0.0999795413065401	0.774163935987156	116
0.06626800442765	0.58951227776968	116
0.0657592596523799	0.589174142486685	116
-0.0953091164470401	1.10916330782568	411
0.0400757313518501	0.361162560899904	615
-0.0999795413065401	0.774163935987156	70
0.05817931439108	0.797679491776654	70
-0.0997436122822399	0.774418861125706	149
0.0929896814290101	1.01511461811393	149
0.12275661239863	1.53252501484665	91
-0.0376199977242699	0.971369902993594	91
0.05832400447743	0.79777889706228	820
0.05817931439108	0.797679491776654	91
-0.0996297969318301	0.774437355317741	91
-0.0629139918716399	1.2824560732317	763
-0.0999795413065401	0.774163935987156	591
0.0351969004971699	1.48919549342426	9
0.06754699712777	0.590324009457586	17
-0.09963854334916	0.77420270997835	17
0.11212966873912	1.19733244835361	43
-0.03772766745806	0.971179568236575	43
0.09307053574539	1.01506199733172	43
-0.10020639985157	0.773743447762429	410
-0.0997436122822399	0.774418861125706	116
-0.09997095830854	0.774161366781223	116
0.11828089270471	1.3634369282367	411
0.0660138251920299	0.589391230638723	70
-0.0377710902494499	0.971060007159056	70
0.11209942212886	1.19724209000592	70
0.0583675193827	0.797791482115468	184
-0.09976097953372	0.773787596943409	17
-0.0999795413065401	0.774163935987156	43
-0.0999795413065401	0.774163935987156	410
-0.12021304010696	1.89335302141397	561
-0.0998573327016901	0.774326861652598	116
0.0405904054674899	0.361273728188317	285
0.11845289174257	1.36389674047384	69
-0.00391186442864	1.14614110823046	716
-0.0998486787805399	0.774176029611433	70
-0.03751126601183	0.97117970489929	91
0.04786408703858	1.66300682995499	91
-0.00391944859509996	1.14608745729724	91
0.12269622096408	1.53236133849357	591
0.1121074612167	1.19703151090983	591
-0.0376199977242699	0.971369902993594	591
0.0930026836146201	1.0150029618971	591
0.09281537634135	1.01484161778391	591
-0.0952299384867099	1.10920857535553	17
-0.0375332920209499	0.971335989947976	9
-0.0998659701244799	0.774255798157072	43
-0.00391944859509996	1.14608745729724	43
0.06626800442765	0.58951227776968	4
-0.00381448260992001	1.14622526380948	90
0.04019459198889	0.361113808702474	26
-0.0038525767806401	1.1454894827741	716
-0.0954149203138901	1.10902660350339	70
-0.0997436122822399	0.774418861125706	70
-0.0996210340312	0.774433753881929	70
-0.03738137268704	0.9708660684124	70
-0.0629929918688601	1.28209934618668	70
-0.0374684243610801	0.971232920512448	184
0.11831997193212	1.36351409835264	91
-0.0378356869230301	0.970853229111692	91
0.11220611551615	1.19737223627029	91
-0.09520331083685	1.1089235160465	91
0.05820827665872	0.79742393937989	91
-0.00391944859509996	1.14608745729724	91
-0.0997436122822399	0.774418861125706	591
-0.03772766745806	0.971179568236575	9
0.0405904054674899	0.361273728188317	17
-0.0999881077500799	0.773840743719683	43
0.0404719114938299	0.361322640689658	285
0.06640050781925	0.589791315671906	272
-0.0999795413065401	0.774163935987156	91
0.05781357485547	1.83332908591627	91
-0.0376417836587299	0.971237252051548	184
-0.0996297969318301	0.774437355317741	184
0.0657592596523799	0.589174142486685	817
-0.0997436122822399	0.774418861125706	43
-0.09553401770792	1.10826795893098	43
0.0404719114938299	0.361322640689658	4
0.04019459198889	0.361113808702474	285
-0.0376199977242699	0.971369902993594	69
-0.10002010576898	1.42982404312891	69
0.12273335371078	1.53256434383476	411
-0.03770645584084	0.97118520731588	70
-0.0951774642191801	1.10913791862697	60
0.0177782693851201	1.31689238990432	149
0.11836038186052	1.36369259288262	149
-0.00412179777515997	1.1447698636921	91
-0.09976097953372	0.773787596943409	591
0.11221417567966	1.19717358906083	763
-0.0629139918716399	1.2824560732317	763
-0.0952565809111401	1.10922586789114	9
-0.00390429105450996	1.14612220009606	17
-0.00389672847823008	1.14603064260661	43
0.09281537634135	1.01484161778391	4
-0.0374255745066701	0.971034627776287	43
-0.03779238355054	0.970972622298318	116
-0.0996297969318301	0.774437355317741	116
-0.00390429105450996	1.14612220009606	411
-0.09542822115104	1.10893769082864	556
0.11854538787763	1.36383440668015	70
0.0583675193827	0.797791482115468	91
-0.09975230417822	0.774274178577378	91
0.12277047420366	1.53253015141933	91
0.0929896814290101	1.01511461811393	184
-0.0375552278978399	0.971348728509458	91
-0.00400926057792006	1.14585313470885	91
-0.00373234668673006	1.14619646041486	91
-0.0375341413300701	0.970700170155479	91
-0.09997095830854	0.774161366781223	91
0.09281537634135	1.01484161778391	591
-0.00391944859509996	1.14608745729724	591
-0.10021485757782	0.773583964004878	17
0.11213765917752	1.19730352814855	17
-0.00391186442864	1.14614110823046	43
-0.10008448922115	0.773906023057076	4
0.09315155927538	1.0146867240711	43
0.0666544403313301	0.59000828848376	410
0.03495305115064	1.4897286396594	90
0.0580780439275299	0.797106236295213	26
0.0400757313518501	0.361162560899904	26
0.01029123487348	1.96722740762584	60
-0.0376629135311699	0.971304917656255	70
0.0581070063731699	0.797487899674034	70
0.0178388397673299	1.31690586529848	70
0.0669079876023899	0.590129049397097	272
-0.0999881077500799	0.773840743719683	272
0.0179456625882399	1.31669083918847	91
-0.0953224228540199	1.10920392728072	591
0.09270869671627	1.01444337638405	591
0.11846594563983	1.36392177573483	17
-0.0997436122822399	0.774418861125706	43
0.0929220581896699	1.01450959971465	43
0.11838646618932	1.36382581239861	4
-0.0998659701244799	0.774255798157072	43
0.0666544403313301	0.59000828848376	410
-0.0999173916809499	1.42983685316694	60
0.11841370585021	1.36328124103043	70
0.0175733849048401	1.3159538746158	60
0.05848360988298	0.79739877281669	272
-0.0188074129101801	1.62844669310854	91
0.12253518544123	1.53153814534135	91
-0.09997095830854	0.774161366781223	91
-0.0952699076686101	1.1091368898902	91
0.11206119919618	1.1970941656282	91
0.03508785082435	1.48993005552971	91
-0.00391186442864	1.14614110823046	91
0.0669079876023899	0.590129049397097	684
-0.00371711513271	1.14608617026441	763
0.11843983381257	1.363788488939	763
-0.10020639985157	0.773743447762429	17
-0.00365032070149995	1.14578530741327	87
0.0929896814290101	1.01511461811393	43
0.0400757313518501	0.361162560899904	26
0.04019459198889	0.361113808702474	26
0.06729408016793	0.590203599966043	717
-0.0952958137295801	1.1090568619249	60
0.01768576781048	1.31608938464407	70
-0.10021485757782	0.773583964004878	149
0.0657592596523799	0.589174142486685	272
0.0400757313518501	0.361162560899904	96
-0.0999881077500799	0.773840743719683	91
0.0581070063731699	0.797487899674034	620
-0.0952299384867099	1.10920857535553	91
-0.03802322481627	1.45632330100297	91
0.11845289174257	1.36389674047384	91
0.0928959523292201	1.01499095487319	91
0.06729408016793	0.590203599966043	684
-0.0998659701244799	0.774255798157072	591
0.05817931439108	0.797679491776654	591
0.0931644419440201	1.01510003139785	591
-0.0955207224383601	1.108514272444	591
-0.09542822115104	1.10893769082864	9
0.09305761133047	1.01456292338557	17
0.0404719114938299	0.361322640689658	4
0.05822273219915	0.797691987551502	4
-0.09997095830854	0.774161366781223	43
0.0667870930537	0.589616020977837	410
-0.10002010576898	1.42982404312891	90
0.0404719114938299	0.361322640689658	26
0.04019459198889	0.361113808702474	26
-0.10009301784278	0.773998601930091	717
0.06640050781925	0.589791315671906	717
0.04783920541394	1.66301380313369	60
-0.03770645584084	0.97118520731588	149
-0.0955335980690699	1.10824450891626	149
-0.0995070690697399	0.774452381792266	149
0.04019459198889	0.361113808702474	272
0.0405904054674899	0.361273728188317	96
0.06640050781925	0.589791315671906	620
0.11209146650402	1.19718453032602	91
-0.0378356869230301	0.970853229111692	91
0.0666544403313301	0.59000828848376	684
-0.0999795413065401	0.774163935987156	591
-0.0998745909997401	0.773859043017742	410
-0.0382564242927499	1.45614804715158	701
0.0657592596523799	0.589174142486685	717
0.0582951134101599	0.797784880803241	717
-0.0763359604824001	1.59925861224011	556
-0.00352180156842996	1.79668011324814	60
-0.0993841204043999	0.774230707923706	70
-0.0997349038953601	0.774341633185776	70
0.11219024564013	1.19679049914489	70
0.0666544403313301	0.59000828848376	272
0.0404719114938299	0.361322640689658	272
0.0405904054674899	0.361273728188317	96
0.06626800442765	0.58951227776968	620
-0.0997349038953601	0.774341633185776	620
-0.10009301784278	0.773998601930091	91
0.12269670754495	1.53173660500413	91
0.03503333833898	1.48983474314799	91
-0.0996210340312	0.774433753881929	91
0.0582951134101599	0.797784880803241	91
-0.0376417836587299	0.971237252051548	591
-0.09546757823198	1.10874641219142	17
0.0929896814290101	1.01511461811393	17
0.03995666139643	0.361009605400419	17
0.07418322941778	2.17175570788823	87
0.04035320892594	0.361169722228799	410
0.0583675193827	0.797791482115468	410
-0.00382968794147009	1.14619044136978	169
0.0660138251920299	0.589391230638723	411
-0.06291526649569	1.28239460259991	463
-0.0375761556577601	0.97120071712665	70
-0.0997436122822399	0.774418861125706	70
0.06626800442765	0.58951227776968	620
-0.09997095830854	0.774161366781223	91
-0.0189939318045	1.6280080459876	91
0.06729408016793	0.590203599966043	684
0.0929896814290101	1.01511461811393	17
0.0657592596523799	0.589174142486685	4
0.0657592596523799	0.589174142486685	4
-0.0999881077500799	0.773840743719683	410
0.0400757313518501	0.361162560899904	285
0.0583963866130599	0.797687194353385	615
-0.10010152990328	0.773749047438567	158
0.03506059355487	1.4899189792874	60
-0.0628324496702599	1.28196961925628	60
-0.00373234668673006	1.14619646041486	70
0.04019459198889	0.361113808702474	96
0.11215208473825	1.19664277256518	91
-0.0376199977242699	0.971369902993594	91
-0.0376199977242699	0.971369902993594	91
0.0667870930537	0.589616020977837	591
-0.0999795413065401	0.774163935987156	591
0.0928959523292201	1.01499095487319	591
0.11213765917752	1.19730352814855	17
0.05833867576296	0.79748357258179	17
0.12269622096408	1.53236133849357	169
0.11206119919618	1.1970941656282	467
0.0657592596523799	0.589174142486685	615
-0.01906768537195	1.62812815699714	60
0.04788011211571	1.66278562209654	60
0.0349817739679401	1.48989882444926	60
0.0582951134101599	0.797784880803241	96
0.0669079876023899	0.590129049397097	620
-0.0376847296890701	0.971317789997125	620
0.0177320181824601	1.31666496861891	91
0.0400757313518501	0.361162560899904	684
0.0582951134101599	0.797784880803241	591
-0.1001309494723	1.42979981415944	591
-0.0377926667403099	0.970647456267243	17
0.0660138251920299	0.589391230638723	17
0.11215994324786	1.1972387166861	17
-0.09997095830854	0.774161366781223	158
-0.00400926057792006	1.14585313470885	60
-0.06296834325455	1.28243214104642	60
-0.10020639985157	0.773743447762429	272
0.11839950230927	1.36376987050119	371
0.12277987143844	1.53240383744197	91
0.0928022907844199	1.01477559073757	91
-0.0376199977242699	0.971369902993594	591
-0.03779238355054	0.970972622298318	9
0.11858456663579	1.3634085749302	17
0.05813599240279	0.797331200154474	43
0.0584399501503501	0.79769982874826	4
0.0929896814290101	1.01511461811393	43
-0.0996297969318301	0.774437355317741	43
-0.03751126601183	0.97117970489929	43
0.06729408016793	0.590203599966043	285
-0.0376629135311699	0.971304917656255	615
-0.09520414738843	1.10888808105017	70
-0.0629955159293201	1.28232067962445	60
0.0930026836146201	1.0150029618971	91
-0.0376199977242699	0.971369902993594	91
-0.0040765471445301	1.14541272867225	591
0.11838646618932	1.36382581239861	9
0.11215994324786	1.1972387166861	17
0.1183081648165	1.36191662322604	17
0.05806373276334	0.79713982138369	410
0.1186378702582	1.36331441541324	31
-0.00391186442864	1.14614110823046	90
0.0349545171453001	1.48988775933262	90
0.0177176898651701	1.31674662495615	90
0.06640050781925	0.589791315671906	717
0.06729408016793	0.590203599966043	717
0.0404719114938299	0.361322640689658	717
0.11845289174257	1.36389674047384	60
-0.1000036439209	1.42993684133984	60
-0.0997436122822399	0.774418861125706	272
0.0404719114938299	0.361322640689658	96
0.0582516470812999	0.797772341886517	96
-0.0374684243610801	0.971232920512448	91
0.0582516470812999	0.797772341886517	684
0.11839950230927	1.36376987050119	9
-0.0377926667403099	0.970647456267243	43
0.09307053574539	1.01506199733172	43
-0.03600082359756	2.41143304652932	169
0.11222842060246	1.19685183075257	169
0.04782311711014	1.66263087729654	90
-0.06296707703879	1.28237633464647	463
0.05833867576296	0.79748357258179	615
0.0404719114938299	0.361322640689658	26
-0.09542822115104	1.10893769082864	60
0.06729408016793	0.590203599966043	96
-0.03772766745806	0.971179568236575	620
0.11212966873912	1.19733244835361	620
-0.09515079585498	1.10912068986755	91
0.11853232022508	1.363809344998	91
0.11220611551615	1.19737223627029	371
-0.10009301784278	0.773998601930091	91
-0.0996297969318301	0.774437355317741	591
-0.0999795413065401	0.774163935987156	17
0.0660138251920299	0.589391230638723	43
-0.0999795413065401	0.774163935987156	43
0.0581070063731699	0.797487899674034	43
-0.09996235880499	0.773920592462937	158
0.0927892232866001	1.01439054729322	717
0.12261542837083	1.53208511509422	60
0.05822273219915	0.797691987551502	96
0.06704077902752	0.589986987289273	96
0.0400757313518501	0.361162560899904	96
0.0404719114938299	0.361322640689658	96
-0.09991333007018	1.42992094326867	371
-0.0763501909970401	1.59829079383016	371
0.09307053574539	1.01506199733172	818
-0.06286219748853	1.28220765920754	87
-0.0375770736646299	0.971216031525722	43
0.0582951134101599	0.797784880803241	188
-0.00397908429432992	1.14562661712368	91
-0.00400926057792006	1.14585313470885	91
0.0582805855647599	0.797430473384385	684
0.0669079876023899	0.590129049397097	684
0.06754699712777	0.590324009457586	4
-0.09996235880499	0.773920592462937	331
0.0349545171453001	1.48988775933262	60
-0.0189340635122801	1.62853320997993	60
-0.0376417836587299	0.971237252051548	70
-0.09997095830854	0.774161366781223	60
0.11853232022508	1.363809344998	91
0.01776945609522	1.31644181728237	91
0.0582805855647599	0.797430473384385	91
-0.0999795413065401	0.774163935987156	91
-0.0997436122822399	0.774418861125706	91
0.0582951134101599	0.797784880803241	91
-0.09995846255172	1.43002059814717	371
0.11212176168975	1.19709085061033	91
0.0583963866130599	0.797687194353385	684
-0.03781351830072	0.97007771886859	43
-0.10020639985157	0.773743447762429	4
0.0929220581896699	1.01450959971465	43
-0.10007594408703	0.773472574326896	43
-0.10020639985157	0.773743447762429	331
-0.0998486787805399	0.774176029611433	158
0.12261542837083	1.53208511509422	60
0.0177782693851201	1.31689238990432	91
-0.0628609144404499	1.28241854695205	91
0.0929896814290101	1.01511461811393	91
0.11842677184877	1.3635891291235	91
-0.10028722880484	1.42884145862917	371
-0.06283373539569	1.28233093364841	371
-0.00391944859509996	1.14608745729724	91
0.0349545171453001	1.48988775933262	9
0.12262645217491	1.53223743572122	87
-0.0995070690697399	0.774452381792266	43
0.0581070063731699	0.797487899674034	43
-0.0998573327016901	0.774326861652598	43
0.0175877390075201	1.31600493038784	60
0.11208359419639	1.19684373267159	60
0.09309643861636	1.01494888434125	272
0.06754699712777	0.590324009457586	272
0.06779953055876	0.590281779562666	96
0.0583675193827	0.797791482115468	91
-0.00390429105450996	1.14612220009606	91
-0.0952166228159399	1.10910215926925	91
0.11221417567966	1.19717358906083	371
0.03995666139643	0.361009605400419	684
0.0667870930537	0.589616020977837	684
-0.03812759693346	1.4567403881436	9
0.0661461894111901	0.58941996665963	17
0.11842556246621	1.36339969894907	43
-0.03827583893741	1.45640753424195	43
-0.09545483390151	1.1085304379891	463
0.11209146650402	1.19718453032602	158
-0.0375552278978399	0.971348728509458	60
0.12277047420366	1.53253015141933	70
0.0928959523292201	1.01499095487319	149
-0.0381907722060499	1.456684008713	91
0.11206119919618	1.1970941656282	91
-0.00400926057792006	1.14585313470885	91
0.11216788507174	1.197393867706	91
0.11838646618932	1.36382581239861	91
0.0349545171453001	1.48988775933262	91
0.05841113039771	0.79749024913428	4
0.0582516470812999	0.797772341886517	43
0.0349559830724	1.48962129723847	463
0.0177782693851201	1.31689238990432	60
0.04786408703858	1.66300682995499	60
-0.0953224228540199	1.10920392728072	60
0.11845289174257	1.36389674047384	60
-0.0998486787805399	0.774176029611433	60
-0.00371711513271	1.14608617026441	91
0.0932584159624801	1.0150461797237	91
-0.0631560299763301	1.28160612642831	9
-0.0999881077500799	0.773840743719683	43
0.0928022907844199	1.01477559073757	331
0.0927349692105499	1.01434853374846	90
-0.0997436122822399	0.774418861125706	158
-0.0994018809641699	0.774101951035146	70
0.11826785823903	1.36323770450564	70
-0.03802065713569	1.45667538238408	149
0.03498030408266	1.4898887383622	149
-0.09975230417822	0.774274178577378	91
-0.06302142775844	1.28235240942454	91
-0.0997349038953601	0.774341633185776	91
-0.0375332920209499	0.971335989947976	91
-0.0999795413065401	0.774163935987156	9
-0.09548085875698	1.10878704990263	43
-0.00383730678130001	1.1460589544713	43
-0.0999881077500799	0.773840743719683	331
0.0582662459451999	0.797390693711427	331
0.0581070063731699	0.797487899674034	331
0.11842677184877	1.3635891291235	90
-0.0377494238306	0.971192499435083	90
-0.09997095830854	0.774161366781223	158
-0.03779238355054	0.970972622298318	391
-0.0630757704231899	1.28205828288189	391
-0.0377494238306	0.971192499435083	60
0.11206920343166	1.19697006676344	149
0.0666544403313301	0.59000828848376	188
0.0581503757161399	0.797500355917327	188
-0.0374684243610801	0.971232920512448	91
0.12266357972983	1.53219140551557	91
-0.0955734008747899	1.10836831635989	9
0.06729408016793	0.590203599966043	17
-0.00390429105450996	1.14612220009606	43
0.0928959523292201	1.01499095487319	43
0.03995666139643	0.361009605400419	285
-0.0232006172430901	2.10725507344918	69
0.0178388397673299	1.31690586529848	158
0.0404719114938299	0.361322640689658	26
-0.0999881077500799	0.773840743719683	149
-0.00383730678130001	1.1460589544713	149
0.0582516470812999	0.797772341886517	188
-0.0375761556577601	0.97120071712665	91
-0.0376199977242699	0.971369902993594	91
0.0177782693851201	1.31689238990432	91
0.11846594563983	1.36392177573483	214
-0.0999881077500799	0.773840743719683	91
0.0929896814290101	1.01511461811393	91
0.11219813888498	1.19730010441067	43
-0.0955999544781501	1.10811897629575	463
0.04019459198889	0.361113808702474	26
0.0928829264948601	1.01472280325666	60
-0.0377710902494499	0.971060007159056	70
0.0928959523292201	1.01499095487319	60
-0.0998486787805399	0.774176029611433	188
0.0579203140791	1.83340984956378	91
-0.0376199977242699	0.971369902993594	91
0.0576802758419701	1.83288441673066	91
-0.0954149203138901	1.10902660350339	91
0.11196249802231	1.19596376725455	91
-0.0951774642191801	1.10913791862697	591
0.11825481974314	1.36292999563512	463
-0.06310169200595	1.28205160600231	60
0.11845289174257	1.36389674047384	149
-0.0376629135311699	0.971304917656255	91
-0.10009301784278	0.773998601930091	91
0.09281537634135	1.01484161778391	91
-0.0377710902494499	0.971060007159056	91
0.09327127484108	1.01492717427538	591
-0.0950716885813401	1.10874735108489	9
-0.0997349038953601	0.774341633185776	43
-0.06315355429291	1.28144407450187	43
0.0669079876023899	0.590129049397097	43
0.0929637311571201	1.01434754167408	43
0.09309643861636	1.01494888434125	43
0.05822273219915	0.797691987551502	158
-0.0762493440695899	1.59930731157968	158
0.0931644419440201	1.01510003139785	158
0.11209146650402	1.19718453032602	391
-0.0763419813633699	1.59916179368756	60
-0.0998573327016901	0.774326861652598	149
0.09307053574539	1.01506199733172	91
-0.0375770736646299	0.971216031525722	91
0.11820136636916	1.36299986156957	91
-0.0953490467445901	1.10909169821672	9
-0.03770645584084	0.97118520731588	43
0.06729408016793	0.590203599966043	331
-0.0995070690697399	0.774452381792266	26
0.0400757313518501	0.361162560899904	26
0.0580347229940099	0.797093811834519	158
0.12269670754495	1.53173660500413	60
0.05822273219915	0.797691987551502	188
-0.0996210340312	0.774433753881929	91
-0.07635612079095	1.59912906093742	371
0.06729408016793	0.590203599966043	91
0.11849204134042	1.36372654826103	9
-0.00373234668673006	1.14619646041486	43
-0.0952958137295801	1.1090568619249	43
-0.10126003599584	2.05745752696075	3
0.0350620752164601	1.48992189893102	464
-0.0998573327016901	0.774326861652598	31
0.05832400447743	0.79777889706228	158
0.06626800442765	0.58951227776968	26
0.0927218239130401	1.0146264042384	60
0.03498324381748	1.4894831888696	725
0.0928829264948601	1.01472280325666	188
-0.0952832381254201	1.10897600538362	91
0.01784764779204	1.31667952320161	91
-0.0998659701244799	0.774255798157072	91
-0.10009301784278	0.773998601930091	9
0.0177925837822901	1.31667844288435	87
-0.00371711513271	1.14608617026441	43
0.12271009537197	1.53252357342144	43
0.0177925837822901	1.31667844288435	43
0.0669079876023899	0.590129049397097	158
0.12267296434739	1.53240066471627	60
-0.06283373539569	1.28233093364841	60
-0.0190078860534499	1.6280200552004	60
-0.01910756550709	1.62785330445709	60
0.11821438307055	1.36310791750677	60
0.0669079876023899	0.590129049397097	188
-0.0999881077500799	0.773840743719683	91
0.11206119919618	1.1970941656282	91
-0.00331870469949003	1.79665548321502	214
-0.09997095830854	0.774161366781223	91
0.09270869671627	1.01444337638405	91
0.0666544403313301	0.59000828848376	591
0.0666544403313301	0.59000828848376	43
-0.10103565406994	2.05901686386188	53
0.09315155927538	1.0146867240711	331
-0.00979070580371011	2.27555292031012	69
0.0577870195739201	1.83323939379169	90
0.0579203140791	1.83340984956378	463
0.11841370585021	1.36328124103043	158
-0.0629942534069401	1.28239709328681	60
-0.06296834325455	1.28243214104642	60
0.0669079876023899	0.590129049397097	188
0.0404719114938299	0.361322640689658	188
-0.0997349038953601	0.774341633185776	91
0.0178388397673299	1.31690586529848	214
0.0477074735157601	1.66248660245	371
0.09281537634135	1.01484161778391	591
-0.06296834325455	1.28243214104642	591
-0.09512414228116	1.1088357833323	591
0.0405904054674899	0.361273728188317	17
-0.0952699076686101	1.1091368898902	87
0.04019459198889	0.361113808702474	43
0.0583675193827	0.797791482115468	158
0.0404719114938299	0.361322640689658	26
-0.05632387640284	1.76823034859287	149
0.11215994324786	1.1972387166861	91
0.0669079876023899	0.590129049397097	591
0.11219813888498	1.19730010441067	9
0.0669079876023899	0.590129049397097	17
0.11842677184877	1.3635891291235	87
0.12264970808531	1.53235990515963	90
-0.10023772693249	1.42924331145538	60
-0.0998659701244799	0.774255798157072	188
0.0178531401997599	1.31653011638209	214
0.05813599240279	0.797331200154474	591
0.0479913225983599	1.66291378413268	9
0.0178850965839901	1.31683916792252	9
0.12292389670225	1.5320164214826	9
0.09315155927538	1.0146867240711	87
0.12285410708172	1.5323853087147	43
0.11829392314132	1.36354507986644	158
-0.0995070690697399	0.774452381792266	149
-0.0377494238306	0.971192499435083	149
0.03498324381748	1.4894831888696	149
-0.0998573327016901	0.774326861652598	188
0.01780139530442	1.31689537172487	91
-0.06286219748853	1.28220765920754	91
-0.0999795413065401	0.774163935987156	361
-0.00408406191229993	1.14550426291643	591
-0.0763419813633699	1.59916179368756	9
-0.0376199977242699	0.971369902993594	17
-0.03764100734363	0.971148479720349	243
-0.09520414738843	1.10888808105017	43
-0.03764100734363	0.971148479720349	43
0.04790055780199	1.66255279360323	60
0.0478187443982301	1.66301596808641	60
0.0930026836146201	1.0150029618971	149
0.0930026836146201	1.0150029618971	725
-0.09515079585498	1.10912068986755	593
0.0177925837822901	1.31667844288435	9
-0.03770645584084	0.97118520731588	17
0.05817931439108	0.797679491776654	17
0.09317734260664	1.01509854295805	17
0.05820827665872	0.79742393937989	17
-0.0374904201714199	0.971245583613829	43
0.0584399501503501	0.79769982874826	243
0.0103630688616601	1.96721146416229	174
-0.07642258157942	1.59903060029235	174
0.11215994324786	1.1972387166861	738
0.06754699712777	0.590324009457586	285
-0.03759812173156	0.971357094877432	90
-0.09536236423209	1.10893083428085	725
0.05813599240279	0.797331200154474	395
-0.0996210340312	0.774433753881929	91
0.0929896814290101	1.01511461811393	91
0.03508785082435	1.48993005552971	214
0.0178388397673299	1.31690586529848	593
0.0583963866130599	0.797687194353385	593
-0.0383171901967201	1.45622569558396	371
0.12266357972983	1.53219140551557	9
0.06626800442765	0.58951227776968	482
-0.03751126601183	0.97117970489929	482
0.1121074612167	1.19703151090983	43
-0.09546757823198	1.10874641219142	43
0.0577003133220999	1.83295426805294	738
-0.0377926667403099	0.970647456267243	158
0.11215994324786	1.1972387166861	343
0.03503333833898	1.48983474314799	60
-0.0995070690697399	0.774452381792266	343
-0.0997349038953601	0.774341633185776	149
0.11199273025046	1.1965750860903	91
-0.0630201699349899	1.28218695244773	714
-0.00382968794147009	1.14619044136978	91
-0.06302142775844	1.28235240942454	9
-0.0997436122822399	0.774418861125706	9
0.0349014677914199	1.48967236359433	87
-0.00382207988244998	1.14624413498319	87
-0.06296707703879	1.28237633464647	507
-0.0374904201714199	0.971245583613829	43
-0.0629942534069401	1.28239709328681	331
0.01775514367867	1.31681679420971	277
0.0404719114938299	0.361322640689658	26
-0.0763883464149899	1.59882829187898	206
0.09301570388066	1.01445552987221	60
0.0929089962157501	1.01496515257567	149
-0.03821265164765	1.45657899516567	725
0.0350362938081401	1.48969852742977	9
0.11854538787763	1.36383440668015	31
-0.0954016231661601	1.10904984901962	277
-0.06294116856962	1.28247683048444	60
-0.00391944859509996	1.14608745729724	343
0.0929089962157501	1.01496515257567	149
-0.0995070690697399	0.774452381792266	149
0.0930026836146201	1.0150029618971	149
0.09308347816206	1.01515253512817	149
0.0929896814290101	1.01511461811393	149
0.0478436046305999	1.66285913384774	725
-0.0955999544781501	1.10811897629575	361
-0.0998659701244799	0.774255798157072	413
-0.0998659701244799	0.774255798157072	17
-0.03764100734363	0.971148479720349	87
0.06729408016793	0.590203599966043	31
-0.0953357329525499	1.109180653183	90
-0.0999795413065401	0.774163935987156	343
0.0931644419440201	1.01510003139785	60
0.0582516470812999	0.797772341886517	149
0.06640050781925	0.589791315671906	149
0.11854538787763	1.36383440668015	149
-0.00390429105450996	1.14612220009606	149
0.12273335371078	1.53256434383476	725
-0.10004066335244	1.42962701810972	725
0.12277047420366	1.53253015141933	91
0.11228261879729	1.19705561837483	413
0.09281537634135	1.01484161778391	413
0.0666544403313301	0.59000828848376	413
0.0582516470812999	0.797772341886517	593
-0.0996297969318301	0.774437355317741	593
0.05822273219915	0.797691987551502	488
-0.0817185818331001	1.91390728333712	668
0.03490000968004	1.48964343968168	9
0.0929896814290101	1.01511461811393	9
0.11851924853759	1.36370108964016	87
0.05819384091091	0.797199179169602	243
-0.06280655433564	1.28217187672816	362
-0.00390429105450996	1.14612220009606	31
0.0405904054674899	0.361273728188317	285
0.0405904054674899	0.361273728188317	472
0.04035320892594	0.361169722228799	26
-0.09997095830854	0.774161366781223	158
-0.0378140801872999	0.970985606335259	343
0.06754699712777	0.590324009457586	149
-0.0382734869424399	1.45623247122664	149
0.0666544403313301	0.59000828848376	149
-0.03759812173156	0.971357094877432	617
-0.09996235880499	0.773920592462937	91
-0.00382968794147009	1.14619044136978	91
0.0928959523292201	1.01499095487319	361
0.11833428140573	1.36318543318518	361
0.0928959523292201	1.01499095487319	714
-0.00391186442864	1.14614110823046	593
0.0660138251920299	0.589391230638723	488
-0.05638183942529	1.76799340856351	371
0.09309643861636	1.01494888434125	9
0.04792550358741	1.66300038588337	9
0.06754699712777	0.590324009457586	144
0.0405904054674899	0.361273728188317	144
0.0350620752164601	1.48992189893102	87
-0.10008448922115	0.773906023057076	43
-0.09519080395228	1.10904894116388	43
0.04258111105564	2.47461052746238	53
-0.0376417836587299	0.971237252051548	90
0.11837342604012	1.36380080845913	60
-0.0996297969318301	0.774437355317741	617
-0.0998573327016901	0.774326861652598	91
-0.06310169200595	1.28205160600231	91
0.0669079876023899	0.590129049397097	413
-0.0376199977242699	0.971369902993594	593
-0.09542822115104	1.10893769082864	371
0.11224436008658	1.1972638547983	9
-0.0376199977242699	0.971369902993594	482
-0.0375332920209499	0.971335989947976	87
0.11209942212886	1.19724209000592	43
0.03995666139643	0.361009605400419	472
0.0348469607694299	1.48942810497968	90
-0.00390429105450996	1.14612220009606	343
-0.03770645584084	0.97118520731588	343
0.05833867576296	0.79748357258179	149
-0.0999795413065401	0.774163935987156	149
0.09281537634135	1.01484161778391	254
0.06729408016793	0.590203599966043	395
-0.0995070690697399	0.774452381792266	361
-0.03772766745806	0.971179568236575	413
-0.0377494238306	0.971192499435083	413
-0.0953883297057601	1.10900921430707	593
-0.0376847296890701	0.971317789997125	9
0.0479503609941501	1.66299188305672	9
0.11837342604012	1.36380080845913	9
-0.0377710902494499	0.971060007159056	598
0.0404719114938299	0.361322640689658	472
0.0400757313518501	0.361162560899904	472
-0.0376199977242699	0.971369902993594	117
0.09317734260664	1.01509854295805	343
0.0582516470812999	0.797772341886517	361
0.11215994324786	1.1972387166861	593
0.01768576781048	1.31608938464407	593
0.0927218239130401	1.0146264042384	243
0.12289120640026	1.53174684006665	243
0.0400757313518501	0.361162560899904	285
-0.0953091164470401	1.10916330782568	90
0.05835291915452	0.797338851830935	343
0.0929896814290101	1.01511461811393	343
0.11212966873912	1.19733244835361	149
-0.03759812173156	0.971357094877432	725
-0.00382207988244998	1.14624413498319	254
-0.0996210340312	0.774433753881929	395
0.05813599240279	0.797331200154474	395
0.0929089962157501	1.01496515257567	361
0.0582951134101599	0.797784880803241	413
-0.0953091164470401	1.10916330782568	91
0.0932584159624801	1.0150461797237	593
0.01786196807041	1.31690885537426	593
-0.00381448260992001	1.14622526380948	9
0.03995666139643	0.361009605400419	144
-0.00372472551665992	1.14617763393206	87
-0.09949823518252	0.774211913438795	87
-0.09996235880499	0.773920592462937	243
0.03506059355487	1.4899189792874	362
0.0349545171453001	1.48988775933262	174
0.0929089962157501	1.01496515257567	738
0.0404719114938299	0.361322640689658	472
0.0582951134101599	0.797784880803241	90
-0.038105711604	1.45677735085545	90
-0.0998659701244799	0.774255798157072	158
0.09308347816206	1.01515253512817	117
0.09308347816206	1.01515253512817	343
0.0931644419440201	1.01510003139785	149
0.0669079876023899	0.590129049397097	759
-0.0997436122822399	0.774418861125706	149
0.0669079876023899	0.590129049397097	770
0.09308347816206	1.01515253512817	361
-0.09997095830854	0.774161366781223	413
-0.0998659701244799	0.774255798157072	593
-0.10010152990328	0.773749047438567	488
-0.0376199977242699	0.971369902993594	482
-0.0382102457865401	1.45651931710557	87
-0.0998486787805399	0.774176029611433	43
-0.10007594408703	0.773472574326896	472
0.11847899550541	1.3638658606658	277
-0.0953224228540199	1.10920392728072	90
-0.0998659701244799	0.774255798157072	343
-0.0952958137295801	1.1090568619249	149
-0.0377494238306	0.971192499435083	149
0.0582805855647599	0.797430473384385	149
0.05822273219915	0.797691987551502	395
-0.10021485757782	0.773583964004878	361
-0.0997436122822399	0.774418861125706	413
0.0348469607694299	1.48942810497968	87
0.11836038186052	1.36369259288262	87
0.09307053574539	1.01506199733172	43
-0.0997436122822399	0.774418861125706	43
0.0349287243980301	1.48968342793261	86
-0.00388917670528999	1.14586100594575	86
0.0332174880973199	2.30593355981734	186
-0.05627324529955	1.76836546070695	362
0.12278432050403	1.53201246588894	738
0.0666544403313301	0.59000828848376	472
0.0669079876023899	0.590129049397097	472
-0.0953490467445901	1.10909169821672	90
-0.0955074308580699	1.10867498506767	90
0.04035320892594	0.361169722228799	26
-0.0953357329525499	1.109180653183	158
-0.00379932044668996	1.14596412600775	60
-0.0630473459779199	1.28220770319229	725
-0.00365798731020006	1.14565388966793	714
-0.0995158865319701	0.774365971673596	488
0.06729408016793	0.590203599966043	488
0.11834733364942	1.3634932741219	482
0.0404719114938299	0.361322640689658	171
0.06652179801436	0.589470978357053	144
0.11208359419639	1.19684373267159	87
-0.0998573327016901	0.774326861652598	598
-0.0376417836587299	0.971237252051548	598
0.0404719114938299	0.361322640689658	472
0.04035320892594	0.361169722228799	472
0.04019459198889	0.361113808702474	285
0.0582516470812999	0.797772341886517	90
-0.0189072020368299	1.62827963255453	367
0.0661461894111901	0.58941996665963	343
-0.0376629135311699	0.971304917656255	343
0.0582516470812999	0.797772341886517	343
0.11839950230927	1.36376987050119	149
0.0583675193827	0.797791482115468	149
0.0669079876023899	0.590129049397097	617
0.0669079876023899	0.590129049397097	395
0.0928959523292201	1.01499095487319	361
-0.03759812173156	0.971357094877432	593
0.06640050781925	0.589791315671906	593
0.0582516470812999	0.797772341886517	593
0.06626800442765	0.58951227776968	488
-0.09997095830854	0.774161366781223	488
-0.03759812173156	0.971357094877432	482
0.0930026836146201	1.0150029618971	9
0.0405904054674899	0.361273728188317	144
-0.09548085875698	1.10878704990263	87
0.11834733364942	1.3634932741219	362
0.05817931439108	0.797679491776654	31
0.0669079876023899	0.590129049397097	90
0.06704077902752	0.589986987289273	395
0.06754699712777	0.590324009457586	770
-0.00400170030462999	1.14590672917174	361
-0.0375332920209499	0.971335989947976	714
0.06754699712777	0.590324009457586	593
0.0404719114938299	0.361322640689658	593
-0.10000786591196	1.4292241367715	9
-0.0996297969318301	0.774437355317741	482
-0.0996210340312	0.774433753881929	9
-0.0998573327016901	0.774326861652598	9
-0.0996297969318301	0.774437355317741	87
0.11216788507174	1.197393867706	598
0.04019459198889	0.361113808702474	285
0.0405904054674899	0.361273728188317	472
0.12268683737928	1.53240107921969	277
-0.09545430138779	1.10863999144858	90
0.0405904054674899	0.361273728188317	343
0.0661461894111901	0.58941996665963	343
0.0666544403313301	0.59000828848376	343
0.12257994139743	1.53171995828018	149
-0.0630498552599601	1.28187504866877	149
-0.0999795413065401	0.774163935987156	149
-0.0037399786372001	1.14614273997489	725
0.0583675193827	0.797791482115468	617
0.05835291915452	0.797338851830935	617
0.0661461894111901	0.58941996665963	395
-0.03779238355054	0.970972622298318	361
0.05832400447743	0.79777889706228	770
0.04019459198889	0.361113808702474	413
0.0405904054674899	0.361273728188317	488
-0.0631029387422299	1.2817953608954	668
0.0348484110150999	1.48931745609142	668
-0.00388917670528999	1.14586100594575	9
0.0583963866130599	0.797687194353385	144
0.11222231951993	1.19669368080822	243
-0.00391944859509996	1.14608745729724	86
-0.00392704354834006	1.14595601921863	43
-0.0230442491173	2.10804195863261	186
0.11202299036526	1.19684698041237	90
-0.0952832381254201	1.10897600538362	90
-0.00363501979483005	1.1458202561062	343
0.0666544403313301	0.59000828848376	343
-0.00390429105450996	1.14612220009606	149
-0.00382207988244998	1.14624413498319	149
-0.0377710902494499	0.971060007159056	617
-0.00388163574111	1.14559961299406	617
0.0929089962157501	1.01496515257567	361
0.0583963866130599	0.797687194353385	413
0.09308347816206	1.01515253512817	593
0.05832400447743	0.79777889706228	488
-0.0997349038953601	0.774341633185776	488
-0.0996297969318301	0.774437355317741	488
0.0400757313518501	0.361162560899904	488
0.09281537634135	1.01484161778391	87
0.12277047420366	1.53253015141933	86
0.05822273219915	0.797691987551502	472
0.11831997193212	1.36351409835264	277
0.01775514367867	1.31681679420971	206
0.11846594563983	1.36392177573483	149
0.12266357972983	1.53219140551557	149
-0.0383414733657099	1.45563278150928	149
0.05817931439108	0.797679491776654	395
-0.00381448260992001	1.14622526380948	593
0.0349545171453001	1.48988775933262	482
-0.0951641281873601	1.10916123929984	9
-0.03823210558299	1.45654942606327	367
0.0349014677914199	1.48967236359433	725
0.0477529012131299	1.66281945885999	254
-0.0993930088925701	0.774381147082806	361
-0.0040765471445301	1.14541272867225	770
-0.0629967795361699	1.28183757524028	214
-0.00401683164371991	1.14572178126967	593
0.05813599240279	0.797331200154474	371
0.0928022907844199	1.01477559073757	482
-0.06307452000059	1.2821630293222	177
0.0177782693851201	1.31689238990432	177
-0.10008448922115	0.773906023057076	177
-0.0039866121574399	1.14579622944292	343
-0.10008448922115	0.773906023057076	149
0.09319026129936	1.01477745885181	149
0.0928284799924399	1.01447188278909	361
-0.10021485757782	0.773583964004878	361
-0.10009301784278	0.773998601930091	361
-0.0954149203138901	1.10902660350339	361
0.1225893123695	1.53203929792298	91
-0.0954016231661601	1.10904984901962	593
0.0582951134101599	0.797784880803241	593
0.05822273219915	0.797691987551502	144
0.0179456625882399	1.31669083918847	87
0.04019459198889	0.361113808702474	285
-0.09974090148599	1.42897358164577	195
-0.0951774642191801	1.10913791862697	177
0.11209942212886	1.19724209000592	60
0.0582516470812999	0.797772341886517	149
-0.03759812173156	0.971357094877432	149
0.11222231951993	1.19669368080822	714
0.09281537634135	1.01484161778391	9
0.12273335371078	1.53256434383476	9
-0.06296707703879	1.28237633464647	482
-0.09520414738843	1.10888808105017	482
0.06704077902752	0.589986987289273	472
-0.10009301784278	0.773998601930091	472
-0.0627534839800401	1.28198509134066	177
0.11849204134042	1.36372654826103	149
-0.0953490467445901	1.10909169821672	149
0.0927218239130401	1.0146264042384	759
0.12284025651849	1.53241045230602	149
0.09317734260664	1.01509854295805	395
-0.0954941429649601	1.10876383623045	214
-0.0563311978672001	1.7681285161059	9
-0.0997349038953601	0.774341633185776	482
-0.00394226579270995	1.14538666943175	482
0.11206920343166	1.19697006676344	17
-0.0377710902494499	0.971060007159056	17
0.1121074612167	1.19703151090983	149
0.0933524578789799	1.01487498135219	759
0.09307053574539	1.01506199733172	149
0.0582951134101599	0.797784880803241	725
-0.0999995531079201	1.4299530809016	725
0.11818834564131	1.36280079410331	254
-0.0382102457865401	1.45651931710557	254
-0.0953883297057601	1.10900921430707	361
0.09308347816206	1.01515253512817	361
0.0929089962157501	1.01496515257567	413
0.01019187009286	1.96692672205541	668
0.05817931439108	0.797679491776654	482
0.04790937893004	1.66277244095682	9
0.11853232022508	1.363809344998	9
-0.03751126601183	0.97117970489929	87
-0.0628609144404499	1.28241854695205	87
-0.00382207988244998	1.14624413498319	87
-0.0817898522871601	1.91351309340749	174
0.0178245214391799	1.31682567095759	174
0.04035320892594	0.361169722228799	472
-0.0376629135311699	0.971304917656255	343
-0.0998573327016901	0.774326861652598	149
0.11224436008658	1.1972638547983	714
-0.0996297969318301	0.774437355317741	714
0.11209146650402	1.19718453032602	593
0.11222842060246	1.19685183075257	488
0.0176945665369199	1.31667104625431	371
-0.03842186497484	1.45526118050203	668
0.05832400447743	0.79777889706228	482
0.11845289174257	1.36389674047384	9
-0.0993930088925701	0.774381147082806	9
-0.0629942534069401	1.28239709328681	87
0.11212966873912	1.19733244835361	87
0.0577798694913101	1.83173627269229	195
0.09281537634135	1.01484161778391	343
-0.0998659701244799	0.774255798157072	759
-0.0382953362765299	1.45626258320291	149
0.0581070063731699	0.797487899674034	617
0.0929089962157501	1.01496515257567	784
-0.06307452000059	1.2821630293222	361
0.09281537634135	1.01484161778391	593
0.12268683737928	1.53240107921969	9
-0.0377926667403099	0.970647456267243	17
-0.0953883297057601	1.10900921430707	87
0.06640050781925	0.589791315671906	427
0.12278432050403	1.53201246588894	86
0.04035320892594	0.361169722228799	285
0.04035320892594	0.361169722228799	472
0.03995666139643	0.361009605400419	472
-0.0629139918716399	1.2824560732317	177
-0.0995158865319701	0.774365971673596	343
0.0400757313518501	0.361162560899904	759
-0.0038525767806401	1.1454894827741	149
-0.03804254835633	1.456705422094	725
-0.0376629135311699	0.971304917656255	254
0.06640050781925	0.589791315671906	770
0.0930026836146201	1.0150029618971	361
0.05822273219915	0.797691987551502	413
0.06729408016793	0.590203599966043	413
0.0660138251920299	0.589391230638723	482
-0.0998573327016901	0.774326861652598	9
0.11216788507174	1.197393867706	9
0.05832400447743	0.79777889706228	144
0.0178994009879301	1.31675748331694	87
-0.03770645584084	0.97118520731588	427
0.0669079876023899	0.590129049397097	149
0.0404719114938299	0.361322640689658	149
-0.0953224228540199	1.10920392728072	784
-0.10120823072131	2.05781909787028	254
0.06704077902752	0.589986987289273	770
0.11206119919618	1.1970941656282	361
0.0666544403313301	0.59000828848376	144
0.0582662459451999	0.797390693711427	43
-0.03770645584084	0.97118520731588	481
-0.0953357329525499	1.109180653183	174
0.0669079876023899	0.590129049397097	31
0.0666544403313301	0.59000828848376	343
-0.0998659701244799	0.774255798157072	60
0.05820827665872	0.79742393937989	759
0.0405904054674899	0.361273728188317	759
0.0580780439275299	0.797106236295213	149
0.09281537634135	1.01484161778391	149
0.0400757313518501	0.361162560899904	149
0.04019459198889	0.361113808702474	395
0.0582516470812999	0.797772341886517	395
-0.06296707703879	1.28237633464647	361
0.04019459198889	0.361113808702474	770
-0.0376199977242699	0.971369902993594	593
0.03995666139643	0.361009605400419	593
0.09307053574539	1.01506199733172	593
0.0669079876023899	0.590129049397097	488
0.06626800442765	0.58951227776968	488
0.11843983381257	1.363788488939	9
0.0404719114938299	0.361322640689658	144
0.0404719114938299	0.361322640689658	144
0.0931644419440201	1.01510003139785	86
0.11846594563983	1.36392177573483	31
-0.0641074564333599	2.08149037124196	195
0.11215994324786	1.1972387166861	177
-0.0377494238306	0.971192499435083	343
-0.0953224228540199	1.10920392728072	725
-0.0762754942362101	1.59926032830311	254
0.0582516470812999	0.797772341886517	214
-0.09972617906736	0.773954066072917	361
0.0929089962157501	1.01496515257567	361
0.11205327835221	1.19693733715299	714
-0.00993930218557004	2.27495767355454	668
0.0577870195739201	1.83323939379169	668
0.06754699712777	0.590324009457586	144
-0.0376417836587299	0.971237252051548	87
0.0584687935218	0.797395144295211	472
-0.10010152990328	0.773749047438567	472
0.11830694955005	1.36357004823443	117
-0.00388917670528999	1.14586100594575	356
-0.0375341413300701	0.970700170155479	343
0.11212176168975	1.19709085061033	60
0.11851924853759	1.36370108964016	149
0.0666544403313301	0.59000828848376	413
-0.0951900025474299	1.10865863942886	234
-0.0377280920115699	0.970772505341636	234
-0.09524325785113	1.10924916729094	9
-0.07644876595102	1.59901942963573	106
0.11220611551615	1.19737223627029	511
-0.00338467720872004	1.79745453597946	86
0.09281537634135	1.01484161778391	481
-0.00362738550852004	1.14572891934992	700
-0.09524325785113	1.10924916729094	254
-0.0377494238306	0.971192499435083	214
-0.0374904201714199	0.971245583613829	593
-0.09997095830854	0.774161366781223	234
0.0405904054674899	0.361273728188317	285
-0.10015565523953	1.42963651481672	365
0.06754699712777	0.590324009457586	61
0.0581503757161399	0.797500355917327	61
0.0660138251920299	0.589391230638723	61
0.03498030408266	1.4898887383622	725
0.0814794937621599	2.34215964020822	725
0.06729408016793	0.590203599966043	254
-0.03779238355054	0.970972622298318	361
0.11209146650402	1.19718453032602	234
0.11838646618932	1.36382581239861	9
-0.0997436122822399	0.774418861125706	508
0.0404719114938299	0.361322640689658	20
-0.0995246875187901	0.773938666265461	543
-0.09963854334916	0.77420270997835	481
0.0404719114938299	0.361322640689658	285
0.06729408016793	0.590203599966043	61
0.1185061728142	1.36350175071276	725
0.06626800442765	0.58951227776968	617
0.11213765917752	1.19730352814855	214
-0.0953490467445901	1.10909169821672	214
0.0405904054674899	0.361273728188317	234
-0.0628609144404499	1.28241854695205	668
-0.03759812173156	0.971357094877432	9
-0.0377710902494499	0.971060007159056	106
-0.0999881077500799	0.773840743719683	751
-0.0376847296890701	0.971317789997125	86
0.0661461894111901	0.58941996665963	481
-0.10010152990328	0.773749047438567	191
0.0400757313518501	0.361162560899904	61
0.05822273219915	0.797691987551502	61
-0.0816777788441301	1.91368738841989	206
0.0478187443982301	1.66301596808641	206
0.05835291915452	0.797338851830935	149
-0.03764100734363	0.971148479720349	149
0.0582951134101599	0.797784880803241	149
-0.09515079585498	1.10912068986755	149
0.05822273219915	0.797691987551502	617
0.11843983381257	1.363788488939	214
-0.06304609280399	1.28179266602802	214
-0.06302142775844	1.28235240942454	668
0.0666544403313301	0.59000828848376	234
-0.0995158865319701	0.774365971673596	234
-0.03823210558299	1.45654942606327	668
0.0929089962157501	1.01496515257567	9
-0.0999795413065401	0.774163935987156	9
-0.0998927764778701	1.42992355814236	658
-0.00391944859509996	1.14608745729724	481
-0.08183251078774	1.91387588787007	365
0.05806373276334	0.79713982138369	61
-0.00381448260992001	1.14622526380948	60
-0.0995070690697399	0.774452381792266	361
-0.03759812173156	0.971357094877432	361
0.0350060851737299	1.48967466244509	214
-0.0997436122822399	0.774418861125706	508
0.11198479562185	1.19646685579905	751
0.0583675193827	0.797791482115468	86
0.0657592596523799	0.589174142486685	26
0.06640050781925	0.589791315671906	61
-0.0191615347526899	1.6272154181189	60
-0.06294116856962	1.28247683048444	60
0.0932455750699099	1.01472489053794	617
0.05833867576296	0.79748357258179	617
0.0582516470812999	0.797772341886517	700
-0.0998573327016901	0.774326861652598	214
-0.06315355429291	1.28144407450187	361
-0.0360662130200999	2.41139280836043	106
-0.0999881077500799	0.773840743719683	9
-0.07021009859898	2.38555347095751	720
-0.07006239230513	2.38566568824199	720
-0.00340663411284003	1.79731862565397	365
0.06754699712777	0.590324009457586	61
0.0350362938081401	1.48969852742977	60
0.03995666139643	0.361009605400419	422
-0.0998659701244799	0.774255798157072	617
0.06729408016793	0.590203599966043	758
-0.00382207988244998	1.14624413498319	214
0.0929089962157501	1.01496515257567	214
-0.0629942534069401	1.28239709328681	214
-0.09519080395228	1.10904894116388	668
0.0177176898651701	1.31674662495615	106
0.11836038186052	1.36369259288262	508
-0.03823453567672	1.45640251714541	508
-0.0376199977242699	0.971369902993594	20
-0.0377710902494499	0.971060007159056	87
0.11829392314132	1.36354507986644	481
0.04035320892594	0.361169722228799	191
0.0405904054674899	0.361273728188317	26
-0.0376199977242699	0.971369902993594	356
0.0179599530233701	1.31626207337294	356
0.0581070063731699	0.797487899674034	149
-0.09995846255172	1.43002059814717	725
-0.0953224228540199	1.10920392728072	617
0.09281537634135	1.01484161778391	361
0.11219813888498	1.19730010441067	361
-0.03770645584084	0.97118520731588	361
0.0347666542274401	1.48883144765576	214
-0.0375761556577601	0.97120071712665	21
-0.0995158865319701	0.774365971673596	21
0.0931644419440201	1.01510003139785	214
0.03511511015036	1.48986792541451	9
0.11828089270471	1.3634369282367	751
-0.10184626508125	2.36202548665274	8
-0.00382207988244998	1.14624413498319	191
0.05813599240279	0.797331200154474	61
-0.0954016231661601	1.10904984901962	725
0.0582951134101599	0.797784880803241	361
0.11223634861539	1.19727846089222	21
-0.0952166228159399	1.10910215926925	668
-0.10008990196047	1.42986723711651	106
-0.0374684243610801	0.971232920512448	751
0.05817931439108	0.797679491776654	751
-0.10234920030004	1.74437798404627	682
-0.0189809228092399	1.62842194119861	682
0.01774081341129	1.31674960255633	725
0.0404719114938299	0.361322640689658	361
-0.0997349038953601	0.774341633185776	361
-0.00373234668673006	1.14619646041486	21
0.0582951134101599	0.797784880803241	407
-0.03770645584084	0.97118520731588	747
0.0177782693851201	1.31689238990432	106
-0.0996210340312	0.774433753881929	486
0.0669079876023899	0.590129049397097	486
-0.0763822765961599	1.59922445738388	87
0.0929896814290101	1.01511461811393	8
-0.00968748810111997	2.27615655963909	8
-0.00371711513271	1.14608617026441	191
-0.03759812173156	0.971357094877432	191
0.0349272623836601	1.48980352606368	191
-0.0953750399306299	1.10890276686122	725
-0.03751126601183	0.97117970489929	147
0.0350348161126099	1.48998404867528	214
0.11209942212886	1.19724209000592	361
0.11209942212886	1.19724209000592	214
0.0581503757161399	0.797500355917327	486
0.06640050781925	0.589791315671906	486
0.05817931439108	0.797679491776654	87
-0.0998659701244799	0.774255798157072	87
0.12275661239863	1.53252501484665	175
0.09270869671627	1.01444337638405	481
-0.0996472732334099	0.773523797851794	382
0.11838646618932	1.36382581239861	191
0.11203095978099	1.19682218114904	61
-0.0375770736646299	0.971216031525722	61
0.0405904054674899	0.361273728188317	26
-0.0954941429649601	1.10876383623045	356
-0.0998659701244799	0.774255798157072	725
-0.00391944859509996	1.14608745729724	725
-0.0189809228092399	1.62842194119861	725
0.06704077902752	0.589986987289273	617
-0.0629139918716399	1.2824560732317	361
-0.0381688973524601	1.45672094938458	214
0.11217591035637	1.19728192741819	361
0.0929896814290101	1.01511461811393	361
0.11839950230927	1.36376987050119	214
0.05832400447743	0.79777889706228	9
0.0349287243980301	1.48968342793261	9
-0.00382207988244998	1.14624413498319	281
0.11212966873912	1.19733244835361	106
0.12256227410495	1.53158566582011	106
-0.0996210340312	0.774433753881929	175
-0.00383730678130001	1.1460589544713	87
-0.00340663411284003	1.79731862565397	382
0.06729408016793	0.590203599966043	285
-0.06406542072247	2.08190151453305	500
-0.06302142775844	1.28235240942454	191
0.11820136636916	1.36299986156957	725
-0.0375332920209499	0.971335989947976	147
0.06704077902752	0.589986987289273	617
-0.03823210558299	1.45654942606327	214
-0.00382207988244998	1.14624413498319	214
-0.0034642291709901	1.79714412526986	668
0.11224436008658	1.1972638547983	9
0.0349014677914199	1.48967236359433	9
0.0929896814290101	1.01511461811393	20
-0.09521749452937	1.10864159471949	87
0.0927349692105499	1.01434853374846	175
-0.0818306242414699	1.91378677605428	8
-0.00394989307252991	1.14474991647763	382
-0.10117025839322	2.05793201140458	500
-0.0381470270873801	1.45669085329474	191
-0.0998573327016901	0.774326861652598	61
0.0660138251920299	0.589391230638723	61
0.0582516470812999	0.797772341886517	61
-0.09509750348243	1.10818711268389	725
0.11217591035637	1.19728192741819	147
0.06754699712777	0.590324009457586	617
0.06704077902752	0.589986987289273	406
0.03498030408266	1.4898887383622	668
-0.10004887410837	1.42968340615724	214
-0.00402441349652993	1.14549928132957	281
-0.06283373539569	1.28233093364841	106
0.01786196807041	1.31690885537426	20
-0.07644876595102	1.59901942963573	382
0.11845289174257	1.36389674047384	382
-0.0563671291279899	1.76760387564672	382
-0.00373234668673006	1.14619646041486	191
-0.10011042325869	1.42986469679142	191
-0.12031965123793	1.89311818280751	195
0.0400757313518501	0.361162560899904	61
0.06729408016793	0.590203599966043	26
0.0404719114938299	0.361322640689658	26
-0.01889416531986	1.62853001712296	725
-0.0384241335553399	1.45552879464548	725
0.0666544403313301	0.59000828848376	406
0.0929896814290101	1.01511461811393	234
-0.00380689612946994	1.14613373756296	281
-0.0628609144404499	1.28241854695205	106
-0.10002417105518	1.42999665247261	106
-0.10010152990328	0.773749047438567	481
-0.0099502838343799	2.2751539427119	500
0.04019459198889	0.361113808702474	26
0.05822273219915	0.797691987551502	617
0.11209942212886	1.19724209000592	386
-0.0385517837128799	1.93830577024954	214
0.05796687454404	1.8332689962492	86
-0.09536175383862	1.10872410477597	175
-0.06409195080796	2.08124338791515	824
0.0334170905639399	2.30735075529963	500
0.09308347816206	1.01515253512817	277
0.0669079876023899	0.590129049397097	61
-0.0377710902494499	0.971060007159056	147
0.0927892232866001	1.01439054729322	406
0.05817931439108	0.797679491776654	386
-0.09963854334916	0.77420270997835	281
0.06754699712777	0.590324009457586	611
-0.06409971148526	2.08171586143302	824
0.0224600489023199	2.13718904285594	824
0.03995666139643	0.361009605400419	285
-0.00320362107826999	1.79729373336212	195
0.03995666139643	0.361009605400419	61
0.0404719114938299	0.361322640689658	61
0.0478346700028201	1.66235628070595	725
0.11213765917752	1.19730352814855	725
-0.0381494868519801	1.45663535323792	725
0.0660138251920299	0.589391230638723	147
0.0660138251920299	0.589391230638723	406
-0.0639890907390099	2.08212927027219	214
0.0400757313518501	0.361162560899904	617
0.05822273219915	0.797691987551502	617
-0.1001309494723	1.42979981415944	214
0.06754699712777	0.590324009457586	386
-0.05640349611775	1.76790020774577	668
-0.0385796606600199	1.93836877689049	668
0.09307053574539	1.01506199733172	281
0.0931644419440201	1.01510003139785	281
0.12273335371078	1.53256434383476	106
0.0580334744553299	1.83290894370704	106
-0.0997436122822399	0.774418861125706	106
-0.0999795413065401	0.774163935987156	171
0.11216788507174	1.197393867706	481
-0.10096660643931	2.05875824565163	191
0.04019459198889	0.361113808702474	285
0.05842527746167	0.797047091922073	285
-0.0999379246558501	1.42996081624991	277
0.0405904054674899	0.361273728188317	26
0.0666544403313301	0.59000828848376	61
0.05832400447743	0.79777889706228	61
-0.00372472551665992	1.14617763393206	725
0.0177320181824601	1.31666496861891	21
0.05832400447743	0.79777889706228	234
0.0404719114938299	0.361322640689658	234
0.06704077902752	0.589986987289273	234
0.0669079876023899	0.590129049397097	234
-0.0377494238306	0.971192499435083	124
0.0176802224153201	1.31647167770262	86
0.01778706116773	1.31653378456756	191
0.00128601221955993	2.44022688032205	365
0.05806373276334	0.79713982138369	61
-0.10019668126085	1.42956914577828	725
0.0671611502856	0.590087165510619	234
0.06729408016793	0.590203599966043	234
-0.0998573327016901	0.774326861652598	175
-0.09996235880499	0.773920592462937	611
0.05819384091091	0.797199179169602	175
-0.09997095830854	0.774161366781223	481
0.035007559069	1.48997297966207	8
-0.0640272556393799	2.08204732076679	191
0.03511511015036	1.48986792541451	191
0.0333487287991101	2.30721224236028	500
0.0177782693851201	1.31689238990432	500
-0.10015148060176	1.429670826661	365
-0.0998659701244799	0.774255798157072	61
-0.03766347955932	0.970824474083088	147
-0.0953224228540199	1.10920392728072	147
-0.0998659701244799	0.774255798157072	21
0.11853232022508	1.363809344998	21
0.0927349692105499	1.01434853374846	214
0.06652179801436	0.589470978357053	234
-0.00390429105450996	1.14612220009606	281
0.11837342604012	1.36380080845913	281
-0.0998573327016901	0.774326861652598	281
0.0350903500456901	1.48916326807804	106
-0.09524325785113	1.10924916729094	106
-0.00365032070149995	1.14578530741327	175
0.05832400447743	0.79777889706228	481
-0.00991587283272	2.27523561554677	191
-0.10187902993231	2.36193528254609	500
0.05817931439108	0.797679491776654	365
-0.0997349038953601	0.774341633185776	61
0.0404719114938299	0.361322640689658	406
0.06626800442765	0.58951227776968	406
0.11212966873912	1.19733244835361	21
0.11836038186052	1.36369259288262	214
-0.0376847296890701	0.971317789997125	214
-0.0955734008747899	1.10836831635989	214
-0.0376847296890701	0.971317789997125	214
-0.0953357329525499	1.109180653183	281
-0.09545483390151	1.1085304379891	281
0.01025810317807	1.96725312698199	191
0.0582951134101599	0.797784880803241	61
-0.0381470270873801	1.45669085329474	206
0.11826785823903	1.36323770450564	147
-0.0999995531079201	1.4299530809016	86
0.09307053574539	1.01506199733172	86
-0.0374035187136901	0.971022047825128	481
0.00142016142501999	2.44151233171149	8
0.11838646618932	1.36382581239861	277
-0.0039866121574399	1.14579622944292	206
0.11847899550541	1.3638658606658	147
0.0929089962157501	1.01496515257567	147
-0.00338467720872004	1.79745453597946	147
0.09309643861636	1.01494888434125	617
-0.0999795413065401	0.774163935987156	617
0.0669079876023899	0.590129049397097	21
-0.0999795413065401	0.774163935987156	21
0.12272275959094	1.53224599844284	20
0.05833867576296	0.79748357258179	281
-0.0818537967969499	1.9138056002905	106
0.05817931439108	0.797679491776654	171
-0.0952699076686101	1.1091368898902	20
0.04243956700105	2.47468723553995	122
0.03346760062869	2.30713892272486	8
0.11826785823903	1.36323770450564	277
0.09281537634135	1.01484161778391	147
-0.0378786987975499	0.970671706966367	725
0.05822273219915	0.797691987551502	147
0.12256605852973	1.5319168782061	147
-0.0996210340312	0.774433753881929	147
0.11824040439905	1.36307690904494	147
0.0669079876023899	0.590129049397097	617
0.11216788507174	1.197393867706	21
-0.0997349038953601	0.774341633185776	21
0.09281537634135	1.01484161778391	281
-0.0564108124804401	1.76777320264438	214
-0.03764100734363	0.971148479720349	106
0.0929637311571201	1.01434754167408	86
-0.00382207988244998	1.14624413498319	86
-0.10020639985157	0.773743447762429	175
0.0928959523292201	1.01499095487319	481
-0.10008990196047	1.42986723711651	8
-0.10008578196885	1.42980015774128	8
-0.09524325785113	1.10924916729094	191
0.0929896814290101	1.01511461811393	191
-0.06312761997409	1.28185613861312	277
-0.0995158865319701	0.774365971673596	147
0.09281537634135	1.01484161778391	147
0.11834733364942	1.3634932741219	147
0.11829392314132	1.36354507986644	147
-0.0188273651284201	1.62855152203801	214
0.11209146650402	1.19718453032602	214
0.0349559830724	1.48962129723847	214
-0.0998573327016901	0.774326861652598	281
-0.0190008659921499	1.62838942906632	283
0.0404719114938299	0.361322640689658	175
-0.04874855297202	2.24792761476101	8
0.00137745548463997	2.44123324727273	8
-0.00380689612946994	1.14613373756296	93
0.0400757313518501	0.361162560899904	285
0.035007559069	1.48997297966207	191
0.11219813888498	1.19730010441067	191
0.02241413139712	2.13701365519192	206
-0.10021485757782	0.773583964004878	147
-0.0376629135311699	0.971304917656255	386
0.0928022907844199	1.01477559073757	386
0.0929089962157501	1.01496515257567	214
0.0669079876023899	0.590129049397097	21
-0.0998659701244799	0.774255798157072	21
-0.0629955159293201	1.28232067962445	106
0.0582516470812999	0.797772341886517	175
0.0740890957606499	2.17228476682502	93
-0.038105711604	1.45677735085545	277
-0.00399415082933996	1.14588779083778	147
-0.0629955159293201	1.28232067962445	214
-0.0997436122822399	0.774418861125706	386
0.09307053574539	1.01506199733172	21
0.05848360988298	0.79739877281669	281
-0.0952166228159399	1.10910215926925	214
0.11841253440115	1.36363053588237	106
0.0349545171453001	1.48988775933262	106
-0.09996235880499	0.773920592462937	175
0.0669079876023899	0.590129049397097	175
0.04251549677593	2.47478684235692	93
-0.0190278163790201	1.628124904035	93
0.0177639371779299	1.31667991034522	191
0.11216788507174	1.197393867706	191
-0.00352180156842996	1.79668011324814	206
-0.0630201699349899	1.28218695244773	147
-0.0190278163790201	1.628124904035	147
-0.0951774642191801	1.10913791862697	214
0.12286351798487	1.53220185361672	214
0.0663994840095501	2.00215060836794	214
-0.10009301784278	0.773998601930091	617
-0.0951117356240601	1.10867556627241	386
-0.0954681458187401	1.1081659039861	234
0.11212966873912	1.19733244835361	20
0.09270869671627	1.01444337638405	171
0.05832400447743	0.79777889706228	175
0.08136744734323	2.34239688895943	93
0.0102968167348001	1.967402053039	93
-0.10004470310765	1.42999409071848	191
-0.0630473459779199	1.28220770319229	195
0.03995666139643	0.361009605400419	26
-0.06384804064601	2.08203461925622	206
0.12273335371078	1.53256434383476	147
-0.0952565809111401	1.10922586789114	147
0.11851924853759	1.36370108964016	147
-0.0378140801872999	0.970985606335259	147
0.01786196807041	1.31690885537426	214
-0.0377710902494499	0.971060007159056	386
-0.0630473459779199	1.28220770319229	20
-0.03759812173156	0.971357094877432	281
0.05817931439108	0.797679491776654	175
-0.00390429105450996	1.14612220009606	175
-0.06302142775844	1.28235240942454	481
0.12273335371078	1.53256434383476	191
0.11216788507174	1.197393867706	365
0.05833867576296	0.79748357258179	147
-0.0629942534069401	1.28239709328681	147
-0.10020639985157	0.773743447762429	32
-0.06310169200595	1.28205160600231	214
-0.10032821191032	1.42877421216894	214
0.0669079876023899	0.590129049397097	617
-0.0376847296890701	0.971317789997125	281
0.11824040439905	1.36307690904494	283
0.09307053574539	1.01506199733172	175
-0.0952299384867099	1.10920857535553	175
-0.0376629135311699	0.971304917656255	277
-0.00390429105450996	1.14612220009606	277
0.11836038186052	1.36369259288262	147
-0.0998659701244799	0.774255798157072	147
0.06729408016793	0.590203599966043	147
0.0176714434238701	1.31651925107115	147
0.11846594563983	1.36392177573483	147
-0.0036426648611001	1.1458390220679	147
0.11208359419639	1.19684373267159	147
0.01786196807041	1.31690885537426	147
-0.00390429105450996	1.14612220009606	214
-0.0376199977242699	0.971369902993594	386
0.06640050781925	0.589791315671906	386
0.0177782693851201	1.31689238990432	214
-0.0998659701244799	0.774255798157072	21
-0.0376847296890701	0.971317789997125	21
0.0930026836146201	1.0150029618971	281
-0.0376199977242699	0.971369902993594	281
-0.10010152990328	0.773749047438567	106
-0.0377710902494499	0.971060007159056	175
-0.10010152990328	0.773749047438567	175
0.0582951134101599	0.797784880803241	481
0.0928959523292201	1.01499095487319	93
-0.09997095830854	0.774161366781223	147
0.12281699540143	1.53253161115609	147
-0.00382207988244998	1.14624413498319	147
0.03508785082435	1.48993005552971	74
0.12287736994666	1.53234602256309	214
-0.0382953362765299	1.45626258320291	214
-0.03770582110758	0.971023102627933	214
-0.0039866121574399	1.14579622944292	214
-0.0629942534069401	1.28239709328681	281
0.05817931439108	0.797679491776654	281
0.0929896814290101	1.01511461811393	175
0.0477483356232999	1.66225846886558	20
0.0477074735157601	1.66248660245	86
-0.0628868131577001	1.28236843791619	86
-0.0998573327016901	0.774326861652598	175
0.0929896814290101	1.01511461811393	285
-0.0376629135311699	0.971304917656255	277
0.03995666139643	0.361009605400419	26
0.11843983381257	1.363788488939	147
-0.0997436122822399	0.774418861125706	32
-0.0631029387422299	1.2817953608954	214
-0.03770582110758	0.971023102627933	20
-0.0374684243610801	0.971232920512448	20
-0.0374904201714199	0.971245583613829	175
-0.09963854334916	0.77420270997835	175
-0.0358035777027099	2.41212552409692	8
-0.0845540851437001	2.22260606878334	93
0.05832400447743	0.79777889706228	32
0.0666544403313301	0.59000828848376	32
-0.0996210340312	0.774433753881929	21
-0.0953357329525499	1.109180653183	214
0.0930026836146201	1.0150029618971	281
0.12273335371078	1.53256434383476	281
0.12277987143844	1.53240383744197	214
-0.0761829009753701	1.599157929418	106
-0.0631288619968899	1.28186897875034	20
-0.02296024254827	2.10755317308046	93
-0.00390429105450996	1.14612220009606	191
-0.0359668990139601	2.40967925433253	365
-0.00392704354834006	1.14595601921863	147
0.01775514367867	1.31681679420971	147
0.11216788507174	1.197393867706	307
-0.09997095830854	0.774161366781223	147
-0.0996297969318301	0.774437355317741	32
-0.01884112879761	1.62815937269588	214
-0.0376417836587299	0.971237252051548	386
0.0176108595303801	1.31624142002555	214
0.0928022907844199	1.01477559073757	175
0.0477982782725499	1.66294425936402	93
0.11206920343166	1.19697006676344	147
0.0584399501503501	0.79769982874826	26
0.06704077902752	0.589986987289273	147
-0.00372472551665992	1.14617763393206	74
-0.06302268659683	1.28213799022895	147
0.11219813888498	1.19730010441067	32
-0.0375332920209499	0.971335989947976	32
-0.0953883297057601	1.10900921430707	214
-0.0952166228159399	1.10910215926925	281
0.11837342604012	1.36380080845913	20
0.0578400757883899	1.83297288433816	106
0.0929896814290101	1.01511461811393	20
-0.10009301784278	0.773998601930091	175
-0.0629139918716399	1.2824560732317	93
0.0582951134101599	0.797784880803241	285
-0.06302142775844	1.28235240942454	191
0.0177176898651701	1.31674662495615	277
-0.02309099869339	2.10797028416138	195
0.0350620752164601	1.48992189893102	147
-0.09997900536895	1.43001801170539	74
-0.0381494868519801	1.45663535323792	74
0.12266357972983	1.53219140551557	147
-0.0998659701244799	0.774255798157072	214
-0.09546757823198	1.10874641219142	214
-0.0996297969318301	0.774437355317741	175
0.02270709548543	2.13691995043021	93
-0.10015565523953	1.42963651481672	93
0.04035320892594	0.361169722228799	26
-0.0954149203138901	1.10902660350339	147
0.0176802224153201	1.31647167770262	307
-0.00322558531257	1.79749323100415	307
-0.09997095830854	0.774161366781223	492
-0.0629139918716399	1.2824560732317	214
0.09327127484108	1.01492717427538	386
0.11841253440115	1.36363053588237	214
0.04773244624769	1.66274778512536	214
0.11206119919618	1.1970941656282	281
-0.0040915874888201	1.14552322374695	281
-0.0953490467445901	1.10909169821672	175
0.06640050781925	0.589791315671906	175
0.0584399501503501	0.79769982874826	26
-0.0998659701244799	0.774255798157072	147
-0.0378356869230301	0.970853229111692	307
-0.0996297969318301	0.774437355317741	32
0.035007559069	1.48997297966207	214
-0.06312761997409	1.28185613861312	281
0.11831997193212	1.36351409835264	20
0.11209146650402	1.19718453032602	175
0.11837342604012	1.36380080845913	175
0.09281537634135	1.01484161778391	175
-0.10031968745125	0.773295741823345	481
0.0578536748777201	1.83339457708488	93
-0.0489282275776	2.24739737983682	93
-0.07644876595102	1.59901942963573	191
0.0581070063731699	0.797487899674034	147
0.04035320892594	0.361169722228799	26
0.0405904054674899	0.361273728188317	147
-0.0954941429649601	1.10876383623045	214
0.05832400447743	0.79777889706228	281
-0.10009301784278	0.773998601930091	283
0.07422193498022	2.17179905489213	93
-0.00327633373999992	1.79755683296425	93
0.06626212954208	2.00218034343273	93
0.0669079876023899	0.590129049397097	277
-0.0763883464149899	1.59882829187898	74
-0.0629139918716399	1.2824560732317	74
0.11829392314132	1.36354507986644	147
0.07422193498022	2.17179905489213	214
-0.03759812173156	0.971357094877432	281
0.0350591117418799	1.48944337418782	20
0.04783920541394	1.66301380313369	106
-0.0998659701244799	0.774255798157072	481
-0.05631651045343	1.7679615652181	8
0.0667870930537	0.589616020977837	285
-0.10221648704829	1.74477158367262	277
-0.06310169200595	1.28205160600231	147
-0.0953357329525499	1.109180653183	74
0.01786196807041	1.31690885537426	147
-0.0953357329525499	1.109180653183	214
0.11202299036526	1.19684698041237	214
0.11216788507174	1.197393867706	214
-0.0763964487681901	1.59865981506235	20
0.03498030408266	1.4898887383622	813
-0.00394226579270995	1.14538666943175	20
-0.0382298020340199	1.45596447751077	106
-0.00391944859509996	1.14608745729724	20
0.0931644419440201	1.01510003139785	20
-0.0376629135311699	0.971304917656255	481
0.03331455293376	2.30694849475898	631
-0.0952565809111401	1.10922586789114	191
-0.0954016231661601	1.10904984901962	191
0.11223634861539	1.19727846089222	277
0.11209146650402	1.19718453032602	74
-0.0998573327016901	0.774326861652598	74
0.0177176898651701	1.31674662495615	74
-0.03875704307269	1.93736727770752	307
-0.00409912386875	1.14546970137552	32
0.06626800442765	0.58951227776968	214
0.11851924853759	1.36370108964016	20
0.05832400447743	0.79777889706228	175
0.0928284799924399	1.01447188278909	175
0.01015314406805	1.96670555269114	121
0.09319026129936	1.01477745885181	74
0.0177176898651701	1.31674662495615	74
-0.0998659701244799	0.774255798157072	147
0.0350362938081401	1.48969852742977	307
-0.0376629135311699	0.971304917656255	32
-0.00400926057792006	1.14585313470885	214
-0.0953224228540199	1.10920392728072	214
0.05822273219915	0.797691987551502	214
-0.0998659701244799	0.774255798157072	214
-0.03808634456884	1.45656340224725	20
0.05817931439108	0.797679491776654	20
0.0669079876023899	0.590129049397097	703
-0.0376417836587299	0.971237252051548	175
0.11839950230927	1.36376987050119	93
0.12264970808531	1.53235990515963	74
-0.09997095830854	0.774161366781223	617
-0.0996297969318301	0.774437355317741	617
0.12272395436852	1.53219799065654	214
0.11843983381257	1.363788488939	214
0.01774081341129	1.31674960255633	214
-0.00400926057792006	1.14585313470885	813
-0.1000036439209	1.42993684133984	8
0.01030243897355	1.9673791897759	121
0.09281537634135	1.01484161778391	147
0.0582516470812999	0.797772341886517	32
0.11220611551615	1.19737223627029	214
-0.0998573327016901	0.774326861652598	214
-0.10015148060176	1.429670826661	214
-0.0630473459779199	1.28220770319229	20
0.0176802224153201	1.31647167770262	20
-0.0996210340312	0.774433753881929	265
-0.0999795413065401	0.774163935987156	831
-0.0189141130177399	1.62856574270787	74
0.11843983381257	1.363788488939	147
0.04773244624769	1.66274778512536	307
-0.0996297969318301	0.774437355317741	147
0.0666544403313301	0.59000828848376	492
0.0177639371779299	1.31667991034522	214
-0.06307327055322	1.28188006485585	214
0.0349287243980301	1.48968342793261	214
0.0477529012131299	1.66281945885999	20
-0.06296834325455	1.28243214104642	86
-0.0228668859314301	2.10816649915218	765
-0.09975230417822	0.774274178577378	831
0.06640050781925	0.589791315671906	831
0.04035320892594	0.361169722228799	147
-0.0999795413065401	0.774163935987156	831
-0.0629942534069401	1.28239709328681	147
-0.09524325785113	1.10924916729094	147
0.0404719114938299	0.361322640689658	492
-0.0998573327016901	0.774326861652598	727
-0.07660192225959	1.59821701108248	214
0.11839950230927	1.36376987050119	214
0.05822273219915	0.797691987551502	214
-0.0997436122822399	0.774418861125706	20
-0.00390429105450996	1.14612220009606	86
-0.00327633373999992	1.79755683296425	765
0.04035320892594	0.361169722228799	26
0.0662332512333901	2.00201328178605	121
0.0177320181824601	1.31666496861891	147
0.0582516470812999	0.797772341886517	147
0.0400757313518501	0.361162560899904	492
-0.0376847296890701	0.971317789997125	214
0.01786196807041	1.31690885537426	80
-0.09996235880499	0.773920592462937	772
0.0657592596523799	0.589174142486685	772
0.09317734260664	1.01509854295805	20
0.09308347816206	1.01515253512817	20
0.00142317888116006	2.44154838371589	8
0.11215994324786	1.1972387166861	93
0.0661461894111901	0.58941996665963	285
-0.08183251078774	1.91387588787007	195
-0.0998573327016901	0.774326861652598	831
0.0932584159624801	1.0150461797237	147
-0.00317483605775992	1.79727700412502	74
0.11831997193212	1.36351409835264	583
-0.0377710902494499	0.971060007159056	20
0.0582805855647599	0.797430473384385	265
0.06729408016793	0.590203599966043	265
-0.0999795413065401	0.774163935987156	265
-0.0999795413065401	0.774163935987156	265
-0.05630222440082	1.76828006173345	380
0.09327127484108	1.01492717427538	481
0.0404719114938299	0.361322640689658	831
0.0103630688616601	1.96721146416229	121
0.11849204134042	1.36372654826103	214
0.05820827665872	0.79742393937989	80
0.04019459198889	0.361113808702474	588
-0.0376847296890701	0.971317789997125	20
-0.0996122546974201	0.774119696180458	265
0.09281537634135	1.01484161778391	481
0.0928829264948601	1.01472280325666	481
-0.0190477494841901	1.62816064668296	93
0.0477119861748401	1.66260016227449	337
0.0405904054674899	0.361273728188317	831
0.06640050781925	0.589791315671906	831
-0.0999795413065401	0.774163935987156	831
-0.0953490467445901	1.10909169821672	74
-0.00383730678130001	1.1460589544713	74
0.11212966873912	1.19733244835361	147
0.0584399501503501	0.79769982874826	147
0.0929089962157501	1.01496515257567	147
-0.03772766745806	0.971179568236575	147
-0.0037399786372001	1.14614273997489	147
-0.0376847296890701	0.971317789997125	772
-0.0998573327016901	0.774326861652598	20
-0.0376199977242699	0.971369902993594	20
-0.00374762136233997	1.14601124538298	20
0.01770889289392	1.31642833506968	147
0.0175877390075201	1.31600493038784	307
-0.00380689612946994	1.14613373756296	727
-0.0037399786372001	1.14614273997489	727
-0.0375552278978399	0.971348728509458	214
0.0927218239130401	1.0146264042384	772
0.11228261879729	1.19705561837483	20
0.04796642239093	1.66261549908735	20
-0.10009301784278	0.773998601930091	265
0.0581503757161399	0.797500355917327	265
-0.06280784475197	1.28223162234305	380
-0.02302328824649	2.10819727436533	8
0.12264970808531	1.53235990515963	8
-0.09548085875698	1.10878704990263	337
0.0661461894111901	0.58941996665963	26
0.0176945665369199	1.31667104625431	147
0.11215994324786	1.1972387166861	147
0.05822273219915	0.797691987551502	492
0.12264970808531	1.53235990515963	727
-0.0763621277627	1.59922501695886	106
-0.0375770736646299	0.971216031525722	20
-0.00391186442864	1.14614110823046	481
-0.0952299384867099	1.10920857535553	765
0.0740559098451401	2.17203725344073	765
-0.03779238355054	0.970972622298318	147
-0.0954149203138901	1.10902660350339	147
-0.0376847296890701	0.971317789997125	147
0.09281537634135	1.01484161778391	727
-0.09996235880499	0.773920592462937	232
0.11212966873912	1.19733244835361	214
-0.00391944859509996	1.14608745729724	214
-0.0376629135311699	0.971304917656255	214
-0.0997436122822399	0.774418861125706	214
-0.10008990196047	1.42986723711651	214
0.0929766972884001	1.01493823898538	20
0.11834733364942	1.3634932741219	20
-0.0953224228540199	1.10920392728072	20
0.06640050781925	0.589791315671906	20
-0.09997095830854	0.774161366781223	20
-0.00391186442864	1.14614110823046	86
-0.09997900536895	1.43001801170539	93
-0.02297894318175	2.10826212728672	765
0.04790503651697	1.66307642519192	765
-0.0381907722060499	1.456684008713	365
0.06729408016793	0.590203599966043	26
-0.0388840663324399	1.93641460881118	121
0.01786196807041	1.31690885537426	583
-0.00393464928276011	1.14573340161201	583
-0.0999795413065401	0.774163935987156	147
-0.0999795413065401	0.774163935987156	147
0.0657592596523799	0.589174142486685	492
-0.00391186442864	1.14614110823046	214
-0.0996210340312	0.774433753881929	20
0.11212966873912	1.19733244835361	813
-0.10009415304299	1.42926061350159	380
-0.0953490467445901	1.10909169821672	20
-0.0376629135311699	0.971304917656255	20
0.0813211187012699	2.34249500876256	765
0.03506059355487	1.4899189792874	765
0.0661461894111901	0.58941996665963	831
0.11845289174257	1.36389674047384	583
0.0582516470812999	0.797772341886517	492
-0.00391186442864	1.14614110823046	727
0.0577870195739201	1.83323939379169	214
0.11219813888498	1.19730010441067	80
0.12261542837083	1.53208511509422	214
-0.0378140801872999	0.970985606335259	20
0.11223634861539	1.19727846089222	20
0.11838646618932	1.36382581239861	20
0.11213765917752	1.19730352814855	481
-0.09978204690105	1.42903043783076	577
0.0226382356213399	2.13772352952938	765
0.0930026836146201	1.0150029618971	76
0.11830694955005	1.36357004823443	583
-0.0953091164470401	1.10916330782568	583
0.05794036710618	1.8333311161014	74
-0.06304860009623	1.2822409578562	74
-0.09548085875698	1.10878704990263	147
0.03522416807892	1.48876616730139	214
-0.0953357329525499	1.109180653183	214
0.09309643861636	1.01494888434125	772
0.11213765917752	1.19730352814855	20
-0.0993841204043999	0.774230707923706	20
-0.06310044627561	1.2819007977585	106
-0.0996210340312	0.774433753881929	86
0.12277047420366	1.53253015141933	381
-0.10102529260303	2.0587628176364	765
0.0405904054674899	0.361273728188317	26
-0.09997095830854	0.774161366781223	831
-0.00391186442864	1.14614110823046	727
-0.0631041865846	1.28101601412377	214
0.0177639371779299	1.31667991034522	214
0.0476052289170701	1.66172488267175	20
-0.00399415082933996	1.14588779083778	20
-0.10019668126085	1.42956914577828	380
0.11834733364942	1.3634932741219	380
-0.10006524007874	1.42992918005617	380
0.02259368064495	2.13769652138223	765
-0.0629955159293201	1.28232067962445	765
-0.03770645584084	0.97118520731588	831
-0.09519080395228	1.10904894116388	76
0.12264970808531	1.53235990515963	74
0.12270069495481	1.53189010543725	74
-0.03821265164765	1.45657899516567	74
-0.0381688973524601	1.45672094938458	307
0.12273335371078	1.53256434383476	307
-0.09542822115104	1.10893769082864	727
-0.0376199977242699	0.971369902993594	365
0.0349014677914199	1.48967236359433	76
0.0177925837822901	1.31667844288435	76
-0.06307452000059	1.2821630293222	27
0.0671611502856	0.590087165510619	285
-0.0998927764778701	1.42992355814236	765
0.0405904054674899	0.361273728188317	26
-0.0628868131577001	1.28236843791619	76
0.09254814957884	1.01380198269698	584
-0.0951374672202101	1.1090143381644	74
-0.01906768537195	1.62812815699714	74
0.1225893123695	1.53203929792298	74
-0.06291526649569	1.28239460259991	307
-0.06302142775844	1.28235240942454	80
0.0929766972884001	1.01493823898538	80
-0.0381883905778799	1.45642108075477	214
0.09301570388066	1.01445552987221	202
-0.09997095830854	0.774161366781223	202
-0.0039866121574399	1.14579622944292	214
-0.0999795413065401	0.774163935987156	329
0.05832400447743	0.79777889706228	20
0.06729408016793	0.590203599966043	722
0.03321614691374	2.30458814480649	86
-0.0386958750709101	1.93803134942667	364
-0.08458550817078	2.22257099743856	364
-0.0762896754575899	1.59911339689425	28
0.12285410708172	1.5323853087147	577
-0.0954016231661601	1.10904984901962	577
0.11212966873912	1.19733244835361	381
0.0928959523292201	1.01499095487319	381
0.0404719114938299	0.361322640689658	381
-0.0560560492831801	1.76797288323453	365
0.11215994324786	1.1972387166861	584
0.11834600462141	1.36314399876403	462
0.11223634861539	1.19727846089222	552
-0.00389672847823008	1.14603064260661	80
-0.10010152990328	0.773749047438567	722
0.03995666139643	0.361009605400419	285
0.0582516470812999	0.797772341886517	577
0.0666544403313301	0.59000828848376	76
0.0581070063731699	0.797487899674034	76
-0.0998573327016901	0.774326861652598	583
0.0404719114938299	0.361322640689658	253
-0.0998573327016901	0.774326861652598	253
-0.00382968794147009	1.14619044136978	214
0.0666544403313301	0.59000828848376	530
0.1121074612167	1.19703151090983	329
0.0666544403313301	0.59000828848376	830
-0.0189340635122801	1.62853320997993	813
0.0582516470812999	0.797772341886517	722
0.0928284799924399	1.01447188278909	576
0.0669079876023899	0.590129049397097	576
0.0581070063731699	0.797487899674034	20
0.0582951134101599	0.797784880803241	745
0.1185061728142	1.36350175071276	364
0.0350863651451601	1.48960339827223	28
-0.00333391910780989	1.797521222313	28
0.0405904054674899	0.361273728188317	285
0.05832400447743	0.79777889706228	537
0.0582516470812999	0.797772341886517	76
0.11216788507174	1.197393867706	76
0.04019459198889	0.361113808702474	584
0.0400757313518501	0.361162560899904	584
-0.0995070690697399	0.774452381792266	253
0.06754699712777	0.590324009457586	462
0.11836038186052	1.36369259288262	214
0.0404719114938299	0.361322640689658	232
0.04035320892594	0.361169722228799	232
-0.09949823518252	0.774211913438795	80
0.11222231951993	1.19669368080822	80
0.06704077902752	0.589986987289273	329
0.06754699712777	0.590324009457586	722
0.0404719114938299	0.361322640689658	722
0.05833867576296	0.79748357258179	20
0.0405904054674899	0.361273728188317	20
0.0581070063731699	0.797487899674034	20
0.05817931439108	0.797679491776654	745
0.0177782693851201	1.31689238990432	285
0.0666544403313301	0.59000828848376	285
-0.06296707703879	1.28237633464647	381
0.1122666096395	1.19683021120762	381
-0.0377710902494499	0.971060007159056	76
-0.03759812173156	0.971357094877432	648
-0.0993930088925701	0.774381147082806	648
0.0581503757161399	0.797500355917327	584
0.0583963866130599	0.797687194353385	253
-0.0954016231661601	1.10904984901962	307
0.01775514367867	1.31681679420971	341
-0.0376417836587299	0.971237252051548	214
0.0347666542274401	1.48883144765576	27
0.0176427414040301	1.31596275236084	20
0.09308347816206	1.01515253512817	576
0.03995666139643	0.361009605400419	745
0.0929896814290101	1.01511461811393	381
0.11837342604012	1.36380080845913	381
0.04019459198889	0.361113808702474	26
-0.0378356869230301	0.970853229111692	76
-0.1001351495965	1.42957668788431	462
-0.0951774642191801	1.10913791862697	202
0.0669079876023899	0.590129049397097	202
0.0666544403313301	0.59000828848376	329
0.0400757313518501	0.361162560899904	830
-0.1012186088448	2.05813109907652	106
0.03995666139643	0.361009605400419	576
-0.0951774642191801	1.10913791862697	20
-0.10008990196047	1.42986723711651	364
-0.0563745065491099	1.76798560130706	364
-0.06394317037463	2.08151249290646	28
0.0227273621345701	2.13756275970094	28
-0.0374046517442901	0.970034257233897	381
0.06640050781925	0.589791315671906	76
-0.0997349038953601	0.774341633185776	648
0.05806373276334	0.79713982138369	253
0.03995666139643	0.361009605400419	232
0.0404719114938299	0.361322640689658	232
-0.0376629135311699	0.971304917656255	80
0.06640050781925	0.589791315671906	202
0.05822273219915	0.797691987551502	329
-0.00972555156836008	2.27617421921281	27
-0.0998573327016901	0.774326861652598	810
0.0404719114938299	0.361322640689658	576
0.0671611502856	0.590087165510619	576
0.0583675193827	0.797791482115468	745
-0.0846169345241099	2.22247442466588	364
-0.0845540851437001	2.22260606878334	364
-0.05626589079858	1.76820627737318	28
0.0931644419440201	1.01510003139785	577
-0.0954149203138901	1.10902660350339	537
0.0582516470812999	0.797772341886517	648
0.0581503757161399	0.797500355917327	584
0.0657592596523799	0.589174142486685	253
-0.09949823518252	0.774211913438795	462
0.0582951134101599	0.797784880803241	341
-0.0763621277627	1.59922501695886	107
0.03995666139643	0.361009605400419	530
-0.03759812173156	0.971357094877432	530
-0.0376199977242699	0.971369902993594	202
0.0584399501503501	0.79769982874826	329
-0.0997436122822399	0.774418861125706	20
-0.09548085875698	1.10878704990263	20
0.06704077902752	0.589986987289273	576
-0.0375761556577601	0.97120071712665	20
0.06640050781925	0.589791315671906	745
-0.11713493921718	2.20042356851593	28
-0.0628350221232301	1.28225234432498	28
0.11209942212886	1.19724209000592	76
-0.10009301784278	0.773998601930091	462
0.11209146650402	1.19718453032602	462
-0.0998573327016901	0.774326861652598	232
0.0582951134101599	0.797784880803241	202
-0.0998573327016901	0.774326861652598	214
0.0348469607694299	1.48942810497968	813
-0.0995246875187901	0.773938666265461	576
-0.06304860009623	1.2822409578562	76
-0.09556012959518	1.10839149421193	76
-0.0953490467445901	1.10909169821672	74
0.04792550358741	1.66300038588337	307
-0.0382102457865401	1.45651931710557	214
0.0929766972884001	1.01493823898538	530
0.12272395436852	1.53219799065654	214
0.0929896814290101	1.01511461811393	202
-0.03825164219481	1.4561342572749	27
0.11838646618932	1.36382581239861	101
-0.0034642291709901	1.79714412526986	28
0.12275661239863	1.53252501484665	76
-0.00365213332424008	1.79557747399449	74
-0.0376199977242699	0.971369902993594	80
-0.0995070690697399	0.774452381792266	530
-0.0952565809111401	1.10922586789114	530
-0.0039866121574399	1.14579622944292	214
-0.06294243951196	1.28228315099964	214
-0.06272760309296	1.28162721573795	329
-0.0954149203138901	1.10902660350339	20
-0.0378356869230301	0.970853229111692	295
0.0740890957606499	2.17228476682502	28
0.0929089962157501	1.01496515257567	76
-0.09544152567958	1.10877688420549	80
-0.0996297969318301	0.774437355317741	214
-0.0954149203138901	1.10902660350339	214
-0.09997095830854	0.774161366781223	530
0.0930026836146201	1.0150029618971	530
0.05817931439108	0.797679491776654	530
-0.00382968794147009	1.14619044136978	20
0.0581503757161399	0.797500355917327	20
-0.03802322481627	1.45632330100297	20
-0.0377710902494499	0.971060007159056	810
-0.0188074129101801	1.62844669310854	86
0.04035320892594	0.361169722228799	285
0.03500903285456	1.4898366749406	28
0.09308347816206	1.01515253512817	520
-0.10009301784278	0.773998601930091	128
-0.0374904201714199	0.971245583613829	76
0.01781571167214	1.31683026639572	76
-0.0376199977242699	0.971369902993594	583
0.11212176168975	1.19709085061033	80
0.04788456433404	1.66307856400046	214
-0.03759812173156	0.971357094877432	214
-0.0630473459779199	1.28220770319229	20
0.0348742132495401	1.48958815068983	101
0.04788456433404	1.66307856400046	380
0.0177782693851201	1.31689238990432	86
0.11209146650402	1.19718453032602	28
-0.05640349611775	1.76790020774577	28
0.11853232022508	1.363809344998	782
-0.0997436122822399	0.774418861125706	209
0.09262833885246	1.01429436864152	128
0.0929896814290101	1.01511461811393	128
-0.10232161389722	1.7448256318819	121
0.0178850965839901	1.31683916792252	583
0.0928022907844199	1.01477559073757	462
0.0660138251920299	0.589391230638723	107
0.05806373276334	0.79713982138369	107
-0.00382968794147009	1.14619044136978	214
0.11205327835221	1.19693733715299	20
-0.0376847296890701	0.971317789997125	20
-0.0998573327016901	0.774326861652598	20
-0.0952166228159399	1.10910215926925	101
0.0583675193827	0.797791482115468	295
-0.10180592597631	2.36189425915938	28
0.0404719114938299	0.361322640689658	285
-0.10008448922115	0.773906023057076	128
-0.03823210558299	1.45654942606327	583
-0.00323240044763007	1.79724139663788	74
0.0175877390075201	1.31600493038784	107
0.11831997193212	1.36351409835264	214
0.05783362617202	1.83339899528949	27
0.0582516470812999	0.797772341886517	685
0.0929766972884001	1.01493823898538	324
0.09281537634135	1.01484161778391	20
0.0405904054674899	0.361273728188317	26
-0.0953091164470401	1.10916330782568	462
-0.0377710902494499	0.971060007159056	462
-0.0953357329525499	1.109180653183	74
-0.00383730678130001	1.1460589544713	107
-0.09536236423209	1.10893083428085	307
0.0577003133220999	1.83295426805294	307
0.0178245214391799	1.31682567095759	214
-0.00391186442864	1.14614110823046	27
0.0349272623836601	1.48980352606368	27
-0.0378140801872999	0.970985606335259	324
-0.03759812173156	0.971357094877432	20
0.0224803151703701	2.13714512235801	28
-0.0230956436282901	2.10656624617436	28
0.0404719114938299	0.361322640689658	26
0.01033553918886	1.96748051751922	121
0.0478187443982301	1.66301596808641	74
0.09281537634135	1.01484161778391	462
0.11216788507174	1.197393867706	462
-0.07612840867174	1.59829645596379	74
0.0927892232866001	1.01439054729322	107
-0.0381033003246301	1.45642277608248	214
-0.0376199977242699	0.971369902993594	214
0.0177320181824601	1.31666496861891	27
-0.00419656173572003	1.14465216138894	20
0.04035320892594	0.361169722228799	674
-0.10096316069098	2.05905877650969	28
0.0334211686839701	2.30750197409314	28
-0.12024721356298	1.89327955144247	28
0.0476415727748401	1.66200587594227	365
-0.0629398986510801	1.28228870221773	107
0.0404719114938299	0.361322640689658	107
-0.09995846255172	1.43002059814717	307
0.11830694955005	1.36357004823443	80
-0.06296834325455	1.28243214104642	214
0.11206119919618	1.1970941656282	220
-0.0953883297057601	1.10900921430707	324
-0.0188742204157299	1.62842515904195	20
0.11216788507174	1.197393867706	20
0.0177176898651701	1.31674662495615	101
-0.00371711513271	1.14608617026441	314
-0.05627324529955	1.76836546070695	28
0.0475802747518399	1.66178906843013	74
0.0177176898651701	1.31674662495615	74
-0.09975230417822	0.774274178577378	220
0.09317734260664	1.01509854295805	214
0.05790667099148	1.83282768175294	27
0.09307053574539	1.01506199733172	324
0.01774081341129	1.31674960255633	314
0.03356605386802	2.3074640630677	28
0.11215994324786	1.1972387166861	782
0.06704077902752	0.589986987289273	520
0.11206920343166	1.19697006676344	74
0.0104460997159399	1.96740136374131	307
0.0176714434238701	1.31651925107115	554
0.0226166315455101	2.13758721279142	554
0.01019187009286	1.96692672205541	101
-0.0377705969878599	0.970816165302698	295
0.11200730134684	1.19577744654246	28
0.12279373463079	1.5325709279016	28
-0.0376199977242699	0.971369902993594	28
-0.0998722278100099	1.42986382201375	782
-0.06302142775844	1.28235240942454	385
0.05817931439108	0.797679491776654	385
0.01780139530442	1.31689537172487	74
0.06640050781925	0.589791315671906	220
0.0582951134101599	0.797784880803241	685
-0.0954941429649601	1.10876383623045	554
-0.0998659701244799	0.774255798157072	629
-0.03759812173156	0.971357094877432	101
0.04767105070666	1.6620551779775	86
-0.00373234668673006	1.14619646041486	314
0.11837342604012	1.36380080845913	28
-0.03770645584084	0.97118520731588	28
0.0400757313518501	0.361162560899904	285
0.0175965035089101	1.31602937498602	782
0.0400757313518501	0.361162560899904	26
0.01774081341129	1.31674960255633	385
0.04786408703858	1.66300682995499	74
0.03495305115064	1.4897286396594	74
-0.0375770736646299	0.971216031525722	107
0.11222231951993	1.19669368080822	214
0.11209942212886	1.19724209000592	214
-0.0997436122822399	0.774418861125706	619
0.09270869671627	1.01444337638405	685
0.0350348161126099	1.48998404867528	20
0.0740890957606499	2.17228476682502	28
-0.01886727796986	1.62855467235667	28
0.035007559069	1.48997297966207	28
-0.0387237529381299	1.93776628032884	28
0.0576802758419701	1.83288441673066	782
0.0929089962157501	1.01496515257567	520
-0.00399415082933996	1.14588779083778	128
-0.0953091164470401	1.10916330782568	74
-0.06304609280399	1.28179266602802	74
0.09307053574539	1.01506199733172	107
-0.09520331083685	1.1089235160465	685
0.04760071252804	1.6619365177802	20
-0.0631288619968899	1.28186897875034	554
-0.0953357329525499	1.109180653183	101
0.06631990310633	2.00228786519719	28
-0.10201770642392	2.36113711765545	495
0.08125169414936	2.34156739278319	495
-0.0953224228540199	1.10920392728072	28
0.0660138251920299	0.589391230638723	368
0.01037427054142	1.96748908734426	28
0.12275661239863	1.53252501484665	28
-0.0764024278672399	1.59916012968247	365
-0.0763098448397499	1.59891555528064	365
-0.07646289634083	1.5985614056659	74
0.0349545171453001	1.48988775933262	214
0.0931644419440201	1.01510003139785	324
-0.0764286236806699	1.59901997540362	554
0.02272612175766	2.13719575250641	28
-0.0638441754097101	2.0821450534786	28
-0.0376199977242699	0.971369902993594	520
-0.0378356869230301	0.970853229111692	74
0.11215994324786	1.1972387166861	80
0.0582516470812999	0.797772341886517	80
-0.00382207988244998	1.14624413498319	80
-0.00388917670528999	1.14586100594575	80
0.0669079876023899	0.590129049397097	258
0.0347924619826001	1.48885092431738	554
-0.0376847296890701	0.971317789997125	295
0.0669079876023899	0.590129049397097	601
0.0349272623836601	1.48980352606368	86
0.04019459198889	0.361113808702474	285
0.12271009537197	1.53252357342144	28
-0.03766347955932	0.970824474083088	57
0.0400757313518501	0.361162560899904	267
0.0661461894111901	0.58941996665963	267
0.11223634861539	1.19727846089222	307
-0.0381907722060499	1.456684008713	27
-0.03770645584084	0.97118520731588	101
0.06754699712777	0.590324009457586	295
-0.0997349038953601	0.774341633185776	86
-0.1015528439094	2.36191087197927	28
-0.03772766745806	0.971179568236575	365
0.0666544403313301	0.59000828848376	520
0.0400757313518501	0.361162560899904	520
-0.0192412256916601	1.62694418166047	74
0.0404719114938299	0.361322640689658	267
0.01787627049361	1.31668189807039	80
0.06614665014155	2.00101686695916	214
-0.0997436122822399	0.774418861125706	220
0.03506059355487	1.4899189792874	220
-0.0381470270873801	1.45669085329474	27
-0.0629942534069401	1.28239709328681	27
0.08149896256367	2.34228939390763	27
-0.06296707703879	1.28237633464647	324
0.0928959523292201	1.01499095487319	692
0.06640050781925	0.589791315671906	692
-0.10009301784278	0.773998601930091	295
0.04019459198889	0.361113808702474	601
0.05832400447743	0.79777889706228	314
0.0582516470812999	0.797772341886517	314
0.0669079876023899	0.590129049397097	520
0.0404719114938299	0.361322640689658	26
0.09281537634135	1.01484161778391	57
0.11846594563983	1.36392177573483	74
-0.01917438717069	1.62746940639961	74
-0.00380689612946994	1.14613373756296	307
-0.0998659701244799	0.774255798157072	220
0.12281699540143	1.53253161115609	27
-0.0951774642191801	1.10913791862697	27
-0.0375770736646299	0.971216031525722	324
0.06704077902752	0.589986987289273	692
0.06754699712777	0.590324009457586	674
0.0583675193827	0.797791482115468	581
-0.09536175383862	1.10872410477597	101
-0.06302268659683	1.28213799022895	101
-0.0998573327016901	0.774326861652598	295
-0.05624426055854	1.76838590016672	28
0.0660138251920299	0.589391230638723	520
-0.10021720164015	1.4294402116929	74
0.0581070063731699	0.797487899674034	107
0.0666544403313301	0.59000828848376	267
-0.0998659701244799	0.774255798157072	267
-0.0953756854169301	1.10868431283942	80
-0.0375332920209499	0.971335989947976	220
-0.0995070690697399	0.774452381792266	258
0.11851924853759	1.36370108964016	20
0.0930026836146201	1.0150029618971	20
0.0581503757161399	0.797500355917327	86
-0.09546757823198	1.10874641219142	86
0.04035320892594	0.361169722228799	285
-0.0952565809111401	1.10922586789114	28
-0.00382968794147009	1.14619044136978	365
0.01787627049361	1.31668189807039	74
0.11838646618932	1.36382581239861	80
0.12260319661325	1.53202780162261	27
0.11843983381257	1.363788488939	27
0.0929089962157501	1.01496515257567	324
0.11204544075352	1.19646368726614	258
0.0404719114938299	0.361322640689658	258
0.0582951134101599	0.797784880803241	601
-0.0358636586301999	2.41219981100409	28
-0.05640349611775	1.76790020774577	28
0.05835291915452	0.797338851830935	520
-0.10026243541634	1.42923262423122	74
-0.00372472551665992	1.14617763393206	107
0.04035320892594	0.361169722228799	267
0.0931644419440201	1.01510003139785	107
0.06640050781925	0.589791315671906	267
-0.0954016231661601	1.10904984901962	214
-0.0953224228540199	1.10920392728072	27
-0.00382968794147009	1.14619044136978	324
0.09309643861636	1.01494888434125	324
0.1121074612167	1.19703151090983	324
-0.10011042325869	1.42986469679142	101
-0.12012912955934	1.89287907753375	28
-0.11688886108246	2.20064051656475	28
0.08147763193596	2.34248124454421	28
0.0176945665369199	1.31667104625431	209
0.0404719114938299	0.361322640689658	520
0.0405904054674899	0.361273728188317	26
0.11839950230927	1.36376987050119	128
0.12274721411719	1.53240765743908	74
0.12275661239863	1.53252501484665	74
-0.09972617906736	0.773954066072917	107
0.03995666139643	0.361009605400419	267
0.0404719114938299	0.361322640689658	267
0.0928959523292201	1.01499095487319	267
0.11212966873912	1.19733244835361	220
0.0227044437897199	2.13753874262459	20
0.11837342604012	1.36380080845913	692
-0.10009301784278	0.773998601930091	295
-0.06291526649569	1.28239460259991	86
-0.038105711604	1.45677735085545	86
-0.0381907722060499	1.456684008713	28
-0.1203155505064	1.89284093567216	28
-0.03808383086413	1.45674727746957	209
0.0348727590314899	1.48940141111926	128
0.0404719114938299	0.361322640689658	267
0.12283084455485	1.5323445320253	214
0.0177176898651701	1.31674662495615	214
-0.10008990196047	1.42986723711651	27
0.04035320892594	0.361169722228799	258
0.0477733510712299	1.66281727234075	20
0.11219813888498	1.19730010441067	324
0.0583963866130599	0.797687194353385	692
0.0929896814290101	1.01511461811393	295
-0.10004066335244	1.42962701810972	86
0.0579203140791	1.83340984956378	28
-0.0998659701244799	0.774255798157072	514
-0.10004470310765	1.42999409071848	74
-0.0377705969878599	0.970816165302698	74
-0.00372472551665992	1.14617763393206	80
-0.0375770736646299	0.971216031525722	220
-0.07642258157942	1.59903060029235	27
0.11851812092335	1.36315565934837	816
-0.00408406191229993	1.14550426291643	324
-0.0377710902494499	0.971060007159056	20
0.04786408703858	1.66300682995499	20
0.0349272623836601	1.48980352606368	20
0.11208359419639	1.19684373267159	581
-0.03821265164765	1.45657899516567	86
-0.0817880561937701	1.91397099615555	28
-0.10004470310765	1.42999409071848	28
-0.0999995531079201	1.4299530809016	365
0.11830694955005	1.36357004823443	107
-0.10004470310765	1.42999409071848	214
0.11206920343166	1.19697006676344	220
0.0405904054674899	0.361273728188317	20
0.0175733849048401	1.3159538746158	28
-0.0376847296890701	0.971317789997125	28
-0.0952699076686101	1.1091368898902	74
-0.00390429105450996	1.14612220009606	74
-0.0376629135311699	0.971304917656255	74
0.11845289174257	1.36389674047384	107
-0.00401683164371991	1.14572178126967	214
0.0662910134980801	2.0022714163901	214
0.05806373276334	0.79713982138369	324
0.0582516470812999	0.797772341886517	324
-0.0764750016161599	1.59864502208977	842
0.11212966873912	1.19733244835361	811
0.0583963866130599	0.797687194353385	811
-0.0188205068445499	1.62833412282284	295
-0.03759812173156	0.971357094877432	86
0.0739895664575401	2.17110062930211	86
-0.09546757823198	1.10874641219142	28
0.0334936103721699	2.30758869145664	28
0.11846594563983	1.36392177573483	28
-0.00383730678130001	1.1460589544713	74
-0.00382207988244998	1.14624413498319	74
0.0926415257655	1.01413360573067	80
-0.0999795413065401	0.774163935987156	220
-0.0377280920115699	0.970772505341636	220
0.06729408016793	0.590203599966043	220
0.09301570388066	1.01445552987221	220
0.05822273219915	0.797691987551502	324
0.09281537634135	1.01484161778391	324
-0.00338467720872004	1.79745453597946	28
-0.0037399786372001	1.14614273997489	516
-0.10002417105518	1.42999665247261	74
0.0400757313518501	0.361162560899904	7
-0.0953883297057601	1.10900921430707	80
-0.0188273651284201	1.62855152203801	816
0.09319026129936	1.01477745885181	324
-0.03821265164765	1.45657899516567	101
-0.0377494238306	0.971192499435083	295
-0.0385796606600199	1.93836877689049	28
0.11216788507174	1.197393867706	28
-0.10006524007874	1.42992918005617	121
0.0178245214391799	1.31682567095759	220
0.0349559830724	1.48962129723847	20
-0.0953357329525499	1.109180653183	20
-0.0629955159293201	1.28232067962445	20
-0.00390429105450996	1.14612220009606	295
0.0400757313518501	0.361162560899904	26
-0.0952299384867099	1.10920857535553	121
0.0814350569733899	2.34217219732517	74
0.0404719114938299	0.361322640689658	7
0.09281537634135	1.01484161778391	220
-0.1000036439209	1.42993684133984	27
-0.10010152990328	0.773749047438567	324
-0.00382207988244998	1.14624413498319	324
0.0177176898651701	1.31674662495615	20
-0.0628868131577001	1.28236843791619	20
-0.00403200613082011	1.14515271177722	20
0.11837342604012	1.36380080845913	295
-0.00382968794147009	1.14619044136978	86
-0.00400170030462999	1.14590672917174	57
0.0660138251920299	0.589391230638723	7
0.0928959523292201	1.01499095487319	80
-0.0954016231661601	1.10904984901962	214
-0.0039866121574399	1.14579622944292	220
0.0671611502856	0.590087165510619	490
0.11209942212886	1.19724209000592	20
-0.0376847296890701	0.971317789997125	295
-0.0377705969878599	0.970816165302698	37
0.0404719114938299	0.361322640689658	285
-0.09993388858726	1.42985600137303	616
0.0929089962157501	1.01496515257567	520
0.0405904054674899	0.361273728188317	520
0.06704077902752	0.589986987289273	7
0.0400757313518501	0.361162560899904	7
0.0666544403313301	0.59000828848376	7
-0.0996122546974201	0.774119696180458	80
-0.10023772693249	1.42924331145538	27
-0.03779238355054	0.970972622298318	679
0.0404719114938299	0.361322640689658	520
0.04019459198889	0.361113808702474	26
-0.0383804328766899	1.45580988034692	201
0.0404719114938299	0.361322640689658	7
-0.0383390487025601	1.45612077282494	307
-0.0377926667403099	0.970647456267243	220
-0.0629398986510801	1.28228870221773	307
-0.03759812173156	0.971357094877432	220
0.0667870930537	0.589616020977837	490
0.09281537634135	1.01484161778391	20
0.0669079876023899	0.590129049397097	419
0.0400757313518501	0.361162560899904	295
0.0669079876023899	0.590129049397097	37
0.0669079876023899	0.590129049397097	37
0.03487566741069	1.48932852299017	86
0.0405904054674899	0.361273728188317	26
0.0583963866130599	0.797687194353385	7
0.0400757313518501	0.361162560899904	7
-0.0188542783024399	1.62824844824229	214
0.05832400447743	0.79777889706228	490
0.11215994324786	1.1972387166861	679
0.0932455750699099	1.01472489053794	419
0.0405904054674899	0.361273728188317	497
0.0404719114938299	0.361322640689658	37
0.0405904054674899	0.361273728188317	285
0.12271009537197	1.53252357342144	616
0.0178245214391799	1.31682567095759	74
0.12287736994666	1.53234602256309	57
0.05832400447743	0.79777889706228	264
-0.0381470270873801	1.45669085329474	214
-0.03852430458986	1.93703460639318	27
-0.0999379246558501	1.42996081624991	220
0.04019459198889	0.361113808702474	490
0.0669079876023899	0.590129049397097	490
-0.09542822115104	1.10893769082864	679
0.0669079876023899	0.590129049397097	37
-0.0376629135311699	0.971304917656255	812
0.0669079876023899	0.590129049397097	520
-0.10236587563073	1.74478282942808	121
0.0404719114938299	0.361322640689658	7
0.04035320892594	0.361169722228799	7
-0.0993841204043999	0.774230707923706	264
-0.0952299384867099	1.10920857535553	220
0.0660138251920299	0.589391230638723	490
0.04035320892594	0.361169722228799	490
0.06626800442765	0.58951227776968	490
0.06754699712777	0.590324009457586	419
0.0176714434238701	1.31651925107115	20
-0.0954016231661601	1.10904984901962	295
0.0177176898651701	1.31674662495615	652
0.11836038186052	1.36369259288262	86
0.0424016015790201	2.47452964743809	28
0.0740116102670001	2.17212294325092	28
0.04019459198889	0.361113808702474	26
-0.00338467720872004	1.79745453597946	121
0.0666544403313301	0.59000828848376	7
0.0405904054674899	0.361273728188317	7
0.06626800442765	0.58951227776968	7
-0.0996122546974201	0.774119696180458	264
-0.0189272991267599	1.6280292100756	307
0.09281537634135	1.01484161778391	220
0.04035320892594	0.361169722228799	490
0.0405904054674899	0.361273728188317	490
0.0666544403313301	0.59000828848376	490
0.0178531401997599	1.31653011638209	679
0.05819384091091	0.797199179169602	295
0.0582951134101599	0.797784880803241	812
0.04035320892594	0.361169722228799	285
-0.10240459012265	1.74464471217592	28
0.0404719114938299	0.361322640689658	335
0.11220611551615	1.19737223627029	514
-0.0189809228092399	1.62842194119861	728
0.12281699540143	1.53253161115609	74
0.0404719114938299	0.361322640689658	7
0.0580780439275299	0.797106236295213	207
-0.05611402604748	1.76826296957861	307
-0.0374684243610801	0.971232920512448	220
-0.0998573327016901	0.774326861652598	490
-0.10010152990328	0.773749047438567	679
0.01763398027087	1.31639315234962	20
0.11209942212886	1.19724209000592	295
0.04242925197083	2.47383124778525	28
0.06640050781925	0.589791315671906	520
0.0671611502856	0.590087165510619	26
0.04019459198889	0.361113808702474	335
-0.0999795413065401	0.774163935987156	514
-0.00390429105450996	1.14612220009606	514
0.03500903285456	1.4898366749406	74
-0.0954016231661601	1.10904984901962	74
-0.00383730678130001	1.1460589544713	74
0.06640050781925	0.589791315671906	7
0.04019459198889	0.361113808702474	7
0.0576536608143301	1.83251981334249	27
-0.00330512925551996	1.79757357899727	27
-0.0381907722060499	1.456684008713	324
0.05832400447743	0.79777889706228	20
-0.0630757704231899	1.28205828288189	101
-0.00341346664912989	1.79733239026595	653
0.06640050781925	0.589791315671906	37
0.0666544403313301	0.59000828848376	812
0.02248302263572	2.13707985602529	569
0.11841253440115	1.36363053588237	616
0.04019459198889	0.361113808702474	335
0.06729408016793	0.590203599966043	7
-0.0376847296890701	0.971317789997125	207
0.0929089962157501	1.01496515257567	80
-0.0953224228540199	1.10920392728072	220
0.0669079876023899	0.590129049397097	419
-0.00397156724531	1.14536528168191	20
0.0405904054674899	0.361273728188317	37
0.0669079876023899	0.590129049397097	37
0.12268683737928	1.53240107921969	86
0.05820827665872	0.79742393937989	285
0.0405904054674899	0.361273728188317	26
0.04019459198889	0.361113808702474	335
0.12288429413066	1.53088288490942	74
-0.06283373539569	1.28233093364841	57
0.11223634861539	1.19727846089222	671
0.0669079876023899	0.590129049397097	7
0.05806373276334	0.79713982138369	264
-0.0377494238306	0.971192499435083	220
0.09281537634135	1.01484161778391	220
0.0405904054674899	0.361273728188317	490
0.04035320892594	0.361169722228799	490
0.0404719114938299	0.361322640689658	490
-0.0953883297057601	1.10900921430707	20
0.03995666139643	0.361009605400419	37
0.05822273219915	0.797691987551502	37
0.03995666139643	0.361009605400419	37
0.11212966873912	1.19733244835361	86
0.0581070063731699	0.797487899674034	528
-0.11720086904636	2.20001894862982	569
0.0400757313518501	0.361162560899904	520
0.0404719114938299	0.361322640689658	7
0.0671611502856	0.590087165510619	264
-0.09997095830854	0.774161366781223	493
0.0405904054674899	0.361273728188317	490
0.0657592596523799	0.589174142486685	490
0.0400757313518501	0.361162560899904	490
0.09328415174204	1.01434598521396	679
-0.0999795413065401	0.774163935987156	419
0.0666544403313301	0.59000828848376	812
-0.0386238281461899	1.9382618287073	28
0.0405904054674899	0.361273728188317	26
0.04035320892594	0.361169722228799	26
0.04035320892594	0.361169722228799	26
0.0927349692105499	1.01434853374846	335
0.0404719114938299	0.361322640689658	7
0.0400757313518501	0.361162560899904	264
0.0660138251920299	0.589391230638723	490
0.0582516470812999	0.797772341886517	490
-0.09975230417822	0.774274178577378	679
0.0400757313518501	0.361162560899904	419
-0.0997349038953601	0.774341633185776	419
-0.0953883297057601	1.10900921430707	269
-0.0997436122822399	0.774418861125706	295
-0.0997436122822399	0.774418861125706	616
0.0666544403313301	0.59000828848376	289
0.0405904054674899	0.361273728188317	335
0.0405904054674899	0.361273728188317	335
-0.0847112335131499	2.22180671521908	121
0.05832400447743	0.79777889706228	7
0.05832400447743	0.79777889706228	264
0.0582516470812999	0.797772341886517	264
-0.10008990196047	1.42986723711651	307
0.0928959523292201	1.01499095487319	220
0.11857151108193	1.36363929871807	419
0.0404719114938299	0.361322640689658	37
0.00136021445383006	2.44141670818081	569
0.12284025651849	1.53241045230602	616
0.0405904054674899	0.361273728188317	26
0.0400757313518501	0.361162560899904	335
0.0400757313518501	0.361162560899904	57
0.0400757313518501	0.361162560899904	7
-0.0954149203138901	1.10902660350339	220
-0.0383171901967201	1.45622569558396	307
0.11845289174257	1.36389674047384	493
0.0404719114938299	0.361322640689658	490
0.06640050781925	0.589791315671906	490
-0.00382207988244998	1.14624413498319	134
-0.09963854334916	0.77420270997835	679
0.11209942212886	1.19724209000592	20
-0.09524325785113	1.10924916729094	20
0.0404719114938299	0.361322640689658	419
0.0666544403313301	0.59000828848376	419
0.11830694955005	1.36357004823443	101
-0.09536236423209	1.10893083428085	101
-0.09519080395228	1.10904894116388	295
0.0404719114938299	0.361322640689658	37
0.06640050781925	0.589791315671906	26
0.05813599240279	0.797331200154474	514
-0.0954277587329699	1.10819660615017	57
-0.00317483605775992	1.79727700412502	307
-0.03759812173156	0.971357094877432	220
0.0400757313518501	0.361162560899904	490
0.12279373463079	1.5325709279016	134
0.0349014677914199	1.48967236359433	134
-0.08183251078774	1.91387588787007	653
0.06640050781925	0.589791315671906	37
0.11227457245336	1.19717008777991	86
-0.01908762404527	1.62802660136231	86
-0.0954149203138901	1.10902660350339	528
0.06729408016793	0.590203599966043	285
0.0662910134980801	2.0022714163901	28
-0.0844655123387601	2.22263459227691	569
0.11213765917752	1.19730352814855	289
-0.0189211099867299	1.62810462801149	121
-0.10011042325869	1.42986469679142	307
-0.10015565523953	1.42963651481672	307
0.01780139530442	1.31689537172487	27
0.0102249815950299	1.96715176329688	121
0.03490000968004	1.48964343968168	207
0.0477733510712299	1.66281727234075	27
0.11825340902879	1.36293766366264	134
-0.01894104480949	1.62828133768762	269
-0.0953883297057601	1.10900921430707	653
0.0580347229940099	0.797093811834519	28
-0.1009976829692	2.05912979857977	695
-0.01910756550709	1.62785330445709	2
-0.0386238281461899	1.9382618287073	121
-0.0630473459779199	1.28220770319229	74
-0.09542822115104	1.10893769082864	74
-0.07649513492307	1.59870823427886	74
-0.0765354087949901	1.59864343026132	201
0.01780139530442	1.31689537172487	307
0.11822739574673	1.36313284550206	27
-0.0382102457865401	1.45651931710557	134
0.0477529012131299	1.66281945885999	134
0.12273335371078	1.53256434383476	269
-0.0952699076686101	1.1091368898902	749
0.04035320892594	0.361169722228799	28
0.11839950230927	1.36376987050119	207
0.11227457245336	1.19717008777991	220
-0.01895401680637	1.628431585013	134
0.0177320181824601	1.31666496861891	282
0.11846594563983	1.36392177573483	282
-0.00330512925551996	1.79757357899727	569
0.11215994324786	1.1972387166861	443
0.0178388397673299	1.31690586529848	307
0.12275661239863	1.53252501484665	307
0.0928022907844199	1.01477559073757	220
0.11217591035637	1.19728192741819	220
-0.0766483259111701	1.59771988724404	134
-0.0564757639324101	1.7671460905375	134
-0.10028722880484	1.42884145862917	134
0.0927218239130401	1.0146264042384	134
0.11217591035637	1.19728192741819	749
-0.0381907722060499	1.456684008713	307
0.12264970808531	1.53235990515963	134
-0.0041066710467399	1.14533847320095	749
-0.09553401770792	1.10826795893098	282
0.0582516470812999	0.797772341886517	282
-0.00383730678130001	1.1460589544713	282
0.0661461894111901	0.58941996665963	285
-0.0381470270873801	1.45669085329474	121
-0.00331193913925998	1.79733550393028	121
-0.0375552278978399	0.971348728509458	207
-0.08165285285507	1.91404221905441	27
0.01019187009286	1.96692672205541	27
-0.00399415082933996	1.14588779083778	134
-0.0379002459000599	0.970539477060549	443
-0.0817861894046199	1.91394466032993	121
0.0176802224153201	1.31647167770262	121
-0.00382207988244998	1.14624413498319	2
0.0350348161126099	1.48998404867528	207
-0.00326117417092009	1.79711931261546	300
0.01766586070056	1.31581680120886	134
0.0741554961954001	2.17236106975345	269
0.0671611502856	0.590087165510619	285
0.11212176168975	1.19709085061033	26
0.06754699712777	0.590324009457586	222
-0.1001351495965	1.42957668788431	121
0.05817931439108	0.797679491776654	183
-0.0998659701244799	0.774255798157072	183
-0.0998486787805399	0.774176029611433	220
-0.03804254835633	1.456705422094	27
0.11213765917752	1.19730352814855	134
0.0350060851737299	1.48967466244509	134
-0.08210106035312	1.91192426843681	269
-0.0998659701244799	0.774255798157072	282
0.0404719114938299	0.361322640689658	222
0.11836038186052	1.36369259288262	74
-0.00382207988244998	1.14624413498319	74
0.11223634861539	1.19727846089222	207
0.05820827665872	0.79742393937989	300
0.05822273219915	0.797691987551502	300
0.0582662459451999	0.797390693711427	300
0.0404719114938299	0.361322640689658	228
0.06729408016793	0.590203599966043	228
0.06729408016793	0.590203599966043	228
0.0582951134101599	0.797784880803241	397
-0.00399415082933996	1.14588779083778	285
0.09307053574539	1.01506199733172	26
0.0400757313518501	0.361162560899904	26
-0.08449407379027	2.22294509532881	121
0.06729408016793	0.590203599966043	183
0.0477733510712299	1.66281727234075	307
-0.0998659701244799	0.774255798157072	767
-0.12030898564699	1.89313404536443	27
0.0404719114938299	0.361322640689658	142
0.11203095978099	1.19682218114904	405
0.04035320892594	0.361169722228799	26
0.0666544403313301	0.59000828848376	222
0.03995666139643	0.361009605400419	183
-0.03766347955932	0.970824474083088	342
0.0657592596523799	0.589174142486685	342
0.0400757313518501	0.361162560899904	458
0.04019459198889	0.361113808702474	711
-0.10010152990328	0.773749047438567	711
0.06754699712777	0.590324009457586	233
0.06704077902752	0.589986987289273	173
0.11223634861539	1.19727846089222	142
0.0666544403313301	0.59000828848376	397
-0.03772766745806	0.971179568236575	405
-0.0996297969318301	0.774437355317741	405
-0.0998573327016901	0.774326861652598	405
0.06640050781925	0.589791315671906	245
-0.10008990196047	1.42986723711651	311
0.0405904054674899	0.361273728188317	26
0.0671611502856	0.590087165510619	222
-0.0630757704231899	1.28205828288189	2
-0.06302142775844	1.28235240942454	162
0.0405904054674899	0.361273728188317	183
0.0667870930537	0.589616020977837	307
0.06652179801436	0.589470978357053	300
0.12273335371078	1.53256434383476	220
0.0655043071522501	0.588802943698808	233
0.06640050781925	0.589791315671906	228
0.0657592596523799	0.589174142486685	228
0.06729408016793	0.590203599966043	228
0.0400757313518501	0.361162560899904	228
0.05822273219915	0.797691987551502	173
-0.0997436122822399	0.774418861125706	173
0.09307053574539	1.01506199733172	405
0.05806373276334	0.79713982138369	282
-0.0999881077500799	0.773840743719683	245
0.0405904054674899	0.361273728188317	129
0.0176802224153201	1.31647167770262	470
0.05832400447743	0.79777889706228	26
0.07400610716389	2.17203771487478	587
0.07382898158222	2.17066271395959	220
0.09307053574539	1.01506199733172	767
0.03511511015036	1.48986792541451	233
0.11216788507174	1.197393867706	233
0.0666544403313301	0.59000828848376	228
-0.00391186442864	1.14614110823046	134
-0.0817861894046199	1.91394466032993	660
0.03995666139643	0.361009605400419	129
0.0405904054674899	0.361273728188317	26
0.0671611502856	0.590087165510619	222
0.06729408016793	0.590203599966043	222
-0.0995070690697399	0.774452381792266	162
-0.0378140801872999	0.970985606335259	162
0.0400757313518501	0.361162560899904	183
-0.0376838847565499	0.970598175368164	307
-0.0379002459000599	0.970539477060549	220
-0.00335588210409998	1.79750689780164	27
-0.0382539699667599	1.45651251041773	134
0.05817931439108	0.797679491776654	134
0.0400757313518501	0.361162560899904	228
0.0929766972884001	1.01493823898538	397
-0.0376847296890701	0.971317789997125	405
0.05822273219915	0.797691987551502	282
0.0400757313518501	0.361162560899904	26
0.06729408016793	0.590203599966043	222
-0.0386958750709101	1.93803134942667	587
-0.07620902249422	1.59924473130883	2
0.03995666139643	0.361009605400419	183
-0.0997436122822399	0.774418861125706	183
0.0400757313518501	0.361162560899904	129
0.0404719114938299	0.361322640689658	342
-0.0376417836587299	0.971237252051548	342
-0.0382539699667599	1.45651251041773	27
0.03995666139643	0.361009605400419	228
0.03995666139643	0.361009605400419	228
0.0657592596523799	0.589174142486685	142
0.11208359419639	1.19684373267159	142
-0.03770645584084	0.97118520731588	405
0.0405904054674899	0.361273728188317	228
0.04035320892594	0.361169722228799	228
-0.00373234668673006	1.14619646041486	245
-0.0995070690697399	0.774452381792266	470
0.0928959523292201	1.01499095487319	374
-0.00391186442864	1.14614110823046	2
0.0666544403313301	0.59000828848376	222
-0.0998573327016901	0.774326861652598	162
-0.0952166228159399	1.10910215926925	673
0.11206920343166	1.19697006676344	162
0.0926415257655	1.01413360573067	183
0.0666544403313301	0.59000828848376	342
0.0657592596523799	0.589174142486685	233
0.04803662889808	1.66270750534231	233
0.06754699712777	0.590324009457586	173
0.05822273219915	0.797691987551502	173
0.11212966873912	1.19733244835361	134
0.0404719114938299	0.361322640689658	142
-0.0377494238306	0.971192499435083	405
-0.00371711513271	1.14608617026441	245
-0.03772766745806	0.971179568236575	245
-0.0374684243610801	0.971232920512448	2
0.0405904054674899	0.361273728188317	222
0.0581070063731699	0.797487899674034	162
0.0583963866130599	0.797687194353385	162
-0.0997349038953601	0.774341633185776	162
0.0669079876023899	0.590129049397097	183
0.03995666139643	0.361009605400419	183
0.0400757313518501	0.361162560899904	183
-0.00400170030462999	1.14590672917174	307
0.0583963866130599	0.797687194353385	787
0.0404719114938299	0.361322640689658	767
0.04019459198889	0.361113808702474	458
0.03995666139643	0.361009605400419	228
0.0405904054674899	0.361273728188317	129
0.03995666139643	0.361009605400419	228
0.0671611502856	0.590087165510619	173
0.0478187443982301	1.66301596808641	405
0.0400757313518501	0.361162560899904	228
0.0582516470812999	0.797772341886517	245
-0.0997436122822399	0.774418861125706	245
0.03995666139643	0.361009605400419	245
0.04019459198889	0.361113808702474	129
0.04019459198889	0.361113808702474	129
0.0405904054674899	0.361273728188317	129
0.0405904054674899	0.361273728188317	129
0.0404719114938299	0.361322640689658	129
0.0404719114938299	0.361322640689658	129
0.0404719114938299	0.361322640689658	129
0.0405904054674899	0.361273728188317	251
-0.00401683164371991	1.14572178126967	2
0.0177925837822901	1.31667844288435	2
0.0400757313518501	0.361162560899904	342
0.0666544403313301	0.59000828848376	342
0.04019459198889	0.361113808702474	342
-0.00389672847823008	1.14603064260661	307
-0.07651527064815	1.59870769876568	711
0.0584399501503501	0.79769982874826	233
-0.0999420920226901	1.42935356858745	233
0.03995666139643	0.361009605400419	129
-0.0377710902494499	0.971060007159056	134
0.0582662459451999	0.797390693711427	134
-0.03759812173156	0.971357094877432	405
-0.0996297969318301	0.774437355317741	405
0.04019459198889	0.361113808702474	245
-0.0998573327016901	0.774326861652598	245
0.0400757313518501	0.361162560899904	26
0.11220611551615	1.19737223627029	2
-0.0996210340312	0.774433753881929	2
0.0404719114938299	0.361322640689658	129
0.11217591035637	1.19728192741819	162
-0.0996297969318301	0.774437355317741	162
0.05817931439108	0.797679491776654	183
0.0404719114938299	0.361322640689658	342
-0.0999795413065401	0.774163935987156	787
0.05833867576296	0.79748357258179	767
0.04035320892594	0.361169722228799	228
0.0404719114938299	0.361322640689658	228
-0.03770645584084	0.97118520731588	173
0.04019459198889	0.361113808702474	228
0.0400757313518501	0.361162560899904	397
0.0666544403313301	0.59000828848376	397
-0.09972617906736	0.773954066072917	405
0.0405904054674899	0.361273728188317	228
0.04035320892594	0.361169722228799	245
0.11839950230927	1.36376987050119	470
0.05820827665872	0.79742393937989	470
0.0405904054674899	0.361273728188317	26
0.0400757313518501	0.361162560899904	26
0.0404719114938299	0.361322640689658	26
0.0404719114938299	0.361322640689658	26
0.03995666139643	0.361009605400419	26
0.04035320892594	0.361169722228799	228
0.04019459198889	0.361113808702474	228
0.04019459198889	0.361113808702474	228
0.0405904054674899	0.361273728188317	228
0.04019459198889	0.361113808702474	228
0.0404719114938299	0.361322640689658	26
0.0404719114938299	0.361322640689658	26
0.0404719114938299	0.361322640689658	26
0.0404719114938299	0.361322640689658	26
0.0405904054674899	0.361273728188317	129
0.0400757313518501	0.361162560899904	228
0.0666544403313301	0.59000828848376	251
0.0404719114938299	0.361322640689658	26
0.0930026836146201	1.0150029618971	251
0.0400757313518501	0.361162560899904	26
-0.0378140801872999	0.970985606335259	2
0.0584687935218	0.797395144295211	2
0.0400757313518501	0.361162560899904	129
0.0404719114938299	0.361322640689658	183
0.0404719114938299	0.361322640689658	129
0.05819384091091	0.797199179169602	162
0.0404719114938299	0.361322640689658	129
0.0404719114938299	0.361322640689658	129
0.0404719114938299	0.361322640689658	129
0.0400757313518501	0.361162560899904	787
0.03995666139643	0.361009605400419	787
0.0404719114938299	0.361322640689658	787
0.0669079876023899	0.590129049397097	767
-0.0997436122822399	0.774418861125706	711
0.0404719114938299	0.361322640689658	228
0.0404719114938299	0.361322640689658	228
0.04035320892594	0.361169722228799	228
0.0404719114938299	0.361322640689658	228
0.0400757313518501	0.361162560899904	228
0.05832400447743	0.79777889706228	173
0.0400757313518501	0.361162560899904	228
0.06779953055876	0.590281779562666	228
0.06626800442765	0.58951227776968	139
0.03995666139643	0.361009605400419	139
0.0404719114938299	0.361322640689658	228
0.0666544403313301	0.59000828848376	245
0.0405904054674899	0.361273728188317	228
-0.09524325785113	1.10924916729094	752
0.0404719114938299	0.361322640689658	26
0.04019459198889	0.361113808702474	26
0.035007559069	1.48997297966207	2
-0.0952565809111401	1.10922586789114	2
-0.0374255745066701	0.971034627776287	162
-0.03751126601183	0.97117970489929	162
0.05832400447743	0.79777889706228	162
0.05817931439108	0.797679491776654	162
-0.09996235880499	0.773920592462937	162
0.04019459198889	0.361113808702474	183
-0.09997095830854	0.774161366781223	41
-0.0954149203138901	1.10902660350339	711
0.0404719114938299	0.361322640689658	228
0.04019459198889	0.361113808702474	228
0.0666544403313301	0.59000828848376	173
0.03490000968004	1.48964343968168	173
0.0400757313518501	0.361162560899904	142
0.0405904054674899	0.361273728188317	397
0.0349014677914199	1.48967236359433	251
0.04035320892594	0.361169722228799	251
0.04035320892594	0.361169722228799	251
0.04019459198889	0.361113808702474	222
0.0404719114938299	0.361322640689658	222
0.04019459198889	0.361113808702474	222
0.0405904054674899	0.361273728188317	183
0.0405904054674899	0.361273728188317	183
0.0400757313518501	0.361162560899904	342
0.0400757313518501	0.361162560899904	458
0.06626800442765	0.58951227776968	458
0.0400757313518501	0.361162560899904	228
0.0400757313518501	0.361162560899904	228
0.04019459198889	0.361113808702474	228
0.0657592596523799	0.589174142486685	173
0.03995666139643	0.361009605400419	228
0.04035320892594	0.361169722228799	228
0.0400757313518501	0.361162560899904	228
0.0404719114938299	0.361322640689658	228
0.04035320892594	0.361169722228799	245
0.0405904054674899	0.361273728188317	245
-0.0561936337368401	1.76840834442538	196
-0.0999795413065401	0.774163935987156	88
-0.0639663897987099	2.08128415565447	88
0.0400757313518501	0.361162560899904	129
0.11221417567966	1.19717358906083	767
0.12254280504429	1.53170733018651	767
0.06626800442765	0.58951227776968	767
0.0660138251920299	0.589391230638723	458
0.05776697778755	1.8332438296105	418
0.0669079876023899	0.590129049397097	173
0.0582516470812999	0.797772341886517	173
0.09281537634135	1.01484161778391	173
0.0582662459451999	0.797390693711427	142
-0.06296834325455	1.28243214104642	140
0.0101144269323401	1.96640895533476	140
-0.00372472551665992	1.14617763393206	139
0.0400757313518501	0.361162560899904	228
-0.0562152701729599	1.76834136850512	63
0.03995666139643	0.361009605400419	26
0.11220611551615	1.19737223627029	88
0.0671611502856	0.590087165510619	183
0.0405904054674899	0.361273728188317	129
0.0404719114938299	0.361322640689658	342
0.0405904054674899	0.361273728188317	342
0.0929896814290101	1.01511461811393	342
0.0582516470812999	0.797772341886517	767
-0.0998573327016901	0.774326861652598	767
-0.00383730678130001	1.1460589544713	418
-0.0953357329525499	1.109180653183	418
-0.09545430138779	1.10863999144858	233
0.0404719114938299	0.361322640689658	228
0.0400757313518501	0.361162560899904	228
0.0404719114938299	0.361322640689658	228
0.0929766972884001	1.01493823898538	228
-0.0998573327016901	0.774326861652598	245
-0.09975230417822	0.774274178577378	245
0.0928022907844199	1.01477559073757	251
0.0178850965839901	1.31683916792252	88
0.06754699712777	0.590324009457586	129
-0.12050689286634	1.89228994243507	41
-0.0631288619968899	1.28186897875034	313
-0.10009301784278	0.773998601930091	233
0.0666544403313301	0.59000828848376	228
0.04035320892594	0.361169722228799	228
0.0581503757161399	0.797500355917327	173
0.11838646618932	1.36382581239861	176
0.0404719114938299	0.361322640689658	142
0.0404719114938299	0.361322640689658	26
0.11214573315028	1.19700995913641	222
-0.0951641281873601	1.10916123929984	88
0.0404719114938299	0.361322640689658	183
-0.12025130622375	1.89336235489069	41
0.03995666139643	0.361009605400419	342
-0.0378140801872999	0.970985606335259	767
-0.10018044594398	1.42911617587349	499
0.0928959523292201	1.01499095487319	418
0.0400757313518501	0.361162560899904	228
0.0400757313518501	0.361162560899904	228
0.06754699712777	0.590324009457586	228
0.04035320892594	0.361169722228799	228
0.06754699712777	0.590324009457586	139
0.0657592596523799	0.589174142486685	139
0.03995666139643	0.361009605400419	228
0.0405904054674899	0.361273728188317	26
0.0669079876023899	0.590129049397097	26
-0.03770645584084	0.97118520731588	183
0.0666544403313301	0.59000828848376	183
-0.09542822115104	1.10893769082864	418
-0.0995070690697399	0.774452381792266	228
-0.0998659701244799	0.774255798157072	222
0.0583963866130599	0.797687194353385	222
0.06729408016793	0.590203599966043	222
-0.0387958028533699	1.93718815458789	88
-0.10225521735756	1.74481781086795	88
-0.0630473459779199	1.28220770319229	88
-0.0999379246558501	1.42996081624991	446
0.0582662459451999	0.797390693711427	183
0.04019459198889	0.361113808702474	183
-0.10008990196047	1.42986723711651	313
0.11217591035637	1.19728192741819	767
0.0583963866130599	0.797687194353385	173
-0.03770582110758	0.971023102627933	173
-0.0996210340312	0.774433753881929	228
0.0928829264948601	1.01472280325666	245
0.0660138251920299	0.589391230638723	245
0.03995666139643	0.361009605400419	26
0.01780139530442	1.31689537172487	88
0.0584399501503501	0.79769982874826	446
0.0928959523292201	1.01499095487319	446
0.0400757313518501	0.361162560899904	342
0.04019459198889	0.361113808702474	342
0.0404719114938299	0.361322640689658	228
0.0580780439275299	0.797106236295213	173
-0.0953883297057601	1.10900921430707	110
0.04035320892594	0.361169722228799	228
0.0404719114938299	0.361322640689658	397
-0.00390429105450996	1.14612220009606	198
-0.0998573327016901	0.774326861652598	198
0.03995666139643	0.361009605400419	139
0.03995666139643	0.361009605400419	228
0.0404719114938299	0.361322640689658	245
0.0666544403313301	0.59000828848376	26
0.06754699712777	0.590324009457586	26
0.0404719114938299	0.361322640689658	26
0.0404719114938299	0.361322640689658	26
0.0404719114938299	0.361322640689658	26
-0.03751126601183	0.97117970489929	88
0.0932455750699099	1.01472489053794	446
0.06624031826364	2.00220330688268	88
0.04019459198889	0.361113808702474	183
0.0669079876023899	0.590129049397097	183
0.05841113039771	0.79749024913428	183
-0.0998573327016901	0.774326861652598	41
0.06640050781925	0.589791315671906	342
0.0671611502856	0.590087165510619	767
0.0927218239130401	1.0146264042384	233
-0.0998486787805399	0.774176029611433	233
0.04019459198889	0.361113808702474	228
0.04019459198889	0.361113808702474	173
0.0405904054674899	0.361273728188317	173
0.0929896814290101	1.01511461811393	176
-0.03751126601183	0.97117970489929	397
-0.0997349038953601	0.774341633185776	140
0.0581070063731699	0.797487899674034	228
0.05806373276334	0.79713982138369	228
0.0405904054674899	0.361273728188317	228
0.06754699712777	0.590324009457586	228
0.05817931439108	0.797679491776654	245
0.11213765917752	1.19730352814855	248
-0.06294116856962	1.28247683048444	480
-0.00401683164371991	1.14572178126967	257
-0.00408406191229993	1.14550426291643	257
0.0929766972884001	1.01493823898538	233
0.0666544403313301	0.59000828848376	173
0.0225911512230199	2.13681364252251	387
-0.00391944859509996	1.14608745729724	429
-0.10008448922115	0.773906023057076	248
0.12260319661325	1.53202780162261	156
0.0350348161126099	1.48998404867528	110
0.11206119919618	1.1970941656282	248
-0.10110469188057	2.05884340693817	230
-0.10092519020656	2.05911116384849	156
-0.02308857707975	2.10784239447078	110
0.06704077902752	0.589986987289273	26
-0.03744633836762	0.971076764465405	257
-0.0703982393703799	2.38492068567815	230
0.06626212954208	2.00218034343273	156
0.04783920541394	1.66301380313369	834
-0.00380689612946994	1.14613373756296	257
-0.00391944859509996	1.14608745729724	394
-0.0384301021626901	1.93815691197084	197
-0.0377710902494499	0.971060007159056	248
-0.0190008659921499	1.62838942906632	248
-0.10032821191032	1.42877421216894	140
-0.03827583893741	1.45640753424195	248
-0.07646289634083	1.5985614056659	604
-0.00320362107826999	1.79729373336212	230
0.0177782693851201	1.31689238990432	238
-0.0378140801872999	0.970985606335259	238
0.06704077902752	0.589986987289273	127
0.12270069495481	1.53189010543725	110
0.05832400447743	0.79777889706228	198
0.05820827665872	0.79742393937989	140
0.09309643861636	1.01494888434125	257
-0.0998486787805399	0.774176029611433	257
-0.02311196300894	2.10786588156713	499
0.0178101853834201	1.3163024609337	238
-0.0641035859828301	2.08169070767271	127
-0.0190278163790201	1.628124904035	127
-0.1023713558291	1.7445878457856	604
0.0930026836146201	1.0150029618971	238
0.11855845149624	1.36377854002924	127
-0.03764100734363	0.971148479720349	834
-0.09997095830854	0.774161366781223	219
0.05817931439108	0.797679491776654	263
-0.0999795413065401	0.774163935987156	263
0.12267296434739	1.53240066471627	63
0.06631283090447	2.00210127974404	197
0.12271009537197	1.53252357342144	238
-0.02302328824649	2.10819727436533	193
-0.0380644441675699	1.45666844067004	219
0.11212966873912	1.19733244835361	786
-0.01902081196765	1.62828783186218	480
-0.03779238355054	0.970972622298318	238
-0.03764100734363	0.971148479720349	219
-0.03759812173156	0.971357094877432	238
0.12277047420366	1.53253015141933	238
0.04803662889808	1.66270750534231	127
-0.0387119114108501	1.93684640122705	387
-0.00984339475230001	2.27552193092081	613
0.0664283796838801	2.00201641747692	238
0.09308347816206	1.01515253512817	238
-0.0953750399306299	1.10890276686122	127
0.11847899550541	1.3638658606658	127
0.0660740800717501	2.00116416074675	387
-0.00388917670528999	1.14586100594575	238
-0.0386571455065701	1.93821051775139	499
-0.10242113696594	1.74406628821598	499
-0.0953357329525499	1.109180653183	238
-0.0378570618469201	0.970658678019384	541
-0.0818556576468801	1.91368388079987	322
0.0669079876023899	0.590129049397097	263
-0.0376847296890701	0.971317789997125	197
-0.0377705969878599	0.970816165302698	541
-0.0189809228092399	1.62842194119861	110
0.0928829264948601	1.01472280325666	198
-0.0377494238306	0.971192499435083	263
-0.12039742418093	1.89270094659611	230
-0.00348619090289004	1.7969561863172	84
0.11828089270471	1.3634369282367	238
0.09308347816206	1.01515253512817	219
0.02243708517555	2.13716488121543	439
-0.0995070690697399	0.774452381792266	263
0.0349272623836601	1.48980352606368	197
-0.0765555493671399	1.59851399598763	238
-0.0952299384867099	1.10920857535553	16
0.01780139530442	1.31689537172487	16
-0.0998486787805399	0.774176029611433	213
-0.0950850338918301	1.10878782594068	213
-0.10008448922115	0.773906023057076	59
-0.0040915874888201	1.14552322374695	59
-0.0189141130177399	1.62856574270787	834
0.0669079876023899	0.590129049397097	16
0.0405904054674899	0.361273728188317	26
0.11215994324786	1.1972387166861	68
0.06640050781925	0.589791315671906	213
-0.0377494238306	0.971192499435083	59
-0.0818111958883601	1.9137790042434	834
-0.0952565809111401	1.10922586789114	16
-0.1002214308639	1.4292999346812	387
0.0404719114938299	0.361322640689658	68
0.12267296434739	1.53240066471627	68
-0.0562948864258599	1.76825079536558	230
0.12267296434739	1.53240066471627	783
0.0177782693851201	1.31689238990432	453
-0.0998573327016901	0.774326861652598	59
0.0349014677914199	1.48967236359433	59
-0.06294116856962	1.28247683048444	834
0.0178101853834201	1.3163024609337	834
-0.0630201699349899	1.28218695244773	59
-0.00372472551665992	1.14617763393206	439
0.04035320892594	0.361169722228799	198
-0.06294243951196	1.28228315099964	213
-0.0998476772385599	1.42966195033058	453
-0.0629955159293201	1.28232067962445	68
-0.09545483390151	1.1085304379891	213
0.0475552324311701	1.66132996495305	59
0.0583675193827	0.797791482115468	59
0.11211393788251	1.19639588975264	59
0.06754699712777	0.590324009457586	68
-0.09548085875698	1.10878704990263	213
-0.0998271128610499	1.42966459864359	127
0.12277047420366	1.53253015141933	439
0.0350046110646001	1.4888663142498	783
-0.0641378773151999	2.08150506929899	84
-0.00973649658300002	2.27527347456018	370
0.04232566969311	2.47399329290426	230
-0.01889416531986	1.62853001712296	127
-0.10176471905689	2.36222609407463	322
-0.03802322481627	1.45632330100297	783
0.08136376642641	2.34207290555259	140
-0.04883678127323	2.24809540946947	140
-0.0952825146996299	1.10887818635539	16
-0.00399415082933996	1.14588779083778	213
-0.00333391910780989	1.797521222313	110
-0.01894104480949	1.62828133768762	140
-0.0999379246558501	1.42996081624991	834
-0.0189141130177399	1.62856574270787	834
-0.00340663411284003	1.79731862565397	140
-0.0033778280733201	1.79730189920733	140
0.0400757313518501	0.361162560899904	26
-0.0381688973524601	1.45672094938458	84
0.0103575287261499	1.96673223892242	805
0.00149737559477003	2.44162260012019	805
0.01775514367867	1.31681679420971	238
0.05775340520887	1.83264642398155	16
0.0582516470812999	0.797772341886517	198
-0.0032982748819701	1.7974036035008	16
-0.09515079585498	1.10912068986755	16
-0.0386074523811899	1.93790475609245	84
0.0177320181824601	1.31666496861891	834
0.0928959523292201	1.01499095487319	686
-0.0998573327016901	0.774326861652598	26
-0.037598829345	0.970803252796057	474
0.1121074612167	1.19703151090983	474
0.0929766972884001	1.01493823898538	686
-0.0954016231661601	1.10904984901962	16
-0.0376199977242699	0.971369902993594	16
-0.05627324529955	1.76836546070695	613
0.06729408016793	0.590203599966043	213
-0.10231603631593	1.74462929302577	84
-0.0764689106511101	1.59895512819937	127
-0.06302142775844	1.28235240942454	127
-0.12039618666614	1.89295867695724	193
-0.00333391910780989	1.797521222313	834
-0.0630757704231899	1.28205828288189	110
0.11839950230927	1.36376987050119	432
0.0577403804983101	1.83287105460428	230
-0.03764100734363	0.971148479720349	108
0.09281537634135	1.01484161778391	686
-0.0383171901967201	1.45622569558396	638
-0.03759812173156	0.971357094877432	63
0.00156035616983008	2.4417542634336	613
0.0813211187012699	2.34249500876256	713
0.0582516470812999	0.797772341886517	213
0.06729408016793	0.590203599966043	213
-0.0628880914728101	1.28243929288868	834
-0.09524325785113	1.10924916729094	638
0.03995666139643	0.361009605400419	198
-0.0639852151364	2.0819620921436	29
-0.09997900536895	1.43001801170539	834
0.06640050781925	0.589791315671906	16
-0.04899454282952	2.247442111658	834
0.0226153022008899	2.13769946697242	140
-0.0230256484991001	2.10795543765001	103
-0.0377710902494499	0.971060007159056	181
-0.0998659701244799	0.774255798157072	452
0.0929089962157501	1.01496515257567	238
0.0669079876023899	0.590129049397097	185
0.0176108595303801	1.31624142002555	198
0.09317734260664	1.01509854295805	198
-0.03759812173156	0.971357094877432	198
-0.0996210340312	0.774433753881929	280
-0.03823210558299	1.45654942606327	613
0.0404719114938299	0.361322640689658	613
0.03995666139643	0.361009605400419	398
0.04035320892594	0.361169722228799	398
0.0404719114938299	0.361322640689658	398
0.0405904054674899	0.361273728188317	398
0.04019459198889	0.361113808702474	398
0.0404719114938299	0.361322640689658	398
0.04019459198889	0.361113808702474	398
0.06754699712777	0.590324009457586	398
0.0400757313518501	0.361162560899904	398
0.0400757313518501	0.361162560899904	398
0.0405904054674899	0.361273728188317	398
0.0400757313518501	0.361162560899904	398
0.0404719114938299	0.361322640689658	398
0.0404719114938299	0.361322640689658	398
0.0400757313518501	0.361162560899904	398
0.0669079876023899	0.590129049397097	398
0.0405904054674899	0.361273728188317	398
0.06754699712777	0.590324009457586	398
0.0400757313518501	0.361162560899904	398
-0.03759812173156	0.971357094877432	105
-0.09544152567958	1.10877688420549	452
0.06640050781925	0.589791315671906	452
-0.0999881077500799	0.773840743719683	185
0.04019459198889	0.361113808702474	398
0.0669079876023899	0.590129049397097	198
0.05841113039771	0.79749024913428	198
0.01780139530442	1.31689537172487	103
-0.0375552278978399	0.971348728509458	105
0.05832400447743	0.79777889706228	826
-0.0376629135311699	0.971304917656255	452
0.06779953055876	0.590281779562666	185
0.0583963866130599	0.797687194353385	185
-0.00401683164371991	1.14572178126967	372
-0.10114611794421	2.05857015986159	489
-0.10020639985157	0.773743447762429	292
-0.0953883297057601	1.10900921430707	105
0.0577870195739201	1.83323939379169	103
-0.0377710902494499	0.971060007159056	181
-0.0996297969318301	0.774437355317741	452
-0.10009301784278	0.773998601930091	452
0.0177176898651701	1.31674662495615	238
0.0582951134101599	0.797784880803241	185
0.0666544403313301	0.59000828848376	398
0.12264032242076	1.53188350584169	505
0.0404719114938299	0.361322640689658	198
-0.09963854334916	0.77420270997835	292
0.0400757313518501	0.361162560899904	292
-0.07625534370248	1.59913187077709	103
0.01784764779204	1.31667952320161	224
-0.00336270330194011	1.79739908121717	238
0.11217591035637	1.19728192741819	238
0.04019459198889	0.361113808702474	398
0.0581070063731699	0.797487899674034	185
-0.0638364330738099	2.08181439513897	79
0.0178245214391799	1.31682567095759	505
-0.0953224228540199	1.10920392728072	252
-0.10010152990328	0.773749047438567	198
-0.00391944859509996	1.14608745729724	292
-0.10034871082145	1.428645446158	63
-0.09997095830854	0.774161366781223	105
-0.0995070690697399	0.774452381792266	105
-0.06310044627561	1.2819007977585	103
0.06729408016793	0.590203599966043	826
0.06779953055876	0.590281779562666	826
0.11209942212886	1.19724209000592	452
0.0928959523292201	1.01499095487319	238
0.06640050781925	0.589791315671906	185
0.0177925837822901	1.31667844288435	185
-0.0375761556577601	0.97120071712665	505
0.0348484110150999	1.48931745609142	252
0.0400757313518501	0.361162560899904	398
-0.0381713813589999	1.45645885457535	280
-0.0375552278978399	0.971348728509458	103
0.0400757313518501	0.361162560899904	398
-0.10006938557721	1.42980741116409	103
-0.0376629135311699	0.971304917656255	224
0.0669079876023899	0.590129049397097	181
0.0583675193827	0.797791482115468	181
0.04019459198889	0.361113808702474	398
0.0400757313518501	0.361162560899904	398
-0.0997349038953601	0.774341633185776	452
0.0405904054674899	0.361273728188317	398
0.06626800442765	0.58951227776968	398
0.0400757313518501	0.361162560899904	398
0.0400757313518501	0.361162560899904	398
0.0477982782725499	1.66294425936402	489
0.0582951134101599	0.797784880803241	505
0.05832400447743	0.79777889706228	505
0.0404719114938299	0.361322640689658	398
0.0405904054674899	0.361273728188317	398
-0.00391186442864	1.14614110823046	280
0.0929766972884001	1.01493823898538	103
0.0582951134101599	0.797784880803241	181
0.0404719114938299	0.361322640689658	181
-0.03759812173156	0.971357094877432	224
0.0400757313518501	0.361162560899904	398
0.0405904054674899	0.361273728188317	826
0.05817931439108	0.797679491776654	185
0.0400757313518501	0.361162560899904	398
0.04019459198889	0.361113808702474	185
-0.0996297969318301	0.774437355317741	252
0.0400757313518501	0.361162560899904	198
0.05822273219915	0.797691987551502	550
0.05813599240279	0.797331200154474	398
0.0405904054674899	0.361273728188317	398
0.03995666139643	0.361009605400419	181
0.11209942212886	1.19724209000592	181
0.05820827665872	0.79742393937989	130
0.12267296434739	1.53240066471627	452
0.0405904054674899	0.361273728188317	398
0.0405904054674899	0.361273728188317	398
0.0404719114938299	0.361322640689658	398
-0.03779238355054	0.970972622298318	505
0.06640050781925	0.589791315671906	198
0.0400757313518501	0.361162560899904	198
0.0404719114938299	0.361322640689658	398
0.03995666139643	0.361009605400419	398
0.0405904054674899	0.361273728188317	398
0.03995666139643	0.361009605400419	398
0.0405904054674899	0.361273728188317	398
0.05822273219915	0.797691987551502	181
0.0657592596523799	0.589174142486685	181
0.0405904054674899	0.361273728188317	181
0.0582951134101599	0.797784880803241	181
0.0400757313518501	0.361162560899904	130
0.04035320892594	0.361169722228799	398
0.0404719114938299	0.361322640689658	826
0.06729408016793	0.590203599966043	826
0.04035320892594	0.361169722228799	398
0.0657592596523799	0.589174142486685	185
0.0400757313518501	0.361162560899904	398
0.0400757313518501	0.361162560899904	398
0.04019459198889	0.361113808702474	398
-0.0377710902494499	0.971060007159056	372
0.05832400447743	0.79777889706228	505
-0.10009301784278	0.773998601930091	505
0.03995666139643	0.361009605400419	398
0.03995666139643	0.361009605400419	398
0.0404719114938299	0.361322640689658	398
0.0404719114938299	0.361322640689658	398
-0.0374904201714199	0.971245583613829	252
0.05806373276334	0.79713982138369	252
0.04035320892594	0.361169722228799	398
0.06640050781925	0.589791315671906	398
0.0929896814290101	1.01511461811393	292
0.0405904054674899	0.361273728188317	398
0.0405904054674899	0.361273728188317	105
-0.0998573327016901	0.774326861652598	181
-0.0038525767806401	1.1454894827741	108
0.0405904054674899	0.361273728188317	398
0.0405904054674899	0.361273728188317	826
0.03995666139643	0.361009605400419	398
0.06729408016793	0.590203599966043	826
0.04035320892594	0.361169722228799	398
-0.0998486787805399	0.774176029611433	398
0.0405904054674899	0.361273728188317	398
0.06754699712777	0.590324009457586	398
0.09281537634135	1.01484161778391	505
0.0405904054674899	0.361273728188317	398
-0.0376847296890701	0.971317789997125	252
0.03995666139643	0.361009605400419	398
0.04019459198889	0.361113808702474	398
0.03995666139643	0.361009605400419	398
0.04035320892594	0.361169722228799	398
0.0404719114938299	0.361322640689658	398
0.0404719114938299	0.361322640689658	398
0.03995666139643	0.361009605400419	398
0.06640050781925	0.589791315671906	398
0.0400757313518501	0.361162560899904	398
-0.09997095830854	0.774161366781223	105
0.0660138251920299	0.589391230638723	181
0.0176945665369199	1.31667104625431	181
0.1122524551616	1.19696540999428	181
0.0400757313518501	0.361162560899904	398
-0.0998659701244799	0.774255798157072	246
-0.0996297969318301	0.774437355317741	246
-0.0034642291709901	1.79714412526986	159
0.11837342604012	1.36380080845913	539
0.06640050781925	0.589791315671906	551
-0.0041066710467399	1.14533847320095	34
0.0177782693851201	1.31689238990432	105
-0.0998573327016901	0.774326861652598	181
0.11820136636916	1.36299986156957	246
0.0476870348054499	1.66248880595867	246
-0.1001309494723	1.42979981415944	237
-0.0999795413065401	0.774163935987156	517
0.0657592596523799	0.589174142486685	517
0.0404719114938299	0.361322640689658	398
0.05806373276334	0.79713982138369	198
-0.0376199977242699	0.971369902993594	34
0.04019459198889	0.361113808702474	398
0.0400757313518501	0.361162560899904	826
0.0404719114938299	0.361322640689658	517
0.0349545171453001	1.48988775933262	572
0.1121074612167	1.19703151090983	372
-0.0996210340312	0.774433753881929	198
0.0400757313518501	0.361162560899904	398
0.05841113039771	0.79749024913428	398
-0.0999995531079201	1.4299530809016	360
0.11846594563983	1.36392177573483	181
0.00136021445383006	2.44141670818081	318
0.0669079876023899	0.590129049397097	826
0.09308347816206	1.01515253512817	517
0.0657592596523799	0.589174142486685	517
-0.0376847296890701	0.971317789997125	372
-0.0998573327016901	0.774326861652598	505
-0.10232715240058	1.74485934442892	103
0.12269622096408	1.53236133849357	360
-0.09997095830854	0.774161366781223	181
0.04035320892594	0.361169722228799	826
0.11206119919618	1.1970941656282	505
0.0584399501503501	0.79769982874826	398
0.06640050781925	0.589791315671906	826
-0.0377280920115699	0.970772505341636	246
0.12254280504429	1.53170733018651	246
0.06626800442765	0.58951227776968	517
0.0404719114938299	0.361322640689658	519
0.0405904054674899	0.361273728188317	428
0.0400757313518501	0.361162560899904	551
-0.06294243951196	1.28228315099964	360
-0.0376629135311699	0.971304917656255	246
-0.0954016231661601	1.10904984901962	572
-0.0100190976482299	2.27463207075835	143
-0.0953091164470401	1.10916330782568	143
0.05832400447743	0.79777889706228	539
0.01763398027087	1.31639315234962	539
0.11851924853759	1.36370108964016	551
-0.0377494238306	0.971192499435083	34
0.12261706544919	1.53145587192273	360
-0.03779238355054	0.970972622298318	246
-0.09995846255172	1.43002059814717	237
0.0929896814290101	1.01511461811393	519
-0.03808383086413	1.45674727746957	372
0.05766023576277	1.83273859458479	372
-0.00391186442864	1.14614110823046	172
0.05817931439108	0.797679491776654	428
-0.03772766745806	0.971179568236575	551
0.11208359419639	1.19684373267159	34
0.11216788507174	1.197393867706	181
-0.0998573327016901	0.774326861652598	181
-0.00412179777515997	1.1447698636921	360
-0.07631580262272	1.59932295954998	360
0.09308347816206	1.01515253512817	246
-0.0763822765961599	1.59922445738388	572
0.0582951134101599	0.797784880803241	539
0.04035320892594	0.361169722228799	539
-0.09975230417822	0.774274178577378	539
0.0405904054674899	0.361273728188317	428
0.04035320892594	0.361169722228799	551
-0.0998486787805399	0.774176029611433	34
-0.0629955159293201	1.28232067962445	103
0.11213765917752	1.19730352814855	246
0.0579203140791	1.83340984956378	72
-0.09554731666872	1.10790361100506	34
-0.0997436122822399	0.774418861125706	428
-0.0382977124944499	1.45623110654825	360
-0.0844169238193699	2.22300898121897	115
0.0929896814290101	1.01511461811393	431
0.06779953055876	0.590281779562666	428
-0.0953357329525499	1.109180653183	539
-0.10009301784278	0.773998601930091	551
-0.09544152567958	1.10877688420549	539
0.035007559069	1.48997297966207	143
-0.10198494547278	2.3613660875749	168
-0.0379002459000599	0.970539477060549	461
0.05817931439108	0.797679491776654	66
0.09262833885246	1.01429436864152	461
-0.00391186442864	1.14614110823046	461
-0.0996297969318301	0.774437355317741	66
0.12284025651849	1.53241045230602	345
-0.0999379246558501	1.42996081624991	345
-0.00373234668673006	1.14619646041486	299
-0.0998659701244799	0.774255798157072	34
-0.0999881077500799	0.773840743719683	66
-0.0952299384867099	1.10920857535553	143
0.03490000968004	1.48964343968168	549
-0.03808383086413	1.45674727746957	549
-0.0996297969318301	0.774437355317741	98
0.06754699712777	0.590324009457586	837
-0.10008990196047	1.42986723711651	143
0.0582951134101599	0.797784880803241	461
0.03489855143779	1.48915126960785	355
-0.0996210340312	0.774433753881929	461
-0.05632387640284	1.76823034859287	72
-0.10253743115458	1.74383606776533	549
0.0014516540226801	2.4416812346988	284
-0.09972617906736	0.773954066072917	837
0.0928022907844199	1.01477559073757	837
0.12260319661325	1.53202780162261	461
0.06640050781925	0.589791315671906	66
-0.0377710902494499	0.971060007159056	461
0.11219813888498	1.19730010441067	461
0.06704077902752	0.589986987289273	461
-0.10187902993231	2.36193528254609	115
0.05822273219915	0.797691987551502	66
-0.00323240044763007	1.79724139663788	98
-0.03812759693346	1.4567403881436	50
-0.0953756854169301	1.10868431283942	461
0.0224816311490701	2.13740613241228	72
-0.03853540946903	1.93809685057855	549
0.04799563468964	1.66263782589384	549
0.0739341596801	2.17165547014314	50
0.01019187009286	1.96692672205541	549
-0.10004470310765	1.42999409071848	50
-0.0628052648909001	1.28163143445517	34
0.0178850965839901	1.31683916792252	461
0.12271009537197	1.53252357342144	66
0.01775514367867	1.31681679420971	98
-0.00399415082933996	1.14588779083778	98
-0.00392704354834006	1.14595601921863	98
-0.0953091164470401	1.10916330782568	34
0.0743436620457201	2.1715784493095	549
-0.10019792555775	0.773458065814013	461
-0.0953224228540199	1.10920392728072	66
0.0582516470812999	0.797772341886517	98
0.11216788507174	1.197393867706	461
0.1225893123695	1.53203929792298	549
-0.03770645584084	0.97118520731588	461
0.0669079876023899	0.590129049397097	461
0.0929896814290101	1.01511461811393	461
-0.00402441349652993	1.14549928132957	98
-0.00384493639627004	1.14583628083278	98
0.12266357972983	1.53219140551557	98
0.0928022907844199	1.01477559073757	461
-0.0191814533321499	1.62725113510865	143
0.11837342604012	1.36380080845913	104
-0.0628609144404499	1.28241854695205	98
-0.10004470310765	1.42999409071848	12
0.08129796812097	2.3423292941349	345
-0.03744633836762	0.971076764465405	34
-0.04882583738987	2.24790898325216	159
0.11211558391165	1.19639833757585	66
-0.0377926667403099	0.970647456267243	98
-0.0953750399306299	1.10890276686122	461
-0.00372472551665992	1.14617763393206	461
0.0929896814290101	1.01511461811393	104
-0.06291271824087	1.28212961930865	50
0.05782636268694	1.83093237459105	345
-0.0382564242927499	1.45614804715158	34
-0.10015565523953	1.42963651481672	355
0.0576536608143301	1.83251981334249	143
0.09317734260664	1.01509854295805	66
-0.10028294505612	1.42910376299383	599
-0.0998659701244799	0.774255798157072	66
0.0177176898651701	1.31674662495615	143
0.0477982782725499	1.66294425936402	599
0.0660138251920299	0.589391230638723	104
0.0177176898651701	1.31674662495615	104
0.05813599240279	0.797331200154474	461
0.0348469607694299	1.48942810497968	66
-0.0189141130177399	1.62856574270787	143
0.0660138251920299	0.589391230638723	408
-0.00381448260992001	1.14622526380948	431
0.0926415257655	1.01413360573067	104
0.0931644419440201	1.01510003139785	50
-0.00363501979483005	1.1458202561062	34
-0.0377280920115699	0.970772505341636	461
-0.0762754942362101	1.59926032830311	115
-0.00390429105450996	1.14612220009606	34
0.0479503609941501	1.66299188305672	355
0.06704077902752	0.589986987289273	461
0.11849204134042	1.36372654826103	104
-0.00381448260992001	1.14622526380948	34
0.0350863651451601	1.48960339827223	355
-0.0376199977242699	0.971369902993594	66
0.11216788507174	1.197393867706	599
0.04234291252486	2.47230462154737	168
0.0178994009879301	1.31675748331694	98
-0.0847255046434801	2.22175155768377	115
0.11216788507174	1.197393867706	549
-0.0952565809111401	1.10922586789114	34
-0.0378356869230301	0.970853229111692	34
0.09305761133047	1.01456292338557	461
0.12267296434739	1.53240066471627	461
-0.0996210340312	0.774433753881929	461
0.05781357485547	1.83332908591627	143
0.0480203364448	1.66153800297574	50
-0.10019792555775	0.773458065814013	461
-0.10096316069098	2.05905877650969	72
0.0669079876023899	0.590129049397097	461
0.05832400447743	0.79777889706228	66
0.0740890957606499	2.17228476682502	62
0.11209146650402	1.19718453032602	104
-0.0191886046716301	1.62621903063198	66
0.1185061728142	1.36350175071276	599
-0.0953357329525499	1.109180653183	355
0.06704077902752	0.589986987289273	104
-0.0953357329525499	1.109180653183	50
-0.10118063618846	2.05843255731613	12
-0.00391186442864	1.14614110823046	50
-0.0820547038814701	1.91241457573988	72
0.01780139530442	1.31689537172487	34
-0.03770645584084	0.97118520731588	355
0.11215994324786	1.1972387166861	461
-0.09996235880499	0.773920592462937	461
0.03495305115064	1.4897286396594	599
-0.06310169200595	1.28205160600231	50
0.11843983381257	1.363788488939	50
-0.09997095830854	0.774161366781223	50
0.0405904054674899	0.361273728188317	461
0.0661461894111901	0.58941996665963	66
0.06626800442765	0.58951227776968	66
-0.0817667288312001	1.9138117433748	62
0.11208359419639	1.19684373267159	104
-0.0996297969318301	0.774437355317741	104
0.06754699712777	0.590324009457586	34
-0.08167414355049	1.913939934726	50
0.11845289174257	1.36389674047384	143
-0.0953357329525499	1.109180653183	50
-0.03770645584084	0.97118520731588	66
-0.0998573327016901	0.774326861652598	66
-0.00399415082933996	1.14588779083778	599
0.11206920343166	1.19697006676344	104
-0.00344902198600994	1.79658283800573	345
0.0928022907844199	1.01477559073757	250
0.12277047420366	1.53253015141933	50
-0.0639166339296999	2.08222517953443	12
-0.09524325785113	1.10924916729094	50
-0.10020093595017	1.42924012122068	143
-0.07649513492307	1.59870823427886	143
0.11214573315028	1.19700995913641	568
-0.0952958137295801	1.1090568619249	50
-0.0844169238193699	2.22300898121897	284
-0.0954149203138901	1.10902660350339	50
-0.038105711604	1.45677735085545	50
-0.09997095830854	0.774161366781223	239
0.03506059355487	1.4899189792874	256
0.0929089962157501	1.01496515257567	754
0.11855845149624	1.36377854002924	239
0.11838646618932	1.36382581239861	239
-0.12042102534205	1.8927568594099	244
0.02259368064495	2.13769652138223	72
-0.00333391910780989	1.797521222313	47
-0.00372472551665992	1.14617763393206	47
-0.03772766745806	0.971179568236575	109
-0.00380689612946994	1.14613373756296	109
0.0929089962157501	1.01496515257567	308
0.06626800442765	0.58951227776968	109
0.0927892232866001	1.01439054729322	109
-0.0187406223305699	1.62832794850119	47
0.0928829264948601	1.01472280325666	754
-0.0995070690697399	0.774452381792266	109
0.0582516470812999	0.797772341886517	250
-0.0189879585044299	1.62784338098938	50
-0.0377494238306	0.971192499435083	308
0.0405904054674899	0.361273728188317	239
0.0404719114938299	0.361322640689658	239
0.0739564089208	2.17036712919684	244
-0.0998659701244799	0.774255798157072	308
-0.0376847296890701	0.971317789997125	308
-0.0953357329525499	1.109180653183	49
0.0931644419440201	1.01510003139785	49
-0.06304860009623	1.2822409578562	143
-0.0999795413065401	0.774163935987156	109
-0.0762232456176299	1.59896402848228	143
0.0400757313518501	0.361162560899904	754
0.07411676983341	2.17231768473462	12
-0.03823453567672	1.45640251714541	50
-0.0387012585028901	1.93783440094344	72
-0.0639547980834601	2.08220672885799	284
0.0351408780956	1.48969870015602	143
0.01025254091345	1.9670062704168	143
0.0348742132495401	1.48958815068983	256
-0.09544102822222	1.10846138863176	47
-0.0192142638651001	1.62688462082082	50
0.03316559127823	2.30564168402983	284
0.0928284799924399	1.01447188278909	308
-0.03823210558299	1.45654942606327	49
-0.10021720164015	1.4294402116929	47
-0.11723314864905	2.19939054523009	119
-0.11692184229421	2.20064744341303	72
0.0663994840095501	2.00215060836794	72
-0.0376629135311699	0.971304917656255	256
-0.0953883297057601	1.10900921430707	143
-0.00391944859509996	1.14608745729724	568
0.0928959523292201	1.01499095487319	250
-0.01911459300459	1.62777657942508	143
-0.037598829345	0.970803252796057	72
-0.0562805553753201	1.76815098586625	603
-0.05644675820629	1.76716657334868	119
-0.0996297969318301	0.774437355317741	250
-0.11701235953177	2.20035477643621	13
-0.03772766745806	0.971179568236575	50
-0.00338467720872004	1.79745453597946	308
-0.0999795413065401	0.774163935987156	568
0.0425017492888899	2.4737721817059	71
0.0584399501503501	0.79769982874826	47
-0.10175637524783	2.36194049725082	72
0.11841370585021	1.36328124103043	575
0.0349014677914199	1.48967236359433	308
-0.11715112437232	2.1998761639174	236
0.01036864949182	1.96745474305063	575
0.11830694955005	1.36357004823443	575
-0.0376847296890701	0.971317789997125	575
0.0176714434238701	1.31651925107115	308
-0.09542822115104	1.10893769082864	291
-0.00311724904301003	1.79703202193389	291
-0.0631029387422299	1.2817953608954	291
0.00137745548463997	2.44123324727273	62
-0.00352180156842996	1.79668011324814	291
-0.00380689612946994	1.14613373756296	308
0.12271009537197	1.53252357342144	291
0.03500903285456	1.4898366749406	47
-0.0954941429649601	1.10876383623045	49
-0.0639243667807099	2.08193425757533	72
-0.01904076073863	1.62811447352614	291
0.11214573315028	1.19700995913641	308
-0.10008990196047	1.42986723711651	308
-0.06304609280399	1.28179266602802	291
0.00160608431097997	2.44155449106746	72
-0.08165285285507	1.91404221905441	575
-0.0998745909997401	0.773859043017742	250
0.0350348161126099	1.48998404867528	291
0.12251955191022	1.53139961388408	47
-0.0953357329525499	1.109180653183	291
0.11217591035637	1.19728192741819	47
-0.0564976978796901	1.766646046208	575
0.04801179572794	1.66276176226898	308
-0.0387958028533699	1.93718815458789	47
-0.01888723859875	1.62845303400302	47
0.0583675193827	0.797791482115468	47
0.11849204134042	1.36372654826103	284
-0.09997900536895	1.43001801170539	12
-0.0375332920209499	0.971335989947976	250
-0.0997436122822399	0.774418861125706	741
-0.01906768537195	1.62812815699714	13
0.12280758236323	1.53222206883487	250
0.0669079876023899	0.590129049397097	250
0.06640050781925	0.589791315671906	741
0.0583675193827	0.797791482115468	250
0.09317734260664	1.01509854295805	45
0.0349272623836601	1.48980352606368	89
0.0660138251920299	0.589391230638723	161
-0.10006524007874	1.42992918005617	547
0.06754699712777	0.590324009457586	477
0.04019459198889	0.361113808702474	45
-0.0998659701244799	0.774255798157072	475
-0.10010152990328	0.773749047438567	475
0.04019459198889	0.361113808702474	477
0.0347666542274401	1.48883144765576	89
0.06729408016793	0.590203599966043	161
0.0671611502856	0.590087165510619	51
0.0405904054674899	0.361273728188317	51
-0.0376629135311699	0.971304917656255	346
0.0583963866130599	0.797687194353385	346
0.04035320892594	0.361169722228799	477
0.11834733364942	1.3634932741219	89
-0.09997095830854	0.774161366781223	475
-0.00374762136233997	1.14601124538298	346
0.0671611502856	0.590087165510619	250
0.11199273025046	1.1965750860903	45
-0.0953490467445901	1.10909169821672	389
-0.0996210340312	0.774433753881929	475
-0.0998659701244799	0.774255798157072	475
0.05822273219915	0.797691987551502	475
0.05833867576296	0.79748357258179	475
0.0404719114938299	0.361322640689658	250
0.06704077902752	0.589986987289273	477
-0.0376629135311699	0.971304917656255	477
0.11839950230927	1.36376987050119	45
-0.0765354087949901	1.59864343026132	260
0.0814972156012801	2.3415688780774	260
-0.10010152990328	0.773749047438567	477
0.09317734260664	1.01509854295805	477
0.12266961250129	1.53193830381129	547
0.0400757313518501	0.361162560899904	477
-0.0998659701244799	0.774255798157072	477
0.0669079876023899	0.590129049397097	477
0.0404719114938299	0.361322640689658	477
0.0657592596523799	0.589174142486685	477
0.0583675193827	0.797791482115468	477
0.05833867576296	0.79748357258179	412
-0.0384459907701999	1.45527465733533	346
-0.10008578196885	1.42980015774128	210
0.0349817739679401	1.48989882444926	403
0.05832400447743	0.79777889706228	403
0.0400757313518501	0.361162560899904	250
0.0667870930537	0.589616020977837	477
0.06779953055876	0.590281779562666	45
0.09307053574539	1.01506199733172	89
-0.01897397290283	1.62825819146897	260
0.0582805855647599	0.797430473384385	477
-0.10020639985157	0.773743447762429	477
0.0928959523292201	1.01499095487319	477
-0.09524325785113	1.10924916729094	475
-0.00965307689669004	2.27611426334521	126
0.12271009537197	1.53252357342144	392
-0.10012688050754	1.42933130066622	833
-0.0703248828874701	2.38496302730661	779
0.11854538787763	1.36383440668015	833
-0.06294116856962	1.28247683048444	485
-0.0954941429649601	1.10876383623045	136
-0.0629942534069401	1.28239709328681	835
0.11213765917752	1.19730352814855	136
0.11205327835221	1.19693733715299	485
-0.0953756854169301	1.10868431283942	835
-0.0953224228540199	1.10920392728072	89
-0.09997095830854	0.774161366781223	633
0.12268683737928	1.53240107921969	633
-0.0953357329525499	1.109180653183	136
-0.11699543148422	2.20068814544605	126
-0.06291526649569	1.28239460259991	633
0.01775514367867	1.31681679420971	633
0.0179456625882399	1.31669083918847	136
-0.01894104480949	1.62828133768762	136
-0.0381907722060499	1.456684008713	89
-0.0230651824944099	2.10769231905687	89
-0.06294243951196	1.28228315099964	92
0.0926415257655	1.01413360573067	293
-0.00381448260992001	1.14622526380948	293
0.11847899550541	1.3638658606658	293
-0.0377710902494499	0.971060007159056	138
-0.0377710902494499	0.971060007159056	92
-0.09997095830854	0.774161366781223	293
-0.00349301819975989	1.79695005488816	165
0.0349817739679401	1.48989882444926	451
0.0582951134101599	0.797784880803241	138
-0.0374241621712299	0.970652223644828	92
0.0929089962157501	1.01496515257567	293
0.06626800442765	0.58951227776968	293
-0.10195220385055	2.36143334865836	18
-0.07622918205702	1.59930790965775	18
0.11212966873912	1.19733244835361	138
-0.0998745909997401	0.773859043017742	293
-0.00393464928276011	1.14573340161201	764
-0.0952166228159399	1.10910215926925	92
0.05832400447743	0.79777889706228	293
0.05820827665872	0.79742393937989	138
0.03995666139643	0.361009605400419	138
-0.0954149203138901	1.10902660350339	293
-0.0764427377361501	1.59883277731152	92
-0.07631580262272	1.59932295954998	92
0.11213765917752	1.19730352814855	293
0.05780705876019	1.83316062132578	780
0.07394520652737	2.17148530492508	92
-0.00980167930480991	2.27600644766488	157
-0.0384743221022601	1.93833188977404	92
-0.09546757823198	1.10874641219142	157
0.0577068367953	1.83280259761787	451
0.0662981136404499	2.00216157887629	451
0.0660138251920299	0.589391230638723	333
0.0929220581896699	1.01450959971465	333
-0.0996210340312	0.774433753881929	333
0.11831997193212	1.36351409835264	92
-0.01906071230799	1.62786437121098	92
-0.03823453567672	1.45640251714541	92
-0.10171594960224	2.36225869650497	795
-0.03827583893741	1.45640753424195	92
-0.00335588210409998	1.79750689780164	157
0.09308347816206	1.01515253512817	92
-0.0764286236806699	1.59901997540362	667
-0.0765555493671399	1.59851399598763	667
-0.0382539699667599	1.45651251041773	451
-0.0818306242414699	1.91378677605428	451
-0.0382539699667599	1.45651251041773	451
0.04785966131973	1.66293773686411	92
-0.0228668859314301	2.10816649915218	451
-0.10258170036487	1.74372542006738	157
-0.10002417105518	1.42999665247261	667
-0.12032960470024	1.89278358118053	157
-0.0562299119591301	1.76805018272538	667
0.0930026836146201	1.0150029618971	215
0.0929896814290101	1.01511461811393	215
-0.05635286073438	1.76814494866596	92
-0.0376847296890701	0.971317789997125	215
-0.037598829345	0.970803252796057	451
0.1121074612167	1.19703151090983	742
-0.0950850338918301	1.10878782594068	451
0.11219813888498	1.19730010441067	451
0.11211558391165	1.19639833757585	215
-0.0377926667403099	0.970647456267243	835
0.0929766972884001	1.01493823898538	742
-0.0997349038953601	0.774341633185776	736
-0.08185186455328	1.91343242925304	795
-0.0997436122822399	0.774418861125706	215
-0.10165040326065	2.36208603903081	795
-0.0814731964726501	1.91316321437694	325
0.0350591117418799	1.48944337418782	325
0.12261542837083	1.53208511509422	742
-0.10110814590112	2.05880687799508	325
-0.0953357329525499	1.109180653183	417
0.01029123487348	1.96722740762584	153
0.11843983381257	1.363788488939	559
-0.0629398986510801	1.28228870221773	157
0.11846594563983	1.36392177573483	559
0.0479298725195601	1.66292013445354	67
-0.10129455513515	2.05731999296572	11
0.0423670795142399	2.47431273799532	67
-0.0997436122822399	0.774418861125706	707
0.11213765917752	1.19730352814855	707
0.05819384091091	0.797199179169602	707
0.11214573315028	1.19700995913641	509
-0.0377926667403099	0.970647456267243	417
-0.0630201699349899	1.28218695244773	509
-0.0230256484991001	2.10795543765001	153
-0.00390429105450996	1.14612220009606	707
-0.0639547980834601	2.08220672885799	153
-0.11699543148422	2.20068814544605	426
-0.0641074564333599	2.08149037124196	441
-0.0231094984150499	2.10742324140079	426
-0.03819328045391	1.4562043647236	153
-0.0628350221232301	1.28225234432498	542
-0.0953091164470401	1.10916330782568	81
0.0583675193827	0.797791482115468	81
-0.0763822765961599	1.59922445738388	153
0.0929089962157501	1.01496515257567	81
0.09262833885246	1.01429436864152	659
-0.0378356869230301	0.970853229111692	146
-0.10004066335244	1.42962701810972	153
-0.0998659701244799	0.774255798157072	659
0.0334635126799401	2.30746222180617	146
-0.03751126601183	0.97117970489929	81
-0.10009301784278	0.773998601930091	81
0.1225362020403	1.53064342386883	81
0.0740448264456	2.17223219312175	153
-0.0562515871266001	1.76830251945181	153
-0.12028548040605	1.8932888744844	82
-0.10107017418744	2.05898102298756	82
0.07402273342151	2.17164718794563	82
0.09319026129936	1.01477745885181	744
-0.0378140801872999	0.970985606335259	744
0.03498030408266	1.4898887383622	167
0.01784764779204	1.31667952320161	167
-0.0999795413065401	0.774163935987156	167
0.11219813888498	1.19730010441067	167
-0.00335588210409998	1.79750689780164	192
0.12271009537197	1.53252357342144	167
0.05786013929473	1.83319840024763	192
-0.12012831467972	1.89244911765303	192
