x	y	clickSelects
-0.031199159291512	0.894865284437944	353
-0.0431186725812021	0.345023297855276	286
0.0639108379854101	1.23852953622882	286
-0.0436301765277211	0.34477098044816	286
-0.036590921217337	0.736933842807329	755
0.11266385916294	0.937574051569259	755
-0.082587082885628	0.884702546982814	523
0.0442793907465899	0.754117796960099	296
0.11237126320517	0.937446712499808	296
-0.07114016615063	0.544922254106109	296
-0.043944881346302	0.344844233810228	296
-0.071119688055949	0.545314341145758	296
-0.070996620429515	0.54534639567847	602
-0.044431024415727	0.344510645872178	332
-0.036552678625193	0.737010024602681	471
-0.043944881346302	0.344844233810228	501
0.0322477806810699	0.911308684661655	278
0.08186358830873	1.08340105497762	726
-0.101399115528676	0.723432327376269	726
0.03222171039443	0.911376016037499	131
-0.043773963352507	0.344930752421141	326
-0.044088594342648	0.344573880945257	421
-0.08277352230277	0.88417047151083	94
-0.0432889332822301	0.345047173325076	73
-0.043944881346302	0.344844233810228	73
-0.0432889332822301	0.345047173325076	73
-0.0432889332822301	0.345047173325076	73
0.05637163360447	0.549884852122293	73
0.05637042484898	0.549937742703155	52
0.0443731788375501	0.754099794507054	52
0.0563696991348801	0.549855793811326	225
-0.031282850067381	0.894833241968667	339
-0.07089409986287	0.545350618768897	148
-0.043773963352507	0.344930752421141	148
0.04442439792067	0.754229357853164	242
0.12043108103579	1.25766742087765	353
-0.043944881346302	0.344844233810228	286
0.05626488614213	0.549849792880685	309
-0.036454023593511	0.737152407988497	296
0.0562656490431901	0.549859734255288	296
0.05637042484898	0.549937742703155	296
-0.0432889332822301	0.345047173325076	602
0.05626488614213	0.549849792880685	332
-0.044431024415727	0.344510645872178	285
-0.071119688055949	0.545314341145758	501
0.0564763435040401	0.549821521222389	278
-0.043603286547006	0.344907057276545	326
-0.044116040951262	0.344654176637369	326
-0.044259688427062	0.344597279041458	326
-0.043944881346302	0.344844233810228	154
-0.101586117473243	0.723276956405637	155
-0.071467464463713	0.544905767686774	97
-0.070996620429515	0.54534639567847	97
-0.043944881346302	0.344844233810228	73
-0.043773963352507	0.344930752421141	73
0.05626488614213	0.549849792880685	73
0.0561616005402099	0.549307853533314	73
-0.043603286547006	0.344907057276545	73
-0.043773963352507	0.344930752421141	73
-0.043459434457195	0.344960841267334	73
0.0440776278483901	0.753951679336125	73
0.02249183379048	1.06698805226884	164
-0.036590921217337	0.736933842807329	164
0.0564758165711701	0.549811713656465	52
-0.101735475346937	0.723119555449305	52
0.05626488614213	0.549849792880685	52
0.04443859417144	0.754332078234377	148
-0.0432889332822301	0.345047173325076	148
0.0440776278483901	0.753951679336125	733
0.11237126320517	0.937446712499808	242
0.05647678982563	0.549758738961787	286
0.0562663309454501	0.549797046240232	286
-0.071232343712938	0.545207466605494	286
-0.070883725911559	0.545396838220442	755
-0.0432889332822301	0.345047173325076	77
-0.071242537484796	0.545183921949788	77
0.0321552379114201	0.911235583775859	77
-0.07024970151071	1.04608966046289	36
0.0442650852691	0.754232399790507	296
-0.10166827814355	0.723268328705126	296
0.0562640421128799	0.549767797036242	296
0.0564758165711701	0.549811713656465	285
0.0561600813982901	0.549571799070062	471
0.05637163360447	0.549884852122293	471
-0.031357752098785	0.894627010363366	278
-0.071129935948653	0.54523415602611	278
-0.071242537484796	0.545183921949788	131
-0.043459434457195	0.344960841267334	326
0.05626488614213	0.549849792880685	326
-0.043944881346302	0.344844233810228	326
-0.0432889332822301	0.345047173325076	326
-0.0432889332822301	0.345047173325076	326
-0.0436301765277211	0.34477098044816	326
-0.0432889332822301	0.345047173325076	154
-0.043944881346302	0.344844233810228	421
-0.043773963352507	0.344930752421141	421
-0.101660701233066	0.723330813645462	164
-0.07135504694871	0.545077172240108	52
-0.043603286547006	0.344907057276545	52
-0.071119688055949	0.545314341145758	148
-0.071006940147097	0.545364679729449	733
0.03231421993805	0.911417879412006	357
0.12049433543289	1.25761463310361	357
0.04418566840128	0.754070728099669	286
0.0562663309454501	0.549797046240232	286
0.0442507952022	0.75417682170438	755
-0.036461977062203	0.737057787372522	77
0.04434466175505	0.754284813205743	77
0.0564763435040401	0.549821521222389	309
0.03239365501272	0.911359038493359	296
0.0818264706060901	1.08359435101845	296
0.04401285919836	0.753591006608618	296
-0.101488784963315	0.72345451589888	296
-0.036500157553343	0.736981665988245	135
0.05615920010244	0.549561803212589	602
-0.043773963352507	0.344930752421141	332
-0.071109422516136	0.545239423768143	496
-0.0432889332822301	0.345047173325076	285
-0.036461977062203	0.737057787372522	131
0.11254430621574	0.937658562049887	131
-0.043773963352507	0.344930752421141	326
-0.043459434457195	0.344960841267334	326
0.0564758165711701	0.549811713656465	326
0.0564758165711701	0.549811713656465	154
-0.07089409986287	0.545350618768897	421
-0.036598902361397	0.736897946780892	627
-0.101473546234521	0.723531388531303	155
-0.0431186725812021	0.345023297855276	73
0.03195710721328	0.91053284243886	164
-0.082695779902199	0.884348888839568	164
0.05626488614213	0.549849792880685	52
-0.043944881346302	0.344844233810228	225
-0.0364237824996561	0.737080806847057	148
0.11246149016777	0.937645880867221	357
0.09691988375194	1.40755738717905	242
-0.044088594342648	0.344573880945257	286
0.05637106962915	0.549947620800554	286
-0.07089409986287	0.545350618768897	286
-0.044116040951262	0.344654176637369	286
-0.0431186725812021	0.345023297855276	286
-0.043773963352507	0.344930752421141	286
0.0439984206623001	0.753790274969522	77
-0.101586117473243	0.723276956405637	77
-0.043459434457195	0.344960841267334	77
0.0224903548816999	1.06677543704651	523
0.0562663309454501	0.549797046240232	309
0.05637042484898	0.549937742703155	296
-0.043944881346302	0.344844233810228	296
0.0322477806810699	0.911308684661655	296
-0.101481160201522	0.723517076998338	135
-0.0432889332822301	0.345047173325076	332
0.0508969965492701	1.38953028262069	278
-0.0619250953248161	1.20216991940453	278
-0.0707811670798	0.545205173335839	501
0.11253191126054	0.937495750855169	278
-0.043459434457195	0.344960841267334	502
-0.0432889332822301	0.345047173325076	502
0.05637106962915	0.549947620800554	294
-0.101465943068103	0.723499377018564	131
-0.044116040951262	0.344654176637369	326
0.11266385916294	0.937574051569259	155
-0.0431186725812021	0.345023297855276	73
-0.0432889332822301	0.345047173325076	73
-0.044116040951262	0.344654176637369	73
0.0639108379854101	1.23852953622882	164
0.05637163360447	0.549884852122293	52
0.04418566840128	0.754070728099669	52
-0.101578505841053	0.723394863993532	52
-0.044116040951262	0.344654176637369	148
-0.07135504694871	0.545077172240108	223
-0.044602602733049	0.34432064158674	312
-0.0431186725812021	0.345023297855276	286
-0.071232343712938	0.545207466605494	286
-0.043603286547006	0.344907057276545	286
-0.043459434457195	0.344960841267334	286
-0.071006940147097	0.545364679729449	77
0.02243732538821	1.0667368304008	36
-0.061787737140338	1.20196960296662	36
-0.07114016615063	0.544922254106109	296
-0.071129935948653	0.54523415602611	296
0.0442650852691	0.754232399790507	135
-0.044431024415727	0.344510645872178	135
-0.044431024415727	0.344510645872178	602
-0.043944881346302	0.344844233810228	332
-0.0432889332822301	0.345047173325076	332
-0.070996620429515	0.54534639567847	471
-0.044088594342648	0.344573880945257	471
-0.0436301765277211	0.34477098044816	501
-0.043459434457195	0.344960841267334	326
-0.071222132294741	0.545067781172208	326
-0.043944881346302	0.344844233810228	421
-0.043603286547006	0.344907057276545	421
-0.044602602733049	0.34432064158674	706
-0.044088594342648	0.344573880945257	706
-0.043603286547006	0.344907057276545	73
-0.043944881346302	0.344844233810228	73
-0.043773963352507	0.344930752421141	73
-0.07020455530967	1.04613960732077	164
-0.107135776282277	1.03945575686171	164
-0.0432889332822301	0.345047173325076	52
0.0442507952022	0.75417682170438	52
-0.070996620429515	0.54534639567847	52
-0.043773963352507	0.344930752421141	225
-0.044116040951262	0.344654176637369	148
-0.043944881346302	0.344844233810228	148
0.11246881043441	0.937662436095658	357
0.05626488614213	0.549849792880685	286
-0.044431024415727	0.344510645872178	77
0.04390489512587	0.753534877399522	77
0.0442793907465899	0.754117796960099	77
-0.031343419721046	0.89475746323902	36
0.03211615560474	0.911081852028009	296
-0.036415794228469	0.737122253083976	296
-0.101653135129711	0.72334506195932	296
0.03223474756332	0.911370242557373	135
-0.071365168967766	0.54488630078218	602
-0.044259688427062	0.344597279041458	332
-0.043944881346302	0.344844233810228	332
0.0322881139647699	0.911373667372357	278
0.05637163360447	0.549884852122293	278
-0.044116040951262	0.344654176637369	326
-0.043944881346302	0.344844233810228	326
0.05637042484898	0.549937742703155	326
-0.0432889332822301	0.345047173325076	421
0.04445280576643	0.754261634807508	155
-0.043773963352507	0.344930752421141	73
-0.043944881346302	0.344844233810228	73
-0.043944881346302	0.344844233810228	73
-0.0431186725812021	0.345023297855276	73
-0.043944881346302	0.344844233810228	73
-0.0432889332822301	0.345047173325076	73
-0.0431186725812021	0.345023297855276	73
-0.031161738362713	0.894730342815249	164
0.0562656490431901	0.549859734255288	225
0.0443731788375501	0.754099794507054	339
-0.07135504694871	0.545077172240108	148
-0.07089409986287	0.545350618768897	223
-0.0432889332822301	0.345047173325076	223
0.0225736117895901	1.0669550144829	357
0.11263885012019	0.93771101399471	357
-0.025723259825039	1.21083588826899	357
-0.071006940147097	0.545364679729449	755
-0.071365168967766	0.54488630078218	755
-0.036461977062203	0.737057787372522	755
-0.043773963352507	0.344930752421141	77
-0.043459434457195	0.344960841267334	77
0.0439984206623001	0.753790274969522	77
-0.101638035366788	0.723232568316259	523
0.0564763435040401	0.549821521222389	602
-0.07087333435651	0.545221169055652	602
0.05637042484898	0.549937742703155	135
-0.044259688427062	0.344597279041458	471
-0.07089409986287	0.545350618768897	278
-0.043773963352507	0.344930752421141	502
-0.081541560529527	1.35297278859135	94
-0.101496420514043	0.723336576315312	155
-0.071222132294741	0.545067781172208	155
-0.031418344819664	0.894400703459376	97
-0.044259688427062	0.344597279041458	73
0.05626488614213	0.549849792880685	73
-0.043944881346302	0.344844233810228	73
-0.044116040951262	0.344654176637369	73
0.05637163360447	0.549884852122293	612
-0.043603286547006	0.344907057276545	148
-0.044259688427062	0.344597279041458	223
-0.071109422516136	0.545239423768143	312
0.03231421993805	0.911417879412006	357
0.08194275542764	1.08393865490821	36
-0.027385877731837	1.05491814920312	36
-0.107075608808986	1.03948064254719	36
-0.036454023593511	0.737152407988497	296
0.11255900834009	0.937756926523111	296
-0.082534010651157	0.884742054533541	296
0.0225220562797499	1.06632501727219	135
0.11238584210836	0.937417194792886	135
-0.070996620429515	0.54534639567847	332
0.04442439792067	0.754229357853164	332
-0.027385877731837	1.05491814920312	496
-0.071232343712938	0.545207466605494	471
0.12399909653243	1.57543510686963	48
0.10688547498568	1.72435981515926	746
0.05626488614213	0.549849792880685	326
-0.043773963352507	0.344930752421141	154
-0.071467464463713	0.544905767686774	421
-0.071119688055949	0.545314341145758	627
-0.070883725911559	0.545396838220442	97
-0.043944881346302	0.344844233810228	73
-0.044431024415727	0.344510645872178	73
0.0562640421128799	0.549767797036242	73
-0.0432889332822301	0.345047173325076	73
-0.044259688427062	0.344597279041458	73
-0.031380875427768	0.894642985006881	612
-0.101555735739257	0.723439633854202	612
-0.062040607196503	1.20178821795617	164
-0.07147753247626	0.54477972387055	225
0.0322881139647699	0.911373667372357	339
-0.071467464463713	0.544905767686774	339
0.11220512500001	0.936539406576978	357
0.0563688923575001	0.549638324540131	312
-0.082638891343881	0.884320457399692	36
0.05626693197811	0.549595337703117	296
0.0562663309454501	0.549797046240232	296
-0.101465943068103	0.723499377018564	296
-0.044431024415727	0.344510645872178	602
-0.101645579839088	0.723312999645903	135
-0.071467464463713	0.544905767686774	332
0.0562656490431901	0.549859734255288	332
-0.07135504694871	0.545077172240108	496
-0.0432889332822301	0.345047173325076	285
0.05637042484898	0.549937742703155	471
0.0562656490431901	0.549859734255288	471
-0.043773963352507	0.344930752421141	471
-0.071006940147097	0.545364679729449	278
-0.044259688427062	0.344597279041458	326
-0.043459434457195	0.344960841267334	326
-0.043603286547006	0.344907057276545	154
-0.044088594342648	0.344573880945257	421
-0.043944881346302	0.344844233810228	421
-0.082561188256011	0.884725847367179	60
-0.071365168967766	0.54488630078218	155
0.04454676484687	0.754160557622496	706
-0.070883725911559	0.545396838220442	97
-0.043944881346302	0.344844233810228	73
-0.043773963352507	0.344930752421141	73
-0.0432889332822301	0.345047173325076	73
-0.043459434457195	0.344960841267334	73
-0.043944881346302	0.344844233810228	73
0.05637042484898	0.549937742703155	52
0.04418566840128	0.754070728099669	52
-0.043603286547006	0.344907057276545	148
0.05626488614213	0.549849792880685	148
-0.0432889332822301	0.345047173325076	148
-0.043459434457195	0.344960841267334	312
-0.0432889332822301	0.345047173325076	312
0.0225736117895901	1.0669550144829	357
0.0509984853061101	1.38984399907463	354
0.0818497268957901	1.08378906785201	557
0.0225190910678099	1.06703055372121	557
0.0562663309454501	0.549797046240232	557
-0.023505248733992	1.36617770027287	36
-0.101750548868484	0.723137417121878	36
-0.107042718617937	1.03939952178743	275
0.0817754508413	1.08353682191244	135
-0.0431186725812021	0.345023297855276	285
-0.071222132294741	0.545067781172208	278
0.02241154137659	1.06677223909026	294
0.04453259252245	0.754314244963196	131
-0.044088594342648	0.344573880945257	326
-0.043459434457195	0.344960841267334	326
-0.043773963352507	0.344930752421141	154
0.05626693197811	0.549595337703117	326
-0.070904456166025	0.545074533956525	421
0.0440920117303101	0.753962957849965	155
-0.036522472713603	0.737109537115533	155
-0.071017242216908	0.545220013672355	97
-0.043773963352507	0.344930752421141	73
0.05637163360447	0.549884852122293	73
-0.043773963352507	0.344930752421141	73
-0.071232343712938	0.545207466605494	73
-0.07135504694871	0.545077172240108	52
-0.071119688055949	0.545314341145758	225
-0.07135504694871	0.545077172240108	148
-0.044431024415727	0.344510645872178	223
-0.0431186725812021	0.345023297855276	223
0.0431193377058201	1.54215894732002	242
-0.082588363856588	0.88466355355712	357
-0.101735475346937	0.723119555449305	357
0.05637106962915	0.549947620800554	286
-0.044431024415727	0.344510645872178	286
0.0442365205063799	0.75394829804571	286
-0.043944881346302	0.344844233810228	286
0.11260056216583	0.937590941216586	755
-0.036484236733938	0.737132596613881	755
0.04309678792554	1.54243303259698	36
0.11240037562521	0.937119290552478	36
0.11256634242361	0.937710941311817	296
-0.082399400282591	0.884468374802835	135
-0.0432889332822301	0.345047173325076	332
-0.0431186725812021	0.345023297855276	726
-0.0431186725812021	0.345023297855276	326
-0.044088594342648	0.344573880945257	326
0.05626488614213	0.549849792880685	154
-0.043773963352507	0.344930752421141	326
-0.044116040951262	0.344654176637369	421
0.05637106962915	0.549947620800554	627
-0.031274042578904	0.894708011352014	60
-0.043459434457195	0.344960841267334	73
-0.043459434457195	0.344960841267334	73
0.05626488614213	0.549849792880685	73
-0.101406774995768	0.723314388891773	164
0.11239311454361	0.937305835438956	164
-0.031380875427768	0.894642985006881	339
0.0562663309454501	0.549797046240232	148
-0.071344907241322	0.545035913914066	148
0.0563696991348801	0.549855793811326	148
-0.03653044002489	0.737053210534985	148
-0.0947745548361521	1.50160247303697	111
-0.043459434457195	0.344960841267334	286
0.05637106962915	0.549947620800554	286
-0.101473546234521	0.723531388531303	755
-0.082693250585991	0.884428769024171	36
0.05099165982781	1.38977465038068	36
-0.043773963352507	0.344930752421141	296
0.05637042484898	0.549937742703155	296
-0.043459434457195	0.344960841267334	309
-0.082667339791759	0.884581953780753	36
-0.036461977062203	0.737057787372522	296
0.1122955106478	0.937099102205197	135
-0.044602602733049	0.34432064158674	332
-0.043944881346302	0.344844233810228	471
-0.0365606945846591	0.737033359814109	278
-0.043944881346302	0.344844233810228	777
-0.036407722391707	0.737012836381491	131
-0.044116040951262	0.344654176637369	326
-0.043944881346302	0.344844233810228	154
-0.044259688427062	0.344597279041458	421
0.0110187847162799	1.37565658634069	94
-0.03653044002489	0.737053210534985	155
-0.101735475346937	0.723119555449305	155
0.11239311454361	0.937305835438956	155
-0.044116040951262	0.344654176637369	73
-0.036576476378652	0.736633333833768	52
-0.071119688055949	0.545314341145758	52
0.0564758165711701	0.549811713656465	52
0.0564763435040401	0.549821521222389	52
0.05637106962915	0.549947620800554	148
-0.043773963352507	0.344930752421141	148
0.0562656490431901	0.549859734255288	148
-0.03656862711982	0.736917816316698	357
-0.036454023593511	0.737152407988497	557
-0.036355325515275	0.736791118669719	286
0.04451843552852	0.75427672392129	77
0.02235849674206	1.06657249003137	36
-0.070290784555248	1.0459804557593	36
-0.07147753247626	0.54477972387055	309
0.0818520528345601	1.08339243352047	135
0.04390489512587	0.753534877399522	332
-0.043773963352507	0.344930752421141	332
-0.043773963352507	0.344930752421141	501
0.0564758165711701	0.549811713656465	777
-0.070770738838821	0.54538288874509	278
-0.031176028778409	0.894849317055589	294
-0.027492816828231	1.05490729215136	131
-0.043944881346302	0.344844233810228	326
-0.0436301765277211	0.34477098044816	326
-0.043773963352507	0.344930752421141	326
-0.044259688427062	0.344597279041458	154
0.05637042484898	0.549937742703155	627
0.0441569944418201	0.754003890830394	627
-0.0432889332822301	0.345047173325076	706
-0.101570905004164	0.72345739395091	97
0.05637106962915	0.549947620800554	73
-0.044259688427062	0.344597279041458	73
0.0442793907465899	0.754117796960099	52
-0.071242537484796	0.545183921949788	52
0.05637042484898	0.549937742703155	225
0.0442000285553601	0.753745591329173	339
-0.043944881346302	0.344844233810228	148
-0.043773963352507	0.344930752421141	223
-0.031329105280277	0.894606371874941	354
-0.072115774850217	1.50725431575876	36
0.04454676484687	0.754160557622496	36
0.02235703754548	1.06639812306867	296
0.12017577789329	1.25737545212184	36
-0.101675865855475	0.723150480152216	135
0.03208869656893	0.91095244316846	135
0.03216825724796	0.911174017936091	99
0.05647678982563	0.549758738961787	332
-0.044259688427062	0.344597279041458	471
-0.070352446056449	1.04543022076412	48
-0.0543893689605181	1.35780271622373	131
-0.071129935948653	0.54523415602611	154
-0.036445986631397	0.737102462140653	154
-0.071579790153005	0.544601745507154	326
-0.044259688427062	0.344597279041458	326
-0.1017656656419	0.722957228514347	154
-0.043773963352507	0.344930752421141	421
-0.036484236733938	0.737132596613881	60
0.12032416462092	1.25778427019312	60
-0.07135504694871	0.545077172240108	97
-0.0432889332822301	0.345047173325076	73
-0.071252713567035	0.54493642808036	73
-0.101555735739257	0.723439633854202	612
0.0321422145261101	0.911241377499726	339
0.0563721169038001	0.549683027568135	223
-0.043944881346302	0.344844233810228	148
-0.0704222008467	1.04562146675821	242
0.05080380273853	1.38905366686304	354
-0.107135776282277	1.03945575686171	36
-0.093527229296644	1.1960291448263	36
-0.070401678394898	1.0456993982652	36
-0.0936321481667109	1.19544176280426	36
-0.02349973524978	1.36620833955754	36
-0.093571547262979	1.19590213625924	99
0.0820402577239101	1.08405931812681	99
-0.031152898064982	0.894781886645523	99
-0.043603286547006	0.344907057276545	332
0.0640219706337499	1.23864395137302	99
0.0442937116739399	0.753727567512307	285
0.05637106962915	0.549947620800554	471
0.0441569944418201	0.754003890830394	278
-0.031176028778409	0.894849317055589	278
0.11256634242361	0.937710941311817	278
-0.101488784963315	0.72345451589888	278
0.0442507952022	0.75417682170438	131
-0.07135504694871	0.545077172240108	154
0.05637106962915	0.549947620800554	154
-0.071119688055949	0.545314341145758	154
0.04417132370979	0.75412450860252	627
-0.031259722162075	0.894867219943855	627
0.0442507952022	0.75417682170438	97
-0.043459434457195	0.344960841267334	73
-0.071006940147097	0.545364679729449	97
-0.071365168967766	0.54488630078218	97
-0.044259688427062	0.344597279041458	33
-0.043773963352507	0.344930752421141	73
0.03222171039443	0.911376016037499	52
-0.101548167322622	0.723359211386074	339
-0.044116040951262	0.344654176637369	148
-0.044088594342648	0.344573880945257	223
0.0440920117303101	0.753962957849965	733
0.06397666018782	1.23864783246621	36
0.0096636969444801	1.53073308304435	46
-0.0621131279030081	1.20173536531915	36
0.12404978821873	1.57565625621364	36
-0.036437866029168	0.73691343078879	332
0.03216825724796	0.911174017936091	294
0.02238575150709	1.06666914591894	294
-0.071589804215755	0.544608567691178	726
-0.071242537484796	0.545183921949788	154
0.0564763435040401	0.549821521222389	154
-0.044259688427062	0.344597279041458	154
-0.0432889332822301	0.345047173325076	421
0.0562656490431901	0.549859734255288	761
-0.036544579094988	0.736843119096666	97
0.05637042484898	0.549937742703155	73
-0.043773963352507	0.344930752421141	73
0.0564752088982301	0.549729892713676	33
0.0561600813982901	0.549571799070062	33
-0.071467464463713	0.544905767686774	33
-0.082694514705985	0.884519673248624	612
-0.0620624332229111	1.20187866075914	164
0.0638699007018799	1.23840753304936	164
0.02249183379048	1.06698805226884	357
-0.101773240234113	0.722765355240257	357
-0.023516157796574	1.36572787904149	111
-0.071994805257844	1.50749715077041	354
-0.0932842509140031	1.19619072056088	36
-0.107202405814818	1.03927323507825	36
-0.023422253459687	1.36615553952304	46
0.08430493653909	2.01958702520943	36
-0.082774774322379	0.884239691025356	99
-0.121021537503856	1.19265559242908	99
0.11252402758662	0.937101185710154	154
0.11255166293503	0.937740334633732	154
0.05637106962915	0.549947620800554	154
0.11246149016777	0.937645880867221	154
0.05626488614213	0.549849792880685	154
-0.070996620429515	0.54534639567847	627
0.11246149016777	0.937645880867221	627
-0.070118331891034	1.04618174195779	60
-0.027534068176969	1.05493761996588	60
-0.044259688427062	0.344597279041458	97
-0.0432889332822301	0.345047173325076	97
-0.036377550744814	0.737032606359318	97
-0.071232343712938	0.545207466605494	33
-0.071109422516136	0.545239423768143	33
-0.043603286547006	0.344907057276545	33
0.05637163360447	0.549884852122293	33
0.0323544485726699	0.911205110641991	612
-0.036407722391707	0.737012836381491	612
-0.101645579839088	0.723312999645903	164
0.0562640421128799	0.549767797036242	225
-0.036598902361397	0.736897946780892	571
-0.071006940147097	0.545364679729449	148
-0.031297168502227	0.894775455345156	357
0.0111634490007999	1.37532648910176	36
0.00885205125540001	1.68328051058046	36
-0.09326736529913	1.19614415513411	36
0.0110551106332799	1.37572684662054	36
0.03396597691982	1.84359210519031	36
0.0564771556644901	0.549557007715875	726
0.12017359416185	1.25723463110226	624
-0.101481160201522	0.723517076998338	154
-0.071252713567035	0.54493642808036	154
0.05637042484898	0.549937742703155	154
-0.071119688055949	0.545314341145758	154
0.0563688923575001	0.549638324540131	154
-0.036514421905951	0.737033103872343	19
-0.106976151835441	1.03939357251901	94
0.12038742061257	1.2578398543556	155
0.04417132370979	0.75412450860252	155
-0.043944881346302	0.344844233810228	97
-0.071242537484796	0.545183921949788	97
0.0563696991348801	0.549855793811326	97
-0.071242537484796	0.545183921949788	97
0.03226080974875	0.911187169845164	97
0.04434466175505	0.754284813205743	97
0.05615920010244	0.549561803212589	33
0.0562631168258101	0.549550309589635	33
-0.043459434457195	0.344960841267334	33
0.0562656490431901	0.549859734255288	33
-0.027597243513091	1.05483487911551	164
0.0639971323350501	1.23862468358195	164
-0.031274042578904	0.894708011352014	164
0.11255166293503	0.937740334633732	339
-0.043773963352507	0.344930752421141	148
-0.082453766214625	0.884679315027962	357
0.04417132370979	0.75412450860252	357
-0.082667339791759	0.884581953780753	111
0.10686381072456	1.7246079892126	36
-0.082614260148593	0.884686342578039	36
0.04451847452146	2.29654775209654	46
-0.081273109424582	1.35372857669329	46
-0.027555959146974	1.05487896115819	36
0.00952657793021006	1.53020541444196	99
-0.027599754866535	1.05460350186192	99
0.05626488614213	0.549849792880685	285
0.11219064673259	0.936568988974141	278
-0.06195398174659	1.20214510056494	294
0.0562631168258101	0.549550309589635	154
0.05637106962915	0.549947620800554	154
0.1124834169686	0.937505053006876	154
0.04401285919836	0.753591006608618	154
0.05615920010244	0.549561803212589	761
-0.071129935948653	0.54523415602611	97
-0.0432889332822301	0.345047173325076	97
-0.071344907241322	0.545035913914066	97
-0.071365168967766	0.54488630078218	97
-0.036629149696626	0.736798442331128	97
-0.043603286547006	0.344907057276545	97
0.05097654504737	1.38969661948044	164
0.09688625238475	1.40778530300766	164
0.0322477806810699	0.911308684661655	164
-0.10166827814355	0.723268328705126	52
-0.071242537484796	0.545183921949788	225
0.04434466175505	0.754284813205743	339
-0.082561188256011	0.884725847367179	357
-0.027385877731837	1.05491814920312	357
-0.107035510261096	1.03927342214318	36
0.0809594738950199	1.55725976439441	36
0.08099819095304	1.55730522295282	46
-0.107095662010047	1.03951579834305	46
-0.107049097525559	1.03963025554267	36
-0.093472117416703	1.19595340977804	36
0.01595095718455	1.22313447222819	99
0.05637106962915	0.549947620800554	471
0.12040925321062	1.25778502843336	278
-0.107089231009403	1.03948206300516	294
0.0440632594027199	0.753748211258075	154
-0.07135504694871	0.545077172240108	154
0.04434466175505	0.754284813205743	154
0.0441569944418201	0.754003890830394	761
-0.071242537484796	0.545183921949788	627
-0.036544579094988	0.736843119096666	155
-0.03653044002489	0.737053210534985	97
-0.043944881346302	0.344844233810228	97
-0.043944881346302	0.344844233810228	97
0.0564763435040401	0.549821521222389	33
0.0562663309454501	0.549797046240232	33
0.03222171039443	0.911376016037499	612
-0.027553496326338	1.05480356633002	164
-0.031282850067381	0.894833241968667	164
0.05626488614213	0.549849792880685	571
0.0564758165711701	0.549811713656465	733
-0.036514421905951	0.737033103872343	357
-0.107002565854406	1.03963979305475	111
0.02249183379048	1.06698805226884	111
0.10704336341624	1.72523698611326	111
0.06382894295319	1.23804487447635	36
0.01135885643922	1.37591811010984	36
0.0508462534360099	1.38924585830028	46
0.01560393651693	1.22292887417138	36
-0.107155837359721	1.03935934976629	36
0.0340431264710199	1.84392915911472	36
-0.082748858511929	0.884244559525744	36
-0.061867305543816	1.20207990939578	275
-0.070077225424851	1.04610518450702	99
0.04417132370979	0.75412450860252	278
0.04390489512587	0.753534877399522	278
0.05637042484898	0.549937742703155	278
0.0967930941069099	1.40762793019463	294
-0.107249006960089	1.03908079661019	294
-0.043944881346302	0.344844233810228	154
0.0562656490431901	0.549859734255288	154
0.04417132370979	0.75412450860252	154
0.05626488614213	0.549849792880685	154
-0.07135504694871	0.545077172240108	154
-0.043773963352507	0.344930752421141	154
0.0442507952022	0.75417682170438	97
-0.036522472713603	0.737109537115533	97
0.0562663309454501	0.549797046240232	97
0.11246881043441	0.937662436095658	97
0.0562656490431901	0.549859734255288	33
-0.071222132294741	0.545067781172208	33
-0.031129767148704	0.894657982741038	612
0.05088334474898	1.38942219027613	164
0.1203655832426	1.25783419731482	52
-0.101376201845311	0.723477270342393	52
0.04417132370979	0.75412450860252	339
-0.071129935948653	0.54523415602611	339
-0.031343419721046	0.89475746323902	339
-0.036538323987392	0.736846326547514	733
0.00990720550089996	1.53099848073519	111
0.0112359627702101	1.37620291515356	354
-0.107109301708108	1.0393382533015	36
-0.082559903611956	0.88467261828141	36
0.0967730485832701	1.40759607701824	36
0.01582429899209	1.22343609703963	36
-0.081450473197542	1.35338423638528	46
0.0818962404813699	1.08398163423465	99
-0.043944881346302	0.344844233810228	285
0.0224130083313101	1.06671163011206	278
-0.070229167374276	1.04607476578153	294
-0.082534010651157	0.884742054533541	294
-0.071242537484796	0.545183921949788	154
0.0442650852691	0.754232399790507	154
-0.036454023593511	0.737152407988497	154
0.05637106962915	0.549947620800554	154
-0.043944881346302	0.344844233810228	154
-0.071006940147097	0.545364679729449	154
-0.036415794228469	0.737122253083976	154
0.0562656490431901	0.549859734255288	761
0.04434466175505	0.754284813205743	761
-0.093499719652416	1.19614015503817	94
0.05637042484898	0.549937742703155	97
0.0563721169038001	0.549683027568135	97
0.0443589125975701	0.754279565754827	97
0.04451843552852	0.75427672392129	33
-0.036544579094988	0.736843119096666	52
0.0442650852691	0.754232399790507	339
-0.071109422516136	0.545239423768143	571
0.11260056216583	0.937590941216586	357
-0.036538323987392	0.736846326547514	36
0.12034374110167	1.25776809514778	36
-0.036522472713603	0.737109537115533	762
-0.082588363856588	0.88466355355712	36
0.0113878242407399	1.37591692600594	99
-0.101473546234521	0.723531388531303	99
-0.070883725911559	0.545396838220442	310
-0.07147753247626	0.54477972387055	310
-0.071232343712938	0.545207466605494	790
-0.044088594342648	0.344573880945257	278
-0.043944881346302	0.344844233810228	618
0.0562663309454501	0.549797046240232	154
-0.043773963352507	0.344930752421141	761
0.0564763435040401	0.549821521222389	761
0.0227599455777601	1.06665099127554	155
-0.044431024415727	0.344510645872178	155
-0.043773963352507	0.344930752421141	97
0.11255166293503	0.937740334633732	97
-0.071119688055949	0.545314341145758	97
-0.043603286547006	0.344907057276545	33
-0.105960991335328	1.34967520306531	636
-0.071232343712938	0.545207466605494	52
-0.0432889332822301	0.345047173325076	225
0.0321552379114201	0.911235583775859	339
-0.044431024415727	0.344510645872178	148
0.0225190910678099	1.06703055372121	357
-0.043459434457195	0.344960841267334	369
-0.043459434457195	0.344960841267334	369
-0.0313202942154019	0.894791434390984	383
0.0158711064822601	1.22343588808941	36
-0.027534068176969	1.05493761996588	36
-0.03144146577512	0.894416666554646	36
0.0710414521273499	1.70892573862084	36
-0.047557539748744	1.51263411604681	46
0.08176608631148	1.08342054671074	762
-0.07216147815261	1.50710847406646	36
-0.039526181595681	1.81173038950521	36
0.12410757971275	1.57569928849423	99
-0.070335948275192	1.0459117599615	99
0.0441569944418201	0.754003890830394	285
0.0562663309454501	0.549797046240232	285
0.1122955106478	0.937099102205197	19
-0.031274042578904	0.894708011352014	60
0.0563696991348801	0.549855793811326	97
-0.044116040951262	0.344654176637369	705
-0.07135504694871	0.545077172240108	97
-0.044116040951262	0.344654176637369	73
0.0564763435040401	0.549821521222389	33
0.05637163360447	0.549884852122293	33
-0.070770738838821	0.54538288874509	317
-0.044431024415727	0.344510645872178	33
-0.044088594342648	0.344573880945257	317
0.12019960982825	1.25666397517395	164
0.0818729835199301	1.0839158727603	52
-0.071232343712938	0.545207466605494	52
-0.043773963352507	0.344930752421141	225
0.03232726684426	0.91135634635286	359
-0.07027024057091	1.04605846100747	357
0.0819333635302699	1.08399928718163	357
0.05637163360447	0.549884852122293	369
-0.082747601756595	0.88435030569052	111
0.0225706305732101	1.06687882467591	36
0.02249183379048	1.06698805226884	383
-0.027468422833027	1.05481447822713	36
-0.062055351065708	1.20192457289589	36
-0.026095980597156	1.21035798210037	36
0.0321552379114201	0.911235583775859	190
0.11236395675142	0.937365047108194	99
-0.071119688055949	0.545314341145758	310
-0.071109422516136	0.545239423768143	790
-0.101855516812655	0.722682452073047	64
0.0562631168258101	0.549550309589635	64
0.04332937459509	1.54205687883373	294
0.0075577744609201	1.83154065555246	255
-0.071232343712938	0.545207466605494	154
-0.043944881346302	0.344844233810228	655
-0.071119688055949	0.545314341145758	761
-0.071344907241322	0.545035913914066	761
0.05637042484898	0.549937742703155	761
-0.082534010651157	0.884742054533541	155
-0.031078061192262	0.894444579028665	155
-0.027363974963052	1.05487778626332	60
-0.044431024415727	0.344510645872178	705
-0.071242537484796	0.545183921949788	97
0.0564763435040401	0.549821521222389	33
-0.043944881346302	0.344844233810228	33
-0.031334628554655	0.8945595860125	52
-0.031259722162075	0.894867219943855	52
-0.043944881346302	0.344844233810228	225
-0.043773963352507	0.344930752421141	821
-0.0431186725812021	0.345023297855276	369
0.05637163360447	0.549884852122293	383
0.11255900834009	0.937756926523111	383
-0.101555735739257	0.723439633854202	190
0.02278721176346	1.06646277053588	190
0.0507310498963201	1.38882420825971	46
0.00405576000735008	2.12613231716933	46
0.00881407324850003	1.68310027981236	46
-0.036377550744814	0.737032606359318	771
0.01585048776312	1.22337738487407	771
-0.031222289606827	0.894831303474498	99
-0.071242537484796	0.545183921949788	310
-0.0432889332822301	0.345047173325076	310
-0.02332816678474	1.36575864439558	48
-0.0436301765277211	0.34477098044816	64
0.11237126320517	0.937446712499808	64
-0.10477974152346	1.95246591724265	255
-0.107222459926604	1.03917686496942	449
0.0818032146480001	1.08331770183348	449
-0.044116040951262	0.344654176637369	154
0.0562656490431901	0.549859734255288	154
0.05637042484898	0.549937742703155	154
-0.0432889332822301	0.345047173325076	715
-0.043773963352507	0.344930752421141	154
-0.043944881346302	0.344844233810228	618
0.05637106962915	0.549947620800554	761
0.0562663309454501	0.549797046240232	761
0.02254486376266	1.06702666289685	60
-0.082508124120625	0.884693017011681	60
-0.043459434457195	0.344960841267334	705
-0.0432889332822301	0.345047173325076	97
-0.070996620429515	0.54534639567847	719
-0.043603286547006	0.344907057276545	73
-0.043773963352507	0.344930752421141	33
0.0818497268957901	1.08378906785201	339
-0.0432889332822301	0.345047173325076	148
0.0442507952022	0.75417682170438	148
0.0155570319935501	1.2226034105318	357
-0.071119688055949	0.545314341145758	369
0.0638903719018	1.2384968780635	357
-0.027553496326338	1.05480356633002	36
-0.0365606945846591	0.737033359814109	383
-0.044259688427062	0.344597279041458	440
0.04418566840128	0.754070728099669	762
-0.093317371677016	1.19631380700733	36
0.03232726684426	0.91135634635286	771
-0.071242537484796	0.545183921949788	261
-0.043944881346302	0.344844233810228	310
-0.044259688427062	0.344597279041458	310
-0.043944881346302	0.344844233810228	776
0.04417132370979	0.75412450860252	64
-0.036500157553343	0.736981665988245	131
-0.043603286547006	0.344907057276545	715
-0.043944881346302	0.344844233810228	154
-0.043773963352507	0.344930752421141	154
-0.101660701233066	0.723330813645462	19
-0.101653135129711	0.72334506195932	627
0.12407159876521	1.57566971878517	94
0.0563688923575001	0.549638324540131	705
-0.043944881346302	0.344844233810228	97
-0.036598902361397	0.736897946780892	97
-0.101653135129711	0.72334506195932	97
-0.0432889332822301	0.345047173325076	33
0.05626488614213	0.549849792880685	819
-0.043773963352507	0.344930752421141	225
-0.0431186725812021	0.345023297855276	148
-0.044088594342648	0.344573880945257	148
-0.043944881346302	0.344844233810228	148
-0.071252713567035	0.54493642808036	357
0.11255166293503	0.937740334633732	111
-0.031245419726869	0.894745979958276	762
0.0442365205063799	0.75394829804571	762
0.0969464306485499	1.40788168121966	36
-0.0436301765277211	0.34477098044816	271
-0.10166827814355	0.723268328705126	99
0.0564758165711701	0.549811713656465	776
-0.043603286547006	0.344907057276545	64
-0.101383828947527	0.723509241619784	64
-0.044602602733049	0.34432064158674	154
-0.044431024415727	0.344510645872178	618
0.0818868463887099	1.08367773089547	19
-0.071109422516136	0.545239423768143	761
-0.044259688427062	0.344597279041458	761
-0.070451251027233	1.0448941656233	60
-0.082561188256011	0.884725847367179	60
-0.036637096058068	0.736684857359088	97
-0.043944881346302	0.344844233810228	73
-0.071232343712938	0.545207466605494	819
-0.071242537484796	0.545183921949788	52
-0.043459434457195	0.344960841267334	225
-0.101630501718341	0.723096466703535	357
-0.082505539020907	0.88446161473339	357
-0.0432889332822301	0.345047173325076	369
0.0562640421128799	0.549767797036242	369
-0.0203426340911	1.52098929347169	182
-0.036461977062203	0.737057787372522	247
-0.043773963352507	0.344930752421141	190
0.11249070322188	0.937318472384691	190
0.04417132370979	0.75412450860252	190
0.00975255750019999	1.53101285775366	36
-0.036454023593511	0.737152407988497	440
-0.043773963352507	0.344930752421141	762
-0.082721687611745	0.884409022298023	762
0.0225706305732101	1.06687882467591	36
-0.043603286547006	0.344907057276545	310
0.0224933125245399	1.06690079768204	99
-0.0432889332822301	0.345047173325076	285
-0.044088594342648	0.344573880945257	154
-0.071109422516136	0.545239423768143	154
0.05626488614213	0.549849792880685	715
-0.043603286547006	0.344907057276545	655
-0.044431024415727	0.344510645872178	655
-0.071222132294741	0.545067781172208	655
0.0563696991348801	0.549855793811326	154
-0.031329105280277	0.894606371874941	60
-0.043773963352507	0.344930752421141	155
0.05637106962915	0.549947620800554	97
-0.07089409986287	0.545350618768897	97
-0.0432889332822301	0.345047173325076	97
-0.043773963352507	0.344930752421141	97
-0.043773963352507	0.344930752421141	73
0.0639152130335101	1.23837688354197	226
0.12032416462092	1.25778427019312	226
0.04443859417144	0.754332078234377	366
-0.121132326623921	1.19220313590054	622
0.03223474756332	0.911370242557373	383
-0.062040607196503	1.20178821795617	46
-0.031236594054134	0.894851243166186	440
0.0088555194651001	1.68317312262436	36
-0.08126826092374	1.35326468797403	99
0.03223474756332	0.911370242557373	99
0.0562656490431901	0.549859734255288	310
-0.101847976944587	0.722800095652409	294
0.0562663309454501	0.549797046240232	715
0.0561600813982901	0.549571799070062	154
-0.0431186725812021	0.345023297855276	618
0.0564752088982301	0.549729892713676	154
-0.036385573851383	0.737050648301604	19
0.05637042484898	0.549937742703155	19
-0.107129375048723	1.03914230384128	60
-0.101570905004164	0.72345739395091	60
-0.043459434457195	0.344960841267334	434
-0.070883725911559	0.545396838220442	97
-0.071242537484796	0.545183921949788	97
-0.043773963352507	0.344930752421141	97
-0.082614260148593	0.884686342578039	719
-0.071232343712938	0.545207466605494	73
0.05637042484898	0.549937742703155	317
0.05626488614213	0.549849792880685	317
0.05637106962915	0.549947620800554	317
-0.043773963352507	0.344930752421141	317
-0.101570905004164	0.72345739395091	52
-0.0432889332822301	0.345047173325076	225
-0.0365606945846591	0.737033359814109	52
-0.101847976944587	0.722800095652409	359
-0.027342076791285	1.05478600096291	357
-0.071129935948653	0.54523415602611	369
0.12396314335536	1.57513214122472	247
0.08186358830873	1.08340105497762	383
0.0507818140327501	1.38910853536221	383
-0.094908712025917	1.50138887209739	204
-0.101653135129711	0.72334506195932	440
-0.07089409986287	0.545350618768897	285
-0.043773963352507	0.344930752421141	285
0.0564758165711701	0.549811713656465	154
0.0442650852691	0.754232399790507	227
-0.044602602733049	0.34432064158674	154
-0.101488784963315	0.72345451589888	227
-0.036492238854222	0.737129368422307	19
0.08178934049594	1.08361520694499	19
0.0562663309454501	0.549797046240232	19
-0.10159373989494	0.723084882905421	19
-0.071334749888631	0.54476348787635	761
-0.071242537484796	0.545183921949788	19
0.0562640421128799	0.549767797036242	155
-0.105858136093479	1.34989624558195	60
-0.070770738838821	0.54538288874509	97
-0.071344907241322	0.545035913914066	97
0.03212918709089	0.911191470796257	719
0.0562656490431901	0.549859734255288	73
-0.043944881346302	0.344844233810228	317
-0.044602602733049	0.34432064158674	317
-0.0619032957775461	1.20215295223154	636
-0.027468422833027	1.05481447822713	359
-0.082506831039155	0.884712128619311	359
0.0442650852691	0.754232399790507	52
-0.044259688427062	0.344597279041458	148
-0.043773963352507	0.344930752421141	148
-0.043944881346302	0.344844233810228	148
-0.10619005155883	1.34857163116331	226
-0.082641435403759	0.884624051510388	366
-0.106075520742213	1.3493279487234	204
0.0442507952022	0.75417682170438	190
-0.094860116869101	1.50108121762853	46
0.0710904588435799	1.70933826316511	48
-0.071252713567035	0.54493642808036	294
-0.070770738838821	0.54538288874509	776
-0.082559903611956	0.88467261828141	294
-0.071242537484796	0.545183921949788	64
-0.101630501718341	0.723096466703535	227
-0.036492238854222	0.737129368422307	227
0.0818962404813699	1.08398163423465	227
-0.043944881346302	0.344844233810228	154
0.05637106962915	0.549947620800554	154
0.05615920010244	0.549561803212589	227
-0.101473546234521	0.723531388531303	19
0.0808989234561901	1.55689712359703	60
0.0562656490431901	0.549859734255288	97
0.11253191126054	0.937495750855169	719
-0.043944881346302	0.344844233810228	73
0.0562656490431901	0.549859734255288	33
0.0562656490431901	0.549859734255288	819
-0.031259722162075	0.894867219943855	359
-0.023638048125785	1.36567959355109	226
-0.106006950022614	1.34953533111113	226
-0.082559903611956	0.88467261828141	182
0.00972939107894	1.53105237820254	36
-0.093389192762407	1.19633796669489	36
-0.082691987441569	0.884078441217709	261
0.0442507952022	0.75417682170438	310
-0.036445986631397	0.737102462140653	310
-0.036522472713603	0.737109537115533	285
0.08191949778297	1.08398924701774	294
-0.101406774995768	0.723314388891773	294
-0.071109422516136	0.545239423768143	154
0.0564758165711701	0.549811713656465	227
-0.044431024415727	0.344510645872178	154
-0.070996620429515	0.54534639567847	154
-0.031138605627173	0.894764321872648	227
-0.031236594054134	0.894851243166186	19
0.03211615560474	0.911081852028009	19
-0.101586117473243	0.723276956405637	19
-0.101578505841053	0.723394863993532	19
0.0111780015185501	1.37615412776637	60
-0.107242516662813	1.0390331387981	60
-0.071006940147097	0.545364679729449	719
0.04434466175505	0.754284813205743	819
0.0561608815010499	0.549509252408709	317
-0.0364237824996561	0.737080806847057	52
0.05637106962915	0.549947620800554	52
-0.043773963352507	0.344930752421141	225
0.05626488614213	0.549849792880685	148
-0.071467464463713	0.544905767686774	366
0.0158372884267599	1.22281948461591	182
-0.118466533062427	1.95512406425602	204
-0.106358985713558	1.64500546538104	46
-0.018135509634841	1.67251964458302	46
-0.027597243513091	1.05483487911551	606
-0.062084242307366	1.2018535714158	99
0.0223312440332499	1.0664180482969	310
0.03195710721328	0.91053284243886	310
-0.043773963352507	0.344930752421141	116
-0.036514421905951	0.737033103872343	294
0.0440920117303101	0.753962957849965	131
-0.0364237824996561	0.737080806847057	227
-0.071467464463713	0.544905767686774	227
-0.07114016615063	0.544922254106109	227
0.0562656490431901	0.549859734255288	154
0.04442439792067	0.754229357853164	227
0.0562640421128799	0.549767797036242	618
-0.0365606945846591	0.737033359814109	19
-0.101473546234521	0.723531388531303	19
0.11246881043441	0.937662436095658	60
0.08191010479496	1.08387246777139	60
0.0819798819994	1.08407267577228	60
-0.101563314968327	0.723471675074255	60
-0.071006940147097	0.545364679729449	97
0.05637042484898	0.549937742703155	97
0.0440776278483901	0.753951679336125	457
-0.071232343712938	0.545207466605494	719
-0.071232343712938	0.545207466605494	719
0.0561600813982901	0.549571799070062	73
-0.070294896612079	1.04592802965751	305
-0.031222289606827	0.894831303474498	305
0.11227370074581	0.937047088395299	52
-0.036507992979954	0.73658698664204	148
0.05637106962915	0.549947620800554	148
-0.027534068176969	1.05493761996588	182
0.12032189419078	1.25763932933792	226
-0.0619032957775461	1.20215295223154	804
-0.031297168502227	0.894775455345156	116
-0.044431024415727	0.344510645872178	285
0.11263885012019	0.93771101399471	116
-0.071119688055949	0.545314341145758	116
-0.071119688055949	0.545314341145758	116
0.00968495083877996	1.53093817616729	48
-0.0235771820656721	1.36606588452847	48
-0.082693250585991	0.884428769024171	227
0.0442507952022	0.75417682170438	227
-0.101555735739257	0.723439633854202	227
-0.071232343712938	0.545207466605494	227
-0.044259688427062	0.344597279041458	227
-0.036659369110434	0.736608498678328	227
0.0818729835199301	1.0839158727603	19
0.12028269615602	1.25757653824232	60
-0.082508124120625	0.884693017011681	643
-0.031282850067381	0.894833241968667	643
0.04434466175505	0.754284813205743	97
-0.0365606945846591	0.737033359814109	719
0.11238584210836	0.937417194792886	719
-0.070996620429515	0.54534639567847	91
0.06397220553873	1.23828692226915	305
0.05637042484898	0.549937742703155	52
-0.082559903611956	0.88467261828141	52
0.0562663309454501	0.549797046240232	148
-0.118450339504304	1.95488674621517	522
0.0432463196244901	1.542593321949	606
-0.10610980142944	1.34913590060038	65
0.10299959292283	2.18068272213547	65
-0.101555735739257	0.723439633854202	116
0.0224903548816999	1.06677543704651	48
0.12030233812361	1.25777863394742	48
-0.12087746680506	1.19299484662473	48
-0.082641435403759	0.884624051510388	48
0.03245997420448	0.911077616001695	227
-0.070184005470795	1.04617082712758	60
0.08191949778297	1.08398924701774	60
0.01560393651693	1.22292887417138	60
-0.082747601756595	0.88435030569052	457
0.11254430621574	0.937658562049887	457
0.0324197723614099	0.911176126539993	91
0.0442000285553601	0.753745591329173	819
-0.031297168502227	0.894775455345156	819
-0.082719167752109	0.884156792185763	305
-0.070290784555248	1.0459804557593	359
-0.03140399854422	0.89460902425551	359
0.11249070322188	0.937318472384691	571
-0.082720427178775	0.884412567880966	182
-0.072126625416372	1.50695930981898	606
0.00959234924507002	1.53031772893545	804
0.1124541585777	0.937564150996836	116
-0.03125091644282	0.894584091745297	116
-0.070397562678389	1.04552597342811	48
0.03204966774021	0.910969946338839	565
-0.101645579839088	0.723312999645903	227
0.0440920117303101	0.753962957849965	227
0.05637042484898	0.549937742703155	227
-0.101743006698458	0.723151630240779	60
-0.071589804215755	0.544608567691178	227
0.0442507952022	0.75417682170438	227
0.11238584210836	0.937417194792886	60
0.0639851598718999	1.23744898096561	60
0.08063903200736	1.55534943102464	60
0.11247611937041	0.937616420025001	60
-0.070163460558768	1.04615595032074	60
-0.071232343712938	0.545207466605494	60
0.11235663897242	0.937208604735814	819
0.12021724926848	1.25755972178808	359
-0.031199159291512	0.894865284437944	52
-0.10175810185148	0.72307499104243	359
0.12021724926848	1.25755972178808	359
-0.082561188256011	0.884725847367179	366
-0.031334628554655	0.8945595860125	182
-0.031161738362713	0.894730342815249	182
-0.042807635601756	1.66386205074076	204
0.10697716932809	1.72524913211678	65
-0.082694514705985	0.884519673248624	65
0.04327417112392	1.54256500890168	48
-0.082694514705985	0.884519673248624	565
0.05615920010244	0.549561803212589	797
0.0321422145261101	0.911241377499726	449
0.0224675281692299	1.0666361429765	227
-0.03653044002489	0.737053210534985	227
-0.071589804215755	0.544608567691178	227
0.0819333635302699	1.08399928718163	19
-0.061816635266977	1.2020877571404	60
0.0443731788375501	0.754099794507054	60
-0.044431024415727	0.344510645872178	97
-0.071365168967766	0.54488630078218	97
0.0564763435040401	0.549821521222389	97
-0.101578505841053	0.723394863993532	643
-0.036552678625193	0.737010024602681	643
0.0442650852691	0.754232399790507	719
-0.0365606945846591	0.737033359814109	719
0.11237855832652	0.937463227606808	719
-0.036484236733938	0.737132596613881	305
0.08178934049594	1.08361520694499	305
-0.023643602530522	1.36581687479067	359
-0.070340140544392	1.04565389465233	359
0.02241154137659	1.06677223909026	359
-0.071119688055949	0.545314341145758	571
0.05615920010244	0.549561803212589	148
-0.043773963352507	0.344930752421141	366
0.05626488614213	0.549849792880685	366
-0.115703685635569	1.49741790472731	46
-0.105888533805717	1.34983930389633	53
-0.017966878987594	1.67324355022523	65
0.0225736117895901	1.0669550144829	48
0.12017577789329	1.25737545212184	227
-0.03653044002489	0.737053210534985	227
0.0442650852691	0.754232399790507	227
-0.070356481488058	1.0458337869089	60
0.0564763435040401	0.549821521222389	19
0.08196601341826	1.08382684186748	60
0.11265651125862	0.93768533175143	60
-0.101727954819399	0.723039135360829	457
-0.036598902361397	0.736897946780892	457
0.0322750548958599	0.911263981477454	719
-0.101548167322622	0.723359211386074	91
-0.071109422516136	0.545239423768143	819
-0.036476151045358	0.737003004445714	819
-0.071242537484796	0.545183921949788	819
-0.101309497554526	0.723234701634721	819
0.05637163360447	0.549884852122293	819
-0.08277352230277	0.88417047151083	305
-0.031464586513018	0.894382720035318	305
-0.0436301765277211	0.34477098044816	52
0.08185910510021	1.08381532721845	359
0.04442439792067	0.754229357853164	359
0.0440920117303101	0.753962957849965	366
-0.106097644799893	1.64562455227396	606
0.09241183003093	2.32481157246573	606
0.11505740716203	2.03714456173146	65
-0.027512181800937	1.05494675562188	235
0.0323403096981401	0.911234857602017	294
-0.082614260148593	0.884686342578039	565
-0.03634735110308	0.736961016350349	797
-0.082587082885628	0.884702546982814	449
-0.101586117473243	0.723276956405637	227
0.05637042484898	0.549937742703155	227
-0.082562474023551	0.884520071952556	60
0.0639971323350501	1.23862468358195	60
-0.02740778509701	1.05490897335387	60
-0.036454023593511	0.737152407988497	60
0.11246881043441	0.937662436095658	60
0.04445280576643	0.754261634807508	457
-0.036431687353034	0.736798247243143	819
-0.0826401628661601	0.88459815617751	359
-0.031357752098785	0.894627010363366	359
0.0820031417389	1.08402208373736	359
0.0431300951954701	1.54253048677843	359
-0.027616715127442	1.05462935242831	359
0.02254635039986	1.06701992887898	359
-0.070118331891034	1.04618174195779	359
-0.101504066847818	0.723144469655323	182
0.0225205736927001	1.06683589542078	182
0.0382791014532899	1.69413909185441	65
0.0158711064822601	1.22343588808941	64
-0.043773963352507	0.344930752421141	797
0.06384942438567	1.23825867704684	227
-0.082534010651157	0.884742054533541	227
0.11236395675142	0.937365047108194	227
0.0155640530021299	1.2227607009341	60
0.0641492186167101	1.2384999238926	60
0.0113951657247999	1.37595564025564	60
0.08185910510021	1.08381532721845	60
0.03216825724796	0.911174017936091	643
-0.02730352523282	1.05424512838239	305
-0.03656862711982	0.736917816316698	52
0.01589107337939	1.22344093210563	359
0.04417132370979	0.75412450860252	52
-0.027575367622978	1.05484399731642	359
0.06395175480383	1.23842646095537	359
0.0158953960322701	1.22316924180709	182
-0.027597243513091	1.05483487911551	182
-0.031282850067381	0.894833241968667	182
-0.036514421905951	0.737033103872343	182
0.11263885012019	0.93771101399471	182
-0.120982780420189	1.19270343231359	732
0.01112737245094	1.3760722150966	48
0.0111996645422801	1.37605342129519	449
0.02260087523997	1.06683209351991	60
-0.026136260012388	1.21034471927841	60
-0.025983131926571	1.21086133689734	60
-0.106988917037548	1.03952354306334	60
-0.044431024415727	0.344510645872178	96
0.03230116897854	0.911423629192629	689
-0.120999068922496	1.19277600758083	689
0.04390489512587	0.753534877399522	52
-0.036484236733938	0.737132596613881	359
-0.082667339791759	0.884581953780753	182
-0.027427126225528	1.05493472482154	182
-0.043773963352507	0.344930752421141	4
-0.031343419721046	0.89475746323902	182
0.11244681567147	0.937407616180729	182
-0.071242537484796	0.545183921949788	182
0.0967664994548201	1.40723891921075	732
0.0968131370208101	1.4076018643672	732
0.03833987771049	1.69518316418463	491
-0.044431024415727	0.344510645872178	797
0.12030004251093	1.25744286931594	60
-0.070377019622332	1.04570668698556	60
-0.101570905004164	0.72345739395091	60
-0.0825094183637241	0.884392493104266	60
0.04434466175505	0.754284813205743	643
-0.0365606945846591	0.737033359814109	91
-0.036500157553343	0.736981665988245	819
-0.0826686086539969	0.884513381069642	305
-0.071119688055949	0.545314341145758	52
0.0508393939630401	1.38943137256963	359
0.0320626813968501	0.911019810572968	359
-0.025936822100179	1.21096511139689	359
-0.05432053761734	1.35831673485189	415
0.0969464306485499	1.40788168121966	687
0.03222171039443	0.911376016037499	687
-0.0425620313303931	1.66420951442001	53
-0.090404427705899	1.9496000333461	53
-0.036454023593511	0.737152407988497	479
-0.071119688055949	0.545314341145758	797
0.12412936847468	1.57583255081232	449
0.10706628667076	1.72531687564441	449
0.0225978862785401	1.0669755162005	19
-0.071365168967766	0.54488630078218	19
-0.031380875427768	0.894642985006881	60
-0.071119688055949	0.545314341145758	301
0.0442650852691	0.754232399790507	719
-0.031213465741009	0.894783796754406	91
-0.101391466843945	0.723494902630146	91
-0.082588363856588	0.88466355355712	91
0.05637042484898	0.549937742703155	819
-0.071232343712938	0.545207466605494	52
0.0321552379114201	0.911235583775859	52
0.0158711064822601	1.22343588808941	359
-0.101563314968327	0.723471675074255	763
-0.082693250585991	0.884428769024171	182
-0.027701806748982	1.05442091155917	182
0.1203655832426	1.25783419731482	182
-0.07089409986287	0.545350618768897	4
-0.071006940147097	0.545364679729449	216
0.0563696991348801	0.549855793811326	216
0.0159572833722099	1.22334625434132	732
0.0638699007018799	1.23840753304936	732
-0.101653135129711	0.72334506195932	687
-0.107208925690582	1.03905393105524	423
-0.054097760952164	1.35874348213053	48
0.11254430621574	0.937658562049887	479
-0.0203426340911	1.52098929347169	48
0.0562656490431901	0.549859734255288	797
0.0431246974294299	1.54241664203828	449
-0.082720427178775	0.884412567880966	449
-0.027555959146974	1.05487896115819	60
0.11228098205664	0.937128664631718	19
0.11236395675142	0.937365047108194	19
-0.043773963352507	0.344930752421141	96
-0.027512181800937	1.05494675562188	60
0.05637106962915	0.549947620800554	301
-0.082534010651157	0.884742054533541	643
-0.043773963352507	0.344930752421141	643
0.03212918709089	0.911191470796257	719
-0.12077214845829	1.19301166453055	689
0.1124834169686	0.937505053006876	91
-0.031395223643973	0.894333317208468	91
-0.036590921217337	0.736933842807329	52
-0.106769014792884	1.03936585954711	182
-0.043773963352507	0.344930752421141	4
-0.036454023593511	0.737152407988497	732
-0.0431186725812021	0.345023297855276	26
0.0322086691734	0.911326076798724	60
0.0967464660549799	1.4073236257403	60
0.03230116897854	0.911423629192629	70
-0.036484236733938	0.737132596613881	19
0.04453259252245	0.754314244963196	19
-0.036492238854222	0.737129368422307	19
-0.070883725911559	0.545396838220442	96
-0.0432889332822301	0.345047173325076	96
-0.036445986631397	0.737102462140653	91
0.08194275542764	1.08393865490821	91
-0.071109422516136	0.545239423768143	301
0.0563696991348801	0.549855793811326	301
-0.070883725911559	0.545396838220442	643
-0.071017242216908	0.545220013672355	719
-0.070138892518716	1.04615050396631	689
0.0967730485832701	1.40759607701824	305
0.11246881043441	0.937662436095658	52
-0.044116040951262	0.344654176637369	52
0.04417132370979	0.75412450860252	52
-0.095003048460193	1.50101109006498	359
-0.071232343712938	0.545207466605494	4
-0.044259688427062	0.344597279041458	4
0.0438904329343599	0.753257559604223	216
0.05637042484898	0.549937742703155	216
0.0560314279199099	2.00392663295028	6
0.00953044644090006	1.52990622419431	48
-0.101563314968327	0.723471675074255	797
0.0156906993077599	1.22317981562744	19
0.11238584210836	0.937417194792886	60
-0.101563314968327	0.723471675074255	91
-0.101578505841053	0.723394863993532	184
-0.082666071975342	0.884398862694894	305
-0.082532722324689	0.884594163667925	305
0.0442650852691	0.754232399790507	52
-0.0710991393730151	0.544942501953742	52
-0.0431186725812021	0.345023297855276	83
-0.10166827814355	0.723268328705126	763
-0.043459434457195	0.344960841267334	396
-0.043944881346302	0.344844233810228	396
0.05647678982563	0.549758738961787	4
-0.0431186725812021	0.345023297855276	4
0.05637106962915	0.549947620800554	216
-0.036637096058068	0.736684857359088	732
0.04445280576643	0.754261634807508	687
0.12407159876521	1.57566971878517	65
0.0323675214427801	0.911314788146664	235
-0.043773963352507	0.344930752421141	349
-0.0258502063780121	1.21105786812092	48
0.11267119574035	0.937387568080163	479
-0.0432889332822301	0.345047173325076	26
0.05637106962915	0.549947620800554	797
-0.070122385513836	1.04598324444442	449
0.04443859417144	0.754332078234377	704
0.11246881043441	0.937662436095658	70
0.11265651125862	0.93768533175143	19
-0.101540609724054	0.723223104564238	19
-0.101570905004164	0.72345739395091	60
-0.043773963352507	0.344930752421141	96
-0.071467464463713	0.544905767686774	301
-0.101368585543135	0.7233969304341	643
-0.036522472713603	0.737109537115533	52
-0.071701984309422	0.544304949055345	52
0.0561600813982901	0.549571799070062	52
-0.071006940147097	0.545364679729449	52
-0.043603286547006	0.344907057276545	52
-0.0432889332822301	0.345047173325076	396
-0.101563314968327	0.723471675074255	763
0.03223474756332	0.911370242557373	216
-0.0432889332822301	0.345047173325076	216
0.04418566840128	0.754070728099669	182
-0.045423744105436	2.27743811049168	53
-0.043459434457195	0.344960841267334	797
-0.026142374187798	1.20993076842836	60
-0.036637096058068	0.736684857359088	704
-0.082534010651157	0.884742054533541	60
-0.044431024415727	0.344510645872178	96
-0.044259688427062	0.344597279041458	96
-0.027745521212531	1.0543532544445	91
-0.027385877731837	1.05491814920312	719
-0.036407722391707	0.737012836381491	719
0.0156508067566601	1.22311756105978	689
0.09712617201091	1.40750439891358	305
0.05626488614213	0.549849792880685	52
-0.043944881346302	0.344844233810228	83
-0.071232343712938	0.545207466605494	52
-0.101653135129711	0.72334506195932	763
0.11236395675142	0.937365047108194	763
0.11266385916294	0.937574051569259	182
0.0439984206623001	0.753790274969522	4
-0.044088594342648	0.344573880945257	4
-0.044116040951262	0.344654176637369	4
0.05637163360447	0.549884852122293	4
-0.044431024415727	0.344510645872178	4
0.0562656490431901	0.549859734255288	4
0.05647678982563	0.549758738961787	182
0.0631272973663399	1.85862783397122	46
0.12004705247731	1.25662540740764	732
0.00889349705298992	1.68325181050777	491
-0.071129935948653	0.54523415602611	687
-0.081988507925418	2.11305240276178	53
-0.107008974572669	1.03960342014187	48
0.0112359627702101	1.37620291515356	479
-0.036445986631397	0.737102462140653	797
-0.02740778509701	1.05490897335387	449
0.0639108379854101	1.23852953622882	449
-0.026003285995627	1.21083026214415	449
0.05637106962915	0.549947620800554	704
0.0439984206623001	0.753790274969522	19
0.03222171039443	0.911376016037499	19
-0.071579790153005	0.544601745507154	91
-0.101675865855475	0.723150480152216	91
0.0562656490431901	0.549859734255288	184
0.11276871104672	0.936828182393979	457
-0.082720427178775	0.884412567880966	457
0.11255900834009	0.937756926523111	643
0.12023683001153	1.25738736696435	689
-0.071006940147097	0.545364679729449	763
-0.03653044002489	0.737053210534985	763
-0.027385877731837	1.05491814920312	182
-0.044259688427062	0.344597279041458	4
0.11237126320517	0.937446712499808	182
-0.071006940147097	0.545364679729449	216
-0.080098707164299	1.79952562068027	53
0.04434466175505	0.754284813205743	116
-0.107029034734294	1.03963856948692	479
-0.0432889332822301	0.345047173325076	26
-0.036522472713603	0.737109537115533	797
-0.036500157553343	0.736981665988245	704
-0.101465943068103	0.723499377018564	60
-0.071109422516136	0.545239423768143	19
-0.043603286547006	0.344907057276545	96
-0.0363935134676771	0.736821246325193	96
0.05637106962915	0.549947620800554	301
-0.043773963352507	0.344930752421141	301
-0.101660701233066	0.723330813645462	91
0.0818729835199301	1.0839158727603	763
0.01545032428654	1.22211150092381	533
-0.120893695534483	1.19283718846495	182
-0.070315419983346	1.0459429370416	182
-0.071109422516136	0.545239423768143	4
0.05637106962915	0.549947620800554	182
-0.043944881346302	0.344844233810228	216
-0.0436301765277211	0.34477098044816	216
-0.117630100286865	2.31705550868524	522
-0.07135504694871	0.545077172240108	349
0.0223599558161001	1.06642160349613	479
-0.0258502063780121	1.21105786812092	449
0.0443589125975701	0.754279565754827	19
0.04453259252245	0.754314244963196	96
0.05615920010244	0.549561803212589	184
-0.071017242216908	0.545220013672355	184
0.0820169962102899	1.08405169334965	91
0.11228098205664	0.937128664631718	719
0.01595095718455	1.22313447222819	305
-0.043944881346302	0.344844233810228	52
-0.044259688427062	0.344597279041458	83
0.04417132370979	0.75412450860252	52
0.0818729835199301	1.0839158727603	359
0.05637042484898	0.549937742703155	396
-0.071109422516136	0.545239423768143	763
-0.043773963352507	0.344930752421141	570
-0.071242537484796	0.545183921949788	4
-0.043459434457195	0.344960841267334	216
-0.025033247036185	2.44861372199481	522
-0.106829250282554	1.03960795417372	687
-0.013734192827819	2.27801141076997	53
0.02249183379048	1.06698805226884	710
0.0562640421128799	0.549767797036242	26
-0.043773963352507	0.344930752421141	615
0.12418716078848	1.57575572835952	449
-0.036552678625193	0.737010024602681	60
-0.043773963352507	0.344930752421141	96
-0.043773963352507	0.344930752421141	96
-0.071119688055949	0.545314341145758	301
-0.101548167322622	0.723359211386074	184
0.03219562389923	0.911216412299517	457
0.0224387963694599	1.06686892521899	457
-0.101653135129711	0.72334506195932	91
-0.082695779902199	0.884348888839568	689
0.11228825202632	0.937145135717021	91
-0.027536633535741	1.05463181039566	305
-0.082693250585991	0.884428769024171	91
0.05637163360447	0.549884852122293	83
-0.082667339791759	0.884581953780753	763
0.11246881043441	0.937662436095658	763
-0.031199159291512	0.894865284437944	359
0.0224387963694599	1.06686892521899	359
-0.101555735739257	0.723439633854202	763
-0.107109301708108	1.0393382533015	182
0.05626488614213	0.549849792880685	216
-0.036454023593511	0.737152407988497	43
0.05637106962915	0.549947620800554	116
-0.0432889332822301	0.345047173325076	615
-0.101458350708023	0.723418983530821	60
0.03230116897854	0.911423629192629	60
0.06393570053701	1.23852577601073	60
0.12023683001153	1.25738736696435	60
0.0323805902558501	0.91136476035372	60
0.05094774050925	1.38972881271777	60
0.04453259252245	0.754314244963196	149
-0.036492238854222	0.737129368422307	91
0.05637042484898	0.549937742703155	457
0.03231421993805	0.911417879412006	457
0.04443859417144	0.754332078234377	643
-0.031412795018461	0.894322138439895	457
0.0442507952022	0.75417682170438	719
-0.101735475346937	0.723119555449305	719
-0.082638891343881	0.884320457399692	91
0.0820402577239101	1.08405931812681	91
0.0443304262702799	0.75412128636301	91
0.04443859417144	0.754332078234377	91
-0.027745521212531	1.0543532544445	305
-0.071242537484796	0.545183921949788	52
-0.031222289606827	0.894831303474498	52
-0.101622978899249	0.722885591048321	763
0.05626488614213	0.549849792880685	4
-0.027536633535741	1.05463181039566	182
0.0564763435040401	0.549821521222389	182
0.03212918709089	0.911191470796257	182
-0.056303974539043	1.95557509592257	46
-0.090147405572753	1.950445031525	53
0.0817457393627901	1.08235068892657	116
0.05637106962915	0.549947620800554	116
-0.031078061192262	0.894444579028665	479
-0.027446550242197	1.05466698009681	449
-0.036552678625193	0.737010024602681	60
-0.031236594054134	0.894851243166186	60
-0.07135504694871	0.545077172240108	60
-0.044088594342648	0.344573880945257	96
0.0564763435040401	0.549821521222389	457
0.0442650852691	0.754232399790507	457
-0.036415794228469	0.737122253083976	91
0.0638903719018	1.2384968780635	457
-0.071457378764343	0.544731695529714	719
0.0440920117303101	0.753962957849965	689
0.0224660534177801	1.06691141992885	689
-0.036514421905951	0.737033103872343	91
-0.031245419726869	0.894745979958276	763
0.0109898133611199	1.37544549264339	763
-0.031395223643973	0.894333317208468	763
-0.027704185950999	1.0544921513777	763
0.04434466175505	0.754284813205743	182
-0.036445986631397	0.737102462140653	43
-0.03974605937016	1.81170683880028	46
0.12013215405157	1.25718079558709	235
0.06404672032493	1.23833182694019	479
-0.082508124120625	0.884693017011681	479
-0.0432889332822301	0.345047173325076	615
0.0563721169038001	0.549683027568135	615
0.03230116897854	0.911423629192629	60
-0.070142920573239	1.0460942175221	60
-0.082614260148593	0.884686342578039	449
0.01582986430592	1.22326513572298	449
0.0442507952022	0.75417682170438	60
-0.031213465741009	0.894783796754406	60
0.01571760041628	1.22328489320777	60
-0.043773963352507	0.344930752421141	184
-0.036507992979954	0.73658698664204	457
-0.036552678625193	0.737010024602681	457
0.0440920117303101	0.753962957849965	719
-0.082559903611956	0.88467261828141	91
0.0818358498874101	1.08380771699508	91
0.05626488614213	0.549849792880685	52
0.05637163360447	0.549884852122293	52
-0.036621119907987	0.736743850951486	763
-0.031357752098785	0.894627010363366	763
0.05626488614213	0.549849792880685	4
0.0563721169038001	0.549683027568135	4
-0.036492238854222	0.737129368422307	43
0.01591103746029	1.22339368800932	411
0.0159309987277401	1.22329263546403	479
-0.0365606945846591	0.737033359814109	615
-0.070118331891034	1.04618174195779	449
-0.106982493438585	1.03969156702207	449
-0.101391466843945	0.723494902630146	60
-0.101563314968327	0.723471675074255	60
0.11235663897242	0.937208604735814	60
0.0443304262702799	0.75412128636301	149
0.05637106962915	0.549947620800554	96
-0.043773963352507	0.344930752421141	96
-0.044431024415727	0.344510645872178	96
0.03223474756332	0.911370242557373	457
-0.036377550744814	0.737032606359318	457
0.0819892717577699	1.08364678618671	91
-0.044088594342648	0.344573880945257	83
-0.07135504694871	0.545077172240108	182
-0.101570905004164	0.72345739395091	182
0.0819704741682901	1.08385911346014	182
-0.043459434457195	0.344960841267334	4
0.0445984367263701	0.754019514650505	43
-0.101735475346937	0.723119555449305	43
-0.0934278943936649	1.19627033035603	781
-0.025061273924285	2.44862129294842	53
0.07093168949402	1.70919538404561	235
0.12017577789329	1.25737545212184	116
-0.101660701233066	0.723330813645462	69
0.0440920117303101	0.753962957849965	411
0.02254486376266	1.06702666289685	479
0.03234137164476	0.91102544933558	615
0.11238584210836	0.937417194792886	149
-0.043603286547006	0.344907057276545	96
-0.071119688055949	0.545314341145758	184
0.0820402577239101	1.08405931812681	457
0.0441569944418201	0.754003890830394	719
0.0321422145261101	0.911241377499726	719
-0.10166827814355	0.723268328705126	91
-0.043773963352507	0.344930752421141	83
0.0564758165711701	0.549811713656465	763
-0.0365606945846591	0.737033359814109	763
-0.071006940147097	0.545364679729449	17
-0.101481160201522	0.723517076998338	763
-0.101465943068103	0.723499377018564	182
-0.106135950881277	1.64591897408466	46
-0.123909136907041	1.6429320490537	53
-0.071222132294741	0.545067781172208	411
0.03211615560474	0.911081852028009	479
0.03203665003496	0.910860397596398	615
0.02246457856493	1.06689134986402	60
0.0225478369252501	1.0667129967789	60
-0.0824524657821289	0.884501130739274	60
-0.082801944879033	0.88407528449703	60
-0.043603286547006	0.344907057276545	96
-0.071242537484796	0.545183921949788	184
-0.101555735739257	0.723439633854202	184
-0.036476151045358	0.737003004445714	457
-0.036514421905951	0.737033103872343	719
0.0441064110873299	0.753698616012232	719
-0.101586117473243	0.723276956405637	91
-0.031199159291512	0.894865284437944	91
0.0818868463887099	1.08367773089547	91
-0.070996620429515	0.54534639567847	52
-0.071232343712938	0.545207466605494	52
0.0564752088982301	0.549729892713676	17
-0.070883725911559	0.545396838220442	17
0.0321422145261101	0.911241377499726	763
-0.101570905004164	0.72345739395091	182
0.11237855832652	0.937463227606808	182
0.0564758165711701	0.549811713656465	410
-0.043944881346302	0.344844233810228	410
-0.098123292072593	1.79523066112591	46
-0.039762120844457	1.81160554157919	46
-0.10606095509961	1.64612896599544	561
0.0638654423074601	1.23830212241409	69
-0.025830041549697	1.21104012338943	479
0.04442439792067	0.754229357853164	615
-0.036514421905951	0.737033103872343	615
0.12023906966822	1.25762577397688	60
0.02262514402835	1.06701801940565	60
0.03204966774021	0.910969946338839	91
-0.071119688055949	0.545314341145758	184
-0.036377550744814	0.737032606359318	457
0.04417132370979	0.75412450860252	91
-0.03653044002489	0.737053210534985	91
-0.101570905004164	0.72345739395091	457
0.11244681567147	0.937407616180729	457
-0.071119688055949	0.545314341145758	719
0.0818125950202999	1.0837419748717	91
-0.031138605627173	0.894764321872648	91
-0.043773963352507	0.344930752421141	83
0.05637163360447	0.549884852122293	83
0.03239365501272	0.911359038493359	52
-0.071119688055949	0.545314341145758	763
0.11260056216583	0.937590941216586	763
0.0562656490431901	0.549859734255288	570
-0.070883725911559	0.545396838220442	182
0.0440776278483901	0.753951679336125	182
0.0442650852691	0.754232399790507	182
-0.043603286547006	0.344907057276545	4
0.03218127253685	0.911052508375353	43
0.0562663309454501	0.549797046240232	43
-0.0516165789541611	2.1107523726184	6
-0.044088594342648	0.344573880945257	285
-0.036637096058068	0.736684857359088	116
0.05637106962915	0.549947620800554	116
-0.026182635681567	1.21001570777877	479
-0.101660701233066	0.723330813645462	479
-0.071242537484796	0.545183921949788	615
0.04451843552852	0.75427672392129	615
-0.031259722162075	0.894867219943855	60
0.0156109029998499	1.2228385795836	449
0.0320626813968501	0.911019810572968	60
0.1203655832426	1.25783419731482	60
0.0562656490431901	0.549859734255288	70
0.03239365501272	0.911359038493359	60
-0.101481160201522	0.723517076998338	91
0.04417132370979	0.75412450860252	91
-0.106915905610062	1.03968562259535	457
-0.101548167322622	0.723359211386074	91
-0.082614260148593	0.884686342578039	91
-0.044088594342648	0.344573880945257	83
0.04434466175505	0.754284813205743	52
-0.101563314968327	0.723471675074255	763
0.11244681567147	0.937407616180729	763
-0.044259688427062	0.344597279041458	763
0.0442507952022	0.75417682170438	4
0.05615920010244	0.549561803212589	4
-0.07135504694871	0.545077172240108	4
-0.070883725911559	0.545396838220442	43
-0.043773963352507	0.344930752421141	615
-0.0825896459809911	0.884355604113174	60
-0.082559903611956	0.88467261828141	449
-0.101473546234521	0.723531388531303	60
0.0820169962102899	1.08405169334965	60
0.11256634242361	0.937710941311817	60
0.0440632594027199	0.753748211258075	60
-0.082587082885628	0.884702546982814	60
0.05637106962915	0.549947620800554	184
-0.082612983926298	0.884568233999964	457
-0.082506831039155	0.884712128619311	457
0.0820031417389	1.08402208373736	719
-0.071006940147097	0.545364679729449	91
0.11255166293503	0.937740334633732	91
0.04453259252245	0.754314244963196	763
-0.036492238854222	0.737129368422307	763
-0.071129935948653	0.54523415602611	17
0.05626693197811	0.549595337703117	17
-0.044088594342648	0.344573880945257	4
0.0562640421128799	0.549767797036242	4
-0.101660701233066	0.723330813645462	182
-0.071129935948653	0.54523415602611	43
0.05637106962915	0.549947620800554	116
0.11266385916294	0.937574051569259	116
0.1124541585777	0.937564150996836	70
0.03222171039443	0.911376016037499	60
-0.036454023593511	0.737152407988497	149
-0.036476151045358	0.737003004445714	545
0.0562656490431901	0.549859734255288	91
0.12030450224233	1.25745891425419	184
-0.101473546234521	0.723531388531303	184
-0.071467464463713	0.544905767686774	184
-0.10692229201844	1.03958489760579	184
-0.036461977062203	0.737057787372522	719
0.04418566840128	0.754070728099669	457
-0.071467464463713	0.544905767686774	91
0.0563721169038001	0.549683027568135	83
-0.036339293128223	0.736864720527171	52
-0.036522472713603	0.737109537115533	182
-0.07089409986287	0.545350618768897	4
-0.036598902361397	0.736897946780892	43
0.00961548577901006	1.53058971882436	46
-0.044116040951262	0.344654176637369	116
-0.03634735110308	0.736961016350349	411
0.05637106962915	0.549947620800554	615
-0.071589804215755	0.544608567691178	615
-0.070647158897952	0.545257926973393	615
-0.031525183603296	0.894056990506377	60
0.11256634242361	0.937710941311817	70
-0.031176028778409	0.894849317055589	60
-0.036522472713603	0.737109537115533	70
0.0440776278483901	0.753951679336125	545
-0.043944881346302	0.344844233810228	96
-0.071365168967766	0.54488630078218	96
-0.044116040951262	0.344654176637369	91
-0.031450244150027	0.894382250245405	184
-0.101458350708023	0.723418983530821	91
0.0157575076224801	1.22334718530484	457
0.11263885012019	0.93771101399471	91
-0.101481160201522	0.723517076998338	52
0.02265240382554	1.06700740870336	763
-0.036445986631397	0.737102462140653	763
-0.082694514705985	0.884519673248624	182
0.11253191126054	0.937495750855169	182
-0.043773963352507	0.344930752421141	4
-0.070996620429515	0.54534639567847	43
0.04417132370979	0.75412450860252	43
-0.0400633365160999	1.81012011930343	46
0.03827131031488	1.69470426930682	46
-0.043944881346302	0.344844233810228	285
-0.036454023593511	0.737152407988497	411
0.0441569944418201	0.754003890830394	411
-0.043944881346302	0.344844233810228	615
-0.071119688055949	0.545314341145758	615
-0.082612983926298	0.884568233999964	60
0.03203665003496	0.910860397596398	70
-0.027597243513091	1.05483487911551	60
0.1124541585777	0.937564150996836	60
-0.044431024415727	0.344510645872178	96
-0.0432889332822301	0.345047173325076	96
0.04451843552852	0.75427672392129	96
-0.043944881346302	0.344844233810228	96
-0.101376201845311	0.723477270342393	91
0.0441569944418201	0.754003890830394	184
-0.070996620429515	0.54534639567847	91
0.0157375554221	1.22334217495853	457
-0.101630501718341	0.723096466703535	52
-0.07087333435651	0.545221169055652	83
-0.044431024415727	0.344510645872178	83
0.11257366517831	0.937599599098464	763
0.0323544485726699	0.911205110641991	763
-0.10175810185148	0.72307499104243	763
0.11238584210836	0.937417194792886	182
-0.044431024415727	0.344510645872178	768
0.0563696991348801	0.549855793811326	4
0.05615920010244	0.549561803212589	43
-0.043944881346302	0.344844233810228	410
-0.020181336804058	1.52143470298435	46
-0.081541560529527	1.35297278859135	561
-0.070184005470795	1.04617082712758	3
0.05637106962915	0.549947620800554	116
-0.027660441355493	1.05466068289494	69
0.0563721169038001	0.549683027568135	411
-0.044431024415727	0.344510645872178	26
-0.031366545021736	0.894672147645549	60
0.03230116897854	0.911423629192629	60
0.1124541585777	0.937564150996836	60
-0.101473546234521	0.723531388531303	60
0.11255166293503	0.937740334633732	70
0.11226640810086	0.936890786977903	70
-0.044259688427062	0.344597279041458	96
-0.043944881346302	0.344844233810228	96
-0.044431024415727	0.344510645872178	91
0.0442650852691	0.754232399790507	91
-0.036582856574251	0.7368200202736	91
0.11228825202632	0.937145135717021	91
0.12017577789329	1.25737545212184	91
0.11246881043441	0.937662436095658	91
-0.0826401628661601	0.88459815617751	457
0.0322750548958599	0.911263981477454	91
0.11246881043441	0.937662436095658	91
-0.043944881346302	0.344844233810228	83
-0.036415794228469	0.737122253083976	763
0.05626693197811	0.549595337703117	763
0.11236395675142	0.937365047108194	763
0.0442650852691	0.754232399790507	17
-0.101458350708023	0.723418983530821	182
-0.0431186725812021	0.345023297855276	4
0.11255166293503	0.937740334633732	43
0.05637163360447	0.549884852122293	4
-0.071242537484796	0.545183921949788	43
0.0384886771511399	1.69561458389879	46
-0.025884661143204	1.21036129890697	46
0.0385190903919499	1.69554956187655	53
-0.101653135129711	0.72334506195932	116
-0.070077225424851	1.04610518450702	235
-0.082667339791759	0.884581953780753	116
-0.036629149696626	0.736798442331128	116
0.11254430621574	0.937658562049887	69
0.0439984206623001	0.753790274969522	775
-0.107029034734294	1.03963856948692	556
-0.027534068176969	1.05493761996588	60
-0.082720427178775	0.884412567880966	70
-0.043944881346302	0.344844233810228	91
-0.070996620429515	0.54534639567847	721
0.0819566225974699	1.08406505818642	91
-0.027619123996169	1.05477624341821	91
-0.071365168967766	0.54488630078218	91
-0.101578505841053	0.723394863993532	457
-0.031282850067381	0.894833241968667	457
0.0321422145261101	0.911241377499726	91
-0.071109422516136	0.545239423768143	83
0.0562640421128799	0.549767797036242	52
-0.025983131926571	1.21086133689734	182
-0.0432889332822301	0.345047173325076	768
-0.0432889332822301	0.345047173325076	768
-0.044259688427062	0.344597279041458	768
0.0443589125975701	0.754279565754827	43
0.05647678982563	0.549758738961787	4
-0.121137757291496	1.19225835694846	46
0.0820496622421601	1.08373019971202	46
-0.0825353000710391	0.884630729150845	561
0.12032416462092	1.25778427019312	116
0.03231421993805	0.911417879412006	69
0.05626488614213	0.549849792880685	775
-0.101473546234521	0.723531388531303	411
-0.0365606945846591	0.737033359814109	615
0.08196601341826	1.08382684186748	60
-0.101481160201522	0.723517076998338	60
-0.043773963352507	0.344930752421141	91
0.03202208642362	0.910503352500182	91
0.0442507952022	0.75417682170438	91
0.05615920010244	0.549561803212589	721
0.05637163360447	0.549884852122293	721
-0.07087333435651	0.545221169055652	91
0.04445280576643	0.754261634807508	91
-0.07147753247626	0.54477972387055	91
-0.082641435403759	0.884624051510388	91
-0.043773963352507	0.344930752421141	83
0.0444670327455901	0.753998678572659	763
-0.043773963352507	0.344930752421141	768
-0.044116040951262	0.344654176637369	768
0.0563721169038001	0.549683027568135	4
0.0443731788375501	0.754099794507054	43
-0.043459434457195	0.344960841267334	410
-0.0599046783012111	2.27995467886797	53
-0.090478180521784	1.94904027688782	561
-0.10166827814355	0.723268328705126	116
-0.101563314968327	0.723471675074255	69
0.0225190910678099	1.06703055372121	69
-0.031236594054134	0.894851243166186	411
0.0157436931063	1.22309328945108	411
0.12025867081795	1.25758380689059	479
-0.036582856574251	0.7368200202736	479
0.03195710721328	0.91053284243886	70
-0.071109422516136	0.545239423768143	70
0.11246149016777	0.937645880867221	60
0.0321422145261101	0.911241377499726	91
0.11254430621574	0.937658562049887	91
-0.101473546234521	0.723531388531303	457
0.04417132370979	0.75412450860252	83
0.05637106962915	0.549947620800554	83
0.0442650852691	0.754232399790507	83
0.05626488614213	0.549849792880685	83
-0.031380875427768	0.894642985006881	763
0.0443304262702799	0.75412128636301	763
0.11237855832652	0.937463227606808	763
-0.101458350708023	0.723418983530821	4
-0.071252713567035	0.54493642808036	768
-0.101481160201522	0.723517076998338	43
0.0442507952022	0.75417682170438	43
-0.101473546234521	0.723531388531303	43
0.06397666018782	1.23864783246621	781
0.0442650852691	0.754232399790507	775
-0.082427889447007	0.884581595836898	411
0.05647678982563	0.549758738961787	615
-0.043603286547006	0.344907057276545	615
-0.0432889332822301	0.345047173325076	615
0.0564752088982301	0.549729892713676	615
-0.036522472713603	0.737109537115533	615
0.03222171039443	0.911376016037499	60
-0.0707602929942051	0.545271715787203	70
0.0322086691734	0.911326076798724	70
-0.101563314968327	0.723471675074255	70
0.04461253916478	0.754259014192373	60
-0.03144146577512	0.894416666554646	60
0.0564758165711701	0.549811713656465	545
-0.043773963352507	0.344930752421141	545
-0.0365606945846591	0.737033359814109	184
-0.101660701233066	0.723330813645462	91
0.11238584210836	0.937417194792886	91
0.05637042484898	0.549937742703155	52
-0.071457378764343	0.544731695529714	83
-0.043773963352507	0.344930752421141	52
-0.101473546234521	0.723531388531303	52
0.05637163360447	0.549884852122293	17
-0.0825353000710391	0.884630729150845	763
0.11246149016777	0.937645880867221	43
0.0819798819994	1.08407267577228	182
0.0322086691734	0.911326076798724	4
0.05637042484898	0.549937742703155	4
-0.071344907241322	0.545035913914066	4
-0.043773963352507	0.344930752421141	43
-0.051656463637205	2.11103919994972	53
-0.096703347844068	2.29914717945263	53
-0.115949730594031	1.49614000974381	3
0.03223474756332	0.911370242557373	116
-0.082667339791759	0.884581953780753	411
-0.043603286547006	0.344907057276545	615
-0.07135504694871	0.545077172240108	615
-0.031418344819664	0.894400703459376	60
0.03219562389923	0.911216412299517	60
-0.043944881346302	0.344844233810228	721
-0.036552678625193	0.737010024602681	91
-0.082480946169443	0.884709227779637	457
0.11247611937041	0.937616420025001	91
-0.044431024415727	0.344510645872178	83
0.11226640810086	0.936890786977903	52
0.0440776278483901	0.753951679336125	17
0.0322750548958599	0.911263981477454	763
0.11256634242361	0.937710941311817	763
-0.071129935948653	0.54523415602611	763
-0.071129935948653	0.54523415602611	4
-0.044431024415727	0.344510645872178	768
0.0442650852691	0.754232399790507	43
0.0562663309454501	0.549797046240232	410
-0.094446155609043	2.11888940475476	53
-0.027577854710364	1.05476896214732	235
-0.036476151045358	0.737003004445714	116
-0.1017656656419	0.722957228514347	411
-0.031152898064982	0.894781886645523	411
-0.070397562678389	1.04552597342811	479
0.0563696991348801	0.549855793811326	615
-0.0933504822193441	1.19636194369359	556
-0.026023442511273	1.21074974660252	556
0.0819566225974699	1.08406505818642	70
-0.082642709056399	0.88438838545108	70
-0.071222132294741	0.545067781172208	70
0.11246881043441	0.937662436095658	70
-0.0825353000710391	0.884630729150845	70
-0.036492238854222	0.737129368422307	60
0.0563696991348801	0.549855793811326	149
-0.071242537484796	0.545183921949788	545
-0.031129767148704	0.894657982741038	91
-0.0707811670798	0.545205173335839	721
0.11255166293503	0.937740334633732	91
-0.044602602733049	0.34432064158674	83
-0.043773963352507	0.344930752421141	83
0.05626488614213	0.549849792880685	83
-0.044259688427062	0.344597279041458	17
0.03232726684426	0.91135634635286	43
0.05637106962915	0.549947620800554	768
0.0563696991348801	0.549855793811326	4
-0.101555735739257	0.723439633854202	43
-0.044259688427062	0.344597279041458	43
0.05637106962915	0.549947620800554	43
0.0440920117303101	0.753962957849965	43
-0.0813827610797791	1.3535487986697	46
-0.0432889332822301	0.345047173325076	285
0.12017359416185	1.25723463110226	69
-0.101465943068103	0.723499377018564	775
0.11255166293503	0.937740334633732	411
-0.027536633535741	1.05463181039566	411
-0.071222132294741	0.545067781172208	615
-0.0256971646544421	1.21090786511974	556
0.0820169962102899	1.08405169334965	556
-0.036492238854222	0.737129368422307	70
0.0561571934124001	0.549262539795133	70
0.0820773612946799	1.08391500988676	60
-0.043459434457195	0.344960841267334	96
0.04451843552852	0.75427672392129	91
-0.027470915365567	1.0549659670489	457
0.11256634242361	0.937710941311817	763
-0.101570905004164	0.72345739395091	763
-0.043773963352507	0.344930752421141	768
-0.043944881346302	0.344844233810228	43
-0.082803194307092	0.883695327888752	781
0.0819566225974699	1.08406505818642	116
-0.070996620429515	0.54534639567847	775
-0.070996620429515	0.54534639567847	615
-0.025956985223805	1.21088457221378	556
0.0819566225974699	1.08406505818642	60
-0.031245419726869	0.894745979958276	70
-0.082667339791759	0.884581953780753	60
-0.082667339791759	0.884581953780753	60
0.0561600813982901	0.549571799070062	96
0.0442650852691	0.754232399790507	91
0.05637042484898	0.549937742703155	721
0.08177180623792	1.08311460317718	91
-0.027701806748982	1.05442091155917	91
0.1203655832426	1.25783419731482	457
0.04445280576643	0.754261634807508	52
0.0564763435040401	0.549821521222389	410
-0.071119688055949	0.545314341145758	410
0.00545532936139992	2.44381917211168	6
0.0843649939137601	2.0199974245544	46
-0.0365606945846591	0.737033359814109	411
0.0224387963694599	1.06686892521899	556
0.04418566840128	0.754070728099669	70
-0.043944881346302	0.344844233810228	96
0.05637163360447	0.549884852122293	721
0.0561608815010499	0.549509252408709	721
0.01577745702024	1.22329990378456	91
0.03212918709089	0.911191470796257	91
0.0322086691734	0.911326076798724	91
-0.036445986631397	0.737102462140653	91
-0.036522472713603	0.737109537115533	457
-0.031282850067381	0.894833241968667	457
0.01567768197695	1.22300582951014	91
-0.043603286547006	0.344907057276545	83
-0.043459434457195	0.344960841267334	83
0.04417132370979	0.75412450860252	763
-0.043944881346302	0.344844233810228	4
-0.070883725911559	0.545396838220442	4
-0.043459434457195	0.344960841267334	4
-0.071119688055949	0.545314341145758	43
-0.044431024415727	0.344510645872178	410
0.05637042484898	0.549937742703155	410
0.05626488614213	0.549849792880685	410
-0.124064165451051	1.643237653701	46
-0.0619250953248161	1.20216991940453	46
-0.090396608212235	1.9497353115114	53
-0.017995321782373	1.6727907532255	53
0.0709131204371301	1.70907816172323	561
-0.101563314968327	0.723471675074255	116
0.03207569100603	0.911014000073039	116
0.05637042484898	0.549937742703155	411
0.0440776278483901	0.753951679336125	775
-0.101750548868484	0.723137417121878	411
-0.036492238854222	0.737129368422307	411
-0.043459434457195	0.344960841267334	615
-0.071119688055949	0.545314341145758	615
0.12025867081795	1.25758380689059	556
-0.070184005470795	1.04617082712758	556
-0.101563314968327	0.723471675074255	70
0.0562656490431901	0.549859734255288	545
-0.044259688427062	0.344597279041458	96
0.05637106962915	0.549947620800554	721
0.0563688923575001	0.549638324540131	721
-0.071119688055949	0.545314341145758	721
0.04418566840128	0.754070728099669	184
-0.036385573851383	0.737050648301604	184
-0.031329105280277	0.894606371874941	91
-0.070225110075706	1.04606157920864	457
-0.101570905004164	0.72345739395091	91
0.11235663897242	0.937208604735814	83
-0.043773963352507	0.344930752421141	83
-0.027575367622978	1.05484399731642	763
0.0442650852691	0.754232399790507	763
-0.043944881346302	0.344844233810228	768
-0.043459434457195	0.344960841267334	43
-0.101563314968327	0.723471675074255	781
-0.025916661430886	1.21099620291474	561
-0.101465943068103	0.723499377018564	116
-0.03144146577512	0.894416666554646	411
0.03211615560474	0.911081852028009	411
0.0562663309454501	0.549797046240232	775
0.04445280576643	0.754261634807508	70
0.03223474756332	0.911370242557373	70
0.0562663309454501	0.549797046240232	70
-0.071119688055949	0.545314341145758	149
0.05626488614213	0.549849792880685	545
-0.0432889332822301	0.345047173325076	96
0.11255166293503	0.937740334633732	91
0.1124541585777	0.937564150996836	184
-0.031259722162075	0.894867219943855	52
0.0440920117303101	0.753962957849965	17
-0.043603286547006	0.344907057276545	768
-0.071232343712938	0.545207466605494	4
-0.044431024415727	0.344510645872178	4
-0.082721687611745	0.884409022298023	43
-0.071242537484796	0.545183921949788	43
-0.044116040951262	0.344654176637369	410
0.0439984206623001	0.753790274969522	410
0.04320756956644	1.54262588498626	561
0.0089590551174501	1.6836550986533	561
0.11256634242361	0.937710941311817	116
0.0442793907465899	0.754117796960099	116
-0.036492238854222	0.737129368422307	775
0.08191949778297	1.08398924701774	411
0.12032416462092	1.25778427019312	411
-0.107049097525559	1.03963025554267	556
-0.070077225424851	1.04610518450702	556
0.0809483598207501	1.55680333743488	556
0.11227370074581	0.937047088395299	70
0.0320626813968501	0.911019810572968	70
-0.031236594054134	0.894851243166186	70
-0.031282850067381	0.894833241968667	149
-0.044116040951262	0.344654176637369	96
-0.071334749888631	0.54476348787635	91
0.12025867081795	1.25758380689059	457
0.02238428843625	1.06661774607404	91
-0.036514421905951	0.737033103872343	52
0.0562640421128799	0.549767797036242	52
-0.101458350708023	0.723418983530821	17
0.0638699007018799	1.23840753304936	182
-0.071242537484796	0.545183921949788	4
-0.043459434457195	0.344960841267334	4
0.03198311103073	0.910692101165881	4
-0.071365168967766	0.54488630078218	4
0.05637163360447	0.549884852122293	43
-0.071252713567035	0.54493642808036	410
-0.065661808091081	1.65614238795742	53
0.0431526928374899	1.54198400568998	46
-0.070114409877059	1.04587389329533	479
0.04301932765826	1.54212214058926	556
-0.031092339574569	0.894680981991094	70
-0.101555735739257	0.723439633854202	70
0.11254430621574	0.937658562049887	70
0.0322086691734	0.911326076798724	149
0.0562656490431901	0.549859734255288	545
-0.0432889332822301	0.345047173325076	96
-0.101555735739257	0.723439633854202	91
-0.043773963352507	0.344930752421141	721
0.0443589125975701	0.754279565754827	721
-0.101735475346937	0.723119555449305	91
0.0323544485726699	0.911205110641991	91
0.05626488614213	0.549849792880685	52
0.0561600813982901	0.549571799070062	17
-0.036629149696626	0.736798442331128	17
-0.036454023593511	0.737152407988497	17
-0.0432889332822301	0.345047173325076	570
-0.082585802969243	0.884489794876882	182
-0.071365168967766	0.54488630078218	4
-0.036514421905951	0.737033103872343	43
0.10797741413669	2.48722157281096	53
-0.043459434457195	0.344960841267334	615
-0.031305977772603	0.894747914864557	70
-0.036514421905951	0.737033103872343	70
0.11256634242361	0.937710941311817	60
0.0563696991348801	0.549855793811326	545
-0.044259688427062	0.344597279041458	96
-0.071006940147097	0.545364679729449	721
0.0564763435040401	0.549821521222389	721
-0.031380875427768	0.894642985006881	457
-0.071242537484796	0.545183921949788	763
0.05637163360447	0.549884852122293	52
0.11255900834009	0.937756926523111	763
-0.0365606945846591	0.737033359814109	9
0.0443731788375501	0.754099794507054	17
-0.101653135129711	0.72334506195932	17
-0.0275316296236881	1.05471170220811	43
-0.031357752098785	0.894627010363366	43
0.05637042484898	0.549937742703155	4
-0.070996620429515	0.54534639567847	4
0.0563721169038001	0.549683027568135	43
-0.071232343712938	0.545207466605494	43
0.0563721169038001	0.549683027568135	43
0.02306825351639	2.44856351351226	53
-0.107718004857252	2.12345462745155	53
0.1124834169686	0.937505053006876	116
0.01112737245094	1.3760722150966	69
-0.0365606945846591	0.737033359814109	411
-0.044431024415727	0.344510645872178	615
-0.071109422516136	0.545239423768143	615
0.0820264018188499	1.08391026580736	70
0.0820635195696999	1.08400874146865	70
-0.082612983926298	0.884568233999964	70
-0.027597243513091	1.05483487911551	149
-0.101555735739257	0.723439633854202	91
-0.027577854710364	1.05476896214732	91
-0.043773963352507	0.344930752421141	83
-0.070996620429515	0.54534639567847	52
0.0820031417389	1.08402208373736	763
-0.070883725911559	0.545396838220442	17
-0.044116040951262	0.344654176637369	4
-0.071119688055949	0.545314341145758	43
0.0562663309454501	0.549797046240232	410
0.0497872177004799	2.1492013431313	561
-0.0276823113575591	1.05460207705216	411
0.11246149016777	0.937645880867221	411
0.0442793907465899	0.754117796960099	615
-0.10692229201844	1.03958489760579	60
-0.08277352230277	0.88417047151083	70
0.0819333635302699	1.08399928718163	70
-0.101473546234521	0.723531388531303	60
0.0562640421128799	0.549767797036242	272
0.0223599558161001	1.06642160349613	457
-0.027490300019446	1.05490633643062	91
-0.036544579094988	0.736843119096666	91
-0.101488784963315	0.72345451589888	763
-0.03144146577512	0.894416666554646	9
0.0564763435040401	0.549821521222389	17
0.0818497268957901	1.08378906785201	9
0.0320626813968501	0.911019810572968	9
-0.071232343712938	0.545207466605494	17
0.0322881139647699	0.911373667372357	43
-0.101743006698458	0.723151630240779	43
0.11240037562521	0.937119290552478	43
-0.071242537484796	0.545183921949788	4
0.04417132370979	0.75412450860252	4
-0.07135504694871	0.545077172240108	4
0.0442793907465899	0.754117796960099	43
-0.044259688427062	0.344597279041458	410
-0.036598902361397	0.736897946780892	43
0.04309678792554	1.54243303259698	561
0.05615920010244	0.549561803212589	116
0.06384942438567	1.23825867704684	69
-0.025876347441613	1.21091120352223	69
-0.036476151045358	0.737003004445714	411
0.0440776278483901	0.753951679336125	716
-0.036506287455963	0.736813071274867	716
0.04417132370979	0.75412450860252	70
0.0562656490431901	0.549859734255288	70
0.02241154137659	1.06677223909026	70
-0.027616715127442	1.05462935242831	70
0.0109971292892199	1.37557522246294	70
-0.03140399854422	0.89460902425551	149
0.03203665003496	0.910860397596398	149
0.05637163360447	0.549884852122293	272
-0.101555735739257	0.723439633854202	91
0.0323403096981401	0.911234857602017	91
0.0820402577239101	1.08405931812681	91
-0.0432889332822301	0.345047173325076	184
0.0443304262702799	0.75412128636301	184
0.04443859417144	0.754332078234377	91
0.0818729835199301	1.0839158727603	457
0.03226080974875	0.911187169845164	457
-0.03125091644282	0.894584091745297	91
-0.0313202942154019	0.894791434390984	91
-0.082746346038195	0.884186672243287	91
0.0562656490431901	0.549859734255288	83
0.05615920010244	0.549561803212589	763
-0.036454023593511	0.737152407988497	763
0.04453259252245	0.754314244963196	43
0.0564763435040401	0.549821521222389	43
-0.043944881346302	0.344844233810228	4
-0.043944881346302	0.344844233810228	4
-0.043603286547006	0.344907057276545	410
-0.105075900507652	1.95157908208523	53
-0.118777244315799	1.95443470535904	53
0.0112359627702101	1.37620291515356	561
0.09701305323353	1.40787681640597	3
-0.093538414197899	1.19598296182235	3
0.04434466175505	0.754284813205743	116
-0.043944881346302	0.344844233810228	615
0.0321552379114201	0.911235583775859	60
-0.031092339574569	0.894680981991094	60
-0.036461977062203	0.737057787372522	70
-0.101743006698458	0.723151630240779	70
0.03240671571427	0.911297550919524	70
-0.036454023593511	0.737152407988497	60
-0.027575367622978	1.05484399731642	60
0.0439984206623001	0.753790274969522	545
-0.071242537484796	0.545183921949788	149
-0.071109422516136	0.545239423768143	91
-0.036538323987392	0.736846326547514	91
-0.082508124120625	0.884693017011681	457
0.11246881043441	0.937662436095658	457
-0.043773963352507	0.344930752421141	91
-0.070996620429515	0.54534639567847	817
-0.071232343712938	0.545207466605494	591
0.0818962404813699	1.08398163423465	763
-0.082588363856588	0.88466355355712	9
0.0322477806810699	0.911308684661655	17
-0.07135504694871	0.545077172240108	43
-0.036415794228469	0.737122253083976	43
0.0322086691734	0.911326076798724	43
-0.071119688055949	0.545314341145758	43
-0.036590921217337	0.736933842807329	43
-0.071006940147097	0.545364679729449	43
-0.0473978824667301	1.51374079663468	3
0.00548352056647006	1.97762197215449	3
0.03207569100603	0.911014000073039	69
0.0225978862785401	1.0669755162005	69
0.12032416462092	1.25778427019312	716
-0.071119688055949	0.545314341145758	716
-0.036461977062203	0.737057787372522	70
-0.031199159291512	0.894865284437944	70
0.02254635039986	1.06701992887898	60
-0.071109422516136	0.545239423768143	149
0.11260056216583	0.937590941216586	149
0.05626488614213	0.549849792880685	184
-0.070245669769218	1.04593441128583	91
-0.0824796494171151	0.884633676821758	457
0.11255166293503	0.937740334633732	91
0.03247305276511	0.911071931077737	91
0.05637042484898	0.549937742703155	820
0.0321552379114201	0.911235583775859	91
0.05626488614213	0.549849792880685	817
-0.036454023593511	0.737152407988497	91
-0.101645579839088	0.723312999645903	763
-0.101675865855475	0.723150480152216	763
-0.101660701233066	0.723330813645462	763
0.0226266424522299	1.06699363596241	763
-0.082614260148593	0.884686342578039	9
-0.071242537484796	0.545183921949788	17
-0.071232343712938	0.545207466605494	43
0.05637106962915	0.549947620800554	116
-0.070996620429515	0.54534639567847	615
-0.027577854710364	1.05476896214732	716
0.04453259252245	0.754314244963196	60
0.0820635195696999	1.08400874146865	60
0.03244689158587	0.911027659557103	149
0.03232726684426	0.91135634635286	149
0.0439984206623001	0.753790274969522	272
-0.036445986631397	0.737102462140653	184
-0.08277352230277	0.88417047151083	91
0.0442000285553601	0.753745591329173	91
-0.0432889332822301	0.345047173325076	820
-0.03656862711982	0.736917816316698	820
0.0561582374837899	0.549479838139215	91
0.11254430621574	0.937658562049887	91
-0.036484236733938	0.737132596613881	817
0.08194275542764	1.08393865490821	91
0.03211615560474	0.911081852028009	763
-0.036445986631397	0.737102462140653	763
0.11256634242361	0.937710941311817	591
0.03231421993805	0.911417879412006	9
-0.071232343712938	0.545207466605494	43
-0.071017242216908	0.545220013672355	43
-0.082693250585991	0.884428769024171	43
0.08191010479496	1.08387246777139	43
0.05637163360447	0.549884852122293	410
0.05637106962915	0.549947620800554	410
-0.107008974572669	1.03960342014187	467
-0.101645579839088	0.723312999645903	69
0.04417132370979	0.75412450860252	411
0.0224933125245399	1.06690079768204	69
0.11237855832652	0.937463227606808	411
0.04417132370979	0.75412450860252	411
-0.0365606945846591	0.737033359814109	411
0.11237855832652	0.937463227606808	411
-0.036431687353034	0.736798247243143	70
0.0225176082995899	1.06692995816121	70
-0.101578505841053	0.723394863993532	70
-0.027745521212531	1.0543532544445	60
0.05637163360447	0.549884852122293	70
0.0820169962102899	1.08405169334965	70
-0.07020455530967	1.04613960732077	60
-0.101301824949274	0.723297254627533	149
-0.036506287455963	0.736813071274867	149
-0.0364237824996561	0.737080806847057	272
-0.071129935948653	0.54523415602611	91
-0.082612983926298	0.884568233999964	91
0.04461253916478	0.754259014192373	184
-0.031222289606827	0.894831303474498	91
-0.027599754866535	1.05460350186192	457
-0.036621119907987	0.736743850951486	91
0.0441569944418201	0.754003890830394	91
-0.036552678625193	0.737010024602681	591
0.11264915203471	0.937731269932564	591
-0.071232343712938	0.545207466605494	591
-0.03653044002489	0.737053210534985	763
-0.070996620429515	0.54534639567847	43
-0.101570905004164	0.72345739395091	43
-0.101496420514043	0.723336576315312	43
-0.0432889332822301	0.345047173325076	4
-0.070996620429515	0.54534639567847	4
-0.071119688055949	0.545314341145758	43
-0.071467464463713	0.544905767686774	43
-0.043944881346302	0.344844233810228	410
-0.036598902361397	0.736897946780892	116
0.0562640421128799	0.549767797036242	116
-0.02740778509701	1.05490897335387	69
-0.036461977062203	0.737057787372522	615
-0.0432889332822301	0.345047173325076	26
-0.082559903611956	0.88467261828141	556
0.12030233812361	1.25777863394742	70
0.0442650852691	0.754232399790507	70
0.03203665003496	0.910860397596398	60
0.04418566840128	0.754070728099669	70
-0.036415794228469	0.737122253083976	149
-0.071006940147097	0.545364679729449	149
0.0322750548958599	0.911263981477454	149
-0.036454023593511	0.737152407988497	149
-0.070184005470795	1.04617082712758	91
-0.0365606945846591	0.737033359814109	91
-0.07147753247626	0.54477972387055	91
-0.031297168502227	0.894775455345156	91
0.03216825724796	0.911174017936091	91
-0.036500157553343	0.736981665988245	591
-0.0364237824996561	0.737080806847057	43
0.0562656490431901	0.549859734255288	43
-0.070883725911559	0.545396838220442	43
-0.043773963352507	0.344930752421141	4
-0.043773963352507	0.344930752421141	410
-0.044259688427062	0.344597279041458	116
0.0440776278483901	0.753951679336125	411
0.04443859417144	0.754332078234377	411
-0.082694514705985	0.884519673248624	70
-0.101481160201522	0.723517076998338	70
-0.036606800153286	0.7367047449008	70
-0.101743006698458	0.723151630240779	60
0.0226266424522299	1.06699363596241	91
0.12045065325593	1.2577869796241	91
0.04417132370979	0.75412450860252	91
-0.036484236733938	0.737132596613881	91
0.11270749511117	0.937419345860646	591
-0.101481160201522	0.723517076998338	591
-0.082427889447007	0.884581595836898	591
-0.071467464463713	0.544905767686774	591
-0.070294896612079	1.04592802965751	9
0.0563696991348801	0.549855793811326	4
-0.017969980127957	1.67307951722182	416
-0.018061394574416	1.67298364291252	3
0.0321422145261101	0.911241377499726	467
0.11237126320517	0.937446712499808	411
-0.043773963352507	0.344930752421141	26
-0.036514421905951	0.737033103872343	556
0.02254486376266	1.06702666289685	556
0.0225993808360401	1.06705854609469	60
-0.082667339791759	0.884581953780753	70
0.0442507952022	0.75417682170438	70
-0.0432889332822301	0.345047173325076	96
-0.0313115047927131	0.894435702761685	91
-0.101847976944587	0.722800095652409	184
-0.027490300019446	1.05490633643062	184
0.05637042484898	0.549937742703155	17
-0.071242537484796	0.545183921949788	43
0.11255900834009	0.937756926523111	43
0.05647678982563	0.549758738961787	43
0.05637106962915	0.549947620800554	410
0.05637042484898	0.549937742703155	116
-0.0432889332822301	0.345047173325076	285
-0.031297168502227	0.894775455345156	69
-0.070356481488058	1.0458337869089	69
0.0818868463887099	1.08367773089547	90
0.04434466175505	0.754284813205743	411
-0.027721384846678	1.05395389799069	556
0.0638699007018799	1.23840753304936	60
0.04443859417144	0.754332078234377	70
0.11267119574035	0.937387568080163	70
0.0819798819994	1.08407267577228	70
0.11246881043441	0.937662436095658	70
-0.07089409986287	0.545350618768897	149
0.0564763435040401	0.549821521222389	272
-0.043459434457195	0.344960841267334	96
0.0441569944418201	0.754003890830394	91
-0.101578505841053	0.723394863993532	91
0.11265651125862	0.93768533175143	91
-0.044116040951262	0.344654176637369	91
0.0440632594027199	0.753748211258075	91
0.0322477806810699	0.911308684661655	91
0.11238584210836	0.937417194792886	91
-0.082776027409413	0.884015175946445	9
0.02243732538821	1.0667368304008	87
-0.036492238854222	0.737129368422307	4
-0.071119688055949	0.545314341145758	43
-0.036407722391707	0.737012836381491	43
-0.07135504694871	0.545077172240108	43
0.09213972262559	2.32402403812474	3
-0.09009488677193	1.95057569187411	3
-0.047363484676763	1.5138875543207	467
0.0509409037237201	1.38974509840069	467
-0.036415794228469	0.737122253083976	411
-0.107168854837646	1.03884683123568	90
-0.027512181800937	1.05494675562188	556
-0.082558619992067	0.884357271422964	60
0.08084337614535	1.5567802563291	60
-0.101743006698458	0.723151630240779	60
-0.036651290642118	0.736369859733682	70
0.05637163360447	0.549884852122293	70
-0.101570905004164	0.72345739395091	60
-0.071242537484796	0.545183921949788	70
-0.036492238854222	0.737129368422307	70
-0.101555735739257	0.723439633854202	70
-0.071232343712938	0.545207466605494	149
-0.071119688055949	0.545314341145758	149
-0.101473546234521	0.723531388531303	91
0.0323663832530601	0.91075477808118	620
-0.082695779902199	0.884348888839568	91
-0.036613006546437	0.73644598201779	91
0.03204966774021	0.910969946338839	457
-0.101586117473243	0.723276956405637	91
-0.036500157553343	0.736981665988245	91
0.05647678982563	0.549758738961787	684
-0.07135504694871	0.545077172240108	684
0.0323533485007299	0.911042906543845	763
0.11237855832652	0.937463227606808	591
-0.071344907241322	0.545035913914066	591
-0.101660701233066	0.723330813645462	9
-0.036629149696626	0.736798442331128	17
-0.043773963352507	0.344930752421141	17
0.05637042484898	0.549937742703155	43
-0.071119688055949	0.545314341145758	43
0.05615920010244	0.549561803212589	43
0.05615920010244	0.549561803212589	410
0.0238922278031299	2.28767661344985	53
-0.080290022015201	1.7989982233178	53
-0.031282850067381	0.894833241968667	467
-0.082695779902199	0.884348888839568	411
-0.071232343712938	0.545207466605494	615
-0.082561188256011	0.884725847367179	60
-0.070335948275192	1.0459117599615	60
-0.082641435403759	0.884624051510388	70
-0.101383828947527	0.723509241619784	70
-0.031199159291512	0.894865284437944	70
0.09671289632181	1.40713772179292	60
0.0564752088982301	0.549729892713676	96
-0.043459434457195	0.344960841267334	96
-0.036492238854222	0.737129368422307	91
-0.101391466843945	0.723494902630146	91
-0.036500157553343	0.736981665988245	91
-0.036415794228469	0.737122253083976	91
-0.043773963352507	0.344930752421141	684
0.0564763435040401	0.549821521222389	684
0.0562656490431901	0.549859734255288	591
-0.082667339791759	0.884581953780753	43
-0.070996620429515	0.54534639567847	4
0.0561600813982901	0.549571799070062	4
0.11254430621574	0.937658562049887	43
0.04443859417144	0.754332078234377	43
0.0969127080746199	1.40741237437167	416
0.1124541585777	0.937564150996836	411
-0.070770738838821	0.54538288874509	717
-0.101735475346937	0.723119555449305	60
-0.106835614353616	1.03945172403695	60
-0.036415794228469	0.737122253083976	70
-0.070492218578018	1.04506667149448	70
-0.101481160201522	0.723517076998338	149
0.05637042484898	0.549937742703155	96
0.0443589125975701	0.754279565754827	620
0.11255900834009	0.937756926523111	91
-0.036431687353034	0.736798247243143	91
-0.101645579839088	0.723312999645903	91
-0.082694514705985	0.884519673248624	91
-0.0276823113575591	1.05460207705216	91
0.0442507952022	0.75417682170438	91
0.11255900834009	0.937756926523111	91
0.0564752088982301	0.549729892713676	684
-0.036415794228469	0.737122253083976	9
-0.036507992979954	0.73658698664204	9
-0.0432889332822301	0.345047173325076	17
-0.031199159291512	0.894865284437944	43
-0.043944881346302	0.344844233810228	43
-0.039342136812519	2.45054020607548	53
0.10700011772705	1.72523438546862	416
-0.106956067108324	1.03953739065545	90
-0.043944881346302	0.344844233810228	717
0.04418566840128	0.754070728099669	70
-0.036431687353034	0.736798247243143	70
0.0818497268957901	1.08378906785201	91
-0.107155837359721	1.03935934976629	91
0.0561600813982901	0.549571799070062	91
0.11247611937041	0.937616420025001	91
0.0224660534177801	1.06691141992885	91
-0.071119688055949	0.545314341145758	591
-0.071109422516136	0.545239423768143	591
-0.044088594342648	0.344573880945257	591
0.03230116897854	0.911423629192629	9
0.05637163360447	0.549884852122293	17
0.0323533485007299	0.911042906543845	9
-0.07089409986287	0.545350618768897	17
-0.0432889332822301	0.345047173325076	4
0.0442365205063799	0.75394829804571	4
0.04434466175505	0.754284813205743	43
0.05637106962915	0.549947620800554	410
0.05637106962915	0.549947620800554	410
-0.044088594342648	0.344573880945257	285
-0.070996620429515	0.54534639567847	411
-0.062055351065708	1.20192457289589	463
-0.043603286547006	0.344907057276545	26
-0.0436301765277211	0.34477098044816	615
-0.043603286547006	0.344907057276545	717
0.0440776278483901	0.753951679336125	70
-0.027344677389078	1.05473776181023	70
0.11256634242361	0.937710941311817	70
-0.0432889332822301	0.345047173325076	96
0.05637106962915	0.549947620800554	620
-0.101391466843945	0.723494902630146	91
-0.071242537484796	0.545183921949788	91
-0.101525527003474	0.722628439498159	91
0.06384499251049	1.23832529854286	91
-0.027575367622978	1.05484399731642	91
0.08191010479496	1.08387246777139	91
0.08194275542764	1.08393865490821	91
-0.071222132294741	0.545067781172208	91
-0.0313379383040709	0.893576014355297	591
-0.082614260148593	0.884686342578039	591
-0.071344907241322	0.545035913914066	591
0.03212918709089	0.911191470796257	43
-0.07135504694871	0.545077172240108	43
-0.071109422516136	0.545239423768143	43
0.01134455567586	1.37604473683741	169
-0.114648749758821	1.79349458508948	53
-0.082614260148593	0.884686342578039	69
-0.101376201845311	0.723477270342393	411
-0.082453766214625	0.884679315027962	411
0.0638040775754301	1.23820336293762	90
0.05647678982563	0.549758738961787	158
-0.081406139990575	1.35353694103162	60
-0.031418344819664	0.894400703459376	60
0.0564758165711701	0.549811713656465	70
-0.101660701233066	0.723330813645462	70
0.11247611937041	0.937616420025001	70
0.0156308562804	1.22300656555389	60
-0.036598902361397	0.736897946780892	620
0.05637163360447	0.549884852122293	620
-0.101450769160013	0.723282904851052	91
0.11256634242361	0.937710941311817	91
-0.101555735739257	0.723439633854202	91
-0.031357752098785	0.894627010363366	91
-0.0432889332822301	0.345047173325076	684
0.05615920010244	0.549561803212589	684
-0.071006940147097	0.545364679729449	684
0.05637106962915	0.549947620800554	17
0.02254635039986	1.06701992887898	17
-0.082720427178775	0.884412567880966	87
-0.043773963352507	0.344930752421141	4
-0.036538323987392	0.736846326547514	4
0.05637042484898	0.549937742703155	410
0.0341545787778299	1.84382167654368	169
-0.030461583801636	2.27586215166279	53
0.04443859417144	0.754332078234377	90
-0.025942831114434	1.21077632444477	556
0.0441064110873299	0.753698616012232	70
-0.101481160201522	0.723517076998338	70
-0.03138967012002	0.894530621309699	70
-0.03125091644282	0.894584091745297	149
-0.043773963352507	0.344930752421141	272
0.0442507952022	0.75417682170438	96
-0.036415794228469	0.737122253083976	91
0.11244681567147	0.937407616180729	91
-0.082694514705985	0.884519673248624	91
-0.101743006698458	0.723151630240779	91
0.02259639146419	1.06655564158651	91
-0.036415794228469	0.737122253083976	91
0.03222171039443	0.911376016037499	591
0.04417132370979	0.75412450860252	591
0.12032630355578	1.25727339496638	591
-0.036514421905951	0.737033103872343	9
-0.036415794228469	0.737122253083976	17
0.0564758165711701	0.549811713656465	17
0.04442439792067	0.754229357853164	43
0.0439984206623001	0.753790274969522	4
-0.115621657601256	1.49764651849179	416
0.00490264894792003	2.43926484633408	832
0.12043108103579	1.25766742087765	69
0.10700011772705	1.72523438546862	90
0.05637106962915	0.549947620800554	717
-0.043459434457195	0.344960841267334	717
-0.101368585543135	0.7233969304341	60
-0.043459434457195	0.344960841267334	96
-0.071129935948653	0.54523415602611	96
0.0818497268957901	1.08378906785201	91
-0.036454023593511	0.737152407988497	91
0.05637106962915	0.549947620800554	620
0.0443304262702799	0.75412128636301	91
0.02246457856493	1.06689134986402	91
0.0819704741682901	1.08385911346014	91
0.04398399761367	0.75369610299678	91
-0.03656862711982	0.736917816316698	91
0.05637106962915	0.549947620800554	591
-0.071365168967766	0.54488630078218	591
-0.071242537484796	0.545183921949788	591
-0.082855038996817	0.8838333564631	9
0.08191949778297	1.08398924701774	87
0.0442650852691	0.754232399790507	87
-0.044259688427062	0.344597279041458	43
0.05626488614213	0.549849792880685	4
0.05626488614213	0.549849792880685	43
0.04434466175505	0.754284813205743	43
-0.044431024415727	0.344510645872178	410
-0.115736618270097	1.49722178476711	3
0.02307699777763	2.44785556109663	3
-0.0432889332822301	0.345047173325076	285
-0.101376201845311	0.723477270342393	411
0.0820635195696999	1.08400874146865	90
0.0564763435040401	0.549821521222389	615
0.05626488614213	0.549849792880685	615
0.03247305276511	0.911071931077737	556
0.02246457856493	1.06689134986402	60
-0.0313202942154019	0.894791434390984	188
-0.07135504694871	0.545077172240108	96
-0.044431024415727	0.344510645872178	96
0.11263885012019	0.93771101399471	91
0.03231421993805	0.911417879412006	620
0.04418566840128	0.754070728099669	91
-0.036461977062203	0.737057787372522	91
0.11265651125862	0.93768533175143	91
0.11266385916294	0.937574051569259	371
0.0443589125975701	0.754279565754827	371
-0.101578505841053	0.723394863993532	91
-0.101653135129711	0.72334506195932	91
0.03232726684426	0.91135634635286	591
-0.101301824949274	0.723297254627533	591
0.0321825745709901	0.911036740652747	43
-0.036552678625193	0.737010024602681	43
-0.043603286547006	0.344907057276545	43
-0.120965731492877	1.19277287665804	3
0.0442937116739399	0.753727567512307	467
0.03212918709089	0.911191470796257	69
-0.023538463029037	1.36616140050926	69
0.0510711942304001	1.38978711289482	90
-0.031464586513018	0.894382720035318	90
0.0321552379114201	0.911235583775859	91
-0.071344907241322	0.545035913914066	620
-0.027470915365567	1.0549659670489	371
-0.036637096058068	0.736684857359088	91
-0.036415794228469	0.737122253083976	91
-0.027536633535741	1.05463181039566	43
0.0564763435040401	0.549821521222389	410
-0.054031512064863	1.35847940130731	69
-0.043773963352507	0.344930752421141	331
-0.071344907241322	0.545035913914066	331
0.02249183379048	1.06698805226884	69
0.11237126320517	0.937446712499808	90
-0.071109422516136	0.545239423768143	615
-0.101653135129711	0.72334506195932	60
-0.031282850067381	0.894833241968667	149
0.04417132370979	0.75412450860252	149
-0.0431186725812021	0.345023297855276	96
-0.031236594054134	0.894851243166186	91
-0.071232343712938	0.545207466605494	620
-0.036492238854222	0.737129368422307	91
0.02246457856493	1.06689134986402	91
-0.101555735739257	0.723439633854202	91
-0.043944881346302	0.344844233810228	684
-0.071119688055949	0.545314341145758	17
-0.031352232592918	0.894397866217944	17
-0.027597243513091	1.05483487911551	87
-0.031213465741009	0.894783796754406	87
-0.070229167374276	1.04607476578153	87
-0.071365168967766	0.54488630078218	4
-0.043773963352507	0.344930752421141	4
0.05647678982563	0.549758738961787	43
-0.036415794228469	0.737122253083976	43
-0.044431024415727	0.344510645872178	331
-0.0826686086539969	0.884513381069642	90
-0.027701806748982	1.05442091155917	90
-0.023615892360623	1.3659209073729	556
0.0641534760310101	1.23835891427616	60
-0.101570905004164	0.72345739395091	60
0.05626488614213	0.549849792880685	272
-0.043459434457195	0.344960841267334	96
0.05637163360447	0.549884852122293	620
-0.036598902361397	0.736897946780892	91
-0.101653135129711	0.72334506195932	91
0.0968131370208101	1.4076018643672	371
-0.10144319842978	0.723072032121833	91
-0.036500157553343	0.736981665988245	91
0.03230116897854	0.911423629192629	91
0.0564763435040401	0.549821521222389	684
0.05637163360447	0.549884852122293	591
0.03198311103073	0.910692101165881	9
0.05637106962915	0.549947620800554	9
0.05637042484898	0.549937742703155	43
0.03203665003496	0.910860397596398	43
-0.10166827814355	0.723268328705126	43
-0.031450244150027	0.894382250245405	69
-0.071344907241322	0.545035913914066	90
0.0442507952022	0.75417682170438	90
-0.101473546234521	0.723531388531303	70
-0.101653135129711	0.72334506195932	70
0.11260056216583	0.937590941216586	60
-0.036582856574251	0.7368200202736	149
-0.0432889332822301	0.345047173325076	96
-0.071006940147097	0.545364679729449	620
-0.036659369110434	0.736608498678328	620
-0.036522472713603	0.737109537115533	620
0.11238584210836	0.937417194792886	620
0.02254486376266	1.06702666289685	371
-0.027363974963052	1.05487778626332	371
0.0967995767973699	1.40754008804366	371
-0.082614260148593	0.884686342578039	91
-0.043459434457195	0.344960841267334	684
-0.044431024415727	0.344510645872178	684
0.0564752088982301	0.549729892713676	684
-0.036445986631397	0.737102462140653	591
0.0225176082995899	1.06692995816121	591
0.0225993808360401	1.06705854609469	9
-0.043773963352507	0.344930752421141	17
0.0562663309454501	0.549797046240232	17
0.0227054193609699	1.06683863781753	87
-0.03656862711982	0.736917816316698	43
-0.101563314968327	0.723471675074255	43
-0.106006950022614	1.34953533111113	169
0.11253191126054	0.937495750855169	90
-0.101586117473243	0.723276956405637	90
-0.0436301765277211	0.34477098044816	26
0.11265651125862	0.93768533175143	60
0.10695423091306	1.72516919636907	556
0.09688625238475	1.40778530300766	60
0.11249070322188	0.937318472384691	391
0.0225978862785401	1.0669755162005	60
-0.0277892540370051	1.05407811018233	70
0.08191010479496	1.08387246777139	60
0.0563696991348801	0.549855793811326	272
0.01580433945138	1.22343107106307	91
-0.082612983926298	0.884568233999964	91
0.0820264018188499	1.08391026580736	214
-0.070996620429515	0.54534639567847	371
0.0817754508413	1.08353682191244	91
0.09684612039351	1.40741727918137	91
-0.031236594054134	0.894851243166186	91
-0.0436301765277211	0.34477098044816	684
-0.07147753247626	0.54477972387055	684
-0.031115472698623	0.894748372952573	91
0.03222171039443	0.911376016037499	591
-0.031259722162075	0.894867219943855	591
-0.0432889332822301	0.345047173325076	17
-0.036484236733938	0.737132596613881	17
-0.07089409986287	0.545350618768897	43
-0.082615537455758	0.88455288039271	43
0.11263885012019	0.93771101399471	43
-0.095265918408741	2.11764364528942	274
-0.123941368743849	1.64281816402919	53
-0.016861536896403	1.96790399930248	3
-0.121099025938891	1.19243424111795	90
-0.071109422516136	0.545239423768143	615
-0.036500157553343	0.736981665988245	60
0.03207569100603	0.911014000073039	70
0.05637106962915	0.549947620800554	149
-0.071365168967766	0.54488630078218	96
-0.036598902361397	0.736897946780892	188
-0.044088594342648	0.344573880945257	96
0.11255900834009	0.937756926523111	91
0.0322477806810699	0.911308684661655	214
-0.071119688055949	0.545314341145758	91
0.04442439792067	0.754229357853164	91
-0.036407722391707	0.737012836381491	91
-0.036492238854222	0.737129368422307	818
-0.10153306294916	0.723012204815781	684
-0.082693250585991	0.884428769024171	9
-0.036454023593511	0.737152407988497	43
-0.036637096058068	0.736684857359088	87
0.05626488614213	0.549849792880685	43
-0.036484236733938	0.737132596613881	43
0.04451843552852	0.75427672392129	43
0.02262514402835	1.06701801940565	43
-0.036469847185687	0.736722197443284	43
-0.044259688427062	0.344597279041458	43
-0.036522472713603	0.737109537115533	467
-0.043944881346302	0.344844233810228	467
0.04443859417144	0.754332078234377	158
-0.082693250585991	0.884428769024171	60
-0.101458350708023	0.723418983530821	60
-0.082614260148593	0.884686342578039	60
0.11236395675142	0.937365047108194	149
-0.036461977062203	0.737057787372522	149
-0.036469847185687	0.736722197443284	272
-0.0365606945846591	0.737033359814109	188
-0.036590921217337	0.736933842807329	91
-0.036659369110434	0.736608498678328	91
-0.031478946640447	0.894074975477482	91
-0.082588363856588	0.88466355355712	91
-0.036445986631397	0.737102462140653	91
0.03230116897854	0.911423629192629	91
0.0820402577239101	1.08405931812681	91
0.0564763435040401	0.549821521222389	91
0.0441426805580101	0.753692589766769	91
0.12034598634667	1.25772942326586	91
-0.031412795018461	0.894322138439895	91
0.0819566225974699	1.08406505818642	91
-0.036538323987392	0.736846326547514	818
-0.101488784963315	0.72345451589888	91
0.0818729835199301	1.0839158727603	9
-0.101383828947527	0.723509241619784	17
0.05615920010244	0.549561803212589	43
-0.036522472713603	0.737109537115533	43
0.0564771556644901	0.549557007715875	4
-0.070356481488058	1.0458337869089	43
0.0442507952022	0.75417682170438	43
0.04445280576643	0.754261634807508	43
0.12386881286079	1.5745743444562	169
-0.107008974572669	1.03960342014187	463
-0.044431024415727	0.344510645872178	158
0.12040925321062	1.25778502843336	60
-0.036514421905951	0.737033103872343	60
0.03232726684426	0.91135634635286	60
-0.031176028778409	0.894849317055589	60
0.1203655832426	1.25783419731482	60
-0.0432889332822301	0.345047173325076	96
-0.031352232592918	0.894397866217944	91
0.11246149016777	0.937645880867221	91
-0.027427126225528	1.05493472482154	91
0.12407159876521	1.57566971878517	91
0.0819892717577699	1.08364678618671	214
-0.071242537484796	0.545183921949788	91
-0.101481160201522	0.723517076998338	91
0.0819798819994	1.08407267577228	91
-0.0933504822193441	1.19636194369359	214
-0.031418344819664	0.894400703459376	371
-0.101847976944587	0.722800095652409	371
-0.027555959146974	1.05487896115819	91
-0.036552678625193	0.737010024602681	91
-0.031366545021736	0.894672147645549	591
-0.0313202942154019	0.894791434390984	9
-0.070401678394898	1.0456993982652	9
-0.101712946258017	0.722692271762199	17
-0.107109301708108	1.0393382533015	87
-0.101653135129711	0.72334506195932	43
0.11266385916294	0.937574051569259	43
0.11256634242361	0.937710941311817	43
0.0712702176962401	1.70853674155708	464
-0.082561188256011	0.884725847367179	90
0.0442650852691	0.754232399790507	158
-0.036629149696626	0.736798442331128	391
0.0442650852691	0.754232399790507	391
0.12025867081795	1.25758380689059	60
-0.025962980300666	1.21084356658435	60
-0.036522472713603	0.737109537115533	60
-0.101735475346937	0.723119555449305	60
-0.093455404748285	1.19623876503468	60
-0.0365606945846591	0.737033359814109	91
0.11255166293503	0.937740334633732	91
-0.036590921217337	0.736933842807329	91
-0.03138967012002	0.894530621309699	91
0.11255900834009	0.937756926523111	818
-0.10175810185148	0.72307499104243	9
0.0564763435040401	0.549821521222389	4
0.0322750548958599	0.911263981477454	43
0.03232726684426	0.91135634635286	43
-0.071365168967766	0.54488630078218	43
0.0439984206623001	0.753790274969522	331
0.06400147705491	1.23855455920361	60
-0.10166827814355	0.723268328705126	60
-0.101368585543135	0.7233969304341	149
0.04454676484687	0.754160557622496	149
-0.071232343712938	0.545207466605494	188
-0.043773963352507	0.344930752421141	96
-0.101660701233066	0.723330813645462	214
0.11236395675142	0.937365047108194	91
-0.101743006698458	0.723151630240779	91
0.11246881043441	0.937662436095658	818
-0.101653135129711	0.72334506195932	818
0.04441021697393	0.753863930323266	43
-0.071252713567035	0.54493642808036	4
-0.101458350708023	0.723418983530821	43
-0.016465043704701	1.96859657397779	3
-0.107155837359721	1.03935934976629	69
-0.031352232592918	0.894397866217944	69
0.02259639146419	1.06655564158651	60
-0.070311333464076	1.04585331333431	60
0.03209008047552	0.910627356943963	149
-0.036454023593511	0.737152407988497	149
0.0820635195696999	1.08400874146865	188
-0.062156716828508	1.20143603499552	91
-0.031259722162075	0.894867219943855	91
-0.036445986631397	0.737102462140653	91
0.03212918709089	0.911191470796257	91
0.04443859417144	0.754332078234377	91
-0.031259722162075	0.894867219943855	91
-0.101488784963315	0.72345451589888	91
-0.036492238854222	0.737129368422307	91
0.0820169962102899	1.08405169334965	91
-0.031412795018461	0.894322138439895	91
-0.101563314968327	0.723471675074255	591
-0.036415794228469	0.737122253083976	43
-0.082667339791759	0.884581953780753	43
0.11253191126054	0.937495750855169	43
-0.036522472713603	0.737109537115533	43
0.05637163360447	0.549884852122293	31
0.0225993808360401	1.06705854609469	90
-0.027636269488138	1.05414125656667	90
-0.036590921217337	0.736933842807329	158
-0.026043601476936	1.2106178759998	60
0.0323805902558501	0.91136476035372	60
0.0440920117303101	0.753962957849965	391
-0.027747948909879	1.05409831590901	60
-0.082453766214625	0.884679315027962	60
0.04443859417144	0.754332078234377	70
0.11257366517831	0.937599599098464	60
0.11255166293503	0.937740334633732	60
0.1203655832426	1.25783419731482	149
-0.101481160201522	0.723517076998338	91
-0.101660701233066	0.723330813645462	91
-0.082641435403759	0.884624051510388	214
-0.031227790091343	0.894392739369876	91
0.08190561657454	1.08365296820229	91
0.0222796394890501	1.06597041014491	371
0.05637163360447	0.549884852122293	818
0.0564758165711701	0.549811713656465	818
-0.070996620429515	0.54534639567847	91
0.02241154137659	1.06677223909026	91
-0.036484236733938	0.737132596613881	9
-0.071232343712938	0.545207466605494	43
-0.036454023593511	0.737152407988497	43
-0.071242537484796	0.545183921949788	43
0.02314613974966	2.44830071178815	53
0.04417132370979	0.75412450860252	331
-0.082641435403759	0.884624051510388	463
0.0442507952022	0.75417682170438	158
-0.071344907241322	0.545035913914066	158
-0.036514421905951	0.737033103872343	60
-0.106915905610062	1.03968562259535	391
0.0321422145261101	0.911241377499726	70
0.11236395675142	0.937365047108194	60
-0.027237740104592	1.05427278398534	60
0.0818358498874101	1.08380771699508	60
-0.071365168967766	0.54488630078218	149
-0.036637096058068	0.736684857359088	149
-0.101653135129711	0.72334506195932	91
0.0322477806810699	0.911308684661655	91
0.03216952118775	0.910761773694812	91
-0.0703606482442261	1.04571563603253	91
-0.101555735739257	0.723439633854202	91
-0.026095980597156	1.21035798210037	214
-0.036492238854222	0.737129368422307	91
0.03231421993805	0.911417879412006	91
-0.036461977062203	0.737057787372522	818
-0.070331887297702	1.04567254603525	91
0.11256634242361	0.937710941311817	591
-0.031357752098785	0.894627010363366	9
-0.027536633535741	1.05463181039566	9
-0.082694514705985	0.884519673248624	9
-0.101391466843945	0.723494902630146	43
0.05637042484898	0.549937742703155	43
-0.036454023593511	0.737152407988497	43
-0.114499027752072	1.79415637248043	53
0.00396298966896991	2.28120400103879	3
0.0968196345046901	1.4076915071428	3
-0.071242537484796	0.545183921949788	331
-0.0364237824996561	0.737080806847057	158
-0.0258502063780121	1.21105786812092	60
-0.101570905004164	0.72345739395091	60
-0.031366545021736	0.894672147645549	91
0.02243732538821	1.0667368304008	91
-0.036606800153286	0.7367047449008	91
0.0225205736927001	1.06683589542078	91
-0.082694514705985	0.884519673248624	91
-0.0826401628661601	0.88459815617751	91
0.0322881139647699	0.911373667372357	91
-0.036500157553343	0.736981665988245	91
-0.071119688055949	0.545314341145758	91
-0.031380875427768	0.894642985006881	91
-0.070077225424851	1.04610518450702	91
-0.101660701233066	0.723330813645462	91
-0.071109422516136	0.545239423768143	91
0.04451843552852	0.75427672392129	91
0.11254430621574	0.937658562049887	87
0.03231421993805	0.911417879412006	43
-0.0275097675155001	1.05456420452516	87
0.03208869656893	0.91095244316846	43
0.11228825202632	0.937145135717021	43
-0.073818728058438	1.95193127111317	53
0.0323403096981401	0.911234857602017	467
-0.043773963352507	0.344930752421141	31
0.03222171039443	0.911376016037499	90
-0.03150206523321	0.894090917904508	90
-0.031380875427768	0.894642985006881	158
-0.082829113429442	0.883845981238684	391
-0.03140399854422	0.89460902425551	391
-0.027322759521011	1.05474696130039	60
-0.036522472713603	0.737109537115533	60
0.04418566840128	0.754070728099669	60
-0.036429661641734	0.73655592975712	149
0.04401285919836	0.753591006608618	149
-0.071017242216908	0.545220013672355	188
-0.023433317820318	1.36616345661768	254
0.0441569944418201	0.754003890830394	91
-0.082667339791759	0.884581953780753	91
-0.071467464463713	0.544905767686774	91
0.11249070322188	0.937318472384691	91
0.0321422145261101	0.911241377499726	91
0.0808102340472301	1.55673299763721	9
-0.036590921217337	0.736933842807329	9
-0.070996620429515	0.54534639567847	43
-0.070883725911559	0.545396838220442	43
-0.043773963352507	0.344930752421141	43
-0.036454023593511	0.737152407988497	31
-0.044116040951262	0.344654176637369	285
0.0158711064822601	1.22343588808941	206
0.03219562389923	0.911216412299517	391
0.0224660534177801	1.06691141992885	60
0.0225978862785401	1.0669755162005	149
-0.101578505841053	0.723394863993532	149
-0.03653044002489	0.737053210534985	188
-0.03140399854422	0.89460902425551	91
0.05626488614213	0.549849792880685	91
-0.093670885527086	1.19528462846451	214
-0.027723661685403	1.05441182338237	214
0.0818729835199301	1.0839158727603	91
0.02254635039986	1.06701992887898	91
0.05637106962915	0.549947620800554	17
-0.03653044002489	0.737053210534985	87
-0.036407722391707	0.737012836381491	43
-0.101563314968327	0.723471675074255	87
0.11255166293503	0.937740334633732	43
-0.070032114304785	1.04609552673282	43
-0.027594858902409	1.05453750102546	43
-0.0397782881711241	1.81100674519673	69
0.12021938265587	1.25732620809617	90
-0.1017656656419	0.722957228514347	60
-0.027704185950999	1.0544921513777	391
0.05091894163922	1.38970656928479	60
-0.101458350708023	0.723418983530821	70
0.0708873368921701	1.7091028144898	60
-0.061975775192178	1.20209270577559	91
-0.101399115528676	0.723432327376269	91
-0.082532722324689	0.884594163667925	91
0.0563696991348801	0.549855793811326	91
-0.082561188256011	0.884725847367179	371
0.0562656490431901	0.549859734255288	17
0.05637163360447	0.549884852122293	43
-0.101450769160013	0.723282904851052	43
-0.071344907241322	0.545035913914066	43
-0.082667339791759	0.884581953780753	664
-0.071119688055949	0.545314341145758	331
0.0820402577239101	1.08405931812681	90
0.02262364537856	1.06671007451058	60
0.03223474756332	0.911370242557373	391
-0.036437866029168	0.73691343078879	70
-0.101645579839088	0.723312999645903	60
-0.031487707035994	0.894297470806205	149
-0.082559903611956	0.88467261828141	149
0.0562640421128799	0.549767797036242	188
0.11266921340707	0.937364453845918	91
-0.101743006698458	0.723151630240779	91
-0.070996620429515	0.54534639567847	91
-0.071119688055949	0.545314341145758	591
0.03240671571427	0.911297550919524	591
-0.08277352230277	0.88417047151083	91
0.11247611937041	0.937616420025001	591
-0.082666071975342	0.884398862694894	17
0.0820264018188499	1.08391026580736	87
0.0111563554818701	1.37612220022793	69
-0.043944881346302	0.344844233810228	158
-0.071232343712938	0.545207466605494	158
0.07080108269538	1.70865843541714	60
0.03199610687153	0.910686278127144	60
0.08220751610497	1.08335147887478	70
-0.107049097525559	1.03963025554267	60
-0.093637782896439	1.19555578484482	60
0.05637106962915	0.549947620800554	149
-0.07147753247626	0.54477972387055	188
0.0321422145261101	0.911241377499726	214
-0.101570905004164	0.72345739395091	91
0.11247611937041	0.937616420025001	591
-0.031418344819664	0.894400703459376	9
0.04401285919836	0.753591006608618	43
-0.107029034734294	1.03963856948692	507
0.08089326408026	1.55707654533661	31
-0.031380875427768	0.894642985006881	31
0.08191949778297	1.08398924701774	90
0.04442439792067	0.754229357853164	158
-0.071467464463713	0.544905767686774	158
0.08194275542764	1.08393865490821	60
0.0321422145261101	0.911241377499726	60
0.0636927992560099	1.23760124545346	60
-0.071006940147097	0.545364679729449	149
0.0321422145261101	0.911241377499726	60
0.11236395675142	0.937365047108194	60
-0.107069162949579	1.0395784959162	60
-0.044088594342648	0.344573880945257	188
0.02262364537856	1.06671007451058	254
0.0639312989527501	1.23850637012622	214
-0.07147753247626	0.54477972387055	591
0.0563696991348801	0.549855793811326	591
0.12032189419078	1.25763932933792	591
-0.101563314968327	0.723471675074255	591
0.11238584210836	0.937417194792886	591
-0.07027024057091	1.04605846100747	591
0.06397666018782	1.23864783246621	9
0.02233269921105	1.06637913404076	9
-0.082746346038195	0.884186672243287	87
-0.036590921217337	0.736933842807329	43
-0.036522472713603	0.737109537115533	87
0.11264915203471	0.937731269932564	43
-0.071119688055949	0.545314341145758	43
0.03230116897854	0.911423629192629	90
0.0225205736927001	1.06683589542078	463
-0.093416672765968	1.19626278064051	463
-0.043944881346302	0.344844233810228	158
0.0441569944418201	0.754003890830394	158
0.0561600813982901	0.549571799070062	158
0.08176608631148	1.08342054671074	158
0.1124541585777	0.937564150996836	60
0.08205409798215	1.08384925423806	343
-0.1017656656419	0.722957228514347	149
-0.061982862529168	1.2020741011237	725
-0.044116040951262	0.344654176637369	188
-0.0365606945846591	0.737033359814109	91
-0.101465943068103	0.723499377018564	254
-0.101391466843945	0.723494902630146	91
0.0561600813982901	0.549571799070062	591
0.0440632594027199	0.753748211258075	591
-0.036492238854222	0.737129368422307	591
-0.101555735739257	0.723439633854202	87
-0.043603286547006	0.344907057276545	43
0.0818497268957901	1.08378906785201	86
0.09688625238475	1.40778530300766	507
-0.107135776282277	1.03945575686171	507
-0.03656862711982	0.736917816316698	43
0.0417264382635301	2.4536758430933	180
0.05637163360447	0.549884852122293	31
0.05647678982563	0.549758738961787	331
-0.061968643415129	1.20185945428175	206
0.03223474756332	0.911370242557373	60
-0.101481160201522	0.723517076998338	60
-0.070290784555248	1.0459804557593	60
-0.120733406072305	1.19293123050681	60
-0.070335948275192	1.0459117599615	60
-0.101570905004164	0.72345739395091	149
0.03211615560474	0.911081852028009	149
-0.0703606482442261	1.04571563603253	60
-0.027534068176969	1.05493761996588	725
-0.082694514705985	0.884519673248624	254
0.02249183379048	1.06698805226884	254
-0.101855516812655	0.722682452073047	91
-0.0364237824996561	0.737080806847057	91
0.11263885012019	0.93771101399471	593
0.0442650852691	0.754232399790507	591
-0.106956067108324	1.03953739065545	9
-0.031282850067381	0.894833241968667	9
0.0322881139647699	0.911373667372357	9
0.0158711064822601	1.22343588808941	9
0.03211615560474	0.911081852028009	9
-0.031236594054134	0.894851243166186	87
0.0226781593240499	1.0668492289337	43
-0.060602803594307	1.80507936907222	180
-0.082694514705985	0.884519673248624	90
-0.082721687611745	0.884409022298023	90
-0.044116040951262	0.344654176637369	158
-0.082614260148593	0.884686342578039	60
0.0968597420519499	1.40781389017121	60
-0.07135504694871	0.545077172240108	343
0.12004912445394	1.25651333262781	60
0.05637163360447	0.549884852122293	188
-0.036552678625193	0.737010024602681	617
-0.071242537484796	0.545183921949788	617
-0.082721687611745	0.884409022298023	617
-0.082614260148593	0.884686342578039	254
0.02246457856493	1.06689134986402	254
-0.107075608808986	1.03948064254719	214
-0.101578505841053	0.723394863993532	593
-0.071222132294741	0.545067781172208	482
-0.036590921217337	0.736933842807329	9
0.05637042484898	0.549937742703155	17
0.03227383476747	0.910995191261649	17
-0.036492238854222	0.737129368422307	243
-0.043944881346302	0.344844233810228	285
0.08169179265563	1.08307642636756	90
0.0564771556644901	0.549557007715875	158
0.04451843552852	0.75427672392129	158
0.0442000285553601	0.753745591329173	60
-0.101660701233066	0.723330813645462	343
-0.101391466843945	0.723494902630146	149
-0.03653044002489	0.737053210534985	149
-0.036476151045358	0.737003004445714	617
-0.031380875427768	0.894642985006881	617
-0.036552678625193	0.737010024602681	91
0.11237126320517	0.937446712499808	91
-0.036514421905951	0.737033103872343	593
0.0321552379114201	0.911235583775859	87
0.03211615560474	0.911081852028009	43
-0.071589804215755	0.544608567691178	331
-0.036476151045358	0.737003004445714	90
-0.062142007857602	1.20156771857056	90
-0.071467464463713	0.544905767686774	343
0.0563696991348801	0.549855793811326	343
0.0321422145261101	0.911241377499726	149
-0.027449018497797	1.05497512183915	60
-0.036469847185687	0.736722197443284	149
0.0564758165711701	0.549811713656465	149
-0.071232343712938	0.545207466605494	149
-0.031297168502227	0.894775455345156	254
-0.036415794228469	0.737122253083976	91
-0.101563314968327	0.723471675074255	714
-0.07135504694871	0.545077172240108	488
0.0156707544315	1.2231748186568	9
-0.101735475346937	0.723119555449305	9
-0.101586117473243	0.723276956405637	9
0.11270749511117	0.937419345860646	9
-0.0707811670798	0.545205173335839	243
0.04398399761367	0.75369610299678	43
0.05626693197811	0.549595337703117	31
0.0440920117303101	0.753962957849965	31
-0.070883725911559	0.545396838220442	331
0.0225176082995899	1.06692995816121	277
0.0225205736927001	1.06683589542078	90
-0.023615892360623	1.3659209073729	117
-0.031366545021736	0.894672147645549	60
0.0322750548958599	0.911263981477454	60
0.11237855832652	0.937463227606808	343
-0.101645579839088	0.723312999645903	343
-0.027726065135277	1.05432678642434	60
0.11253191126054	0.937495750855169	149
-0.070553706730109	1.04497267040407	254
0.0224130083313101	1.06671163011206	254
-0.043459434457195	0.344960841267334	395
0.02262514402835	1.06701801940565	91
0.11253191126054	0.937495750855169	714
0.02235849674206	1.06657249003137	9
0.0820264018188499	1.08391026580736	9
0.02254635039986	1.06701992887898	9
0.0323675214427801	0.911314788146664	17
0.0440776278483901	0.753951679336125	17
-0.043459434457195	0.344960841267334	17
0.0820264018188499	1.08391026580736	86
-0.118605678141942	1.95484763372042	53
0.10769094150379	2.485327626853	186
0.0564745203561901	0.549512661216471	31
0.12410757971275	1.57569928849423	69
0.12415826180356	1.57582425342576	69
0.07097840743854	1.70936618123556	463
0.08093200253498	1.55712204519667	463
0.12021724926848	1.25755972178808	90
-0.101750548868484	0.723137417121878	90
0.0321422145261101	0.911241377499726	60
-0.101570905004164	0.72345739395091	60
-0.107075608808986	1.03948064254719	60
0.04443859417144	0.754332078234377	149
-0.026063762896013	1.21043108506723	60
0.01128658233096	1.37620384083354	254
-0.0364237824996561	0.737080806847057	254
0.0968597420519499	1.40781389017121	254
-0.027594858902409	1.05453750102546	254
0.11255166293503	0.937740334633732	593
0.03219562389923	0.911216412299517	9
-0.101750548868484	0.723137417121878	9
-0.0363935134676771	0.736821246325193	9
0.02241154137659	1.06677223909026	9
0.03230116897854	0.911423629192629	17
-0.036476151045358	0.737003004445714	17
-0.101660701233066	0.723330813645462	87
-0.107022640913187	1.03954334581258	87
0.0821006249312299	1.08392264488797	87
-0.025977150805125	1.21075267082835	86
-0.101570905004164	0.72345739395091	43
0.03844275191629	1.69528801234033	186
-0.036476151045358	0.737003004445714	31
-0.036461977062203	0.737057787372522	90
-0.044259688427062	0.344597279041458	158
-0.101683464363178	0.722958484471422	343
0.1124834169686	0.937505053006876	60
-0.031464586513018	0.894382720035318	343
-0.036445986631397	0.737102462140653	343
0.0563696991348801	0.549855793811326	60
-0.031222289606827	0.894831303474498	149
-0.107249006960089	1.03908079661019	60
0.04434466175505	0.754284813205743	149
0.03239365501272	0.911359038493359	149
-0.071129935948653	0.54523415602611	149
-0.071242537484796	0.545183921949788	395
0.05637106962915	0.549947620800554	395
-0.071232343712938	0.545207466605494	413
0.0817447143486301	1.08315934030847	668
0.12013215405157	1.25718079558709	9
0.02241154137659	1.06677223909026	9
0.0222796394890501	1.06597041014491	9
-0.082561188256011	0.884725847367179	17
-0.043944881346302	0.344844233810228	144
0.0442650852691	0.754232399790507	17
-0.082695779902199	0.884348888839568	87
-0.031115472698623	0.894748372952573	87
-0.107115717833426	1.03950749724685	87
-0.03653044002489	0.737053210534985	87
-0.0826686086539969	0.884513381069642	86
0.0430247452652801	1.54212588633028	53
0.05091212141293	1.38961278663446	53
-0.0364237824996561	0.737080806847057	598
-0.0436301765277211	0.34477098044816	472
0.11265651125862	0.93768533175143	331
-0.043773963352507	0.344930752421141	331
-0.036544579094988	0.736843119096666	90
-0.07027024057091	1.04605846100747	463
0.11255166293503	0.937740334633732	90
-0.106855683207793	1.03957902238362	117
0.03240671571427	0.911297550919524	60
0.11246881043441	0.937662436095658	149
-0.03140399854422	0.89460902425551	91
0.05626488614213	0.549849792880685	593
-0.0313202942154019	0.894791434390984	371
0.0155441070500999	1.22259278542652	371
0.0561571934124001	0.549262539795133	482
0.0562656490431901	0.549859734255288	482
-0.0363935134676771	0.736821246325193	9
0.0440776278483901	0.753951679336125	17
-0.0432889332822301	0.345047173325076	144
0.0561600813982901	0.549571799070062	43
-0.071467464463713	0.544905767686774	43
-0.062004666845856	1.20206788072969	186
0.05637106962915	0.549947620800554	331
-0.025936822100179	1.21096511139689	195
0.0440920117303101	0.753962957849965	90
0.0564763435040401	0.549821521222389	343
-0.044431024415727	0.344510645872178	343
-0.043773963352507	0.344930752421141	343
0.05626693197811	0.549595337703117	343
-0.043944881346302	0.344844233810228	149
0.0442793907465899	0.754117796960099	149
-0.027641009071674	1.05466627337552	254
0.0562656490431901	0.549859734255288	395
0.05637106962915	0.549947620800554	91
-0.070996620429515	0.54534639567847	361
0.0443304262702799	0.75412128636301	91
0.0442650852691	0.754232399790507	91
0.10695423091306	1.72516919636907	668
0.06397666018782	1.23864783246621	9
-0.101481160201522	0.723517076998338	9
-0.071365168967766	0.54488630078218	482
-0.036461977062203	0.737057787372522	9
-0.07089409986287	0.545350618768897	144
-0.043773963352507	0.344930752421141	144
-0.094820255864815	1.50160808432911	53
0.12417299700696	1.57561389405381	186
0.0638040775754301	1.23820336293762	186
-0.031213465741009	0.894783796754406	598
-0.101555735739257	0.723439633854202	598
-0.0364237824996561	0.737080806847057	598
-0.0313202942154019	0.894791434390984	598
-0.036492238854222	0.737129368422307	31
0.04418566840128	0.754070728099669	90
-0.101465943068103	0.723499377018564	158
-0.101570905004164	0.72345739395091	343
-0.071589804215755	0.544608567691178	343
0.0440920117303101	0.753962957849965	343
0.0564758165711701	0.549811713656465	149
-0.101465943068103	0.723499377018564	725
-0.082559903611956	0.88467261828141	725
-0.101653135129711	0.72334506195932	254
-0.0432889332822301	0.345047173325076	395
-0.044088594342648	0.344573880945257	395
-0.043944881346302	0.344844233810228	770
0.05637042484898	0.549937742703155	482
0.0225176082995899	1.06692995816121	9
0.0563696991348801	0.549855793811326	144
-0.0800053846966799	1.79951227476093	180
-0.027638575945297	1.05466978524651	277
0.0510492309299899	1.38987353813715	195
-0.101399115528676	0.723432327376269	90
-0.027616715127442	1.05462935242831	90
-0.031343419721046	0.89475746323902	90
-0.0815157243728431	1.35295002425095	367
-0.071119688055949	0.545314341145758	343
-0.027555959146974	1.05487896115819	177
-0.036590921217337	0.736933842807329	149
-0.101473546234521	0.723531388531303	149
0.04431620610326	0.753690967097286	149
-0.036492238854222	0.737129368422307	149
-0.082506831039155	0.884712128619311	149
0.0225176082995899	1.06692995816121	725
-0.0313202942154019	0.894791434390984	725
-0.101496420514043	0.723336576315312	395
0.03226199177089	0.911084289803644	361
-0.0365606945846591	0.737033359814109	361
0.05647678982563	0.549758738961787	413
-0.071119688055949	0.545314341145758	413
-0.036514421905951	0.737033103872343	488
-0.036454023593511	0.737152407988497	507
0.0564752088982301	0.549729892713676	43
-0.106041236950398	1.34946108692732	362
-0.02751472288517	1.05479728020599	738
-0.0432889332822301	0.345047173325076	31
-0.10159373989494	0.723084882905421	90
-0.0236987043842219	1.36518009072081	206
-0.101465943068103	0.723499377018564	149
-0.036461977062203	0.737057787372522	149
-0.082559903611956	0.88467261828141	149
-0.043773963352507	0.344930752421141	770
0.03207569100603	0.911014000073039	361
-0.043603286547006	0.344907057276545	361
0.0561600813982901	0.549571799070062	361
0.0225176082995899	1.06692995816121	214
-0.071119688055949	0.545314341145758	413
-0.036492238854222	0.737129368422307	593
0.0440920117303101	0.753962957849965	593
-0.027553496326338	1.05480356633002	9
-0.082667339791759	0.884581953780753	9
-0.101563314968327	0.723471675074255	17
-0.07135504694871	0.545077172240108	144
0.05637106962915	0.549947620800554	144
0.02244026721769	1.06670101667827	87
-0.071334749888631	0.54476348787635	243
-0.027553496326338	1.05480356633002	86
0.08175219805692	1.0834711096549	507
0.00752478562847991	1.8312179813558	186
-0.031236594054134	0.894851243166186	738
-0.043944881346302	0.344844233810228	472
-0.036454023593511	0.737152407988497	90
0.08191949778297	1.08398924701774	90
0.0158711064822601	1.22343588808941	90
0.04434466175505	0.754284813205743	343
-0.101653135129711	0.72334506195932	60
-0.031236594054134	0.894851243166186	149
-0.101563314968327	0.723471675074255	149
-0.101750548868484	0.723137417121878	149
-0.107175901068857	1.03921557284742	725
0.0226796656730399	1.06694252111065	617
-0.043773963352507	0.344930752421141	395
0.02254635039986	1.06701992887898	91
-0.043773963352507	0.344930752421141	770
0.04417132370979	0.75412450860252	413
-0.070883725911559	0.545396838220442	413
0.0562656490431901	0.549859734255288	413
0.0224933125245399	1.06690079768204	91
0.05637042484898	0.549937742703155	488
0.08185910510021	1.08381532721845	371
0.0637132318498499	1.23763381859795	371
-0.107109301708108	1.0393382533015	9
0.04434466175505	0.754284813205743	482
-0.071109422516136	0.545239423768143	144
-0.101473546234521	0.723531388531303	243
-0.031352232592918	0.894397866217944	43
-0.115860037636244	1.49611450232741	53
0.00966567983707001	1.53016719955366	186
-0.114646431198557	1.79355623350916	53
-0.027575367622978	1.05484399731642	362
0.0442650852691	0.754232399790507	362
-0.101563314968327	0.723471675074255	598
0.0443304262702799	0.75412128636301	472
-0.044431024415727	0.344510645872178	472
0.08185910510021	1.08381532721845	90
-0.036590921217337	0.736933842807329	90
0.04335163936473	1.54244480921267	367
0.05075303255092	1.38885523966437	367
0.0562640421128799	0.549767797036242	158
0.0321422145261101	0.911241377499726	117
-0.101301824949274	0.723297254627533	343
-0.043773963352507	0.344930752421141	343
-0.07135504694871	0.545077172240108	759
-0.10175810185148	0.72307499104243	149
0.04434466175505	0.754284813205743	149
-0.036339293128223	0.736864720527171	617
-0.036461977062203	0.737057787372522	617
-0.043603286547006	0.344907057276545	395
-0.036492238854222	0.737129368422307	91
-0.071232343712938	0.545207466605494	593
-0.043773963352507	0.344930752421141	488
0.12401385162042	1.57525709418492	668
0.0323403096981401	0.911234857602017	9
-0.031259722162075	0.894867219943855	9
0.04445280576643	0.754261634807508	9
-0.071232343712938	0.545207466605494	482
-0.071344907241322	0.545035913914066	482
-0.0813827610797791	1.3535487986697	87
-0.101653135129711	0.72334506195932	86
-0.124516208548801	1.64115996183234	53
-0.036629149696626	0.736798442331128	738
-0.044259688427062	0.344597279041458	285
0.0966863502488	1.40722742294044	90
-0.101548167322622	0.723359211386074	90
0.12017577789329	1.25737545212184	117
0.11264915203471	0.937731269932564	177
-0.036590921217337	0.736933842807329	343
-0.071006940147097	0.545364679729449	759
0.0321552379114201	0.911235583775859	149
0.0563696991348801	0.549855793811326	149
-0.101481160201522	0.723517076998338	149
0.11231721835343	0.936513977205797	617
0.01112737245094	1.3760722150966	254
0.0563696991348801	0.549855793811326	395
0.05615920010244	0.549561803212589	361
-0.043944881346302	0.344844233810228	361
0.0820264018188499	1.08391026580736	714
-0.031245419726869	0.894745979958276	371
0.1124834169686	0.937505053006876	9
0.0818868463887099	1.08367773089547	9
-0.043773963352507	0.344930752421141	144
-0.031516441064765	0.893461667055428	87
0.12040451918725	1.25692166303075	87
0.04462665687915	0.754213263592527	87
0.02259639146419	1.06655564158651	87
0.0442650852691	0.754232399790507	43
-0.071232343712938	0.545207466605494	43
-0.090297132756288	1.94955329143451	737
-0.093377931876265	1.19624268560571	195
0.0156238740854999	1.22293386002239	117
-0.121137757291496	1.19225835694846	206
-0.10175810185148	0.72307499104243	343
-0.082612983926298	0.884568233999964	177
-0.031372102245352	0.894209501172826	177
-0.082561188256011	0.884725847367179	149
0.11254430621574	0.937658562049887	149
-0.031274042578904	0.894708011352014	254
0.02238428843625	1.06661774607404	254
-0.101383828947527	0.723509241619784	254
-0.070996620429515	0.54534639567847	395
-0.031357752098785	0.894627010363366	91
-0.036538323987392	0.736846326547514	214
-0.043944881346302	0.344844233810228	413
-0.071242537484796	0.545183921949788	413
-0.101399115528676	0.723432327376269	593
-0.03653044002489	0.737053210534985	371
-0.070340140544392	1.04565389465233	668
0.0968131370208101	1.4076018643672	668
0.11264915203471	0.937731269932564	482
0.0442650852691	0.754232399790507	9
0.03207569100603	0.911014000073039	9
0.04418566840128	0.754070728099669	144
0.04442439792067	0.754229357853164	87
-0.071457378764343	0.544731695529714	243
-0.036492238854222	0.737129368422307	362
0.0442507952022	0.75417682170438	598
0.00972939107894	1.53105237820254	737
-0.043459434457195	0.344960841267334	472
0.05637163360447	0.549884852122293	472
0.0442793907465899	0.754117796960099	277
-0.120954949131934	1.19294090272185	367
-0.03634735110308	0.736961016350349	343
-0.043773963352507	0.344930752421141	759
-0.043773963352507	0.344930752421141	149
-0.043944881346302	0.344844233810228	725
-0.071457378764343	0.544731695529714	617
0.0224387963694599	1.06686892521899	254
-0.106942356523668	1.03966476032396	361
-0.0825094183637241	0.884392493104266	668
0.0639108379854101	1.23852953622882	668
-0.0436301765277211	0.34477098044816	482
0.05626488614213	0.549849792880685	482
0.0155371017160899	1.22259843337422	9
0.04417132370979	0.75412450860252	9
-0.043944881346302	0.344844233810228	144
0.03216825724796	0.911174017936091	87
-0.0313202942154019	0.894791434390984	598
-0.071006940147097	0.545364679729449	598
-0.043773963352507	0.344930752421141	31
-0.043944881346302	0.344844233810228	472
0.0443731788375501	0.754099794507054	90
-0.071467464463713	0.544905767686774	158
0.04434466175505	0.754284813205743	177
-0.036484236733938	0.737132596613881	177
0.05637163360447	0.549884852122293	343
-0.101743006698458	0.723151630240779	149
0.11246149016777	0.937645880867221	149
-0.043459434457195	0.344960841267334	149
-0.10166827814355	0.723268328705126	361
0.05637163360447	0.549884852122293	593
0.11246149016777	0.937645880867221	593
0.05626488614213	0.549849792880685	593
-0.070883725911559	0.545396838220442	593
-0.071109422516136	0.545239423768143	593
-0.0431186725812021	0.345023297855276	171
-0.043459434457195	0.344960841267334	144
-0.043944881346302	0.344844233810228	144
0.05637042484898	0.549937742703155	144
0.05626488614213	0.549849792880685	144
-0.071232343712938	0.545207466605494	243
0.0442650852691	0.754232399790507	43
-0.081445471806081	1.3525586073927	186
-0.070184005470795	1.04617082712758	362
-0.07024970151071	1.04608966046289	598
-0.036544579094988	0.736843119096666	31
-0.070996620429515	0.54534639567847	277
-0.036385573851383	0.737050648301604	277
-0.0826686086539969	0.884513381069642	90
0.0323805902558501	0.91136476035372	90
0.0969263738528801	1.40790772389199	367
0.02241154137659	1.06677223909026	177
0.04451843552852	0.75427672392129	177
-0.101496420514043	0.723336576315312	343
0.12423074580757	1.57577667776457	149
0.0819322942385801	1.08347810183117	149
-0.031222289606827	0.894831303474498	254
0.0564752088982301	0.549729892713676	395
0.04418566840128	0.754070728099669	395
-0.071119688055949	0.545314341145758	361
-0.031380875427768	0.894642985006881	714
-0.071119688055949	0.545314341145758	413
-0.0436301765277211	0.34477098044816	593
0.0563696991348801	0.549855793811326	593
-0.071119688055949	0.545314341145758	488
-0.043773963352507	0.344930752421141	488
0.01585048776312	1.22337738487407	668
-0.082480946169443	0.884709227779637	9
-0.101645579839088	0.723312999645903	9
0.04418566840128	0.754070728099669	482
-0.043773963352507	0.344930752421141	144
-0.044116040951262	0.344654176637369	144
0.0967930941069099	1.40762793019463	87
-0.031334628554655	0.8945595860125	277
0.0432185535874601	1.54222929581395	195
0.04401285919836	0.753591006608618	343
0.02249183379048	1.06698805226884	356
0.04442439792067	0.754229357853164	725
-0.101563314968327	0.723471675074255	725
-0.101653135129711	0.72334506195932	254
0.0564763435040401	0.549821521222389	395
-0.044259688427062	0.344597279041458	395
0.11237855832652	0.937463227606808	361
-0.071467464463713	0.544905767686774	770
0.11264915203471	0.937731269932564	361
0.0562640421128799	0.549767797036242	413
0.0562656490431901	0.549859734255288	413
-0.071232343712938	0.545207466605494	593
0.05637163360447	0.549884852122293	593
0.12040695199024	1.25771518593969	668
0.03226080974875	0.911187169845164	87
-0.082666071975342	0.884398862694894	87
-0.101496420514043	0.723336576315312	243
-0.101383828947527	0.723509241619784	86
-0.071119688055949	0.545314341145758	31
-0.071006940147097	0.545364679729449	472
-0.036377550744814	0.737032606359318	277
0.12023906966822	1.25762577397688	195
0.12042880500867	1.25778129884721	117
0.11263885012019	0.93771101399471	177
0.11246881043441	0.937662436095658	149
0.0440776278483901	0.753951679336125	149
0.11246881043441	0.937662436095658	149
-0.101645579839088	0.723312999645903	725
-0.036514421905951	0.737033103872343	395
-0.071109422516136	0.545239423768143	361
-0.101832929653365	0.722876621015674	361
-0.070996620429515	0.54534639567847	413
0.08178934049594	1.08361520694499	91
-0.082506831039155	0.884712128619311	91
-0.070883725911559	0.545396838220442	593
0.11246881043441	0.937662436095658	371
0.12051616936064	1.25742918262182	9
0.08194275542764	1.08393865490821	9
-0.036385573851383	0.737050648301604	482
0.0443589125975701	0.754279565754827	9
-0.101563314968327	0.723471675074255	17
-0.043773963352507	0.344930752421141	144
0.0320626813968501	0.911019810572968	243
-0.095195802675942	2.11798400850584	53
-0.081273109424582	1.35372857669329	362
0.05647678982563	0.549758738961787	158
-0.031176028778409	0.894849317055589	177
0.11237126320517	0.937446712499808	343
0.12032416462092	1.25778427019312	60
-0.0364237824996561	0.737080806847057	149
-0.082720427178775	0.884412567880966	254
0.0507750321329099	1.3887303456264	254
-0.070996620429515	0.54534639567847	361
-0.036590921217337	0.736933842807329	714
0.05637106962915	0.549947620800554	413
0.05637042484898	0.549937742703155	593
0.10711216302216	1.72518632708987	668
-0.069945902556358	1.04585061569024	668
0.10684496930485	1.72427428346979	668
-0.036445986631397	0.737102462140653	482
0.08185910510021	1.08381532721845	86
0.05647678982563	0.549758738961787	472
0.05637163360447	0.549884852122293	472
-0.043773963352507	0.344930752421141	472
-0.027555959146974	1.05487896115819	90
0.0112069793278899	1.3762041076352	195
-0.071365168967766	0.54488630078218	343
-0.036500157553343	0.736981665988245	149
0.0321422145261101	0.911241377499726	149
0.0441064110873299	0.753698616012232	149
-0.101653135129711	0.72334506195932	725
-0.0312685496541471	0.894604447747691	725
0.03245997420448	0.911077616001695	725
0.0155769594895201	1.22255615355459	254
0.0564752088982301	0.549729892713676	395
-0.036544579094988	0.736843119096666	361
-0.03656862711982	0.736917816316698	714
0.11237855832652	0.937463227606808	593
0.0442793907465899	0.754117796960099	593
0.11260056216583	0.937590941216586	482
0.11237855832652	0.937463227606808	9
-0.071232343712938	0.545207466605494	17
0.12023683001153	1.25738736696435	87
-0.031450244150027	0.894382250245405	87
-0.071344907241322	0.545035913914066	243
0.0818125950202999	1.0837419748717	87
0.03204966774021	0.910969946338839	86
-0.105816074551162	1.34990205797463	362
-0.106309038335477	1.64518665887882	174
0.0562663309454501	0.549797046240232	472
0.11236395675142	0.937365047108194	177
-0.101481160201522	0.723517076998338	177
-0.0825573372952541	0.883701106869174	177
0.02254635039986	1.06701992887898	177
0.0439984206623001	0.753790274969522	343
-0.07065765908776	0.545237570130125	759
0.11256634242361	0.937710941311817	149
-0.043773963352507	0.344930752421141	617
-0.101570905004164	0.72345739395091	254
0.03222171039443	0.911376016037499	254
-0.036492238854222	0.737129368422307	361
-0.031380875427768	0.894642985006881	361
-0.031259722162075	0.894867219943855	593
0.05637163360447	0.549884852122293	488
-0.070996620429515	0.54534639567847	488
-0.0313202942154019	0.894791434390984	668
-0.082532722324689	0.884594163667925	9
-0.07087333435651	0.545221169055652	144
-0.070996620429515	0.54534639567847	144
0.12032416462092	1.25778427019312	87
-0.071119688055949	0.545314341145758	243
0.11254430621574	0.937658562049887	243
-0.101540609724054	0.723223104564238	43
0.00961734437270989	1.53073280999708	195
-0.082614260148593	0.884686342578039	90
-0.0313202942154019	0.894791434390984	149
0.0564752088982301	0.549729892713676	361
0.04443859417144	0.754332078234377	361
0.04442439792067	0.754229357853164	714
0.05637042484898	0.549937742703155	413
0.11238584210836	0.937417194792886	593
-0.101481160201522	0.723517076998338	371
-0.101645579839088	0.723312999645903	482
-0.070225110075706	1.04606157920864	482
0.0442365205063799	0.75394829804571	9
0.11236395675142	0.937365047108194	86
-0.0156920939874871	2.11970394170922	186
-0.054254382144911	1.35852349747196	174
0.0561571934124001	0.549262539795133	472
0.0564752088982301	0.549729892713676	472
-0.101399115528676	0.723432327376269	177
-0.031357752098785	0.894627010363366	356
0.1122955106478	0.937099102205197	343
0.11237126320517	0.937446712499808	149
0.03211615560474	0.911081852028009	149
-0.101660701233066	0.723330813645462	149
-0.070405925282989	1.04537093240481	149
0.0820031417389	1.08402208373736	149
-0.10175810185148	0.72307499104243	149
-0.036514421905951	0.737033103872343	725
0.0322477806810699	0.911308684661655	254
0.05637163360447	0.549884852122293	395
-0.071119688055949	0.545314341145758	593
0.11257366517831	0.937599599098464	593
-0.093682075408982	1.19529805500055	668
0.12027818606313	1.25716935380891	668
0.12028269615602	1.25757653824232	9
-0.082587082885628	0.884702546982814	482
-0.101563314968327	0.723471675074255	87
0.03232726684426	0.91135634635286	43
-0.0899608061737171	1.95104324002348	53
-0.06217088217608	1.20134682869222	362
0.0509258063510401	1.38949811096209	174
-0.031427121450776	0.894523734287508	174
-0.070142920573239	1.0460942175221	277
0.0967730485832701	1.40759607701824	195
0.04398399761367	0.75369610299678	90
0.0320626813968501	0.911019810572968	117
-0.043944881346302	0.344844233810228	177
0.06395175480383	1.23842646095537	177
0.0443731788375501	0.754099794507054	356
-0.101540609724054	0.723223104564238	593
-0.101638035366788	0.723232568316259	593
0.0562663309454501	0.549797046240232	488
0.05637163360447	0.549884852122293	488
0.08176608631148	1.08342054671074	371
0.0639152130335101	1.23837688354197	668
0.0320626813968501	0.911019810572968	9
0.0820402577239101	1.08405931812681	9
0.0442793907465899	0.754117796960099	144
0.04434466175505	0.754284813205743	144
-0.0313202942154019	0.894791434390984	87
-0.031473366644551	0.894173829531596	87
0.04398399761367	0.75369610299678	86
0.0809594738950199	1.55725976439441	174
-0.082585802969243	0.884489794876882	31
-0.101473546234521	0.723531388531303	586
-0.101645579839088	0.723312999645903	586
0.0224387963694599	1.06686892521899	367
-0.0710275265950861	0.544776895948038	177
0.04418566840128	0.754070728099669	343
0.0562656490431901	0.549859734255288	343
0.0223312440332499	1.0664180482969	60
0.03204966774021	0.910969946338839	725
-0.031380875427768	0.894642985006881	254
-0.107122215548661	1.03921822390265	254
0.0564763435040401	0.549821521222389	395
0.11264915203471	0.937731269932564	361
-0.101735475346937	0.723119555449305	361
0.0441569944418201	0.754003890830394	361
0.0562656490431901	0.549859734255288	413
0.0562640421128799	0.549767797036242	593
-0.036476151045358	0.737003004445714	593
-0.071119688055949	0.545314341145758	488
0.03240671571427	0.911297550919524	17
-0.0432889332822301	0.345047173325076	427
0.0224100742574	1.06651716948607	86
-0.043603286547006	0.344907057276545	285
0.0226796656730399	1.06694252111065	277
-0.101496420514043	0.723336576315312	90
-0.031380875427768	0.894642985006881	117
0.05637042484898	0.549937742703155	343
0.11246149016777	0.937645880867221	356
0.05615920010244	0.549561803212589	343
0.05637106962915	0.549947620800554	759
-0.036552678625193	0.737010024602681	149
-0.036697604195825	0.736395539235685	149
0.03216825724796	0.911174017936091	149
0.0562640421128799	0.549767797036242	395
0.04434466175505	0.754284813205743	361
0.0157375554221	1.22334217495853	361
-0.036582856574251	0.7368200202736	714
-0.0436301765277211	0.34477098044816	413
0.12032416462092	1.25778427019312	214
0.0439984206623001	0.753790274969522	593
0.08178934049594	1.08361520694499	482
-0.120999068922496	1.19277600758083	186
-0.115805806182999	1.4968104784628	186
-0.0824796494171151	0.884633676821758	174
0.11274579060603	0.93741176312588	586
0.01112737245094	1.3760722150966	117
0.0562663309454501	0.549797046240232	177
0.0638245375998401	1.23829266616481	177
-0.036445986631397	0.737102462140653	343
-0.0432889332822301	0.345047173325076	759
-0.070315419983346	1.0459429370416	60
0.0562656490431901	0.549859734255288	149
-0.107222459926604	1.03917686496942	254
-0.101653135129711	0.72334506195932	361
0.11265651125862	0.93768533175143	361
0.05615920010244	0.549561803212589	413
-0.071232343712938	0.545207466605494	482
-0.043944881346302	0.344844233810228	9
-0.0432889332822301	0.345047173325076	17
-0.07135504694871	0.545077172240108	144
-0.070397562678389	1.04552597342811	658
0.0442365205063799	0.75394829804571	87
-0.036476151045358	0.737003004445714	427
0.0562656490431901	0.549859734255288	427
-0.105858136093479	1.34989624558195	186
0.0843165637750001	2.01964094708281	186
-0.094768692960789	1.50162112595216	180
0.0820169962102899	1.08405169334965	174
-0.101465943068103	0.723499377018564	174
-0.03656862711982	0.736917816316698	174
-0.043944881346302	0.344844233810228	472
0.05637106962915	0.549947620800554	586
0.05626693197811	0.549595337703117	61
0.0224100742574	1.06651716948607	177
-0.0826686086539969	0.884513381069642	60
-0.0825845240067929	0.883990159156402	725
-0.036522472713603	0.737109537115533	725
0.0820031417389	1.08402208373736	725
0.04442439792067	0.754229357853164	784
0.0562663309454501	0.549797046240232	770
-0.044259688427062	0.344597279041458	413
0.0443589125975701	0.754279565754827	593
0.0819566225974699	1.08406505818642	668
0.03239365501272	0.911359038493359	9
-0.043773963352507	0.344930752421141	144
-0.0432889332822301	0.345047173325076	144
-0.03656862711982	0.736917816316698	87
-0.081562515034958	1.35286294671926	511
0.0844877995421101	2.02012546072998	362
0.0324197723614099	0.911176126539993	382
0.03222171039443	0.911376016037499	177
0.03232726684426	0.91135634635286	177
-0.101653135129711	0.72334506195932	60
0.02262364537856	1.06671007451058	617
-0.031138605627173	0.894764321872648	617
0.03211615560474	0.911081852028009	214
0.08191949778297	1.08398924701774	361
0.0820773612946799	1.08391500988676	361
0.03211615560474	0.911081852028009	214
-0.0432889332822301	0.345047173325076	413
-0.07135504694871	0.545077172240108	413
0.0562656490431901	0.549859734255288	593
0.0561600813982901	0.549571799070062	488
0.01108410977811	1.37572569060818	668
-0.121037769904366	1.19260011351086	668
0.03223474756332	0.911370242557373	9
0.12025867081795	1.25758380689059	106
-0.020233543114608	1.5216269848091	106
-0.101563314968327	0.723471675074255	9
-0.0276823113575591	1.05460207705216	20
0.0563696991348801	0.549855793811326	144
0.0510272845878299	1.38981179347507	86
0.05647678982563	0.549758738961787	43
-0.043459434457195	0.344960841267334	472
-0.071119688055949	0.545314341145758	472
-0.036461977062203	0.737057787372522	61
-0.027599754866535	1.05460350186192	177
0.0156109029998499	1.2228385795836	206
0.0445984367263701	0.754019514650505	343
-0.036590921217337	0.736933842807329	343
-0.082559903611956	0.88467261828141	60
-0.07135504694871	0.545077172240108	422
-0.07135504694871	0.545077172240108	784
-0.027363974963052	1.05487778626332	254
0.05637042484898	0.549937742703155	395
0.0442650852691	0.754232399790507	361
-0.036514421905951	0.737033103872343	714
0.04417132370979	0.75412450860252	593
0.11237855832652	0.937463227606808	488
-0.027616715127442	1.05462935242831	106
-0.027619123996169	1.05477624341821	20
-0.101481160201522	0.723517076998338	87
-0.036492238854222	0.737129368422307	87
0.03212918709089	0.911191470796257	511
-0.054319122926191	1.35809302965949	86
0.0225205736927001	1.06683589542078	86
-0.031427121450776	0.894523734287508	191
0.0323403096981401	0.911234857602017	365
0.0819239534213401	1.0833877502664	277
-0.101458350708023	0.723418983530821	277
0.0840709901941401	2.01815528352485	195
0.0112286315144901	1.37615506412961	195
0.11257366517831	0.937599599098464	117
-0.107202405814818	1.03927323507825	725
-0.0364237824996561	0.737080806847057	617
0.0224903548816999	1.06677543704651	214
-0.082506831039155	0.884712128619311	361
-0.082508124120625	0.884693017011681	361
-0.101563314968327	0.723471675074255	361
-0.070377019622332	1.04570668698556	668
-0.082559903611956	0.88467261828141	668
-0.10718235432431	1.03932495145424	668
-0.071242537484796	0.545183921949788	234
-0.027597243513091	1.05483487911551	106
0.04308599181933	1.54223373464827	106
0.02254635039986	1.06701992887898	106
-0.071232343712938	0.545207466605494	508
0.0442365205063799	0.75394829804571	87
-0.093416672765968	1.19626278064051	511
0.12040925321062	1.25778502843336	86
-0.044431024415727	0.344510645872178	285
-0.101660701233066	0.723330813645462	365
-0.027701806748982	1.05442091155917	206
-0.093377931876265	1.19624268560571	206
-0.121092295351696	1.19116473661587	356
-0.027449018497797	1.05497512183915	725
-0.036415794228469	0.737122253083976	149
0.11246881043441	0.937662436095658	149
-0.071119688055949	0.545314341145758	149
0.03223474756332	0.911370242557373	725
-0.106948809834197	1.03921655205551	725
-0.071109422516136	0.545239423768143	617
-0.044602602733049	0.34432064158674	422
0.12021724926848	1.25755972178808	254
0.05637163360447	0.549884852122293	700
0.0321422145261101	0.911241377499726	254
0.0562656490431901	0.549859734255288	214
-0.101555735739257	0.723439633854202	214
-0.101570905004164	0.72345739395091	214
-0.0825353000710391	0.884630729150845	214
0.12021724926848	1.25755972178808	214
-0.031297168502227	0.894775455345156	593
0.0562656490431901	0.549859734255288	234
-0.08261681594621	0.884126216863873	106
-0.106748941584433	1.03918636405993	106
-0.0313202942154019	0.894791434390984	106
-0.107115717833426	1.03950749724685	106
-0.044116040951262	0.344654176637369	171
0.03212918709089	0.911191470796257	20
-0.070381160860896	1.04573055093994	658
0.04418566840128	0.754070728099669	658
-0.070996620429515	0.54534639567847	543
-0.043944881346302	0.344844233810228	481
0.0440776278483901	0.753951679336125	191
0.0429806103886099	1.54188177430807	365
-0.025890543413827	1.21094620761372	365
0.04306348978186	1.54225383996609	195
0.05637042484898	0.549937742703155	61
0.0562640421128799	0.549767797036242	61
0.05626488614213	0.549849792880685	61
0.0342603118567399	1.84417542641706	206
0.0810369169171801	1.55729435675105	206
-0.107228965021624	1.03908907644044	60
-0.082641435403759	0.884624051510388	60
0.0322881139647699	0.911373667372357	60
-0.082506831039155	0.884712128619311	60
-0.0313202942154019	0.894791434390984	149
0.11227370074581	0.937047088395299	725
-0.071129935948653	0.54523415602611	617
-0.07024970151071	1.04608966046289	254
0.0439984206623001	0.753790274969522	361
-0.03653044002489	0.737053210534985	361
-0.082612983926298	0.884568233999964	214
0.07088973475991	1.70912577265755	214
-0.027597243513091	1.05483487911551	214
-0.036484236733938	0.737132596613881	214
-0.027619123996169	1.05477624341821	668
0.12034598634667	1.25772942326586	9
0.05637106962915	0.549947620800554	508
-0.043944881346302	0.344844233810228	751
-0.120954949131934	1.19294090272185	511
-0.036454023593511	0.737152407988497	481
-0.017966878987594	1.67324355022523	195
-0.043459434457195	0.344960841267334	61
-0.043773963352507	0.344930752421141	61
-0.044259688427062	0.344597279041458	61
-0.047439636557864	1.51364262550092	60
-0.070996620429515	0.54534639567847	149
-0.082721687611745	0.884409022298023	149
-0.043603286547006	0.344907057276545	422
0.0563696991348801	0.549855793811326	617
0.11254430621574	0.937658562049887	254
-0.101473546234521	0.723531388531303	214
-0.036454023593511	0.737152407988497	361
0.0224387963694599	1.06686892521899	214
0.0821333071285599	1.0834543922378	214
-0.036377550744814	0.737032606359318	234
-0.071006940147097	0.545364679729449	234
-0.0432889332822301	0.345047173325076	234
-0.082532722324689	0.884594163667925	106
0.0640424590914599	1.23867665406288	106
0.11246149016777	0.937645880867221	106
0.04418566840128	0.754070728099669	508
-0.107049097525559	1.03963025554267	20
-0.082614260148593	0.884686342578039	658
0.0820169962102899	1.08405169334965	86
-0.036415794228469	0.737122253083976	481
0.00740216266744009	1.83111490762811	382
-0.061997551624542	1.20192805323169	191
0.0821238888946201	1.08387210308138	277
-0.120826994588511	1.19246554333306	195
-0.071242537484796	0.545183921949788	61
-0.0436301765277211	0.34477098044816	61
-0.0432889332822301	0.345047173325076	61
0.08084337614535	1.5567802563291	206
0.0507818140327501	1.38910853536221	206
0.0638040775754301	1.23820336293762	356
-0.101563314968327	0.723471675074255	725
0.02233269921105	1.06637913404076	725
0.0320626813968501	0.911019810572968	725
-0.031464586513018	0.894382720035318	725
-0.031176028778409	0.894849317055589	214
-0.101638035366788	0.723232568316259	361
0.0442507952022	0.75417682170438	361
-0.101743006698458	0.723151630240779	214
0.0225433769094201	1.06672432955016	214
-0.027575367622978	1.05484399731642	214
0.05070908422391	1.38863605118646	668
-0.0431186725812021	0.345023297855276	234
0.0820402577239101	1.08405931812681	106
-0.031380875427768	0.894642985006881	106
-0.036606800153286	0.7367047449008	543
-0.101570905004164	0.72345739395091	481
0.0260005837712201	2.13684367095341	720
0.0432185535874601	1.54222929581395	382
-0.120932384799746	1.19270538954373	365
-0.0431186725812021	0.345023297855276	61
-0.047287333788959	1.51394719178452	206
0.12404978821873	1.57565625621364	725
-0.0365606945846591	0.737033359814109	149
-0.031297168502227	0.894775455345156	725
-0.026063762896013	1.21043108506723	254
-0.070996620429515	0.54534639567847	361
-0.101301824949274	0.723297254627533	668
-0.071344907241322	0.545035913914066	234
-0.02751472288517	1.05479728020599	106
0.05626488614213	0.549849792880685	508
-0.071119688055949	0.545314341145758	543
-0.124447455322601	1.64162466149783	720
0.0620729486215399	2.46117352992495	78
-0.01795266887189	1.67329034578262	191
-0.027512181800937	1.05494675562188	191
0.0922567764861499	2.32425195795951	365
-0.023455426902502	1.3660667037757	195
0.0562631168258101	0.549550309589635	61
-0.036492238854222	0.737129368422307	356
0.04305805350368	1.5423050813553	206
-0.026029472775286	1.21063747027132	725
-0.101555735739257	0.723439633854202	60
-0.106962423662692	1.03969989531373	725
-0.036514421905951	0.737033103872343	149
0.06393570053701	1.23852577601073	60
-0.071017242216908	0.545220013672355	617
0.0442507952022	0.75417682170438	617
0.03230116897854	0.911423629192629	214
-0.027490300019446	1.05490633643062	214
-0.031161738362713	0.894730342815249	214
-0.101399115528676	0.723432327376269	234
0.0564763435040401	0.549821521222389	234
-0.101578505841053	0.723394863993532	9
-0.036454023593511	0.737152407988497	106
-0.01996812772292	1.52191907022944	106
0.0563721169038001	0.549683027568135	171
-0.107095662010047	1.03951579834305	658
-0.09028374517175	1.95037144307321	682
0.07491440074024	2.16104498121849	682
-0.031282850067381	0.894833241968667	191
0.0297766224607401	1.9897357037313	195
0.0320626813968501	0.911019810572968	61
-0.036461977062203	0.737057787372522	356
0.03223474756332	0.911370242557373	356
-0.101653135129711	0.72334506195932	356
0.0320626813968501	0.911019810572968	149
-0.0276823113575591	1.05460207705216	725
0.0638654423074601	1.23830212241409	725
-0.026063762896013	1.21043108506723	214
0.04443859417144	0.754332078234377	214
-0.10718235432431	1.03932495145424	214
0.0967264300562201	1.40734969191709	214
0.04418566840128	0.754070728099669	407
-0.071006940147097	0.545364679729449	407
0.03222171039443	0.911376016037499	234
-0.02740778509701	1.05490897335387	106
0.0639971323350501	1.23862468358195	658
-0.0312883808102969	0.894244406674584	658
0.0442507952022	0.75417682170438	481
-0.107597451419044	2.30688406200366	78
-0.080301828139115	1.79881981429774	78
0.08093768148781	1.5568863447493	382
-0.093422303840707	1.19631955450873	382
0.0640629424279799	1.23865352988679	382
-0.0436301765277211	0.34477098044816	285
0.0969263738528801	1.40790772389199	191
0.03841233654807	1.6954585793287	191
0.12028050685563	1.25771255235485	365
-0.10166827814355	0.723268328705126	277
0.06390632656073	1.23808270338327	277
0.0383476546900301	1.69496581254966	195
-0.071109422516136	0.545239423768143	61
0.0321422145261101	0.911241377499726	356
-0.027555959146974	1.05487896115819	725
0.12025867081795	1.25758380689059	725
-0.027638575945297	1.05466978524651	254
0.05637042484898	0.549937742703155	361
0.05637042484898	0.549937742703155	361
-0.082506831039155	0.884712128619311	214
0.0322477806810699	0.911308684661655	214
0.0322086691734	0.911326076798724	9
0.0562663309454501	0.549797046240232	486
0.0440776278483901	0.753951679336125	486
-0.071242537484796	0.545183921949788	87
0.11246149016777	0.937645880867221	87
-0.101645579839088	0.723312999645903	86
-0.085333159835563	2.2915293085251	757
0.00561394044301	2.44545481279325	78
0.04463279340574	2.29744149631208	78
-0.056161001083044	1.95554401848547	78
-0.013663401699655	2.27841314509154	78
-0.094665926334334	1.50182295215245	682
0.0806777669105001	1.55563096951534	682
0.0639561829217901	1.238615150834	8
-0.071006940147097	0.545364679729449	285
0.11246881043441	0.937662436095658	191
-0.071334749888631	0.54476348787635	191
-0.094865955738055	1.50154959199249	365
0.11254430621574	0.937658562049887	61
0.0638903719018	1.2384968780635	61
0.0443304262702799	0.75412128636301	356
-0.101465943068103	0.723499377018564	356
0.0510849001576801	1.38957762331958	725
-0.107109301708108	1.0393382533015	725
-0.082720427178775	0.884412567880966	617
-0.101750548868484	0.723137417121878	617
-0.047214859478075	1.51398673556458	214
-0.043773963352507	0.344930752421141	361
-0.071119688055949	0.545314341145758	361
-0.071119688055949	0.545314341145758	361
-0.071232343712938	0.545207466605494	747
-0.106829250282554	1.03960795417372	106
0.06397666018782	1.23864783246621	106
-0.0432889332822301	0.345047173325076	486
0.12410048079688	1.57578123503722	658
-0.107095662010047	1.03951579834305	86
-0.071119688055949	0.545314341145758	481
-0.03653044002489	0.737053210534985	481
-0.051997034077543	2.45690305741274	78
-0.064089377194267	2.46357452115005	78
0.09199775507659	2.32270733813785	682
-0.124330427778912	1.64243190478632	682
-0.039770415496367	1.81168238708743	8
0.11246881043441	0.937662436095658	382
0.05099165982781	1.38977465038068	277
0.0223872144871	1.06641100582436	356
0.11240037562521	0.937119290552478	356
0.01571760041628	1.22328489320777	725
0.0819566225974699	1.08406505818642	617
-0.071119688055949	0.545314341145758	617
-0.023588025166165	1.36496542724683	214
0.03240671571427	0.911297550919524	214
-0.031343419721046	0.89475746323902	361
0.12026088529769	1.2576313920689	214
-0.036544579094988	0.736843119096666	361
-0.082720427178775	0.884412567880966	214
-0.0313202942154019	0.894791434390984	21
0.02254486376266	1.06702666289685	21
-0.031199159291512	0.894865284437944	668
-0.043944881346302	0.344844233810228	407
0.0441569944418201	0.754003890830394	407
0.04417132370979	0.75412450860252	407
0.0322477806810699	0.911308684661655	9
-0.101458350708023	0.723418983530821	747
0.08199373502602	1.08398592332374	106
0.0564758165711701	0.549811713656465	486
-0.071242537484796	0.545183921949788	486
0.05637042484898	0.549937742703155	486
-0.027492816828231	1.05490729215136	87
-0.023571667671751	1.36607249392663	481
0.0442507952022	0.75417682170438	481
0.07487673310362	2.16199107956425	382
-0.047263939570715	1.51367286413296	500
0.07097840743854	1.70936618123556	365
0.0807108685689599	1.55605364962879	725
-0.107135776282277	1.03945575686171	725
-0.101578505841053	0.723394863993532	725
0.0224387963694599	1.06686892521899	725
-0.036454023593511	0.737152407988497	214
-0.0825094183637241	0.884392493104266	361
-0.036415794228469	0.737122253083976	214
0.04451843552852	0.75427672392129	21
0.0157575076224801	1.22334718530484	668
-0.054073497271584	1.35864920048628	214
-0.101399115528676	0.723432327376269	214
-0.082559903611956	0.88467261828141	214
0.0321016980867601	0.910830970155345	234
0.1124541585777	0.937564150996836	9
-0.071109422516136	0.545239423768143	9
-0.071006940147097	0.545364679729449	124
0.03232726684426	0.91135634635286	124
0.11255166293503	0.937740334633732	86
0.0225706305732101	1.06687882467591	86
0.11263885012019	0.93771101399471	481
0.00408367805309995	2.2815421270036	824
0.0111563554818701	1.37612220022793	8
-0.093394762373158	1.19622223296008	500
-0.031199159291512	0.894865284437944	500
-0.031227790091343	0.894392739369876	365
0.04291396264484	1.54143996387388	195
0.0440489063542	0.753253974239364	61
-0.070073252225012	1.04607909657047	725
0.08199373502602	1.08398592332374	725
-0.026029472775286	1.21063747027132	725
-0.10718235432431	1.03932495145424	725
-0.0436301765277211	0.34477098044816	406
-0.107228965021624	1.03908907644044	214
0.0967730485832701	1.40759607701824	214
-0.0313202942154019	0.894791434390984	214
-0.069990996114437	1.04592298795074	214
0.12051386253465	1.25759196625548	214
-0.071119688055949	0.545314341145758	361
-0.101391466843945	0.723494902630146	21
0.0322086691734	0.911326076798724	21
-0.082747601756595	0.88435030569052	668
0.0638903719018	1.2384968780635	668
0.11255166293503	0.937740334633732	234
-0.101286512089615	0.723279706234237	281
-0.062084242307366	1.2018535714158	106
-0.101563314968327	0.723471675074255	106
-0.082585802969243	0.884489794876882	106
-0.044259688427062	0.344597279041458	171
0.11255166293503	0.937740334633732	171
-0.082506831039155	0.884712128619311	20
0.04442439792067	0.754229357853164	175
-0.036437866029168	0.73691343078879	175
-0.031329105280277	0.894606371874941	87
-0.036454023593511	0.737152407988497	175
-0.082721687611745	0.884409022298023	175
0.10704336341624	1.72523698611326	382
-0.036461977062203	0.737057787372522	61
-0.070180028564682	1.04594528778697	725
-0.070335948275192	1.0459117599615	725
0.05104241673462	1.38971047186242	725
0.0442650852691	0.754232399790507	617
0.02259639146419	1.06655564158651	214
-0.10175810185148	0.72307499104243	214
-0.03653044002489	0.737053210534985	214
-0.101481160201522	0.723517076998338	214
-0.031329105280277	0.894606371874941	124
0.0321552379114201	0.911235583775859	124
-0.026069765312652	1.21062418865468	106
0.0968331773282001	1.40751713709812	106
0.0225190910678099	1.06703055372121	171
-0.07147753247626	0.54477972387055	175
-0.101712946258017	0.722692271762199	86
-0.016022027428067	2.11826004632269	824
-0.051966862027111	2.45720112875997	352
0.01133720282428	1.37611469919313	382
-0.09779140405581	1.79589473658673	500
0.0640629424279799	1.23865352988679	500
-0.106113697531617	1.34912433770072	195
-0.082561188256011	0.884725847367179	725
0.0157375554221	1.22334217495853	725
-0.027573007270622	1.05439003179586	147
-0.027679956403682	1.05438048731062	725
-0.036538323987392	0.736846326547514	147
0.0564752088982301	0.549729892713676	617
-0.071242537484796	0.545183921949788	406
0.0818823606615999	1.08376474934687	214
0.01586420964796	1.2232877452582	214
-0.036492238854222	0.737129368422307	361
-0.0824796494171151	0.884633676821758	214
-0.0313202942154019	0.894791434390984	214
0.0225176082995899	1.06692995816121	21
0.03212918709089	0.911191470796257	214
0.0440632594027199	0.753748211258075	234
0.05637042484898	0.549937742703155	171
-0.031138605627173	0.894764321872648	20
-0.101720445121289	0.722903072271464	20
-0.071242537484796	0.545183921949788	175
-0.043773963352507	0.344930752421141	611
-0.036461977062203	0.737057787372522	87
0.12032416462092	1.25778427019312	86
-0.10175810185148	0.72307499104243	175
-0.020053681771915	1.52198997772345	824
-0.013663401699655	2.27841314509154	352
-0.042696441298489	1.66398471277139	382
-0.101563314968327	0.723471675074255	191
-0.071222132294741	0.545067781172208	61
0.0562640421128799	0.549767797036242	61
0.01108410977811	1.37572569060818	206
-0.027534068176969	1.05493761996588	725
0.03231421993805	0.911417879412006	147
-0.031357752098785	0.894627010363366	725
0.0113298942535101	1.37586816290692	725
-0.071222132294741	0.545067781172208	147
-0.043459434457195	0.344960841267334	406
-0.036415794228469	0.737122253083976	617
-0.027490300019446	1.05490633643062	214
0.04434466175505	0.754284813205743	386
0.03239365501272	0.911359038493359	21
0.0225978862785401	1.0669755162005	21
0.0564758165711701	0.549811713656465	234
0.0820402577239101	1.08405931812681	281
-0.082585802969243	0.884489794876882	658
-0.043773963352507	0.344930752421141	611
-0.026069765312652	1.21062418865468	86
-0.031366545021736	0.894672147645549	481
0.11246881043441	0.937662436095658	481
-0.054298939556287	1.35839204948127	500
-0.071242537484796	0.545183921949788	277
0.05637106962915	0.549947620800554	61
0.0509396698970901	1.38811360122961	725
0.0564758165711701	0.549811713656465	147
-0.036454023593511	0.737152407988497	147
0.06393570053701	1.23852577601073	725
-0.036590921217337	0.736933842807329	147
0.0562656490431901	0.549859734255288	406
-0.044259688427062	0.344597279041458	406
0.0562656490431901	0.549859734255288	617
-0.08277352230277	0.88417047151083	214
0.05637042484898	0.549937742703155	386
-0.0824796494171151	0.884633676821758	386
-0.036697604195825	0.736395539235685	386
-0.082480946169443	0.884709227779637	214
-0.043944881346302	0.344844233810228	234
-0.031357752098785	0.894627010363366	9
-0.101540609724054	0.723223104564238	281
-0.043944881346302	0.344844233810228	611
-0.043773963352507	0.344930752421141	611
-0.107069162949579	1.0395784959162	86
-0.07027024057091	1.04605846100747	86
0.03218127253685	0.911052508375353	481
-0.101473546234521	0.723531388531303	481
-0.043944881346302	0.344844233810228	481
0.10790071275019	2.48699855775513	824
-0.118639672337379	1.95497014361237	631
-0.067083748751934	2.11199995148342	352
-0.093394762373158	1.19622223296008	191
-0.07206676530546	1.50742461452868	500
-0.061932171341143	1.20208196247888	191
-0.039941535158051	1.81094442676791	365
-0.036552678625193	0.737010024602681	277
-0.043773963352507	0.344930752421141	61
-0.120965731492877	1.19277287665804	725
0.0820125304491	1.08338423529324	147
-0.044088594342648	0.344573880945257	406
-0.043459434457195	0.344960841267334	617
0.0562663309454501	0.549797046240232	617
-0.071129935948653	0.54523415602611	617
-0.082641435403759	0.884624051510388	214
0.0969263738528801	1.40790772389199	214
0.03223474756332	0.911370242557373	214
0.03840845739073	1.69533751945098	668
-0.03140399854422	0.89460902425551	214
0.04445280576643	0.754261634807508	234
-0.071222132294741	0.545067781172208	234
-0.044602602733049	0.34432064158674	234
0.05637042484898	0.549937742703155	611
0.0442507952022	0.75417682170438	277
-0.043603286547006	0.344907057276545	61
-0.043603286547006	0.344907057276545	61
-0.070163460558768	1.04615595032074	725
0.0819798819994	1.08407267577228	147
-0.031343419721046	0.89475746323902	214
-0.070229167374276	1.04607476578153	214
0.0111780015185501	1.37615412776637	214
0.11227370074581	0.937047088395299	21
0.04451843552852	0.75427672392129	234
-0.043773963352507	0.344930752421141	234
-0.101488784963315	0.72345451589888	281
-0.10193039827492	0.722412883547217	106
-0.101555735739257	0.723439633854202	175
-0.061852608948362	1.20208364444099	8
0.107720214872	2.48587814523108	352
-0.093416672765968	1.19626278064051	191
0.10283615965015	2.18058998030969	352
-0.020040569781468	1.52195396407605	191
-0.09348282280388	1.19591646706085	500
0.04445280576643	0.754261634807508	277
0.0968196345046901	1.4076915071428	195
0.0439984206623001	0.753790274969522	147
-0.120988247890347	1.19282700741373	206
0.0968131370208101	1.4076018643672	725
0.12042880500867	1.25778129884721	147
-0.043459434457195	0.344960841267334	406
0.0563688923575001	0.549638324540131	406
0.03223474756332	0.911370242557373	617
-0.101481160201522	0.723517076998338	386
-0.101465943068103	0.723499377018564	386
0.06397666018782	1.23864783246621	214
0.06389472041138	1.23816303724896	214
0.0818125950202999	1.0837419748717	281
-0.031418344819664	0.894400703459376	281
0.0439984206623001	0.753790274969522	175
-0.101383828947527	0.723509241619784	86
-0.036431687353034	0.736798247243143	175
-0.11735409112435	2.31832261695942	631
-0.030313522534689	2.27580285543813	631
0.0817754508413	1.08353682191244	500
0.00977201162269004	1.53097303881575	500
-0.071242537484796	0.545183921949788	191
-0.070311333464076	1.04585331333431	195
-0.036522472713603	0.737109537115533	678
-0.053984404702373	1.35858620744512	195
-0.101570905004164	0.72345739395091	195
0.04434466175505	0.754284813205743	147
-0.101473546234521	0.723531388531303	147
0.03231421993805	0.911417879412006	725
0.05626488614213	0.549849792880685	406
0.0562656490431901	0.549859734255288	406
-0.101847976944587	0.722800095652409	386
-0.082694514705985	0.884519673248624	214
0.08191949778297	1.08398924701774	214
-0.036445986631397	0.737102462140653	214
-0.036598902361397	0.736897946780892	214
0.0563721169038001	0.549683027568135	234
-0.043603286547006	0.344907057276545	234
-0.071344907241322	0.545035913914066	234
0.02238428843625	1.06661774607404	106
0.05626488614213	0.549849792880685	175
-0.044431024415727	0.344510645872178	611
-0.071232343712938	0.545207466605494	611
0.0443304262702799	0.75412128636301	86
0.0968597420519499	1.40781389017121	191
0.0561600813982901	0.549571799070062	61
-0.027597243513091	1.05483487911551	147
0.12038509420166	1.25758642286657	147
-0.027619123996169	1.05477624341821	725
-0.107122215548661	1.03921822390265	147
-0.036445986631397	0.737102462140653	147
0.0443589125975701	0.754279565754827	406
-0.031343419721046	0.89475746323902	617
-0.101383828947527	0.723509241619784	617
0.0226781593240499	1.0668492289337	214
-0.036522472713603	0.737109537115533	386
0.11244681567147	0.937407616180729	21
-0.031236594054134	0.894851243166186	214
-0.07147753247626	0.54477972387055	234
-0.070138892518716	1.04615050396631	214
-0.036552678625193	0.737010024602681	281
0.0441569944418201	0.754003890830394	281
-0.0363935134676771	0.736821246325193	106
-0.070442728216739	1.04549442636668	175
-0.101548167322622	0.723359211386074	481
-0.01790388525039	1.67317603869796	8
0.06309573936895	1.85859151299662	191
-0.031357752098785	0.894627010363366	191
-0.025876347441613	1.21091120352223	206
-0.0826401628661601	0.88459815617751	725
-0.036415794228469	0.737122253083976	147
0.0226826779847	1.06599453611528	725
0.11260056216583	0.937590941216586	147
0.04382595187159	0.753163483259836	147
0.0819333635302699	1.08399928718163	147
-0.027573007270622	1.05439003179586	214
-0.031176028778409	0.894849317055589	617
-0.0826686086539969	0.884513381069642	386
0.12036323164398	1.25738998013496	386
0.0820264018188499	1.08391026580736	214
0.0638040775754301	1.23820336293762	214
0.12032630355578	1.25727339496638	281
0.0819798819994	1.08407267577228	281
-0.031282850067381	0.894833241968667	281
-0.036415794228469	0.737122253083976	124
-0.031343419721046	0.89475746323902	106
0.0226781593240499	1.0668492289337	106
0.08199373502602	1.08398592332374	20
-0.070467430902091	1.04541644150442	20
-0.071119688055949	0.545314341145758	175
-0.101578505841053	0.723394863993532	86
0.03212918709089	0.911191470796257	86
-0.0967751486764999	2.29827639239616	122
0.00580336469915999	2.44575377497754	122
0.00766519520391995	1.83148586720424	122
-0.061896203258868	1.20214854372511	8
0.04443859417144	0.754332078234377	191
-0.062221586432041	1.20113748429292	365
-0.037549574473037	1.96022558293229	365
0.0440920117303101	0.753962957849965	147
-0.031222289606827	0.894831303474498	147
0.0442507952022	0.75417682170438	147
0.0430913708813001	1.54240254827723	147
0.05637042484898	0.549937742703155	32
-0.101563314968327	0.723471675074255	214
0.0112286315144901	1.37615506412961	214
0.11266921340707	0.937364453845918	617
0.11255900834009	0.937756926523111	617
0.06403352704735	1.23743037853111	214
0.0563696991348801	0.549855793811326	281
0.11256634242361	0.937710941311817	175
-0.036484236733938	0.737132596613881	175
-0.044431024415727	0.344510645872178	175
0.11254430621574	0.937658562049887	175
-0.036514421905951	0.737033103872343	86
0.0224631035060801	1.06655577524297	86
-0.064230806567695	2.46335328591832	78
-0.045749637708311	2.27689310151886	78
0.10808533470059	2.48726049748923	122
0.0922201603063499	2.32442398657416	122
0.04443859417144	0.754332078234377	8
0.12023906966822	1.25762577397688	191
-0.07065765908776	0.545237570130125	191
0.02238575150709	1.06666914591894	191
0.05626693197811	0.549595337703117	191
-0.031190337220102	0.894659869597943	678
-0.071119688055949	0.545314341145758	61
-0.036598902361397	0.736897946780892	147
-0.036377550744814	0.737032606359318	147
0.06398097835505	1.23840565329022	147
-0.101555735739257	0.723439633854202	147
-0.101563314968327	0.723471675074255	147
0.0224933125245399	1.06690079768204	147
0.04418566840128	0.754070728099669	147
0.04434466175505	0.754284813205743	147
0.05615920010244	0.549561803212589	147
-0.036522472713603	0.737109537115533	214
-0.071109422516136	0.545239423768143	21
0.0440776278483901	0.753951679336125	21
-0.036492238854222	0.737129368422307	281
-0.036659369110434	0.736608498678328	281
-0.027534068176969	1.05493761996588	20
0.11255166293503	0.937740334633732	20
0.05637163360447	0.549884852122293	281
0.01568367007141	1.22262738598399	106
-0.043603286547006	0.344907057276545	175
-0.031450244150027	0.894382250245405	20
0.03219562389923	0.911216412299517	86
-0.052142690218686	2.45513953259028	122
0.07524329736851	2.16328457570886	122
0.0631272973663399	1.85862783397122	122
-0.070377019622332	1.04570668698556	365
0.09701305323353	1.40787681640597	725
-0.082426584253299	0.884600886453719	147
-0.036590921217337	0.736933842807329	147
0.11246881043441	0.937662436095658	147
-0.101465943068103	0.723499377018564	147
-0.082667339791759	0.884581953780753	32
-0.071232343712938	0.545207466605494	32
-0.071006940147097	0.545364679729449	214
-0.107315675702255	1.0387690230668	214
-0.107095662010047	1.03951579834305	214
0.04320213440087	1.54261883837956	214
0.0562663309454501	0.549797046240232	617
-0.0431186725812021	0.345023297855276	21
-0.071232343712938	0.545207466605494	21
0.0562656490431901	0.549859734255288	21
-0.082614260148593	0.884686342578039	281
-0.106875754699892	1.0396588548855	214
0.03232726684426	0.91135634635286	234
0.11246881043441	0.937662436095658	214
-0.106815548134278	1.03927214426373	106
0.0562656490431901	0.549859734255288	175
-0.082748858511929	0.884244559525744	86
0.12047249673099	1.25773219043942	86
-0.036590921217337	0.736933842807329	175
-0.045741748438948	2.27708493038286	78
0.0417949738832699	2.45394256440103	122
-0.010132754396425	2.44652912064766	122
-0.12387245573787	1.64320496568615	122
0.02363466505986	2.28804812446082	122
-0.071961203094673	1.50760741097733	122
-0.023615892360623	1.3659209073729	8
-0.071457378764343	0.544731695529714	285
0.0564763435040401	0.549821521222389	285
-0.107069162949579	1.0395784959162	365
-0.0258703736649421	1.21102676146163	365
-0.027449018497797	1.05497512183915	195
-0.03138967012002	0.894530621309699	147
-0.071467464463713	0.544905767686774	147
0.11244681567147	0.937407616180729	147
-0.036598902361397	0.736897946780892	147
0.11256634242361	0.937710941311817	147
-0.070011552743518	1.04603386707996	147
-0.101645579839088	0.723312999645903	32
0.0509038892665701	1.38912592395111	32
-0.101383828947527	0.723509241619784	617
-0.036522472713603	0.737109537115533	386
0.05637106962915	0.549947620800554	21
0.02233269921105	1.06637913404076	21
0.09684612039351	1.40741727918137	214
0.0225478369252501	1.0667129967789	214
0.11257366517831	0.937599599098464	106
0.12402799469874	1.57548642785334	106
0.0819704741682901	1.08385911346014	283
-0.043944881346302	0.344844233810228	171
-0.071017242216908	0.545220013672355	175
-0.082588363856588	0.88466355355712	86
-0.071232343712938	0.545207466605494	481
0.0508174440435101	1.38922359783108	93
-0.017906955687421	1.67330093505627	93
-0.07024970151071	1.04608966046289	365
-0.101563314968327	0.723471675074255	277
0.03211615560474	0.911081852028009	147
0.11263885012019	0.93771101399471	147
-0.036629149696626	0.736798442331128	147
0.0226539061253599	1.06687071996267	147
-0.0826401628661601	0.88459815617751	147
-0.036492238854222	0.737129368422307	32
-0.071119688055949	0.545314341145758	32
-0.082587082885628	0.884702546982814	214
0.0441064110873299	0.753698616012232	617
-0.036454023593511	0.737152407988497	21
0.0323544485726699	0.911205110641991	21
0.11264915203471	0.937731269932564	234
0.0438904329343599	0.753257559604223	281
0.05637163360447	0.549884852122293	106
0.0637791237896499	1.23803126051157	106
0.0818823606615999	1.08376474934687	106
-0.071119688055949	0.545314341145758	175
0.02238575150709	1.06666914591894	20
-0.082746346038195	0.884186672243287	20
-0.101465943068103	0.723499377018564	20
0.02249479118892	1.06651329397865	175
0.12032416462092	1.25778427019312	175
-0.101653135129711	0.72334506195932	175
-0.086726928570751	2.47708938336475	122
-0.086610391549293	2.47740970788483	122
-0.027449018497797	1.05497512183915	191
-0.082614260148593	0.884686342578039	191
0.0968998391304601	1.40770310099859	365
0.06408773501193	1.23857011512452	277
0.11256634242361	0.937710941311817	678
0.11228098205664	0.937128664631718	678
-0.0365606945846591	0.737033359814109	147
0.12407159876521	1.57566971878517	147
-0.031236594054134	0.894851243166186	147
0.0819566225974699	1.08406505818642	147
-0.071242537484796	0.545183921949788	617
-0.106982493438585	1.03969156702207	386
-0.03140399854422	0.89460902425551	21
0.11237855832652	0.937463227606808	175
0.1124541585777	0.937564150996836	175
-0.039173740277027	2.45098201996082	122
-0.124113912700216	1.64317768539672	8
0.0842122572433299	2.47311852820178	8
0.0710694901919899	1.70921142613471	93
0.0323544485726699	0.911205110641991	678
-0.043773963352507	0.344930752421141	26
-0.101504066847818	0.723144469655323	147
0.0323675214427801	0.911314788146664	147
-0.07135504694871	0.545077172240108	32
0.0225978862785401	1.0669755162005	214
0.06395175480383	1.23842646095537	214
-0.027553496326338	1.05480356633002	617
-0.036552678625193	0.737010024602681	386
-0.071242537484796	0.545183921949788	386
0.0322881139647699	0.911373667372357	386
0.11265651125862	0.93768533175143	214
0.0440776278483901	0.753951679336125	21
0.0225190910678099	1.06703055372121	21
0.03240671571427	0.911297550919524	281
-0.0313202942154019	0.894791434390984	281
-0.036445986631397	0.737102462140653	20
0.0441569944418201	0.754003890830394	175
0.11257366517831	0.937599599098464	175
0.02254486376266	1.06702666289685	86
0.0818823606615999	1.08376474934687	86
-0.0597773227304	2.28090742390786	122
-0.03982745674957	1.8115036678986	8
0.02254486376266	1.06702666289685	277
0.06397220553873	1.23828692226915	195
0.0434236705291	1.54212468565044	206
-0.036445986631397	0.737102462140653	147
0.0442650852691	0.754232399790507	147
0.02237345150721	1.0657911689332	725
-0.061737071217686	1.20190034636345	725
-0.101481160201522	0.723517076998338	147
-0.036514421905951	0.737033103872343	147
0.05637042484898	0.549937742703155	147
-0.101414445239255	0.723122303725808	147
-0.071232343712938	0.545207466605494	147
0.0443589125975701	0.754279565754827	147
0.0564771556644901	0.549557007715875	32
0.0820867817505	1.08389694752759	386
0.0443589125975701	0.754279565754827	386
-0.036454023593511	0.737152407988497	21
-0.071344907241322	0.545035913914066	281
-0.107069162949579	1.0395784959162	20
-0.07027024057091	1.04605846100747	171
-0.071344907241322	0.545035913914066	175
-0.107449601291024	2.30799779422905	122
-0.0436301765277211	0.34477098044816	285
0.0967464660549799	1.4073236257403	277
-0.027342076791285	1.05478600096291	147
0.0440920117303101	0.753962957849965	147
0.0443304262702799	0.75412128636301	214
0.0442000285553601	0.753745591329173	386
-0.036598902361397	0.736897946780892	21
0.11253191126054	0.937495750855169	281
0.12030004251093	1.25744286931594	20
0.11256634242361	0.937710941311817	20
-0.082615537455758	0.88455288039271	106
-0.101458350708023	0.723418983530821	283
-0.082427889447007	0.884581595836898	106
-0.0436301765277211	0.34477098044816	171
-0.071242537484796	0.545183921949788	175
-0.082562474023551	0.884520071952556	175
-0.107049097525559	1.03963025554267	86
0.03222171039443	0.911376016037499	86
-0.0432889332822301	0.345047173325076	481
-0.051917990743095	2.45713344066336	122
-0.044602602733049	0.34432064158674	285
0.0443589125975701	0.754279565754827	191
-0.023649117819565	1.36583197593785	365
-0.101563314968327	0.723471675074255	277
-0.101563314968327	0.723471675074255	147
0.0443589125975701	0.754279565754827	147
0.02254486376266	1.06702666289685	147
0.0442793907465899	0.754117796960099	147
-0.101743006698458	0.723151630240779	147
-0.031366545021736	0.894672147645549	147
-0.101735475346937	0.723119555449305	386
-0.070315419983346	1.0459429370416	214
0.02246457856493	1.06689134986402	214
0.11254430621574	0.937658562049887	281
0.08178934049594	1.08361520694499	281
0.0226266424522299	1.06699363596241	214
0.02254635039986	1.06701992887898	20
-0.101376201845311	0.723477270342393	281
0.11247611937041	0.937616420025001	283
-0.036484236733938	0.737132596613881	175
-0.071344907241322	0.545035913914066	175
-0.101645579839088	0.723312999645903	86
-0.070996620429515	0.54534639567847	175
-0.0313202942154019	0.894791434390984	175
-0.071242537484796	0.545183921949788	481
-0.097031618392349	2.48504897295847	78
0.1240568985279	1.57547815653673	8
0.0821238888946201	1.08387210308138	191
-0.098085972588918	1.79551035550944	93
-0.036621119907987	0.736743850951486	147
0.0564763435040401	0.549821521222389	147
0.12047249673099	1.25773219043942	147
0.03230116897854	0.911423629192629	147
-0.036552678625193	0.737010024602681	147
-0.036484236733938	0.737132596613881	147
-0.036454023593511	0.737152407988497	147
-0.070883725911559	0.545396838220442	32
0.05647678982563	0.549758738961787	32
0.0819566225974699	1.08406505818642	214
-0.101645579839088	0.723312999645903	214
-0.07135504694871	0.545077172240108	617
0.03212918709089	0.911191470796257	214
-0.031427121450776	0.894523734287508	281
-0.101825422241122	0.722844544271239	214
0.04398399761367	0.75369610299678	281
-0.031236594054134	0.894851243166186	20
0.03247305276511	0.911071931077737	283
-0.10175810185148	0.72307499104243	175
-0.036552678625193	0.737010024602681	175
-0.101286512089615	0.723279706234237	481
-0.101675865855475	0.723150480152216	481
-0.027638575945297	1.05466978524651	191
-0.047618979779	1.51256162681981	277
0.0561608815010499	0.549509252408709	147
-0.071232343712938	0.545207466605494	147
-0.070184005470795	1.04617082712758	121
-0.08277352230277	0.88417047151083	147
0.08199373502602	1.08398592332374	147
0.04445280576643	0.754261634807508	147
-0.082803194307092	0.883695327888752	214
0.0440920117303101	0.753962957849965	214
-0.031412795018461	0.894322138439895	214
-0.0310460727298471	0.894365896391996	214
-0.031305977772603	0.894747914864557	617
0.0637791237896499	1.23803126051157	214
-0.0826401628661601	0.88459815617751	20
0.08182495853407	1.08349838901012	20
-0.036492238854222	0.737129368422307	281
0.04391937281694	0.753418556494389	175
-0.031343419721046	0.89475746323902	20
0.0564763435040401	0.549821521222389	175
0.0818962404813699	1.08398163423465	175
-0.101653135129711	0.72334506195932	481
-0.045649201018207	2.27753575564586	631
0.0968131370208101	1.4076018643672	93
-0.082587082885628	0.884702546982814	191
0.12013215405157	1.25718079558709	277
0.05637106962915	0.549947620800554	147
-0.031305977772603	0.894747914864557	147
-0.120982780420189	1.19270343231359	147
-0.062142007857602	1.20156771857056	121
-0.070377019622332	1.04570668698556	121
0.09691988375194	1.40755738717905	147
0.11265651125862	0.93768533175143	147
-0.027575367622978	1.05484399731642	147
-0.101263623766458	0.722853059462483	147
-0.082667339791759	0.884581953780753	214
0.09698653637886	1.40765125946007	214
-0.101481160201522	0.723517076998338	386
-0.036522472713603	0.737109537115533	281
0.0155640530021299	1.2227607009341	106
-0.082638891343881	0.884320457399692	175
-0.071232343712938	0.545207466605494	175
-0.03914446997162	2.45144653297959	631
0.07515357328579	2.16336283906221	8
-0.023538463029037	1.36616140050926	93
0.07090834332631	1.70898003028784	93
-0.082614260148593	0.884686342578039	277
-0.0436301765277211	0.34477098044816	26
-0.03125091644282	0.894584091745297	147
-0.031176028778409	0.894849317055589	74
-0.027468422833027	1.05481447822713	307
-0.03634735110308	0.736961016350349	617
0.1124541585777	0.937564150996836	214
-0.036454023593511	0.737152407988497	214
0.11255900834009	0.937756926523111	281
-0.101735475346937	0.723119555449305	281
0.11230999381829	0.936801339064941	281
0.0440776278483901	0.753951679336125	281
-0.027597243513091	1.05483487911551	283
0.04417132370979	0.75412450860252	175
-0.101578505841053	0.723394863993532	175
-0.071232343712938	0.545207466605494	175
0.05626488614213	0.549849792880685	481
-0.071232343712938	0.545207466605494	147
0.0818962404813699	1.08398163423465	147
-0.101586117473243	0.723276956405637	147
0.1124541585777	0.937564150996836	147
-0.101645579839088	0.723312999645903	147
-0.101750548868484	0.723137417121878	147
0.02254486376266	1.06702666289685	307
0.02254486376266	1.06702666289685	147
-0.07135504694871	0.545077172240108	214
0.11243946145632	0.937150896714858	386
0.08091520805328	1.55695293669561	214
0.0225721212738299	1.06706916732697	20
0.0322881139647699	0.911373667372357	20
-0.043459434457195	0.344960841267334	171
-0.07020455530967	1.04613960732077	20
-0.0258241171195031	1.21092773547196	20
-0.07135504694871	0.545077172240108	175
-0.082588363856588	0.88466355355712	175
-0.101391466843945	0.723494902630146	481
0.0432300720759	1.54229463633676	8
-0.0981152595593599	1.79557007705406	8
0.0090729844667401	1.68374071222647	93
-0.101481160201522	0.723517076998338	147
-0.043944881346302	0.344844233810228	26
-0.071119688055949	0.545314341145758	147
0.0440920117303101	0.753962957849965	147
-0.026023442511273	1.21074974660252	121
-0.036582856574251	0.7368200202736	74
-0.0313202942154019	0.894791434390984	147
-0.06195398174659	1.20214510056494	307
-0.0704222008467	1.04562146675821	307
0.02238575150709	1.06666914591894	214
-0.101488784963315	0.72345451589888	214
-0.093527229296644	1.1960291448263	214
-0.107216036394515	1.03876348480035	214
0.11265651125862	0.93768533175143	214
-0.070142920573239	1.0460942175221	214
-0.031357752098785	0.894627010363366	281
-0.0313202942154019	0.894791434390984	214
0.0442793907465899	0.754117796960099	281
-0.036522472713603	0.737109537115533	20
-0.031129767148704	0.894657982741038	106
-0.070142920573239	1.0460942175221	106
0.0442793907465899	0.754117796960099	175
-0.071119688055949	0.545314341145758	175
-0.031357752098785	0.894627010363366	86
-0.044259688427062	0.344597279041458	481
-0.118803919102602	1.95436234035236	631
0.00963863151731004	1.530782323258	8
0.12017577789329	1.25737545212184	93
0.08182495853407	1.08349838901012	93
-0.054140996327211	1.35871717162704	93
0.08437932957747	2.01999563210698	93
-0.031450244150027	0.894382250245405	147
-0.036445986631397	0.737102462140653	147
-0.082695779902199	0.884348888839568	121
0.01114902933734	1.37605247208215	74
0.1123027579141	0.936987787385083	147
0.0383664128830099	1.69480751753665	307
-0.101675865855475	0.723150480152216	147
0.12021724926848	1.25755972178808	214
0.0447067089003601	0.754158185006827	617
-0.101465943068103	0.723499377018564	214
0.03230116897854	0.911423629192629	214
0.0321422145261101	0.911241377499726	281
-0.036598902361397	0.736897946780892	281
0.0225176082995899	1.06692995816121	214
-0.0258703736649421	1.21102676146163	214
0.03232726684426	0.91135634635286	281
0.12030233812361	1.25777863394742	20
0.0224660534177801	1.06691141992885	106
-0.043773963352507	0.344930752421141	175
-0.101660701233066	0.723330813645462	175
0.0440920117303101	0.753962957849965	175
0.03222171039443	0.911376016037499	175
-0.082559903611956	0.88467261828141	86
0.04401285919836	0.753591006608618	481
-0.104979965981315	1.95204370719685	8
-0.037451364772415	1.96060171998242	93
0.0818962404813699	1.08398163423465	191
-0.036552678625193	0.737010024602681	277
-0.071467464463713	0.544905767686774	147
0.0820264018188499	1.08391026580736	74
0.0323675214427801	0.911314788146664	307
0.05637042484898	0.549937742703155	32
0.04442439792067	0.754229357853164	214
-0.101391466843945	0.723494902630146	617
-0.0825353000710391	0.884630729150845	214
-0.107029034734294	1.03963856948692	214
-0.082588363856588	0.88466355355712	106
-0.031092339574569	0.894680981991094	20
-0.07089409986287	0.545350618768897	175
-0.027660441355493	1.05466068289494	20
-0.015872268506999	2.11942373130263	8
0.0820402577239101	1.08405931812681	93
-0.036454023593511	0.737152407988497	93
-0.07024970151071	1.04608966046289	191
-0.020368595026518	1.52070709083646	195
-0.107175901068857	1.03921557284742	74
0.00968308622855996	1.53089655507209	74
0.0156906993077599	1.22317981562744	74
-0.107202405814818	1.03927323507825	74
0.02254635039986	1.06701992887898	74
-0.07024970151071	1.04608966046289	307
-0.043773963352507	0.344930752421141	32
-0.031222289606827	0.894831303474498	214
-0.071365168967766	0.54488630078218	214
0.04418566840128	0.754070728099669	617
0.08191949778297	1.08398924701774	214
0.0966663064336299	1.40707611136438	214
0.0562656490431901	0.549859734255288	281
0.12042880500867	1.25778129884721	813
0.11227370074581	0.937047088395299	175
-0.0432889332822301	0.345047173325076	175
-0.071344907241322	0.545035913914066	175
-0.036514421905951	0.737033103872343	175
-0.031329105280277	0.894606371874941	175
0.04442439792067	0.754229357853164	481
0.02582811053606	2.13619863398987	8
-0.101570905004164	0.72345739395091	93
0.0843506506751099	2.01985503172792	93
-0.036461977062203	0.737057787372522	191
0.0323675214427801	0.911314788146664	277
-0.1017656656419	0.722957228514347	147
-0.0313202942154019	0.894791434390984	147
-0.027451613613913	1.0547402839139	74
0.0156508067566601	1.22311756105978	74
-0.06203355285445	1.20199687747258	74
-0.101391466843945	0.723494902630146	147
-0.031305977772603	0.894747914864557	214
0.0225433769094201	1.06672432955016	214
0.0818125950202999	1.0837419748717	281
0.12030233812361	1.25777863394742	813
-0.031282850067381	0.894833241968667	813
-0.027597243513091	1.05483487911551	813
-0.101473546234521	0.723531388531303	813
-0.031092339574569	0.894680981991094	20
-0.067161618918245	2.11209118805827	122
-0.015914428698776	2.11879129220315	631
0.0442650852691	0.754232399790507	8
0.0821006249312299	1.08392264488797	191
-0.031343419721046	0.89475746323902	195
-0.027701806748982	1.05442091155917	195
-0.026043601476936	1.2106178759998	74
0.0639971323350501	1.23862468358195	74
-0.101406774995768	0.723314388891773	74
-0.070996620429515	0.54534639567847	147
-0.0932786629558801	1.19629366231329	307
0.0439984206623001	0.753790274969522	147
0.11237855832652	0.937463227606808	32
-0.101675865855475	0.723150480152216	32
0.0442650852691	0.754232399790507	32
-0.071006940147097	0.545364679729449	617
-0.03656862711982	0.736917816316698	214
0.03240671571427	0.911297550919524	386
0.0155839961567801	1.22287164672433	281
-0.0436301765277211	0.34477098044816	588
0.0562663309454501	0.549797046240232	175
-0.043773963352507	0.344930752421141	175
0.04461253916478	0.754259014192373	481
-0.036621119907987	0.736743850951486	481
0.00408367805309995	2.2815421270036	122
-0.020233543114608	1.5216269848091	8
-0.07089409986287	0.545350618768897	74
0.03219562389923	0.911216412299517	74
-0.101638035366788	0.723232568316259	147
-0.107155837359721	1.03935934976629	147
0.08199373502602	1.08398592332374	147
-0.026069765312652	1.21062418865468	147
0.0709527078324499	1.70901766610056	214
0.11246881043441	0.937662436095658	281
0.08191010479496	1.08387246777139	813
-0.101645579839088	0.723312999645903	20
-0.071119688055949	0.545314341145758	20
-0.031213465741009	0.894783796754406	20
-0.031101196358104	0.894410612713454	106
-0.031101196358104	0.894410612713454	588
-0.071467464463713	0.544905767686774	703
-0.071344907241322	0.545035913914066	703
-0.093449752832776	1.19612086809581	20
0.03219562389923	0.911216412299517	481
0.0947427313353499	1.87468855065867	631
-0.042502009834006	1.66364391518024	8
-0.023427805260376	1.36622295172062	8
0.12410757971275	1.57569928849423	8
0.12038742061257	1.2578398543556	93
0.11246881043441	0.937662436095658	191
-0.036598902361397	0.736897946780892	277
0.03218127253685	0.911052508375353	831
0.03223474756332	0.911370242557373	147
0.0321031200666	0.910902241593399	147
-0.101286512089615	0.723279706234237	147
-0.107135776282277	1.03945575686171	307
-0.101481160201522	0.723517076998338	214
0.0820031417389	1.08402208373736	214
0.04417132370979	0.75412450860252	214
0.04434466175505	0.754284813205743	281
0.11263094548044	0.937244495488712	281
-0.082587082885628	0.884702546982814	281
0.12009268579754	1.25646413406069	20
-0.036484236733938	0.737132596613881	20
0.0224387963694599	1.06686892521899	20
0.0637177772142501	1.23776069167774	106
0.05637106962915	0.549947620800554	588
-0.0813431324634371	1.35331531634814	8
0.06384499251049	1.23832529854286	765
0.01108410977811	1.37572569060818	765
-0.02349973524978	1.36620833955754	365
0.0564763435040401	0.549821521222389	831
0.0321552379114201	0.911235583775859	727
0.0441569944418201	0.754003890830394	214
0.04417132370979	0.75412450860252	214
0.1201539683569	1.2573094381826	214
0.03211615560474	0.911081852028009	214
-0.031548301753379	0.893971801306482	20
-0.036621119907987	0.736743850951486	772
0.05637163360447	0.549884852122293	772
-0.036500157553343	0.736981665988245	20
-0.10166827814355	0.723268328705126	20
-0.082588363856588	0.88466355355712	106
0.05637042484898	0.549937742703155	588
-0.027534068176969	1.05493761996588	20
-0.036590921217337	0.736933842807329	175
-0.093383582571943	1.19634354973033	86
0.11260056216583	0.937590941216586	86
0.11255166293503	0.937740334633732	86
0.0224660534177801	1.06691141992885	93
-0.086604289591006	1.65052960814083	765
0.02249183379048	1.06698805226884	277
-0.023676798343979	1.36558405330682	277
-0.043773963352507	0.344930752421141	26
-0.06203355285445	1.20199687747258	121
-0.107162305451928	1.03933324116451	74
0.12025867081795	1.25758380689059	147
-0.082800696548785	0.884108236393168	147
-0.07020455530967	1.04613960732077	147
0.0442650852691	0.754232399790507	147
-0.082612983926298	0.884568233999964	214
-0.082588363856588	0.88466355355712	214
0.0819333635302699	1.08399928718163	214
0.12030004251093	1.25744286931594	214
-0.093339182077986	1.19617708861348	214
0.04418566840128	0.754070728099669	20
0.11255900834009	0.937756926523111	20
-0.031199159291512	0.894865284437944	20
0.07095504417893	1.70932408026113	380
-0.071232343712938	0.545207466605494	481
-0.031343419721046	0.89475746323902	481
0.0237446769149901	2.28816647703764	8
-0.047439636557864	1.51364262550092	8
-0.020138946037191	1.52101377468054	765
0.08178934049594	1.08361520694499	277
-0.036514421905951	0.737033103872343	147
-0.036407722391707	0.737012836381491	147
0.04417132370979	0.75412450860252	727
0.11255166293503	0.937740334633732	214
-0.106982493438585	1.03969156702207	214
-0.082534010651157	0.884742054533541	214
-0.026023442511273	1.21074974660252	214
0.0562656490431901	0.549859734255288	772
-0.027470915365567	1.0549659670489	813
-0.0432889332822301	0.345047173325076	588
0.02241154137659	1.06677223909026	20
-0.043459434457195	0.344960841267334	265
-0.071232343712938	0.545207466605494	265
0.03416887178293	1.84408221396725	8
-0.07135504694871	0.545077172240108	93
-0.0825353000710391	0.884630729150845	765
-0.101376201845311	0.723477270342393	765
-0.070883725911559	0.545396838220442	147
-0.031138605627173	0.894764321872648	121
-0.0427905678321801	1.66393317047634	121
0.01131556618493	1.37615094986661	74
0.01571760041628	1.22328489320777	74
-0.106003060929555	1.34961983866979	74
-0.106988917037548	1.03952354306334	307
-0.070184005470795	1.04617082712758	307
-0.036637096058068	0.736684857359088	80
0.06410823467042	1.23860283610903	214
-0.101458350708023	0.723418983530821	214
-0.070381160860896	1.04573055093994	214
-0.071119688055949	0.545314341145758	772
0.04401285919836	0.753591006608618	772
-0.101578505841053	0.723394863993532	20
-0.071129935948653	0.54523415602611	588
-0.043773963352507	0.344930752421141	588
0.0156707544315	1.2231748186568	380
-0.101563314968327	0.723471675074255	86
-0.031115472698623	0.894748372952573	481
-0.101473546234521	0.723531388531303	481
-0.037404251572721	1.96060033318436	8
-0.093400291330971	1.19598753784182	765
0.0948840264419799	1.8745803739332	195
0.11538662491594	2.03830842347718	121
-0.020121492498366	1.52193792585916	121
0.0641534760310101	1.23835891427616	121
0.0442507952022	0.75417682170438	583
0.0640629424279799	1.23865352988679	74
0.11238584210836	0.937417194792886	727
0.11237855832652	0.937463227606808	214
-0.082559903611956	0.88467261828141	214
0.0323805902558501	0.91136476035372	214
-0.031343419721046	0.89475746323902	214
0.12038742061257	1.2578398543556	214
0.0322477806810699	0.911308684661655	20
-0.082747601756595	0.88435030569052	20
0.0383055924928899	1.69498462400673	813
-0.031176028778409	0.894849317055589	20
0.0442507952022	0.75417682170438	20
-0.025983131926571	1.21086133689734	380
0.0323805902558501	0.91136476035372	481
0.0842520899960499	2.47315529974129	8
0.10289341384819	2.18058610339946	8
0.00556426416121991	1.97793124779086	8
-0.062185618557441	1.20136505414601	93
-0.07996285909275	1.79955223320214	765
0.01106942328581	1.37581562452475	765
0.04417132370979	0.75412450860252	277
0.0225721212738299	1.06706916732697	277
-0.106186156377944	1.34868145739403	195
0.0562663309454501	0.549797046240232	831
0.0562663309454501	0.549797046240232	147
0.10684496930485	1.72427428346979	121
0.12410757971275	1.57569928849423	74
-0.101555735739257	0.723439633854202	74
-0.071109422516136	0.545239423768143	147
0.02243732538821	1.0667368304008	147
0.0562656490431901	0.549859734255288	147
-0.061975775192178	1.20209270577559	307
-0.031213465741009	0.894783796754406	727
0.0818962404813699	1.08398163423465	214
0.05637106962915	0.549947620800554	772
-0.043773963352507	0.344930752421141	632
-0.101586117473243	0.723276956405637	20
-0.036598902361397	0.736897946780892	20
0.0820635195696999	1.08400874146865	20
0.05637163360447	0.549884852122293	265
0.0969063144326601	1.40787583355748	380
-0.107258344622287	2.49114596513546	631
0.00548933527974005	1.97763264408512	8
0.0156508067566601	1.22311756105978	93
-0.025737523328071	1.21089442770619	765
0.00977201162269004	1.53097303881575	365
-0.043773963352507	0.344930752421141	831
-0.0722038919004691	1.50660355440281	121
-0.093505270926033	1.1960014376103	307
-0.031274042578904	0.894708011352014	147
0.0562656490431901	0.549859734255288	492
0.11246149016777	0.937645880867221	727
-0.082747601756595	0.88435030569052	214
-0.062077132257867	1.2017399436275	214
0.0820169962102899	1.08405169334965	214
-0.070327957823185	1.04476549174028	214
0.05637106962915	0.549947620800554	772
0.11263885012019	0.93771101399471	20
-0.0933560714823281	1.19628984592423	106
-0.107069162949579	1.0395784959162	20
0.0561608815010499	0.549509252408709	265
-0.044116040951262	0.344654176637369	265
-0.070335948275192	1.0459117599615	380
0.0819566225974699	1.08406505818642	86
-0.115687561775207	1.49718826382405	8
-0.107115717833426	1.03950749724685	93
-0.124108114189303	1.6430184805278	765
0.0562663309454501	0.549797046240232	831
-0.036500157553343	0.736981665988245	831
-0.025876347441613	1.21091120352223	121
0.12036780329992	1.2576117944863	74
-0.101653135129711	0.72334506195932	147
-0.031236594054134	0.894851243166186	147
-0.071129935948653	0.54523415602611	147
0.12036780329992	1.2576117944863	214
0.1122955106478	0.937099102205197	20
-0.101570905004164	0.72345739395091	20
-0.071344907241322	0.545035913914066	772
0.11996194455009	1.25585008569237	20
-0.070446924115264	1.04544756758612	813
0.0639108379854101	1.23852953622882	20
-0.10714225919445	1.0392980866111	380
0.11256634242361	0.937710941311817	481
0.0562656490431901	0.549859734255288	481
-0.039640308654519	1.81172782664508	377
-0.072063517740744	1.50685826472404	377
-0.031259722162075	0.894867219943855	337
0.03239365501272	0.911359038493359	337
0.02249183379048	1.06698805226884	76
0.0968661877060499	1.40763386124893	74
-0.031427121450776	0.894523734287508	147
-0.082641435403759	0.884624051510388	147
0.0156906993077599	1.22317981562744	307
0.0969993607887401	1.40750841698053	80
0.02238575150709	1.06666914591894	214
0.0968597420519499	1.40781389017121	214
0.0321422145261101	0.911241377499726	214
-0.036552678625193	0.737010024602681	20
-0.107029034734294	1.03963856948692	20
0.0157575076224801	1.22334718530484	813
0.03230116897854	0.911423629192629	265
-0.031380875427768	0.894642985006881	380
0.0157843770984001	1.22337377114516	86
0.10280335256245	2.18062749497175	8
-0.065547088143568	1.65660006679154	8
-0.023510722941654	1.36602109097782	8
-0.082614260148593	0.884686342578039	365
-0.017918114942661	1.67291128763807	365
-0.07135504694871	0.545077172240108	337
-0.107208925690582	1.03905393105524	121
-0.0235771820656721	1.36606588452847	121
-0.031259722162075	0.894867219943855	76
0.0321552379114201	0.911235583775859	74
-0.031343419721046	0.89475746323902	147
0.0443589125975701	0.754279565754827	147
-0.082561188256011	0.884725847367179	147
-0.0825353000710391	0.884630729150845	307
-0.082721687611745	0.884409022298023	727
0.05637106962915	0.549947620800554	232
-0.082587082885628	0.884702546982814	80
0.11247611937041	0.937616420025001	80
0.03207569100603	0.911014000073039	214
0.04443859417144	0.754332078234377	20
-0.071119688055949	0.545314341145758	772
-0.107069162949579	1.0395784959162	813
0.11234930987536	0.936952015171795	20
0.11246149016777	0.937645880867221	20
-0.027534068176969	1.05493761996588	380
-0.101555735739257	0.723439633854202	86
0.09699298947154	1.40790283575308	8
-0.03914446997162	2.45144653297959	631
0.01582429899209	1.22343609703963	577
0.03219562389923	0.911216412299517	337
0.08191949778297	1.08398924701774	675
-0.061794851357736	1.20208708271374	74
-0.03140399854422	0.89460902425551	583
-0.082587082885628	0.884702546982814	583
0.08199373502602	1.08398592332374	147
0.0508393939630401	1.38943137256963	307
-0.101743006698458	0.723151630240779	147
-0.027555959146974	1.05487896115819	307
-0.036445986631397	0.737102462140653	214
-0.036407722391707	0.737012836381491	214
0.03226080974875	0.911187169845164	214
-0.031245419726869	0.894745979958276	214
0.0442650852691	0.754232399790507	80
0.04418566840128	0.754070728099669	80
-0.031343419721046	0.89475746323902	214
-0.036454023593511	0.737152407988497	214
0.0442507952022	0.75417682170438	20
-0.036522472713603	0.737109537115533	20
0.08090969093558	1.55658482079739	813
-0.027470915365567	1.0549659670489	106
0.0442650852691	0.754232399790507	380
-0.036552678625193	0.737010024602681	481
0.0817754508413	1.08353682191244	86
-0.017079432977811	1.82072915227364	8
0.0640219706337499	1.23864395137302	93
-0.070118331891034	1.04618174195779	765
0.12407868113726	1.57570757590707	765
-0.081429510182747	1.3534618021676	365
-0.031161738362713	0.894730342815249	337
-0.101773240234113	0.722765355240257	675
-0.071006940147097	0.545364679729449	675
-0.101488784963315	0.72345451589888	583
-0.027616715127442	1.05462935242831	74
0.04417132370979	0.75412450860252	147
0.0443304262702799	0.75412128636301	147
0.0442507952022	0.75417682170438	147
0.0638040775754301	1.23820336293762	80
0.05637106962915	0.549947620800554	20
0.0322881139647699	0.911373667372357	20
0.0323403096981401	0.911234857602017	20
-0.0276823113575591	1.05460207705216	20
0.0637995624259999	1.23800808186331	8
0.11246881043441	0.937662436095658	93
-0.071109422516136	0.545239423768143	285
0.03216825724796	0.911174017936091	765
-0.0236823336323549	1.36567189014871	377
-0.101481160201522	0.723517076998338	337
-0.062055351065708	1.20192457289589	121
0.0640629424279799	1.23865352988679	121
-0.027684792997667	1.05427229999006	76
0.03223474756332	0.911370242557373	74
0.0562663309454501	0.549797046240232	147
-0.036590921217337	0.736933842807329	147
-0.101653135129711	0.72334506195932	80
-0.070996620429515	0.54534639567847	80
0.12027818606313	1.25716935380891	80
0.0322477806810699	0.911308684661655	80
-0.071109422516136	0.545239423768143	80
0.0819798819994	1.08407267577228	214
-0.031548301753379	0.893971801306482	20
0.0225978862785401	1.0669755162005	380
-0.0365606945846591	0.737033359814109	265
-0.031418344819664	0.894400703459376	86
0.04443859417144	0.754332078234377	481
-0.013569391363461	2.27821533952628	631
-0.036522472713603	0.737109537115533	765
-0.107008974572669	1.03960342014187	195
0.03222171039443	0.911376016037499	583
0.08191010479496	1.08387246777139	147
-0.031366545021736	0.894672147645549	147
0.12415826180356	1.57582425342576	307
0.01572307056467	1.22286130758519	727
-0.027468422833027	1.05481447822713	214
-0.071242537484796	0.545183921949788	232
0.0967930941069099	1.40762793019463	80
0.0968661877060499	1.40763386124893	214
-0.10166827814355	0.723268328705126	214
-0.031259722162075	0.894867219943855	214
-0.082561188256011	0.884725847367179	20
-0.036476151045358	0.737003004445714	813
0.0442650852691	0.754232399790507	813
0.0225176082995899	1.06692995816121	20
-0.043944881346302	0.344844233810228	20
0.05637042484898	0.549937742703155	20
0.12040695199024	1.25771518593969	380
0.0225691395848799	1.06633611458833	380
0.0321422145261101	0.911241377499726	380
0.01104776170133	1.37581150200877	577
0.09701305323353	1.40787681640597	577
-0.044602602733049	0.34432064158674	285
-0.106982493438585	1.03969156702207	765
-0.031380875427768	0.894642985006881	76
0.06390632656073	1.23808270338327	76
-0.0276628987390321	1.05450084837954	74
-0.101563314968327	0.723471675074255	74
-0.107202405814818	1.03927323507825	307
0.0322477806810699	0.911308684661655	307
0.0442650852691	0.754232399790507	232
-0.101653135129711	0.72334506195932	214
0.03223474756332	0.911370242557373	80
-0.101750548868484	0.723137417121878	214
-0.082561188256011	0.884725847367179	214
-0.10159373989494	0.723084882905421	813
0.03230116897854	0.911423629192629	813
0.0225176082995899	1.06692995816121	813
0.0818125950202999	1.0837419748717	813
-0.101473546234521	0.723531388531303	20
-0.071242537484796	0.545183921949788	265
0.11239311454361	0.937305835438956	265
0.00750871959324995	1.83154896949974	381
0.1070446660157	1.72529721635093	765
0.0340401853074199	1.84335251635257	365
-0.121137757291496	1.19225835694846	365
0.03204966774021	0.910969946338839	337
0.12038742061257	1.2578398543556	307
-0.107195967412772	1.03901966384072	147
-0.093499719652416	1.19614015503817	307
-0.101832929653365	0.722876621015674	727
-0.03653044002489	0.737053210534985	80
-0.082641435403759	0.884624051510388	214
0.0641534760310101	1.23835891427616	27
0.04418566840128	0.754070728099669	813
0.0444670327455901	0.753998678572659	20
-0.031357752098785	0.894627010363366	20
0.0222781921867501	1.06612816133433	380
-0.085333159835563	2.2915293085251	631
0.0639108379854101	1.23852953622882	28
-0.042747629476386	1.66384360374071	631
-0.082480946169443	0.884709227779637	577
0.02249183379048	1.06698805226884	381
0.06397666018782	1.23864783246621	365
-0.026043601476936	1.2106178759998	121
-0.036385573851383	0.737050648301604	675
0.0322086691734	0.911326076798724	76
-0.107029034734294	1.03963856948692	76
-0.027512181800937	1.05494675562188	76
0.08194275542764	1.08393865490821	76
-0.082429195810434	0.884161244519877	76
-0.036445986631397	0.737102462140653	253
0.0224387963694599	1.06686892521899	147
0.0969263738528801	1.40790772389199	147
-0.101511723958749	0.722781544586839	530
-0.071119688055949	0.545314341145758	202
-0.082587082885628	0.884702546982814	214
0.0224660534177801	1.06691141992885	214
-0.107309148452302	1.03878913062064	27
-0.023582657224418	1.36593725176621	813
-0.054231443610414	1.35862725822419	106
0.0225993808360401	1.06705854609469	20
0.0922201603063499	2.32442398657416	364
-0.020162781632465	1.52165517122628	28
-0.054096450727485	1.35875600773488	28
0.04417132370979	0.75412450860252	577
0.11265651125862	0.93768533175143	765
-0.0436301765277211	0.34477098044816	381
-0.107242516662813	1.0390331387981	365
0.0442937116739399	0.753727567512307	648
0.0818962404813699	1.08398163423465	74
-0.10153306294916	0.723012204815781	147
-0.071232343712938	0.545207466605494	232
-0.044259688427062	0.344597279041458	232
-0.071222132294741	0.545067781172208	232
-0.101570905004164	0.72345739395091	80
-0.07089409986287	0.545350618768897	202
-0.071242537484796	0.545183921949788	202
0.05637042484898	0.549937742703155	202
-0.071119688055949	0.545314341145758	731
-0.031213465741009	0.894783796754406	20
0.05088334474898	1.38942219027613	20
-0.071006940147097	0.545364679729449	745
0.00553929658371999	1.97788118809818	364
-0.034676160857406	2.11333369652547	364
0.0321422145261101	0.911241377499726	28
-0.070229167374276	1.04607476578153	28
-0.071242537484796	0.545183921949788	381
-0.031380875427768	0.894642985006881	381
-0.093383582571943	1.19634354973033	365
0.11244681567147	0.937407616180729	537
0.0819333635302699	1.08399928718163	537
0.0323403096981401	0.911234857602017	537
0.11246149016777	0.937645880867221	76
-0.036445986631397	0.737102462140653	584
-0.07135504694871	0.545077172240108	584
0.04382595187159	0.753163483259836	74
0.0562656490431901	0.549859734255288	232
0.0322086691734	0.911326076798724	214
0.0322477806810699	0.911308684661655	214
0.04453259252245	0.754314244963196	530
-0.027599754866535	1.05460350186192	214
-0.071006940147097	0.545364679729449	202
-0.0431186725812021	0.345023297855276	202
-0.043773963352507	0.344930752421141	202
0.0562656490431901	0.549859734255288	329
-0.0431186725812021	0.345023297855276	830
0.0967530004466699	1.40750559779634	27
-0.121026986292731	1.19273753438067	27
0.0808102340472301	1.55673299763721	106
0.0510492309299899	1.38987353813715	364
-0.082667339791759	0.884581953780753	364
-0.10718235432431	1.03932495145424	365
0.0562656490431901	0.549859734255288	841
-0.044431024415727	0.344510645872178	584
-0.036598902361397	0.736897946780892	583
-0.020113010025147	1.52186689249923	307
-0.093372240751153	1.19603525055683	307
0.04434466175505	0.754284813205743	80
-0.031329105280277	0.894606371874941	214
-0.0273614769874671	1.05448453989956	27
0.01116372603738	1.37590910763171	106
-0.101743006698458	0.723151630240779	20
-0.071119688055949	0.545314341145758	576
-0.044431024415727	0.344510645872178	576
-0.062120177059246	1.20149007440639	86
-0.025068551190492	2.4481463666054	78
-0.090268098293824	1.95034090440693	364
-0.02740778509701	1.05490897335387	381
0.12402799469874	1.57548642785334	381
0.03239365501272	0.911359038493359	381
0.0225736117895901	1.0669550144829	76
-0.071242537484796	0.545183921949788	76
-0.071232343712938	0.545207466605494	584
0.0562640421128799	0.549767797036242	584
0.05637106962915	0.549947620800554	341
-0.043603286547006	0.344907057276545	232
0.04417132370979	0.75412450860252	80
-0.101645579839088	0.723312999645903	530
0.0564763435040401	0.549821521222389	202
-0.0707602929942051	0.545271715787203	329
-0.02349973524978	1.36620833955754	27
-0.043773963352507	0.344930752421141	576
-0.025095559222269	2.4477855741238	78
0.0417227652153001	2.45240655349168	364
-0.094665926334334	1.50182295215245	364
-0.026003285995627	1.21083026214415	28
-0.054185536352188	1.35863224103621	28
0.05637042484898	0.549937742703155	381
0.03212918709089	0.911191470796257	841
-0.02580394072821	1.21100829415411	537
0.00399202562717993	2.28109493862806	377
-0.0432889332822301	0.345047173325076	26
0.0320626813968501	0.911019810572968	583
0.0225721212738299	1.06706916732697	74
-0.101570905004164	0.72345739395091	462
-0.070883725911559	0.545396838220442	462
-0.031259722162075	0.894867219943855	341
0.03226080974875	0.911187169845164	552
0.04434466175505	0.754284813205743	552
0.0441569944418201	0.754003890830394	530
-0.036552678625193	0.737010024602681	731
-0.043603286547006	0.344907057276545	329
-0.027512181800937	1.05494675562188	27
0.04434466175505	0.754284813205743	813
-0.036492238854222	0.737129368422307	20
0.0447067089003601	0.754158185006827	576
0.05637106962915	0.549947620800554	576
0.04417132370979	0.75412450860252	745
-0.071109422516136	0.545239423768143	745
-0.071232343712938	0.545207466605494	86
-0.020143062831535	1.52141316921743	364
-0.036454023593511	0.737152407988497	577
-0.0436301765277211	0.34477098044816	285
-0.044116040951262	0.344654176637369	285
0.11263885012019	0.93771101399471	841
-0.062106034396482	1.20171510418689	365
-0.036522472713603	0.737109537115533	76
-0.101660701233066	0.723330813645462	76
0.03243282495509	0.910984262046411	76
-0.043773963352507	0.344930752421141	584
-0.036492238854222	0.737129368422307	583
0.05647678982563	0.549758738961787	253
-0.062011737677485	1.2019558857783	74
-0.043773963352507	0.344930752421141	341
-0.082641435403759	0.884624051510388	107
-0.0431186725812021	0.345023297855276	552
0.05637163360447	0.549884852122293	552
-0.101473546234521	0.723531388531303	552
0.0638040775754301	1.23820336293762	307
-0.044259688427062	0.344597279041458	202
-0.071119688055949	0.545314341145758	329
-0.07135504694871	0.545077172240108	329
0.07086635777046	1.70908363374382	27
0.04305805350368	1.5423050813553	27
0.0969263738528801	1.40790772389199	106
0.00777083917864996	1.83117302706532	106
0.0385229667368701	1.69565086765812	106
-0.03656862711982	0.736917816316698	20
-0.043944881346302	0.344844233810228	576
-0.071232343712938	0.545207466605494	20
-0.106247469985276	1.64557792050312	380
0.0157375554221	1.22334217495853	86
0.0966130760139701	1.40645208505862	364
0.0384847971122899	1.69559910491218	364
-0.082614260148593	0.884686342578039	364
-0.023494182566437	1.36611782533146	364
-0.12416369408593	1.6429571371275	28
0.11901739454546	2.34157331765611	28
-0.071242537484796	0.545183921949788	381
-0.019941631055557	1.52186081616216	365
0.01108410977811	1.37572569060818	841
0.05626488614213	0.549849792880685	841
0.0225993808360401	1.06705854609469	365
0.0442650852691	0.754232399790507	76
-0.071109422516136	0.545239423768143	76
0.0562640421128799	0.549767797036242	648
-0.044259688427062	0.344597279041458	648
-0.070996620429515	0.54534639567847	648
-0.071242537484796	0.545183921949788	253
0.12034374110167	1.25776809514778	74
-0.101847976944587	0.722800095652409	462
-0.031357752098785	0.894627010363366	341
0.02243732538821	1.0667368304008	307
-0.121137757291496	1.19225835694846	307
0.05637106962915	0.549947620800554	530
0.0323675214427801	0.911314788146664	20
-0.0436301765277211	0.34477098044816	722
0.05615920010244	0.549561803212589	20
0.05626488614213	0.549849792880685	576
0.00746541814150992	1.83112499773832	380
-0.047260274646552	1.51391512878887	380
0.11246149016777	0.937645880867221	380
0.0440776278483901	0.753951679336125	86
-0.056200615324709	1.95527881908386	364
-0.064230806567695	2.46335328591832	364
-0.065268584645122	1.65680862654877	28
0.0561790253753001	2.00354303134103	28
0.0638245375998401	1.23829266616481	577
0.03203665003496	0.910860397596398	537
-0.0365606945846591	0.737033359814109	76
-0.036454023593511	0.737152407988497	80
0.12038509420166	1.25758642286657	214
0.0562663309454501	0.549797046240232	530
-0.027599754866535	1.05460350186192	214
0.04398399761367	0.75369610299678	214
-0.107115717833426	1.03950749724685	813
-0.070996620429515	0.54534639567847	722
-0.0436301765277211	0.34477098044816	576
-0.043603286547006	0.344907057276545	576
-0.071232343712938	0.545207466605494	576
0.05626488614213	0.549849792880685	745
-0.071222132294741	0.545067781172208	745
-0.081338429625919	1.35365674096125	86
0.0839572326765701	2.47175876876223	702
-0.0699870522200901	1.04592699435359	28
-0.061982862529168	1.2020741011237	28
0.0969464306485499	1.40788168121966	365
-0.027597243513091	1.05483487911551	515
0.0321552379114201	0.911235583775859	128
-0.031343419721046	0.89475746323902	74
-0.07024970151071	1.04608966046289	307
0.00761948899737996	1.83159479097192	307
0.03212918709089	0.911191470796257	80
0.11263885012019	0.93771101399471	307
-0.0365606945846591	0.737033359814109	80
0.0225736117895901	1.0669550144829	80
-0.031329105280277	0.894606371874941	214
0.0638084564045001	1.23775651710272	20
-0.106962423662692	1.03969989531373	813
-0.093422303840707	1.19631955450873	554
-0.070118331891034	1.04618174195779	20
-0.044259688427062	0.344597279041458	674
0.11254430621574	0.937658562049887	810
0.0322881139647699	0.911373667372357	810
0.0638245375998401	1.23829266616481	380
-0.070311333464076	1.04585331333431	380
-0.101660701233066	0.723330813645462	86
-0.027684792997667	1.05427229999006	74
0.02235849674206	1.06657249003137	583
-0.036492238854222	0.737129368422307	462
0.0112359627702101	1.37620291515356	307
-0.093394762373158	1.19622223296008	74
0.11265651125862	0.93768533175143	107
0.1124541585777	0.937564150996836	80
-0.036522472713603	0.737109537115533	80
0.05107802496255	1.38984132964214	214
-0.03138967012002	0.894530621309699	80
0.0322881139647699	0.911373667372357	530
0.0442793907465899	0.754117796960099	202
0.0441569944418201	0.754003890830394	214
-0.10166827814355	0.723268328705126	20
-0.043603286547006	0.344907057276545	20
-0.093300423369966	1.19606347284635	101
-0.026043601476936	1.2106178759998	380
0.0442793907465899	0.754117796960099	295
0.09463952959135	1.87403306328881	28
-0.016756193759574	1.96845014503782	28
0.00950529939454992	1.53012363899734	365
-0.043944881346302	0.344844233810228	520
0.04398399761367	0.75369610299678	76
0.0440920117303101	0.753962957849965	583
0.0442507952022	0.75417682170438	583
-0.036590921217337	0.736933842807329	107
0.02241154137659	1.06677223909026	202
0.0224660534177801	1.06691141992885	214
0.04445280576643	0.754261634807508	214
-0.031199159291512	0.894865284437944	324
0.0439984206623001	0.753790274969522	20
-0.031101196358104	0.894410612713454	813
0.0564763435040401	0.549821521222389	674
-0.0365606945846591	0.737033359814109	20
0.05637106962915	0.549947620800554	576
0.0820264018188499	1.08391026580736	295
0.05094774050925	1.38972881271777	86
0.06406723023006	1.23848071990359	86
-0.027575367622978	1.05484399731642	86
-0.107129375048723	1.03914230384128	86
0.0508681924216301	1.38950803132885	28
0.11910397697915	2.34183134719705	28
-0.120672232922565	1.19257234473614	28
-0.101473546234521	0.723531388531303	28
-0.072256221011671	1.50636828992893	365
0.07108811224281	1.7092695784419	365
-0.101294163125641	0.723311614736913	76
-0.031138605627173	0.894764321872648	76
0.08185910510021	1.08381532721845	121
-0.031213465741009	0.894783796754406	76
-0.08277352230277	0.88417047151083	583
-0.101391466843945	0.723494902630146	583
0.12032189419078	1.25763932933792	462
-0.101555735739257	0.723439633854202	74
-0.027701806748982	1.05442091155917	107
0.0639152130335101	1.23837688354197	307
0.1201975826599	1.25738105469449	307
-0.03653044002489	0.737053210534985	214
-0.036492238854222	0.737129368422307	80
-0.036454023593511	0.737152407988497	214
-0.101660701233066	0.723330813645462	214
-0.027344677389078	1.05473776181023	214
-0.0365606945846591	0.737033359814109	20
-0.0826401628661601	0.88459815617751	20
0.01567768197695	1.22300582951014	554
0.0225993808360401	1.06705854609469	20
-0.071242537484796	0.545183921949788	295
-0.105892424281692	1.3498825961496	28
-0.115752804510402	1.49720506270208	377
0.04443859417144	0.754332078234377	128
-0.054186888272015	1.35871222956958	121
-0.027470915365567	1.0549659670489	121
-0.101675865855475	0.723150480152216	76
-0.070245669769218	1.04593441128583	74
0.05637106962915	0.549947620800554	107
0.11256634242361	0.937710941311817	107
-0.036461977062203	0.737057787372522	80
-0.082615537455758	0.88455288039271	214
0.0639108379854101	1.23852953622882	27
-0.031236594054134	0.894851243166186	27
-0.027597243513091	1.05483487911551	27
-0.070290784555248	1.0459804557593	27
-0.036552678625193	0.737010024602681	324
0.11257366517831	0.937599599098464	554
0.03195710721328	0.91053284243886	20
0.02244026721769	1.06670101667827	101
-0.036469847185687	0.736722197443284	810
-0.070274378160972	1.04586627864036	101
-0.101465943068103	0.723499377018564	295
-0.082612983926298	0.884568233999964	86
0.08191949778297	1.08398924701774	86
0.02967831641207	1.98912955055407	28
0.0440776278483901	0.753951679336125	368
0.0111927312445601	1.37580293098871	377
-0.093515882710973	1.19564528976342	121
0.01114902933734	1.37605247208215	74
0.0509984853061101	1.38984399907463	74
-0.036492238854222	0.737129368422307	583
-0.082561188256011	0.884725847367179	74
0.0443589125975701	0.754279565754827	462
-0.026049617826317	1.21065524506335	74
0.04442439792067	0.754229357853164	80
-0.106869420526023	1.03954780645443	214
0.04442439792067	0.754229357853164	80
-0.101735475346937	0.723119555449305	214
0.08191949778297	1.08398924701774	214
-0.107162305451928	1.03933324116451	214
-0.082615537455758	0.88455288039271	27
-0.082666071975342	0.884398862694894	20
0.03232726684426	0.91135634635286	20
-0.101750548868484	0.723137417121878	20
-0.027553496326338	1.05480356633002	101
-0.036492238854222	0.737129368422307	86
-0.031329105280277	0.894606371874941	86
-0.0400229109289451	1.81049239008931	28
0.01104776170133	1.37581150200877	28
0.0947808013904701	1.87476892710476	28
0.07498244374995	2.16265791666094	28
-0.120882914452471	1.19304510363579	209
0.0440776278483901	0.753951679336125	515
-0.070290784555248	1.0459804557593	121
-0.054140996327211	1.35871717162704	74
0.11263885012019	0.93771101399471	107
-0.082747601756595	0.88435030569052	107
0.0225978862785401	1.0669755162005	107
0.05647678982563	0.549758738961787	107
0.11244681567147	0.937407616180729	80
-0.027723661685403	1.05441182338237	214
0.0442507952022	0.75417682170438	214
0.08196601341826	1.08382684186748	27
-0.070097776193172	1.04616688856952	27
0.0157106413883701	1.22313253151421	27
-0.036590921217337	0.736933842807329	20
0.0640834206432199	1.23857365999408	101
-0.020074737471844	1.52184530642316	101
0.0510272845878299	1.38981179347507	295
0.0320626813968501	0.911019810572968	295
-0.031366545021736	0.894672147645549	86
-0.082561188256011	0.884725847367179	86
-0.039607599167188	1.8118346097987	28
-0.047332755701853	1.51387869486065	28
0.0341060057660301	1.8441091359177	28
0.0224933125245399	1.06690079768204	209
-0.0472185316849	1.51403737910579	377
-0.036461977062203	0.737057787372522	515
0.04445280576643	0.754261634807508	515
0.05626488614213	0.549849792880685	128
-0.044116040951262	0.344654176637369	128
-0.070883725911559	0.545396838220442	128
-0.023494182566437	1.36611782533146	121
0.11256634242361	0.937710941311817	583
-0.036454023593511	0.737152407988497	74
0.11246149016777	0.937645880867221	107
0.0638903719018	1.2384968780635	307
-0.101750548868484	0.723137417121878	80
0.0321422145261101	0.911241377499726	214
0.03219562389923	0.911216412299517	324
0.0223312440332499	1.0664180482969	20
-0.03653044002489	0.737053210534985	20
-0.027660441355493	1.05466068289494	20
0.0818358498874101	1.08380771699508	20
-0.0620624332229111	1.20187866075914	101
0.05637042484898	0.549937742703155	295
-0.071242537484796	0.545183921949788	295
-0.03653044002489	0.737053210534985	295
0.0442650852691	0.754232399790507	86
0.08185910510021	1.08381532721845	86
0.0111563554818701	1.37612220022793	28
0.0807771021059001	1.55659696919608	365
0.05637106962915	0.549947620800554	520
-0.0620264541730881	1.20194940480869	74
0.11246881043441	0.937662436095658	462
0.0442650852691	0.754232399790507	107
0.03212918709089	0.911191470796257	80
0.08196601341826	1.08382684186748	80
0.04417132370979	0.75412450860252	220
-0.10159373989494	0.723084882905421	220
-0.070294896612079	1.04592802965751	214
0.02238575150709	1.06666914591894	27
0.0563721169038001	0.549683027568135	324
-0.082748858511929	0.884244559525744	20
0.04382595187159	0.753163483259836	20
0.0818125950202999	1.0837419748717	554
-0.082532722324689	0.884594163667925	554
-0.0432889332822301	0.345047173325076	295
-0.070986283108328	0.545114142532331	295
0.1239413171685	1.5751500626023	28
-0.071242537484796	0.545183921949788	368
-0.027619123996169	1.05477624341821	515
-0.03144146577512	0.894416666554646	128
-0.020053681771915	1.52198997772345	74
-0.0825353000710391	0.884630729150845	74
0.09688625238475	1.40778530300766	583
0.0442793907465899	0.754117796960099	583
0.0225190910678099	1.06703055372121	583
-0.070315419983346	1.0459429370416	74
-0.071467464463713	0.544905767686774	462
-0.03656862711982	0.736917816316698	107
-0.101653135129711	0.72334506195932	107
-0.071344907241322	0.545035913914066	107
-0.07087333435651	0.545221169055652	107
0.03208869656893	0.91095244316846	80
-0.071119688055949	0.545314341145758	80
0.03231421993805	0.911417879412006	307
-0.0364237824996561	0.737080806847057	80
-0.036377550744814	0.737032606359318	80
0.0442650852691	0.754232399790507	220
-0.031329105280277	0.894606371874941	214
-0.031427121450776	0.894523734287508	214
0.02246457856493	1.06689134986402	27
0.1124541585777	0.937564150996836	685
0.0968597420519499	1.40781389017121	20
-0.036522472713603	0.737109537115533	324
-0.036454023593511	0.737152407988497	20
0.02249183379048	1.06698805226884	20
-0.082748858511929	0.884244559525744	20
-0.101504066847818	0.723144469655323	629
-0.071344907241322	0.545035913914066	295
0.0510272845878299	1.38981179347507	380
0.00563656154077008	2.44544733111531	187
-0.072038490623909	1.50748666351031	28
-0.070381160860896	1.04573055093994	28
-0.070229167374276	1.04607476578153	28
-0.05418816408868	1.35847690203746	365
0.05104241673462	1.38971047186242	365
-0.071232343712938	0.545207466605494	520
-0.036621119907987	0.736743850951486	74
-0.101458350708023	0.723418983530821	307
0.0819333635302699	1.08399928718163	307
0.02254635039986	1.06701992887898	214
-0.101465943068103	0.723499377018564	214
0.0562656490431901	0.549859734255288	619
-0.07135504694871	0.545077172240108	619
-0.101675865855475	0.723150480152216	685
-0.070225110075706	1.04606157920864	27
-0.082534010651157	0.884742054533541	554
-0.071129935948653	0.54523415602611	629
-0.070442728216739	1.04549442636668	101
-0.071960177320416	1.50741365177389	28
0.03212918709089	0.911191470796257	583
-0.036461977062203	0.737057787372522	583
-0.026043601476936	1.2106178759998	74
0.0157575076224801	1.22334718530484	74
0.03218127253685	0.911052508375353	74
-0.036500157553343	0.736981665988245	307
0.04453259252245	0.754314244963196	685
-0.107115717833426	1.03950749724685	324
0.12026088529769	1.2576313920689	20
-0.027553496326338	1.05480356633002	554
0.0969729230777301	1.40787092955857	554
-0.070904456166025	0.545074533956525	629
0.03230116897854	0.911423629192629	782
-0.03125091644282	0.894584091745297	782
-0.120700120276347	1.19286365391444	365
-0.107115717833426	1.03950749724685	128
0.0512370922394401	1.38936733737073	74
-0.106895828832973	1.03969396687441	74
0.0818729835199301	1.0839158727603	385
0.05626488614213	0.549849792880685	385
0.0818729835199301	1.0839158727603	214
0.12023906966822	1.25762577397688	214
-0.036506287455963	0.736813071274867	619
-0.027679956403682	1.05438048731062	27
-0.027555959146974	1.05487896115819	27
-0.081340814530271	1.35363367539832	27
0.11244681567147	0.937407616180729	20
0.08078270273991	1.55659067848338	554
0.11247611937041	0.937616420025001	324
-0.071232343712938	0.545207466605494	324
-0.0236823336323549	1.36567189014871	554
-0.031138605627173	0.894764321872648	20
0.0562663309454501	0.549797046240232	581
-0.101563314968327	0.723471675074255	629
0.0322086691734	0.911326076798724	101
-0.036522472713603	0.737109537115533	295
-0.054253037160194	1.35853289760321	380
-0.080406897876831	1.79834801038121	28
0.03231421993805	0.911417879412006	28
-0.031138605627173	0.894764321872648	209
0.02249183379048	1.06698805226884	462
-0.082748858511929	0.884244559525744	107
0.03207569100603	0.911014000073039	307
0.0441064110873299	0.753698616012232	80
-0.036621119907987	0.736743850951486	324
-0.031297168502227	0.894775455345156	380
-0.101660701233066	0.723330813645462	86
0.0968797918982101	1.40778783218239	209
-0.107195967412772	1.03901966384072	365
-0.027427126225528	1.05493472482154	128
-0.025809879176604	1.2109729004257	74
-0.036492238854222	0.737129368422307	583
0.05099165982781	1.38977465038068	74
-0.070052680798533	1.04611035020666	74
-0.0825353000710391	0.884630729150845	80
-0.070986283108328	0.545114142532331	619
0.0322881139647699	0.911373667372357	619
-0.082642709056399	0.88438838545108	27
0.08196601341826	1.08382684186748	324
-0.027449018497797	1.05497512183915	20
-0.07135504694871	0.545077172240108	324
0.0441569944418201	0.754003890830394	324
0.08191010479496	1.08387246777139	101
0.0322881139647699	0.911373667372357	101
-0.081541560529527	1.35297278859135	101
0.03211615560474	0.911081852028009	295
0.0819333635302699	1.08399928718163	295
0.03212918709089	0.911191470796257	380
-0.020165730745048	1.52184818353541	86
-0.082587082885628	0.884702546982814	86
-0.056411759857769	1.95529156804529	28
-0.080012558852361	1.79927719843932	28
-0.106005172309647	1.64621085848521	28
-0.114506018306405	1.79406496240519	316
0.05091894163922	1.38970656928479	121
-0.0258703736649421	1.21102676146163	74
-0.025896503212501	1.21097844257219	74
-0.044116040951262	0.344654176637369	107
-0.107135776282277	1.03945575686171	214
-0.082666071975342	0.884398862694894	214
0.12044827083475	1.25739141700327	220
-0.036576476378652	0.736633333833768	619
-0.071589804215755	0.544608567691178	258
-0.071365168967766	0.54488630078218	258
-0.044259688427062	0.344597279041458	258
-0.036385573851383	0.737050648301604	20
0.0510272845878299	1.38981179347507	101
0.12032189419078	1.25763932933792	101
0.1203896154798	1.25742625776391	101
0.11255900834009	0.937756926523111	295
0.0442365205063799	0.75394829804571	86
0.10695296237959	1.72479173233914	28
-0.054184107453063	1.35820240110384	28
0.05637042484898	0.549937742703155	520
-0.044088594342648	0.344573880945257	520
-0.070883725911559	0.545396838220442	80
-0.071129935948653	0.54523415602611	80
0.05091212141293	1.38961278663446	214
0.05091894163922	1.38970656928479	27
-0.0704632605054361	1.04531379196351	27
0.06407138130469	1.23761870912158	324
0.05637106962915	0.549947620800554	692
0.0562656490431901	0.549859734255288	692
-0.070142920573239	1.0460942175221	101
-0.101286512089615	0.723279706234237	314
0.07095504417893	1.70932408026113	28
-0.098079939220449	1.79573952335786	316
-0.0432889332822301	0.345047173325076	520
-0.101743006698458	0.723151630240779	74
-0.043773963352507	0.344930752421141	267
-0.0432889332822301	0.345047173325076	267
-0.031305977772603	0.894747914864557	220
0.04390489512587	0.753534877399522	220
-0.036415794228469	0.737122253083976	220
0.03231421993805	0.911417879412006	324
-0.036415794228469	0.737122253083976	324
-0.02740778509701	1.05490897335387	554
0.0969263738528801	1.40790772389199	101
-0.0431186725812021	0.345023297855276	601
0.0820125304491	1.08338423529324	86
0.02235849674206	1.06657249003137	86
-0.037663211624699	1.95876104562789	28
0.10794211606088	2.48707271883486	28
0.0296698559861299	1.98853440918993	365
-0.044431024415727	0.344510645872178	520
0.0563696991348801	0.549855793811326	520
-0.071242537484796	0.545183921949788	128
-0.031176028778409	0.894849317055589	74
-0.0277892540370051	1.05407811018233	74
-0.027786904483762	1.05407699044613	307
-0.07020455530967	1.04613960732077	214
-0.101496420514043	0.723336576315312	220
0.03198311103073	0.910692101165881	214
-0.031409589498918	0.893692907520298	220
-0.070163460558768	1.04615595032074	27
0.05637042484898	0.549937742703155	692
-0.101586117473243	0.723276956405637	20
-0.043944881346302	0.344844233810228	581
-0.027492816828231	1.05490729215136	101
-0.07114016615063	0.544922254106109	295
-0.071365168967766	0.54488630078218	86
-0.101563314968327	0.723471675074255	86
-0.07135504694871	0.545077172240108	314
0.0322086691734	0.911326076798724	28
0.08118056024106	1.55690254949507	28
-0.061845527745413	1.20215638853627	28
-0.036484236733938	0.737132596613881	128
-0.120982780420189	1.19270343231359	74
-0.025789719255334	1.21085425096959	74
0.03212918709089	0.911191470796257	57
-0.031357752098785	0.894627010363366	74
0.0818729835199301	1.0839158727603	74
-0.071344907241322	0.545035913914066	107
0.0442365205063799	0.75394829804571	107
-0.071232343712938	0.545207466605494	80
-0.071006940147097	0.545364679729449	80
0.0440920117303101	0.753962957849965	220
0.03223474756332	0.911370242557373	220
-0.03656862711982	0.736917816316698	27
-0.036492238854222	0.737129368422307	27
-0.036492238854222	0.737129368422307	324
-0.043773963352507	0.344930752421141	258
-0.031464586513018	0.894382720035318	554
0.02254635039986	1.06701992887898	20
-0.043459434457195	0.344960841267334	295
-0.044259688427062	0.344597279041458	295
0.00979699582766003	1.53107637535102	28
0.04331290094944	1.54253242350868	28
-0.107129375048723	1.03914230384128	74
0.0431355309244501	1.54250735236236	74
0.0110621465141201	1.37541442131192	74
-0.107222459926604	1.03917686496942	74
-0.044431024415727	0.344510645872178	107
-0.043944881346302	0.344844233810228	267
-0.072175608593553	1.5070498780935	27
0.05647678982563	0.549758738961787	258
-0.0432889332822301	0.345047173325076	258
0.03216825724796	0.911174017936091	324
-0.03653044002489	0.737053210534985	324
-0.036544579094988	0.736843119096666	20
-0.101488784963315	0.72345451589888	20
0.0442507952022	0.75417682170438	295
-0.0432889332822301	0.345047173325076	601
0.0562656490431901	0.549859734255288	86
-0.054008611477669	1.35858302562512	86
-0.036522472713603	0.737109537115533	209
0.05637106962915	0.549947620800554	520
-0.043944881346302	0.344844233810228	520
-0.043773963352507	0.344930752421141	520
-0.120916212261255	1.19298870867437	74
-0.107109301708108	1.0393382533015	74
-0.053984404702373	1.35858620744512	74
-0.106789090643368	1.03949309205265	74
0.0819798819994	1.08407267577228	74
-0.02740778509701	1.05490897335387	74
-0.044116040951262	0.344654176637369	107
-0.043773963352507	0.344930752421141	267
0.11244681567147	0.937407616180729	80
-0.101645579839088	0.723312999645903	220
-0.071119688055949	0.545314341145758	220
-0.120965731492877	1.19277287665804	27
0.0969063144326601	1.40787583355748	27
-0.043773963352507	0.344930752421141	258
-0.071006940147097	0.545364679729449	258
0.0564763435040401	0.549821521222389	324
0.05089014843219	1.38962990466398	554
0.05083257898692	1.38930701297606	101
0.0561616005402099	0.549307853533314	601
0.0561600813982901	0.549571799070062	601
-0.036522472713603	0.737109537115533	86
0.11247611937041	0.937616420025001	86
-0.10175810185148	0.72307499104243	86
0.0843165637750001	2.01964094708281	495
0.07501514170502	2.1628770008727	28
0.00917308805100991	1.68325589549525	28
0.0948606083102199	1.87454146496478	28
0.0818497268957901	1.08378906785201	209
0.04434466175505	0.754284813205743	520
0.0431300951954701	1.54253048677843	121
0.01571760041628	1.22328489320777	74
0.0224660534177801	1.06691141992885	74
0.0224903548816999	1.06677543704651	74
0.08177180623792	1.08311460317718	74
0.01586420964796	1.2232877452582	74
-0.0826686086539969	0.884513381069642	74
0.0562663309454501	0.549797046240232	267
-0.07135504694871	0.545077172240108	107
0.0155839961567801	1.22287164672433	214
0.0820867817505	1.08389694752759	214
-0.10175810185148	0.72307499104243	220
-0.036454023593511	0.737152407988497	220
-0.120916212261255	1.19298870867437	27
-0.031259722162075	0.894867219943855	27
-0.101555735739257	0.723439633854202	324
-0.071119688055949	0.545314341145758	295
-0.03656862711982	0.736917816316698	86
-0.044431024415727	0.344510645872178	314
-0.097895340238625	1.79564669617287	28
0.0341060057660301	1.8441091359177	28
-0.086694196902477	1.6501321092472	28
0.08091520805328	1.55695293669561	28
0.0819566225974699	1.08406505818642	209
-0.043944881346302	0.344844233810228	520
0.0564763435040401	0.549821521222389	520
-0.043944881346302	0.344844233810228	520
-0.031245419726869	0.894745979958276	128
0.05637163360447	0.549884852122293	307
-0.07135504694871	0.545077172240108	80
-0.043773963352507	0.344930752421141	258
-0.031161738362713	0.894730342815249	20
0.06192535441117	2.46119602266732	28
-0.047466669903204	1.51324388213843	316
0.01596090606317	1.22293936399877	209
-0.101481160201522	0.723517076998338	514
-0.025956985223805	1.21088457221378	74
-0.071129935948653	0.54523415602611	107
0.11226640810086	0.936890786977903	107
0.0225706305732101	1.06687882467591	80
0.0158711064822601	1.22343588808941	214
-0.071222132294741	0.545067781172208	816
0.1125622879924	0.937396119195635	816
-0.082612983926298	0.884568233999964	27
0.06384942438567	1.23825867704684	27
-0.101578505841053	0.723394863993532	324
0.1200688606914	1.25682158160724	101
-0.036484236733938	0.737132596613881	101
0.11247611937041	0.937616420025001	86
0.0819704741682901	1.08385911346014	86
-0.061794851357736	1.20208708271374	28
0.0632676781145301	1.85853148411562	28
0.02238428843625	1.06661774607404	74
-0.082612983926298	0.884568233999964	74
0.0564763435040401	0.549821521222389	74
-0.027619123996169	1.05477624341821	201
0.0442365205063799	0.75394829804571	107
-0.082694514705985	0.884519673248624	107
0.0321031200666	0.910902241593399	80
0.0225993808360401	1.06705854609469	214
-0.071232343712938	0.545207466605494	220
0.12047249673099	1.25773219043942	220
-0.101383828947527	0.723509241619784	324
0.11260056216583	0.937590941216586	324
0.06402620529673	1.23811800186846	20
0.0321422145261101	0.911241377499726	20
-0.101465943068103	0.723499377018564	101
-0.120921641197283	1.19299731568879	495
-0.027512181800937	1.05494675562188	28
-0.093532841995555	1.19605933723768	28
-0.0276823113575591	1.05460207705216	28
0.0225721212738299	1.06706916732697	209
-0.082667339791759	0.884581953780753	514
-0.026017489354213	1.21031813502818	121
0.0431967372394999	1.54246969091568	121
-0.031161738362713	0.894730342815249	74
-0.082694514705985	0.884519673248624	74
-0.027470915365567	1.0549659670489	74
0.00963863151731004	1.530782323258	201
0.01586420964796	1.2232877452582	107
-0.07087333435651	0.545221169055652	107
-0.093538414197899	1.19598296182235	307
0.0442507952022	0.75417682170438	80
-0.031259722162075	0.894867219943855	214
-0.081205404275397	1.35371538166836	27
0.0432130426558099	1.54249593463611	20
0.03218127253685	0.911052508375353	20
0.0322881139647699	0.911373667372357	20
-0.101465943068103	0.723499377018564	811
0.0819798819994	1.08407267577228	86
-0.0670490600488139	2.11230995922214	495
-0.043773963352507	0.344930752421141	625
-0.070483797713182	1.04507163499807	365
0.0819333635302699	1.08399928718163	74
0.0817754508413	1.08353682191244	107
0.11254430621574	0.937658562049887	80
-0.036552678625193	0.737010024602681	80
0.0562663309454501	0.549797046240232	220
-0.082562474023551	0.884520071952556	27
-0.093466587114438	1.19615860811006	20
-0.031259722162075	0.894867219943855	20
-0.043773963352507	0.344930752421141	397
-0.027555959146974	1.05487896115819	101
-0.03653044002489	0.737053210534985	101
-0.031184870907726	0.894645042132384	101
-0.082453766214625	0.884679315027962	86
-0.090102713963497	1.95075086212022	569
-0.070011552743518	1.04603386707996	365
0.0321942837792599	0.910860550540127	516
-0.043603286547006	0.344907057276545	520
-0.062120177059246	1.20149007440639	121
-0.10175810185148	0.72307499104243	201
0.04390489512587	0.753534877399522	107
0.05100535525865	1.38960873663525	307
-0.031297168502227	0.894775455345156	80
0.0969729230777301	1.40787092955857	80
-0.101360980046829	0.723260920686798	80
0.0819704741682901	1.08385911346014	220
-0.106982493438585	1.03969156702207	816
0.0322086691734	0.911326076798724	324
-0.0312685496541471	0.894604447747691	27
-0.107089231009403	1.03948206300516	20
-0.101391466843945	0.723494902630146	20
-0.106982493438585	1.03969156702207	20
-0.027553496326338	1.05480356633002	101
0.12410757971275	1.57569928849423	101
-0.101750548868484	0.723137417121878	86
0.0710251599109699	1.70917389107972	28
-0.114569273683728	1.79373679315261	316
0.05102044255343	1.3898513065571	121
-0.107022640913187	1.03954334581258	121
0.11237855832652	0.937463227606808	74
-0.10166827814355	0.723268328705126	74
0.0820402577239101	1.08405931812681	74
0.0639604745342901	1.23819179780686	74
-0.0313202942154019	0.894791434390984	74
-0.071242537484796	0.545183921949788	107
0.08199373502602	1.08398592332374	220
-0.031245419726869	0.894745979958276	27
0.0820169962102899	1.08405169334965	20
0.0323675214427801	0.911314788146664	20
-0.106935985034188	1.03963383965687	20
-0.071232343712938	0.545207466605494	497
0.12030233812361	1.25777863394742	101
0.0155769594895201	1.22255615355459	86
0.05117950817551	1.38960134782636	86
0.0967995767973699	1.40754008804366	28
-0.094648726081029	1.50202062116022	569
0.0384543906185499	1.69549654200693	569
-0.067178732240439	2.10996604720995	316
0.12038509420166	1.25758642286657	514
-0.121032397119379	1.19271956388996	121
0.01586420964796	1.2232877452582	74
-0.101391466843945	0.723494902630146	214
0.05089014843219	1.38962990466398	27
-0.03140399854422	0.89460902425551	324
-0.031176028778409	0.894849317055589	324
0.03211615560474	0.911081852028009	324
0.09693992576591	1.40734641607045	27
0.0442650852691	0.754232399790507	324
0.00970623400762993	1.53101267792603	20
-0.036461977062203	0.737057787372522	419
-0.121010526363016	1.19218288410094	652
0.03212918709089	0.911191470796257	528
-0.10692449732322	2.49218273285235	495
-0.094831566041955	1.50166851115836	316
-0.09354317820562	1.19484027397357	316
0.1203655832426	1.25783419731482	74
0.0224387963694599	1.06686892521899	74
-0.07087333435651	0.545221169055652	107
0.0561600813982901	0.549571799070062	7
-0.062040607196503	1.20178821795617	220
-0.027660441355493	1.05466068289494	27
0.08182495853407	1.08349838901012	20
-0.070290784555248	1.0459804557593	20
0.0562640421128799	0.549767797036242	679
-0.070401678394898	1.0456993982652	20
0.0324197723614099	0.911176126539993	20
-0.044116040951262	0.344654176637369	497
0.0818729835199301	1.0839158727603	101
-0.101504066847818	0.723144469655323	295
0.0563721169038001	0.549683027568135	295
-0.071344907241322	0.545035913914066	37
-0.101555735739257	0.723439633854202	86
-0.053961456472724	1.35839442066128	652
0.0562656490431901	0.549859734255288	335
-0.120982780420189	1.19270343231359	121
0.03223474756332	0.911370242557373	74
-0.036500157553343	0.736981665988245	74
-0.106935985034188	1.03963383965687	57
0.11247611937041	0.937616420025001	107
0.03244689158587	0.911027659557103	80
-0.101743006698458	0.723151630240779	220
-0.10166827814355	0.723268328705126	220
0.0323675214427801	0.911314788146664	220
-0.070229167374276	1.04607476578153	27
-0.107282638020999	1.03858120001351	27
0.0320626813968501	0.911019810572968	220
0.02243585416982	1.06625670959192	27
0.0384809212265	1.69544534962512	27
-0.043459434457195	0.344960841267334	490
-0.031213465741009	0.894783796754406	20
-0.082400709144955	0.884551709841063	679
0.04401285919836	0.753591006608618	679
0.0224660534177801	1.06691141992885	20
0.06411243891816	1.23812069041587	20
0.0562656490431901	0.549859734255288	419
-0.036492238854222	0.737129368422307	20
0.03230116897854	0.911423629192629	101
0.04417132370979	0.75412450860252	295
0.0156109029998499	1.2228385795836	86
0.0967063914552499	1.4073178599128	86
0.03223474756332	0.911370242557373	28
0.03840845739073	1.69533751945098	569
-0.043459434457195	0.344960841267334	335
-0.043773963352507	0.344930752421141	335
0.11246149016777	0.937645880867221	57
0.11255166293503	0.937740334633732	57
-0.031464586513018	0.894382720035318	57
-0.031418344819664	0.894400703459376	57
-0.101473546234521	0.723531388531303	74
-0.070883725911559	0.545396838220442	7
-0.043944881346302	0.344844233810228	7
-0.043773963352507	0.344930752421141	220
-0.070986283108328	0.545114142532331	220
-0.036590921217337	0.736933842807329	220
-0.027451613613913	1.0547402839139	27
-0.043944881346302	0.344844233810228	490
0.05626488614213	0.549849792880685	490
-0.071242537484796	0.545183921949788	679
0.1124541585777	0.937564150996836	20
-0.054119394078987	1.35878812696069	101
0.0562663309454501	0.549797046240232	295
-0.044602602733049	0.34432064158674	37
-0.107095662010047	1.03951579834305	86
-0.081473850289443	1.35330908839644	28
-0.093394762373158	1.19622223296008	569
0.11266385916294	0.937574051569259	74
-0.101660701233066	0.723330813645462	74
0.12032189419078	1.25763932933792	57
0.09683968958851	1.40778201755148	74
0.01585048776312	1.22337738487407	671
0.0442650852691	0.754232399790507	671
-0.043773963352507	0.344930752421141	7
-0.070996620429515	0.54534639567847	80
-0.054321875705223	1.35822154390965	307
0.0820635195696999	1.08400874146865	220
0.0320106024743101	0.910406151163319	220
-0.026043601476936	1.2106178759998	27
-0.062018764281478	1.20157521118467	27
-0.071365168967766	0.54488630078218	490
-0.044116040951262	0.344654176637369	490
-0.044116040951262	0.344654176637369	490
0.0564763435040401	0.549821521222389	490
-0.043773963352507	0.344930752421141	490
0.05637163360447	0.549884852122293	679
0.03223474756332	0.911370242557373	20
-0.023527356810373	1.36595779311232	652
-0.07089409986287	0.545350618768897	528
0.0157106413883701	1.22313253151421	616
0.05637163360447	0.549884852122293	616
-0.047394201129919	1.51357980794573	316
-0.043944881346302	0.344844233810228	335
0.0968797918982101	1.40778783218239	728
0.08190561657454	1.08365296820229	74
-0.071242537484796	0.545183921949788	107
0.11255900834009	0.937756926523111	7
0.05637042484898	0.549937742703155	7
-0.043773963352507	0.344930752421141	7
0.0322750548958599	0.911263981477454	27
0.11255900834009	0.937756926523111	20
-0.036454023593511	0.737152407988497	679
-0.0365606945846591	0.737033359814109	20
-0.036590921217337	0.736933842807329	20
0.12030004251093	1.25744286931594	20
0.0224660534177801	1.06691141992885	20
-0.0432889332822301	0.345047173325076	397
-0.101660701233066	0.723330813645462	101
-0.044259688427062	0.344597279041458	295
0.05626693197811	0.549595337703117	37
-0.043773963352507	0.344930752421141	37
0.10786132803654	2.48636056968532	569
-0.045604895808475	2.27779556478042	569
0.11236395675142	0.937365047108194	616
-0.023543957351616	1.36608220567207	316
0.0564752088982301	0.549729892713676	520
-0.044116040951262	0.344654176637369	26
0.05637042484898	0.549937742703155	335
-0.101496420514043	0.723336576315312	74
-0.07135504694871	0.545077172240108	57
0.0440776278483901	0.753951679336125	671
-0.043459434457195	0.344960841267334	7
-0.043603286547006	0.344907057276545	7
0.04398399761367	0.75369610299678	80
-0.044088594342648	0.344573880945257	80
-0.036522472713603	0.737109537115533	80
-0.07147753247626	0.54477972387055	80
0.0639312989527501	1.23850637012622	214
0.11235663897242	0.937208604735814	679
-0.065710811410745	1.65587250375322	653
-0.082532722324689	0.884594163667925	652
-0.027363974963052	1.05487778626332	86
-0.101391466843945	0.723494902630146	528
0.11906729143338	2.3416735900435	569
0.0225706305732101	1.06687882467591	514
-0.061744174105423	1.201924722576	74
-0.082506831039155	0.884712128619311	74
-0.101548167322622	0.723359211386074	57
0.09485327635038	1.87482906004126	307
0.04417132370979	0.75412450860252	220
-0.107362332389672	1.03838475660711	307
-0.065547088143568	1.65660006679154	27
0.0819566225974699	1.08406505818642	493
-0.0431186725812021	0.345023297855276	490
0.05626488614213	0.549849792880685	490
-0.0365606945846591	0.737033359814109	679
-0.027704185950999	1.0544921513777	679
0.1124834169686	0.937505053006876	679
-0.071232343712938	0.545207466605494	419
-0.070996620429515	0.54534639567847	295
0.09688625238475	1.40778530300766	652
-0.082534010651157	0.884742054533541	652
-0.070229167374276	1.04607476578153	86
-0.072859699745729	2.28591886397669	569
0.08191010479496	1.08387246777139	616
-0.036492238854222	0.737129368422307	616
0.0808989234561901	1.55689712359703	121
-0.0364237824996561	0.737080806847057	57
0.11236395675142	0.937365047108194	57
-0.031329105280277	0.894606371874941	57
-0.071017242216908	0.545220013672355	207
0.04442439792067	0.754229357853164	207
0.01569764260216	1.22317386246505	307
-0.071222132294741	0.545067781172208	80
0.03216825724796	0.911174017936091	220
-0.082532722324689	0.884594163667925	220
0.11255166293503	0.937740334633732	220
-0.0258703736649421	1.21102676146163	27
-0.054118035185775	1.35861038023358	27
0.0820635195696999	1.08400874146865	324
0.1122955106478	0.937099102205197	493
0.05637163360447	0.549884852122293	490
-0.036552678625193	0.737010024602681	20
-0.062185618557441	1.20136505414601	653
0.12036989186085	1.25665232653674	295
-0.0432889332822301	0.345047173325076	37
-0.03634735110308	0.736961016350349	812
0.0561600813982901	0.549571799070062	335
-0.071880642374119	1.50756778525931	121
-0.027616715127442	1.05462935242831	121
0.11237126320517	0.937446712499808	57
0.05637042484898	0.549937742703155	7
-0.061968643415129	1.20185945428175	307
-0.071109422516136	0.545239423768143	80
-0.036644959139606	0.73631593843628	80
0.0321942837792599	0.910860550540127	220
-0.031525183603296	0.894056990506377	307
-0.101653135129711	0.72334506195932	27
0.00972939107894	1.53105237820254	27
0.05626488614213	0.549849792880685	490
-0.036461977062203	0.737057787372522	679
-0.101548167322622	0.723359211386074	679
-0.082585802969243	0.884489794876882	20
-0.044602602733049	0.34432064158674	37
0.05626488614213	0.549849792880685	37
0.0440776278483901	0.753951679336125	86
-0.070352446056449	1.04543022076412	86
0.0564758165711701	0.549811713656465	812
-0.0436301765277211	0.34477098044816	285
-0.034450817004627	2.11402672694466	28
0.01104776170133	1.37581150200877	365
-0.0934278943936649	1.19627033035603	316
-0.081273109424582	1.35372857669329	121
-0.031199159291512	0.894865284437944	74
0.0156508067566601	1.22311756105978	201
0.05073788753131	1.38876825102173	201
0.05637163360447	0.549884852122293	7
-0.044259688427062	0.344597279041458	7
-0.0365606945846591	0.737033359814109	264
0.0564763435040401	0.549821521222389	220
0.11263885012019	0.93771101399471	493
0.03222171039443	0.911376016037499	679
0.05647678982563	0.549758738961787	20
-0.0431186725812021	0.345023297855276	37
-0.017022182026208	1.82079408865304	652
0.12019542409938	1.2574310173836	86
-0.070996620429515	0.54534639567847	285
-0.106029546168835	1.34923039056073	365
-0.052270574166984	2.45560848632971	311
-0.043773963352507	0.344930752421141	520
-0.043459434457195	0.344960841267334	335
-0.044259688427062	0.344597279041458	335
0.0440920117303101	0.753962957849965	74
0.0564763435040401	0.549821521222389	57
-0.0276628987390321	1.05450084837954	74
0.0562663309454501	0.549797046240232	264
-0.043944881346302	0.344844233810228	264
0.02254486376266	1.06702666289685	220
0.0440920117303101	0.753962957849965	220
-0.036492238854222	0.737129368422307	27
0.01128658233096	1.37620384083354	27
0.0387481020437399	1.69504766989489	27
-0.070274378160972	1.04586627864036	27
0.08185910510021	1.08381532721845	27
0.0440920117303101	0.753962957849965	679
-0.043773963352507	0.344930752421141	419
-0.043459434457195	0.344960841267334	295
-0.101645579839088	0.723312999645903	616
-0.0432889332822301	0.345047173325076	520
-0.044259688427062	0.344597279041458	335
0.05637163360447	0.549884852122293	335
0.0443589125975701	0.754279565754827	74
0.05088334474898	1.38942219027613	74
0.0818868463887099	1.08367773089547	74
0.04443859417144	0.754332078234377	80
-0.101465943068103	0.723499377018564	220
0.0225190910678099	1.06703055372121	220
0.0113009376787601	1.37576658133133	27
-0.044602602733049	0.34432064158674	490
0.0440776278483901	0.753951679336125	679
-0.071467464463713	0.544905767686774	679
-0.0436301765277211	0.34477098044816	679
0.04443859417144	0.754332078234377	679
-0.027405238549353	1.05484289193962	20
-0.071232343712938	0.545207466605494	419
-0.07089409986287	0.545350618768897	419
-0.027619123996169	1.05477624341821	269
-0.031259722162075	0.894867219943855	20
-0.036407722391707	0.737012836381491	295
-0.043773963352507	0.344930752421141	37
-0.071365168967766	0.54488630078218	86
-0.071129935948653	0.54523415602611	812
0.00418087383434007	2.28191767480711	28
-0.0865168655108191	2.47821802341696	569
0.0562663309454501	0.549797046240232	616
0.05637106962915	0.549947620800554	335
-0.043944881346302	0.344844233810228	335
-0.020253770002251	1.52107930170137	121
0.09491844038316	1.87429506886086	121
0.0321422145261101	0.911241377499726	74
-0.03138967012002	0.894530621309699	74
-0.031427121450776	0.894523734287508	74
0.12410757971275	1.57569928849423	57
-0.070290784555248	1.0459804557593	74
0.0563721169038001	0.549683027568135	7
0.0511287661617099	1.38977713959466	307
-0.043773963352507	0.344930752421141	264
-0.070996620429515	0.54534639567847	264
0.0322086691734	0.911326076798724	307
-0.0313202942154019	0.894791434390984	220
-0.0432889332822301	0.345047173325076	490
-0.031343419721046	0.89475746323902	20
0.0225190910678099	1.06703055372121	269
0.0818358498874101	1.08380771699508	101
-0.065505962548041	1.6563249369711	653
-0.060689249011731	1.80503453920444	653
0.04443859417144	0.754332078234377	37
-0.097901374349687	1.79604070963218	28
0.0708873368921701	1.7091028144898	28
-0.043944881346302	0.344844233810228	289
0.02616124117451	2.1369025063593	121
0.01091597147025	1.37377028587715	121
-0.071006940147097	0.545364679729449	264
-0.082641435403759	0.884624051510388	220
0.0321422145261101	0.911241377499726	27
0.04434466175505	0.754284813205743	493
-0.043773963352507	0.344930752421141	490
0.0156109029998499	1.2228385795836	269
0.0562656490431901	0.549859734255288	419
-0.043944881346302	0.344844233810228	397
0.0562640421128799	0.549767797036242	37
-0.043773963352507	0.344930752421141	37
0.05637163360447	0.549884852122293	812
0.05637042484898	0.549937742703155	812
0.12038742061257	1.2578398543556	616
-0.043773963352507	0.344930752421141	289
-0.0432889332822301	0.345047173325076	335
0.04417132370979	0.75412450860252	74
-0.0825353000710391	0.884630729150845	57
0.05637106962915	0.549947620800554	7
-0.043773963352507	0.344930752421141	7
-0.044602602733049	0.34432064158674	7
-0.043773963352507	0.344930752421141	7
0.0562656490431901	0.549859734255288	264
-0.043944881346302	0.344844233810228	80
0.12026088529769	1.2576313920689	307
0.0817447143486301	1.08315934030847	27
-0.101473546234521	0.723531388531303	27
-0.082480946169443	0.884709227779637	27
0.00952847613757002	1.53023976366126	27
0.0223599558161001	1.06642160349613	493
0.11246881043441	0.937662436095658	493
-0.0707811670798	0.545205173335839	419
0.0564758165711701	0.549811713656465	295
0.03231421993805	0.911417879412006	86
-0.07135504694871	0.545077172240108	812
0.07501514170502	2.1628770008727	569
-0.071242537484796	0.545183921949788	335
-0.081471408458885	1.35319728584912	121
-0.072070070281673	1.50733629715527	121
0.0431246974294299	1.54241664203828	121
0.0224933125245399	1.06690079768204	57
-0.120937699310448	1.19238889888936	201
-0.0432889332822301	0.345047173325076	7
-0.101465943068103	0.723499377018564	220
0.04442439792067	0.754229357853164	220
0.0817754508413	1.08353682191244	220
-0.043773963352507	0.344930752421141	490
-0.043603286547006	0.344907057276545	490
0.06375868004231	1.23799865634734	134
-0.101488784963315	0.72345451589888	419
-0.101645579839088	0.723312999645903	20
0.0638699007018799	1.23840753304936	269
-0.071457378764343	0.544731695529714	295
-0.0364237824996561	0.737080806847057	812
0.04396959001382	0.753309560999294	335
-0.081319799989847	1.35351607674234	121
0.0818868463887099	1.08367773089547	74
0.12030233812361	1.25777863394742	307
-0.031464586513018	0.894382720035318	307
0.0225190910678099	1.06703055372121	27
0.03226199177089	0.911084289803644	134
0.05091212141293	1.38961278663446	653
0.0821238888946201	1.08387210308138	295
-0.101653135129711	0.72334506195932	282
0.03402593732536	1.84362626618291	652
-0.124083212146109	1.64314902746093	495
0.0340745677768599	1.84404507341204	121
-0.070184005470795	1.04617082712758	307
0.0225721212738299	1.06706916732697	307
-0.036492238854222	0.737129368422307	307
-0.031334628554655	0.8945595860125	307
0.11236395675142	0.937365047108194	134
-0.070118331891034	1.04618174195779	269
0.0639108379854101	1.23852953622882	269
0.11265651125862	0.93768533175143	37
-0.070225110075706	1.04606157920864	652
0.00961927472718993	1.53051444917618	652
0.1203655832426	1.25783419731482	86
-0.081364162356408	1.35349624017352	695
0.11249363084293	0.937200709768577	443
0.06393570053701	1.23852577601073	74
-0.0234609987269651	1.36620668918834	74
0.09683968958851	1.40778201755148	201
-0.036415794228469	0.737122253083976	307
0.0440920117303101	0.753962957849965	799
-0.0432889332822301	0.345047173325076	27
-0.101399115528676	0.723432327376269	27
0.11246881043441	0.937662436095658	749
0.0156238740854999	1.22293386002239	282
-0.095003048460193	1.50101109006498	652
-0.06209130795619	1.20171099413483	86
0.02993974460558	1.98986909607361	495
-0.031357752098785	0.894627010363366	28
-0.047432277531802	1.51352688776358	695
-0.095077256345227	2.1185381936548	311
0.0508393939630401	1.38943137256963	839
-0.101563314968327	0.723471675074255	443
0.0156308562804	1.22300656555389	74
0.11252402758662	0.937101185710154	207
0.0225706305732101	1.06687882467591	307
0.01579740361826	1.22319880995934	307
0.04317428250101	1.54252847061264	307
-0.036492238854222	0.737129368422307	220
0.0112286315144901	1.37615506412961	27
-0.101301824949274	0.723297254627533	27
-0.027385877731837	1.05491814920312	27
0.0322086691734	0.911326076798724	134
-0.036637096058068	0.736684857359088	20
-0.101570905004164	0.72345739395091	749
-0.0312685496541471	0.894604447747691	282
-0.036461977062203	0.737057787372522	282
-0.020206996800305	1.52146735700887	86
-0.107069162949579	1.0395784959162	695
0.00747977860106008	1.83088465396112	569
-0.082747601756595	0.88435030569052	289
-0.105930599381355	1.34980954027584	839
-0.101660701233066	0.723330813645462	443
-0.070377019622332	1.04570668698556	121
0.01582429899209	1.22343609703963	121
0.03230116897854	0.911423629192629	74
0.04417132370979	0.75412450860252	74
-0.070184005470795	1.04617082712758	307
0.0439984206623001	0.753790274969522	220
-0.02740778509701	1.05490897335387	134
0.0109538696393201	1.37500115699727	134
0.0156707544315	1.2231748186568	269
0.04434466175505	0.754284813205743	749
0.0564758165711701	0.549811713656465	749
-0.082694514705985	0.884519673248624	749
0.0110551106332799	1.37572684662054	282
0.0155441070500999	1.22259278542652	86
-0.082587082885628	0.884702546982814	28
-0.107095662010047	1.03951579834305	839
0.11256634242361	0.937710941311817	289
-0.0432889332822301	0.345047173325076	335
-0.043603286547006	0.344907057276545	335
-0.031305977772603	0.894747914864557	207
-0.0363694440005931	0.736844972190202	207
-0.106988917037548	1.03952354306334	307
0.02246457856493	1.06689134986402	307
-0.101301824949274	0.723297254627533	220
0.12015604586375	1.25696687138359	220
-0.027616715127442	1.05462935242831	27
-0.020147175082447	1.52168699516412	27
0.0443589125975701	0.754279565754827	134
0.11237126320517	0.937446712499808	134
-0.031395223643973	0.894333317208468	269
-0.107222459926604	1.03917686496942	269
0.01124333842626	1.3759619242648	269
0.0225706305732101	1.06687882467591	749
0.00560096891285	2.44474487360082	338
0.08191949778297	1.08398924701774	28
-0.036514421905951	0.737033103872343	289
-0.071119688055949	0.545314341145758	443
-0.101660701233066	0.723330813645462	443
-0.020009440138421	1.52198290082008	121
-0.070188113871099	1.04590203185184	121
0.0968926311229401	1.40712361376751	207
-0.101450769160013	0.723282904851052	207
-0.031236594054134	0.894851243166186	207
0.0322750548958599	0.911263981477454	220
-0.106988917037548	1.03952354306334	27
-0.120766682680907	1.19293446333011	27
0.0225721212738299	1.06706916732697	134
0.05102044255343	1.3898513065571	20
0.00982016436422994	1.53095126115011	653
-0.105720550617542	1.64504197062806	282
0.00964051595589011	1.53077254629294	282
0.04190772816861	2.45415993412584	695
-0.031525183603296	0.894056990506377	289
-0.093455404748285	1.19623876503468	121
0.0440776278483901	0.753951679336125	207
0.00902809119274006	1.68358661128078	307
0.01571760041628	1.22328489320777	220
-0.107095662010047	1.03951579834305	134
0.00955166228395998	1.53027953229418	653
-0.101660701233066	0.723330813645462	282
-0.106855683207793	1.03957902238362	652
-0.071129935948653	0.54523415602611	26
0.05626488614213	0.549849792880685	222
-0.072193055774994	1.50691149736403	121
0.0156308562804	1.22300656555389	121
-0.023472024755433	1.36611655707003	121
0.0111057325805	1.37596314190727	74
-0.106942356523668	1.03966476032396	201
-0.071006940147097	0.545364679729449	183
-0.082614260148593	0.884686342578039	27
-0.107109301708108	1.0393382533015	27
-0.025942831114434	1.21077632444477	27
-0.107115717833426	1.03950749724685	27
-0.070077225424851	1.04610518450702	27
0.03222171039443	0.911376016037499	134
0.1124834169686	0.937505053006876	134
0.07080108269538	1.70865843541714	653
-0.0363694440005931	0.736844972190202	282
-0.070996620429515	0.54534639567847	285
0.08093768148781	1.5568863447493	374
-0.067421439310336	2.11074254585004	311
-0.071109422516136	0.545239423768143	26
-0.044116040951262	0.344654176637369	26
0.00950529939454992	1.53012363899734	121
0.0709131204371301	1.70907816172323	121
-0.031334628554655	0.8945595860125	74
0.00892800626276991	1.68348820880225	201
-0.07020455530967	1.04613960732077	207
-0.07147753247626	0.54477972387055	300
0.04434466175505	0.754284813205743	220
0.0640219706337499	1.23864395137302	27
0.04398399761367	0.75369610299678	134
0.03208869656893	0.91095244316846	653
-0.114468577758279	1.79425886127736	653
0.02244026721769	1.06670101667827	405
-0.070180028564682	1.04594528778697	282
-0.062040607196503	1.20178821795617	282
-0.03144146577512	0.894416666554646	86
0.0431634116230499	1.54254455724172	121
-0.031297168502227	0.894775455345156	2
-0.0275316296236881	1.05471170220811	2
-0.023455426902502	1.3660667037757	121
0.01126495185036	1.37615002201409	74
-0.036484236733938	0.737132596613881	74
-0.0824524657821289	0.884501130739274	201
-0.062011737677485	1.2019558857783	307
-0.115514641904056	1.4973972933908	307
0.0563688923575001	0.549638324540131	300
0.0443589125975701	0.754279565754827	220
-0.07147753247626	0.54477972387055	233
-0.043459434457195	0.344960841267334	228
-0.10166827814355	0.723268328705126	269
-0.0825353000710391	0.884630729150845	405
0.0323675214427801	0.911314788146664	405
-0.071119688055949	0.545314341145758	405
0.04418566840128	0.754070728099669	405
0.0640380612731499	1.23840525076641	374
0.05637106962915	0.549947620800554	374
0.0630184659178901	1.85829481993864	374
0.0156575162934101	1.22277469430132	374
-0.043459434457195	0.344960841267334	26
-0.036590921217337	0.736933842807329	222
-0.036598902361397	0.736897946780892	222
0.11246881043441	0.937662436095658	2
-0.101391466843945	0.723494902630146	2
-0.044088594342648	0.344573880945257	162
-0.043459434457195	0.344960841267334	162
-0.070883725911559	0.545396838220442	162
-0.043944881346302	0.344844233810228	162
0.05637042484898	0.549937742703155	162
-0.036514421905951	0.737033103872343	767
0.0562656490431901	0.549859734255288	767
-0.070883725911559	0.545396838220442	767
0.05637163360447	0.549884852122293	458
-0.043944881346302	0.344844233810228	458
-0.044088594342648	0.344573880945257	233
-0.043773963352507	0.344930752421141	233
0.04461253916478	0.754259014192373	233
-0.101750548868484	0.723137417121878	134
-0.043944881346302	0.344844233810228	142
-0.044259688427062	0.344597279041458	142
-0.043459434457195	0.344960841267334	397
0.05637042484898	0.549937742703155	397
-0.07089409986287	0.545350618768897	405
0.03204966774021	0.910969946338839	162
0.0820031417389	1.08402208373736	673
0.03223474756332	0.911370242557373	307
-0.0432889332822301	0.345047173325076	342
-0.101563314968327	0.723471675074255	307
0.0820169962102899	1.08405169334965	307
-0.036500157553343	0.736981665988245	767
0.1123027579141	0.936987787385083	220
0.02238428843625	1.06661774607404	711
-0.101578505841053	0.723394863993532	233
-0.031236594054134	0.894851243166186	233
-0.044431024415727	0.344510645872178	173
0.0442650852691	0.754232399790507	173
-0.027616715127442	1.05462935242831	134
0.0562640421128799	0.549767797036242	142
-0.044602602733049	0.34432064158674	142
0.01582429899209	1.22343609703963	735
-0.044602602733049	0.34432064158674	228
0.0157375554221	1.22334217495853	2
-0.101473546234521	0.723531388531303	162
0.0224933125245399	1.06690079768204	673
0.08191949778297	1.08398924701774	307
-0.031510827346691	0.894156056525593	220
-0.121137757291496	1.19225835694846	27
0.0442507952022	0.75417682170438	233
-0.081429510182747	1.3534618021676	27
-0.101660701233066	0.723330813645462	134
-0.036492238854222	0.737129368422307	134
0.05637106962915	0.549947620800554	173
0.03222171039443	0.911376016037499	142
-0.061989905588164	1.20179611167214	735
0.0563721169038001	0.549683027568135	397
-0.0946944377862891	1.50202625720025	660
-0.071457378764343	0.544731695529714	470
-0.0432889332822301	0.345047173325076	222
0.05637042484898	0.549937742703155	222
0.0564758165711701	0.549811713656465	222
0.05100535525865	1.38960873663525	2
-0.043944881346302	0.344844233810228	183
-0.036590921217337	0.736933842807329	183
0.01106942328581	1.37581562452475	27
0.11255900834009	0.937756926523111	233
0.0445042938247	0.753972043833052	173
-0.071467464463713	0.544905767686774	142
-0.036454023593511	0.737152407988497	405
-0.071467464463713	0.544905767686774	405
-0.0431186725812021	0.345023297855276	228
-0.101743006698458	0.723151630240779	245
-0.07024970151071	1.04608966046289	311
-0.043944881346302	0.344844233810228	26
-0.107095662010047	1.03951579834305	2
-0.071701984309422	0.544304949055345	183
-0.0431186725812021	0.345023297855276	342
-0.036590921217337	0.736933842807329	173
-0.0710991393730151	0.544942501953742	173
-0.071365168967766	0.54488630078218	405
-0.0432889332822301	0.345047173325076	228
0.0224933125245399	1.06690079768204	587
-0.071232343712938	0.545207466605494	2
0.0817987039769199	1.08354443198078	2
0.11254430621574	0.937658562049887	162
0.05637042484898	0.549937742703155	162
-0.0436301765277211	0.34477098044816	162
-0.071589804215755	0.544608567691178	183
-0.101555735739257	0.723439633854202	307
-0.03653044002489	0.737053210534985	767
-0.043773963352507	0.344930752421141	458
-0.101570905004164	0.72345739395091	711
-0.071119688055949	0.545314341145758	233
-0.071129935948653	0.54523415602611	173
0.0562640421128799	0.549767797036242	173
-0.101570905004164	0.72345739395091	134
0.0323533485007299	0.911042906543845	134
0.0818962404813699	1.08398163423465	134
0.0563721169038001	0.549683027568135	142
-0.0432889332822301	0.345047173325076	397
-0.043773963352507	0.344930752421141	397
-0.044431024415727	0.344510645872178	245
-0.031548301753379	0.893971801306482	2
-0.031236594054134	0.894851243166186	650
-0.070770738838821	0.54538288874509	2
-0.082587082885628	0.884702546982814	2
-0.044431024415727	0.344510645872178	222
-0.036621119907987	0.736743850951486	162
0.03216952118775	0.910761773694812	162
-0.043944881346302	0.344844233810228	183
-0.043773963352507	0.344930752421141	183
-0.0432889332822301	0.345047173325076	342
-0.043773963352507	0.344930752421141	342
-0.043773963352507	0.344930752421141	787
-0.0432889332822301	0.345047173325076	787
-0.043773963352507	0.344930752421141	767
0.05637042484898	0.549937742703155	767
-0.071006940147097	0.545364679729449	458
0.03218127253685	0.911052508375353	27
-0.031199159291512	0.894865284437944	233
-0.044431024415727	0.344510645872178	142
0.0819566225974699	1.08406505818642	405
-0.0432889332822301	0.345047173325076	405
-0.0431186725812021	0.345023297855276	129
-0.043603286547006	0.344907057276545	129
-0.031510827346691	0.894156056525593	129
0.0562631168258101	0.549550309589635	129
-0.0620264541730881	1.20194940480869	470
-0.037661341977667	1.95920476449633	30
-0.101645579839088	0.723312999645903	2
-0.082562474023551	0.884520071952556	2
-0.036454023593511	0.737152407988497	673
0.0225176082995899	1.06692995816121	673
0.0818823606615999	1.08376474934687	162
-0.044431024415727	0.344510645872178	183
-0.0365606945846591	0.737033359814109	767
-0.044431024415727	0.344510645872178	458
0.0319440992342499	0.91035348684568	233
0.0562663309454501	0.549797046240232	142
-0.101458350708023	0.723418983530821	142
-0.0432889332822301	0.345047173325076	228
-0.044116040951262	0.344654176637369	245
0.05637106962915	0.549947620800554	251
-0.080154206766385	1.79946652827	311
-0.0312685496541471	0.894604447747691	2
-0.043944881346302	0.344844233810228	183
0.0441569944418201	0.754003890830394	307
0.0440489063542	0.753253974239364	307
-0.10144319842978	0.723072032121833	711
0.11247611937041	0.937616420025001	233
0.0561571934124001	0.549262539795133	129
0.12032630355578	1.25727339496638	233
-0.071222132294741	0.545067781172208	233
0.0562656490431901	0.549859734255288	173
0.0442650852691	0.754232399790507	142
-0.031259722162075	0.894867219943855	405
-0.120799950133578	1.19287813302979	405
-0.070118331891034	1.04618174195779	405
0.0638699007018799	1.23840753304936	405
-0.043773963352507	0.344930752421141	228
0.0563696991348801	0.549855793811326	228
-0.027555959146974	1.05487896115819	282
-0.101391466843945	0.723494902630146	245
0.1124541585777	0.937564150996836	245
0.03207569100603	0.911014000073039	470
-0.043603286547006	0.344907057276545	26
-0.043944881346302	0.344844233810228	2
-0.043773963352507	0.344930752421141	129
-0.071365168967766	0.54488630078218	470
-0.044116040951262	0.344654176637369	470
-0.031380875427768	0.894642985006881	375
-0.043459434457195	0.344960841267334	251
-0.071232343712938	0.545207466605494	2
0.05637106962915	0.549947620800554	222
0.0322477806810699	0.911308684661655	2
-0.043944881346302	0.344844233810228	2
0.04401285919836	0.753591006608618	2
-0.071232343712938	0.545207466605494	2
0.0564771556644901	0.549557007715875	129
-0.0431186725812021	0.345023297855276	129
-0.071344907241322	0.545035913914066	2
-0.071365168967766	0.54488630078218	2
0.0562640421128799	0.549767797036242	183
-0.044431024415727	0.344510645872178	342
-0.043944881346302	0.344844233810228	458
-0.036355325515275	0.736791118669719	233
-0.043944881346302	0.344844233810228	173
-0.043944881346302	0.344844233810228	173
-0.031176028778409	0.894849317055589	793
0.05637163360447	0.549884852122293	228
-0.043603286547006	0.344907057276545	228
-0.071242537484796	0.545183921949788	282
-0.043773963352507	0.344930752421141	228
-0.043773963352507	0.344930752421141	245
-0.031236594054134	0.894851243166186	2
0.0321552379114201	0.911235583775859	2
-0.107008974572669	1.03960342014187	2
0.0818729835199301	1.0839158727603	2
-0.043603286547006	0.344907057276545	183
0.11270749511117	0.937419345860646	162
0.0967530004466699	1.40750559779634	183
0.03204966774021	0.910969946338839	183
0.0442507952022	0.75417682170438	767
0.0564763435040401	0.549821521222389	458
0.05626488614213	0.549849792880685	767
-0.071232343712938	0.545207466605494	233
-0.082638891343881	0.884320457399692	233
-0.044259688427062	0.344597279041458	228
-0.043603286547006	0.344907057276545	228
-0.044259688427062	0.344597279041458	397
-0.107049097525559	1.03963025554267	793
0.0562663309454501	0.549797046240232	228
0.04453259252245	0.754314244963196	282
-0.0365606945846591	0.737033359814109	245
-0.043459434457195	0.344960841267334	245
-0.06548204638558	1.65629570714937	23
0.0562640421128799	0.549767797036242	251
-0.043603286547006	0.344907057276545	251
-0.043944881346302	0.344844233810228	251
0.05637163360447	0.549884852122293	222
0.05637163360447	0.549884852122293	222
-0.043603286547006	0.344907057276545	222
-0.043603286547006	0.344907057276545	222
-0.044431024415727	0.344510645872178	173
0.0564758165711701	0.549811713656465	173
-0.044116040951262	0.344654176637369	397
0.0561582374837899	0.549479838139215	397
-0.043603286547006	0.344907057276545	245
-0.043459434457195	0.344960841267334	245
-0.043944881346302	0.344844233810228	222
-0.0258703736649421	1.21102676146163	88
-0.101578505841053	0.723394863993532	88
0.0561616005402099	0.549307853533314	183
0.05626488614213	0.549849792880685	183
-0.044431024415727	0.344510645872178	183
-0.071109422516136	0.545239423768143	342
-0.043773963352507	0.344930752421141	342
-0.070163460558768	1.04615595032074	313
0.11247611937041	0.937616420025001	767
-0.07147753247626	0.54477972387055	458
0.0443589125975701	0.754279565754827	418
-0.105900192547271	1.3496571634463	555
0.0561608815010499	0.549509252408709	233
-0.043944881346302	0.344844233810228	228
0.1123027579141	0.936987787385083	173
-0.070996620429515	0.54534639567847	173
0.05637163360447	0.549884852122293	173
-0.031222289606827	0.894831303474498	176
-0.082694514705985	0.884519673248624	110
-0.044259688427062	0.344597279041458	228
-0.044259688427062	0.344597279041458	26
0.12026088529769	1.2576313920689	88
-0.093339182077986	1.19617708861348	88
-0.101653135129711	0.72334506195932	88
0.11255900834009	0.937756926523111	88
0.0564758165711701	0.549811713656465	183
-0.082694514705985	0.884519673248624	88
-0.043944881346302	0.344844233810228	183
0.0562656490431901	0.549859734255288	41
-0.043944881346302	0.344844233810228	342
0.05637042484898	0.549937742703155	342
0.03203665003496	0.910860397596398	313
-0.093571547262979	1.19590213625924	313
0.04401285919836	0.753591006608618	767
-0.071017242216908	0.545220013672355	767
-0.044259688427062	0.344597279041458	767
0.0323805902558501	0.91136476035372	418
-0.07135504694871	0.545077172240108	173
-0.043944881346302	0.344844233810228	173
0.0562663309454501	0.549797046240232	173
0.0564758165711701	0.549811713656465	142
0.0224100742574	1.06651716948607	110
0.11246881043441	0.937662436095658	110
0.0561582374837899	0.549479838139215	198
-0.093532841995555	1.19605933723768	140
-0.0432889332822301	0.345047173325076	139
-0.043944881346302	0.344844233810228	139
-0.0432889332822301	0.345047173325076	228
0.0564758165711701	0.549811713656465	228
0.05626488614213	0.549849792880685	245
-0.043944881346302	0.344844233810228	26
-0.0277892540370051	1.05407811018233	88
-0.121209800952832	1.19180476496499	88
0.08194275542764	1.08393865490821	88
0.01547729416488	1.22226254220357	222
-0.118768352159988	1.95434327274195	196
-0.107162305451928	1.03933324116451	88
0.12026088529769	1.2576313920689	88
-0.082505539020907	0.88446161473339	88
-0.101548167322622	0.723359211386074	88
0.11240037562521	0.937119290552478	41
-0.071252713567035	0.54493642808036	342
0.0968998391304601	1.40770310099859	313
0.02265240382554	1.06700740870336	767
-0.036590921217337	0.736933842807329	418
-0.101810439910303	0.722628176067218	418
0.01131556618493	1.37615094986661	418
-0.070163460558768	1.04615595032074	418
-0.043773963352507	0.344930752421141	228
0.0967859026222899	1.40627784724618	176
0.08199373502602	1.08398592332374	110
0.11246881043441	0.937662436095658	245
0.0968998391304601	1.40770310099859	748
0.0708220222739699	1.70887923593223	88
-0.120949500906684	1.19287483068064	88
-0.082695779902199	0.884348888839568	196
0.08099819095304	1.55730522295282	196
-0.101735475346937	0.723119555449305	88
0.0564758165711701	0.549811713656465	342
-0.10166827814355	0.723268328705126	313
-0.070996620429515	0.54534639567847	767
-0.071119688055949	0.545314341145758	767
-0.031259722162075	0.894867219943855	418
0.11257366517831	0.937599599098464	418
-0.101496420514043	0.723336576315312	418
-0.0365606945846591	0.737033359814109	176
0.0818962404813699	1.08398163423465	176
-0.071119688055949	0.545314341145758	228
0.03222171039443	0.911376016037499	681
-0.071006940147097	0.545364679729449	251
-0.036415794228469	0.737122253083976	222
-0.071242537484796	0.545183921949788	183
-0.101743006698458	0.723151630240779	313
0.04418566840128	0.754070728099669	313
-0.047146052726962	1.51393467734	499
-0.106942356523668	1.03966476032396	233
-0.03653044002489	0.737053210534985	233
-0.071006940147097	0.545364679729449	228
-0.047291009000155	1.51402008287233	176
-0.023593676638815	1.36541453527827	110
-0.043773963352507	0.344930752421141	228
0.08191949778297	1.08398924701774	387
-0.025830041549697	1.21104012338943	88
-0.082667339791759	0.884581953780753	88
0.0640219706337499	1.23864395137302	88
-0.036514421905951	0.737033103872343	446
-0.043773963352507	0.344930752421141	183
-0.070290784555248	1.0459804557593	41
-0.101563314968327	0.723471675074255	767
0.0225721212738299	1.06706916732697	767
0.01570244328656	1.22255679589545	499
0.06375868004231	1.23799865634734	176
-0.043773963352507	0.344930752421141	142
-0.061946877888461	1.20207133869022	140
0.0562656490431901	0.549859734255288	139
-0.043603286547006	0.344907057276545	228
0.05637042484898	0.549937742703155	245
0.0562640421128799	0.549767797036242	245
0.11228098205664	0.937128664631718	259
0.0321552379114201	0.911235583775859	681
-0.043773963352507	0.344930752421141	26
0.0562663309454501	0.549797046240232	88
0.0322750548958599	0.911263981477454	446
-0.043773963352507	0.344930752421141	446
-0.043773963352507	0.344930752421141	183
0.05615920010244	0.549561803212589	767
-0.043603286547006	0.344907057276545	767
0.0320626813968501	0.911019810572968	767
0.11246149016777	0.937645880867221	233
0.0818358498874101	1.08380771699508	233
-0.044116040951262	0.344654176637369	228
0.0563721169038001	0.549683027568135	173
0.05637163360447	0.549884852122293	173
-0.0432889332822301	0.345047173325076	173
-0.071242537484796	0.545183921949788	142
-0.071242537484796	0.545183921949788	142
0.0440920117303101	0.753962957849965	397
-0.071129935948653	0.54523415602611	198
-0.043944881346302	0.344844233810228	139
0.0224631035060801	1.06655577524297	88
-0.070208638161214	1.0460130176294	88
0.0321552379114201	0.911235583775859	88
0.11237126320517	0.937446712499808	88
0.11239311454361	0.937305835438956	446
-0.071119688055949	0.545314341145758	446
0.0564763435040401	0.549821521222389	183
-0.036377550744814	0.737032606359318	767
0.05626488614213	0.549849792880685	767
0.0564763435040401	0.549821521222389	233
0.05637106962915	0.549947620800554	233
-0.036582856574251	0.7368200202736	233
0.0562656490431901	0.549859734255288	173
0.05637163360447	0.549884852122293	142
-0.07135504694871	0.545077172240108	142
0.05637042484898	0.549937742703155	139
-0.043603286547006	0.344907057276545	139
0.12045065325593	1.2577869796241	613
-0.043944881346302	0.344844233810228	26
0.0337487909726499	1.8417772454178	230
-0.060627752501965	1.80498479784783	499
0.12042880500867	1.25778129884721	834
-0.0313202942154019	0.894791434390984	834
0.04398399761367	0.75369610299678	198
-0.036500157553343	0.736981665988245	394
-0.06196104127637	1.20196376108449	480
-0.043944881346302	0.344844233810228	257
-0.081338429625919	1.35365674096125	230
0.0224130083313101	1.06671163011206	156
-0.106266763114177	1.64518460326166	499
-0.031343419721046	0.89475746323902	499
-0.061997551624542	1.20192805323169	499
-0.027512181800937	1.05494675562188	499
-0.025890543413827	1.21094620761372	499
-0.101391466843945	0.723494902630146	233
-0.071365168967766	0.54488630078218	233
0.03234137164476	0.91102544933558	834
0.0752022630902001	2.16340385462699	110
0.0843649939137601	2.0199974245544	110
0.03222171039443	0.911376016037499	394
0.04297524941609	1.54167764439769	387
0.0968196345046901	1.4076915071428	387
0.00899357190400996	1.68366215210586	230
0.11264915203471	0.937731269932564	257
-0.036454023593511	0.737152407988497	257
-0.120971065471423	1.19252957147326	499
0.01567768197695	1.22300582951014	499
0.0224903548816999	1.06677543704651	233
-0.01795266887189	1.67329034578262	63
-0.039656328998573	1.81183158851389	63
0.0508681924216301	1.38950803132885	387
-0.073961248415922	1.95164631016215	230
-0.101473546234521	0.723531388531303	257
-0.082588363856588	0.88466355355712	238
-0.072095069900826	1.50693140043684	499
0.0968597420519499	1.40781389017121	499
0.0111347264843	1.37596196919581	499
-0.020186376891599	1.52172048307247	834
-0.081471408458885	1.35319728584912	110
-0.0719634322870309	1.5070851864801	63
-0.081247336596612	1.35353885311513	197
-0.082506831039155	0.884712128619311	387
0.0223872144871	1.06641100582436	257
0.11533787065772	2.03839225128546	156
-0.047363484676763	1.5138875543207	110
0.0969729230777301	1.40787092955857	394
-0.044259688427062	0.344597279041458	26
0.0494589066720701	2.14834432590935	302
0.0382674205953799	1.69477276079248	469
0.11256634242361	0.937710941311817	257
-0.082799449215751	0.883848915427954	257
0.08093200253498	1.55712204519667	127
0.12040695199024	1.25771518593969	127
-0.107162305451928	1.03933324116451	834
0.0809650916900599	1.55725804243138	387
0.11255900834009	0.937756926523111	429
-0.106935985034188	1.03963383965687	604
-0.031236594054134	0.894851243166186	230
-0.020389823465322	1.52075232901539	469
0.11256634242361	0.937710941311817	469
0.0225993808360401	1.06705854609469	257
0.08194721363433	1.08366439565217	238
-0.027599754866535	1.05460350186192	238
-0.0619250953248161	1.20216991940453	499
-0.031152898064982	0.894781886645523	127
0.03223474756332	0.911370242557373	834
-0.107069162949579	1.0395784959162	219
0.11237855832652	0.937463227606808	263
0.11260056216583	0.937590941216586	263
-0.082614260148593	0.884686342578039	140
-0.107228965021624	1.03908907644044	63
-0.082720427178775	0.884412567880966	63
0.06384942438567	1.23825867704684	248
-0.107035510261096	1.03927342214318	238
-0.105854249336498	1.3499135355516	499
0.0294748631956501	1.98815767744381	127
-0.061867305543816	1.20207990939578	219
0.05082433153018	1.38883504882361	219
-0.080104565647365	1.7996543885258	140
-0.0432889332822301	0.345047173325076	26
0.0230162973325501	2.44834648233061	302
-0.031259722162075	0.894867219943855	257
0.12032416462092	1.25778427019312	156
0.0817754508413	1.08353682191244	238
-0.06195398174659	1.20214510056494	238
-0.105846463484076	1.34963993355035	127
0.03230116897854	0.911423629192629	233
-0.043459434457195	0.344960841267334	233
-0.082694514705985	0.884519673248624	834
0.10695423091306	1.72516919636907	110
-0.027723661685403	1.05441182338237	110
0.10697854108887	1.72499791390082	140
0.0640219706337499	1.23864395137302	197
0.0224387963694599	1.06686892521899	387
0.08089326408026	1.55707654533661	370
0.0638903719018	1.2384968780635	156
0.0443589125975701	0.754279565754827	238
0.0564752088982301	0.549729892713676	238
0.0639561829217901	1.238615150834	238
-0.101660701233066	0.723330813645462	127
-0.121126858096415	1.19203928295625	110
-0.0824796494171151	0.884633676821758	110
0.08191010479496	1.08387246777139	110
-0.062142007857602	1.20156771857056	110
0.05647678982563	0.549758738961787	198
0.03219562389923	0.911216412299517	394
-0.101653135129711	0.72334506195932	197
0.02246457856493	1.06689134986402	197
0.0225176082995899	1.06692995816121	238
0.12043108103579	1.25766742087765	541
0.07507217860406	2.16311225251529	534
0.0441569944418201	0.754003890830394	198
-0.036484236733938	0.737132596613881	263
-0.056301792314308	1.95555102831001	302
-0.096710284170861	2.29943965342972	670
-0.036445986631397	0.737102462140653	578
-0.031199159291512	0.894865284437944	238
0.0237071588649	2.28813037933486	499
0.1072687652786	1.72460980629739	127
0.11263885012019	0.93771101399471	541
0.12028050685563	1.25771255235485	127
0.0628464978163701	1.85708101538214	193
-0.081471408458885	1.35319728584912	322
0.0971799738630099	1.40666472258022	432
0.05626488614213	0.549849792880685	26
0.11899824081128	2.34122959521311	230
0.0560314279199099	2.00392663295028	534
0.02244026721769	1.06670101667827	263
-0.107129375048723	1.03914230384128	469
-0.070118331891034	1.04618174195779	156
-0.023433317820318	1.36616345661768	156
-0.0313115047927131	0.894435702761685	238
0.12017359416185	1.25723463110226	238
0.0819798819994	1.08407267577228	127
0.12028050685563	1.25771255235485	127
-0.107089231009403	1.03948206300516	110
-0.101473546234521	0.723531388531303	263
-0.0258703736649421	1.21102676146163	564
-0.101548167322622	0.723359211386074	387
0.12396314335536	1.57513214122472	604
-0.054185536352188	1.35863224103621	370
-0.107102174511318	1.0390909084678	370
-0.027512181800937	1.05494675562188	370
0.0442507952022	0.75417682170438	238
-0.027747948909879	1.05409831590901	127
0.0561600813982901	0.549571799070062	541
-0.03656862711982	0.736917816316698	786
-0.101683464363178	0.722958484471422	786
-0.025437082074432	2.44645208364707	230
0.00578740607500006	1.97820305250302	84
0.0638040775754301	1.23820336293762	238
0.08191949778297	1.08398924701774	238
-0.082587082885628	0.884702546982814	219
-0.036407722391707	0.737012836381491	219
0.0708850056180499	1.70867471553028	63
0.06320132189734	1.85859983663368	604
0.0638245375998401	1.23829266616481	469
-0.107008974572669	1.03960342014187	238
-0.10166827814355	0.723268328705126	238
-0.107282638020999	1.03858120001351	238
0.03223474756332	0.911370242557373	238
0.0385611361967799	1.69565015906197	193
-0.036522472713603	0.737109537115533	219
-0.101548167322622	0.723359211386074	263
0.04443859417144	0.754332078234377	263
0.00900049459533991	1.68367750427789	564
-0.0737487351167631	1.95189301282956	288
0.02244026721769	1.06670101667827	197
0.0639399655927799	1.23790338407623	387
-0.070290784555248	1.0459804557593	613
-0.0541423273841341	1.35875110242668	302
0.00986460077142004	1.5309640996991	370
-0.0542759933939631	1.35849581813656	370
0.00903154837935993	1.6837408258346	370
-0.0800797577476861	1.79968371014312	29
0.12017577789329	1.25737545212184	786
0.11255900834009	0.937756926523111	213
-0.047405235104117	1.5137222547449	670
-0.071119688055949	0.545314341145758	578
-0.025844295983587	1.21079582393813	238
-0.031274042578904	0.894708011352014	263
-0.106272471364271	1.64542421333035	613
-0.0934278943936649	1.19627033035603	68
0.0969063144326601	1.40787583355748	302
-0.119233244050792	2.13072925559801	29
-0.023510722941654	1.36602109097782	84
0.05637042484898	0.549937742703155	213
-0.047260274646552	1.51391512878887	84
-0.020334433777679	1.52103539469748	499
-0.120888324055231	1.19299413712952	127
0.01134455567586	1.37604473683741	834
-0.094834498926779	1.501719146732	436
-0.027555959146974	1.05487896115819	439
-0.062040607196503	1.20178821795617	439
-0.025019752436269	2.44852588510762	29
-0.093416672765968	1.19626278064051	469
-0.120844179118581	1.19305122183164	469
0.0708616763113901	1.70827208031295	238
-0.043773963352507	0.344930752421141	198
-0.042730543964194	1.66414580073155	370
0.04401285919836	0.753591006608618	213
0.03230116897854	0.911423629192629	453
-0.081361801622268	1.35364490255439	499
0.04434466175505	0.754284813205743	59
-0.0365606945846591	0.737033359814109	59
-0.0258502063780121	1.21105786812092	834
-0.070274378160972	1.04586627864036	834
-0.082720427178775	0.884412567880966	439
-0.0620624332229111	1.20187866075914	140
-0.071006940147097	0.545364679729449	16
0.0158092361100199	1.22309588785036	16
-0.10166827814355	0.723268328705126	16
-0.106855683207793	1.03957902238362	238
-0.031282850067381	0.894833241968667	439
-0.101555735739257	0.723439633854202	63
-0.107095662010047	1.03951579834305	613
-0.07027024057091	1.04605846100747	68
-0.061932171341143	1.20208196247888	370
0.0320236282800199	0.910680889493628	84
-0.082587082885628	0.884702546982814	453
-0.07027024057091	1.04605846100747	238
-0.0543664351818131	1.35804247325658	238
-0.027684792997667	1.05427229999006	834
0.0818868463887099	1.08367773089547	439
0.12028050685563	1.25771255235485	16
-0.025723259825039	1.21083588826899	68
-0.043773963352507	0.344930752421141	213
-0.027427126225528	1.05493472482154	84
-0.061881479300019	1.20201267091147	84
-0.061823732969253	1.20210845301172	238
-0.070163460558768	1.04615595032074	59
-0.023588093071513	1.36567992179916	59
-0.071119688055949	0.545314341145758	59
-0.082400709144955	0.884551709841063	439
0.0224387963694599	1.06686892521899	439
0.0969127080746199	1.40741237437167	110
-0.082829113429442	0.883845981238684	198
-0.082614260148593	0.884686342578039	68
-0.031366545021736	0.894672147645549	783
-0.07087333435651	0.545221169055652	213
0.05590883622801	2.00287717082997	84
-0.106635864510243	1.03871300826089	453
-0.107049097525559	1.03963025554267	84
-0.020050746099423	1.52173489677999	84
-0.081226384319174	1.35368574642396	84
-0.093433444350823	1.19611054161841	499
-0.025962980300666	1.21084356658435	834
0.0639926511575499	1.23808224168028	834
0.0708454061480099	1.70892139250154	110
0.04401285919836	0.753591006608618	16
0.08088764506701	1.55711077344895	387
0.07091069840738	1.70923152597485	662
-0.081317458098349	1.35370878465458	370
0.06305998436993	1.85763454880227	469
-0.106962423662692	1.03969989531373	469
-0.047291009000155	1.51402008287233	230
-0.026023442511273	1.21074974660252	783
-0.101391466843945	0.723494902630146	453
0.03223474756332	0.911370242557373	84
-0.025896503212501	1.21097844257219	238
-0.026069765312652	1.21062418865468	238
0.0509053455059101	1.38919841613967	238
-0.020185448458248	1.52165999323912	193
-0.070225110075706	1.04606157920864	834
-0.101481160201522	0.723517076998338	834
-0.036522472713603	0.737109537115533	439
0.0111853441515	1.37612101536071	432
0.0819333635302699	1.08399928718163	16
-0.107222459926604	1.03917686496942	230
-0.0313202942154019	0.894791434390984	213
-0.023538463029037	1.36616140050926	127
-0.031115472698623	0.894748372952573	59
-0.047321730740575	1.51380045271841	322
-0.082614260148593	0.884686342578039	834
-0.03140399854422	0.89460902425551	834
-0.120888324055231	1.19299413712952	110
-0.101773240234113	0.722765355240257	16
-0.020118561474317	1.52179341656668	84
-0.106003060929555	1.34961983866979	322
-0.070093828584457	1.04600105443832	613
-0.081406139990575	1.35353694103162	469
-0.10604900980577	1.34909445324266	230
0.0156308562804	1.22300656555389	84
-0.036629149696626	0.736798442331128	213
-0.054073497271584	1.35864920048628	84
0.08185910510021	1.08381532721845	84
0.10679762239455	1.7244556829199	110
-0.060942815032265	1.80365394683575	110
-0.071232343712938	0.545207466605494	68
-0.010403056788401	2.44525486604763	29
-0.120988247890347	1.19282700741373	370
-0.107095662010047	1.03951579834305	238
0.0968597420519499	1.40781389017121	127
0.05096969168643	1.38982176222323	127
-0.095062994458519	1.50051535835407	436
-0.019998192672574	1.52165144101605	140
-0.09361024362795	1.19569700569062	805
-0.081275432505724	1.35349115046417	63
0.0820402577239101	1.08405931812681	613
-0.10603016951569	1.64618221057058	230
-0.060725948148455	1.80455667093097	230
0.08191949778297	1.08398924701774	213
-0.071972082551681	1.50733996150273	84
-0.054251615384103	1.35821513428855	238
0.0710858319040799	1.70879289375766	238
0.01567768197695	1.22300582951014	238
-0.061860152027491	1.20171305316849	127
-0.072006914298051	1.50759178977848	322
-0.114541114658021	1.79399888081252	805
-0.105999167638665	1.3496021412527	63
-0.0432889332822301	0.345047173325076	68
-0.067074967514505	2.11214729650182	29
-0.106071624201208	1.34929461532004	230
-0.09348282280388	1.19591646706085	84
-0.120988247890347	1.19282700741373	84
-0.106942356523668	1.03966476032396	84
0.0968597420519499	1.40781389017121	238
0.05091894163922	1.38970656928479	499
-0.05416394733666	1.35874927327338	834
0.08191949778297	1.08398924701774	59
-0.080234531549928	1.79918374098706	110
0.0225978862785401	1.0669755162005	140
-0.07221560072086	1.50650116415607	63
0.01577745702024	1.22329990378456	84
-0.0814480068499051	1.3531427814846	84
0.00970623400762993	1.53101267792603	84
0.0967530004466699	1.40750559779634	84
-0.054231443610414	1.35862725822419	84
-0.107008974572669	1.03960342014187	84
0.0808820664924299	1.55699888737257	834
0.11512042828412	2.0378200918132	110
-0.027701806748982	1.05442091155917	16
0.07521061919019	2.16342192565698	805
-0.062055351065708	1.20192457289589	63
-0.020186376891599	1.52172048307247	63
0.0563721169038001	0.549683027568135	26
0.0111057325805	1.37596314190727	613
-0.082219095565476	2.11125856994516	230
0.00885899020646996	1.68293746840902	230
-0.018107099992105	1.67282649190711	193
-0.027342076791285	1.05478600096291	834
0.12396314335536	1.57513214122472	834
0.03837416599927	1.69530121172761	110
0.11507159228563	2.03673525815086	110
0.00580061359828998	1.97772940844641	140
-0.0347005196081061	2.11278888691477	230
-0.106962423662692	1.03969989531373	213
0.00899357190400996	1.68366215210586	84
-0.025896503212501	1.21097844257219	84
0.06334174533974	1.85854943198908	84
0.0820169962102899	1.08405169334965	127
-0.025890543413827	1.21094620761372	127
0.00988588855416994	1.53105061447754	127
-0.0276628987390321	1.05450084837954	834
0.12406405346451	1.57495897585977	110
0.01576431091208	1.22326253459121	140
-0.093494127824405	1.19617109274449	805
0.0707752804445301	1.70853517268512	499
-0.094648726081029	1.50202062116022	499
0.11518648228796	2.03808650883962	193
-0.093604670152136	1.19576019209607	834
-0.027616715127442	1.05462935242831	322
0.0113735508085699	1.37588225683722	638
-0.07087333435651	0.545221169055652	198
0.01573058067625	1.22303144619112	140
-0.027599754866535	1.05460350186192	16
0.05599854399386	2.00387905246977	63
-0.10691111459182	2.49216330177904	29
-0.027492816828231	1.05490729215136	713
-0.10718235432431	1.03932495145424	469
-0.07135504694871	0.545077172240108	213
0.10720000415085	1.72496973002698	84
0.06395175480383	1.23842646095537	84
-0.070097776193172	1.04616688856952	84
-0.07135504694871	0.545077172240108	474
0.11255166293503	0.937740334633732	16
-0.061939203140791	1.20172688826811	63
-0.071129935948653	0.54523415602611	213
-0.093494127824405	1.19617109274449	84
-0.067274178301911	2.11163219846327	836
-0.031352232592918	0.894397866217944	16
0.0638858869908401	1.23822221923868	713
-0.056262237575357	1.95531332334743	230
0.0443589125975701	0.754279565754827	213
-0.071467464463713	0.544905767686774	213
-0.020162781632465	1.52165517122628	84
0.0109898133611199	1.37544549264339	84
0.0157375554221	1.22334217495853	238
-0.027619123996169	1.05477624341821	613
-0.072291376123908	1.50569998130883	230
0.05637163360447	0.549884852122293	213
-0.107269051509213	1.03902910915402	108
0.0443589125975701	0.754279565754827	474
-0.025856194114773	1.21079253748943	63
0.02983377021084	1.98979875401062	230
-0.105785671061771	1.34987656257904	230
-0.062077132257867	1.2017399436275	783
0.05626488614213	0.549849792880685	213
-0.120999068922496	1.19277600758083	84
-0.106829250282554	1.03960795417372	238
-0.07027024057091	1.04605846100747	127
-0.045842180512146	2.27664273330546	836
-0.0473056745841161	1.51309708964297	436
-0.042916116143133	1.66320852564792	230
0.01580433945138	1.22343107106307	230
-0.101578505841053	0.723394863993532	108
-0.0276628987390321	1.05450084837954	108
-0.101832929653365	0.722876621015674	474
-0.071109422516136	0.545239423768143	686
-0.061932171341143	1.20208196247888	322
-0.023765227512213	1.36507473211629	638
0.11237855832652	0.937463227606808	16
-0.119046070477261	2.13109566105536	29
0.07075192237466	1.70822990151881	230
0.12043108103579	1.25766742087765	238
0.00972939107894	1.53105237820254	499
-0.0826401628661601	0.88459815617751	127
-0.042544965114427	1.66438098667786	193
-0.03734642709588	1.96080720045536	63
0.0382331378466501	1.69449245175724	713
0.0431246974294299	1.54241664203828	230
0.05602302361375	2.00387183451908	836
-0.0312685496541471	0.894604447747691	474
-0.124046809600009	1.64256814689092	436
0.10688807415148	1.72494870216794	436
0.00988233678282002	1.53050308908205	140
-0.114613647805489	1.79364193461588	230
-0.020186376891599	1.52172048307247	230
0.0159309987277401	1.22329263546403	499
0.0095748578908601	1.53024014916067	805
-0.023427805260376	1.36622295172062	103
0.11249797812312	0.937030870714072	224
-0.043944881346302	0.344844233810228	826
-0.07135504694871	0.545077172240108	826
0.0562656490431901	0.549859734255288	238
-0.05396278053281	1.35858784544927	238
0.04434466175505	0.754284813205743	127
-0.082612983926298	0.884568233999964	127
-0.107055558227072	1.03940076560111	834
-0.047504746971876	1.51314482049078	834
-0.115539623043236	1.49777709555795	834
0.0224660534177801	1.06691141992885	834
-0.043944881346302	0.344844233810228	398
-0.086791805747541	1.64986148555751	436
0.0321942837792599	0.910860550540127	292
-0.07027024057091	1.04605846100747	280
-0.044431024415727	0.344510645872178	398
-0.044602602733049	0.34432064158674	398
-0.043944881346302	0.344844233810228	398
-0.071344907241322	0.545035913914066	398
-0.043944881346302	0.344844233810228	398
-0.044116040951262	0.344654176637369	398
0.05615920010244	0.549561803212589	398
-0.043944881346302	0.344844233810228	398
-0.044116040951262	0.344654176637369	398
-0.043773963352507	0.344930752421141	398
0.0564763435040401	0.549821521222389	398
-0.043773963352507	0.344930752421141	398
0.05637042484898	0.549937742703155	398
-0.043773963352507	0.344930752421141	398
-0.071365168967766	0.54488630078218	105
0.11255900834009	0.937756926523111	224
-0.101383828947527	0.723509241619784	224
-0.020186376891599	1.52172048307247	680
-0.042761934726633	1.66398945062406	680
0.0562656490431901	0.549859734255288	826
-0.0436301765277211	0.34477098044816	398
0.03212918709089	0.911191470796257	452
0.03222171039443	0.911376016037499	238
0.0564763435040401	0.549821521222389	185
-0.071006940147097	0.545364679729449	185
-0.071232343712938	0.545207466605494	505
-0.027449018497797	1.05497512183915	252
0.0321422145261101	0.911241377499726	198
-0.023654593914888	1.36572458347098	12
-0.070883725911559	0.545396838220442	292
-0.106968862125783	1.03939619248366	280
-0.10175810185148	0.72307499104243	224
0.0969263738528801	1.40790772389199	224
-0.094631548612357	1.50197883882622	378
0.04434466175505	0.754284813205743	185
0.0441569944418201	0.754003890830394	185
-0.031236594054134	0.894851243166186	489
-0.093311762763191	1.19634180737528	489
0.0562640421128799	0.549767797036242	505
0.0384505069338299	1.69556281392811	252
0.08194275542764	1.08393865490821	252
-0.043603286547006	0.344907057276545	198
0.0967664994548201	1.40723891921075	63
-0.044088594342648	0.344573880945257	181
0.0820075723181499	1.08352783564822	224
-0.107109301708108	1.0393382533015	224
-0.043944881346302	0.344844233810228	224
-0.106915905610062	1.03968562259535	238
-0.043944881346302	0.344844233810228	185
-0.044088594342648	0.344573880945257	185
0.12032189419078	1.25763932933792	489
-0.093261655751077	1.19589780625784	252
-0.043944881346302	0.344844233810228	198
-0.0432889332822301	0.345047173325076	198
0.05637163360447	0.549884852122293	105
0.06378361243723	1.23805456551059	103
-0.036667364077333	0.736585387837709	181
-0.105926709351822	1.34980835766754	709
-0.043944881346302	0.344844233810228	398
-0.101743006698458	0.723151630240779	452
0.11219789154464	0.936585408154834	452
-0.121037769904366	1.19260011351086	238
-0.043944881346302	0.344844233810228	185
0.0561600813982901	0.549571799070062	185
-0.044259688427062	0.344597279041458	185
-0.101563314968327	0.723471675074255	185
-0.071242537484796	0.545183921949788	505
-0.0824796494171151	0.884633676821758	505
-0.098113276285067	1.79540033851456	384
0.05637106962915	0.549947620800554	292
0.05637163360447	0.549884852122293	292
-0.101465943068103	0.723499377018564	103
0.0818962404813699	1.08398163423465	103
0.05637042484898	0.549937742703155	105
-0.082587082885628	0.884702546982814	103
-0.10153306294916	0.723012204815781	224
-0.060689249011731	1.80503453920444	680
0.05637042484898	0.549937742703155	826
-0.101586117473243	0.723276956405637	452
0.04443859417144	0.754332078234377	452
-0.10718235432431	1.03932495145424	238
-0.043459434457195	0.344960841267334	505
-0.101810439910303	0.722628176067218	505
0.0443589125975701	0.754279565754827	252
-0.0431186725812021	0.345023297855276	398
-0.071232343712938	0.545207466605494	198
0.0820773612946799	1.08391500988676	103
0.11239311454361	0.937305835438956	103
-0.101376201845311	0.723477270342393	224
-0.070770738838821	0.54538288874509	130
-0.054208495032163	1.35866432024122	108
-0.036582856574251	0.7368200202736	452
-0.107222459926604	1.03917686496942	452
-0.043773963352507	0.344930752421141	452
-0.101645579839088	0.723312999645903	452
-0.071119688055949	0.545314341145758	452
-0.031259722162075	0.894867219943855	238
-0.071365168967766	0.54488630078218	185
-0.044116040951262	0.344654176637369	185
-0.07114016615063	0.544922254106109	185
-0.043944881346302	0.344844233810228	398
-0.044088594342648	0.344573880945257	398
-0.044431024415727	0.344510645872178	292
-0.093466587114438	1.19615860811006	280
0.11255166293503	0.937740334633732	103
-0.036522472713603	0.737109537115533	103
0.0564758165711701	0.549811713656465	181
0.0968998391304601	1.40770310099859	378
-0.071222132294741	0.545067781172208	130
-0.071242537484796	0.545183921949788	826
-0.044116040951262	0.344654176637369	398
0.05637106962915	0.549947620800554	452
-0.044259688427062	0.344597279041458	185
0.0323675214427801	0.911314788146664	372
0.09473906748637	1.87458762800833	79
0.06421499325811	1.23828885793639	505
0.05615920010244	0.549561803212589	505
0.11255166293503	0.937740334633732	280
-0.082641435403759	0.884624051510388	103
0.0445984367263701	0.754019514650505	105
-0.043773963352507	0.344930752421141	398
-0.043944881346302	0.344844233810228	181
0.10291787309093	2.18071743689217	378
-0.036407722391707	0.737012836381491	130
-0.081473850289443	1.35330908839644	108
0.0322477806810699	0.911308684661655	372
-0.036544579094988	0.736843119096666	505
-0.071242537484796	0.545183921949788	198
0.0443589125975701	0.754279565754827	198
-0.044116040951262	0.344654176637369	398
-0.071119688055949	0.545314341145758	550
0.0562640421128799	0.549767797036242	103
-0.0432889332822301	0.345047173325076	181
-0.044259688427062	0.344597279041458	181
-0.043944881346302	0.344844233810228	181
-0.044431024415727	0.344510645872178	181
-0.071006940147097	0.545364679729449	181
-0.107155837359721	1.03935934976629	378
-0.06203355285445	1.20199687747258	378
-0.044088594342648	0.344573880945257	398
-0.044259688427062	0.344597279041458	826
-0.044116040951262	0.344654176637369	398
-0.044259688427062	0.344597279041458	185
-0.044431024415727	0.344510645872178	185
-0.043944881346302	0.344844233810228	398
-0.043773963352507	0.344930752421141	398
0.05626488614213	0.549849792880685	505
0.05626693197811	0.549595337703117	398
-0.043944881346302	0.344844233810228	198
-0.043459434457195	0.344960841267334	398
-0.036461977062203	0.737057787372522	292
-0.044259688427062	0.344597279041458	550
0.0563696991348801	0.549855793811326	103
-0.071232343712938	0.545207466605494	105
-0.043773963352507	0.344930752421141	105
-0.043773963352507	0.344930752421141	105
0.05637106962915	0.549947620800554	181
-0.07065765908776	0.545237570130125	181
0.05626488614213	0.549849792880685	181
-0.043459434457195	0.344960841267334	181
-0.071344907241322	0.545035913914066	130
-0.044116040951262	0.344654176637369	398
-0.043944881346302	0.344844233810228	826
-0.044431024415727	0.344510645872178	185
-0.043459434457195	0.344960841267334	398
-0.036454023593511	0.737152407988497	505
0.05637106962915	0.549947620800554	505
-0.0432889332822301	0.345047173325076	198
0.0564758165711701	0.549811713656465	198
0.0818358498874101	1.08380771699508	292
-0.044259688427062	0.344597279041458	551
-0.044259688427062	0.344597279041458	398
-0.043603286547006	0.344907057276545	398
-0.043603286547006	0.344907057276545	398
0.0563721169038001	0.549683027568135	398
-0.071252713567035	0.54493642808036	398
0.02246457856493	1.06689134986402	103
0.05647678982563	0.549758738961787	105
0.04441021697393	0.753863930323266	103
-0.07135504694871	0.545077172240108	181
-0.044088594342648	0.344573880945257	398
-0.0432889332822301	0.345047173325076	181
-0.0436301765277211	0.34477098044816	398
-0.071006940147097	0.545364679729449	246
-0.043944881346302	0.344844233810228	826
-0.0436301765277211	0.34477098044816	826
-0.071242537484796	0.545183921949788	372
-0.093499719652416	1.19614015503817	172
-0.081389772081234	1.35270790874	172
0.03222171039443	0.911376016037499	539
-0.044259688427062	0.344597279041458	398
-0.036522472713603	0.737109537115533	34
0.08089326408026	1.55707654533661	103
0.05637106962915	0.549947620800554	181
0.0442650852691	0.754232399790507	246
0.0562656490431901	0.549859734255288	246
-0.082720427178775	0.884412567880966	246
-0.070996620429515	0.54534639567847	519
-0.070770738838821	0.54538288874509	519
-0.0826401628661601	0.88459815617751	143
-0.044602602733049	0.34432064158674	505
-0.101548167322622	0.723359211386074	181
-0.070142920573239	1.0460942175221	360
-0.082694514705985	0.884519673248624	181
0.0442793907465899	0.754117796960099	246
-0.0432889332822301	0.345047173325076	826
0.0818729835199301	1.0839158727603	572
0.05637163360447	0.549884852122293	803
0.05647678982563	0.549758738961787	519
0.0156308562804	1.22300656555389	143
-0.071467464463713	0.544905767686774	505
-0.071129935948653	0.54523415602611	505
0.0564758165711701	0.549811713656465	428
-0.044116040951262	0.344654176637369	551
0.05626488614213	0.549849792880685	551
-0.071579790153005	0.544601745507154	105
0.05637042484898	0.549937742703155	181
-0.026069765312652	1.21062418865468	360
-0.097944833171275	1.7952619923416	363
-0.07089409986287	0.545350618768897	826
0.10679762239455	1.7244556829199	246
-0.043459434457195	0.344960841267334	826
-0.036552678625193	0.737010024602681	246
-0.0313202942154019	0.894791434390984	246
0.05637163360447	0.549884852122293	517
-0.082427889447007	0.884581595836898	572
0.0224903548816999	1.06677543704651	143
-0.031297168502227	0.894775455345156	172
-0.047497369165461	1.5125033712088	596
-0.071119688055949	0.545314341145758	539
0.10695423091306	1.72516919636907	12
-0.101653135129711	0.72334506195932	34
0.06393570053701	1.23852577601073	103
0.03211615560474	0.911081852028009	181
-0.027638575945297	1.05466978524651	246
-0.101743006698458	0.723151630240779	246
0.02265240382554	1.06700740870336	246
-0.101570905004164	0.72345739395091	519
-0.071109422516136	0.545239423768143	551
-0.071232343712938	0.545207466605494	181
-0.10166827814355	0.723268328705126	360
-0.114496718307927	1.7939891024488	318
0.0709340685253299	1.70927364635115	318
0.03232726684426	0.91135634635286	130
0.0564771556644901	0.549557007715875	246
-0.071109422516136	0.545239423768143	517
-0.043944881346302	0.344844233810228	505
-0.044116040951262	0.344654176637369	551
-0.043944881346302	0.344844233810228	551
0.03219562389923	0.911216412299517	181
0.04462665687915	0.754213263592527	246
-0.036454023593511	0.737152407988497	246
-0.08261681594621	0.884126216863873	246
0.02254486376266	1.06702666289685	246
-0.07135504694871	0.545077172240108	519
-0.07015945807652	1.04607246298915	372
-0.02349973524978	1.36620833955754	143
-0.107188888963689	1.03897409711075	143
0.0561582374837899	0.549479838139215	505
0.05615920010244	0.549561803212589	428
-0.10166827814355	0.723268328705126	539
0.06375868004231	1.23799865634734	12
-0.105976540841095	1.3492948595122	789
-0.027492816828231	1.05490729215136	318
-0.071467464463713	0.544905767686774	246
-0.082694514705985	0.884519673248624	246
-0.101563314968327	0.723471675074255	246
-0.031343419721046	0.89475746323902	237
-0.036514421905951	0.737033103872343	572
-0.027684792997667	1.05427229999006	572
-0.0260758445270211	1.21029077211109	372
0.05626488614213	0.549849792880685	505
-0.101555735739257	0.723439633854202	172
-0.0432889332822301	0.345047173325076	428
-0.025916661430886	1.21099620291474	12
0.01576431091208	1.22326253459121	12
-0.036492238854222	0.737129368422307	34
0.11255166293503	0.937740334633732	34
-0.071109422516136	0.545239423768143	34
0.0440632594027199	0.753748211258075	572
-0.043603286547006	0.344907057276545	519
0.08093200253498	1.55712204519667	159
-0.031115472698623	0.894748372952573	143
-0.071109422516136	0.545239423768143	505
-0.044431024415727	0.344510645872178	34
-0.056380941116406	1.95507765224869	102
-0.106191710846183	1.6457775005705	102
-0.020298415712494	1.52128274444891	72
0.00952657793021006	1.53020541444196	72
0.05626488614213	0.549849792880685	428
-0.082534010651157	0.884742054533541	551
-0.106489706763085	1.64403843503808	102
0.11255900834009	0.937756926523111	246
-0.106247469985276	1.64557792050312	115
-0.106869420526023	1.03954780645443	237
0.0810369169171801	1.55729435675105	237
-0.082508124120625	0.884693017011681	237
-0.093499719652416	1.19614015503817	237
-0.105960991335328	1.34967520306531	72
0.06390632656073	1.23808270338327	172
0.01128658233096	1.37620384083354	172
0.05637163360447	0.549884852122293	428
-0.0364237824996561	0.737080806847057	428
-0.036437866029168	0.73691343078879	539
0.02249183379048	1.06698805226884	551
-0.043773963352507	0.344930752421141	551
-0.071344907241322	0.545035913914066	826
-0.0272596638829939	1.05431301026764	246
-0.070996620429515	0.54534639567847	237
0.12017577789329	1.25737545212184	237
-0.054274599656883	1.35832181136802	72
-0.0347005196081061	2.11278888691477	12
-0.07135504694871	0.545077172240108	551
-0.080227538055106	1.79864847265774	217
0.0296623306046999	1.9893678479272	102
0.02265240382554	1.06700740870336	237
-0.047405235104117	1.5137222547449	159
0.11532364500936	2.0384696071246	159
0.0510272845878299	1.38981179347507	12
-0.023433317820318	1.36616345661768	318
-0.063646654139695	2.46497857327866	115
-0.093748333567384	1.1948227344529	143
0.07097840743854	1.70936618123556	72
-0.06195398174659	1.20214510056494	12
0.0948716292682299	1.87296708529735	12
0.0818358498874101	1.08380771699508	34
-0.0313202942154019	0.894791434390984	34
0.0562640421128799	0.549767797036242	461
-0.120960359353717	1.19290786952374	345
0.0232501365266	2.44863437563752	115
-0.080104565647365	1.7996543885258	115
-0.065637318407454	1.65620988365613	168
0.0564752088982301	0.549729892713676	34
0.12030233812361	1.25777863394742	345
0.1122955106478	0.937099102205197	66
0.0710485492378401	1.70891891040523	143
-0.0619250953248161	1.20216991940453	72
-0.106033447144174	1.34941005589067	72
-0.101540609724054	0.723223104564238	299
-0.054277310693881	1.35835299024805	72
-0.071119688055949	0.545314341145758	837
0.0322477806810699	0.911308684661655	98
-0.0313202942154019	0.894791434390984	50
-0.0934278943936649	1.19627033035603	12
-0.031199159291512	0.894865284437944	461
-0.0202541923580291	1.52152201265556	115
0.12404978821873	1.57565625621364	143
-0.0365606945846591	0.737033359814109	143
-0.043459434457195	0.344960841267334	408
0.0442793907465899	0.754117796960099	837
-0.043773963352507	0.344930752421141	837
-0.0824524657821289	0.884501130739274	34
-0.043459434457195	0.344960841267334	461
0.04453259252245	0.754314244963196	66
0.05637163360447	0.549884852122293	66
0.02973605171475	1.98898520775736	72
0.03211615560474	0.911081852028009	299
0.0562656490431901	0.549859734255288	837
0.12024117788038	1.25720861494657	50
0.01571760041628	1.22328489320777	273
0.0562656490431901	0.549859734255288	355
-0.031236594054134	0.894851243166186	355
0.05637163360447	0.549884852122293	461
-0.016932790891348	1.8205734140923	115
0.10682057363711	1.72462842973983	115
0.05626693197811	0.549595337703117	837
0.12399201933273	1.57537116919566	50
0.12030233812361	1.25777863394742	50
-0.082720427178775	0.884412567880966	34
-0.114543457662707	1.79381459893606	102
-0.101653135129711	0.72334506195932	461
0.09473906748637	1.87458762800833	115
-0.105111319714629	1.95118085826018	115
-0.104752690091774	1.95182030618677	231
0.08410464761197	2.47288355319628	159
-0.036500157553343	0.736981665988245	66
0.0225721212738299	1.06706916732697	143
0.08073839924044	1.55631518267682	143
-0.101653135129711	0.72334506195932	98
-0.047329084130767	1.51396717937737	12
-0.031199159291512	0.894865284437944	34
-0.047332755701853	1.51387869486065	273
-0.101750548868484	0.723137417121878	66
-0.101847976944587	0.722800095652409	66
0.0226781593240499	1.0668492289337	143
0.0156508067566601	1.22311756105978	143
-0.101383828947527	0.723509241619784	299
-0.093389192762407	1.19633796669489	549
0.0508681924216301	1.38950803132885	284
0.0562631168258101	0.549550309589635	837
-0.071006940147097	0.545364679729449	461
-0.097934666769526	1.7959749420301	115
0.00891416092781006	1.68304442178228	72
-0.10603734410943	1.34948668792618	72
0.11246149016777	0.937645880867221	837
-0.0396487117065329	1.81133965614679	115
-0.017316824934699	1.81946209196419	115
-0.105942243631721	1.34917364659776	159
-0.07089409986287	0.545350618768897	66
-0.07147753247626	0.54477972387055	66
-0.036621119907987	0.736743850951486	461
0.03204966774021	0.910969946338839	461
-0.0541652507011991	1.35864737670148	115
0.03223474756332	0.911370242557373	66
0.0631730161187101	1.85874954908939	72
-0.107202405814818	1.03927323507825	549
-0.025936822100179	1.21096511139689	284
-0.107002565854406	1.03963979305475	98
0.0225706305732101	1.06687882467591	98
0.0640219706337499	1.23864395137302	50
0.0225190910678099	1.06703055372121	50
-0.093488495516347	1.19609682998606	461
-0.086424561649744	1.65042659047697	115
-0.0166948118885	1.96814544452321	115
-0.061896203258868	1.20214854372511	72
-0.027555959146974	1.05487896115819	98
-0.031282850067381	0.894833241968667	98
0.12051616936064	1.25742918262182	50
-0.101653135129711	0.72334506195932	461
0.01568367007141	1.22262738598399	461
0.11909813347564	2.34189714350756	115
0.0509409037237201	1.38974509840069	72
0.04308599181933	1.54223373464827	549
0.02238575150709	1.06666914591894	98
-0.036476151045358	0.737003004445714	98
0.05637163360447	0.549884852122293	34
0.03212918709089	0.911191470796257	34
0.0076811748669301	1.83182187108397	102
0.11267119574035	0.937387568080163	355
0.0442650852691	0.754232399790507	461
0.0560726020953499	2.00338007890944	115
-0.047470354200401	1.51342781338765	115
-0.05416394733666	1.35874927327338	549
-0.107289098672218	1.03893278754181	549
0.12032416462092	1.25778427019312	98
-0.031176028778409	0.894849317055589	98
-0.031473366644551	0.894173829531596	50
-0.027616715127442	1.05462935242831	50
-0.038997057750935	2.45179797143592	102
0.05089014843219	1.38962990466398	143
0.12407868113726	1.57570757590707	549
0.06381999595149	1.23792820228403	549
-0.070290784555248	1.0459804557593	549
0.10711085364078	1.72526290593152	284
-0.020121492498366	1.52193792585916	168
-0.124144634931052	1.64310834189746	168
-0.0828278687791601	0.883997676792772	98
-0.036437866029168	0.73691343078879	461
-0.082505539020907	0.88446161473339	143
-0.107262576026585	1.03883729567554	72
0.01101149661738	1.37533251249275	12
0.0562656490431901	0.549859734255288	461
-0.047481386991075	1.51328460194731	345
0.00554326041638009	2.445233500841	231
-0.071975341307124	1.50765247192783	159
-0.0313202942154019	0.894791434390984	66
0.0442793907465899	0.754117796960099	66
0.00764823428086991	1.83183060219718	72
0.0321422145261101	0.911241377499726	98
-0.025942831114434	1.21077632444477	12
-0.036522472713603	0.737109537115533	50
-0.101481160201522	0.723517076998338	50
0.11256634242361	0.937710941311817	461
-0.10581996176566	1.34992717986501	345
-0.037584976033279	1.96013896884306	115
0.00548933527974005	1.97763264408512	401
-0.0313202942154019	0.894791434390984	143
-0.025916661430886	1.21099620291474	12
-0.082614260148593	0.884686342578039	50
-0.101458350708023	0.723418983530821	34
-0.027490300019446	1.05490633643062	273
-0.071344907241322	0.545035913914066	461
-0.073996261920111	1.9514694244855	115
-0.094831566041955	1.50166851115836	115
-0.082213232653328	2.11156051660381	115
0.11247611937041	0.937616420025001	66
0.11246881043441	0.937662436095658	66
0.03212918709089	0.911191470796257	98
0.0224144752270199	1.06634617904436	50
0.04417132370979	0.75412450860252	34
-0.031208003264675	0.894503555649843	34
-0.095357719070214	2.11726133826557	115
-0.036659369110434	0.736608498678328	66
-0.036377550744814	0.737032606359318	66
0.03222171039443	0.911376016037499	34
-0.07135504694871	0.545077172240108	34
-0.036415794228469	0.737122253083976	355
-0.093422303840707	1.19631955450873	345
0.02952365800139	1.98856249245171	345
-0.101481160201522	0.723517076998338	66
-0.061917974929748	1.20200271539567	143
-0.106895828832973	1.03969396687441	549
-0.072582552325528	2.2865412479713	102
0.00544504107063992	1.97669452499391	115
-0.115683079758594	1.49729131518038	231
-0.054298939556287	1.35839204948127	143
-0.03656862711982	0.736917816316698	66
-0.105888533805717	1.34983930389633	143
-0.121115146110387	1.19210402726052	72
-0.086791805747541	1.64986148555751	13
0.0818497268957901	1.08378906785201	599
0.05637106962915	0.549947620800554	431
-0.027575367622978	1.05484399731642	98
-0.114646431198557	1.79355623350916	102
-0.036552678625193	0.737010024602681	461
0.06746325272572	2.30706973898443	115
-0.031222289606827	0.894831303474498	66
-0.105743613567514	1.34986089284762	143
0.00903154837935993	1.6837408258346	143
-0.12097727508833	1.19247854702631	72
-0.101653135129711	0.72334506195932	599
0.05091894163922	1.38970656928479	599
-0.031343419721046	0.89475746323902	50
0.08190561657454	1.08365296820229	50
-0.031487707035994	0.894297470806205	34
-0.071242537484796	0.545183921949788	461
-0.034560843199842	2.11391475484422	115
0.0416461084578601	2.45294141013292	159
-0.120910745341128	1.19288099264065	143
-0.054342104692774	1.35812501157731	143
-0.093676500674617	1.19535071037973	549
-0.105960991335328	1.34967520306531	62
-0.018029886051919	1.67311860546236	284
0.00966178651797001	1.53089845743849	12
0.0322477806810699	0.911308684661655	34
-0.034305864023403	2.11384688721156	102
0.04461253916478	0.754259014192373	461
0.12026296833264	1.25702315203014	345
-0.01616007176345	2.11748166394507	115
-0.070996620429515	0.54534639567847	66
-0.027597243513091	1.05483487911551	143
0.0968196345046901	1.4076915071428	143
-0.120993677417748	1.19285144030232	72
-0.082612983926298	0.884568233999964	104
0.02606900058024	2.13676568759686	159
-0.025360263320877	2.4473746867662	401
-0.121077001874731	1.19135363897242	143
-0.101368585543135	0.7233969304341	599
-0.031418344819664	0.894400703459376	599
0.0563696991348801	0.549855793811326	34
-0.070883725911559	0.545396838220442	461
0.0442650852691	0.754232399790507	66
0.10677340524603	1.72357604269995	143
-0.105884639252599	1.34969470494975	62
-0.071232343712938	0.545207466605494	461
-0.062004666845856	1.20206788072969	345
-0.067152830174954	2.11131840526079	236
-0.07135504694871	0.545077172240108	66
-0.036407722391707	0.737012836381491	66
-0.0365461247501731	0.736374197319905	66
0.12021724926848	1.25755972178808	66
0.00965994768379996	1.53070395483234	143
0.0225176082995899	1.06692995816121	50
-0.118837923799227	1.95421024397778	115
-0.071232343712938	0.545207466605494	66
-0.020445145558374	1.52020372140875	62
0.02243732538821	1.0667368304008	98
-0.031487707035994	0.894297470806205	50
0.00896251786661995	1.68364885824815	345
-0.074001236440326	1.9515549394714	115
-0.067057834697364	2.11112442849006	159
-0.082693250585991	0.884428769024171	599
0.0441569944418201	0.754003890830394	431
-0.0313202942154019	0.894791434390984	50
0.0817056935301901	1.08314983831417	461
0.0564758165711701	0.549811713656465	461
0.04949559303094	2.14874801834605	159
0.01566374085976	1.22278552601617	143
0.04398399761367	0.75369610299678	104
-0.045723538690844	2.27734440053	115
0.12026088529769	1.2576313920689	143
0.12409342628477	1.57552231104451	549
-0.106075520742213	1.3493279487234	549
-0.082478353697702	0.884263670496887	98
-0.0721430895576241	1.5068685291003	12
-0.044259688427062	0.344597279041458	461
0.00775480720393995	1.8317346606303	345
-0.114611321109516	1.79374491132907	159
-0.071242537484796	0.545183921949788	66
0.11253191126054	0.937495750855169	66
-0.101458350708023	0.723418983530821	599
0.0156508067566601	1.22311756105978	549
0.0225721212738299	1.06706916732697	98
0.0440776278483901	0.753951679336125	104
0.12045065325593	1.2577869796241	98
-0.031176028778409	0.894849317055589	50
-0.073136843046453	2.28458858090644	115
0.00743507657002995	1.83118741317041	115
-0.0542759933939631	1.35849581813656	62
-0.071006940147097	0.545364679729449	104
-0.082612983926298	0.884568233999964	12
0.0817754508413	1.08353682191244	50
0.05637106962915	0.549947620800554	34
-0.101555735739257	0.723439633854202	34
-0.082720427178775	0.884412567880966	355
-0.071017242216908	0.545220013672355	461
-0.023361389320425	1.36601336767865	345
-0.119202799985212	2.1309700806206	401
0.08199373502602	1.08398592332374	143
0.0632361274662101	1.85865959223977	72
-0.082615537455758	0.88455288039271	98
-0.036514421905951	0.737033103872343	104
0.11237126320517	0.937446712499808	66
0.01114174744575	1.3756874087393	98
-0.027534068176969	1.05493761996588	98
-0.036476151045358	0.737003004445714	66
-0.031184870907726	0.894645042132384	104
0.0112792624292799	1.37606593074516	98
0.0111780015185501	1.37615412776637	115
0.04470537666095	2.29770602981794	401
0.11516921952431	2.03823755807614	401
0.05647678982563	0.549758738961787	66
-0.101548167322622	0.723359211386074	66
-0.031473366644551	0.894173829531596	104
-0.082561188256011	0.884725847367179	461
-0.107002565854406	1.03963979305475	159
0.01117070318765	1.37589850773243	143
-0.036461977062203	0.737057787372522	104
0.05637042484898	0.549937742703155	461
-0.121037769904366	1.19260011351086	345
-0.071344907241322	0.545035913914066	66
-0.023505248733992	1.36617770027287	143
-0.018155940067943	1.6722735214997	72
-0.101653135129711	0.72334506195932	599
0.0442507952022	0.75417682170438	104
0.0224130083313101	1.06671163011206	104
-0.031176028778409	0.894849317055589	50
0.05615920010244	0.549561803212589	461
-0.0431186725812021	0.345023297855276	461
-0.017784013105495	1.67311226203841	115
-0.044116040951262	0.344654176637369	66
-0.101727954819399	0.723039135360829	62
0.03223474756332	0.911370242557373	98
-0.031236594054134	0.894851243166186	104
-0.043773963352507	0.344930752421141	104
0.0431246974294299	1.54241664203828	12
-0.036461977062203	0.737057787372522	50
-0.070996620429515	0.54534639567847	66
-0.044088594342648	0.344573880945257	66
-0.070883725911559	0.545396838220442	66
0.11267852098359	0.937100077373329	599
-0.0826401628661601	0.88459815617751	599
-0.042747629476386	1.66384360374071	62
0.05637042484898	0.549937742703155	104
-0.070114409877059	1.04587389329533	50
-0.080123547334836	1.79936612619894	115
-0.07135504694871	0.545077172240108	66
0.0618608341863201	2.46003326257071	13
0.02238575150709	1.06666914591894	599
-0.0432889332822301	0.345047173325076	250
0.0322086691734	0.911326076798724	50
0.11236395675142	0.937365047108194	66
-0.120988247890347	1.19282700741373	599
0.03212918709089	0.911191470796257	47
-0.023444224910647	1.36561808256055	50
0.1203896154798	1.25742625776391	49
0.00407584718986009	2.28164592286669	236
-0.10603016951569	1.64618221057058	119
0.1240568985279	1.57547815653673	143
0.0157575076224801	1.22334718530484	47
0.12410048079688	1.57578123503722	50
-0.070229167374276	1.04607476578153	50
-0.025962980300666	1.21084356658435	50
-0.12077214845829	1.19301166453055	236
-0.101504066847818	0.723144469655323	50
0.0641038937371801	1.23843415779078	50
0.12028050685563	1.25771255235485	50
0.0498618648176701	2.14863288245212	688
0.0111634490007999	1.37532648910176	143
0.09655300158754	1.40635602794748	72
-0.120971065471423	1.19252957147326	72
-0.062106034396482	1.20171510418689	12
-0.070229167374276	1.04607476578153	50
-0.0275097675155001	1.05456420452516	49
-0.107613232352468	2.12307657422263	401
0.0225190910678099	1.06703055372121	143
-0.115712085974634	1.4972255334979	62
-0.07024970151071	1.04608966046289	284
0.01582986430592	1.22326513572298	47
-0.069945902556358	1.04585061569024	50
-0.094908712025917	1.50138887209739	236
0.12390540830709	1.57443279343442	72
-0.031357752098785	0.894627010363366	47
0.0967264300562201	1.40734969191709	12
-0.0619103440291729	1.20189449746232	50
-0.106942356523668	1.03966476032396	50
-0.07216147815261	1.50710847406646	688
-0.025989189965004	1.21045159987417	143
-0.0865471388414339	1.6506381479395	72
-0.106105901236424	1.34904191392725	284
-0.0721299038648749	1.50725882136014	72
-0.062011737677485	1.2019558857783	256
-0.10614171959629	1.64595882698192	62
0.06408773501193	1.23857011512452	50
-0.027492816828231	1.05490729215136	50
0.03231421993805	0.911417879412006	49
-0.060733340672224	1.80464682710869	401
-0.101465943068103	0.723499377018564	109
-0.044088594342648	0.344573880945257	109
-0.093438953639423	1.19583046261436	62
-0.013542376023328	2.27865242217082	739
-0.093239945317615	1.19622802068559	244
-0.044259688427062	0.344597279041458	109
-0.070180028564682	1.04594528778697	62
0.0563688923575001	0.549638324540131	250
0.0807771021059001	1.55659696919608	12
-0.036445986631397	0.737102462140653	239
-0.094865955738055	1.50154959199249	119
0.01569764260216	1.22317386246505	109
0.05637042484898	0.549937742703155	754
0.02254635039986	1.06701992887898	143
-0.073888739332276	1.95179543173772	72
0.05637106962915	0.549947620800554	50
-0.070996620429515	0.54534639567847	50
0.0156508067566601	1.22311756105978	50
-0.0432889332822301	0.345047173325076	239
-0.043773963352507	0.344930752421141	109
0.0157843770984001	1.22337377114516	143
-0.025936822100179	1.21096511139689	143
0.0442650852691	0.754232399790507	256
-0.082588363856588	0.88466355355712	47
0.1203655832426	1.25783419731482	50
0.04317428250101	1.54252847061264	50
-0.070883725911559	0.545396838220442	308
-0.101563314968327	0.723471675074255	308
-0.044116040951262	0.344654176637369	239
-0.044116040951262	0.344654176637369	239
0.11246149016777	0.937645880867221	239
-0.086908794977313	2.47605097913481	236
-0.0475735245094801	1.51235141976521	115
0.0841023706762001	2.01848049410928	72
-0.071119688055949	0.545314341145758	256
-0.036415794228469	0.737122253083976	256
0.04461253916478	0.754259014192373	47
-0.120937699310448	1.19238889888936	50
-0.043459434457195	0.344960841267334	109
-0.044259688427062	0.344597279041458	109
-0.031213465741009	0.894783796754406	256
0.04390489512587	0.753534877399522	256
-0.101286512089615	0.723279706234237	754
-0.101548167322622	0.723359211386074	239
-0.024762281507029	2.44903451179647	119
-0.101488784963315	0.72345451589888	109
-0.106982493438585	1.03969156702207	143
0.10673012456841	1.72388422128768	143
-0.106041236950398	1.34946108692732	62
-0.082774774322379	0.884239691025356	47
-0.047359806472185	1.51379371163133	12
0.00738528540402994	1.8305830617596	119
0.11544658978478	2.0381647948581	119
-0.101653135129711	0.72334506195932	284
-0.02730352523282	1.05424512838239	284
-0.070200603983442	1.0457644909346	50
-0.107195967412772	1.03901966384072	49
-0.034676345606606	2.11310074752916	71
-0.106869420526023	1.03954780645443	47
-0.0237210559998931	1.36547557469521	12
-0.0341984747660971	2.11352866580772	115
-0.023571667671751	1.36607249392663	256
-0.020277777975879	1.52143910337873	62
0.0439984206623001	0.753790274969522	250
0.00770572708757999	1.83184251399468	284
-0.065457589914628	1.65613749463149	284
0.08199373502602	1.08398592332374	47
0.0709808347980601	1.70908140815736	47
-0.047435958718777	1.51364171500693	12
0.11237855832652	0.937463227606808	50
0.0322086691734	0.911326076798724	308
0.00953044644090006	1.52990622419431	49
-0.027534068176969	1.05493761996588	143
-0.036415794228469	0.737122253083976	47
0.0818125950202999	1.0837419748717	50
-0.070077225424851	1.04610518450702	143
0.11236395675142	0.937365047108194	143
-0.120594800467316	1.19236489522564	62
-0.026049617826317	1.21065524506335	47
0.03223474756332	0.911370242557373	47
0.08186358830873	1.08340105497762	50
-0.047256606123575	1.51403066335383	49
-0.036407722391707	0.737012836381491	143
0.00954788548014007	1.53015210923386	143
-0.105858136093479	1.34989624558195	62
-0.105808287904709	1.34954023961084	62
0.11228098205664	0.937128664631718	568
-0.047474035222898	1.51349587926685	12
0.11499751099103	2.03716438666893	12
-0.047412573608087	1.51323271011015	284
-0.107249006960089	1.03908079661019	50
0.06382894295319	1.23804487447635	71
0.03845827826813	1.69529731818698	119
-0.07403375380105	1.95138870298518	72
-0.02349973524978	1.36620833955754	72
-0.120633520997463	1.19249199437848	712
-0.03138967012002	0.894530621309699	50
-0.031222289606827	0.894831303474498	50
0.12040925321062	1.25778502843336	308
0.0807771021059001	1.55659696919608	49
-0.065563304513791	1.65625822755954	72
-0.107008974572669	1.03960342014187	72
-0.0621131279030081	1.20173536531915	13
-0.043944881346302	0.344844233810228	250
0.0820031417389	1.08402208373736	50
0.12043108103579	1.25766742087765	49
0.09477713735352	1.87472478504583	119
-0.047401560495858	1.513788470762	12
-0.031548301753379	0.893971801306482	50
0.12013215405157	1.25718079558709	71
-0.120993677417748	1.19285144030232	603
0.0710017793301701	1.70931851686762	119
-0.093461016200445	1.19625189847082	119
-0.070184005470795	1.04617082712758	72
0.0297033646629401	1.98920709505738	62
0.11238584210836	0.937417194792886	712
-0.101735475346937	0.723119555449305	712
-0.10166827814355	0.723268328705126	50
0.00983960848679999	1.5310505399057	49
0.0628639289061299	1.85728017306953	72
0.0225721212738299	1.06706916732697	712
-0.101727954819399	0.723039135360829	712
-0.093455404748285	1.19623876503468	47
-0.062077132257867	1.2017399436275	12
-0.027427126225528	1.05493472482154	49
-0.070188113871099	1.04590203185184	143
-0.065440714889817	1.65682376455319	72
-0.101743006698458	0.723151630240779	250
0.0510560895366601	1.38972389235771	712
0.0225433769094201	1.06672432955016	712
0.0509409037237201	1.38974509840069	143
-0.020151282673652	1.52183990221327	284
-0.101488784963315	0.72345451589888	47
0.00448546180935994	2.12668091586463	115
-0.023532929489232	1.36611945211417	575
0.0511068246561801	1.38975342806419	50
-0.026009330156017	1.2105702376915	50
-0.027470915365567	1.0549659670489	308
0.04451843552852	0.75427672392129	49
0.0638040775754301	1.23820336293762	49
0.01567768197695	1.22300582951014	291
-0.124249970077943	1.64279302857466	13
-0.031305977772603	0.894747914864557	47
-0.031222289606827	0.894831303474498	47
-0.101473546234521	0.723531388531303	308
0.08177180623792	1.08311460317718	49
-0.037611711640901	1.95994316862885	13
-0.101586117473243	0.723276956405637	308
0.11265651125862	0.93768533175143	308
-0.031236594054134	0.894851243166186	291
-0.0703606482442261	1.04571563603253	291
-0.120921641197283	1.19299731568879	72
-0.10616671086093	1.64588895467486	284
-0.105777899931088	1.34984725219003	284
-0.106915905610062	1.03968562259535	47
-0.031343419721046	0.89475746323902	308
0.00429928154032	2.28134197589883	236
-0.124169505754687	1.64305841045997	119
0.10682198016813	1.72438980239969	284
-0.10127124240413	0.723063619167942	308
-0.025450585359429	2.44682882577445	236
-0.025200387102708	2.44812210405456	401
-0.0826686086539969	0.884513381069642	291
0.05083257898692	1.38930701297606	49
-0.030652511306747	2.27402527219181	401
-0.017022182026208	1.82079408865304	119
-0.0258703736649421	1.21102676146163	291
-0.027512181800937	1.05494675562188	291
-0.106003060929555	1.34961983866979	291
0.01114902933734	1.37605247208215	72
0.0675199907828401	2.30963860894863	119
0.0968131370208101	1.4076018643672	575
-0.081226384319174	1.35368574642396	62
0.09688625238475	1.40778530300766	12
0.0157575076224801	1.22334718530484	308
-0.101727954819399	0.723039135360829	291
0.02246457856493	1.06689134986402	291
0.0111853441515	1.37612101536071	47
-0.104954868767382	1.95201705752644	115
-0.0657025141541741	1.6556748357149	13
0.03855725940732	1.69560131736765	284
-0.120999068922496	1.19277600758083	72
-0.0933616201081881	1.19609918733943	575
0.08176608631148	1.08342054671074	47
-0.070142920573239	1.0460942175221	12
0.09474639852706	1.8746411153531	49
-0.072105202977647	1.50713027950609	49
-0.093472117416703	1.19595340977804	119
-0.027575367622978	1.05484399731642	291
0.0227054193609699	1.06683863781753	72
0.02262514402835	1.06701801940565	284
0.0495205056228201	2.14887745368976	284
-0.027555959146974	1.05487896115819	12
-0.060931059301914	1.80411277222845	72
-0.086800126400144	1.64979134963219	13
0.11247611937041	0.937616420025001	291
-0.105823844755804	1.34984563159922	72
-0.105838661944252	1.34894874912133	284
0.00961548577901006	1.53058971882436	12
-0.0542759933939631	1.35849581813656	12
0.00979514499769008	1.53108911811008	47
0.01550420674241	1.22205907482184	72
0.04964493929954	2.14873565543874	284
-0.017145045809388	1.8205205790845	284
0.0639561829217901	1.238615150834	291
-0.0707602929942051	0.545271715787203	47
-0.106067723609688	1.34915733419364	12
0.11239311454361	0.937305835438956	291
-0.065244070379651	1.6567876454796	72
0.00888656340847005	1.68344115616266	575
0.12053571689129	1.25753723441804	308
-0.020189555411946	1.521764678856	284
-0.026049617826317	1.21065524506335	12
-0.031282850067381	0.894833241968667	291
0.0296950708849699	1.98946777618497	72
0.0807771021059001	1.55659696919608	47
-0.027495460508384	1.05434627421475	291
-0.0825353000710391	0.884630729150845	47
0.1124834169686	0.937505053006876	47
0.0631272973663399	1.85862783397122	119
0.0440920117303101	0.753962957849965	291
0.0564758165711701	0.549811713656465	250
0.12415117425722	1.57580738652267	47
-0.07135504694871	0.545077172240108	47
-0.062069471091169	1.20156729426381	291
0.0707752804445301	1.70853517268512	72
-0.123958829990941	1.64319842853736	13
-0.0946915450722851	1.50171155667584	284
0.0235971527323799	2.28785499286573	229
-0.093422303840707	1.19631955450873	47
-0.0899608061737171	1.95104324002348	229
-0.040071611247459	1.81021226956611	72
0.0619116274312399	2.45940440272428	72
-0.01782667064344	1.6731536851078	72
0.06393570053701	1.23852577601073	72
0.0818032146480001	1.08331770183348	741
0.12435395672748	1.57431867095094	72
-0.082694514705985	0.884519673248624	72
0.04461253916478	0.754259014192373	250
0.08194275542764	1.08393865490821	95
0.12420894479066	1.57585039459865	72
0.04445280576643	0.754261634807508	475
0.00736078264131002	1.8306119589258	13
-0.031305977772603	0.894747914864557	13
0.0562656490431901	0.549859734255288	250
-0.101473546234521	0.723531388531303	741
0.0340917247845201	1.84395309281409	229
0.0561600813982901	0.549571799070062	412
-0.036621119907987	0.736743850951486	412
-0.105789550237396	1.34972428745485	72
0.05637042484898	0.549937742703155	475
-0.036522472713603	0.737109537115533	475
0.0819333635302699	1.08399928718163	250
-0.071242537484796	0.545183921949788	250
-0.042761934726633	1.66398945062406	229
-0.093311762763191	1.19634180737528	691
-0.115670774107921	1.49751633018436	340
-0.081543929656655	1.35270349553978	340
0.05637106962915	0.549947620800554	475
-0.10159373989494	0.723084882905421	250
0.0640424590914599	1.23867665406288	340
-0.044259688427062	0.344597279041458	161
0.0439984206623001	0.753790274969522	475
0.05637106962915	0.549947620800554	475
0.11237126320517	0.937446712499808	475
0.02266986114814	2.44513960232775	13
-0.101406774995768	0.723314388891773	250
0.04442439792067	0.754229357853164	477
-0.043603286547006	0.344907057276545	45
0.05637163360447	0.549884852122293	475
-0.071129935948653	0.54523415602611	346
0.0564758165711701	0.549811713656465	161
-0.071232343712938	0.545207466605494	547
-0.043459434457195	0.344960841267334	477
-0.043773963352507	0.344930752421141	477
-0.044259688427062	0.344597279041458	414
0.03212918709089	0.911191470796257	412
-0.02580394072821	1.21100829415411	163
-0.062004666845856	1.20206788072969	72
-0.070986283108328	0.545114142532331	475
-0.071344907241322	0.545035913914066	250
-0.020319027216288	1.52099996079012	340
-0.031282850067381	0.894833241968667	412
0.11263094548044	0.937244495488712	51
0.11264915203471	0.937731269932564	547
0.12025867081795	1.25758380689059	547
0.03212918709089	0.911191470796257	475
-0.082747601756595	0.88435030569052	475
-0.070397562678389	1.04552597342811	260
-0.031297168502227	0.894775455345156	346
0.0321422145261101	0.911241377499726	346
-0.036598902361397	0.736897946780892	477
-0.031231135436017	0.894295142294304	547
-0.043773963352507	0.344930752421141	346
-0.101540609724054	0.723223104564238	346
-0.070904456166025	0.545074533956525	477
-0.120844179118581	1.19305122183164	229
-0.031236594054134	0.894851243166186	389
0.02241154137659	1.06677223909026	389
-0.054185536352188	1.35863224103621	72
-0.071006940147097	0.545364679729449	477
-0.061830786415361	1.20185032229241	210
0.00539691692404998	1.97692930709763	210
-0.079919097509276	1.79966397372196	229
-0.090268098293824	1.95034090440693	18
-0.070184005470795	1.04617082712758	547
0.0563696991348801	0.549855793811326	475
0.0155839961567801	1.22287164672433	260
0.0564758165711701	0.549811713656465	477
-0.107249006960089	1.03908079661019	72
0.0442650852691	0.754232399790507	475
-0.07135504694871	0.545077172240108	477
0.08191010479496	1.08387246777139	89
-0.072252880973111	1.50662676958751	72
0.03231421993805	0.911417879412006	475
0.0638245375998401	1.23829266616481	260
0.04443859417144	0.754332078234377	477
0.0808765284312101	1.5567343490016	72
0.0563696991348801	0.549855793811326	477
-0.05160039161464	2.11138281453112	229
0.03222171039443	0.911376016037499	45
-0.042667772334982	1.66431846401167	89
-0.027575367622978	1.05484399731642	89
0.0640380612731499	1.23840525076641	163
-0.070294896612079	1.04592802965751	403
0.05626488614213	0.549849792880685	475
-0.03653044002489	0.737053210534985	346
-0.036454023593511	0.737152407988497	346
0.05637106962915	0.549947620800554	477
0.05626488614213	0.549849792880685	477
-0.082694514705985	0.884519673248624	89
0.08088764506701	1.55711077344895	260
0.0111780015185501	1.37615412776637	691
0.04443859417144	0.754332078234377	250
0.0640219706337499	1.23864395137302	210
-0.056198398520786	1.95550256327885	18
-0.0620264541730881	1.20194940480869	475
-0.0946944377862891	1.50202625720025	18
-0.026202770055652	1.20998469309584	210
-0.094943111907435	1.50121494529204	18
0.09210164403886	2.32264855634623	18
-0.047142383535476	1.51390921308428	18
0.0947009973806101	1.87439266586699	18
0.05587532597588	2.0030283135425	89
-0.101488784963315	0.72345451589888	835
-0.114468577758279	1.79425886127736	465
-0.031282850067381	0.894833241968667	833
-0.101645579839088	0.723312999645903	392
0.0510711942304001	1.38978711289482	392
-0.081385164927765	1.35356977662135	779
0.04309678792554	1.54243303259698	18
0.0710251599109699	1.70917389107972	18
-0.0703606482442261	1.04571563603253	546
0.0509628827480499	1.38964234868275	833
-0.039908847855389	1.81118733663841	18
-0.082304025383114	2.1098498530486	18
-0.101294163125641	0.723311614736913	392
0.12023906966822	1.25762577397688	833
-0.025956985223805	1.21088457221378	546
-0.094557299219565	1.50179415179721	546
0.11246881043441	0.937662436095658	392
-0.020027147693061	1.5214915706941	89
-0.0363694440005931	0.736844972190202	250
0.06320132189734	1.85859983663368	89
-0.115663045672611	1.49710933941309	18
0.00546112397202991	2.44494066051426	18
-0.094665926334334	1.50182295215245	779
-0.043944881346302	0.344844233810228	136
-0.0473978824667301	1.51374079663468	779
0.08099819095304	1.55730522295282	779
0.04382595187159	0.753163483259836	136
0.0440776278483901	0.753951679336125	136
0.0442507952022	0.75417682170438	633
-0.082747601756595	0.88435030569052	89
-0.059798544927179	2.28091427779883	18
-0.030315154122563	2.27622895140722	18
-0.054166478489305	1.35822961624994	126
0.0225205736927001	1.06683589542078	89
0.11237126320517	0.937446712499808	136
0.0820031417389	1.08402208373736	136
-0.023571667671751	1.36607249392663	136
-0.101653135129711	0.72334506195932	633
-0.094863007565313	1.50162826777865	89
0.01571760041628	1.22328489320777	89
-0.036407722391707	0.737012836381491	835
0.06393570053701	1.23852577601073	89
0.08194275542764	1.08393865490821	633
-0.082693250585991	0.884428769024171	485
-0.071975341307124	1.50765247192783	89
-0.070426422242405	1.04543265071517	89
0.0225721212738299	1.06706916732697	485
-0.101294163125641	0.723311614736913	136
-0.101555735739257	0.723439633854202	633
-0.0375563073777701	1.96013891326	18
-0.062106034396482	1.20171510418689	126
-0.072084197876175	1.50740467812483	126
-0.027492816828231	1.05490729215136	485
-0.031343419721046	0.89475746323902	835
0.0817754508413	1.08353682191244	136
-0.0866370421518971	1.65036284941983	165
-0.01795266887189	1.67329034578262	18
-0.070883725911559	0.545396838220442	250
0.04320756956644	1.54262588498626	89
0.11519764521994	2.03809404775651	165
-0.114721280172669	1.79299849154355	18
-0.119242578464729	2.13092627876499	18
-0.106266763114177	1.64518460326166	18
-0.027597243513091	1.05483487911551	89
-0.07389625872701	1.951693579266	18
-0.034450817004627	2.11402672694466	18
-0.101473546234521	0.723531388531303	92
-0.101578505841053	0.723394863993532	293
-0.073923751830449	1.95166240030716	18
0.04453259252245	0.754314244963196	138
-0.020050746099423	1.52173489677999	126
0.01586420964796	1.2232877452582	165
-0.044602602733049	0.34432064158674	293
-0.043944881346302	0.344844233810228	138
0.0564752088982301	0.549729892713676	293
-0.043944881346302	0.344844233810228	293
-0.071467464463713	0.544905767686774	293
-0.071232343712938	0.545207466605494	764
0.1124834169686	0.937505053006876	138
0.0819566225974699	1.08406505818642	126
-0.071119688055949	0.545314341145758	293
0.0512370922394401	1.38936733737073	165
-0.105823844755804	1.34984563159922	18
-0.0278306071896099	1.05390868031657	764
-0.082747601756595	0.88435030569052	417
0.0564758165711701	0.549811713656465	293
-0.027621659614867	1.05437491098713	764
0.04960695223528	2.14905419898907	11
-0.061968643415129	1.20185945428175	92
-0.101750548868484	0.723137417121878	92
-0.043459434457195	0.344960841267334	293
-0.082614260148593	0.884686342578039	165
0.0639108379854101	1.23852953622882	165
-0.0364237824996561	0.737080806847057	764
0.0224631035060801	1.06655577524297	764
-0.094725887343888	1.50198601282981	18
0.03841233654807	1.6954585793287	11
-0.03987617943902	1.81131667713133	724
-0.101645579839088	0.723312999645903	451
-0.0456452682930411	2.27678455908201	126
-0.043944881346302	0.344844233810228	293
0.11237855832652	0.937463227606808	417
0.05637042484898	0.549937742703155	138
0.0441569944418201	0.754003890830394	92
0.11234930987536	0.936952015171795	451
0.06395175480383	1.23842646095537	451
0.0322881139647699	0.911373667372357	92
0.0321552379114201	0.911235583775859	764
-0.082559903611956	0.88467261828141	92
-0.03140399854422	0.89460902425551	165
-0.071344907241322	0.545035913914066	293
-0.059916990909398	2.28019775883247	18
-0.08019079525247	1.79937479291855	18
-0.086612652953558	1.65032348103987	11
0.0445609525419699	0.753713352321316	138
-0.082695779902199	0.884348888839568	451
-0.026089915237771	1.21054370548659	92
-0.031343419721046	0.89475746323902	780
0.06393570053701	1.23852577601073	165
-0.025942831114434	1.21077632444477	157
0.00896251786661995	1.68364885824815	157
0.0969263738528801	1.40790772389199	92
0.10688807415148	1.72494870216794	218
-0.023604862693493	1.36591241359974	451
0.0817754508413	1.08353682191244	92
-0.027555959146974	1.05487896115819	165
0.11892483032059	2.34033365809939	18
0.12036780329992	1.2576117944863	780
-0.025890543413827	1.21094620761372	780
0.0965063237217501	1.40579294356795	165
-0.02349973524978	1.36620833955754	18
0.04477796374343	2.29783335612074	18
-0.036492238854222	0.737129368422307	165
0.0969063144326601	1.40787583355748	451
-0.072147355156019	1.50705731764515	157
0.02265240382554	1.06700740870336	92
-0.115736618270097	1.49722178476711	795
0.0810369169171801	1.55729435675105	92
-0.047633693334437	1.5117284352887	92
-0.070508459219703	1.04521159904456	218
0.12404978821873	1.57565625621364	218
-0.047401560495858	1.513788470762	165
-0.016706458738492	1.9686471610834	795
-0.121037769904366	1.19260011351086	218
0.0158841607687801	1.22312954435299	157
0.00773027120021008	1.83181360130269	157
-0.107222459926604	1.03917686496942	165
-0.031366545021736	0.894672147645549	165
0.11907899214524	2.3416355715883	165
0.0810482713049401	1.55691527456188	165
-0.070118331891034	1.04618174195779	165
-0.124175378785089	1.64294294489654	240
-0.081205404275397	1.35371538166836	218
0.0112213445010301	1.37580943588608	157
-0.093449752832776	1.19612086809581	92
-0.121032397119379	1.19271956388996	92
-0.027701806748982	1.05442091155917	92
0.0923065136924199	2.32463491955022	18
-0.0721299038648749	1.50725882136014	18
-0.11551202868966	1.4978270369085	157
-0.071589804215755	0.544608567691178	333
-0.042527921686097	1.66428952188601	165
0.03231421993805	0.911417879412006	451
-0.023543957351616	1.36608220567207	157
0.03223474756332	0.911370242557373	626
-0.101653135129711	0.72334506195932	451
-0.101586117473243	0.723276956405637	333
-0.107891639819168	2.30544049545143	18
0.0819566225974699	1.08406505818642	835
0.02244026721769	1.06670101667827	451
-0.082721687611745	0.884409022298023	92
-0.01785816520118	1.67326131316147	795
-0.107355753558422	1.0386211094329	451
-0.082748858511929	0.884244559525744	92
0.09485327635038	1.87482906004126	795
-0.115543362743967	1.4977645598741	795
-0.017966878987594	1.67324355022523	626
-0.082585802969243	0.884489794876882	92
0.1201975826599	1.25738105469449	92
-0.120661379433099	1.19273643618705	435
-0.047435958718777	1.51364171500693	795
-0.056233585955094	1.95557202968253	795
-0.054207094247231	1.35839411924657	435
-0.093449752832776	1.19612086809581	451
0.01576431091208	1.22326253459121	157
-0.03140399854422	0.89460902425551	92
-0.101414445239255	0.723122303725808	92
-0.071006940147097	0.545364679729449	92
0.04305805350368	1.5423050813553	626
-0.017938466247532	1.67321447560464	18
-0.070311333464076	1.04585331333431	451
0.06382894295319	1.23804487447635	92
-0.031078061192262	0.894444579028665	333
-0.0950487437467929	1.5007105877397	795
-0.082614260148593	0.884686342578039	451
-0.07089409986287	0.545350618768897	451
-0.082614260148593	0.884686342578039	333
-0.093400291330971	1.19598753784182	667
-0.054274599656883	1.35832181136802	667
0.11235663897242	0.937208604735814	333
-0.107202405814818	1.03927323507825	451
-0.03653044002489	0.737053210534985	451
-0.05432053761734	1.35831673485189	667
0.0339374403214301	1.84330078683516	795
-0.093466587114438	1.19615860811006	451
0.01582429899209	1.22343609703963	157
-0.054119394078987	1.35878812696069	667
-0.020253770002251	1.52107930170137	157
0.00736922771876003	1.8309164547229	791
0.0508613608831201	1.38949759801581	157
-0.082614260148593	0.884686342578039	157
0.0809594738950199	1.55725976439441	451
-0.106147551647086	1.64577522141547	157
0.05091212141293	1.38961278663446	157
0.04954540959707	2.14895416501167	67
-0.107295640680501	1.03877729466602	92
0.03404601026384	1.84370533484823	795
0.0236047131835	2.28799595580255	67
-0.105854249336498	1.3499135355516	153
0.0509409037237201	1.38974509840069	667
-0.018001497325755	1.67289497261558	667
-0.119164219954507	2.13098742813025	240
-0.106869420526023	1.03954780645443	157
-0.104954868767382	1.95201705752644	67
-0.062004666845856	1.20206788072969	157
-0.12419438510948	1.64296841491541	67
-0.031380875427768	0.894642985006881	667
0.11518343612055	2.03824354984811	92
0.0562656490431901	0.549859734255288	215
-0.101653135129711	0.72334506195932	215
0.12417299700696	1.57561389405381	795
-0.070101855380158	1.04581847822637	92
0.08190561657454	1.08365296820229	325
-0.082585802969243	0.884489794876882	215
-0.071232343712938	0.545207466605494	215
0.08418190674639	2.47296934079843	157
0.11519764521994	2.03809404775651	67
0.0632502961685999	1.85876650890783	67
-0.017406239615805	1.81887460785891	795
-0.072052624236929	1.50750980192533	325
-0.0719894869748921	1.50758697736096	153
-0.036454023593511	0.737152407988497	742
-0.060702651003578	1.8044269432285	795
-0.027619123996169	1.05477624341821	157
0.0431967372394999	1.54246969091568	153
-0.107115717833426	1.03950749724685	451
-0.0826401628661601	0.88459815617751	451
0.0440920117303101	0.753962957849965	215
-0.025890543413827	1.21094620761372	451
0.08185910510021	1.08381532721845	697
-0.070290784555248	1.0459804557593	153
-0.031380875427768	0.894642985006881	215
-0.0171694848056	1.82047447625578	153
0.12038742061257	1.2578398543556	742
-0.070508459219703	1.04521159904456	215
-0.101548167322622	0.723359211386074	215
0.06400147705491	1.23855455920361	157
-0.03140399854422	0.89460902425551	736
-0.107069162949579	1.0395784959162	400
0.0225736117895901	1.0669550144829	215
-0.081338429625919	1.35365674096125	67
-0.106160966921215	1.64576522012626	54
-0.115670774107921	1.49751633018436	153
0.0339517123939801	1.84351290678455	157
0.0922509156051701	2.32452155774898	67
0.11255900834009	0.937756926523111	559
0.12044827083475	1.25739141700327	417
0.0156707544315	1.2231748186568	400
0.00539456695237006	2.4438710149786	683
-0.082561188256011	0.884725847367179	400
0.10690838380067	1.72472881848794	54
0.00906952453758003	1.68376945933759	54
0.0947354070931501	1.87433279882367	153
-0.031464586513018	0.894382720035318	559
-0.070356481488058	1.0458337869089	559
0.06318717273831	1.85874786668027	153
-0.093494127824405	1.19617109274449	153
-0.096516945562345	2.30023238303311	240
0.0509409037237201	1.38974509840069	157
0.0157843770984001	1.22337377114516	400
0.00757378383376994	1.83161724804558	683
-0.10166827814355	0.723268328705126	417
-0.031343419721046	0.89475746323902	157
0.0111853441515	1.37612101536071	153
-0.094863007565313	1.50162826777865	157
-0.016204484927112	2.11627049218678	67
0.09466659047102	1.87435641284222	509
-0.0203426340911	1.52098929347169	67
-0.031473366644551	0.894173829531596	509
0.03860318673813	1.69545159550844	509
0.06392676101728	1.23787806401351	153
-0.120838712762705	1.1929585353669	509
-0.107269051509213	1.03902910915402	509
-0.0432889332822301	0.345047173325076	707
0.12043108103579	1.25766742087765	707
0.00957290757739004	1.53051412240951	178
-0.121049312177954	1.19217662373801	153
0.00970623400762993	1.53101267792603	509
-0.0704222008467	1.04562146675821	509
0.0819798819994	1.08407267577228	707
-0.07024970151071	1.04608966046289	707
-0.070229167374276	1.04607476578153	67
-0.081427087359315	1.3533961145492	67
0.00979514499769008	1.53108911811008	153
-0.044431024415727	0.344510645872178	707
0.0442365205063799	0.75394829804571	707
-0.062106034396482	1.20171510418689	157
-0.082561188256011	0.884725847367179	707
0.0112576041090899	1.37620503617037	146
-0.07147753247626	0.54477972387055	81
-0.080092909194917	1.79915339122168	580
-0.036492238854222	0.737129368422307	487
-0.031305977772603	0.894747914864557	542
-0.036590921217337	0.736933842807329	81
-0.027575367622978	1.05484399731642	542
-0.031357752098785	0.894627010363366	146
-0.031282850067381	0.894833241968667	81
-0.121076462300063	1.19237750399046	146
-0.047325409105987	1.5139404637546	146
-0.023394602135267	1.3661617771467	542
-0.031199159291512	0.894865284437944	81
-0.101570905004164	0.72345739395091	146
0.05626488614213	0.549849792880685	81
-0.044259688427062	0.344597279041458	81
0.0442650852691	0.754232399790507	81
-0.027619123996169	1.05477624341821	146
-0.071119688055949	0.545314341145758	487
0.08191010479496	1.08387246777139	153
-0.082561188256011	0.884725847367179	81
-0.082774774322379	0.884239691025356	81
0.0432518113894	1.54240836248158	146
0.0809925940140499	1.55721375019476	153
0.0157575076224801	1.22334718530484	153
-0.025864477323744	1.21060899443889	153
0.11263094548044	0.937244495488712	203
-0.036484236733938	0.737132596613881	153
0.12017577789329	1.25737545212184	153
0.05626488614213	0.549849792880685	417
-0.071119688055949	0.545314341145758	81
0.0749337609531899	2.16239883496672	146
0.0818264706060901	1.08359435101845	81
0.0226266424522299	1.06699363596241	146
-0.101548167322622	0.723359211386074	417
-0.013698797944538	2.27838276129231	82
-0.101555735739257	0.723439633854202	417
-0.027641009071674	1.05466627337552	203
-0.042436482463946	1.66418521924434	82
-0.018012592461838	1.67308638222924	212
-0.02014215015443	1.52185875893359	82
-0.105240717468785	1.95043001095034	82
0.08417669273289	2.01857009966821	82
0.04320756956644	1.54262588498626	153
0.1070204500309	1.72506428300128	82
-0.114538782170517	1.79408617157777	82
-0.015802086251312	2.1195562190785	82
-0.05644480641387	1.95504399338292	82
-0.115589065874369	1.4977278817568	82
-0.026003285995627	1.21083026214415	82
-0.107002565854406	1.03963979305475	153
-0.10718235432431	1.03932495145424	153
0.03402593732536	1.84362626618291	82
-0.046001162873804	2.27599010560026	82
-0.121026986292731	1.19273753438067	153
-0.027470915365567	1.0549659670489	334
-0.027449018497797	1.05497512183915	334
-0.101383828947527	0.723509241619784	334
0.0752022630902001	2.16340385462699	82
-0.082614260148593	0.884686342578039	334
0.0508393939630401	1.38943137256963	153
-0.101458350708023	0.723418983530821	153
0.12017577789329	1.25737545212184	334
0.00906952453758003	1.68376945933759	82
0.0810369169171801	1.55729435675105	82
-0.115482133802659	1.49784490057081	409
-0.020223721933105	1.52158476866017	409
-0.0814480068499051	1.3531427814846	82
-0.104944545207354	1.95196434625736	82
-0.107593449451184	2.48951979996132	82
-0.120993677417748	1.19285144030232	82
-0.090299385087154	1.95016062037799	82
0.10257432493288	2.17933008276401	82
0.0296218091115901	1.98877776727023	82
-0.015689733096831	2.11967358848204	160
-0.082615537455758	0.88455288039271	167
0.0322358533495399	0.910311636530452	167
-0.0826401628661601	0.88459815617751	167
0.0639108379854101	1.23852953622882	167
-0.036590921217337	0.736933842807329	167
0.01582986430592	1.22326513572298	192
-0.121054818003958	1.19242446833736	5
0.11527486539471	2.03820507894044	192
-0.0620482244574589	1.20171861448114	167
-0.036476151045358	0.737003004445714	192
0.0496011030716601	2.14914884845277	192
-0.036445986631397	0.737102462140653	167
-0.056196192046698	1.95561348133808	192
0.10761232247749	2.48481228235329	192
-0.010666875537628	2.44412573880185	5
-0.124133024767748	1.64284659291527	192
0.03418315722083	1.84420988581846	192
-0.094851718644935	1.50139309930071	192
