x	y	clickSelects
0.001013853753835	0.54655060088885	286
0.095781080857291	0.714913663492623	755
-0.078577788973047	0.33472577676997	77
0.029545625275952	0.875803783085334	523
-0.114560264963287	0.56466886588527	523
0.015748574968654	0.332008986763764	296
0.015748574968654	0.332008986763764	309
-0.078650217757543	0.334563833199289	309
0.103127837722916	0.547021736367706	296
0.0464987030977601	0.546379576538645	296
-0.117962360601882	0.352531037221759	296
-0.117962360601882	0.352531037221759	296
-0.118180785688706	0.352378760345744	296
-0.078461628969253	0.334855559136084	296
-0.078505335439038	0.334807235682389	296
-0.009397923564752	0.716379445772882	296
0.038001540531627	1.03605734349106	275
0.124713866550428	0.879621645016318	135
-0.093580178190461	0.556877278723426	135
-0.117726037792187	0.352668549463053	332
0.124648320481278	0.879392721604264	496
0.102939962809722	0.546934303038246	278
0.046758858939742	0.546408366319284	278
0.000898958716415987	0.546360004087353	501
0.102603356643729	0.546367286270961	278
-0.0785341312035151	0.334774054050095	278
-0.0785341312035151	0.334774054050095	326
0.0148094482928141	0.331596623912213	326
0.014693051385642	0.33154041613148	326
-0.118180785688706	0.352378760345744	326
-0.0785341312035151	0.334774054050095	154
0.013957208446354	0.331045765272962	154
-0.078519101452014	0.334509168438397	421
-0.105550656039566	0.746062817168851	94
0.053945827600581	0.712263366492621	155
0.0148094482928141	0.331596623912213	97
0.000716086436444052	0.54600503823188	97
-0.078505335439038	0.334807235682389	97
0.014693051385642	0.33154041613148	73
-0.117839866964325	0.352652701983811	73
0.014486778123062	0.331447869942357	73
0.015543409119394	0.331916984826515	73
0.0464775407151	0.546436206750712	612
0.000828254194413014	0.546393815900103	612
-0.118180785688706	0.352378760345744	52
0.102952818714724	0.546952016374648	52
0.015015511027073	0.33174094912973	52
-0.078577788973047	0.33472577676997	225
-0.078360353986935	0.334844260911513	148
-0.038031418964221	0.546565959336452	733
0.00093724327286504	0.546463920727753	357
-0.068842343926711	0.550402812682356	357
0.124713866550428	0.879621645016318	357
-0.0937678377201721	0.556691762056095	357
-0.074626970690862	0.907711623272699	111
-0.117962360601882	0.352531037221759	286
0.0159533984203279	0.332013285790487	286
0.046564213761884	0.546476908211474	286
0.103046680452927	0.54697101885335	286
-0.117944825210674	0.352583555456159	286
-0.078316549947599	0.334892644976188	286
0.015015511027073	0.33174094912973	286
0.046455763646197	0.546406595576815	755
0.102871940568314	0.546825607663817	77
0.015543409119394	0.331916984826515	77
0.054126930245297	0.712400573859308	523
-0.093661717601255	0.556778539148937	523
-0.038097810402228	0.546539513612059	523
-0.078505335439038	0.334807235682389	309
-0.117936032506574	0.352484678840578	296
-0.118198069629608	0.352266186569217	296
-0.117839866964325	0.352652701983811	296
0.014370521412146	0.331143915642908	296
0.056839272418555	0.875738642983419	135
0.013957208446354	0.331045765272962	602
0.014280160087122	0.331303341451248	602
0.046326504549897	0.546125168287339	135
-0.0784328571216441	0.33484663200897	135
0.014280160087122	0.331303341451248	332
0.054006203687662	0.71236161428316	496
0.014164037484612	0.331138547182105	285
0.014486778123062	0.331447869942357	471
0.054103664450783	0.712329932588179	278
-0.0379128235471889	0.546654737619279	278
-0.114414141529456	0.565049160716253	624
-0.07849037707702	0.334766898185218	131
-0.0784328571216441	0.33484663200897	326
0.0148094482928141	0.331596623912213	421
0.00210855779874697	1.04329553517907	94
0.046283529498327	0.545859690871033	97
-0.078577788973047	0.33472577676997	73
-0.118189436041763	0.352386442821737	73
-0.069041690240224	0.550141531479728	612
-0.0379922617403921	0.546620013704936	164
-0.117831036354394	0.352673317989728	52
0.015015511027073	0.33174094912973	148
0.015543409119394	0.331916984826515	148
0.095979364827558	0.715144881301218	242
-0.056402869640954	0.724993962926454	242
0.000820935056823013	0.546362059972189	242
0.0463911152322391	0.546294317805983	242
0.102684638589434	0.546640068159778	242
-0.117962360601882	0.352531037221759	312
-0.038243807178627	0.546272322571263	357
-0.0383233807860141	0.54605131216293	357
-0.093633235422332	0.556851668428262	357
0.066149393109578	1.64378856946198	503
-0.117953601258673	0.352597545210657	286
0.014693051385642	0.33154041613148	286
-0.117717152571787	0.352728572431533	286
-0.078505335439038	0.334807235682389	286
0.015221229893607	0.331833236925771	286
0.0148094482928141	0.331596623912213	755
-0.117953601258673	0.352597545210657	77
-0.118189436041763	0.352386442821737	77
0.054029465539626	0.712392747137759	523
-0.034382069378414	0.720536934995111	523
0.088233482129389	0.876845308069539	36
-0.118302831993215	0.35225745754692	309
0.0148094482928141	0.331596623912213	309
0.014164037484612	0.331138547182105	309
0.014486778123062	0.331447869942357	309
-0.118302831993215	0.35225745754692	296
0.013957208446354	0.331045765272962	296
0.029712872334448	0.875859291653946	275
-0.0688743192839571	0.55046354075607	135
-0.117962360601882	0.352531037221759	602
0.015221229893607	0.331833236925771	602
-0.093740660621265	0.556754166748311	496
-0.078476515936851	0.334704051901253	501
0.102697656326824	0.546485183471197	278
-0.038018362492673	0.546618402945273	624
0.015426605459758	0.331837835999836	421
-0.093607359992403	0.556873595673821	155
0.102939962809722	0.546934303038246	155
-0.118075945617532	0.352475981362613	155
0.000820935056823013	0.546362059972189	155
0.014486778123062	0.331447869942357	73
0.015221229893607	0.331833236925771	73
0.014486778123062	0.331447869942357	73
-0.03817729563763	0.546419306318742	164
0.014280160087122	0.331303341451248	52
0.015543409119394	0.331916984826515	225
0.015221229893607	0.331833236925771	148
0.015221229893607	0.331833236925771	148
-0.114499210463847	0.564914880949432	242
0.0466280692664101	0.546386584989212	242
-0.078461628969253	0.334855559136084	312
-0.00925245159251498	0.716238626346935	357
-0.103176836981054	1.0949977491498	111
-0.0784328571216441	0.33484663200897	286
-0.078272649288975	0.334885576734114	286
0.0159533984203279	0.332013285790487	286
0.046499407903853	0.546409161577071	755
0.014693051385642	0.33154041613148	77
-0.07849037707702	0.334766898185218	77
0.102578047540458	0.546281788059908	77
-0.075201265336757	0.730950141111018	36
-0.068813776492815	0.550467240857607	523
-0.03466531760267	0.720222122204125	523
-0.078287826001005	0.334763248373849	309
-0.0688511853149521	0.550507144497065	296
-0.117944825210674	0.352583555456159	296
-0.11456244962031	0.564789288279985	296
-0.117822189095331	0.352614000083049	296
-0.078650217757543	0.334563833199289	332
-0.091462202966592	0.737977904459406	278
0.029632252354112	0.876035374220368	278
-0.078389101895223	0.334894991105506	278
-0.11770825070934	0.352703851644874	278
0.04652044983038	0.5464742420311	278
-0.049219729305047	1.21853630665711	746
0.103021070490942	0.546910029300553	131
0.015748574968654	0.332008986763764	326
-0.078461628969253	0.334855559136084	326
0.015221229893607	0.331833236925771	326
0.015748574968654	0.332008986763764	326
0.102952818714724	0.546952016374648	326
-0.0785341312035151	0.334774054050095	421
0.111031333336569	1.03530716996443	60
0.028117342950949	1.19457411789075	94
-0.117953601258673	0.352597545210657	97
0.103033866383466	0.547002647083637	155
0.0540759902405999	0.71233853678782	155
0.0464987030977601	0.546379576538645	97
-0.117717152571787	0.352728572431533	73
0.014693051385642	0.33154041613148	73
-0.0785341312035151	0.334774054050095	73
0.103033866383466	0.547002647083637	73
0.014693051385642	0.33154041613148	73
0.102591088723537	0.546462507198581	73
0.046564213761884	0.546476908211474	612
-0.034792637011577	0.719811674053205	164
-0.078461628969253	0.334855559136084	164
-0.078461628969253	0.334855559136084	52
-0.117953601258673	0.352597545210657	52
0.103115083689341	0.546978454245952	52
-0.117839866964325	0.352652701983811	52
0.054126930245297	0.712400573859308	52
0.053922568196068	0.712192740421232	339
-0.078461628969253	0.334855559136084	148
0.000828254194413014	0.546393815900103	357
0.04634816214787	0.546154657785757	312
0.029672567232789	0.876021524406456	357
-0.114392293153171	0.565062488780271	353
0.000842858445567973	0.546344713229705	755
0.103127837722916	0.547021736367706	77
-0.117953601258673	0.352597545210657	77
0.054029465539626	0.712392747137759	523
0.102952818714724	0.546952016374648	296
-0.069009749323291	0.550269762703352	296
0.103021070490942	0.546910029300553	296
0.014370521412146	0.331143915642908	296
0.015221229893607	0.331833236925771	296
0.015015511027073	0.33174094912973	602
-0.117831036354394	0.352673317989728	135
0.103127837722916	0.547021736367706	135
0.102965692838688	0.546844532922721	471
0.014486778123062	0.331447869942357	501
0.015221229893607	0.331833236925771	501
0.083198311697356	1.03329892351257	624
0.014280160087122	0.331303341451248	326
0.014486778123062	0.331447869942357	154
-0.118067240793936	0.352507886935394	421
0.013750033727378	0.330901102695796	421
0.015221229893607	0.331833236925771	421
0.0822276609446691	1.34295110831483	94
-0.01432323846002	0.882037894692881	94
-0.078476515936851	0.334704051901253	155
0.102859024632958	0.546883761518186	155
0.103127837722916	0.547021736367706	155
-0.117717152571787	0.352728572431533	155
0.0146030411225651	0.331368587604412	73
-0.118058519259127	0.352454317015294	73
-0.114414141529456	0.565049160716253	164
-0.038110853061623	0.546487094584724	52
-0.037938951930853	0.546653091630455	225
0.0148094482928141	0.331596623912213	225
-0.117944825210674	0.352583555456159	148
-0.093739373147757	0.556695144537498	357
0.015015511027073	0.33174094912973	286
-0.078272649288975	0.334885576734114	286
0.102859024632958	0.546883761518186	77
0.02987780011777	0.876256126482918	523
-0.11424402281122	0.565136053841601	36
-0.114606126706289	0.564617371093479	36
-0.117953601258673	0.352597545210657	296
-0.07849037707702	0.334766898185218	309
-0.118067240793936	0.352507886935394	296
0.0463911152322391	0.546294317805983	296
0.019624558410942	0.71323243362851	296
-0.117831036354394	0.352673317989728	296
-0.078389101895223	0.334894991105506	296
0.014164037484612	0.331138547182105	296
-0.038190324491453	0.546366920879928	296
-0.102888548597578	1.09607496630396	275
-0.093713481518941	0.556786806671946	135
-0.07849037707702	0.334766898185218	471
0.013957208446354	0.331045765272962	471
-0.117944825210674	0.352583555456159	278
0.10276529812906	0.546766261298029	294
-0.093419716006924	0.556707275433849	131
0.037800407997946	1.03573337317177	94
-0.107501624803018	0.929234654282526	94
0.015748574968654	0.332008986763764	73
-0.034624257244852	0.720213691471364	164
-0.0937678377201721	0.556691762056095	164
0.0148094482928141	0.331596623912213	52
0.013750033727378	0.330901102695796	52
0.013957208446354	0.331045765272962	225
0.014486778123062	0.331447869942357	225
0.000669434489388054	0.54588984867209	339
-0.078287826001005	0.334763248373849	148
0.0148094482928141	0.331596623912213	148
0.059233743487657	1.03406903103067	111
-0.117962360601882	0.352531037221759	353
0.102939962809722	0.546934303038246	286
0.013750033727378	0.330901102695796	286
-0.118075945617532	0.352475981362613	286
0.103046680452927	0.54697101885335	77
-0.117822189095331	0.352614000083049	77
-0.093634539795058	0.556840951197036	523
0.104641850006569	1.19134269627885	36
0.0463911152322391	0.546294317805983	309
-0.0785341312035151	0.334774054050095	296
0.054006203687662	0.71236161428316	296
0.102846126923184	0.546816711265645	135
-0.0383233807860141	0.54605131216293	135
-0.0784328571216441	0.33484663200897	332
-0.078505335439038	0.334807235682389	332
-0.118311411153993	0.352176797827841	332
-0.117831036354394	0.352673317989728	471
0.015337900306628	0.331772940313554	471
-0.00948051824763696	0.716090014627408	278
0.102871940568314	0.546825607663817	294
0.0958602647171281	0.715059134269568	294
0.00612447638090796	0.878135062575888	624
0.0146030411225651	0.331368587604412	326
0.014280160087122	0.331303341451248	421
0.001013853753835	0.54655060088885	627
0.012728284030966	1.19683262961834	94
-0.049184388397122	1.21867017152026	94
0.104601350537758	1.19065291994771	94
-0.078461628969253	0.334855559136084	155
0.014486778123062	0.331447869942357	706
0.015543409119394	0.331916984826515	73
0.015337900306628	0.331772940313554	612
0.000850143544644966	0.546259365345522	164
0.103021070490942	0.546910029300553	52
-0.078404061527277	0.334701676392793	225
-0.078461628969253	0.334855559136084	148
0.103033866383466	0.547002647083637	148
0.015543409119394	0.331916984826515	148
-0.118180785688706	0.352378760345744	733
-0.078505335439038	0.334807235682389	312
-0.053560659702708	1.0617754168427	111
0.019701857267027	0.713156019298393	353
0.0466499356636571	0.546481330595372	353
0.0148094482928141	0.331596623912213	286
0.015221229893607	0.331833236925771	77
-0.091505426091269	0.737733253090352	36
-0.038151250108503	0.546420854556282	36
0.124587355497176	0.879378998471288	523
0.000925784738588953	0.546494659096437	296
0.046563367283465	0.546405439872833	135
-0.078577788973047	0.33472577676997	135
-0.056442980480535	0.724970191323271	135
-0.069018561500326	0.550257678966188	135
0.014486778123062	0.331447869942357	471
-0.061625462086952	0.900642855823694	94
-0.118067240793936	0.352507886935394	155
0.015221229893607	0.331833236925771	73
-0.078650217757543	0.334563833199289	73
-0.118075945617532	0.352475981362613	612
0.124670173944602	0.879514467652847	164
0.019677589313058	0.713346935133066	164
-0.078650217757543	0.334563833199289	52
0.014073196708025	0.331075185621132	52
-0.118067240793936	0.352507886935394	225
0.014486778123062	0.331447869942357	148
0.000940416657924992	0.546365990802168	357
0.102871940568314	0.546825607663817	357
-0.11770825070934	0.352703851644874	286
-0.093740660621265	0.556754166748311	557
0.046499407903853	0.546409161577071	557
-0.06897230342571	0.550378261045452	755
0.0464775407151	0.546436206750712	755
0.095846953081435	0.714973032125146	755
0.102859024632958	0.546883761518186	77
-0.093607359992403	0.556873595673821	36
-0.0688049167957639	0.550500792823466	523
0.0569321914684831	0.875913064305985	36
0.01278082555694	1.19705987300577	36
-0.0785341312035151	0.334774054050095	296
-0.038097810402228	0.546539513612059	296
-0.053462200704764	1.06206443191094	275
0.101220455843531	1.34496730981054	275
-0.093901163292018	0.556370497555478	135
0.111110864066752	1.0352843621565	135
0.015748574968654	0.332008986763764	332
0.0464775407151	0.546436206750712	278
-0.037938951930853	0.546653091630455	278
0.000738002359985002	0.54623867910786	278
-0.056309753607088	0.725252132108966	294
0.08318364722842	1.03321590218694	624
-0.034509424356442	0.720391229913387	131
0.015221229893607	0.331833236925771	326
-0.078272649288975	0.334885576734114	326
0.014280160087122	0.331303341451248	154
-0.078650217757543	0.334563833199289	154
0.015221229893607	0.331833236925771	421
0.014280160087122	0.331303341451248	421
0.046585173823348	0.546500154315464	627
-0.015786530728411	1.36072026326719	94
0.063126904313585	1.19213868617511	94
0.014486778123062	0.331447869942357	155
-0.078461628969253	0.334855559136084	706
-0.11770825070934	0.352703851644874	97
0.014486778123062	0.331447869942357	73
0.015221229893607	0.331833236925771	73
0.0148094482928141	0.331596623912213	73
0.102697656326824	0.546485183471197	52
0.013542512756676	0.330672971387316	225
0.015748574968654	0.332008986763764	148
0.046521365237415	0.546317748025171	148
-0.118058519259127	0.352454317015294	733
0.054015607829325	0.712240290170832	357
-0.014284512117794	0.882082642821841	357
-0.093580178190461	0.556877278723426	357
-0.093554310876372	0.556858392044476	357
0.124755232228374	0.879621813051408	353
0.015015511027073	0.33174094912973	286
0.014164037484612	0.331138547182105	286
-0.078505335439038	0.334807235682389	77
-0.117839866964325	0.352652701983811	77
0.0466718923138591	0.546511095379513	77
-0.11770825070934	0.352703851644874	77
-0.056296119903371	0.725052833574274	36
0.083068083045453	1.03279661054321	36
-0.118075945617532	0.352475981362613	296
-0.118075945617532	0.352475981362613	309
0.014486778123062	0.331447869942357	309
0.000820935056823013	0.546362059972189	296
0.102939962809722	0.546934303038246	296
-0.06897230342571	0.550378261045452	296
0.046542286709821	0.546503907985386	135
-0.118049781061524	0.352274376811464	278
0.102846126923184	0.546816711265645	278
0.046499407903853	0.546409161577071	278
0.013957208446354	0.331045765272962	278
0.054015607829325	0.712240290170832	726
0.102965692838688	0.546844532922721	421
0.096071839675282	0.715085441540634	627
0.059123111696657	1.03390001069984	94
0.0540898352208991	0.712440424822514	60
0.014280160087122	0.331303341451248	97
-0.118075945617532	0.352475981362613	97
0.046607070563234	0.546529871565748	164
0.013957208446354	0.331045765272962	52
0.015748574968654	0.332008986763764	52
0.015015511027073	0.33174094912973	225
-0.078505335439038	0.334807235682389	148
-0.078461628969253	0.334855559136084	148
0.000723403080248986	0.546133424431026	733
-0.038123899783875	0.546394638638759	357
0.102778255844793	0.546757450411459	357
0.028423004472322	1.19503465711452	111
0.000830313724314968	0.546201769438094	557
0.0464987030977601	0.546379576538645	755
0.103221876906599	0.546980598445863	77
0.015221229893607	0.331833236925771	77
0.015748574968654	0.332008986763764	77
-0.0914838230419121	0.737886173087118	36
0.000730708390523027	0.546206964542419	296
-0.038204798520145	0.546114281326822	296
-0.075143677647001	0.730973069548694	135
0.000820935056823013	0.546362059972189	135
0.015543409119394	0.331916984826515	332
0.014486778123062	0.331447869942357	332
0.056804773590727	0.875342567586614	496
-0.093820909427118	0.556596437211793	496
-0.078476515936851	0.334704051901253	285
0.0146030411225651	0.331368587604412	471
-0.078461628969253	0.334855559136084	278
-0.117603173744174	0.352744510096783	278
0.088253967328347	0.876895031568286	746
0.000975541614245956	0.54652601352424	131
-0.093766553916435	0.556691460943664	60
0.046434639915807	0.546296788418666	155
0.096045190403945	0.71521740606195	155
0.046607070563234	0.546529871565748	155
0.00093724327286504	0.546463920727753	155
-0.078505335439038	0.334807235682389	97
0.0464775407151	0.546436206750712	97
0.046521365237415	0.546317748025171	97
0.014280160087122	0.331303341451248	73
0.046564213761884	0.546476908211474	612
-0.038136950569871	0.546248561829861	164
0.0464775407151	0.546436206750712	52
0.013957208446354	0.331045765272962	225
-0.078360353986935	0.334844260911513	148
0.014486778123062	0.331447869942357	148
0.014693051385642	0.33154041613148	312
-0.031916539561051	0.887542647424653	755
-0.03817729563763	0.546419306318742	755
-0.0784328571216441	0.33484663200897	77
0.0959660513274599	0.715188219408872	36
0.095952734120206	0.715189374908091	36
0.056997740262475	0.875971560613141	36
-0.068995432562999	0.550334672525007	36
-0.114414141529456	0.565049160716253	36
0.059023459129407	1.03359627413568	36
-0.0750778144669611	0.730926283215142	36
0.0148094482928141	0.331596623912213	296
-0.078505335439038	0.334807235682389	296
0.0148094482928141	0.331596623912213	296
0.103127837722916	0.547021736367706	135
-0.117734906321331	0.352482391383828	135
0.014898980443409	0.331545372027833	602
0.0148094482928141	0.331596623912213	602
-0.037938951930853	0.546653091630455	135
0.103115083689341	0.546978454245952	135
-0.091267035243176	0.737843978287069	624
-0.116885430817903	0.937178190992913	624
-0.02707303706249	1.20802834042638	624
0.015015511027073	0.33174094912973	154
0.015221229893607	0.331833236925771	326
-0.118067240793936	0.352507886935394	154
0.014073196708025	0.331075185621132	421
-0.117944825210674	0.352583555456159	627
0.080420267212642	1.49109819266412	94
0.000828254194413014	0.546393815900103	155
-0.078316549947599	0.334892644976188	97
0.103209164762305	0.546997639818529	52
0.0466499356636571	0.546481330595372	52
0.103033866383466	0.547002647083637	52
-0.038125220810424	0.546278728368417	339
0.015221229893607	0.331833236925771	148
0.0466280692664101	0.546386584989212	733
0.000918451769796991	0.546500400749536	357
-0.041155972500039	1.05680778519614	242
0.054043307590794	0.71233864047186	357
-0.078461628969253	0.334855559136084	357
-0.038084771804796	0.546557048928131	357
0.124565533340917	0.879347201685896	357
-0.105517435290424	0.746127570500988	354
0.102859024632958	0.546883761518186	353
0.000925784738588953	0.546494659096437	557
0.0148094482928141	0.331596623912213	286
-0.068981133828171	0.550224724914083	755
0.000835561993079992	0.546388049889566	755
0.015221229893607	0.331833236925771	77
-0.078461628969253	0.334855559136084	77
0.102752358645311	0.546638913003178	77
-0.0689580026679329	0.550340898981373	523
-0.034533936421003	0.720455500194939	36
-0.014223894947952	0.882182233157828	36
0.015221229893607	0.331833236925771	296
-0.118075945617532	0.352475981362613	296
-0.117822189095331	0.352614000083049	296
-0.09371606723568	0.556549724778025	296
-0.078577788973047	0.33472577676997	296
0.103033866383466	0.547002647083637	296
0.04652044983038	0.5464742420311	135
-0.061652041660708	0.900874876007685	99
0.013750033727378	0.330901102695796	602
-0.00938132729918095	0.716036092866911	135
0.046693939241456	0.546484210727788	496
-0.078446526473096	0.334671088007792	471
-0.093660416875415	0.556847987421022	48
-0.0144393640398151	0.881705201091584	48
0.102603356643729	0.546367286270961	278
-0.078360353986935	0.334844260911513	131
0.029724799912908	0.876137017952781	131
0.014486778123062	0.331447869942357	154
0.102939962809722	0.546934303038246	627
-0.014268099946217	0.881955773204122	94
0.056886108648653	0.875870098818518	164
-0.078389101895223	0.334894991105506	52
0.014898980443409	0.331545372027833	52
-0.078461628969253	0.334855559136084	52
-0.078389101895223	0.334894991105506	52
0.015337900306628	0.331772940313554	148
0.000929339521959949	0.54630009282899	733
-0.078316549947599	0.334892644976188	312
0.014486778123062	0.331447869942357	357
-0.014919157729658	1.20315332386698	111
0.019454089393261	1.34640198379063	503
-0.0412616391410871	1.05660823336923	354
-0.118067240793936	0.352507886935394	286
0.046499407903853	0.546409161577071	557
0.0195170056224649	0.712923438298306	557
-0.0382568181762299	0.546254831510538	755
-0.068981133828171	0.550224724914083	755
-0.078316549947599	0.334892644976188	77
0.103209164762305	0.546997639818529	77
0.102859024632958	0.546883761518186	36
0.0882949223562151	0.876874066340018	36
-0.047900436228565	0.893188665869141	36
-0.0347805855464211	0.719399287694633	36
-0.05620942652624	0.725073374682093	36
0.059084416948902	1.03375925072159	36
-0.117636216995833	0.755193658012028	36
-0.07849037707702	0.334766898185218	296
0.015748574968654	0.332008986763764	296
0.0464775407151	0.546436206750712	296
0.0197851368136031	0.71341704442789	36
-0.068986622168958	0.550250990209298	135
-0.117822189095331	0.352614000083049	135
-0.078476515936851	0.334704051901253	285
-0.078272649288975	0.334885576734114	471
0.095847518623296	0.714679436834788	278
0.015015511027073	0.33174094912973	501
0.046455763646197	0.546406595576815	154
0.015221229893607	0.331833236925771	154
0.000625855849828993	0.545790888913006	154
0.102939962809722	0.546934303038246	154
0.014486778123062	0.331447869942357	627
-0.118075945617532	0.352475981362613	627
0.096045190403945	0.71521740606195	627
-0.118311411153993	0.352176797827841	155
0.000975541614245956	0.54652601352424	60
-0.114414141529456	0.565049160716253	60
0.014280160087122	0.331303341451248	97
-0.0784328571216441	0.33484663200897	97
-0.118180785688706	0.352378760345744	33
0.0959660513274599	0.715188219408872	164
0.029805492458163	0.876253399465802	164
0.019703353807297	0.713361334384664	164
0.014486778123062	0.331447869942357	225
-0.00942245890905402	0.716210224109516	357
0.019729112390332	0.713290552810038	242
-0.0689117397669981	0.550461509138893	242
0.019756369550568	0.713383002820867	357
0.033730928704463	1.66687055957446	503
0.095992674622349	0.715056204037152	354
0.053969087339051	0.712294492055823	354
-0.038362384578601	0.545889308090842	286
-0.075075936166748	0.730655744162011	36
-0.03785957873798	0.546631460156574	557
-0.037820350796082	0.546582268714128	557
-0.056269614876835	0.725275945041031	36
0.00642854214851796	0.878263117741164	36
0.103209164762305	0.546997639818529	755
-0.00944172907490504	0.716353910708763	36
-0.056283327850428	0.72518946582843	36
0.110973754168909	1.03525734443883	36
-0.116950892304974	0.937081442351767	46
-0.074482007844988	0.907941480804989	46
0.019623073931675	0.713199877922648	36
0.121762210322829	1.34708643206915	36
-0.116918151462236	0.93715714740876	36
-0.037938951930853	0.546653091630455	296
0.111053284068566	1.03531680293384	99
-0.105727729886697	0.745450588028933	99
-0.118075945617532	0.352475981362613	99
0.000906909127949995	0.546464500138251	332
0.104753899032287	1.19161392370034	99
-0.0785341312035151	0.334774054050095	285
0.014280160087122	0.331303341451248	285
0.014693051385642	0.33154041613148	285
0.102859024632958	0.546883761518186	278
-0.078200023477518	0.334804621115115	278
-0.11770825070934	0.352703851644874	501
-0.117839866964325	0.352652701983811	501
-0.038058706791953	0.546490151457986	294
0.046455763646197	0.546406595576815	131
-0.078476515936851	0.334704051901253	154
0.015015511027073	0.33174094912973	154
-0.078389101895223	0.334894991105506	627
0.019204241995885	1.03946102896951	60
-0.1143509382464	0.565110324997158	60
-0.093660416875415	0.556847987421022	60
0.103127837722916	0.547021736367706	97
0.103140609926255	0.546929797083206	97
0.001013853753835	0.54655060088885	73
0.000940416657924992	0.546365990802168	97
0.00093724327286504	0.546463920727753	97
0.014164037484612	0.331138547182105	97
-0.078389101895223	0.334894991105506	73
0.0148094482928141	0.331596623912213	33
-0.118189436041763	0.352386442821737	612
0.046585173823348	0.546500154315464	612
-0.093661717601255	0.556778539148937	612
-0.114435994682675	0.565008227026761	164
0.102952818714724	0.546952016374648	225
0.102939962809722	0.546934303038246	339
-0.037938951930853	0.546653091630455	339
0.000738002359985002	0.54623867910786	339
0.09589942818292	0.714712080953565	339
-0.118311411153993	0.352176797827841	148
0.015221229893607	0.331833236925771	148
-0.078548945585607	0.334664702764609	148
-0.03785957873798	0.546631460156574	357
-0.058718474630041	1.22586658990329	503
-0.0689580026679329	0.550340898981373	354
-0.117682097514258	0.755154144069383	36
-0.093795012818503	0.556596773272788	755
-0.114433698001673	0.564954796623497	755
-0.00950238851636898	0.716165417630369	36
-0.093795012818503	0.556596773272788	36
0.095952734120206	0.715189374908091	36
-0.114477368199382	0.564955794700488	36
-0.061696268779402	0.900799872695331	46
-0.053372410925925	1.0620266377862	46
0.00617515184861806	0.878272821777982	36
-0.1143509382464	0.565110324997158	36
0.110973754168909	1.03525734443883	36
-0.114499210463847	0.564914880949432	36
0.019066457641215	1.03916078046145	36
0.0805067550763831	1.49152249856586	275
0.0591728662384901	1.03394148870086	99
-0.014306756564161	0.881810726830726	99
-0.068995432562999	0.550334672525007	99
-0.068828051153055	0.550519576410294	99
0.0148094482928141	0.331596623912213	285
-0.114326776696095	0.564929030361521	48
-0.05626324486886	0.725279719780685	278
0.096097603943538	0.715130101138898	278
-0.117944825210674	0.352583555456159	278
-0.078316549947599	0.334892644976188	726
-0.038336377994674	0.546033847147193	131
0.015337900306628	0.331772940313554	154
0.103384920681131	0.546792644553843	154
0.015015511027073	0.33174094912973	154
0.102846126923184	0.546816711265645	154
0.102684638589434	0.546640068159778	154
0.0148094482928141	0.331596623912213	154
0.046499407903853	0.546409161577071	154
0.000842858445567973	0.546344713229705	154
-0.078577788973047	0.33472577676997	154
-0.117839866964325	0.352652701983811	154
0.015221229893607	0.331833236925771	761
-0.117822189095331	0.352614000083049	627
-0.093687596325703	0.556815343915179	60
-0.114372802292684	0.565069375339754	155
0.019783628750618	0.713437624154362	155
0.013957208446354	0.331045765272962	60
-0.114394671114916	0.564999444831835	60
0.014486778123062	0.331447869942357	97
0.014693051385642	0.33154041613148	73
0.013542512756676	0.330672971387316	33
0.014164037484612	0.331138547182105	33
0.053815672124002	0.711764714993528	612
-0.038190324491453	0.546366920879928	612
-0.0936060519635859	0.55682550587557	339
-0.068888608021291	0.550473937505231	339
0.013957208446354	0.331045765272962	148
-0.078316549947599	0.334892644976188	148
0.014280160087122	0.331303341451248	733
0.0463911152322391	0.546294317805983	357
-0.093741949229363	0.556657931195888	357
-0.00946108220693898	0.716312897226207	357
-0.093607359992403	0.556873595673821	242
-0.038190324491453	0.546366920879928	357
-0.0937678377201721	0.556691762056095	357
0.124563261925273	0.879126449730356	357
0.038021917067267	1.03581498248486	111
0.0830124155211051	1.19163910375268	36
0.054066571244214	0.712409287520356	557
-0.056336234165916	0.725153457310923	36
-0.067657238697398	1.23363434908055	46
0.121731171721707	1.34693989934357	46
0.00605962485043299	0.877886849981588	36
-0.105528309041014	0.745933565289379	36
0.00205869313993801	1.04316661399344	275
0.0197321128944981	0.713348024140361	135
-0.0784328571216441	0.33484663200897	471
0.015221229893607	0.331833236925771	471
-0.056416494232709	0.724981594565324	278
0.095913474208575	0.71496687423092	278
0.10276529812906	0.546766261298029	278
0.088340243285842	0.876980504085175	294
-0.038018362492673	0.546618402945273	294
0.046434639915807	0.546296788418666	131
-0.118189436041763	0.352386442821737	154
0.015426605459758	0.331837835999836	326
-0.117717152571787	0.352728572431533	154
0.000828254194413014	0.546393815900103	154
-0.117717152571787	0.352728572431533	627
0.046455763646197	0.546406595576815	627
-0.118189436041763	0.352386442821737	627
-0.097275622456743	0.922248195688531	60
0.019706346180374	0.713178111821541	155
-0.117839866964325	0.352652701983811	97
-0.068730104123347	0.550459572066759	97
0.014280160087122	0.331303341451248	97
-0.078693730736367	0.334421561941284	73
0.0148094482928141	0.331596623912213	97
-0.118180785688706	0.352378760345744	33
-0.118180785688706	0.352378760345744	33
0.102859024632958	0.546883761518186	33
0.000723403080248986	0.546133424431026	33
-0.078461628969253	0.334855559136084	33
-0.07849037707702	0.334766898185218	33
-0.078389101895223	0.334894991105506	33
-0.114370449554845	0.565048182756302	612
-0.056243164537198	0.725337625091135	164
0.00625471881051498	0.878377284568606	164
0.088340243285842	0.876980504085175	164
-0.038058706791953	0.546490151457986	52
-0.118067240793936	0.352507886935394	52
0.124735705690894	0.879610841769866	339
0.015426605459758	0.331837835999836	148
-0.00954866961521095	0.71612262862002	357
0.053955216946999	0.712091398415352	357
0.019624558410942	0.71323243362851	357
0.0958602647171281	0.715059134269568	357
0.038067732879268	1.03598180494542	111
0.121651734512811	1.34688687981728	111
-0.074588885490496	0.907790335469274	36
-0.027931744248985	1.05190140376308	46
-0.014428155418245	0.881658671955085	36
0.088406015823902	0.876999052332249	36
0.019092197914244	1.03934072213708	36
0.121945182131794	1.34692629420857	275
0.063134270179086	1.19209506196134	99
-0.117657797742993	0.755147837329674	99
0.0831546877582779	1.03302402074298	135
0.110973754168909	1.03525734443883	99
0.088319752008557	0.87697089157298	99
-0.117962360601882	0.352531037221759	278
-0.014190759959593	0.882143206626074	294
-0.056529670606519	0.72471398612247	294
0.088381210463072	0.876877729957073	294
0.019134161331204	1.03933502905629	294
0.124606951859006	0.879422159973387	624
0.014693051385642	0.33154041613148	154
0.014693051385642	0.33154041613148	154
-0.078389101895223	0.334894991105506	154
-0.118067240793936	0.352507886935394	154
-0.078476515936851	0.334704051901253	627
0.102846126923184	0.546816711265645	155
-0.034710519982367	0.720057265798157	155
0.053945827600581	0.712263366492621	60
-0.118067240793936	0.352507886935394	97
-0.078316549947599	0.334892644976188	73
0.015221229893607	0.331833236925771	33
0.046629057528294	0.546502925119404	33
-0.0785341312035151	0.334774054050095	33
-0.114455530711662	0.564969109409345	164
-0.00933478747411098	0.716400610903666	164
0.00596532193379296	0.877603973187429	164
0.019756369550568	0.713383002820867	339
0.046542286709821	0.546503907985386	339
0.102859024632958	0.546883761518186	571
0.0540898352208991	0.712440424822514	571
-0.07834525013681	0.334887885324188	571
-0.118189436041763	0.352386442821737	148
0.015015511027073	0.33174094912973	148
0.04634816214787	0.546154657785757	733
0.046455763646197	0.546406595576815	357
-0.0379922617403921	0.546620013704936	357
0.00631968762726598	0.877957808583731	357
-0.114265888199503	0.565150333147693	111
0.029678541744073	0.876127577905722	111
0.124798937057536	0.879642881682537	36
-0.056309753607088	0.725252132108966	36
0.00632718347467298	0.878423350453597	36
0.019498045746131	1.34659712144415	46
-0.075245133116796	0.730768175625444	36
-0.056243164537198	0.725337625091135	36
-0.034690003029282	0.720037016954227	36
-0.117818327649455	0.754688747004522	36
-0.0145056064186611	0.881403236807373	36
-0.06176408320592	0.900670469846048	99
-0.00941982402070496	0.716383544036968	99
0.0831330111184751	1.03311088996779	99
-0.114265888199503	0.565150333147693	99
0.015543409119394	0.331916984826515	285
-0.0784328571216441	0.33484663200897	471
-0.11770825070934	0.352703851644874	278
-0.0689348713150461	0.550417910328223	278
0.110887427741006	1.03486534628498	294
-0.091238086148263	0.737913438955672	294
-0.118172118618263	0.352244085286353	131
-0.11770825070934	0.352703851644874	154
0.102671639124429	0.546588557482098	154
0.102859024632958	0.546883761518186	154
0.014073196708025	0.331075185621132	154
-0.07841782605487	0.334848424054662	154
0.053945827600581	0.712263366492621	627
-0.038110853061623	0.546487094584724	627
-0.038164270843655	0.546436820610805	627
-0.093740660621265	0.556754166748311	60
-0.056116345604301	0.725374071607745	60
0.046585173823348	0.546500154315464	155
0.04652044983038	0.5464742420311	155
-0.034603734452251	0.720160155204294	60
-0.114370449554845	0.565048182756302	60
0.015543409119394	0.331916984826515	97
-0.078650217757543	0.334563833199289	97
0.04652044983038	0.5464742420311	97
-0.0784328571216441	0.33484663200897	97
0.046629057528294	0.546502925119404	97
-0.117699332254476	0.352559690893245	73
0.015543409119394	0.331916984826515	33
0.015015511027073	0.33174094912973	33
0.015426605459758	0.331837835999836	33
-0.114477368199382	0.564955794700488	612
0.088406015823902	0.876999052332249	164
0.088126721946085	0.876488466099591	357
0.00601600610397202	0.877832322417812	357
-0.114372802292684	0.565069375339754	357
-0.034554495557787	0.720411590700479	111
-0.034772100370902	0.719924585844276	111
-0.091643031173661	0.73751967141941	36
0.088229091966295	0.876744684196254	36
-0.102961151180609	1.09589994973786	46
0.111097236167408	1.03500465743121	36
-0.091404224784821	0.737977127415801	36
0.104688190611867	1.19142362727854	36
-0.105440013927859	0.746243486322818	99
-0.038058706791953	0.546490151457986	99
-0.028023129667339	1.05169880644477	99
-0.078272649288975	0.334885576734114	285
0.102859024632958	0.546883761518186	99
-0.118067240793936	0.352507886935394	285
-0.078461628969253	0.334855559136084	285
0.000835561993079992	0.546388049889566	278
0.083169319300648	1.03327218425697	294
0.029678541744073	0.876127577905722	294
-0.078373926576007	0.334752594792006	154
-0.117831036354394	0.352673317989728	154
0.000906909127949995	0.546464500138251	154
0.015015511027073	0.33174094912973	154
0.102859024632958	0.546883761518186	154
0.015748574968654	0.332008986763764	154
-0.038097810402228	0.546539513612059	154
-0.078461628969253	0.334855559136084	761
0.000820935056823013	0.546362059972189	627
0.000745284981442995	0.546232890910934	60
-0.086349589162193	0.915055596150394	94
-0.061587138339486	0.900912777300012	94
0.124733372651614	0.879546458639137	94
0.088471764992768	0.876950431917109	155
-0.0689117397669981	0.550461509138893	155
-0.117944825210674	0.352583555456159	155
-0.069116582615907	0.550050728935172	155
0.046391747410539	0.546036139861055	155
0.046585173823348	0.546500154315464	97
0.0148094482928141	0.331596623912213	97
-0.118075945617532	0.352475981362613	97
0.015221229893607	0.331833236925771	97
0.102939962809722	0.546934303038246	97
0.014280160087122	0.331303341451248	33
0.015015511027073	0.33174094912973	33
0.046629057528294	0.546502925119404	612
0.046585173823348	0.546500154315464	612
0.054219996631278	0.712287186032236	164
0.054020044257878	0.712224739731663	164
0.029825659436803	0.876191806927272	164
0.046629057528294	0.546502925119404	164
0.000625855849828993	0.545790888913006	52
-0.078505335439038	0.334807235682389	225
0.04652044983038	0.5464742420311	339
-0.038044479500504	0.546473472346318	339
-0.117822189095331	0.352614000083049	339
-0.117594217230099	0.352759200610373	148
-0.078389101895223	0.334894991105506	148
0.0464987030977601	0.546379576538645	733
-0.03817729563763	0.546419306318742	357
-0.068897453062561	0.550386522987246	357
-0.00946108220693898	0.716312897226207	111
0.088192496361842	0.876617719325438	111
-0.056309753607088	0.725252132108966	36
0.053959680966698	0.712177078510325	36
0.029638198889274	0.87592168489123	36
-0.075280794560489	0.730809985770197	36
-0.074264551058575	0.907793352532581	46
-0.053576881343264	1.06179349904649	46
-0.032143436059116	0.887197185912437	275
0.019677589313058	0.713346935133066	275
-0.093713481518941	0.556786806671946	99
0.019651818943123	0.713251012434848	99
-0.068888608021291	0.550473937505231	99
-0.00946108220693898	0.716312897226207	99
0.102859024632958	0.546883761518186	471
0.095900177389557	0.715055557737215	278
0.088447005415586	0.876896328381548	278
0.088060924201457	0.876305665671441	294
0.11091619758058	1.03504096236108	294
0.019677589313058	0.713346935133066	294
-0.056463039836791	0.724912351691981	294
-0.091469535744416	0.737939274151088	294
0.056732568709337	0.875432965157303	294
0.000906909127949995	0.546464500138251	726
-0.075194405792904	0.730887963821288	624
0.015015511027073	0.33174094912973	154
0.046607070563234	0.546529871565748	154
-0.117953601258673	0.352597545210657	154
0.103033866383466	0.547002647083637	154
0.103209164762305	0.546997639818529	154
0.046563367283465	0.546405439872833	154
-0.117839866964325	0.352652701983811	761
-0.07841782605487	0.334848424054662	761
0.029759197934658	0.876098849488952	60
-0.114414141529456	0.565049160716253	155
-0.0937121903663281	0.556668997193679	155
-0.00954614284563804	0.716208123014226	60
-0.07841782605487	0.334848424054662	97
0.015015511027073	0.33174094912973	97
-0.117953601258673	0.352597545210657	97
-0.078389101895223	0.334894991105506	97
-0.078373926576007	0.334752594792006	97
0.102939962809722	0.546934303038246	97
-0.078476515936851	0.334704051901253	33
0.102778255844793	0.546757450411459	33
0.015132047963402	0.33154518134191	33
-0.0785341312035151	0.334774054050095	33
-0.078461628969253	0.334855559136084	33
0.046563367283465	0.546405439872833	612
0.001013853753835	0.54655060088885	164
0.0569321914684831	0.875913064305985	164
0.000925784738588953	0.546494659096437	339
0.103021070490942	0.546910029300553	339
-0.009589915560407	0.716114521322415	339
-0.117717152571787	0.352728572431533	571
-0.07841782605487	0.334848424054662	733
-0.078505335439038	0.334807235682389	733
0.000975541614245956	0.54652601352424	357
0.046434639915807	0.546296788418666	357
-0.093687596325703	0.556815343915179	357
-0.068897453062561	0.550386522987246	357
0.095781080857291	0.714913663492623	357
0.046564213761884	0.546476908211474	357
0.001013853753835	0.54655060088885	357
-0.110302552023523	1.10526268500051	503
-0.117504968932234	1.35526472976485	503
0.056965927890308	0.875754372941682	36
0.111024502537795	1.03527146379121	36
0.0570389897545101	0.876068893169666	36
0.0298315772412791	0.876311884753314	36
-0.056303413484868	0.72506390916025	46
0.025848234239935	1.50078478192445	46
0.0448367788656709	1.19277515612465	46
-0.105401290117193	0.746261234072379	99
0.059156348630994	1.0339019075435	99
0.124798937057536	0.879642881682537	99
0.104821501938883	1.19166894914132	99
-0.114372802292684	0.565069375339754	99
-0.114455530711662	0.564969109409345	278
0.088319752008557	0.87697089157298	294
0.014693051385642	0.33154041613148	131
0.00100588235915999	0.546466020766528	154
-0.07849037707702	0.334766898185218	154
-0.0784328571216441	0.33484663200897	761
-0.03789976545186	0.546603825490813	627
-0.05639642526553	0.725071798583745	60
-0.0563161757230209	0.725119348849623	60
-0.078606608631892	0.334612044582887	155
-0.038164270843655	0.546436820610805	60
-0.078461628969253	0.334855559136084	97
0.015015511027073	0.33174094912973	97
0.04652044983038	0.5464742420311	97
0.0464775407151	0.546436206750712	97
-0.118189436041763	0.352386442821737	33
0.102846126923184	0.546816711265645	33
-0.117839866964325	0.352652701983811	33
-0.117953601258673	0.352597545210657	33
0.015543409119394	0.331916984826515	33
-0.078577788973047	0.33472577676997	612
0.019810889993383	0.71345620863575	164
-0.0379128235471889	0.546654737619279	164
0.0463911152322391	0.546294317805983	164
-0.00933478747411098	0.716400610903666	164
-0.034361498504063	0.720516737691081	164
0.059045730947784	1.03357788407518	164
-0.117831036354394	0.352673317989728	339
-0.037938951930853	0.546653091630455	339
0.000828254194413014	0.546393815900103	339
-0.117726037792187	0.352668549463053	357
0.053996781242706	0.712059316844062	357
-0.118189436041763	0.352386442821737	357
0.019542789124791	0.712950921861263	357
0.046651134742099	0.546411601881918	357
-0.097412711926453	0.921768071068865	111
-0.123491955676458	1.12676966375308	503
0.083263244130408	1.03341522018339	36
-0.0688743192839571	0.55046354075607	36
-0.093793732675255	0.556658827111305	36
-0.032099330121934	0.887343608944125	36
-0.056416494232709	0.724981594565324	36
-0.07473384029649	0.907368725171962	36
0.029612091239785	0.875988688644532	36
-0.05639642526553	0.725071798583745	36
-0.014152076588046	0.882187886799097	46
0.056785351441235	0.874986521566308	36
-0.056336234165916	0.725153457310923	36
-0.09143321669133	0.737991575978627	36
-0.061963251018781	0.899596716506173	275
-0.107470264815697	0.929396338429231	99
-0.114200306373461	0.565016953253082	99
-0.091332001209212	0.738101903758566	99
0.056739212653688	0.875184688166223	99
-0.07841782605487	0.334848424054662	285
0.046629057528294	0.546502925119404	278
-0.093660416875415	0.556847987421022	48
0.019730612762067	0.713415955765321	294
-0.09157078063151	0.737761533975191	624
-0.117953601258673	0.352597545210657	154
0.102939962809722	0.546934303038246	154
0.015426605459758	0.331837835999836	154
-0.117594217230099	0.352759200610373	154
0.046564213761884	0.546476908211474	154
0.015221229893607	0.331833236925771	154
0.102939962809722	0.546934303038246	19
0.102791231826911	0.546553226745956	761
-0.118067240793936	0.352507886935394	761
-0.117962360601882	0.352531037221759	627
0.102684638589434	0.546640068159778	155
-0.11770825070934	0.352703851644874	155
-0.037979217457885	0.546569081267276	155
0.102489910864469	0.546172679666409	97
-0.0784328571216441	0.33484663200897	97
0.102871940568314	0.546825607663817	97
-0.078461628969253	0.334855559136084	97
-0.117953601258673	0.352597545210657	97
-0.117839866964325	0.352652701983811	33
-0.0785341312035151	0.334774054050095	33
-0.078562903237043	0.334604884633838	33
-0.078389101895223	0.334894991105506	33
-0.093795012818503	0.556596773272788	164
0.095873572645785	0.715100082050027	164
-0.075201265336757	0.730950141111018	164
0.095926088576779	0.715062270678513	52
-0.068842343926711	0.550402812682356	339
0.014898980443409	0.331545372027833	148
0.015543409119394	0.331916984826515	148
0.000933106370409997	0.546451336382571	733
0.088299255605635	0.876921147738516	357
-0.0688743192839571	0.55046354075607	357
0.101020314411793	1.34439538046487	111
-0.014107785796194	0.882218170110453	36
-0.07841782605487	0.334848424054662	383
0.054052727722994	0.712385443173546	36
-0.031888640349132	0.887483900214155	36
-0.105412279137597	0.746231009506604	36
0.000730708390523027	0.546206964542419	190
-0.00954614284563804	0.716208123014226	36
-0.034765498040001	1.37648534763707	46
0.019751087699443	1.34743514618133	46
0.0378652681049571	1.03569924110923	36
-0.075395555826594	1.07386638530628	36
0.088335856890449	0.876684496312835	36
-0.0688743192839571	0.55046354075607	36
-0.118067240793936	0.352507886935394	271
0.0542338175006311	0.712341808453807	310
0.102952818714724	0.546952016374648	310
-0.064919375930112	1.06766381603973	99
-0.013757014909447	1.04667494249978	99
0.103021070490942	0.546910029300553	790
-0.091346224058706	0.737858482862911	48
-0.061719854471379	0.900774587426414	48
-0.117971103191881	0.352336843743416	278
0.014486778123062	0.331447869942357	64
0.000828254194413014	0.546393815900103	154
0.102752358645311	0.546638913003178	761
0.04652044983038	0.5464742420311	627
-0.0379128235471889	0.546654737619279	627
-0.068860048738165	0.550274059452707	155
-0.086497893283059	0.914517749300127	155
0.102952818714724	0.546952016374648	97
0.0146030411225651	0.331368587604412	317
0.102952818714724	0.546952016374648	612
0.029638198889274	0.87592168489123	164
-0.114265888199503	0.565150333147693	164
0.015015511027073	0.33174094912973	52
0.095781080857291	0.714913663492623	52
0.053885443008125	0.712114459554289	52
0.015221229893607	0.331833236925771	225
-0.117839866964325	0.352652701983811	339
0.124884001183789	0.879551397154115	359
0.015221229893607	0.331833236925771	148
0.124905852547072	0.879450533627863	226
0.015221229893607	0.331833236925771	357
-0.082688612801361	1.25395266611713	354
-0.114309633309467	0.565096016504913	36
0.124735705690894	0.879610841769866	383
0.124777087030697	0.879653666456889	36
0.088188159320898	0.876765674012669	36
-0.034488849485152	0.720468393435574	36
-0.034599615781616	0.720358404474324	36
0.00614626164520604	0.878229366181112	36
-0.064952065837672	1.06760158972341	46
-0.105628063283948	0.745836605953634	440
-0.056309753607088	0.725252132108966	36
-0.032243402182025	0.886863139673553	36
-0.117771210846362	0.755093886470174	36
0.029591927670932	0.875905258510253	36
0.042175872132312	2.21826693631088	53
-0.058823863934268	1.22550826871439	53
0.00599422219585399	0.877681669562019	99
0.0188915079888971	1.03862963664962	99
-0.117594217230099	0.352759200610373	310
-0.0688511853149521	0.550507144497065	310
-0.047626164907891	0.893519184710547	99
0.014073196708025	0.331075185621132	790
0.102952818714724	0.546952016374648	285
0.000906909127949995	0.546464500138251	278
0.10276529812906	0.546766261298029	278
-0.038190324491453	0.546366920879928	294
-0.093690191771405	0.556347271755344	64
0.013750033727378	0.330901102695796	154
-0.117962360601882	0.352531037221759	154
0.015015511027073	0.33174094912973	154
0.046716076469366	0.546392965447706	19
-0.117726037792187	0.352668549463053	761
0.0818109616674511	1.80679911343343	94
-0.097327394967553	0.921793017824871	94
0.037734328770324	1.03537023472298	94
-0.117794151246084	0.75502830853933	155
-0.038110853061623	0.546487094584724	155
-0.117822189095331	0.352614000083049	612
-0.093899900031881	0.556355652806436	164
-0.038269833231409	0.546202489300631	52
0.046629057528294	0.546502925119404	52
0.053982942164289	0.712290972688709	52
0.053992347414343	0.712287188803804	359
0.015221229893607	0.331833236925771	339
0.015221229893607	0.331833236925771	148
0.013957208446354	0.331045765272962	148
0.104595546916809	1.19104458819324	226
0.015748574968654	0.332008986763764	369
-0.00952426338253898	0.71620400051152	182
-0.093525808577244	0.55679220859136	383
-0.056309753607088	0.725252132108966	36
0.000745284981442995	0.546232890910934	36
0.046455763646197	0.546406595576815	762
0.095781080857291	0.714913663492623	261
0.0649635625133	1.34329398832172	99
-0.075020269368128	0.731007263015943	99
-0.069009749323291	0.550269762703352	310
-0.0688511853149521	0.550507144497065	278
-0.061587138339486	0.900912777300012	48
-0.037938951930853	0.546653091630455	278
-0.114265888199503	0.565150333147693	294
0.102778255844793	0.546757450411459	131
0.029658371549424	0.876044119876328	449
0.0146030411225651	0.331368587604412	715
-0.078389101895223	0.334894991105506	154
0.015015511027073	0.33174094912973	655
0.014693051385642	0.33154041613148	618
-0.078476515936851	0.334704051901253	627
0.000906909127949995	0.546464500138251	627
0.04634816214787	0.546154657785757	627
-0.117953601258673	0.352597545210657	627
-0.114414141529456	0.565049160716253	60
-0.00508471642582198	1.35469719834848	94
-0.093739373147757	0.556695144537498	155
0.013957208446354	0.331045765272962	434
-0.078272649288975	0.334885576734114	434
-0.078461628969253	0.334855559136084	97
0.014693051385642	0.33154041613148	705
-0.07841782605487	0.334848424054662	97
0.095979364827558	0.715144881301218	612
-0.114521057504065	0.564844995830792	164
-0.038005310085013	0.546635957220775	52
0.102965692838688	0.546844532922721	225
0.000933106370409997	0.546451336382571	339
-0.056349902896603	0.725104009361192	359
0.00617515184861806	0.878272821777982	359
0.121606814645452	1.3463989717593	359
-0.117944825210674	0.352583555456159	339
-0.078389101895223	0.334894991105506	571
0.013542512756676	0.330672971387316	148
-0.07834525013681	0.334887885324188	148
-0.034644784961524	0.720233940388528	357
0.095794375808675	0.714954580622306	182
-0.086132046808583	0.915315495031397	36
0.046585173823348	0.546500154315464	190
0.013957208446354	0.331045765272962	190
0.088117797660903	0.876248977359735	190
-0.038125220810424	0.546278728368417	190
-0.078461628969253	0.334855559136084	190
0.082184795429479	1.34326643912835	46
0.059123111696657	1.03390001069984	46
-0.00957057795756699	0.715980537546645	36
-0.093793732675255	0.556658827111305	36
-0.038071737268363	0.546541091843573	99
0.046542286709821	0.546503907985386	99
0.029652411017309	0.876046324491345	99
0.000906909127949995	0.546464500138251	99
0.000723403080248986	0.546133424431026	278
0.000813604587608041	0.546288457112092	278
0.029759197934658	0.876098849488952	48
-0.117831036354394	0.352673317989728	278
-0.117594217230099	0.352759200610373	278
0.102778255844793	0.546757450411459	278
0.053945827600581	0.712263366492621	449
-0.117831036354394	0.352673317989728	154
0.014164037484612	0.331138547182105	154
0.014280160087122	0.331303341451248	154
0.015337900306628	0.331772940313554	154
0.013957208446354	0.331045765272962	761
0.102965692838688	0.546844532922721	155
-0.06897230342571	0.550378261045452	60
0.096058516894194	0.715174091580805	60
0.000820935056823013	0.546362059972189	97
0.015543409119394	0.331916984826515	97
0.015015511027073	0.33174094912973	97
0.103033866383466	0.547002647083637	97
0.014280160087122	0.331303341451248	33
0.014164037484612	0.331138547182105	33
0.015015511027073	0.33174094912973	33
0.015748574968654	0.332008986763764	317
-0.114584285776041	0.564719438324633	164
-0.031966030662083	0.887390982130806	636
0.015221229893607	0.331833236925771	52
-0.117962360601882	0.352531037221759	52
-0.069056003004485	0.550213767822116	52
0.0159533984203279	0.332013285790487	225
0.088233482129389	0.876845308069539	359
-0.118302831993215	0.35225745754692	339
0.014486778123062	0.331447869942357	339
-0.114518791636372	0.564843479631815	339
-0.038151250108503	0.546420854556282	339
-0.116983653279696	0.936951811101031	226
-0.068897453062561	0.550386522987246	182
-0.078577788973047	0.33472577676997	182
0.04652044983038	0.5464742420311	182
0.124543706410904	0.879271919655229	111
0.037843617196939	1.03579267026223	111
-0.0561628696494561	0.725260835339231	111
0.00102330001336504	0.54650935831214	247
0.103127837722916	0.547021736367706	247
0.10283324740414	0.546614527098771	36
0.000835561993079992	0.546388049889566	190
0.088233482129389	0.876845308069539	190
-0.047761394008061	0.893528128774944	46
0.037924286816344	1.49645688048026	46
-0.117885812376473	0.754449121915185	46
-0.105511939295674	0.746134185761975	46
0.063123226729219	1.19203017545296	46
-0.078461628969253	0.334855559136084	440
-0.117717152571787	0.352728572431533	762
0.014486778123062	0.331447869942357	771
-0.0784328571216441	0.33484663200897	261
-0.013173536626476	2.09824300561061	53
-0.00172735378854805	1.19936135125826	99
0.046455763646197	0.546406595576815	271
0.124670173944602	0.879514467652847	99
-0.078621350507474	0.334583333907498	310
0.088167685316824	0.876715975962942	99
0.014280160087122	0.331303341451248	790
0.015015511027073	0.33174094912973	64
0.015015511027073	0.33174094912973	64
-0.078577788973047	0.33472577676997	26
0.124711508301496	0.879424700802614	255
0.000830313724314968	0.546201769438094	19
0.013957208446354	0.331045765272962	761
-0.117365864517509	0.352711049617262	761
0.015748574968654	0.332008986763764	761
-0.068949174085904	0.550390686111211	627
-0.0784328571216441	0.33484663200897	60
0.104595546916809	1.19104458819324	94
-0.07559928891739	1.07369649336795	94
0.00206647835623297	1.04331588208761	94
0.059161815192096	1.03400226803377	60
0.088319752008557	0.87697089157298	60
0.046629057528294	0.546502925119404	97
-0.078505335439038	0.334807235682389	73
0.015015511027073	0.33174094912973	33
0.095781080857291	0.714913663492623	52
0.000975541614245956	0.54652601352424	52
-0.078548945585607	0.334664702764609	225
-0.078461628969253	0.334855559136084	339
-0.00948297216359295	0.716317009145669	359
0.124733372651614	0.879546458639137	359
-0.117822189095331	0.352614000083049	339
0.014370521412146	0.331143915642908	148
0.054029465539626	0.712392747137759	357
-0.117953601258673	0.352597545210657	366
0.015748574968654	0.332008986763764	366
-0.078621350507474	0.334583333907498	182
0.0539087006444871	0.712145574984858	111
-0.118294236061544	0.352168656285739	247
0.00102330001336504	0.54650935831214	247
0.0464775407151	0.546436206750712	383
0.10480022931787	1.19158264939089	36
-0.015774239225167	1.3605651082927	46
-0.078606608631892	0.334612044582887	440
0.015015511027073	0.33174094912973	762
0.095952734120206	0.715189374908091	762
0.06311955285961	1.19182978755166	36
0.04652044983038	0.5464742420311	261
0.124670173944602	0.879514467652847	99
-0.102969718996685	1.09554348142766	48
-0.0785341312035151	0.334774054050095	154
0.0148094482928141	0.331596623912213	761
-0.078389101895223	0.334894991105506	761
-0.07849037707702	0.334766898185218	761
0.01893832068838	1.03866973834139	94
-0.075280794560489	0.730809985770197	60
0.046693939241456	0.546484210727788	97
0.014486778123062	0.331447869942357	97
-0.078373926576007	0.334752594792006	97
-0.07834525013681	0.334887885324188	73
-0.078373926576007	0.334752594792006	73
0.015543409119394	0.331916984826515	33
0.083068083045453	1.03279661054321	636
-0.118067240793936	0.352507886935394	52
0.00093724327286504	0.546463920727753	52
-0.078272649288975	0.334885576734114	225
0.013957208446354	0.331045765272962	225
-0.117717152571787	0.352728572431533	339
-0.078461628969253	0.334855559136084	339
-0.105478728985256	0.746198927886119	359
-0.093766553916435	0.556691460943664	359
-0.032143436059116	0.887197185912437	226
0.046586231010875	0.546385529373198	182
-0.0688511853149521	0.550507144497065	247
-0.091404224784821	0.737977127415801	36
-0.118067240793936	0.352507886935394	383
-0.118075945617532	0.352475981362613	383
0.053862185711166	0.712043859085995	383
0.096005188660324	0.715091406666411	190
0.000820935056823013	0.546362059972189	190
0.046542286709821	0.546503907985386	190
0.082944603324141	1.19149109930842	46
-0.053306685740365	1.06231545286727	46
-0.014444907536272	0.881611917466337	46
0.00195193775970803	1.04296366942361	36
-0.075360327795692	0.730605303796533	36
-0.093687596325703	0.556815343915179	36
-0.075035348866223	0.730925092966354	99
-0.117944825210674	0.352583555456159	271
-0.078476515936851	0.334704051901253	271
-0.0785341312035151	0.334774054050095	278
0.0464987030977601	0.546379576538645	278
-0.038203357406109	0.546274512948649	278
-0.117831036354394	0.352673317989728	278
0.102684638589434	0.546640068159778	64
-0.078243973092459	0.334811636820967	64
0.124840284125199	0.879616479175003	131
0.014486778123062	0.331447869942357	154
0.0148094482928141	0.331596623912213	154
0.102846126923184	0.546816711265645	19
-0.078461628969253	0.334855559136084	761
0.124543706410904	0.879271919655229	60
-0.078476515936851	0.334704051901253	155
0.014693051385642	0.33154041613148	155
0.019757873763193	0.71343453825599	60
0.014693051385642	0.33154041613148	434
0.015015511027073	0.33174094912973	97
-0.117936032506574	0.352484678840578	97
-0.068902914788471	0.550319576187085	164
0.095952734120206	0.715189374908091	164
-0.03204338656949	0.887171970517391	636
-0.091549128053341	0.737768234500306	636
-0.038018362492673	0.546618402945273	164
-0.078331582322939	0.334620740436342	52
0.054113099523654	0.712433124334927	52
0.102671639124429	0.546588557482098	339
-0.093713481518941	0.556786806671946	359
-0.078389101895223	0.334894991105506	148
-0.117831036354394	0.352673317989728	571
-0.078606608631892	0.334612044582887	148
0.019519942859992	0.712564508001917	226
-0.117726037792187	0.352668549463053	366
-0.047830957839775	0.893526863581682	204
0.000716086436444052	0.54600503823188	190
0.124737907075508	0.879209687755578	190
0.056992809505131	0.876000316628624	190
-0.114309633309467	0.565096016504913	762
-0.105473213802597	0.74617875867186	36
0.0197048500773001	0.713365515733353	36
0.046434076670658	0.546311995607716	271
-0.078389101895223	0.334894991105506	310
0.096164301404311	0.714896253605936	99
-0.078577788973047	0.33472577676997	278
-0.114584285776041	0.564719438324633	294
-0.078505335439038	0.334807235682389	64
0.0148094482928141	0.331596623912213	715
0.054052727722994	0.712385443173546	154
0.046585173823348	0.546500154315464	227
-0.07841782605487	0.334848424054662	155
-0.117953601258673	0.352597545210657	97
0.014486778123062	0.331447869942357	73
-0.053585171922566	1.06174753579622	636
-0.038071737268363	0.546541091843573	52
0.04652044983038	0.5464742420311	52
0.101080187780798	1.34449322278444	359
-0.11790483896962	0.754807886801749	359
-0.0560837008196891	0.725191053023097	359
0.046542286709821	0.546503907985386	357
-0.091382609410624	0.738063892767163	226
-0.07834525013681	0.334887885324188	366
0.121427307135512	1.34566132055915	182
0.0540898352208991	0.712440424822514	182
-0.118189436041763	0.352386442821737	182
0.082293282216522	1.34360441839714	622
-0.034533936421003	0.720455500194939	247
0.0959660513274599	0.715188219408872	247
-0.07436037919442	0.907658752861906	36
-0.093661717601255	0.556778539148937	383
0.00225347923987895	1.04336799468074	36
-0.0385356218803981	1.21308012595943	204
-0.037938951930853	0.546653091630455	36
0.059283541585334	1.03398526190765	36
-0.0689348713150461	0.550417910328223	261
0.0296987094765629	0.876174282801604	99
0.045128453034825	1.19364276519219	99
0.014280160087122	0.331303341451248	271
0.0466499356636571	0.546481330595372	271
-0.078505335439038	0.334807235682389	310
-0.07841782605487	0.334848424054662	310
-0.07849037707702	0.334766898185218	310
-0.034540154505861	1.37727457185066	48
0.124777087030697	0.879653666456889	294
0.102752358645311	0.546638913003178	64
0.0148094482928141	0.331596623912213	64
-0.074485690686669	0.907887662230663	48
-0.032171364914367	0.88713904429873	255
0.0463694879634859	0.546199801059262	227
0.103209164762305	0.546997639818529	227
0.102952818714724	0.546952016374648	19
0.0197851368136031	0.71341704442789	19
0.015337900306628	0.331772940313554	155
-0.105511939295674	0.746134185761975	60
0.124609172878749	0.87936817253218	457
0.000868604531952033	0.54636055890442	97
-0.118172118618263	0.352244085286353	97
-0.07849037707702	0.334766898185218	97
-0.03455853387248	0.72034999379427	719
-0.114180844546246	0.565122304744246	91
0.103303313788248	0.546956616945661	819
-0.078389101895223	0.334894991105506	317
-0.091303019730497	0.738087439847934	636
0.102939962809722	0.546934303038246	52
0.046564213761884	0.546476908211474	359
-0.08647762648187	0.914646884704884	359
0.018910044332041	1.03864708691786	359
-0.114455530711662	0.564969109409345	359
0.015015511027073	0.33174094912973	148
-0.038110853061623	0.546487094584724	357
-0.117953601258673	0.352597545210657	366
0.083227309737568	1.03328677251283	182
0.015015511027073	0.33174094912973	182
-0.03472694507682	0.719988201788326	182
0.044833283248843	1.19246791152534	622
-0.069009749323291	0.550269762703352	190
-0.093795012818503	0.556596773272788	46
0.088229091966295	0.876744684196254	46
-0.013377554918699	1.93705118453539	46
0.033492253158974	1.34454398206614	36
-0.106464531137243	1.87823642403964	53
-0.114435994682675	0.565008227026761	99
-0.107390550539009	0.929655904201772	99
-0.038031418964221	0.546565959336452	310
0.000898958716415987	0.546360004087353	310
-0.097292857271139	0.922237907964205	65
-0.0784328571216441	0.33484663200897	116
-0.0689117397669981	0.550461509138893	294
0.111038208532887	1.03511779150359	449
-0.118424658373659	0.352048010847615	154
0.102927125088669	0.54679237203476	154
-0.118311411153993	0.352176797827841	227
0.015015511027073	0.33174094912973	618
-0.068920586653216	0.550270340745516	19
0.095926088576779	0.715062270678513	19
-0.078461628969253	0.334855559136084	761
0.029652411017309	0.876046324491345	60
0.053922568196068	0.712192740421232	60
0.0882949223562151	0.876874066340018	33
-0.068865476075376	0.550455151752996	359
-0.037952022220819	0.546600633082636	148
0.0148094482928141	0.331596623912213	148
0.015543409119394	0.331916984826515	148
-0.03440264518922	0.720525053664774	226
0.0939424532625029	1.64154774311366	226
-0.105290637963021	0.746245853056653	204
0.082327400278006	1.34320926489582	204
-0.014350668810901	0.881780652483298	204
0.00217712139999604	1.04343261314866	36
-0.027264998935326	1.20764456030711	46
-0.041244537582345	1.056572457515	46
-0.09743296787522	0.921776256291644	46
0.0378693457377151	1.03562419566802	36
0.0450573619922901	1.19351025946141	36
-0.056336234165916	0.725153457310923	36
0.110951798594377	1.03523014207993	261
-0.118058519259127	0.352454317015294	99
0.014898980443409	0.331545372027833	310
0.046693939241456	0.546484210727788	116
-0.038071737268363	0.546541091843573	48
0.02994418840338	0.876182346877236	48
0.015015511027073	0.33174094912973	154
-0.117848680876069	0.352546805204289	227
0.014164037484612	0.331138547182105	227
0.0159533984203279	0.332013285790487	618
-0.078272649288975	0.334885576734114	19
0.014486778123062	0.331447869942357	19
0.102952818714724	0.546952016374648	19
0.095886876869285	0.715098908302365	60
0.0630617964183861	1.19191398027194	94
-0.032165924486585	0.887082300373577	60
-0.0937678377201721	0.556691762056095	60
0.019677589313058	0.713346935133066	60
-0.118067240793936	0.352507886935394	155
-0.0753027417682089	0.730745213604403	60
-0.068995432562999	0.550334672525007	60
-0.037979217457885	0.546569081267276	60
0.00598711672758701	0.87771901917351	60
0.019489751480815	0.712789003425625	60
0.014486778123062	0.331447869942357	97
-0.118302831993215	0.35225745754692	97
0.014280160087122	0.331303341451248	719
0.014693051385642	0.33154041613148	317
-0.034468279547934	0.720512319695876	305
-0.105412279137597	0.746231009506604	636
-0.114265888199503	0.565150333147693	359
-0.078505335439038	0.334807235682389	52
-0.0784328571216441	0.33484663200897	52
0.019570043504722	0.713085410637289	359
0.046607070563234	0.546529871565748	359
-0.078287826001005	0.334763248373849	571
-0.00937861399487205	0.716375045037553	182
0.019730612762067	0.713415955765321	182
0.103221876906599	0.546980598445863	182
-0.075230050713224	0.73089510779261	204
-0.041061747399835	1.05706677566558	204
-0.086311693783856	0.915148501573133	36
0.064742444409669	1.34286260982228	46
0.044899919065485	1.19288964643453	46
-0.039380048525349	1.58874704457685	415
-0.091353622721441	0.738049434180312	36
0.029811396220978	0.87626515296942	606
-0.085478382227796	1.08052719418896	606
0.000752556247718972	0.54618955126339	99
-0.102998511661268	1.09579423673386	65
0.124585109278181	0.879300443891358	99
0.00104527238550001	0.546017472753696	310
-0.091411590474285	0.738050228435181	48
0.095820954610095	0.714910037968309	294
0.019570043504722	0.713085410637289	48
-0.118067240793936	0.352507886935394	227
0.053996781242706	0.712059316844062	60
-0.078287826001005	0.334763248373849	227
-0.038044479500504	0.546473472346318	19
-0.009356698434968	0.716404692220104	60
-0.114499210463847	0.564914880949432	60
0.029811396220978	0.87626515296942	60
-0.093580178190461	0.556877278723426	60
0.000918451769796991	0.546500400749536	60
0.015426605459758	0.331837835999836	97
-0.0785341312035151	0.334774054050095	97
-0.078505335439038	0.334807235682389	819
-0.11770825070934	0.352703851644874	819
-0.038097810402228	0.546539513612059	305
0.0197851368136031	0.71341704442789	305
0.046585173823348	0.546500154315464	52
0.015015511027073	0.33174094912973	52
0.019623073931675	0.713199877922648	52
0.095873572645785	0.715100082050027	359
0.088208628204057	0.876775252081621	359
0.103046680452927	0.54697101885335	571
-0.078548945585607	0.334664702764609	182
-0.037952022220819	0.546600633082636	366
0.046586231010875	0.546385529373198	182
-0.0913865011385649	1.70987887223625	6
0.051657218929453	1.83452563922408	6
-0.120991822722687	1.3721591131122	204
-0.0788117006853249	1.46964906236657	415
0.00713147272711701	1.35061909581623	46
0.051068393782046	1.49345990693725	65
0.046412832540613	0.54632387049216	116
0.095728421926689	0.71474764956451	294
0.054029465539626	0.712392747137759	294
0.00603075717416501	0.877693219459284	48
-0.114329078977151	0.565123666576565	48
-0.038097810402228	0.546539513612059	227
0.053969087339051	0.712294492055823	227
0.053955216946999	0.712091398415352	227
0.015015511027073	0.33174094912973	227
-0.068828051153055	0.550519576410294	60
0.103102347789789	0.546745704197176	227
0.102859024632958	0.546883761518186	19
-0.034447714544559	0.720524184355505	60
0.046499407903853	0.546409161577071	60
0.000967604056485993	0.546403961082126	155
-0.0936863004103	0.556790487890074	60
-0.0561364250077741	0.725408162069438	60
-0.038058706791953	0.546490151457986	60
-0.038031418964221	0.546565959336452	60
-0.117953601258673	0.352597545210657	97
0.015337900306628	0.331772940313554	97
0.124694274441782	0.87946409221883	689
0.095886876869285	0.715098908302365	819
0.103303313788248	0.546956616945661	317
0.10276529812906	0.546766261298029	819
0.0298315772412791	0.876311884753314	305
0.095952734120206	0.715189374908091	305
0.0466499356636571	0.546481330595372	305
-0.068758647484942	0.550356675529182	52
-0.069056003004485	0.550213767822116	359
0.000820935056823013	0.546362059972189	52
-0.07834525013681	0.334887885324188	52
-0.074977726411004	0.730685245269467	359
0.0569260238839731	0.875889445927199	359
0.0297046206023121	0.876014559891543	359
-0.075201265336757	0.730950141111018	359
0.0568592212965729	0.875729484713166	182
-0.118067240793936	0.352507886935394	571
-0.093555628584714	0.556693539040898	182
-0.00924975708215503	0.716330084395984	182
-0.114370449554845	0.565048182756302	182
0.102952818714724	0.546952016374648	366
-0.038151250108503	0.546420854556282	182
0.000813604587608041	0.546288457112092	182
0.043107277617278	1.84560918581008	6
-0.124991528391774	1.3861405764434	415
0.080289856427755	1.49085361255105	606
0.059222851802024	1.03373427818162	606
-0.085292509837521	1.08069653213317	606
-0.103073228349818	1.09549315740451	65
-0.107376204489956	0.929717116730616	65
0.048711445824166	1.34362271927999	804
-0.074516405605255	0.907908495343077	804
-0.056216769131179	0.725236123570522	804
0.015221229893607	0.331833236925771	116
0.056886108648653	0.875870098818518	48
-0.0914838230419121	0.737886173087118	48
0.104844664493792	1.19162457863528	449
0.000929339521959949	0.54630009282899	227
0.08810186519366	0.876533066603667	227
0.103221876906599	0.546980598445863	227
0.046434639915807	0.546296788418666	227
0.029612091239785	0.875988688644532	60
-0.1143509382464	0.565110324997158	60
-0.114433698001673	0.564954796623497	60
-0.117953601258673	0.352597545210657	19
0.029805492458163	0.876253399465802	19
0.0189149098811729	1.03867212066725	60
0.015543409119394	0.331916984826515	97
0.046434639915807	0.546296788418666	97
-0.0379922617403921	0.546620013704936	643
0.103021070490942	0.546910029300553	97
0.088208628204057	0.876775252081621	719
-0.078577788973047	0.33472577676997	719
0.014486778123062	0.331447869942357	819
-0.034468279547934	0.720512319695876	819
-0.056442980480535	0.724970191323271	305
0.096097603943538	0.715130101138898	52
0.088426513183818	0.876968530518498	359
-0.1143509382464	0.565110324997158	182
-0.091520158642753	0.737866944239932	226
0.124606951859006	0.879422159973387	226
-0.118075945617532	0.352475981362613	366
-0.118067240793936	0.352507886935394	366
-0.0936863004103	0.556790487890074	182
0.0368124723343271	2.05160384889167	6
0.00530011442337597	1.51570814332271	204
-0.03363962048125	1.57333297758549	204
0.066392416026467	2.19816163625604	415
-0.085466923146523	1.08037187415573	606
-0.117335410204378	1.11498528756764	606
-0.039870825098749	1.58656962359791	53
0.00632012931211201	0.878254139306057	65
0.043806978811804	1.65822528436901	65
-0.0785341312035151	0.334774054050095	116
-0.075280794560489	0.730809985770197	48
0.102846126923184	0.546816711265645	294
0.000828254194413014	0.546393815900103	294
-0.068902914788471	0.550319576187085	294
0.088142785712204	0.876592296547469	449
0.053969087339051	0.712294492055823	449
-0.00937861399487205	0.716375045037553	449
-0.105384454545922	0.746043077111973	449
-0.114287758365962	0.565136977878951	227
0.000918451769796991	0.546500400749536	227
0.088212991807193	0.876753983698396	227
-0.0785341312035151	0.334774054050095	227
0.013750033727378	0.330901102695796	227
0.019812401916228	0.713361601759979	60
-0.07834525013681	0.334887885324188	227
0.088208628204057	0.876775252081621	60
-0.0379922617403921	0.546620013704936	60
-0.034533936421003	0.720455500194939	19
0.054006203687662	0.71236161428316	19
-0.056329826930416	0.725194243207079	60
-0.03440264518922	0.720525053664774	60
-0.038084771804796	0.546557048928131	60
0.046542286709821	0.546503907985386	60
0.046326504549897	0.546125168287339	60
0.046586231010875	0.546385529373198	60
0.053982942164289	0.712290972688709	457
0.019623073931675	0.713199877922648	457
0.095913474208575	0.71496687423092	719
-0.0784328571216441	0.33484663200897	719
0.000842858445567973	0.546344713229705	91
-0.06897230342571	0.550378261045452	91
-0.037938951930853	0.546653091630455	91
0.046564213761884	0.546476908211474	91
-0.078476515936851	0.334704051901253	819
-0.038203357406109	0.546274512948649	819
-0.093793732675255	0.556658827111305	819
-0.093713481518941	0.556786806671946	305
-0.068865476075376	0.550455151752996	305
-0.068767503504533	0.550523279279906	305
-0.00933478747411098	0.716400610903666	305
-0.056216769131179	0.725236123570522	305
-0.00933478747411098	0.716400610903666	305
0.124628789666772	0.879497475996617	359
0.103033866383466	0.547002647083637	52
0.057063267370813	0.875974825995864	359
-0.056349902896603	0.725104009361192	359
0.000925784738588953	0.546494659096437	182
-0.068865476075376	0.550455151752996	182
0.001013853753835	0.54655060088885	571
0.013957208446354	0.331045765272962	148
-0.117848680876069	0.352546805204289	182
-0.037966177236565	0.546477875264805	366
0.102684638589434	0.546640068159778	366
-0.114307224486004	0.565109371608688	182
0.00100588235915999	0.546466020766528	182
-0.092504053402243	1.51418376160548	6
-0.0493296662057911	1.21815344152177	204
0.097069130446422	1.49211167274817	204
-0.086298681824684	1.7013386373104	415
-0.094728736904396	1.08753087324523	46
-0.074619581905108	0.907605252880174	606
-0.061537042786321	0.900763888107924	65
0.053982942164289	0.712290972688709	235
-0.117815759142666	0.755024890639782	48
-0.067557692268274	1.23379616362254	48
0.083270559334372	1.03353393654182	48
0.095846953081435	0.714973032125146	294
-0.1143509382464	0.565110324997158	64
-0.038097810402228	0.546539513612059	565
-0.078316549947599	0.334892644976188	797
0.088233482129389	0.876845308069539	227
0.083371803070919	1.03358221731975	227
0.102952818714724	0.546952016374648	227
-0.118067240793936	0.352507886935394	227
0.095886876869285	0.715098908302365	19
-0.118198069629608	0.352266186569217	19
-0.00948297216359295	0.716317009145669	60
-0.105440013927859	0.746243486322818	60
0.046607070563234	0.546529871565748	60
0.056705631114964	0.875262032795501	60
0.001013853753835	0.54655060088885	60
-0.078446526473096	0.334671088007792	60
-0.075157329972544	0.730871953373625	60
0.124606951859006	0.879422159973387	60
-0.11424402281122	0.565136053841601	60
0.054126930245297	0.712400573859308	457
0.00102330001336504	0.54650935831214	689
0.102952818714724	0.546952016374648	719
0.054006203687662	0.71236161428316	305
-0.091520158642753	0.737866944239932	305
-0.03442322593667	0.720481115067277	305
0.054113099523654	0.712433124334927	305
0.05413636415528	0.712386219229169	52
0.019651818943123	0.713251012434848	359
-0.093898637789131	0.55616457101036	359
0.056819320737317	0.875710160074575	359
-0.117860301852145	0.754929824972318	359
0.014693051385642	0.33154041613148	359
0.124733372651614	0.879546458639137	182
-0.0379922617403921	0.546620013704936	182
-0.091592416253083	0.737692543140435	182
-0.093634539795058	0.556840951197036	182
-0.114538458793766	0.564625518945809	182
0.102859024632958	0.546883761518186	366
0.088147206191863	0.876624686127254	182
-0.093607359992403	0.556873595673821	366
0.015015511027073	0.33174094912973	182
-0.096694465902053	1.52880644456123	204
-0.117358777534687	1.11506425190077	46
0.108982779121132	1.64052594824157	46
-0.0610642943722	1.64490623704401	415
-0.053306685740365	1.06231545286727	53
-0.024544250916006	1.76676948117388	522
-0.116950892304974	0.937081442351767	606
-0.109609609862191	1.32333902109132	65
0.0803820441186151	1.49118437668997	65
0.00622582819322903	0.878367710877533	65
-0.0785341312035151	0.334774054050095	116
0.05705957812295	0.876060732863568	48
-0.068865476075376	0.550455151752996	294
0.103046680452927	0.54697101885335	227
-0.034603734452251	0.720160155204294	227
-0.117839866964325	0.352652701983811	227
-0.0689117397669981	0.550461509138893	60
0.095979364827558	0.715144881301218	60
0.000730708390523027	0.546206964542419	60
-0.1143315130289	0.565026076353992	60
-0.093820909427118	0.556596437211793	19
0.05413636415528	0.712386219229169	19
0.095873572645785	0.715100082050027	19
0.037911109591273	1.03595874397967	60
0.0198381532818001	0.713438718841988	60
-0.091360977068112	0.738088245274906	60
0.088188159320898	0.876765674012669	60
0.019571520063183	0.713070408413511	457
-0.118180785688706	0.352378760345744	457
-0.014301256463164	0.881994742874262	457
-0.118058519259127	0.352454317015294	719
0.103221876906599	0.546980598445863	719
-0.069018561500326	0.550257678966188	305
0.019677589313058	0.713346935133066	305
0.104732622345085	1.1915453359869	359
0.054006203687662	0.71236161428316	182
-0.117936032506574	0.352484678840578	4
-0.078461628969253	0.334855559136084	4
-0.093607359992403	0.556873595673821	182
0.059062193879704	1.03369855316535	182
-0.078577788973047	0.33472577676997	366
0.054187280666296	0.712317950885252	182
0.04636990975931	0.546127549646644	182
-0.113340099688098	1.34027266044493	204
0.014785620412091	2.07649653381095	204
-0.015784051358713	1.36082867403359	53
0.06316130636904	1.19213767863788	65
-0.039878415346532	1.58675332135158	53
-0.061628454371561	0.900863325262864	65
0.00225347923987895	1.04336799468074	48
-0.013384098155184	1.04773074495696	48
-0.091498499960562	0.737840563009701	48
0.096137633560309	0.715126708897152	294
0.000975541614245956	0.54652601352424	565
0.0146030411225651	0.331368587604412	797
-0.114435994682675	0.565008227026761	227
-0.068949174085904	0.550390686111211	227
0.01967609689596	0.713268882191315	60
-0.014284512117794	0.882082642821841	60
0.046412832540613	0.54632387049216	19
-0.117944825210674	0.352583555456159	19
-0.093659117292473	0.556764329453062	19
0.00611737708100402	0.878151626612986	60
0.046455763646197	0.546406595576815	60
0.046499407903853	0.546409161577071	19
-0.091454825911247	0.737871739079942	60
-0.0937678377201721	0.556691762056095	60
-0.037938951930853	0.546653091630455	60
0.000906909127949995	0.546464500138251	60
-0.093687596325703	0.556815343915179	60
0.000940416657924992	0.546365990802168	643
-0.078316549947599	0.334892644976188	457
0.095886876869285	0.715098908302365	689
-0.068721229753652	0.550452179939583	91
-0.117612113623613	0.35260417148075	819
0.054029465539626	0.712392747137759	819
0.102778255844793	0.546757450411459	819
0.000850143544644966	0.546259365345522	819
0.046629057528294	0.546502925119404	819
-0.09143321669133	0.737991575978627	305
0.046692809085248	0.546310616907891	305
0.000868604531952033	0.54636055890442	52
0.083190957312963	1.03336329103333	359
0.014164037484612	0.331138547182105	571
0.046412832540613	0.54632387049216	571
0.019647353119628	0.712714662858727	182
-0.068949174085904	0.550390686111211	182
-0.038097810402228	0.546539513612059	182
-0.056089943581062	0.725414914170609	182
-0.038084771804796	0.546557048928131	182
-0.034575059625792	0.720334444681076	182
-0.00948297216359295	0.716317009145669	182
0.046412832540613	0.54632387049216	182
0.058388830162195	2.20704974776601	698
-0.110522574445883	1.10496885692087	65
-0.064797215908821	1.06759722443141	65
-0.014361955893588	0.881960695370533	235
-0.06201175522766	0.899650948434413	48
-0.078461628969253	0.334855559136084	797
0.054196729548054	0.712377530199034	227
-0.075216320294453	0.730735243324967	227
-0.038084771804796	0.546557048928131	60
-0.038084771804796	0.546557048928131	60
0.00642854214851796	0.878263117741164	60
-0.069018561500326	0.550257678966188	60
0.083328528866371	1.03354848355549	60
0.083161981404089	1.03325791144427	60
-0.03442322593667	0.720481115067277	60
0.124650622700453	0.879529294170625	60
0.102846126923184	0.546816711265645	60
0.053982942164289	0.712290972688709	60
0.054066571244214	0.712409287520356	60
0.019810889993383	0.71345620863575	60
0.054029465539626	0.712392747137759	643
0.095952734120206	0.715189374908091	643
0.046585173823348	0.546500154315464	643
0.053959680966698	0.712177078510325	643
0.10276529812906	0.546766261298029	643
-0.0689348713150461	0.550417910328223	457
0.019730612762067	0.713415955765321	689
0.124650622700453	0.879529294170625	689
-0.11770825070934	0.352703851644874	719
0.000828254194413014	0.546393815900103	719
-0.093661717601255	0.556778539148937	91
0.0464775407151	0.546436206750712	819
-0.11770825070934	0.352703851644874	52
-0.078461628969253	0.334855559136084	52
0.054029465539626	0.712392747137759	305
0.019650330598824	0.713292319767363	359
-0.00963120961932595	0.716027240369008	359
0.056866146813055	0.875803365601958	359
0.019810889993383	0.71345620863575	359
0.111053284068566	1.03531680293384	359
-0.075172474316371	0.730976133216179	359
-0.0382568181762299	0.546254831510538	359
0.0197048500773001	0.713365515733353	182
-0.0688511853149521	0.550507144497065	182
-0.00941982402070496	0.716383544036968	182
-0.068865476075376	0.550455151752996	182
-0.07849037707702	0.334766898185218	4
0.083008910713248	1.1915581116018	182
-0.034796788515906	0.71982448817374	182
0.000918451769796991	0.546500400749536	182
0.121693189767875	1.34692669083768	46
-0.026076906435845	1.36650699455425	53
-0.117269975150521	1.35573600458276	698
-0.038572113545028	1.21298259425427	65
-0.117973698934599	0.754519517234982	449
0.096058516894194	0.715174091580805	227
0.0960185262887709	0.715177552485163	60
-0.093607359992403	0.556873595673821	60
0.00626943999371099	0.878302188389933	60
-0.093740660621265	0.556754166748311	60
0.019624558410942	0.71323243362851	60
0.019730612762067	0.713415955765321	19
0.102927125088669	0.54679237203476	60
-0.038084771804796	0.546557048928131	301
-0.037925885706574	0.546670662650068	643
-0.0689348713150461	0.550417910328223	457
-0.0691628306830781	0.549857769570789	457
-0.117944825210674	0.352583555456159	91
-0.068744366725657	0.550504504386003	305
-0.056376358934057	0.725129665591917	305
0.095900177389557	0.715055557737215	52
-0.093607359992403	0.556873595673821	52
0.111053284068566	1.03531680293384	359
-0.078505335439038	0.334807235682389	396
-0.056376358934057	0.725129665591917	359
-0.0753027417682089	0.730745213604403	359
0.096097603943538	0.715130101138898	182
0.102939962809722	0.546934303038246	182
-0.117953601258673	0.352597545210657	4
-0.117817081540853	0.75493247885886	182
-0.08349792408809	1.48485208056274	6
-0.027202612090247	1.55926902241923	53
-0.110452523367198	1.10507042123934	53
0.066532717643722	1.64614223958035	53
0.096124294069892	0.715169985531734	687
-0.105323836250213	1.30739297992054	53
-0.083241208714433	1.48567959353681	53
-0.075456986888394	1.07396001749959	235
0.101346502980309	1.34497060464246	235
0.00093724327286504	0.546463920727753	235
-0.09358149103572	0.556825749594868	710
-0.078272649288975	0.334885576734114	349
-0.047742079051906	0.893735002556287	48
0.00609558094604501	0.878091605614151	48
-0.07841782605487	0.334848424054662	797
0.04652044983038	0.5464742420311	797
0.103127837722916	0.547021736367706	797
-0.0319606684147981	0.887504887568775	449
0.0883650057201501	0.876939662208736	227
0.124903457818242	0.879486662869135	60
0.088147206191863	0.876624686127254	60
0.019782120407649	0.713257920916767	60
-0.034706397659959	0.720101173495409	60
-0.078606608631892	0.334612044582887	96
0.046240423554228	0.545736020693466	91
0.103033866383466	0.547002647083637	301
0.046412479760492	0.546083725081917	301
0.046629057528294	0.546502925119404	643
-0.038058706791953	0.546490151457986	643
-0.117962360601882	0.352531037221759	643
0.103127837722916	0.547021736367706	643
-0.114457852611772	0.564938315062389	689
0.124628789666772	0.879497475996617	689
0.019703353807297	0.713361334384664	689
-0.0346858551686891	0.720178258269791	689
0.019810889993383	0.71345620863575	91
0.0197851368136031	0.71341704442789	91
-0.0784328571216441	0.33484663200897	52
-0.068776381624331	0.550338989627559	52
-0.0690472089351411	0.550087943030729	52
-0.093710900218456	0.556381194535497	52
0.000738002359985002	0.54623867910786	52
-0.068897453062561	0.550386522987246	359
0.0957416965197621	0.714704306182778	359
0.014486778123062	0.331447869942357	570
0.00104417444327998	0.546490588732559	359
0.103115083689341	0.546978454245952	182
-0.068949174085904	0.550390686111211	182
0.00624057668065303	0.878188854232826	182
0.014486778123062	0.331447869942357	4
-0.117857478040956	0.352272468992886	4
0.015543409119394	0.331916984826515	216
-0.027084555973322	1.20801084980034	46
0.029545625275952	0.875803783085334	732
0.059228277919916	1.03395138496806	732
-0.053306685740365	1.06231545286727	415
-0.00490648596135201	1.35519140820028	53
-0.095279126714963	1.27844583012974	53
-0.027222520065839	1.55929870066265	53
-0.114518791636372	0.564843479631815	687
-0.117479473720387	1.11503281751212	53
0.00622582819322903	0.878367710877533	423
0.051539063712799	1.834113389402	53
-0.114414141529456	0.565049160716253	48
-0.105379039539053	0.746193686295694	48
-0.105440013927859	0.746243486322818	449
0.001013853753835	0.54655060088885	60
0.014486778123062	0.331447869942357	19
-0.117839866964325	0.352652701983811	96
-0.078360353986935	0.334844260911513	91
-0.078577788973047	0.33472577676997	301
0.015221229893607	0.331833236925771	301
0.102846126923184	0.546816711265645	719
0.088233482129389	0.876845308069539	689
-0.093687596325703	0.556815343915179	689
0.019650330598824	0.713292319767363	689
0.057079546232314	0.876013322945726	689
0.110951798594377	1.03523014207993	689
0.103046680452927	0.54697101885335	91
-0.00946108220693898	0.716312897226207	91
0.102778255844793	0.546757450411459	52
-0.078461628969253	0.334855559136084	52
-0.114394671114916	0.564999444831835	359
0.014280160087122	0.331303341451248	396
0.095781080857291	0.714913663492623	763
-0.00952426338253898	0.71620400051152	359
-0.078606608631892	0.334612044582887	570
-0.091520158642753	0.737866944239932	533
-0.075295859608888	0.730612947657748	533
0.015748574968654	0.332008986763764	4
0.014693051385642	0.33154041613148	4
0.01959729993245	0.713177830099595	182
-0.0689348713150461	0.550417910328223	182
-0.074413203649122	0.90789644879066	46
0.096031860202732	0.71521854127108	732
-0.075150525919452	0.730999872092666	53
-0.061672674855067	0.900788338867582	116
-0.093687596325703	0.556815343915179	710
0.124692022634661	0.879589807933839	48
0.015221229893607	0.331833236925771	349
-0.093766553916435	0.556691460943664	48
0.018868114955406	1.03854352329832	48
0.082290481872716	1.34338423878631	48
0.014898980443409	0.331545372027833	26
0.095886876869285	0.715098908302365	60
0.10276529812906	0.546766261298029	70
0.0194912162558381	0.712799096277017	70
-0.07849037707702	0.334766898185218	19
-0.038005310085013	0.546635957220775	19
-0.078389101895223	0.334894991105506	19
0.046564213761884	0.546476908211474	60
-0.05626324486886	0.725279719780685	457
-0.00950486671759099	0.71628739187994	643
-0.034530004162013	0.720278161728681	457
0.00624057668065303	0.878188854232826	457
-0.0688743192839571	0.55046354075607	457
0.0569115700078831	0.875805150498862	689
-0.037872662852266	0.546578998958016	91
0.111017715970491	1.0350042771814	91
0.102939962809722	0.546934303038246	819
-0.038282852345245	0.546110147557629	819
0.096045190403945	0.71521740606195	819
0.059017951373843	1.03360554069033	359
0.000929339521959949	0.54630009282899	396
-0.117831036354394	0.352673317989728	763
0.054006203687662	0.71236161428316	763
0.102939962809722	0.546934303038246	763
0.001013853753835	0.54655060088885	182
-0.078505335439038	0.334807235682389	4
-0.0784328571216441	0.33484663200897	4
-0.091541800397199	0.737831058575067	182
-0.056243164537198	0.725337625091135	182
-0.068767503504533	0.550523279279906	182
-0.078461628969253	0.334855559136084	216
-0.07841782605487	0.334848424054662	216
0.015015511027073	0.33174094912973	687
0.083386520945998	1.033402805577	423
-0.042897582973504	1.38660420201033	698
-0.027270743297934	1.20766069123544	65
-0.117130633816792	0.936395443161066	574
-0.114309633309467	0.565096016504913	235
0.095939413203912	0.715148403086207	479
0.015221229893607	0.331833236925771	797
0.015337900306628	0.331772940313554	26
0.102791231826911	0.546553226745956	26
0.0148094482928141	0.331596623912213	797
-0.114477368199382	0.564955794700488	449
0.00637033776164098	0.878052604741319	449
-0.093633235422332	0.556851668428262	60
-0.047742079051906	0.893735002556287	60
0.015337900306628	0.331772940313554	96
0.015015511027073	0.33174094912973	91
0.015337900306628	0.331772940313554	91
-0.068865476075376	0.550455151752996	184
0.102939962809722	0.546934303038246	643
-0.117953601258673	0.352597545210657	719
-0.093687596325703	0.556815343915179	457
0.046412832540613	0.54632387049216	719
-0.117480088539026	0.352775239077962	719
0.046391747410539	0.546036139861055	719
-0.009417316088002	0.716198908855879	689
-0.05615650705922	0.725411405691338	305
0.0466499356636571	0.546481330595372	52
0.046585173823348	0.546500154315464	52
0.103221876906599	0.546980598445863	52
-0.068813776492815	0.550467240857607	359
-0.078389101895223	0.334894991105506	396
-0.075194405792904	0.730887963821288	533
-0.038058706791953	0.546490151457986	216
-0.038596936772793	1.21297882739873	6
0.0466718923138591	0.546511095379513	732
-0.038071737268363	0.546541091843573	732
0.019022101961102	1.03908234146855	266
-0.093845541844084	0.556391961663018	687
-0.121057177818899	1.37196160298473	53
0.000416038035391031	2.08627412172731	698
0.048899033339701	1.34351140857344	65
-0.056081893407251	1.63075098559668	53
-0.056142802522016	0.725158896182019	235
0.0832849221543071	1.03326424837409	235
0.103127837722916	0.547021736367706	349
0.00206258355765698	1.04327967918501	48
0.046585173823348	0.546500154315464	797
0.096110950864864	0.715171097862936	60
-0.075230050713224	0.73089510779261	60
-0.056283327850428	0.72518946582843	60
-0.038138233431129	0.546369917782611	19
0.046542286709821	0.546503907985386	19
0.046542286709821	0.546503907985386	19
-0.114518791636372	0.564843479631815	19
-0.117944825210674	0.352583555456159	91
-0.0784328571216441	0.33484663200897	301
0.095807667058939	0.714953390541008	643
-0.114433698001673	0.564954796623497	643
0.054066571244214	0.712409287520356	457
0.046434639915807	0.546296788418666	457
-0.068888608021291	0.550473937505231	457
-0.034513382215166	0.720467348802245	689
0.046455763646197	0.546406595576815	91
-0.117962360601882	0.352531037221759	91
0.053982942164289	0.712290972688709	91
-0.114521057504065	0.564844995830792	305
-0.078461628969253	0.334855559136084	83
0.015221229893607	0.331833236925771	52
0.000925784738588953	0.546494659096437	52
0.102939962809722	0.546934303038246	763
-0.118189436041763	0.352386442821737	763
0.095979364827558	0.715144881301218	182
-0.047941035191269	0.893009051624718	533
0.00100588235915999	0.546466020766528	182
0.013750033727378	0.330901102695796	4
0.103209164762305	0.546997639818529	216
0.015221229893607	0.331833236925771	216
0.015748574968654	0.332008986763764	216
-0.049080387049569	1.21882621099587	6
-0.00504735484478103	1.35487409686334	204
0.054210548925672	0.712349086565342	732
-0.0913899473120649	0.738046823995945	266
0.0197048500773001	0.713365515733353	266
-0.0271094959452241	1.20802400546949	266
-0.086414461904098	0.914780173372681	266
-0.014223894947952	0.882182233157828	53
-0.074623278045106	0.907689252476152	53
0.102952818714724	0.546952016374648	687
-0.093634539795058	0.556840951197036	423
-0.10952436818925	1.32358809117059	53
0.00243269793171297	1.04302528065977	710
-0.0750778144669611	0.730926283215142	48
0.056952808189603	0.875980833095336	479
-0.0562896829235851	0.725279210160063	449
0.0295657797894739	0.875850445485595	60
0.00102330001336504	0.54650935831214	704
0.046542286709821	0.546503907985386	704
0.046542286709821	0.546503907985386	70
0.001013853753835	0.54655060088885	19
0.014693051385642	0.33154041613148	96
0.046455763646197	0.546406595576815	60
0.000835561993079992	0.546388049889566	91
0.095820954610095	0.714910037968309	91
0.015015511027073	0.33174094912973	301
-0.07822865189219	0.334789825675857	301
-0.0689117397669981	0.550461509138893	457
-0.117971103191881	0.352336843743416	719
-0.07841782605487	0.334848424054662	719
0.096031860202732	0.71521854127108	719
0.124735705690894	0.879610841769866	689
-0.0383233807860141	0.54605131216293	689
0.019730612762067	0.713415955765321	689
-0.093713481518941	0.556786806671946	91
0.087995103153684	0.876065295558926	91
-0.0688511853149521	0.550507144497065	91
0.102939962809722	0.546934303038246	52
0.046434076670658	0.546311995607716	52
0.0146030411225651	0.331368587604412	396
0.000933106370409997	0.546451336382571	763
-0.114414141529456	0.565049160716253	182
-0.117944825210674	0.352583555456159	216
-0.121001318032736	1.74854616881346	6
-0.013567074958056	1.04751487278115	204
0.088167685316824	0.876715975962942	732
-0.0812986669086681	1.69149817380264	522
-0.0862908776224171	1.70078199631609	522
-0.107299163622198	0.929857919126862	266
-0.097127346004842	0.921996822650104	266
0.01895208372059	1.03840999553931	53
0.079810712083822	1.64310996433672	53
-0.075020269368128	0.731007263015943	235
0.019757873763193	0.71343453825599	48
-0.114414141529456	0.565049160716253	48
0.046521365237415	0.546317748025171	479
-0.056376358934057	0.725129665591917	48
-0.105390143754003	0.746052349380039	48
0.00619694321422604	0.878324258787082	479
0.000633147336721041	0.545919148687291	797
0.028288846699316	1.19491330310466	449
0.019836637271439	0.713404968703696	449
-0.091303019730497	0.738087439847934	60
-0.038018362492673	0.546618402945273	19
0.102846126923184	0.546816711265645	19
0.102496176369517	0.546154698900138	19
0.103021070490942	0.546910029300553	60
-0.078461628969253	0.334855559136084	96
-0.034575059625792	0.720334444681076	91
-0.114477368199382	0.564955794700488	643
0.103059512734654	0.546803258889018	457
0.103046680452927	0.54697101885335	719
-0.078548945585607	0.334664702764609	719
-0.038031418964221	0.546565959336452	719
0.000933106370409997	0.546451336382571	91
-0.078461628969253	0.334855559136084	819
-0.068888608021291	0.550473937505231	52
-0.0785341312035151	0.334774054050095	52
-0.093578866496309	0.556766590777846	763
0.015015511027073	0.33174094912973	396
-0.117953601258673	0.352597545210657	182
0.0960185262887709	0.715177552485163	182
-0.078476515936851	0.334704051901253	4
0.102778255844793	0.546757450411459	182
0.046564213761884	0.546476908211474	182
0.0146030411225651	0.331368587604412	216
0.015221229893607	0.331833236925771	216
-0.0568908284270711	1.4105654295289	6
0.054043307590794	0.71233864047186	732
-0.117831036354394	0.352673317989728	732
-0.11439215052436	1.57547838692891	522
0.083190957312963	1.03336329103333	266
-0.04301746418469	1.38609153727386	53
-0.04556773594049	1.60083794104726	53
-0.00475913454242405	1.35548489442774	53
-0.0688743192839571	0.55046354075607	235
0.056732568709337	0.875432965157303	116
-0.118058519259127	0.352454317015294	349
-0.118075945617532	0.352475981362613	349
-0.034620164127948	0.720314515791548	48
-0.093633235422332	0.556851668428262	479
-0.08650445279526	0.914199407241085	48
0.102671639124429	0.546588557482098	26
0.0148094482928141	0.331596623912213	26
-0.118198069629608	0.352266186569217	26
0.02976515111835	0.876267215506044	449
-0.09358149103572	0.556825749594868	449
-0.11424648774828	0.565082225728288	449
0.000967604056485993	0.546403961082126	60
-0.114435994682675	0.565008227026761	60
-0.056196679117971	0.725326387420048	60
0.102965692838688	0.546844532922721	70
0.00100588235915999	0.546466020766528	60
0.0466280692664101	0.546386584989212	19
-0.117839866964325	0.352652701983811	19
-0.0378857510345531	0.546486509346265	19
0.095886876869285	0.715098908302365	19
-0.078505335439038	0.334807235682389	301
-0.117603173744174	0.352744510096783	301
-0.117603173744174	0.352744510096783	184
-0.009397923564752	0.716379445772882	457
-0.0379922617403921	0.546620013704936	457
0.103033866383466	0.547002647083637	719
-0.118311411153993	0.352176797827841	719
0.014164037484612	0.331138547182105	52
0.102939962809722	0.546934303038246	52
0.000647696275498988	0.546024271228124	52
-0.038110853061623	0.546487094584724	52
0.0464987030977601	0.546379576538645	570
-0.00940053415313302	0.716310987457703	182
0.015015511027073	0.33174094912973	4
-0.07841782605487	0.334848424054662	4
-0.078461628969253	0.334855559136084	216
0.0148094482928141	0.331596623912213	43
-0.082156665581532	2.38231942494497	347
-0.067652072199642	1.23337817834757	204
-0.100130592716883	1.29359578760489	204
0.044773625297716	1.19251743969558	46
0.048670360813833	1.34327673842394	46
-0.091353622721441	0.738049434180312	266
0.019597424068076	1.34652580875181	266
-0.097104096188661	0.922240800951984	53
0.064775296872042	1.34301715237365	53
0.0828325571943161	1.19107279182436	53
-0.015049701680639	1.202629993273	235
0.0831330111184751	1.03311088996779	48
0.015543409119394	0.331916984826515	26
-0.07841782605487	0.334848424054662	797
-0.091469535744416	0.737939274151088	449
0.096058516894194	0.715174091580805	449
-0.00944438826192096	0.716068105432515	449
-0.075179306075391	0.730944843671607	449
-0.075150525919452	0.730999872092666	449
-0.056336234165916	0.725153457310923	449
0.095952734120206	0.715189374908091	60
-0.03213263189218	0.887232470228075	60
0.110980596244526	1.03523462833595	60
-0.056110035317386	0.725387802180536	704
-0.0688743192839571	0.55046354075607	60
-0.00944172907490504	0.716353910708763	60
-0.118416133590449	0.352047539289723	19
-0.118067240793936	0.352507886935394	19
-0.118302831993215	0.35225745754692	19
-0.117944825210674	0.352583555456159	19
0.102778255844793	0.546757450411459	96
0.00093724327286504	0.546463920727753	301
0.0148094482928141	0.331596623912213	301
-0.118075945617532	0.352475981362613	719
-0.0382568181762299	0.546254831510538	457
-0.114455530711662	0.564969109409345	457
0.102871940568314	0.546825607663817	719
0.095886876869285	0.715098908302365	91
-0.078373926576007	0.334752594792006	91
-0.105450964528733	0.746159686972068	305
0.103127837722916	0.547021736367706	52
0.0159533984203279	0.332013285790487	83
0.103102347789789	0.546745704197176	52
-0.117936032506574	0.352484678840578	52
-0.068995432562999	0.550334672525007	182
-0.086291481265421	0.915123126676197	533
-0.0688049167957639	0.550500792823466	182
-0.038164270843655	0.546436820610805	182
0.015221229893607	0.331833236925771	43
0.082900371033349	1.19135053444814	46
0.028177272426985	1.19475328099607	46
0.000738002359985002	0.54623867910786	732
0.000975541614245956	0.54652601352424	687
0.014822033048115	1.50642282283346	53
-0.037938951930853	0.546653091630455	116
0.0832849221543071	1.03326424837409	710
-0.091396814719645	0.737753143009755	48
-0.069018561500326	0.550257678966188	48
0.015426605459758	0.331837835999836	26
0.015221229893607	0.331833236925771	26
-0.047740169526196	0.893686282016011	449
-0.00954866961521095	0.71612262862002	60
-0.0379922617403921	0.546620013704936	60
0.102952818714724	0.546952016374648	60
0.014693051385642	0.33154041613148	19
0.000975541614245956	0.54652601352424	19
0.103115083689341	0.546978454245952	19
0.014693051385642	0.33154041613148	19
-0.0689117397669981	0.550461509138893	60
-0.078461628969253	0.334855559136084	91
0.054103664450783	0.712329932588179	91
-0.078505335439038	0.334807235682389	184
0.000860687931607984	0.546201243527025	184
0.0959660513274599	0.715188219408872	457
-0.038084771804796	0.546557048928131	643
0.054066571244214	0.712409287520356	457
-0.093687596325703	0.556815343915179	457
-0.0936863004103	0.556790487890074	457
0.0198911622917251	0.713406076716612	457
0.054173462791167	0.71242442008755	457
-0.038151250108503	0.546420854556282	719
-0.034595628625286	0.720221394792428	91
-0.11770825070934	0.352703851644874	91
0.102591088723537	0.546462507198581	52
-0.0936060519635859	0.55682550587557	763
-0.117848680876069	0.352546805204289	52
-0.038031418964221	0.546565959336452	763
-0.117831036354394	0.352673317989728	396
-0.07841782605487	0.334848424054662	763
0.053955216946999	0.712091398415352	763
-0.117831036354394	0.352673317989728	182
-0.00963120961932595	0.716027240369008	533
0.029652411017309	0.876046324491345	182
0.019572996506934	0.712854785476922	182
0.015543409119394	0.331916984826515	216
-0.027865525226519	1.05205535041694	46
-0.105805164695872	0.745099659930327	732
-0.027897039468303	1.0520455260929	266
0.00808826375555405	1.69926486917257	53
0.014280160087122	0.331303341451248	116
-0.0785341312035151	0.334774054050095	411
0.019759377767588	0.713292588042902	479
0.056866146813055	0.875803365601958	449
-0.114560264963287	0.56466886588527	60
-0.114433698001673	0.564954796623497	60
-0.1143509382464	0.565110324997158	60
0.054038868586876	0.712149939613597	60
0.029871931863377	0.876298095722246	60
0.001013853753835	0.54655060088885	60
-0.117953601258673	0.352597545210657	60
-0.068683825888232	0.550453254299595	19
0.000929339521959949	0.54630009282899	60
-0.037872662852266	0.546578998958016	19
0.0959660513274599	0.715188219408872	149
-0.078548945585607	0.334664702764609	96
-0.078505335439038	0.334807235682389	96
-0.0938196340612309	0.556560417149379	91
0.001013853753835	0.54655060088885	91
0.015543409119394	0.331916984826515	301
0.102859024632958	0.546883761518186	643
-0.117726037792187	0.352668549463053	457
-0.038071737268363	0.546541091843573	457
-0.034706397659959	0.720101173495409	457
-0.034492832939962	0.720447115157577	689
-0.056336234165916	0.725153457310923	91
-0.0690791295365431	0.550136803431229	91
-0.0346858551686891	0.720178258269791	305
-0.114499210463847	0.564914880949432	763
0.000906909127949995	0.546464500138251	763
-0.07841782605487	0.334848424054662	396
-0.0379128235471889	0.546654737619279	763
0.015748574968654	0.332008986763764	570
0.124735705690894	0.879610841769866	182
0.015221229893607	0.331833236925771	4
-0.078389101895223	0.334894991105506	43
0.103033866383466	0.547002647083637	43
-0.102527640451216	1.0961150032431	46
-0.074596260450543	0.907704938877916	53
0.102697656326824	0.546485183471197	116
0.056972845941745	0.876009460002654	479
-0.037925885706574	0.546670662650068	479
0.056752515864546	0.875499634485847	479
0.124648320481278	0.879392721604264	479
0.102684638589434	0.546640068159778	479
0.000933106370409997	0.546451336382571	615
-0.068897453062561	0.550386522987246	449
-0.038336377994674	0.546033847147193	60
0.08810186519366	0.876533066603667	60
0.124609172878749	0.87936817253218	60
0.110865439559252	1.03496840679046	60
-0.114348610735491	0.565004808689118	60
0.054006203687662	0.71236161428316	60
-0.078562903237043	0.334604884633838	96
0.102859024632958	0.546883761518186	96
-0.034468279547934	0.720512319695876	457
-0.034427154474773	0.720503966046749	457
-0.069009749323291	0.550269762703352	91
0.014486778123062	0.331447869942357	719
-0.117480088539026	0.352775239077962	719
0.124670173944602	0.879514467652847	689
0.000835561993079992	0.546388049889566	91
-0.075273940273028	0.730771216314519	91
-0.038269833231409	0.546202489300631	91
0.015221229893607	0.331833236925771	83
0.000906909127949995	0.546464500138251	52
0.103234607213294	0.546759491689696	52
0.000730708390523027	0.546206964542419	763
-0.0689117397669981	0.550461509138893	359
0.103046680452927	0.54697101885335	763
-0.034710519982367	0.720057265798157	763
0.0885374907673741	0.876810438281174	763
0.096058516894194	0.715174091580805	763
-0.117594217230099	0.352759200610373	182
-0.038084771804796	0.546557048928131	182
-0.118067240793936	0.352507886935394	43
-0.100697013772447	2.26328690106708	347
0.00686604990338302	1.35065304431793	46
-0.117409153484715	1.35589039556978	53
-0.074619581905108	0.907605252880174	479
0.053996781242706	0.712059316844062	479
0.057149420707344	0.875980121988434	479
0.124606951859006	0.879422159973387	479
-0.0936863004103	0.556790487890074	449
0.046455763646197	0.546406595576815	60
0.054052727722994	0.712385443173546	449
0.102791231826911	0.546553226745956	449
-0.117831036354394	0.352673317989728	60
0.095715143638794	0.714748853923145	60
0.054052727722994	0.712385443173546	60
-0.105334882079699	0.74629325335144	60
-0.0379922617403921	0.546620013704936	60
0.0464775407151	0.546436206750712	60
0.102778255844793	0.546757450411459	70
0.046736752000125	0.546435178410204	60
0.001036249750337	0.546278648877764	60
-0.075404214930244	0.730396845506906	60
-0.0688743192839571	0.55046354075607	60
0.001013853753835	0.54655060088885	60
-0.068888608021291	0.550473937505231	149
-0.078461628969253	0.334855559136084	96
0.04652044983038	0.5464742420311	457
-0.114394671114916	0.564999444831835	457
0.001013853753835	0.54655060088885	457
0.095992674622349	0.715056204037152	457
-0.0563161757230209	0.725119348849623	457
0.0959660513274599	0.715188219408872	719
0.102778255844793	0.546757450411459	719
0.053969087339051	0.712294492055823	689
0.124565533340917	0.879347201685896	91
0.0464775407151	0.546436206750712	91
0.054113099523654	0.712433124334927	359
0.000918451769796991	0.546500400749536	763
-0.0690791295365431	0.550136803431229	763
0.046629057528294	0.546502925119404	763
0.029845823959093	0.87609115093915	763
-0.0784328571216441	0.33484663200897	570
-0.117480088539026	0.352775239077962	182
-0.114499210463847	0.564914880949432	182
-0.117944825210674	0.352583555456159	43
0.066233833980895	2.19827828151922	6
-0.096730131870896	1.52757586203022	46
-0.0894990551386901	1.26509144637064	46
-0.105506403988603	0.746082583506221	46
-0.06607930389487	1.65810505289302	522
-0.034644784961524	0.720233940388528	781
0.064881681947208	1.34322017373348	561
0.046434639915807	0.546296788418666	69
0.019971429656047	0.713245355109725	479
0.0567993662499941	0.875643455159383	479
0.124755232228374	0.879621813051408	479
-0.117831036354394	0.352673317989728	615
-0.093633235422332	0.556851668428262	449
-0.068995432562999	0.550334672525007	60
-0.118075945617532	0.352475981362613	60
-0.068781782240572	0.550448454438737	184
-0.068995432562999	0.550334672525007	457
0.046542286709821	0.546503907985386	719
0.000906909127949995	0.546464500138251	719
0.12467245095911	0.879518477267215	719
0.103021070490942	0.546910029300553	719
-0.093659117292473	0.556764329453062	91
-0.117848680876069	0.352546805204289	52
0.015337900306628	0.331772940313554	52
-0.038044479500504	0.546473472346318	763
-0.114455530711662	0.564969109409345	359
0.103033866383466	0.547002647083637	763
-0.078389101895223	0.334894991105506	17
-0.118180785688706	0.352378760345744	17
-0.078446526473096	0.334671088007792	763
0.019677589313058	0.713346935133066	182
0.000925784738588953	0.546494659096437	182
0.102914305516224	0.546450227930626	182
-0.078360353986935	0.334844260911513	4
-0.078577788973047	0.33472577676997	4
0.015543409119394	0.331916984826515	4
0.015221229893607	0.331833236925771	4
-0.117822189095331	0.352614000083049	4
0.000820935056823013	0.546362059972189	43
-0.078505335439038	0.334807235682389	43
0.0297188747502331	0.876185244053301	46
0.029131944891812	2.37455442380703	522
-0.012315630785434	1.53548992270153	53
-0.076127459263335	1.68177176884778	522
-0.047742079051906	0.893735002556287	53
0.051988216637275	2.03021552991798	53
0.048654467463636	1.34268981120177	3
0.048564409681369	1.34322034549382	3
0.10276529812906	0.546766261298029	116
0.04634816214787	0.546154657785757	411
-0.093873988890348	0.556465424559561	479
-0.056223086852438	0.725364716029639	449
0.0569115700078831	0.875805150498862	449
-0.038018362492673	0.546618402945273	60
0.000820935056823013	0.546362059972189	60
-0.0688049167957639	0.550500792823466	60
0.000906909127949995	0.546464500138251	70
-0.068995432562999	0.550334672525007	60
-0.093792453627986	0.556564105378166	60
0.000975541614245956	0.54652601352424	60
-0.078389101895223	0.334894991105506	96
-0.068767503504533	0.550523279279906	91
0.096005188660324	0.715091406666411	91
0.102871940568314	0.546825607663817	184
0.000918451769796991	0.546500400749536	184
-0.09360866920208	0.556763346406444	457
0.095952734120206	0.715189374908091	719
0.0466499356636571	0.546481330595372	719
0.001036249750337	0.546278648877764	91
0.046585173823348	0.546500154315464	52
-0.078621350507474	0.334583333907498	83
0.0540992530953111	0.712248168245602	763
-0.117822189095331	0.352614000083049	17
-0.038138233431129	0.546369917782611	182
-0.118198069629608	0.352266186569217	182
-0.118067240793936	0.352507886935394	4
-0.078461628969253	0.334855559136084	4
-0.078548945585607	0.334664702764609	43
0.014693051385642	0.33154041613148	43
-0.078331582322939	0.334620740436342	410
0.046563367283465	0.546405439872833	43
-0.106401583375372	1.7319467997848	6
-0.061722754522386	0.900693161444227	46
0.019134161331204	1.03933502905629	46
0.012200929858859	2.23498315998864	53
-0.102961151180609	1.09589994973786	561
0.0166430522439111	1.68908452196282	53
-0.0379922617403921	0.546620013704936	116
-0.114499210463847	0.564914880949432	69
0.095913474208575	0.71496687423092	411
-0.00946108220693898	0.716312897226207	479
-0.114307224486004	0.565109371608688	479
-0.037979217457885	0.546569081267276	60
0.05413636415528	0.712386219229169	60
0.088192496361842	0.876617719325438	449
0.0589792445113671	1.03342416874937	60
-0.00943919684822803	0.71627431722046	60
-0.093901163292018	0.556370497555478	60
0.054126930245297	0.712400573859308	60
-0.038097810402228	0.546539513612059	60
-0.07841782605487	0.334848424054662	60
-0.114265888199503	0.565150333147693	60
-0.105473213802597	0.74617875867186	60
0.0198381532818001	0.713438718841988	60
-0.117839866964325	0.352652701983811	184
0.088406015823902	0.876999052332249	184
0.053992347414343	0.712287188803804	457
-0.0785341312035151	0.334774054050095	719
0.053982942164289	0.712290972688709	719
0.029672567232789	0.876021524406456	719
0.046607070563234	0.546529871565748	719
-0.056196679117971	0.725326387420048	91
-0.117944825210674	0.352583555456159	52
0.015015511027073	0.33174094912973	83
-0.0784328571216441	0.33484663200897	763
-0.0379922617403921	0.546620013704936	763
0.000738002359985002	0.54623867910786	763
0.102846126923184	0.546816711265645	763
0.000918451769796991	0.546500400749536	182
-0.078693730736367	0.334421561941284	4
0.102965692838688	0.546844532922721	4
-0.038084771804796	0.546557048928131	182
0.102859024632958	0.546883761518186	43
-0.020077952120398	2.10106722412934	6
-0.10565979658538	1.55287302263024	522
0.00657082450155799	1.90734349612274	522
0.096247408505853	1.97536590538725	53
0.124694274441782	0.87946409221883	781
0.102778255844793	0.546757450411459	781
0.081813772685238	1.80689802211365	53
-0.07841782605487	0.334848424054662	116
0.046455763646197	0.546406595576815	116
0.0148094482928141	0.331596623912213	615
0.015748574968654	0.332008986763764	615
0.019626042733507	0.713071516733049	449
-0.00978191312614396	0.715331676045514	60
-0.0688743192839571	0.55046354075607	60
-0.056369981508627	0.724978476831694	60
0.029811396220978	0.87626515296942	60
-0.0379128235471889	0.546654737619279	60
0.053680987410672	0.711108830023068	60
0.054173462791167	0.71242442008755	60
-0.118189436041763	0.352386442821737	60
0.095846953081435	0.714973032125146	60
0.046477046484654	0.54615121839201	60
0.0148094482928141	0.331596623912213	545
-0.118189436041763	0.352386442821737	184
0.095979364827558	0.715144881301218	457
0.102697656326824	0.546485183471197	184
0.088426513183818	0.876968530518498	689
-0.00948555297541398	0.716189107800634	91
-0.118189436041763	0.352386442821737	52
-0.078301301726967	0.33479207593374	83
0.102927125088669	0.54679237203476	763
-0.038203357406109	0.546274512948649	359
-0.038018362492673	0.546618402945273	763
-0.11424402281122	0.565136053841601	763
0.0466718923138591	0.546511095379513	763
-0.068888608021291	0.550473937505231	763
-0.0936047450176209	0.556607409946115	182
-0.00927167395286799	0.716368602560022	182
-0.117944825210674	0.352583555456159	182
0.046563367283465	0.546405439872833	182
0.096070898945386	0.714904913916394	182
0.014693051385642	0.33154041613148	43
-0.118180785688706	0.352378760345744	410
-0.074661363719551	0.907610543288604	46
0.037734328770324	1.03537023472298	46
-0.107561776214308	0.929054318309605	46
-0.097381260798616	0.921782598664639	46
-0.116730172962071	0.937413581771772	46
0.012715560449803	1.89118441599565	53
0.037964026308377	1.49659193216773	53
0.01277246815931	1.19692080759096	561
0.024546044042981	1.67676715914585	3
-0.07841782605487	0.334848424054662	116
-0.0785341312035151	0.334774054050095	116
-0.0754837618481941	0.730105987160929	479
-0.038110853061623	0.546487094584724	479
0.095952734120206	0.715189374908091	479
0.0539087006444871	0.712145574984858	479
0.015543409119394	0.331916984826515	615
0.088233482129389	0.876845308069539	449
-0.075064151604082	0.730989813026705	60
-0.056283327850428	0.72518946582843	449
-0.093634539795058	0.556840951197036	449
-0.114414141529456	0.565049160716253	60
-0.068943720058377	0.550100846909495	60
-0.114584285776041	0.564719438324633	60
-0.117839866964325	0.352652701983811	70
-0.075230050713224	0.73089510779261	60
-0.069070333709553	0.550106699395327	60
0.053969087339051	0.712294492055823	60
0.046434639915807	0.546296788418666	96
-0.0379922617403921	0.546620013704936	91
-0.117953601258673	0.352597545210657	184
-0.118067240793936	0.352507886935394	184
0.04652044983038	0.5464742420311	184
0.088578525241391	0.876707903182489	457
-0.038097810402228	0.546539513612059	457
0.000738002359985002	0.54623867910786	457
0.0570839048949	0.876042622730853	457
-0.093607359992403	0.556873595673821	457
-0.075353478762815	0.730589964241878	91
-0.068842343926711	0.550402812682356	91
0.014898980443409	0.331545372027833	52
-0.114501582793346	0.564695124389443	763
-0.037952022220819	0.546600633082636	763
-0.00946108220693898	0.716312897226207	763
0.000906909127949995	0.546464500138251	182
0.096045190403945	0.71521740606195	182
0.046607070563234	0.546529871565748	182
-0.11770825070934	0.352703851644874	43
0.00213505077738996	1.04336741870548	46
-0.12054321313351	1.3729184012676	53
0.068055353586528	2.00638288079837	53
0.045095252214164	1.19359946018082	3
-0.00153115447233598	1.20002199464499	3
-0.117962360601882	0.352531037221759	116
0.015221229893607	0.331833236925771	116
-0.034340932565907	0.720463241052629	411
-0.093580178190461	0.556877278723426	411
-0.068981133828171	0.550224724914083	411
-0.009587467073083	0.716052689303468	479
-0.117831036354394	0.352673317989728	615
0.102859024632958	0.546883761518186	60
0.056972845941745	0.876009460002654	60
-0.117953601258673	0.352597545210657	60
-0.038005310085013	0.546635957220775	60
0.102859024632958	0.546883761518186	70
-0.068949174085904	0.550390686111211	60
0.0466499356636571	0.546481330595372	60
-0.068888608021291	0.550473937505231	60
-0.068758647484942	0.550356675529182	60
0.029958536001193	0.876227561765441	60
0.0146030411225651	0.331368587604412	96
-0.117831036354394	0.352673317989728	96
-0.11456244962031	0.564789288279985	91
0.0464775407151	0.546436206750712	184
-0.093607359992403	0.556873595673821	184
0.054066571244214	0.712409287520356	184
-0.0379922617403921	0.546620013704936	457
-0.00952426338253898	0.71620400051152	457
-0.093687596325703	0.556815343915179	457
-0.0688511853149521	0.550507144497065	719
-0.118302831993215	0.35225745754692	719
-0.093714773776065	0.556752931738205	91
0.015337900306628	0.331772940313554	91
0.102965692838688	0.546844532922721	83
0.000898958716415987	0.546360004087353	52
-0.07834525013681	0.334887885324188	52
0.000906909127949995	0.546464500138251	763
0.124648320481278	0.879392721604264	763
0.046585173823348	0.546500154315464	17
-0.078272649288975	0.334885576734114	4
0.015426605459758	0.331837835999836	4
0.014693051385642	0.33154041613148	410
-0.0784328571216441	0.33484663200897	43
-0.116950892304974	0.937081442351767	46
0.082156180785476	1.34302703066504	53
-0.019765438173626	1.94514103395002	53
-0.05617659176163	0.725384303382005	3
0.015748574968654	0.332008986763764	116
-0.114457852611772	0.564938315062389	479
0.053945827600581	0.712263366492621	411
-0.093766553916435	0.556691460943664	411
0.01959729993245	0.713177830099595	479
-0.117953601258673	0.352597545210657	479
-0.0785341312035151	0.334774054050095	615
-0.117831036354394	0.352673317989728	615
-0.075179306075391	0.730944843671607	60
-0.038138233431129	0.546369917782611	60
0.088451251285341	0.876940780207278	60
-0.114202720835829	0.565136562997593	449
0.000898958716415987	0.546360004087353	60
-0.118180785688706	0.352378760345744	60
-0.093634539795058	0.556840951197036	60
0.095807667058939	0.714953390541008	60
-0.038084771804796	0.546557048928131	60
-0.009397923564752	0.716379445772882	60
-0.118075945617532	0.352475981362613	545
0.014486778123062	0.331447869942357	96
-0.0785341312035151	0.334774054050095	96
0.103033866383466	0.547002647083637	91
-0.117831036354394	0.352673317989728	184
0.095979364827558	0.715144881301218	91
-0.117813325236396	0.352430341175182	184
-0.0379922617403921	0.546620013704936	91
0.000828254194413014	0.546393815900103	457
0.04652044983038	0.5464742420311	719
0.015015511027073	0.33174094912973	719
-0.037925885706574	0.546670662650068	719
-0.078461628969253	0.334855559136084	91
0.102671639124429	0.546588557482098	52
0.000929339521959949	0.54630009282899	52
-0.078476515936851	0.334704051901253	763
-0.11770825070934	0.352703851644874	763
0.046412832540613	0.54632387049216	763
0.019677589313058	0.713346935133066	763
-0.118058519259127	0.352454317015294	17
0.102697656326824	0.546485183471197	17
0.102846126923184	0.546816711265645	17
-0.118067240793936	0.352507886935394	17
0.0464775407151	0.546436206750712	17
0.014280160087122	0.331303341451248	4
-0.117726037792187	0.352668549463053	43
0.095979364827558	0.715144881301218	43
-0.02585896994535	1.36757417451193	53
-0.105376816314943	1.55443061607561	53
0.019470644544145	2.23173818633924	53
-0.100763969487318	1.29163502078191	53
-0.097247162670739	0.922303763005922	53
-0.117614604986607	0.755179596772111	53
-0.039187800253611	1.58922955533545	53
-0.075718787377283	1.07320741796347	3
-0.031983109909985	0.887436272157406	3
-0.015776676604759	1.36073801069882	3
0.070509598189152	1.81310472245591	3
-0.078505335439038	0.334807235682389	116
-0.078461628969253	0.334855559136084	116
0.00651516831201704	0.878187590885833	69
0.019863898760568	0.713423555290037	411
0.046542286709821	0.546503907985386	411
0.096045190403945	0.71521740606195	411
0.000752556247718972	0.54618955126339	615
0.102752358645311	0.546638913003178	615
-0.038005310085013	0.546635957220775	615
0.0540898352208991	0.712440424822514	60
0.0197851368136031	0.71341704442789	60
-0.038058706791953	0.546490151457986	60
0.00093724327286504	0.546463920727753	60
0.102952818714724	0.546952016374648	96
0.000918451769796991	0.546500400749536	96
-0.034599615781616	0.720358404474324	91
0.088147206191863	0.876624686127254	184
0.000906909127949995	0.546464500138251	184
0.102859024632958	0.546883761518186	184
-0.0750710051396401	0.7310378296845	457
0.046521365237415	0.546317748025171	719
0.095794375808675	0.714954580622306	719
-0.0785341312035151	0.334774054050095	91
0.088233482129389	0.876845308069539	91
0.103021070490942	0.546910029300553	52
0.053894817619482	0.711885852901746	763
0.04634816214787	0.546154657785757	763
0.0569321914684831	0.875913064305985	763
-0.0688511853149521	0.550507144497065	763
-0.118067240793936	0.352507886935394	182
-0.078621350507474	0.334583333907498	4
-0.093659117292473	0.556764329453062	43
-0.057162844568199	2.11740431113101	347
-0.026967403986637	1.20816318109387	781
-0.034775893795237	1.37646574259163	53
0.109223379147066	1.64121883097692	3
0.056752515864546	0.875499634485847	235
0.046714735389882	0.546405370933732	116
-0.068897453062561	0.550386522987246	116
0.046542286709821	0.546503907985386	116
-0.117962360601882	0.352531037221759	411
-0.093659117292473	0.556764329453062	479
-0.034468279547934	0.720512319695876	479
0.0148094482928141	0.331596623912213	615
-0.118058519259127	0.352454317015294	615
0.088171995793474	0.876430300627137	60
-0.0379922617403921	0.546620013704936	60
0.056732568709337	0.875432965157303	60
0.046607070563234	0.546529871565748	70
0.124779369642004	0.879455532042211	60
0.054015607829325	0.712240290170832	60
-0.118416133590449	0.352047539289723	545
0.102939962809722	0.546934303038246	96
-0.0936863004103	0.556790487890074	91
-0.038138233431129	0.546369917782611	91
-0.118058519259127	0.352454317015294	184
-0.0785341312035151	0.334774054050095	184
0.10276529812906	0.546766261298029	184
-0.114353397523108	0.564923898181964	91
-0.0379922617403921	0.546620013704936	91
0.054052727722994	0.712385443173546	457
-0.00956802690511105	0.716178523874069	457
-0.0689348713150461	0.550417910328223	457
0.0882949223562151	0.876874066340018	457
0.000925784738588953	0.546494659096437	91
0.103033866383466	0.547002647083637	91
0.014486778123062	0.331447869942357	52
0.124840284125199	0.879616479175003	763
0.04634816214787	0.546154657785757	763
0.046629057528294	0.546502925119404	763
-0.038071737268363	0.546541091843573	182
-0.078562903237043	0.334604884633838	4
-0.078621350507474	0.334583333907498	4
-0.118302831993215	0.35225745754692	4
0.0464987030977601	0.546379576538645	4
0.0466499356636571	0.546481330595372	4
0.102952818714724	0.546952016374648	43
-0.04171132725421	1.80283795187813	6
-0.038615971273952	1.21290888616785	46
0.012559331962398	1.19603594670182	46
0.053885443008125	0.712114459554289	69
-0.038005310085013	0.546635957220775	411
-0.038058706791953	0.546490151457986	411
0.095952734120206	0.715189374908091	411
-0.06879064009276	0.550510843550439	411
0.124840284125199	0.879616479175003	411
-0.078389101895223	0.334894991105506	615
0.019701857267027	0.713156019298393	60
-0.034533936421003	0.720455500194939	449
0.102697656326824	0.546485183471197	70
0.046564213761884	0.546476908211474	70
0.124502253673663	0.879136385409782	60
0.124733372651614	0.879546458639137	60
0.015015511027073	0.33174094912973	96
-0.078243973092459	0.334811636820967	721
0.046499407903853	0.546409161577071	91
0.046499407903853	0.546409161577071	91
-0.093899900031881	0.556355652806436	184
0.095926088576779	0.715062270678513	457
0.095820954610095	0.714910037968309	91
0.0148094482928141	0.331596623912213	83
0.000929339521959949	0.54630009282899	52
0.102684638589434	0.546640068159778	52
-0.118189436041763	0.352386442821737	52
-0.038097810402228	0.546539513612059	763
-0.038044479500504	0.546473472346318	763
-0.0689117397669981	0.550461509138893	763
-0.068943720058377	0.550100846909495	763
0.000868604531952033	0.54636055890442	4
0.014486778123062	0.331447869942357	4
-0.078505335439038	0.334807235682389	4
-0.078621350507474	0.334583333907498	410
-0.058732041739613	1.83025480063317	6
-0.11750122164172	0.755051661055475	46
0.11078590205211	1.03466461276878	46
-0.0321047318972511	0.887322933996892	53
-0.01966148854238	1.54808603679642	53
-0.041218805659255	1.05648016855577	53
-0.027071442324376	1.20716838015707	53
-0.117748260284001	0.75512922206726	781
0.103140609926255	0.546929797083206	775
-0.069009749323291	0.550269762703352	411
0.000967604056485993	0.546403961082126	479
0.0464775407151	0.546436206750712	615
0.05705957812295	0.876060732863568	60
0.0194912162558381	0.712799096277017	60
0.0540898352208991	0.712440424822514	60
-0.0784328571216441	0.33484663200897	60
0.095807667058939	0.714953390541008	91
-0.0784328571216441	0.33484663200897	721
-0.038005310085013	0.546635957220775	91
0.054052727722994	0.712385443173546	457
-0.118084633681823	0.352321134986156	91
0.000933106370409997	0.546451336382571	457
-0.118189436041763	0.352386442821737	457
0.000813604587608041	0.546288457112092	91
0.095781080857291	0.714913663492623	91
0.015015511027073	0.33174094912973	83
-0.078548945585607	0.334664702764609	83
-0.118075945617532	0.352475981362613	52
0.102846126923184	0.546816711265645	52
0.000933106370409997	0.546451336382571	763
0.000730708390523027	0.546206964542419	763
-0.07841782605487	0.334848424054662	182
0.00093724327286504	0.546463920727753	182
-0.037938951930853	0.546653091630455	43
0.046412832540613	0.54632387049216	43
-0.078621350507474	0.334583333907498	410
-0.11779280086867	0.755060239075761	46
0.0568592212965729	0.875729484713166	46
0.054043307590794	0.71233864047186	781
-0.114477368199382	0.564955794700488	69
-0.118189436041763	0.352386442821737	775
-0.11770825070934	0.352703851644874	411
-0.034644784961524	0.720233940388528	411
0.0540898352208991	0.712440424822514	411
-0.056203011811603	0.725361460329095	479
0.0571081200743629	0.875804402104035	479
0.015221229893607	0.331833236925771	615
0.015543409119394	0.331916984826515	26
0.037867909484907	1.03587856123788	556
-0.037979217457885	0.546569081267276	60
-0.117953601258673	0.352597545210657	70
-0.118075945617532	0.352475981362613	70
-0.117953601258673	0.352597545210657	70
-0.038005310085013	0.546635957220775	70
0.102846126923184	0.546816711265645	70
0.046326504549897	0.546125168287339	60
0.046434076670658	0.546311995607716	60
-0.118198069629608	0.352266186569217	149
0.015748574968654	0.332008986763764	545
0.014486778123062	0.331447869942357	545
-0.07841782605487	0.334848424054662	96
-0.00967497054477595	0.715862616992641	91
-0.118075945617532	0.352475981362613	91
-0.0784328571216441	0.33484663200897	721
-0.093527128721198	0.556862079721386	91
-0.114372802292684	0.565069375339754	91
-0.114329078977151	0.565123666576565	91
0.04652044983038	0.5464742420311	91
-0.069018561500326	0.550257678966188	457
-0.0689117397669981	0.550461509138893	457
0.0959660513274599	0.715188219408872	91
-0.118189436041763	0.352386442821737	83
0.102939962809722	0.546934303038246	52
0.0198911622917251	0.713406076716612	763
-0.117962360601882	0.352531037221759	763
-0.038005310085013	0.546635957220775	182
-0.11424402281122	0.565136053841601	182
-0.093872721946495	0.556388266199035	182
-0.117944825210674	0.352583555456159	43
-0.118302831993215	0.35225745754692	4
-0.117953601258673	0.352597545210657	4
-0.0784328571216441	0.33484663200897	4
-0.065180604139818	1.06684105543339	46
0.097240255034865	1.49219481514258	46
0.00212728116958005	1.04302967023006	46
-0.109250701001778	1.32410980266571	53
-0.079074397294103	1.46720026617614	53
0.066351688040914	1.64526104338151	53
-0.114287758365962	0.565136977878951	781
-0.068933391779461	1.43841988904621	53
0.046563367283465	0.546405439872833	116
-0.114623583444261	0.564467813730792	69
0.000820935056823013	0.546362059972189	411
0.014073196708025	0.331075185621132	615
-0.093688893413853	0.556683539931037	60
-0.093793732675255	0.556658827111305	60
-0.05615650705922	0.725411405691338	556
-0.056130129714561	0.725329881974451	70
-0.093687596325703	0.556815343915179	60
-0.068949174085904	0.550390686111211	70
0.000898958716415987	0.546360004087353	60
-0.118075945617532	0.352475981362613	60
-0.117726037792187	0.352668549463053	149
0.102684638589434	0.546640068159778	149
0.000906909127949995	0.546464500138251	721
-0.078389101895223	0.334894991105506	721
0.015337900306628	0.331772940313554	721
0.046521365237415	0.546317748025171	91
-0.11456244962031	0.564789288279985	91
0.0463694879634859	0.546199801059262	91
0.095873572645785	0.715100082050027	91
0.056945977289347	0.875842020093212	457
0.019916900057583	0.713318188138201	457
-0.03817729563763	0.546419306318742	457
0.0466280692664101	0.546386584989212	457
0.103033866383466	0.547002647083637	457
0.095939413203912	0.715148403086207	91
-0.068781782240572	0.550448454438737	91
0.00093724327286504	0.546463920727753	91
-0.078301301726967	0.33479207593374	83
0.000975541614245956	0.54652601352424	52
-0.038190324491453	0.546366920879928	763
-0.0785341312035151	0.334774054050095	17
-0.078360353986935	0.334844260911513	43
0.088097361365682	0.876321173375635	182
-0.093687596325703	0.556815343915179	182
-0.118075945617532	0.352475981362613	4
-0.078287826001005	0.334763248373849	4
-0.078505335439038	0.334807235682389	43
-0.078505335439038	0.334807235682389	410
-0.09723294398704	0.922242984963119	46
-0.082783677769505	1.25381116815281	53
-0.074392567456028	1.45274865962622	53
-0.065090765536677	1.0672461729927	561
-0.085516832398577	1.08003120476836	53
0.00671143950949704	1.35005064902643	53
0.037928899262069	1.49644136956827	53
-0.0675472189477801	1.2338649777941	53
-0.038071737268363	0.546541091843573	69
0.0958602647171281	0.715059134269568	69
-0.00961180881093904	0.716013820448199	411
0.095979364827558	0.715144881301218	411
-0.00959249089474901	0.715788035471034	479
-0.075201265336757	0.730950141111018	556
-0.0561364250077741	0.725408162069438	60
-0.068902914788471	0.550319576187085	60
0.095754967420128	0.714615670450483	70
0.04652044983038	0.5464742420311	70
-0.0937678377201721	0.556691762056095	60
0.0463911152322391	0.546294317805983	545
-0.114392293153171	0.565062488780271	91
-0.00948297216359295	0.716317009145669	91
0.046412832540613	0.54632387049216	91
-0.0688049167957639	0.550500792823466	91
0.000745284981442995	0.546232890910934	91
0.102871940568314	0.546825607663817	184
0.088147206191863	0.876624686127254	91
-0.056203011811603	0.725361460329095	91
0.124650622700453	0.879529294170625	457
-0.0937678377201721	0.556691762056095	457
-0.118075945617532	0.352475981362613	83
-0.068865476075376	0.550455151752996	52
0.046304936937567	0.546030758488034	52
0.102859024632958	0.546883761518186	52
-0.117831036354394	0.352673317989728	52
0.095952734120206	0.715189374908091	763
0.046693939241456	0.546484210727788	763
0.124692022634661	0.879589807933839	763
0.046499407903853	0.546409161577071	763
0.054029465539626	0.712392747137759	763
-0.068744366725657	0.550504504386003	763
-0.037793340878717	0.546432988175045	43
0.095794375808675	0.714954580622306	182
-0.037886711419733	0.546512641902705	4
-0.038044479500504	0.546473472346318	43
-0.078562903237043	0.334604884633838	4
-0.078360353986935	0.334844260911513	43
0.102871940568314	0.546825607663817	410
0.059095391321302	1.03384859375676	46
-0.116803683731596	0.937326674732326	46
-0.075363588756305	1.24336149089602	53
-0.057489144939424	1.40885408180467	53
-0.0824720658465951	1.25431115800746	53
-0.116861386517862	0.936713583161336	53
-0.047718915328591	0.893773917517034	3
0.103140609926255	0.546929797083206	116
0.095926088576779	0.715062270678513	69
0.01967609689596	0.713268882191315	69
0.103033866383466	0.547002647083637	775
0.095873572645785	0.715100082050027	411
-0.114435994682675	0.565008227026761	479
0.0960185262887709	0.715177552485163	60
-0.038138233431129	0.546369917782611	70
0.0464775407151	0.546436206750712	70
-0.078548945585607	0.334664702764609	60
-0.093527128721198	0.556862079721386	60
0.095900177389557	0.715055557737215	60
0.000925784738588953	0.546494659096437	60
-0.117944825210674	0.352583555456159	91
0.000820935056823013	0.546362059972189	91
-0.0785341312035151	0.334774054050095	721
-0.078548945585607	0.334664702764609	721
0.102671639124429	0.546588557482098	184
0.046585173823348	0.546500154315464	91
0.054196729548054	0.712377530199034	184
-0.114390046918761	0.564835652312894	457
0.019624558410942	0.71323243362851	457
-0.068981133828171	0.550224724914083	457
-0.069009749323291	0.550269762703352	52
-0.118067240793936	0.352507886935394	52
0.000933106370409997	0.546451336382571	763
0.124521874708077	0.879150251001781	763
0.04652044983038	0.5464742420311	17
0.046391747410539	0.546036139861055	182
-0.117953601258673	0.352597545210657	4
-0.078505335439038	0.334807235682389	4
0.102846126923184	0.546816711265645	4
0.10276529812906	0.546766261298029	43
-0.07834525013681	0.334887885324188	43
-0.101136114117226	1.54099503527601	6
-0.013601580372816	1.04740189202797	46
-0.105406804333374	0.746276277082862	46
-0.0862457776932331	0.91523304499763	46
-0.032038061878081	0.887349505281334	46
0.03308277914365	1.34212632058193	53
0.095939413203912	0.715148403086207	781
0.019180873043068	1.0394635373765	53
-0.0956297455769169	1.27696643964162	53
-0.117657797742993	0.755147837329674	3
0.102859024632958	0.546883761518186	116
-0.078548945585607	0.334664702764609	775
0.0959660513274599	0.715188219408872	411
0.054150196357836	0.712431712436207	411
0.095913474208575	0.71496687423092	60
0.029739037568462	0.876160446607397	556
0.102846126923184	0.546816711265645	60
-0.0689348713150461	0.550417910328223	60
0.095900177389557	0.715055557737215	60
0.019810889993383	0.71345620863575	70
-0.117953601258673	0.352597545210657	70
0.095926088576779	0.715062270678513	70
0.015221229893607	0.331833236925771	96
0.014898980443409	0.331545372027833	721
0.102489910864469	0.546172679666409	184
-0.078461628969253	0.334855559136084	184
-0.069102255866311	0.550020700954404	91
-0.078389101895223	0.334894991105506	91
0.102671639124429	0.546588557482098	91
-0.038164270843655	0.546436820610805	91
-0.00956560269345297	0.716014111872294	91
0.124777087030697	0.879653666456889	457
0.096058516894194	0.715174091580805	457
-0.117953601258673	0.352597545210657	457
-0.114499210463847	0.564914880949432	457
-0.117717152571787	0.352728572431533	91
0.000850143544644966	0.546259365345522	91
0.046607070563234	0.546529871565748	91
-0.078316549947599	0.334892644976188	52
0.015221229893607	0.331833236925771	83
-0.038084771804796	0.546557048928131	52
0.014073196708025	0.331075185621132	52
0.054006203687662	0.71236161428316	763
-0.078389101895223	0.334894991105506	17
-0.118067240793936	0.352507886935394	763
0.10276529812906	0.546766261298029	763
0.015543409119394	0.331916984826515	4
0.000975541614245956	0.54652601352424	43
-0.001694583879568	1.19953185762935	46
-0.041016047114068	1.05709670640682	561
0.013253202518727	1.19730938588962	53
-0.063343599057518	1.42398321416981	53
0.056952808189603	0.875980833095336	235
0.0959660513274599	0.715188219408872	116
-0.118058519259127	0.352454317015294	775
0.054043307590794	0.71233864047186	411
-0.068888608021291	0.550473937505231	411
-0.1143509382464	0.565110324997158	479
-0.07822865189219	0.334789825675857	615
0.029724799912908	0.876137017952781	556
-0.093607359992403	0.556873595673821	556
-0.009589915560407	0.716114521322415	556
0.000835561993079992	0.546388049889566	60
-0.068828051153055	0.550519576410294	60
-0.0689348713150461	0.550417910328223	60
0.102952818714724	0.546952016374648	70
-0.118075945617532	0.352475981362613	60
0.000929339521959949	0.54630009282899	70
-0.0689117397669981	0.550461509138893	91
-0.0689348713150461	0.550417910328223	184
0.046607070563234	0.546529871565748	91
0.046455763646197	0.546406595576815	91
-0.037925885706574	0.546670662650068	91
-0.093554310876372	0.556858392044476	457
0.000738002359985002	0.54623867910786	91
-0.117953601258673	0.352597545210657	91
0.102871940568314	0.546825607663817	763
0.102846126923184	0.546816711265645	763
-0.0936863004103	0.556790487890074	763
-0.093714773776065	0.556752931738205	43
-0.009417316088002	0.716198908855879	182
-0.0785341312035151	0.334774054050095	4
-0.0784328571216441	0.33484663200897	43
0.00104417444327998	0.546490588732559	43
-0.000118203541825013	1.91848715376324	6
-0.111937365796037	1.73464832560765	6
-0.086349589162193	0.915055596150394	46
-0.038449507504891	1.21302760804537	53
0.0508878371903581	1.49319036952744	53
-0.091549128053341	0.737768234500306	781
0.01503140442974	1.50744295369247	53
0.093832477842777	1.64143231565924	53
-0.0841179572933241	1.48234723315848	53
0.088451251285341	0.876940780207278	116
0.0197851368136031	0.71341704442789	69
0.014280160087122	0.331303341451248	775
0.103033866383466	0.547002647083637	775
-0.03440264518922	0.720525053664774	411
0.013542512756676	0.330672971387316	615
-0.07834525013681	0.334887885324188	615
0.019651818943123	0.713251012434848	556
-0.009376027707654	0.716340876958858	556
0.095926088576779	0.715062270678513	556
-0.038336377994674	0.546033847147193	556
-0.068813776492815	0.550467240857607	60
0.029744976750487	0.876220495142696	556
0.046434639915807	0.546296788418666	70
-0.11770825070934	0.352703851644874	70
0.015015511027073	0.33174094912973	545
-0.07841782605487	0.334848424054662	545
0.015748574968654	0.332008986763764	96
0.046391747410539	0.546036139861055	721
0.015337900306628	0.331772940313554	721
-0.068828051153055	0.550519576410294	91
-0.038097810402228	0.546539513612059	184
0.046434076670658	0.546311995607716	91
0.0464987030977601	0.546379576538645	91
0.054006203687662	0.71236161428316	457
0.000730708390523027	0.546206964542419	457
-0.037833422710626	0.54663314479618	457
0.000850143544644966	0.546259365345522	457
-0.0379922617403921	0.546620013704936	91
0.054015607829325	0.712240290170832	91
-0.078476515936851	0.334704051901253	83
0.10276529812906	0.546766261298029	52
-0.078316549947599	0.334892644976188	52
0.103140609926255	0.546929797083206	52
0.0540898352208991	0.712440424822514	763
-0.078606608631892	0.334612044582887	17
0.103127837722916	0.547021736367706	17
-0.078650217757543	0.334563833199289	17
-0.038018362492673	0.546618402945273	763
0.000828254194413014	0.546393815900103	763
0.046455763646197	0.546406595576815	763
-0.034620164127948	0.720314515791548	763
-0.0784328571216441	0.33484663200897	4
-0.078404061527277	0.334701676392793	4
-0.078461628969253	0.334855559136084	4
-0.118075945617532	0.352475981362613	43
0.000975541614245956	0.54652601352424	43
0.015337900306628	0.331772940313554	410
0.102684638589434	0.546640068159778	410
-0.00159639457300997	1.19960245523226	46
0.08241882371762	1.34354370639995	46
0.045205654332496	1.19365501034311	46
-0.027220866278014	1.20772456576011	235
0.095926088576779	0.715062270678513	116
-0.075179306075391	0.730944843671607	69
0.0464775407151	0.546436206750712	411
0.095979364827558	0.715144881301218	479
-0.078316549947599	0.334892644976188	615
0.015015511027073	0.33174094912973	615
0.103140609926255	0.546929797083206	615
-0.117831036354394	0.352673317989728	615
0.056819320737317	0.875710160074575	556
-0.105362557552253	0.746251549441318	556
0.000925784738588953	0.546494659096437	70
-0.0937121903663281	0.556668997193679	70
0.000835561993079992	0.546388049889566	70
-0.093633235422332	0.556851668428262	149
0.102846126923184	0.546816711265645	545
-0.078461628969253	0.334855559136084	545
-0.1143509382464	0.565110324997158	91
-0.114202720835829	0.565136562997593	91
0.095820954610095	0.714910037968309	91
0.095807667058939	0.714953390541008	91
-0.093846812481052	0.556527792026658	91
0.000925784738588953	0.546494659096437	457
-0.09360866920208	0.556763346406444	457
0.014693051385642	0.33154041613148	83
-0.07841782605487	0.334848424054662	83
-0.078548945585607	0.334664702764609	83
-0.0784328571216441	0.33484663200897	52
-0.117839866964325	0.352652701983811	52
0.019677589313058	0.713346935133066	763
-0.0938196340612309	0.556560417149379	763
-0.078621350507474	0.334583333907498	17
-0.117971103191881	0.352336843743416	763
0.019729112390332	0.713290552810038	182
0.0463911152322391	0.546294317805983	4
0.015543409119394	0.331916984826515	4
0.014280160087122	0.331303341451248	4
-0.117944825210674	0.352583555456159	43
-0.0785341312035151	0.334774054050095	43
-0.078461628969253	0.334855559136084	43
0.103033866383466	0.547002647083637	43
0.014486778123062	0.331447869942357	410
0.0148094482928141	0.331596623912213	410
-0.039493879245054	1.58837527877251	6
-0.106776854024284	1.73019642359919	53
-0.070925519747558	1.67112196378396	53
0.000906909127949995	0.546464500138251	781
-0.117798200896814	1.35440296252829	53
-0.027078765235821	1.20809961310438	53
-0.117822189095331	0.352614000083049	775
0.053936420092104	0.712011663513178	411
-0.037886711419733	0.546512641902705	411
-0.117953601258673	0.352597545210657	411
-0.078301301726967	0.33479207593374	615
-0.117769832347249	0.755064489985336	556
0.019134161331204	1.03933502905629	556
0.103290661682114	0.546833494074759	70
-0.07841782605487	0.334848424054662	70
0.102952818714724	0.546952016374648	70
-0.078461628969253	0.334855559136084	149
0.019677589313058	0.713346935133066	91
-0.118067240793936	0.352507886935394	721
-0.078505335439038	0.334807235682389	721
-0.038005310085013	0.546635957220775	184
-0.114307224486004	0.565109371608688	91
0.019653307162213	0.713016131073549	91
0.046542286709821	0.546503907985386	91
0.0197321128944981	0.713348024140361	91
0.095979364827558	0.715144881301218	457
0.096045190403945	0.71521740606195	457
0.110980596244526	1.03523462833595	91
-0.093661717601255	0.556778539148937	91
-0.118067240793936	0.352507886935394	83
-0.078577788973047	0.33472577676997	83
0.102871940568314	0.546825607663817	52
-0.117726037792187	0.352668549463053	52
-0.117953601258673	0.352597545210657	52
-0.078505335439038	0.334807235682389	763
-0.114477368199382	0.564955794700488	182
-0.00941982402070496	0.716383544036968	182
0.00100588235915999	0.546466020766528	182
-0.07834525013681	0.334887885324188	4
0.015015511027073	0.33174094912973	4
-0.118075945617532	0.352475981362613	4
-0.107376204489956	0.929717116730616	46
-0.107316176254408	0.929777291944621	561
-0.013498056537117	1.04762090174277	3
0.104686296322082	1.19146443481907	235
0.019571520063183	0.713070408413511	116
0.029632252354112	0.876035374220368	116
-0.114392293153171	0.565062488780271	69
-0.00946108220693898	0.716312897226207	411
0.124777087030697	0.879653666456889	411
0.0197321128944981	0.713348024140361	556
0.038023164817503	1.03603138721631	556
-0.075331537607413	0.730690182053905	556
0.0832199388499319	1.03342891156724	556
0.095781080857291	0.714913663492623	70
0.019706346180374	0.713178111821541	70
-0.038071737268363	0.546541091843573	70
0.000975541614245956	0.54652601352424	60
-0.078505335439038	0.334807235682389	96
-0.078316549947599	0.334892644976188	91
0.0539087006444871	0.712145574984858	91
-0.078461628969253	0.334855559136084	721
0.046629057528294	0.546502925119404	721
-0.118302831993215	0.35225745754692	184
-0.078505335439038	0.334807235682389	184
-0.117944825210674	0.352583555456159	184
-0.068813776492815	0.550467240857607	91
-0.114649822886347	0.564281342574699	91
-0.07849037707702	0.334766898185218	91
0.000975541614245956	0.54652601352424	91
0.088253967328347	0.876895031568286	457
-0.075230050713224	0.73089510779261	457
-0.0937121903663281	0.556668997193679	457
-0.117726037792187	0.352668549463053	52
0.046585173823348	0.546500154315464	52
-0.078461628969253	0.334855559136084	52
0.054006203687662	0.71236161428316	763
-0.118058519259127	0.352454317015294	17
-0.038110853061623	0.546487094584724	763
-0.07841782605487	0.334848424054662	17
-0.068683825888232	0.550453254299595	43
0.019836637271439	0.713404968703696	182
-0.056203011811603	0.725361460329095	182
-0.075136784989211	0.73079031751511	182
0.015221229893607	0.331833236925771	768
0.095952734120206	0.715189374908091	43
0.014486778123062	0.331447869942357	43
-0.0784328571216441	0.33484663200897	43
0.015015511027073	0.33174094912973	43
0.015015511027073	0.33174094912973	410
-0.097289863602586	0.922133991196602	53
0.083277918827538	1.0334434765609	53
0.00488431266118306	1.51432553580425	53
-0.075426259965715	1.07394649142643	53
0.102846126923184	0.546816711265645	775
0.096110950864864	0.715171097862936	775
-0.093739373147757	0.556695144537498	411
0.046607070563234	0.546529871565748	615
-0.032099330121934	0.887343608944125	556
-0.056203011811603	0.725361460329095	556
-0.00946108220693898	0.716312897226207	556
-0.114348610735491	0.565004808689118	556
-0.0784328571216441	0.33484663200897	70
0.046585173823348	0.546500154315464	70
-0.056249549463771	0.725241835891252	60
-0.078606608631892	0.334612044582887	96
0.014693051385642	0.33154041613148	96
0.000820935056823013	0.546362059972189	184
-0.078476515936851	0.334704051901253	91
-0.038164270843655	0.546436820610805	91
-0.0785341312035151	0.334774054050095	91
0.053955216946999	0.712091398415352	457
-0.03440264518922	0.720525053664774	91
-0.114370449554845	0.565048182756302	457
0.000730708390523027	0.546206964542419	457
0.102778255844793	0.546757450411459	91
0.0464775407151	0.546436206750712	52
0.088163238293904	0.87656172804364	763
0.015015511027073	0.33174094912973	17
-0.117962360601882	0.352531037221759	4
0.015221229893607	0.331833236925771	4
-0.07841782605487	0.334848424054662	4
-0.117953601258673	0.352597545210657	4
0.103033866383466	0.547002647083637	4
-0.117936032506574	0.352484678840578	4
-0.038071737268363	0.546541091843573	43
0.102684638589434	0.546640068159778	43
0.015748574968654	0.332008986763764	410
-0.064943831329579	1.06759296221992	46
-0.013536043247891	1.04752086611082	46
-0.00583294727399097	1.72635537668706	53
-0.01587940410415	1.35984554905427	53
0.00154229328788902	1.71484689607741	53
-0.0744353856066911	1.45255633343741	53
0.083371803070919	1.03358221731975	781
0.043910565659058	1.65855231885152	53
0.019089807374601	1.03929058895772	3
0.015748574968654	0.332008986763764	285
-0.0689117397669981	0.550461509138893	411
-0.117717152571787	0.352728572431533	775
-0.068767503504533	0.550523279279906	775
0.046693939241456	0.546484210727788	411
-0.056223086852438	0.725364716029639	411
-0.114370449554845	0.565048182756302	411
-0.038018362492673	0.546618402945273	479
-0.078577788973047	0.33472577676997	615
0.124604599239059	0.878980928270201	556
-0.075194405792904	0.730887963821288	556
0.083371803070919	1.03358221731975	556
-0.114453340493434	0.564710050313262	70
0.04652044983038	0.5464742420311	70
0.000820935056823013	0.546362059972189	70
-0.1143315130289	0.565026076353992	149
0.000898958716415987	0.546360004087353	149
0.102859024632958	0.546883761518186	545
0.015426605459758	0.331837835999836	96
0.015015511027073	0.33174094912973	96
-0.117594217230099	0.352759200610373	91
0.102952818714724	0.546952016374648	721
-0.0688511853149521	0.550507144497065	91
-0.038018362492673	0.546618402945273	184
0.102927125088669	0.54679237203476	184
0.046629057528294	0.546502925119404	91
-0.00948297216359295	0.716317009145669	91
0.014280160087122	0.331303341451248	83
-0.078200023477518	0.334804621115115	83
0.102859024632958	0.546883761518186	52
0.0148094482928141	0.331596623912213	52
0.000828254194413014	0.546393815900103	52
-0.037979217457885	0.546569081267276	763
-0.038018362492673	0.546618402945273	763
0.053848305481505	0.711939986651127	763
0.046261931560581	0.545830276161741	17
0.102871940568314	0.546825607663817	17
0.054150196357836	0.712431712436207	182
0.015015511027073	0.33174094912973	4
-0.078461628969253	0.334855559136084	43
-0.011837437515173	1.74177775092532	53
-0.093792453627986	0.556564105378166	781
0.019180873043068	1.0394635373765	561
-0.067622299287926	1.23376819519698	561
-0.042802871873193	1.38672327472107	53
-0.03785957873798	0.546631460156574	69
-0.068721229753652	0.550452179939583	411
0.00104417444327998	0.546490588732559	479
-0.114309633309467	0.565096016504913	411
-0.117594217230099	0.352759200610373	615
0.00093724327286504	0.546463920727753	615
0.110944973054865	1.03517063474896	556
0.00618228420571598	0.878119944977005	556
0.104887264375198	1.19161858121237	556
-0.00944172907490504	0.716353910708763	556
-0.06879064009276	0.550510843550439	60
0.102884874763862	0.546572093051792	60
0.000918451769796991	0.546500400749536	70
-0.034509424356442	0.720391229913387	60
-0.078505335439038	0.334807235682389	545
-0.078461628969253	0.334855559136084	545
-0.078389101895223	0.334894991105506	545
-0.038005310085013	0.546635957220775	91
0.014693051385642	0.33154041613148	721
-0.07849037707702	0.334766898185218	721
-0.093580178190461	0.556877278723426	91
0.04634816214787	0.546154657785757	91
-0.118075945617532	0.352475981362613	91
-0.038097810402228	0.546539513612059	457
0.015015511027073	0.33174094912973	83
-0.117944825210674	0.352583555456159	83
-0.078360353986935	0.334844260911513	83
-0.118180785688706	0.352378760345744	52
-0.093499944567344	0.556835931802578	763
0.000820935056823013	0.546362059972189	763
0.0464987030977601	0.546379576538645	763
0.096031860202732	0.71521854127108	763
0.053945827600581	0.712263366492621	43
0.019812401916228	0.713361601759979	43
0.102965692838688	0.546844532922721	4
0.015426605459758	0.331837835999836	4
-0.117480088539026	0.352775239077962	4
-0.118075945617532	0.352475981362613	4
0.046434639915807	0.546296788418666	4
-0.078505335439038	0.334807235682389	4
0.0464775407151	0.546436206750712	43
0.0466718923138591	0.546511095379513	43
0.102952818714724	0.546952016374648	43
0.000835561993079992	0.546388049889566	43
-0.117603173744174	0.352744510096783	43
-0.117944825210674	0.352583555456159	43
0.012882353460444	1.19735223216859	53
-0.027134444551089	1.20800704215112	53
-0.041121748222674	1.05691971525227	53
-0.067627524642366	1.23372079757166	53
0.014970972804762	1.50726056684775	53
-0.053560659702708	1.0617754168427	561
-0.075501443885689	1.07368668462934	561
0.059123111696657	1.03390001069984	561
-0.095030291978426	1.27916875242788	53
0.028288846699316	1.19491330310466	3
0.124818418432008	0.879584612404599	479
0.015221229893607	0.331833236925771	615
0.0379340453759029	1.03601928624716	556
0.054280355608211	0.712204657555519	556
0.08312609444212	1.03281126187315	556
-0.034382069378414	0.720536934995111	556
0.000820935056823013	0.546362059972189	556
-0.05639642526553	0.725071798583745	556
-0.037833422710626	0.54663314479618	60
0.0960185262887709	0.715177552485163	60
0.000906909127949995	0.546464500138251	70
0.015015511027073	0.33174094912973	70
0.001013853753835	0.54655060088885	70
-0.078316549947599	0.334892644976188	545
-0.078389101895223	0.334894991105506	545
0.0148094482928141	0.331596623912213	96
0.103127837722916	0.547021736367706	721
-0.118180785688706	0.352378760345744	721
-0.118049781061524	0.352274376811464	721
-0.038005310085013	0.546635957220775	91
0.046564213761884	0.546476908211474	91
0.054173462791167	0.71242442008755	457
-0.114265888199503	0.565150333147693	91
0.000925784738588953	0.546494659096437	52
0.013957208446354	0.331045765272962	763
0.014693051385642	0.33154041613148	52
-0.069018561500326	0.550257678966188	763
-0.0784328571216441	0.33484663200897	17
0.015426605459758	0.331837835999836	17
-0.118198069629608	0.352266186569217	17
0.000828254194413014	0.546393815900103	17
-0.114435994682675	0.565008227026761	182
-0.118084633681823	0.352321134986156	4
-0.078404061527277	0.334701676392793	4
-0.118019555122029	0.754163210254627	46
-0.0379922617403921	0.546620013704936	781
-0.00404382629957001	1.5236408626037	53
-0.117477560739077	1.114870216523	53
-0.034640717402545	0.72023739610064	69
0.000835561993079992	0.546388049889566	411
-0.078621350507474	0.334583333907498	615
0.015543409119394	0.331916984826515	615
0.014280160087122	0.331303341451248	615
-0.00931288111296402	0.716362062194478	556
0.102939962809722	0.546934303038246	70
0.124630985484723	0.879313791075463	70
0.046564213761884	0.546476908211474	70
0.000898958716415987	0.546360004087353	60
-0.117585244131276	0.352649603014564	545
-0.0784328571216441	0.33484663200897	545
0.014486778123062	0.331447869942357	545
0.015015511027073	0.33174094912973	272
-0.117944825210674	0.352583555456159	721
0.102859024632958	0.546883761518186	91
0.000799966130551999	0.546153818939665	91
-0.117831036354394	0.352673317989728	457
-0.068926044541021	0.550371904052352	91
-0.068902914788471	0.550319576187085	91
-0.078505335439038	0.334807235682389	83
0.014486778123062	0.331447869942357	83
-0.114414141529456	0.565049160716253	763
-0.038057544102325	0.546327355819651	763
-0.118302831993215	0.35225745754692	763
0.000850143544644966	0.546259365345522	763
-0.038005310085013	0.546635957220775	17
0.000933106370409997	0.546451336382571	43
0.001013853753835	0.54655060088885	43
-0.118075945617532	0.352475981362613	4
0.015015511027073	0.33174094912973	4
-0.07849037707702	0.334766898185218	4
-0.078389101895223	0.334894991105506	43
0.000745284981442995	0.546232890910934	43
0.102859024632958	0.546883761518186	43
-0.078461628969253	0.334855559136084	410
-0.123519061769625	1.1264355754909	53
-0.027035327549911	1.56005524942627	53
-0.027159401789886	1.20796009435625	53
-0.014223894947952	0.882182233157828	561
0.024722107006258	1.67730368162106	53
0.054725225407815	1.65122204042367	53
-0.109652232532745	1.32313296146327	53
-0.0972959080189429	0.92197255026699	3
-0.07834525013681	0.334887885324188	116
0.046521365237415	0.546317748025171	116
-0.075236849493847	0.730743400851236	69
0.019889638317436	0.713299599299119	411
0.00607380179973005	0.877953496140524	90
-0.117839866964325	0.352652701983811	615
-0.078373926576007	0.334752594792006	615
0.088208628204057	0.876775252081621	60
-0.093527128721198	0.556862079721386	70
0.029871931863377	0.876298095722246	60
-0.075243604209763	0.730412366417941	60
0.124798937057536	0.879642881682537	60
0.095873572645785	0.715100082050027	70
0.09567528658547	0.7144831081802	70
-0.038057544102325	0.546327355819651	70
-0.0784328571216441	0.33484663200897	272
0.019757873763193	0.71343453825599	91
-0.068813776492815	0.550467240857607	91
-0.117962360601882	0.352531037221759	91
-0.038084771804796	0.546557048928131	91
-0.06897230342571	0.550378261045452	91
-0.093714773776065	0.556752931738205	91
-0.114496969810073	0.564829164383971	457
0.019759377767588	0.713292588042902	91
0.095900177389557	0.715055557737215	91
0.014164037484612	0.331138547182105	83
0.046455763646197	0.546406595576815	591
-0.117953601258673	0.352597545210657	591
0.102859024632958	0.546883761518186	763
-0.068860048738165	0.550274059452707	9
0.000967604056485993	0.546403961082126	9
0.0148094482928141	0.331596623912213	17
0.001013853753835	0.54655060088885	17
0.000929339521959949	0.54630009282899	87
0.103033866383466	0.547002647083637	43
-0.07841782605487	0.334848424054662	4
0.000738002359985002	0.54623867910786	43
-0.078272649288975	0.334885576734114	410
0.015337900306628	0.331772940313554	410
0.015221229893607	0.331833236925771	410
-0.114142771517282	1.57668028621826	53
-0.049184388397122	1.21867017152026	561
-0.078461628969253	0.334855559136084	116
-0.07841782605487	0.334848424054662	116
-0.117953601258673	0.352597545210657	116
0.088406015823902	0.876999052332249	69
-0.09723294398704	0.922242984963119	69
0.046542286709821	0.546503907985386	716
-0.093795012818503	0.556596773272788	60
-0.0689117397669981	0.550461509138893	60
-0.114455530711662	0.564969109409345	60
-0.07841782605487	0.334848424054662	70
-0.06897230342571	0.550378261045452	70
-0.117822189095331	0.352614000083049	149
0.0464775407151	0.546436206750712	149
-0.078389101895223	0.334894991105506	272
0.013750033727378	0.330901102695796	184
0.102859024632958	0.546883761518186	91
-0.118058519259127	0.352454317015294	184
0.000820935056823013	0.546362059972189	91
0.000975541614245956	0.54652601352424	91
-0.118067240793936	0.352507886935394	820
-0.078505335439038	0.334807235682389	91
0.0540898352208991	0.712440424822514	91
-0.117831036354394	0.352673317989728	817
0.102965692838688	0.546844532922721	817
-0.038084771804796	0.546557048928131	91
-0.0688511853149521	0.550507144497065	591
-0.117594217230099	0.352759200610373	591
0.053862185711166	0.712043859085995	763
-0.114265888199503	0.565150333147693	9
-0.075114875323586	0.730940101546954	9
0.013750033727378	0.330901102695796	570
-0.068758647484942	0.550356675529182	43
0.102697656326824	0.546485183471197	43
0.102952818714724	0.546952016374648	43
0.0159533984203279	0.332013285790487	43
0.102871940568314	0.546825607663817	43
-0.068836912707137	0.55039022934489	43
0.054029465539626	0.712392747137759	43
0.12454587146669	0.879157328057056	43
0.053899309122687	0.712078870782328	43
0.015337900306628	0.331772940313554	410
-0.039848101561109	1.58472926841604	53
-0.027203949694687	1.55922264182029	53
-0.058610803266634	1.22607886303018	53
-0.053470465945729	1.06208868990135	53
-0.014967997909604	1.20280787677211	53
0.05710453767316	0.876072184225728	467
0.000813604587608041	0.546288457112092	69
-0.034517471672261	0.720206893065893	69
0.000820935056823013	0.546362059972189	411
0.000925784738588953	0.546494659096437	411
-0.069116582615907	0.550050728935172	716
0.0882744474039731	0.876904626318797	60
-0.00943919684822803	0.71627431722046	60
-0.068926044541021	0.550371904052352	70
-0.118180785688706	0.352378760345744	70
-0.038269833231409	0.546202489300631	70
-0.068949174085904	0.550390686111211	60
0.102697656326824	0.546485183471197	70
-0.11770825070934	0.352703851644874	70
0.0540759902405999	0.71233853678782	70
-0.038269833231409	0.546202489300631	70
-0.0785341312035151	0.334774054050095	60
-0.068683825888232	0.550453254299595	184
-0.118180785688706	0.352378760345744	91
0.019810889993383	0.71345620863575	91
0.103209164762305	0.546997639818529	91
0.10283324740414	0.546614527098771	91
-0.078505335439038	0.334807235682389	817
-0.0785341312035151	0.334774054050095	817
-0.038097810402228	0.546539513612059	591
-0.093713481518941	0.556786806671946	763
-0.117831036354394	0.352673317989728	763
0.095873572645785	0.715100082050027	17
-0.037886711419733	0.546512641902705	43
-0.056930341069063	1.41113776281468	53
-0.071031678663252	1.67081020879792	53
0.0545687598536611	1.65041410080777	53
0.08576584655603	1.98178903217561	53
-0.050546344442156	1.39753000935083	53
0.083190957312963	1.03336329103333	561
-0.057188502086391	1.41019158990987	53
-0.091614034866085	0.737561105105974	3
-0.061787667314698	0.900609735654237	3
0.014486778123062	0.331447869942357	116
-0.118075945617532	0.352475981362613	116
-0.0688049167957639	0.550500792823466	116
-0.105334882079699	0.74629325335144	69
-0.091498499960562	0.737840563009701	69
0.095794375808675	0.714954580622306	411
-0.068730104123347	0.550459572066759	411
-0.114540618240105	0.56483017811683	60
-0.034575059625792	0.720334444681076	60
-0.114435994682675	0.565008227026761	70
-0.038058706791953	0.546490151457986	60
0.0463694879634859	0.546199801059262	70
-0.117953601258673	0.352597545210657	70
0.019756369550568	0.713383002820867	60
0.103033866383466	0.547002647083637	149
0.046477046484654	0.54615121839201	149
-0.118067240793936	0.352507886935394	272
0.000918451769796991	0.546500400749536	91
-0.075172474316371	0.730976133216179	91
0.102697656326824	0.546485183471197	91
0.000745284981442995	0.546232890910934	91
0.10276529812906	0.546766261298029	91
-0.038005310085013	0.546635957220775	91
-0.117717152571787	0.352728572431533	820
0.000745284981442995	0.546232890910934	91
-0.068842343926711	0.550402812682356	91
0.0466499356636571	0.546481330595372	591
0.046542286709821	0.546503907985386	591
-0.117471060748345	0.352705040645203	591
-0.117726037792187	0.352668549463053	591
-0.0379128235471889	0.546654737619279	763
-0.068949174085904	0.550390686111211	763
0.00111280762093902	0.54629023057559	763
0.046629057528294	0.546502925119404	591
0.124755232228374	0.879621813051408	9
0.124881581230028	0.879454786689691	9
0.102871940568314	0.546825607663817	17
0.102671639124429	0.546588557482098	43
-0.117831036354394	0.352673317989728	4
-0.078301301726967	0.33479207593374	43
0.102846126923184	0.546816711265645	43
-0.033755130171475	1.57286742492373	274
-0.049045072197672	1.21881645073055	53
0.050781891369678	1.49289430532931	561
-0.0675472189477801	1.2338649777941	53
-0.105628063283948	0.745836605953634	3
-0.00946363872669098	0.71628986382389	467
-0.093661717601255	0.556778539148937	467
-0.118180785688706	0.352378760345744	116
0.056952808189603	0.875980833095336	69
0.110814682333386	1.0348402030311	69
0.000828254194413014	0.546393815900103	411
-0.0144393640398151	0.881705201091584	556
0.110814682333386	1.0348402030311	556
0.053969087339051	0.712294492055823	60
0.054029465539626	0.712392747137759	60
0.014073196708025	0.331075185621132	70
0.029519437316155	0.875628042518036	60
-0.117944825210674	0.352583555456159	70
0.10276529812906	0.546766261298029	149
0.103221876906599	0.546980598445863	149
-0.117839866964325	0.352652701983811	272
-0.07834525013681	0.334887885324188	272
0.019810889993383	0.71345620863575	91
0.0464775407151	0.546436206750712	184
-0.078389101895223	0.334894991105506	91
-0.093633235422332	0.556851668428262	457
-0.093660416875415	0.556847987421022	457
0.102778255844793	0.546757450411459	817
-0.093634539795058	0.556840951197036	817
0.103033866383466	0.547002647083637	591
0.014693051385642	0.33154041613148	591
0.001036249750337	0.546278648877764	591
0.0539087006444871	0.712145574984858	763
-0.034398822891881	0.720251121781267	763
-0.118075945617532	0.352475981362613	9
-0.118075945617532	0.352475981362613	87
-0.078621350507474	0.334583333907498	43
0.013750033727378	0.330901102695796	4
-0.118067240793936	0.352507886935394	410
-0.111013040255882	1.73901105337613	6
0.025947694936845	1.50082039796552	53
-0.02482905116177	1.76499004513656	53
-0.095175558298367	1.27834031513249	53
0.01335557205527	1.89601774045948	274
-0.013266666203504	1.0473774051003	561
0.115252724827595	1.49412929627161	561
0.019204241995885	1.03946102896951	561
-0.074371440850152	0.907955495506183	561
-0.105694517372337	0.74561228389987	561
-0.0142514185499381	0.882171872302385	467
0.015221229893607	0.331833236925771	116
0.11082151390221	1.0348726137943	69
-0.038110853061623	0.546487094584724	411
-0.056110035317386	0.725387802180536	90
0.0958602647171281	0.715059134269568	716
0.103127837722916	0.547021736367706	716
0.019568566726905	0.712880064187401	60
0.103153400334864	0.546632954787086	70
0.095886876869285	0.715098908302365	70
0.103046680452927	0.54697101885335	70
0.0464987030977601	0.546379576538645	70
0.0464987030977601	0.546379576538645	70
-0.118198069629608	0.352266186569217	149
0.0466499356636571	0.546481330595372	149
-0.117839866964325	0.352652701983811	149
-0.037965096577225	0.54650813320988	272
0.019571520063183	0.713070408413511	91
0.000929339521959949	0.54630009282899	184
0.000835561993079992	0.546388049889566	457
-0.034554495557787	0.720411590700479	91
-0.038071737268363	0.546541091843573	91
0.102927125088669	0.54679237203476	91
0.103127837722916	0.547021736367706	91
0.0540992530953111	0.712248168245602	91
-0.117822189095331	0.352614000083049	591
-0.037952022220819	0.546600633082636	591
0.096203362297145	0.714953346368002	763
-0.038044479500504	0.546473472346318	43
0.046542286709821	0.546503907985386	4
0.0159533984203279	0.332013285790487	4
-0.117944825210674	0.352583555456159	43
0.046434639915807	0.546296788418666	43
0.015015511027073	0.33174094912973	4
0.102965692838688	0.546844532922721	43
-0.0256332305049281	1.36821176407481	53
-0.025926138804789	1.95403362395226	53
-0.094580138710266	1.08749797157815	3
-0.117771210846362	0.755093886470174	3
0.096045190403945	0.71521740606195	467
0.12467245095911	0.879518477267215	69
0.00103063548220095	0.546424035832756	411
-0.118067240793936	0.352507886935394	411
-0.091534428452937	0.737747668005716	556
-0.00952676586833701	0.716223363511951	60
0.0197048500773001	0.713365515733353	60
-0.114411870070389	0.56491142273106	60
0.053885443008125	0.712114459554289	70
0.046563367283465	0.546405439872833	70
0.000975541614245956	0.54652601352424	70
-0.068926044541021	0.550371904052352	70
0.088036021785994	0.876292555257721	70
-0.117594217230099	0.352759200610373	149
0.000947715593884957	0.546225390280637	60
-0.118075945617532	0.352475981362613	149
-0.078316549947599	0.334892644976188	272
-0.037846498691002	0.546649045090273	91
0.000835561993079992	0.546388049889566	91
0.046629057528294	0.546502925119404	91
0.102778255844793	0.546757450411459	820
-0.038071737268363	0.546541091843573	91
0.102752358645311	0.546638913003178	591
0.000828254194413014	0.546393815900103	591
0.102671639124429	0.546588557482098	763
-0.117831036354394	0.352673317989728	591
-0.068828051153055	0.550519576410294	17
0.000906909127949995	0.546464500138251	43
0.04652044983038	0.5464742420311	43
0.015337900306628	0.331772940313554	4
-0.068813776492815	0.550467240857607	43
0.00772021999255301	2.08326928317015	274
0.048654297698733	1.34353801804319	53
-0.00162910420525597	1.19965349083693	561
-0.102892824114632	1.09601679332951	3
0.0159533984203279	0.332013285790487	285
0.019650330598824	0.713292319767363	69
-0.117634824129303	0.755082763045236	69
0.102859024632958	0.546883761518186	411
0.000918451769796991	0.546500400749536	411
-0.038269833231409	0.546202489300631	716
-0.00960933604854297	0.71605681931707	556
-0.038084771804796	0.546557048928131	60
-0.114647537411618	0.564559222984233	60
-0.093822185919136	0.556462972229039	60
0.056846009944997	0.875696225464736	70
-0.118058519259127	0.352454317015294	149
-0.03789976545186	0.546603825490813	149
0.0148094482928141	0.331596623912213	272
0.000925784738588953	0.546494659096437	272
0.096084253304256	0.715043963385721	91
-0.056130129714561	0.725329881974451	91
0.000868604531952033	0.54636055890442	184
-0.068949174085904	0.550390686111211	91
-0.034492832939962	0.720447115157577	91
-0.118311411153993	0.352176797827841	91
-0.038164270843655	0.546436820610805	91
-0.037979217457885	0.546569081267276	91
0.000868604531952033	0.54636055890442	91
-0.00952426338253898	0.71620400051152	457
0.000906909127949995	0.546464500138251	591
0.124755232228374	0.879621813051408	763
-0.0785341312035151	0.334774054050095	9
-0.117726037792187	0.352668549463053	43
-0.07849037707702	0.334766898185218	43
0.102927125088669	0.54679237203476	43
-0.038084771804796	0.546557048928131	4
-0.0756937220166219	1.07338037594544	416
0.059472501096271	2.01627454528653	53
-0.041121748222674	1.05691971525227	169
-0.027194692567746	1.55858592340642	53
0.0569321914684831	0.875913064305985	467
0.019783628750618	0.713437624154362	69
-0.1144797153157	0.564836165632304	411
-0.034509424356442	0.720391229913387	90
0.019809377821435	0.713350354371959	60
-0.114518791636372	0.564843479631815	60
-0.038071737268363	0.546541091843573	70
0.056759448845837	0.875386003690788	60
0.095900177389557	0.715055557737215	60
-0.093659117292473	0.556764329453062	149
0.095794375808675	0.714954580622306	91
-0.117726037792187	0.352668549463053	91
0.01959729993245	0.713177830099595	91
0.046607070563234	0.546529871565748	184
0.000918451769796991	0.546500400749536	91
-0.11770825070934	0.352703851644874	91
-0.0378064428923079	0.546340559933737	91
-0.078389101895223	0.334894991105506	820
0.053801794734888	0.711838320934994	457
0.095781080857291	0.714913663492623	457
-0.078606608631892	0.334612044582887	684
0.013750033727378	0.330901102695796	591
-0.117839866964325	0.352652701983811	591
0.102684638589434	0.546640068159778	591
-0.0784328571216441	0.33484663200897	17
-0.03789976545186	0.546603825490813	9
0.0464987030977601	0.546379576538645	9
0.095873572645785	0.715100082050027	17
0.000820935056823013	0.546362059972189	43
0.10276529812906	0.546766261298029	43
-0.078505335439038	0.334807235682389	4
-0.093901163292018	0.556370497555478	43
-0.078461628969253	0.334855559136084	43
-0.117726037792187	0.352668549463053	43
-0.0784328571216441	0.33484663200897	43
0.0148094482928141	0.331596623912213	43
0.014693051385642	0.33154041613148	43
-0.117839866964325	0.352652701983811	410
-0.032355369596037	1.95945472954505	274
-0.091541800397199	0.737831058575067	169
-0.02566232577755	1.36820988083313	53
-0.107430667087924	0.929254521513328	3
-0.067804773747584	1.23307438060247	3
-0.114161468874285	0.565054398802552	69
0.0570389897545101	0.876068893169666	90
-0.06879064009276	0.550510843550439	411
-0.117944825210674	0.352583555456159	716
-0.078389101895223	0.334894991105506	716
0.102752358645311	0.546638913003178	716
0.0884102084806811	0.876799658899346	556
-0.093713481518941	0.556786806671946	556
-0.037952022220819	0.546600633082636	60
-0.037925885706574	0.546670662650068	60
0.019783628750618	0.713437624154362	70
0.019783628750618	0.713437624154362	60
-0.0690791295365431	0.550136803431229	70
0.019624558410942	0.71323243362851	70
-0.068920586653216	0.550270340745516	70
0.095873572645785	0.715100082050027	70
-0.117953601258673	0.352597545210657	60
-0.117953601258673	0.352597545210657	149
0.019703353807297	0.713361334384664	91
-0.0688049167957639	0.550500792823466	91
0.103140609926255	0.546929797083206	91
0.102884874763862	0.546572093051792	91
-0.0689117397669981	0.550461509138893	91
0.000557335950880034	0.545683017976711	91
0.103127837722916	0.547021736367706	91
0.000940416657924992	0.546365990802168	91
0.102778255844793	0.546757450411459	817
0.00102330001336504	0.54650935831214	684
0.046542286709821	0.546503907985386	591
-0.078505335439038	0.334807235682389	591
0.015748574968654	0.332008986763764	591
-0.038044479500504	0.546473472346318	591
0.0464775407151	0.546436206750712	763
-0.118075945617532	0.352475981362613	591
0.046455763646197	0.546406595576815	591
0.054219996631278	0.712287186032236	9
0.0466280692664101	0.546386584989212	9
0.053922568196068	0.712192740421232	17
-0.117699332254476	0.352559690893245	17
-0.078548945585607	0.334664702764609	17
0.0883607294373659	0.876949959289591	87
0.014486778123062	0.331447869942357	43
0.046455763646197	0.546406595576815	4
0.102671639124429	0.546588557482098	4
-0.118198069629608	0.352266186569217	43
0.102791231826911	0.546553226745956	43
-0.039266224098226	1.58905297680201	53
0.114827980416434	1.49378509160816	3
-0.065115201480482	1.06717536258936	3
0.082988840586588	1.19159295097399	467
0.102871940568314	0.546825607663817	116
-0.093795012818503	0.556596773272788	716
-0.078316549947599	0.334892644976188	717
0.000906909127949995	0.546464500138251	70
-0.038123899783875	0.546394638638759	70
0.053899309122687	0.712078870782328	70
0.124925329630864	0.879475933481527	70
-0.03775405925185	0.546487155698763	60
0.053764648409098	0.711628756046282	149
-0.11770825070934	0.352703851644874	149
0.0463694879634859	0.546199801059262	149
0.000898958716415987	0.546360004087353	91
-0.009587467073083	0.716052689303468	91
-0.07841782605487	0.334848424054662	91
0.102952818714724	0.546952016374648	91
0.000898958716415987	0.546360004087353	91
-0.00961180881093904	0.716013820448199	457
-0.037938951930853	0.546653091630455	91
-0.117962360601882	0.352531037221759	684
-0.118180785688706	0.352378760345744	591
-0.117971103191881	0.352336843743416	684
0.096058516894194	0.715174091580805	763
0.102871940568314	0.546825607663817	17
-0.118189436041763	0.352386442821737	17
-0.117717152571787	0.352728572431533	17
0.0197321128944981	0.713348024140361	9
0.053969087339051	0.712294492055823	9
-0.117831036354394	0.352673317989728	87
-0.118180785688706	0.352378760345744	87
0.04636990975931	0.546127549646644	43
0.102939962809722	0.546934303038246	4
0.014693051385642	0.33154041613148	4
-0.118075945617532	0.352475981362613	4
-0.117831036354394	0.352673317989728	43
-0.078562903237043	0.334604884633838	410
0.000975541614245956	0.54652601352424	410
-0.097229923673406	0.92234577781416	416
-0.076297018795384	1.68098105611248	6
0.107130118993588	1.96741929020279	53
0.110179389656174	2.15015534130652	274
-0.079115831087999	1.46875512621953	53
-0.107463626409286	0.928959026765975	53
0.102603356643729	0.546367286270961	116
-0.009356698434968	0.716404692220104	69
0.102846126923184	0.546816711265645	411
0.0196488420251461	0.713134344128434	90
-0.0687069650987741	0.550472011957838	90
0.015221229893607	0.331833236925771	615
0.015543409119394	0.331916984826515	717
0.015748574968654	0.332008986763764	717
0.05705957812295	0.876060732863568	556
0.124414960814577	0.878528184709889	60
-0.06897230342571	0.550378261045452	60
0.054113099523654	0.712433124334927	70
0.095952734120206	0.715189374908091	70
-0.093660416875415	0.556847987421022	70
0.000835561993079992	0.546388049889566	70
0.124777087030697	0.879653666456889	60
-0.038190324491453	0.546366920879928	60
-0.038044479500504	0.546473472346318	149
0.015221229893607	0.331833236925771	272
0.095886876869285	0.715098908302365	91
-0.069093458268929	0.550094280150441	620
-0.078650217757543	0.334563833199289	184
-0.069070333709553	0.550106699395327	91
-0.037965096577225	0.54650813320988	91
0.053969087339051	0.712294492055823	371
-0.068963494801974	0.550198685459675	457
-0.0688511853149521	0.550507144497065	91
-0.0937678377201721	0.556691762056095	457
-0.078272649288975	0.334885576734114	91
-0.118189436041763	0.352386442821737	684
0.0148094482928141	0.331596623912213	684
0.046477046484654	0.54615121839201	591
0.102859024632958	0.546883761518186	591
0.000933106370409997	0.546451336382571	591
-0.068888608021291	0.550473937505231	9
0.013957208446354	0.331045765272962	17
0.000918451769796991	0.546500400749536	9
0.000918451769796991	0.546500400749536	9
-0.117848680876069	0.352546805204289	17
0.054066571244214	0.712409287520356	87
0.053969087339051	0.712294492055823	87
-0.069018561500326	0.550257678966188	87
0.015221229893607	0.331833236925771	4
-0.078476515936851	0.334704051901253	4
-0.078461628969253	0.334855559136084	43
0.046714735389882	0.546405370933732	43
0.000918451769796991	0.546500400749536	43
-0.078505335439038	0.334807235682389	410
-0.013532567022953	1.04758817660235	416
0.07955321643437	1.64240654220284	53
-0.020342883216122	1.54554528201338	53
-0.038071737268363	0.546541091843573	169
0.095913474208575	0.71496687423092	467
-0.032021858569792	0.887436662950177	3
0.0159533984203279	0.332013285790487	285
0.000730708390523027	0.546206964542419	69
-0.114438423082762	0.564756207903082	69
0.0195958193086681	0.713065355031222	90
-0.117726656968486	0.755137061573248	556
0.0958602647171281	0.715059134269568	70
0.000918451769796991	0.546500400749536	70
-0.0937121903663281	0.556668997193679	70
-0.114287758365962	0.565136977878951	70
-0.117953601258673	0.352597545210657	70
-0.078389101895223	0.334894991105506	96
-0.0689580026679329	0.550340898981373	91
-0.1143315130289	0.565026076353992	91
0.0198381532818001	0.713438718841988	91
0.000918451769796991	0.546500400749536	91
0.102952818714724	0.546952016374648	91
-0.078505335439038	0.334807235682389	684
0.00102330001336504	0.54650935831214	591
-0.118172118618263	0.352244085286353	591
-0.118075945617532	0.352475981362613	591
-0.056329826930416	0.725194243207079	9
-0.069064818785193	0.549972086772777	87
0.095952734120206	0.715189374908091	43
-0.078331582322939	0.334620740436342	4
0.000940416657924992	0.546365990802168	43
0.046455763646197	0.546406595576815	410
-0.091462202966592	0.737977904459406	416
0.080481830140662	1.49152902850266	416
-0.081477776275182	1.85410198651167	6
0.120136866266964	1.79352101732127	53
0.09386985127516	1.64145687565983	53
-0.091295632447112	0.737930760542805	3
-0.014367538669431	0.881939579689503	3
0.096097603943538	0.715130101138898	701
0.102952818714724	0.546952016374648	69
0.124606951859006	0.879422159973387	69
-0.0785341312035151	0.334774054050095	411
-0.105434479559369	0.74619652415854	90
0.00632718347467298	0.878423350453597	463
0.095952734120206	0.715189374908091	60
-0.117839866964325	0.352652701983811	60
0.01959729993245	0.713177830099595	60
0.054015607829325	0.712240290170832	70
0.102965692838688	0.546844532922721	70
0.000925784738588953	0.546494659096437	149
0.10276529812906	0.546766261298029	272
-0.07834525013681	0.334887885324188	96
0.01967609689596	0.713268882191315	91
-0.078505335439038	0.334807235682389	620
-0.037938951930853	0.546653091630455	620
-0.0785341312035151	0.334774054050095	91
-0.117944825210674	0.352583555456159	91
0.095873572645785	0.715100082050027	91
0.006341424541635	0.878193538331059	457
-0.068986622168958	0.550250990209298	457
0.096031860202732	0.71521854127108	91
-0.118067240793936	0.352507886935394	91
0.015426605459758	0.331837835999836	684
0.015337900306628	0.331772940313554	684
0.000967604056485993	0.546403961082126	9
0.102939962809722	0.546934303038246	17
-0.078505335439038	0.334807235682389	17
-0.009589915560407	0.716114521322415	87
-0.037886711419733	0.546512641902705	43
-0.117585244131276	0.352649603014564	43
0.000752556247718972	0.54618955126339	43
0.059095391321302	1.03384859375676	416
0.0345377569001351	2.22269633669356	53
-0.105368090967621	0.746294008908715	467
-0.013598095598544	1.04731749457333	69
0.083292209629135	1.03352059830306	69
0.000745284981442995	0.546232890910934	69
0.083089708710017	1.03299701464245	69
0.054182894416446	0.712153588700034	60
-0.038110853061623	0.546487094584724	60
0.000752556247718972	0.54618955126339	70
-0.118189436041763	0.352386442821737	70
0.0464775407151	0.546436206750712	70
-0.117944825210674	0.352583555456159	70
0.046261931560581	0.545830276161741	70
-0.117831036354394	0.352673317989728	149
-0.117603173744174	0.352744510096783	91
0.019836637271439	0.713404968703696	91
0.054126930245297	0.712400573859308	91
-0.118067240793936	0.352507886935394	91
-0.093580178190461	0.556877278723426	91
0.015221229893607	0.331833236925771	591
-0.078360353986935	0.334844260911513	591
0.015015511027073	0.33174094912973	17
0.015221229893607	0.331833236925771	17
0.000820935056823013	0.546362059972189	9
0.000918451769796991	0.546500400749536	43
0.046542286709821	0.546503907985386	43
-0.012250506473928	1.53564280737072	53
0.00705125358378	1.35072844938796	416
-0.025996982790582	1.95360283931265	53
-0.088017460594528	1.49995976720948	53
-0.068828051153055	0.550519576410294	69
0.083241583011624	1.03346831717552	69
-0.014273578951478	0.881720025752133	90
-0.07849037707702	0.334766898185218	60
-0.00942245890905402	0.716210224109516	60
0.057170063899786	0.876009696896862	556
0.0197048500773001	0.713365515733353	60
-0.0937678377201721	0.556691762056095	60
-0.069056003004485	0.550213767822116	60
0.110973754168909	1.03525734443883	60
0.0378233769806809	1.03574737161532	60
0.124735705690894	0.879610841769866	60
-0.114307224486004	0.565109371608688	60
-0.114455530711662	0.564969109409345	60
0.056732568709337	0.875432965157303	60
-0.034447714544559	0.720524184355505	60
0.046434639915807	0.546296788418666	272
-0.037966177236565	0.546477875264805	149
-0.078461628969253	0.334855559136084	272
0.013957208446354	0.331045765272962	96
0.102965692838688	0.546844532922721	620
0.014898980443409	0.331545372027833	620
0.015426605459758	0.331837835999836	620
0.000820935056823013	0.546362059972189	91
-0.118067240793936	0.352507886935394	91
-0.078693730736367	0.334421561941284	91
0.111009399555675	1.03519772250206	91
-0.03817729563763	0.546419306318742	591
0.015015511027073	0.33174094912973	591
0.10276529812906	0.546766261298029	591
0.053862185711166	0.712043859085995	9
-0.093634539795058	0.556840951197036	17
0.0148094482928141	0.331596623912213	17
-0.118180785688706	0.352378760345744	17
0.046326504549897	0.546125168287339	87
0.0958602647171281	0.715059134269568	87
0.015221229893607	0.331833236925771	4
-0.078577788973047	0.33472577676997	410
-0.067300072289316	1.2340846110027	416
-0.0267498839308	1.56047525245286	53
-0.058500808102627	1.22620935855528	53
0.037867909484907	1.03587856123788	53
-0.0893016904080371	1.26571543418461	53
-0.00941982402070496	0.716383544036968	467
-0.117953601258673	0.352597545210657	701
-0.093685005569229	0.556610111148418	90
0.046564213761884	0.546476908211474	60
0.029545625275952	0.875803783085334	556
0.054029465539626	0.712392747137759	60
0.103021070490942	0.546910029300553	70
0.124713866550428	0.879621645016318	70
-0.068721229753652	0.550452179939583	149
0.103115083689341	0.546978454245952	149
-0.068767503504533	0.550523279279906	91
-0.038084771804796	0.546557048928131	91
-0.114584285776041	0.564719438324633	91
0.000925784738588953	0.546494659096437	91
-0.0689117397669981	0.550461509138893	91
0.015337900306628	0.331772940313554	684
0.0463694879634859	0.546199801059262	591
0.015015511027073	0.33174094912973	17
-0.07841782605487	0.334848424054662	43
-0.11770825070934	0.352703851644874	4
0.103115083689341	0.546978454245952	43
0.000975541614245956	0.54652601352424	43
0.000918451769796991	0.546500400749536	43
-0.121122535249654	1.37173954394074	53
0.000584708454726024	1.92047199676242	53
0.088475900564815	0.876659666948719	169
-0.049109776860744	1.21874605884801	53
-0.083652928383389	1.48438897531021	53
-0.068995432562999	0.550334672525007	467
0.001013853753835	0.54655060088885	411
0.124713866550428	0.879621645016318	90
0.029672567232789	0.876021524406456	463
-0.117717152571787	0.352728572431533	615
0.013957208446354	0.331045765272962	717
-0.117837335854137	0.754965184976683	60
0.11079271707856	1.03478592110967	60
-0.034492832939962	0.720447115157577	60
0.0959660513274599	0.715188219408872	60
0.054140745083362	0.712133482626925	70
0.053862185711166	0.712043859085995	70
-0.093713481518941	0.556786806671946	60
-0.093820909427118	0.556596437211793	149
0.015132047963402	0.33154518134191	620
-0.118311411153993	0.352176797827841	620
0.102846126923184	0.546816711265645	620
-0.114416544711985	0.564897273997189	620
-0.117603173744174	0.352744510096783	91
0.095900177389557	0.715055557737215	91
-0.034579072363246	0.720370237594475	91
0.095926088576779	0.715062270678513	91
0.054015607829325	0.712240290170832	371
0.019729112390332	0.713290552810038	91
-0.078360353986935	0.334844260911513	91
0.0197048500773001	0.713365515733353	91
0.046607070563234	0.546529871565748	91
0.096124294069892	0.715169985531734	91
0.102684638589434	0.546640068159778	591
0.046499407903853	0.546409161577071	591
0.0464775407151	0.546436206750712	9
0.124480437616659	0.879061147541147	9
-0.078505335439038	0.334807235682389	17
0.102846126923184	0.546816711265645	17
-0.078316549947599	0.334892644976188	17
-0.06897230342571	0.550378261045452	43
0.014280160087122	0.331303341451248	43
-0.07841782605487	0.334848424054662	43
0.046304936937567	0.546030758488034	4
0.0464775407151	0.546436206750712	43
0.046455763646197	0.546406595576815	43
-0.117822189095331	0.352614000083049	43
0.001013853753835	0.54655060088885	43
-0.117726037792187	0.352668549463053	43
0.046541650916955	0.546177037573804	43
0.000925784738588953	0.546494659096437	410
0.0348373853538	1.85725529263619	53
0.025920705568718	1.50100349049518	53
-0.027777280848817	1.05218075029306	3
0.0591285984150311	1.03394982160885	3
0.000828254194413014	0.546393815900103	69
-0.037833422710626	0.54663314479618	69
-0.07841782605487	0.334848424054662	331
0.083422426304149	1.03351482746553	69
0.000828254194413014	0.546393815900103	90
-0.105334882079699	0.74629325335144	90
-0.114268378368817	0.565012286356702	90
-0.114353397523108	0.564923898181964	90
-0.068828051153055	0.550519576410294	60
-0.00954866961521095	0.71612262862002	60
0.054196729548054	0.712377530199034	60
0.095886876869285	0.715098908302365	60
-0.093633235422332	0.556851668428262	60
0.046434076670658	0.546311995607716	149
-0.078577788973047	0.33472577676997	96
-0.0785341312035151	0.334774054050095	96
-0.114477368199382	0.564955794700488	91
0.000975541614245956	0.54652601352424	620
0.000820935056823013	0.546362059972189	620
-0.068897453062561	0.550386522987246	91
0.00102330001336504	0.54650935831214	91
0.000975541614245956	0.54652601352424	91
-0.091469535744416	0.737939274151088	91
-0.093634539795058	0.556840951197036	371
-0.06897230342571	0.550378261045452	91
0.046781056230946	0.54631722748748	91
-0.114348610735491	0.565004808689118	91
-0.117839866964325	0.352652701983811	91
-0.117594217230099	0.352759200610373	818
0.000967604056485993	0.546403961082126	818
0.102939962809722	0.546934303038246	591
-0.0688511853149521	0.550507144497065	91
0.00108248032217095	0.546477609134593	591
-0.117831036354394	0.352673317989728	591
0.095715143638794	0.714748853923145	9
-0.117603173744174	0.352744510096783	17
0.103033866383466	0.547002647083637	17
-0.037925885706574	0.546670662650068	9
0.110944973054865	1.03517063474896	9
-0.118311411153993	0.352176797827841	17
0.04652044983038	0.5464742420311	43
0.000842858445567973	0.546344713229705	43
0.054113099523654	0.712433124334927	43
-0.07834525013681	0.334887885324188	43
0.095886876869285	0.715098908302365	43
-0.030161339646013	1.78030811555179	274
-0.06457663369476	1.83709283042789	53
-0.117750842630525	0.754865877976012	3
0.109131435572708	1.64130474133482	3
0.103033866383466	0.547002647083637	467
-0.117831036354394	0.352673317989728	69
-0.078155977037855	0.334709000248884	331
0.000820935056823013	0.546362059972189	90
-0.075324672019394	0.730615971858557	90
-0.114394671114916	0.564999444831835	90
0.046607070563234	0.546529871565748	615
-0.038123899783875	0.546394638638759	158
-0.0378857510345531	0.546486509346265	158
0.000738002359985002	0.54623867910786	60
-0.034451749180172	0.720304017679708	60
-0.069009749323291	0.550269762703352	60
-0.114435994682675	0.565008227026761	60
-0.034492832939962	0.720447115157577	60
0.029684438815449	0.875849202322143	70
0.000842858445567973	0.546344713229705	70
-0.037872662852266	0.546578998958016	70
0.095952734120206	0.715189374908091	60
0.054066571244214	0.712409287520356	60
-0.078389101895223	0.334894991105506	149
-0.078287826001005	0.334763248373849	272
-0.118180785688706	0.352378760345744	96
-0.117953601258673	0.352597545210657	91
0.0464775407151	0.546436206750712	91
0.096045190403945	0.71521740606195	91
-0.0688743192839571	0.55046354075607	620
0.046651134742099	0.546411601881918	620
-0.038018362492673	0.546618402945273	91
-0.0784328571216441	0.33484663200897	91
0.0466718923138591	0.546511095379513	91
0.000730708390523027	0.546206964542419	91
-0.093472758411958	0.556777040081062	91
0.000925784738588953	0.546494659096437	91
0.102684638589434	0.546640068159778	91
0.102859024632958	0.546883761518186	91
0.102778255844793	0.546757450411459	91
0.054043307590794	0.71233864047186	91
0.014693051385642	0.33154041613148	818
0.103021070490942	0.546910029300553	818
-0.078360353986935	0.334844260911513	684
-0.118189436041763	0.352386442821737	591
-0.117839866964325	0.352652701983811	91
0.000898958716415987	0.546360004087353	591
0.000759816151679971	0.546104221850815	9
-0.07849037707702	0.334766898185218	17
0.046283529498327	0.545859690871033	17
-0.078301301726967	0.33479207593374	43
0.015543409119394	0.331916984826515	4
0.014486778123062	0.331447869942357	43
0.103046680452927	0.54697101885335	43
0.0466499356636571	0.546481330595372	43
-0.097464446857398	0.921596746026256	169
-0.00180076841552002	1.19903675964405	3
0.057018367379662	0.876039347393869	69
0.001013853753835	0.54655060088885	90
-0.117944825210674	0.352583555456159	90
-0.032093890285498	0.887294539119594	90
-0.117953601258673	0.352597545210657	615
-0.117953601258673	0.352597545210657	158
-0.038018362492673	0.546618402945273	60
0.095807667058939	0.714953390541008	70
0.124648320481278	0.879392721604264	70
0.000842858445567973	0.546344713229705	60
0.019730612762067	0.713415955765321	60
0.019865418618769	0.713383282358074	60
-0.0785341312035151	0.334774054050095	149
-0.07834525013681	0.334887885324188	272
-0.075265612766468	0.730591999029455	91
0.014486778123062	0.331447869942357	620
-0.117839866964325	0.352652701983811	620
0.095912760237026	0.71492320367444	91
0.0959660513274599	0.715188219408872	91
-0.117831036354394	0.352673317989728	91
-0.034533936421003	0.720455500194939	91
-0.00948555297541398	0.716189107800634	371
-0.118067240793936	0.352507886935394	91
0.000898958716415987	0.546360004087353	91
0.000868604531952033	0.54636055890442	91
-0.117717152571787	0.352728572431533	818
-0.07849037707702	0.334766898185218	591
0.0464775407151	0.546436206750712	591
-0.093713481518941	0.556786806671946	591
-0.038084771804796	0.546557048928131	9
0.095939413203912	0.715148403086207	87
-0.118058519259127	0.352454317015294	43
0.015221229893607	0.331833236925771	4
-0.078316549947599	0.334892644976188	43
0.0464775407151	0.546436206750712	43
0.096031860202732	0.71521854127108	43
0.065070843742232	1.49179105429293	832
-0.11393919412101	1.57730568700141	274
-0.102961151180609	1.09589994973786	53
0.01499524568362	1.50706268573643	53
-0.105584648569741	1.55328803027108	53
-0.0784328571216441	0.33484663200897	31
-0.093687596325703	0.556815343915179	69
-0.114287758365962	0.565136977878951	90
-0.00971394192349895	0.715605257452121	90
-0.03789976545186	0.546603825490813	615
-0.034427154474773	0.720503966046749	60
-0.09358149103572	0.556825749594868	70
-0.114414141529456	0.565049160716253	60
0.096045190403945	0.71521740606195	60
0.000813604587608041	0.546288457112092	60
-0.078461628969253	0.334855559136084	96
-0.117944825210674	0.352583555456159	188
0.000975541614245956	0.54652601352424	620
0.046714735389882	0.546405370933732	91
0.102859024632958	0.546883761518186	91
0.046563367283465	0.546405439872833	91
0.000730708390523027	0.546206964542419	91
-0.038190324491453	0.546366920879928	91
0.00093724327286504	0.546463920727753	91
-0.03817729563763	0.546419306318742	91
0.014693051385642	0.33154041613148	684
-0.118302831993215	0.35225745754692	591
0.046586231010875	0.546385529373198	591
0.000868604531952033	0.54636055890442	9
0.102603356643729	0.546367286270961	17
-0.078316549947599	0.334892644976188	9
0.0464775407151	0.546436206750712	9
0.102871940568314	0.546825607663817	9
0.015221229893607	0.331833236925771	17
-0.117242407729136	0.352657196323027	43
0.015748574968654	0.332008986763764	4
0.102846126923184	0.546816711265645	43
0.103033866383466	0.547002647083637	43
-0.118084633681823	0.352321134986156	410
0.014280160087122	0.331303341451248	410
0.026784605813028	2.22653582211591	832
-0.069298808457988	1.43717548860682	832
-0.009356698434968	0.716404692220104	169
0.079510739350486	1.6416584853084	53
-0.083362297683251	1.48541647041414	53
-0.014179600996798	0.882232710887861	90
0.054066571244214	0.712409287520356	90
-0.114414141529456	0.565049160716253	463
-0.0784328571216441	0.33484663200897	158
-0.074933909475579	0.730906525036111	556
-0.038269833231409	0.546202489300631	391
0.054029465539626	0.712392747137759	60
-0.014262580163238	0.882105078313654	60
0.019756369550568	0.713383002820867	70
-0.0936319321625449	0.55670542275289	70
0.0592503761327871	1.03388412417129	60
0.056705631114964	0.875262032795501	60
0.102952818714724	0.546952016374648	60
-0.078505335439038	0.334807235682389	60
0.095807667058939	0.714953390541008	60
-0.0784328571216441	0.33484663200897	60
-0.0936863004103	0.556790487890074	91
-0.034488849485152	0.720468393435574	91
0.0539087006444871	0.712145574984858	91
0.053945827600581	0.712263366492621	214
-0.093552994386365	0.556851119320473	91
0.0148094482928141	0.331596623912213	91
-0.093525808577244	0.55679220859136	91
-0.037979217457885	0.546569081267276	91
0.015015511027073	0.33174094912973	684
0.013957208446354	0.331045765272962	684
0.015543409119394	0.331916984826515	684
0.054029465539626	0.712392747137759	591
0.0297188747502331	0.876185244053301	9
-0.038203357406109	0.546274512948649	17
-0.0688743192839571	0.55046354075607	87
-0.117717152571787	0.352728572431533	43
0.095873572645785	0.715100082050027	43
0.04652044983038	0.5464742420311	43
-0.075444045363119	1.24361544774827	832
-0.09497510662653	1.08660948432492	53
0.00775715575927605	2.08351220394565	53
-0.033432698408191	1.5736770091085	53
0.109131435572708	1.64130474133482	3
0.102859024632958	0.546883761518186	331
-0.034706397659959	0.720101173495409	69
0.057145788994723	0.876017723128893	90
0.124670173944602	0.879514467652847	90
0.019730612762067	0.713415955765321	463
-0.091498499960562	0.737840563009701	463
-0.014478054755069	0.881522667400559	463
0.103115083689341	0.546978454245952	615
-0.00952426338253898	0.71620400051152	60
-0.114394671114916	0.564999444831835	60
-0.069032876267602	0.550257340688247	60
-0.093688893413853	0.556683539931037	60
0.056846009944997	0.875696225464736	91
0.102871940568314	0.546825607663817	620
0.124606951859006	0.879422159973387	214
-0.093578866496309	0.556766590777846	91
-0.055963116073112	0.725262645717043	91
-0.114414141529456	0.565049160716253	371
0.029652411017309	0.876046324491345	371
-0.075143677647001	0.730973069548694	91
0.0883607294373659	0.876949959289591	91
0.014486778123062	0.331447869942357	684
0.0466718923138591	0.546511095379513	684
-0.078316549947599	0.334892644976188	684
0.0960185262887709	0.715177552485163	591
0.095873572645785	0.715100082050027	9
0.019677589313058	0.713346935133066	9
0.019623073931675	0.713199877922648	87
0.046434076670658	0.546311995607716	43
-0.117822189095331	0.352614000083049	4
0.014486778123062	0.331447869942357	43
-0.076160349139899	1.68167971767392	274
-0.117749589696493	0.755071497473236	169
0.055019421395037	1.65240959922556	53
-0.0970328908679729	0.92227846605545	3
-0.013567074958056	1.04751487278115	3
-0.114222162202182	0.565092705972109	90
0.0198381532818001	0.713438718841988	90
-0.117839866964325	0.352652701983811	158
-0.038084771804796	0.546557048928131	60
-0.117839866964325	0.352652701983811	60
-0.117717152571787	0.352728572431533	60
0.019570043504722	0.713085410637289	60
-0.068926044541021	0.550371904052352	60
-0.068897453062561	0.550386522987246	70
0.000918451769796991	0.546500400749536	60
-0.068949174085904	0.550390686111211	60
0.046586231010875	0.546385529373198	149
-0.03817729563763	0.546419306318742	149
0.015748574968654	0.332008986763764	96
-0.068926044541021	0.550371904052352	91
0.046412832540613	0.54632387049216	91
0.095900177389557	0.715055557737215	91
-0.078389101895223	0.334894991105506	91
-0.0689117397669981	0.550461509138893	371
-0.114414141529456	0.565049160716253	371
-0.03440264518922	0.720525053664774	91
-0.093687596325703	0.556815343915179	91
0.000868604531952033	0.54636055890442	591
0.046542286709821	0.546503907985386	591
0.000940416657924992	0.546365990802168	591
-0.00943919684822803	0.71627431722046	91
0.102859024632958	0.546883761518186	9
-0.00954614284563804	0.716208123014226	9
0.095873572645785	0.715100082050027	43
-0.078301301726967	0.33479207593374	4
0.015015511027073	0.33174094912973	4
0.000925784738588953	0.546494659096437	43
-0.038018362492673	0.546618402945273	43
0.000828254194413014	0.546393815900103	43
-0.117953601258673	0.352597545210657	43
0.014693051385642	0.33154041613148	43
0.014280160087122	0.331303341451248	43
0.053259644008067	2.37148743971371	6
0.015136087898575	1.50775294932861	53
0.095939413203912	0.715148403086207	69
0.124733372651614	0.879546458639137	90
-0.038151250108503	0.546420854556282	90
0.001013853753835	0.54655060088885	90
0.096070898945386	0.714904913916394	90
0.056952808189603	0.875980833095336	463
-0.093848084174891	0.556501472754065	90
0.088167685316824	0.876715975962942	60
-0.114584285776041	0.564719438324633	60
-0.069032876267602	0.550257340688247	60
-0.037978175000803	0.546362006532511	391
0.04634816214787	0.546154657785757	70
0.019729112390332	0.713290552810038	60
0.110741966718006	1.0345433623951	149
0.015132047963402	0.33154518134191	96
0.014280160087122	0.331303341451248	188
0.0148094482928141	0.331596623912213	188
0.124713866550428	0.879621645016318	91
0.124694274441782	0.87946409221883	91
-0.038097810402228	0.546539513612059	91
0.0466499356636571	0.546481330595372	91
-0.1144797153157	0.564836165632304	91
-0.093792453627986	0.556564105378166	371
0.103046680452927	0.54697101885335	91
-0.078461628969253	0.334855559136084	684
0.102965692838688	0.546844532922721	818
-0.06879064009276	0.550510843550439	818
-0.093501269533602	0.556788558096789	91
0.102965692838688	0.546844532922721	591
-0.0784328571216441	0.33484663200897	43
-0.118067240793936	0.352507886935394	43
-0.117839866964325	0.352652701983811	43
0.0466499356636571	0.546481330595372	43
-0.095311721120773	2.00094115763105	6
0.108971086210921	1.640843540313	169
-0.043018934410487	1.38604404463593	53
-0.024376622055488	1.76730047069437	53
-0.05635629523522	0.725156729313631	467
0.111075251697033	1.03522058427646	69
0.019623073931675	0.713199877922648	90
0.01959729993245	0.713177830099595	463
0.0883444929766321	0.876848304195452	463
-0.117962360601882	0.352531037221759	158
0.053982942164289	0.712290972688709	60
-0.034599615781616	0.720358404474324	60
0.019626042733507	0.713071516733049	391
0.019677589313058	0.713346935133066	60
0.096031860202732	0.71521854127108	60
0.088278754077182	0.876829800366686	60
-0.034579072363246	0.720370237594475	60
0.056972845941745	0.876009460002654	60
-0.068995432562999	0.550334672525007	149
0.102939962809722	0.546934303038246	91
0.103033866383466	0.547002647083637	91
-0.069056003004485	0.550213767822116	214
-0.037952022220819	0.546600633082636	91
0.000918451769796991	0.546500400749536	91
0.096031860202732	0.71521854127108	91
0.00605962485043299	0.877886849981588	371
0.054043307590794	0.71233864047186	371
0.019626042733507	0.713071516733049	91
-0.118075945617532	0.352475981362613	818
-0.118067240793936	0.352507886935394	91
-0.068949174085904	0.550390686111211	91
0.015015511027073	0.33174094912973	17
0.0464775407151	0.546436206750712	43
0.046564213761884	0.546476908211474	43
-0.093740660621265	0.556754166748311	43
-0.078461628969253	0.334855559136084	4
0.046434639915807	0.546296788418666	43
0.008099161775735	1.69949504471017	53
-0.085608678635409	1.08016533035307	169
0.033653781464753	1.34489264888941	53
-0.114457852611772	0.564938315062389	467
-0.117838707226608	0.754959302790805	69
-0.00948297216359295	0.716317009145669	90
0.0882744474039731	0.876904626318797	90
-0.068963494801974	0.550198685459675	90
-0.093527128721198	0.556862079721386	90
0.019756369550568	0.713383002820867	463
-0.034468279547934	0.720512319695876	463
-0.032276705841022	0.886671986423239	60
-0.0382568181762299	0.546254831510538	60
0.000820935056823013	0.546362059972189	60
-0.093687596325703	0.556815343915179	391
-0.037833422710626	0.54663314479618	391
-0.117822189095331	0.352614000083049	70
0.0466499356636571	0.546481330595372	60
0.046629057528294	0.546502925119404	60
0.102952818714724	0.546952016374648	60
0.053982942164289	0.712290972688709	149
-0.068888608021291	0.550473937505231	149
-0.078316549947599	0.334892644976188	188
0.000662199786762963	0.545975134251731	91
0.095952734120206	0.715189374908091	91
0.103033866383466	0.547002647083637	91
0.0198381532818001	0.713438718841988	91
-0.114457852611772	0.564938315062389	371
-0.034599615781616	0.720358404474324	371
0.0464775407151	0.546436206750712	91
0.001013853753835	0.54655060088885	91
0.0463911152322391	0.546294317805983	91
0.08312609444212	1.03281126187315	91
-0.038005310085013	0.546635957220775	591
0.046434076670658	0.546311995607716	591
0.102952818714724	0.546952016374648	9
-0.038402991641367	0.545705075298784	43
-0.117953601258673	0.352597545210657	43
0.052276058813167	2.03085073612136	6
-0.026378569448542	1.94997171582376	274
0.081792660039157	1.80684549788894	53
-0.0863528672364789	0.914990027670136	3
-0.055956865716956	0.725245209653277	467
0.046499407903853	0.546409161577071	31
0.046563367283465	0.546405439872833	331
0.029612091239785	0.875988688644532	69
-0.034447714544559	0.720524184355505	90
0.057012770254448	0.875952894068987	90
0.12439741393633	0.878513359632496	90
-0.093552994386365	0.556851119320473	90
0.014280160087122	0.331303341451248	158
-0.07841782605487	0.334848424054662	158
-0.0561628696494561	0.725260835339231	60
-0.014190759959593	0.882143206626074	60
-0.00933478747411098	0.716400610903666	60
0.054066571244214	0.712409287520356	60
-0.11456244962031	0.564789288279985	60
0.046542286709821	0.546503907985386	391
-0.07849037707702	0.334766898185218	70
-0.093687596325703	0.556815343915179	60
0.000640427480989025	0.545992606068971	60
-0.093527128721198	0.556862079721386	60
-0.118075945617532	0.352475981362613	188
-0.07849037707702	0.334766898185218	188
-0.118189436041763	0.352386442821737	91
-0.118189436041763	0.352386442821737	91
-0.093688893413853	0.556683539931037	91
0.019677589313058	0.713346935133066	214
0.046434076670658	0.546311995607716	91
-0.0689348713150461	0.550417910328223	214
0.0540759902405999	0.71233853678782	91
0.095807667058939	0.714953390541008	91
-0.117717152571787	0.352728572431533	818
0.054043307590794	0.71233864047186	9
0.00093724327286504	0.546463920727753	17
0.054038868586876	0.712149939613597	87
-0.037979217457885	0.546569081267276	43
-0.07834525013681	0.334887885324188	43
-0.117717152571787	0.352728572431533	43
0.046455763646197	0.546406595576815	43
0.000828254194413014	0.546393815900103	43
-0.113575392504285	1.33972357340928	6
-0.0136360832977031	1.04724923431853	53
0.048515592518417	1.34320054919399	53
-0.123370920254988	1.12687034369732	53
-0.0587535998469	1.22577539028248	3
-0.012714672220953	1.53397261298003	3
-0.038071737268363	0.546541091843573	467
-0.114435994682675	0.565008227026761	331
-0.034447714544559	0.720524184355505	69
-0.117839866964325	0.352652701983811	158
0.088319752008557	0.87697089157298	60
0.0540898352208991	0.712440424822514	391
-0.03429586505462	0.720477020260131	60
0.0464775407151	0.546436206750712	188
0.046714735389882	0.546405370933732	188
0.046412832540613	0.54632387049216	188
0.015543409119394	0.331916984826515	96
-0.0937678377201721	0.556691762056095	91
0.10276529812906	0.546766261298029	91
0.000933106370409997	0.546451336382571	91
0.000647696275498988	0.546024271228124	91
0.0960185262887709	0.715177552485163	91
-0.114477368199382	0.564955794700488	91
0.000820935056823013	0.546362059972189	91
-0.038164270843655	0.546436820610805	91
0.000828254194413014	0.546393815900103	91
0.124777087030697	0.879653666456889	371
-0.068995432562999	0.550334672525007	91
0.124609172878749	0.87936817253218	91
0.014486778123062	0.331447869942357	818
-0.078461628969253	0.334855559136084	818
-0.093499944567344	0.556835931802578	91
0.000925784738588953	0.546494659096437	91
-0.118075945617532	0.352475981362613	591
0.095912760237026	0.71492320367444	9
0.019783628750618	0.713437624154362	9
-0.117944825210674	0.352583555456159	9
0.124755232228374	0.879621813051408	87
-0.118084633681823	0.352321134986156	43
0.0464987030977601	0.546379576538645	4
0.102927125088669	0.54679237203476	43
-0.037938951930853	0.546653091630455	43
-0.0379128235471889	0.546654737619279	43
0.046499407903853	0.546409161577071	43
-0.037925885706574	0.546670662650068	43
0.03792659821061	1.49648857995737	53
0.024406358058168	1.6761035142962	53
-0.05736460423415	1.40973911047872	53
-0.07466874485543	0.907535557159409	3
-0.107190774041487	0.929945972165273	3
-0.056576272080307	0.724530003406938	90
0.00616806386856195	0.878246517858907	69
0.019730612762067	0.713415955765321	90
0.088081397256763	0.876441822856445	60
-0.0379128235471889	0.546654737619279	60
-0.117953601258673	0.352597545210657	391
0.095807667058939	0.714953390541008	60
0.0540992530953111	0.712248168245602	60
0.095939413203912	0.715148403086207	60
-0.069018561500326	0.550257678966188	60
-0.03785957873798	0.546631460156574	149
0.095886876869285	0.715098908302365	149
-0.038005310085013	0.546635957220775	149
-0.117953601258673	0.352597545210657	188
-0.0688511853149521	0.550507144497065	188
-0.11456244962031	0.564789288279985	91
-0.038084771804796	0.546557048928131	91
-0.0346612756057429	0.720124378498833	91
-0.07841782605487	0.334848424054662	91
-0.038203357406109	0.546274512948649	91
-0.037938951930853	0.546653091630455	91
0.057018367379662	0.876039347393869	91
-0.118075945617532	0.352475981362613	91
-0.068836912707137	0.55039022934489	91
-0.078272649288975	0.334885576734114	91
-0.038018362492673	0.546618402945273	91
-0.117944825210674	0.352583555456159	91
0.0464775407151	0.546436206750712	91
-0.0689348713150461	0.550417910328223	91
0.014693051385642	0.33154041613148	818
-0.0784328571216441	0.33484663200897	818
-0.037872662852266	0.546578998958016	91
0.102671639124429	0.546588557482098	91
-0.114435994682675	0.565008227026761	91
0.019730612762067	0.713415955765321	9
0.000835561993079992	0.546388049889566	9
0.103046680452927	0.54697101885335	17
-0.038058706791953	0.546490151457986	43
0.0464987030977601	0.546379576538645	4
0.000835561993079992	0.546388049889566	43
-0.058648237877088	1.22596527369842	3
0.102965692838688	0.546844532922721	467
-0.075252003956264	0.730865020105919	464
0.059233743487657	1.03406903103067	90
-0.014223894947952	0.882182233157828	463
0.103209164762305	0.546997639818529	158
-0.0745581760456689	0.907812036948747	206
-0.093713481518941	0.556786806671946	60
0.088142785712204	0.876592296547469	60
0.095873572645785	0.715100082050027	60
0.0540759902405999	0.71233853678782	391
-0.037925885706574	0.546670662650068	149
0.029871931863377	0.876298095722246	60
0.095873572645785	0.715100082050027	149
-0.068888608021291	0.550473937505231	149
0.014486778123062	0.331447869942357	188
-0.038123899783875	0.546394638638759	188
0.088015565027794	0.876201370018679	91
0.088340243285842	0.876980504085175	254
-0.093927076103156	0.556293316562473	91
-0.038005310085013	0.546635957220775	91
0.124458616787187	0.878939544559931	214
0.124837813731355	0.879257730952005	91
0.046326504549897	0.546125168287339	91
0.095873572645785	0.715100082050027	91
-0.038071737268363	0.546541091843573	91
-0.038084771804796	0.546557048928131	91
-0.068828051153055	0.550519576410294	91
0.000918451769796991	0.546500400749536	91
-0.078505335439038	0.334807235682389	91
-0.117717152571787	0.352728572431533	591
0.102952818714724	0.546952016374648	591
-0.038071737268363	0.546541091843573	591
-0.078243973092459	0.334811636820967	43
-0.068920586653216	0.550270340745516	43
0.000828254194413014	0.546393815900103	43
0.0464775407151	0.546436206750712	43
-0.093659117292473	0.556764329453062	43
0.019571520063183	0.713070408413511	43
-0.078127518410869	2.25424821863337	6
-0.038125220810424	0.546278728368417	467
0.04652044983038	0.5464742420311	331
0.0195958193086681	0.713065355031222	158
-0.118180785688706	0.352378760345744	60
0.088233482129389	0.876845308069539	60
-0.0937121903663281	0.556668997193679	60
-0.038097810402228	0.546539513612059	391
-0.07849037707702	0.334766898185218	391
-0.0688743192839571	0.55046354075607	60
-0.038310387631324	0.546035344324959	91
-0.0785341312035151	0.334774054050095	91
0.0464775407151	0.546436206750712	91
0.0539087006444871	0.712145574984858	91
-0.0688511853149521	0.550507144497065	214
-0.078505335439038	0.334807235682389	91
0.095886876869285	0.715098908302365	91
0.088299255605635	0.876921147738516	91
-0.114435994682675	0.565008227026761	91
0.095728421926689	0.71474764956451	591
0.0466280692664101	0.546386584989212	9
0.095820954610095	0.714910037968309	9
-0.093687596325703	0.556815343915179	9
0.102952818714724	0.546952016374648	17
0.014280160087122	0.331303341451248	43
-0.038018362492673	0.546618402945273	43
0.026859099780542	2.22719362232076	53
0.029724799912908	0.876137017952781	464
0.014693051385642	0.33154041613148	31
-0.01429571564028	0.88209857524078	69
-0.038084771804796	0.546557048928131	90
-0.0937121903663281	0.556668997193679	158
-0.078505335439038	0.334807235682389	158
-0.0379922617403921	0.546620013704936	158
0.00108248032217095	0.546477609134593	60
-0.00957057795756699	0.715980537546645	60
-0.068860048738165	0.550274059452707	60
-0.0936319321625449	0.55670542275289	60
-0.034690003029282	0.720037016954227	60
-0.114416544711985	0.564897273997189	60
-0.032215473041966	0.886964579977082	60
0.111068476319611	1.03487507893515	60
-0.00969441484176203	0.715830355827975	60
0.095728421926689	0.71474764956451	60
-0.078505335439038	0.334807235682389	149
-0.118084633681823	0.352321134986156	188
0.001013853753835	0.54655060088885	91
-0.00933478747411098	0.716400610903666	91
-0.038071737268363	0.546541091843573	91
0.046412832540613	0.54632387049216	91
-0.118311411153993	0.352176797827841	91
-0.034447714544559	0.720524184355505	371
0.014486778123062	0.331447869942357	91
-0.078461628969253	0.334855559136084	91
-0.0785341312035151	0.334774054050095	91
-0.114477368199382	0.564955794700488	91
0.015015511027073	0.33174094912973	591
-0.093660416875415	0.556847987421022	9
0.102884874763862	0.546572093051792	43
0.046606293096119	0.546158185143479	43
-0.078404061527277	0.334701676392793	43
0.103033866383466	0.547002647083637	31
-0.107378896999183	0.929537048546976	69
0.00221140790938801	1.0434365739063	69
-0.075273940273028	0.730771216314519	90
-0.014245776865652	0.882094926568233	463
-0.068888608021291	0.550473937505231	90
0.056997740262475	0.875971560613141	158
0.054043307590794	0.71233864047186	158
-0.056349902896603	0.725104009361192	60
-0.0379128235471889	0.546654737619279	391
-0.038110853061623	0.546487094584724	70
-0.114394671114916	0.564999444831835	60
-0.114268378368817	0.565012286356702	60
-0.068897453062561	0.550386522987246	60
-0.034488849485152	0.720468393435574	60
0.124755232228374	0.879621813051408	60
-0.037966177236565	0.546477875264805	149
0.110951798594377	1.03523014207993	725
0.037645960183645	1.03481923447663	91
-0.00952426338253898	0.71620400051152	91
0.0958602647171281	0.715059134269568	91
0.00102330001336504	0.54650935831214	91
-0.114265888199503	0.565150333147693	214
-0.118067240793936	0.352507886935394	91
0.096058516894194	0.715174091580805	91
0.103021070490942	0.546910029300553	91
0.096031860202732	0.71521854127108	91
0.00626185634365595	0.878197278877868	91
0.110980596244526	1.03523462833595	91
-0.068888608021291	0.550473937505231	91
0.000820935056823013	0.546362059972189	91
0.046455763646197	0.546406595576815	591
-0.117717152571787	0.352728572431533	43
0.000940416657924992	0.546365990802168	43
-0.114457852611772	0.564938315062389	43
-0.0937678377201721	0.556691762056095	87
-0.0689348713150461	0.550417910328223	43
-0.034579072363246	0.720370237594475	43
-0.056884647837981	2.11856048530973	6
-0.100862068371172	2.26206047496702	6
0.00542130588700795	1.51578024268047	53
-0.091440565917268	0.738008800795051	464
0.102939962809722	0.546934303038246	331
0.0464775407151	0.546436206750712	90
-0.091672021842519	0.737450169628426	158
0.095900177389557	0.715055557737215	60
-0.068799520105544	0.550222858983593	391
-0.117831036354394	0.352673317989728	391
-0.0561364250077741	0.725408162069438	60
0.00103063548220095	0.546424035832756	70
0.029525468315603	0.87572038958259	60
-0.091295978749964	0.737745360387134	60
0.124670173944602	0.879514467652847	60
-0.078287826001005	0.334763248373849	60
-0.068828051153055	0.550519576410294	60
-0.118067240793936	0.352507886935394	188
-0.07834525013681	0.334887885324188	91
-0.056422923749636	0.724997239271892	91
-0.0689580026679329	0.550340898981373	214
-0.0785341312035151	0.334774054050095	91
-0.118189436041763	0.352386442821737	91
0.102939962809722	0.546934303038246	214
0.015015511027073	0.33174094912973	91
0.095952734120206	0.715189374908091	591
0.083124461750837	1.19172192881312	9
0.053922568196068	0.712192740421232	9
0.053969087339051	0.712294492055823	17
-0.00948051824763696	0.716090014627408	87
0.014693051385642	0.33154041613148	43
-0.0937678377201721	0.556691762056095	87
-0.00927167395286799	0.716368602560022	43
0.000925676955900956	2.08993753418465	274
-0.116967171527558	0.936973587394613	53
-0.100346499272106	1.2932574237778	53
-0.038677267133192	1.21279215257163	53
-0.107176420948117	0.929964649420889	3
-0.091418911945889	0.737977304230574	464
0.053969087339051	0.712294492055823	90
-0.093634539795058	0.556840951197036	90
-0.093740660621265	0.556754166748311	158
-0.037938951930853	0.546653091630455	158
0.019730612762067	0.713415955765321	60
-0.037925885706574	0.546670662650068	60
-0.068828051153055	0.550519576410294	60
-0.093740660621265	0.556754166748311	60
0.124692022634661	0.879589807933839	60
-0.038005310085013	0.546635957220775	60
-0.038084771804796	0.546557048928131	70
-0.069102255866311	0.550020700954404	60
0.019653307162213	0.713016131073549	60
-0.078505335439038	0.334807235682389	188
0.103059512734654	0.546803258889018	91
-0.0379128235471889	0.546654737619279	91
-0.093714773776065	0.556752931738205	214
-0.093659117292473	0.556764329453062	214
0.096045190403945	0.71521740606195	91
0.0959660513274599	0.715188219408872	91
-0.068949174085904	0.550390686111211	91
-0.00954866961521095	0.71612262862002	214
0.000828254194413014	0.546393815900103	91
-0.069032876267602	0.550257340688247	91
0.124650622700453	0.879529294170625	371
-0.069116582615907	0.550050728935172	371
-0.114455530711662	0.564969109409345	91
0.046607070563234	0.546529871565748	591
-0.07841782605487	0.334848424054662	591
0.00103063548220095	0.546424035832756	91
0.095900177389557	0.715055557737215	91
-0.0689348713150461	0.550417910328223	91
-0.0689117397669981	0.550461509138893	91
-0.00948297216359295	0.716317009145669	91
-0.093607359992403	0.556873595673821	9
0.095992674622349	0.715056204037152	9
-0.11424402281122	0.565136053841601	9
0.124713866550428	0.879621645016318	9
-0.114516657403024	0.564549805858163	87
-0.114348610735491	0.565004808689118	87
-0.093820909427118	0.556596437211793	87
0.046542286709821	0.546503907985386	43
-0.093660416875415	0.556847987421022	43
0.000918451769796991	0.546500400749536	43
0.000828254194413014	0.546393815900103	43
0.019066457641215	1.03916078046145	186
-0.117486961919375	1.35564295894487	180
-0.0688743192839571	0.55046354075607	90
-0.1143509382464	0.565110324997158	90
-0.078316549947599	0.334892644976188	158
0.000975541614245956	0.54652601352424	158
-0.0937678377201721	0.556691762056095	60
-0.105550656039566	0.746062817168851	60
0.0882949223562151	0.876874066340018	60
-0.09157078063151	0.737761533975191	60
-0.034492832939962	0.720447115157577	60
-0.117962360601882	0.352531037221759	60
-0.00954614284563804	0.716208123014226	60
-0.0935828051287359	0.556598592575817	60
0.046412832540613	0.54632387049216	60
0.124438950681885	0.8788558578305	60
0.088299255605635	0.876921147738516	60
0.000738002359985002	0.54623867910786	149
-0.078360353986935	0.334844260911513	188
0.000752556247718972	0.54618955126339	91
-0.078316549947599	0.334892644976188	91
-0.114287758365962	0.565136977878951	254
0.0464987030977601	0.546379576538645	91
-0.069056003004485	0.550213767822116	214
0.029897987807422	0.876302865179944	214
-0.0938196340612309	0.556560417149379	91
-0.0688743192839571	0.55046354075607	91
0.000828254194413014	0.546393815900103	91
-0.009397923564752	0.716379445772882	371
0.0958602647171281	0.715059134269568	371
-0.09358149103572	0.556825749594868	371
-0.118198069629608	0.352266186569217	91
-0.037965096577225	0.54650813320988	91
0.015748574968654	0.332008986763764	591
0.0148094482928141	0.331596623912213	591
0.000828254194413014	0.546393815900103	91
0.000633147336721041	0.545919148687291	9
-0.078389101895223	0.334894991105506	9
0.046499407903853	0.546409161577071	9
-0.056303413484868	0.72506390916025	87
-0.093580178190461	0.556877278723426	87
-0.034447714544559	0.720524184355505	87
-0.034340932565907	0.720463241052629	87
-0.038045680374561	0.546398943965734	43
0.104150017482025	2.34223197985436	274
0.120359344738696	2.14077986767107	53
-0.038842045777987	1.96505963074443	53
-0.114623583444261	0.564467813730792	664
-0.078621350507474	0.334583333907498	90
0.00590753836038704	0.877339412318377	463
-0.014334402694099	0.881988217754878	463
-0.0785341312035151	0.334774054050095	158
-0.078461628969253	0.334855559136084	158
0.053982942164289	0.712290972688709	60
-0.068828051153055	0.550519576410294	60
-0.068926044541021	0.550371904052352	60
-0.093634539795058	0.556840951197036	60
0.059421822248702	1.03389794751607	60
-0.034382069378414	0.720536934995111	60
0.054043307590794	0.71233864047186	60
0.000730708390523027	0.546206964542419	149
0.029771026745541	0.876059199250941	149
0.029438840710157	0.875364847062525	725
0.046412832540613	0.54632387049216	149
-0.0785341312035151	0.334774054050095	188
-0.038230800237506	0.546256352478611	91
-0.07841782605487	0.334848424054662	91
0.046607070563234	0.546529871565748	91
-0.117944825210674	0.352583555456159	91
-0.075433021261079	0.730341831449667	214
0.124606951859006	0.879422159973387	214
0.111002540927795	1.03530269085676	214
-0.06897230342571	0.550378261045452	91
-0.056130129714561	0.725329881974451	371
0.102965692838688	0.546844532922721	591
-0.118067240793936	0.352507886935394	591
-0.034624257244852	0.720213691471364	9
0.046455763646197	0.546406595576815	591
-0.117831036354394	0.352673317989728	9
0.019679081531942	0.713233529096698	9
-0.117839866964325	0.352652701983811	17
-0.117831036354394	0.352673317989728	43
-0.038269833231409	0.546202489300631	43
-0.070928726766912	1.67124930757953	274
0.107543046422889	1.96831297628405	53
-0.105270580574738	1.55451058192454	180
0.00669980882141696	1.35028664030487	180
0.056886108648653	0.875870098818518	464
-0.117772512347212	0.754975681351362	69
-0.093740660621265	0.556754166748311	90
-0.075114875323586	0.730940101546954	463
0.00619694321422604	0.878324258787082	463
-0.114435994682675	0.565008227026761	463
-0.00952426338253898	0.71620400051152	463
-0.0319552679466401	0.887543075681398	463
0.014280160087122	0.331303341451248	158
0.046499407903853	0.546409161577071	158
0.019650330598824	0.713292319767363	60
0.054043307590794	0.71233864047186	60
0.046693939241456	0.546484210727788	149
0.111075251697033	1.03522058427646	60
-0.03466531760267	0.720222122204125	725
-0.117953601258673	0.352597545210657	188
-0.118180785688706	0.352378760345744	188
0.014693051385642	0.33154041613148	188
-0.093766553916435	0.556691460943664	254
0.056952808189603	0.875980833095336	254
0.095846953081435	0.714973032125146	91
0.046434076670658	0.546311995607716	214
-0.056422923749636	0.724997239271892	214
-0.068888608021291	0.550473937505231	91
0.095820954610095	0.714910037968309	371
0.053899309122687	0.712078870782328	371
-0.078404061527277	0.334701676392793	591
-0.114117689706506	0.565053552264131	9
0.046455763646197	0.546406595576815	591
-0.118067240793936	0.352507886935394	591
0.000925784738588953	0.546494659096437	9
0.053959680966698	0.712177078510325	87
-0.114518791636372	0.564843479631815	87
-0.118180785688706	0.352378760345744	43
-0.068865476075376	0.550455151752996	86
-0.088189076202568	1.49924265114423	274
-0.049045072197672	1.21881645073055	53
-0.018372360242748	1.7543612748876	180
0.015941782343507	1.68722952806962	180
0.00484095331130097	1.51404862435349	464
0.083234284243508	1.03326819429948	90
0.124842622780701	0.879487615612185	463
0.00587865503913998	0.877145962155025	90
0.088258247423362	0.876693510115728	60
-0.114625712135806	0.564629028837333	60
-0.014311912151687	0.881792986368178	60
-0.114392293153171	0.565062488780271	60
0.124840284125199	0.879616479175003	60
0.029724799912908	0.876137017952781	60
-0.034620164127948	0.720314515791548	60
0.124670173944602	0.879514467652847	343
-0.00969685789833996	0.715720631626657	60
-0.038151250108503	0.546420854556282	60
0.095900177389557	0.715055557737215	60
-0.118067240793936	0.352507886935394	188
-0.114268378368817	0.565012286356702	725
0.014486778123062	0.331447869942357	188
0.05413636415528	0.712386219229169	254
0.04652044983038	0.5464742420311	91
-0.056196679117971	0.725326387420048	91
0.00626185634365595	0.878197278877868	254
0.019756369550568	0.713383002820867	214
-0.068920586653216	0.550270340745516	91
0.046283459281589	0.545802815271353	91
-0.014472490316893	0.881575309194271	371
0.000940416657924992	0.546365990802168	591
0.095820954610095	0.714910037968309	9
0.04652044983038	0.5464742420311	591
0.096124294069892	0.715169985531734	9
0.014898980443409	0.331545372027833	17
0.019757873763193	0.71343453825599	87
0.0464775407151	0.546436206750712	43
-0.118067240793936	0.352507886935394	43
0.04636990975931	0.546127549646644	43
-0.118075945617532	0.352475981362613	43
0.0148094482928141	0.331596623912213	43
0.00093724327286504	0.546463920727753	87
0.088208628204057	0.876775252081621	86
-0.037925885706574	0.546670662650068	43
0.0197321128944981	0.713348024140361	43
-0.0537160878565091	1.06126721474465	186
0.03792659821061	1.49648857995737	180
-0.097201466909514	0.922336673106909	195
-0.047740169526196	0.893686282016011	195
-0.105517435290424	0.746127570500988	463
0.0464987030977601	0.546379576538645	90
0.019651818943123	0.713251012434848	90
0.10276529812906	0.546766261298029	158
0.054052727722994	0.712385443173546	60
0.029785323019797	0.876278188632412	60
-0.00931288111296402	0.716362062194478	60
-0.078577788973047	0.33472577676997	149
-0.038243807178627	0.546272322571263	60
0.095926088576779	0.715062270678513	149
-0.00952676586833701	0.716223363511951	149
-0.03440264518922	0.720525053664774	725
0.088299255605635	0.876921147738516	725
0.103033866383466	0.547002647083637	617
-0.093765271178391	0.556537976415837	617
-0.056243164537198	0.725337625091135	254
0.095873572645785	0.715100082050027	91
0.000654953713115969	0.546018463507429	91
-0.038203357406109	0.546274512948649	91
-0.0785341312035151	0.334774054050095	91
-0.038018362492673	0.546618402945273	214
0.000738002359985002	0.54623867910786	361
-0.068949174085904	0.550390686111211	91
0.019729112390332	0.713290552810038	371
0.046412832540613	0.54632387049216	591
0.046455763646197	0.546406595576815	591
-0.093846812481052	0.556527792026658	9
-0.0689580026679329	0.550340898981373	9
0.0883650057201501	0.876939662208736	9
-0.068926044541021	0.550371904052352	9
0.000918451769796991	0.546500400749536	17
-0.009376027707654	0.716340876958858	87
0.019651818943123	0.713251012434848	87
-0.068865476075376	0.550455151752996	87
0.000933106370409997	0.546451336382571	507
-0.070611301624766	1.84196794598062	53
-0.097324329023789	0.922144222479853	186
-0.095170558125985	1.2787624082338	180
-0.118075945617532	0.352475981362613	31
-0.117953601258673	0.352597545210657	331
-0.038005310085013	0.546635957220775	90
0.053959680966698	0.712177078510325	90
0.00210465827317896	1.0433668673619	463
0.000975541614245956	0.54652601352424	90
-0.038044479500504	0.546473472346318	158
0.000906909127949995	0.546464500138251	60
-0.00946108220693898	0.716312897226207	60
0.029672567232789	0.876021524406456	60
0.04636990975931	0.546127549646644	343
0.056977108402305	0.875863628466965	60
0.053945827600581	0.712263366492621	149
-0.078650217757543	0.334563833199289	149
0.000933106370409997	0.546451336382571	725
0.124711508301496	0.879424700802614	725
0.095886876869285	0.715098908302365	725
0.095781080857291	0.714913663492623	617
0.0882949223562151	0.876874066340018	254
-0.114309633309467	0.565096016504913	254
-0.038005310085013	0.546635957220775	254
-0.118180785688706	0.352378760345744	214
-0.117726037792187	0.352668549463053	361
0.04652044983038	0.5464742420311	714
-0.117848680876069	0.352546805204289	413
0.014486778123062	0.331447869942357	413
0.103127837722916	0.547021736367706	91
0.102871940568314	0.546825607663817	593
-0.00952676586833701	0.716223363511951	371
-0.037938951930853	0.546653091630455	371
-0.11770825070934	0.352703851644874	9
0.111088935124075	1.03519031143188	9
0.0195155367897401	0.71276567928507	9
0.0146030411225651	0.331368587604412	482
0.053945827600581	0.712263366492621	9
0.015221229893607	0.331833236925771	17
0.053931958623145	0.712138276644329	87
-0.037938951930853	0.546653091630455	87
-0.078548945585607	0.334664702764609	243
-0.00933478747411098	0.716400610903666	507
0.059062193879704	1.03369855316535	186
0.083328528866371	1.03354848355549	174
0.020200149802503	1.88329110092955	180
-0.068995432562999	0.550334672525007	738
-0.00960933604854297	0.71605681931707	90
-0.0785341312035151	0.334774054050095	90
-0.118180785688706	0.352378760345744	343
0.046391747410539	0.546036139861055	343
0.00093724327286504	0.546463920727753	343
-0.0382568181762299	0.546254831510538	60
0.088237735644331	0.876506062268376	60
-0.093660416875415	0.556847987421022	149
-0.0915347144767949	0.737379463252563	725
0.095992674622349	0.715056204037152	725
0.103140609926255	0.546929797083206	617
-0.0936060519635859	0.55682550587557	617
-0.11770825070934	0.352703851644874	617
-0.068949174085904	0.550390686111211	617
-0.078389101895223	0.334894991105506	617
-0.093661717601255	0.556778539148937	254
-0.0936863004103	0.556790487890074	91
-0.00948297216359295	0.716317009145669	214
-0.091259747551794	0.738047949348543	214
-0.037925885706574	0.546670662650068	714
0.000647696275498988	0.546024271228124	714
-0.118311411153993	0.352176797827841	413
-0.078505335439038	0.334807235682389	91
-0.00963120961932595	0.716027240369008	91
-0.078621350507474	0.334583333907498	593
-0.038164270843655	0.546436820610805	593
-0.068865476075376	0.550455151752996	371
-0.0690791295365431	0.550136803431229	371
0.053992347414343	0.712287188803804	591
-0.034468279547934	0.720512319695876	9
0.019783628750618	0.713437624154362	9
-0.0937678377201721	0.556691762056095	9
0.046607070563234	0.546529871565748	9
0.000918451769796991	0.546500400749536	482
-0.038071737268363	0.546541091843573	9
0.000842858445567973	0.546344713229705	9
-0.037938951930853	0.546653091630455	17
-0.118172118618263	0.352244085286353	17
0.054113099523654	0.712433124334927	87
-0.117936032506574	0.352484678840578	243
0.124798937057536	0.879642881682537	507
-0.100638465840312	1.29220101641939	53
-0.050709328930081	1.39690763268465	53
-0.053544091211114	1.06183140214113	186
0.063168665658545	1.19219372087577	186
-0.110515261610201	1.10482018625346	180
0.083039085824687	1.03273101498689	69
0.000716086436444052	0.54600503823188	90
0.083234284243508	1.03326819429948	117
0.0571251657062371	0.876064091324464	60
0.088167685316824	0.876715975962942	60
0.000925784738588953	0.546494659096437	343
-0.093713481518941	0.556786806671946	60
-0.00961180881093904	0.716013820448199	149
-0.068813776492815	0.550467240857607	725
-0.0379922617403921	0.546620013704936	254
0.046434076670658	0.546311995607716	617
0.000828254194413014	0.546393815900103	254
-0.114433698001673	0.564954796623497	91
-0.068865476075376	0.550455151752996	91
-0.034427154474773	0.720503966046749	214
-0.068897453062561	0.550386522987246	361
0.0198381532818001	0.713438718841988	214
0.046585173823348	0.546500154315464	714
0.0958602647171281	0.715059134269568	91
0.00100588235915999	0.546466020766528	593
-0.038005310085013	0.546635957220775	9
-0.069018561500326	0.550257678966188	9
0.096110950864864	0.715171097862936	9
-0.117831036354394	0.352673317989728	482
0.019862378612839	0.713245001275938	9
-0.078360353986935	0.334844260911513	17
-0.078461628969253	0.334855559136084	17
0.046585173823348	0.546500154315464	17
0.04652044983038	0.5464742420311	17
-0.093633235422332	0.556851668428262	87
-0.078606608631892	0.334612044582887	243
0.012728284030966	1.19683262961834	186
0.102591088723537	0.546462507198581	31
-0.093792453627986	0.556564105378166	277
-0.093739373147757	0.556695144537498	277
-0.056223086852438	0.725364716029639	90
0.095873572645785	0.715100082050027	60
-0.034513382215166	0.720467348802245	60
0.124458616787187	0.878939544559931	60
-0.118189436041763	0.352386442821737	149
0.046499407903853	0.546409161577071	149
0.000820935056823013	0.546362059972189	149
-0.056349902896603	0.725104009361192	149
-0.075287604554656	0.73069365770342	725
-0.114435994682675	0.565008227026761	725
0.10276529812906	0.546766261298029	617
-0.068767503504533	0.550523279279906	617
0.096058516894194	0.715174091580805	91
-0.07841782605487	0.334848424054662	770
-0.068781782240572	0.550448454438737	91
0.046434639915807	0.546296788418666	91
0.096176646140746	0.714913445411332	91
-0.037846498691002	0.546649045090273	91
0.054257086393886	0.712294950457914	371
-0.114499210463847	0.564914880949432	668
0.088401686362883	0.876760411365959	9
0.00616806386856195	0.878246517858907	9
-0.069125381996347	0.549851322819289	9
0.054015607829325	0.712240290170832	9
0.015221229893607	0.331833236925771	17
0.000925784738588953	0.546494659096437	17
-0.0936863004103	0.556790487890074	86
-0.0333962498353511	1.5739116053112	53
-0.085422795166995	1.08063873012094	186
-0.042906462407196	1.38650759631796	53
-0.056303413484868	0.72506390916025	174
0.088253967328347	0.876895031568286	738
-0.047763350092051	0.893685116740861	195
0.083350157481386	1.03361293187285	195
0.019754865027211	0.713123414578146	117
0.00102330001336504	0.54650935831214	343
0.019623073931675	0.713199877922648	60
0.000842858445567973	0.546344713229705	60
-0.093901163292018	0.556370497555478	60
0.00102330001336504	0.54650935831214	149
-0.037952022220819	0.546600633082636	149
-0.038097810402228	0.546539513612059	149
-0.00933478747411098	0.716400610903666	725
0.088233482129389	0.876845308069539	254
-0.093793732675255	0.556658827111305	254
0.0463911152322391	0.546294317805983	91
-0.0688511853149521	0.550507144497065	714
-0.078389101895223	0.334894991105506	413
-0.118067240793936	0.352507886935394	593
0.0960185262887709	0.715177552485163	593
-0.078272649288975	0.334885576734114	593
-0.075252003956264	0.730865020105919	9
0.000925784738588953	0.546494659096437	482
-0.117831036354394	0.352673317989728	482
0.000820935056823013	0.546362059972189	9
0.124862145042816	0.87960571839731	9
-0.034575059625792	0.720334444681076	9
-0.0689348713150461	0.550417910328223	9
0.054029465539626	0.712392747137759	17
-0.0784328571216441	0.33484663200897	17
0.0466499356636571	0.546481330595372	17
0.124755232228374	0.879621813051408	87
-0.093740660621265	0.556754166748311	87
-0.114375286790928	0.564782827527414	87
-0.078476515936851	0.334704051901253	87
0.096163282481416	0.714827363154726	243
-0.038018362492673	0.546618402945273	86
-0.117065367268365	0.936735264624574	53
0.028274581382981	1.19469353061597	186
-0.11394478629117	1.33831626501271	53
-0.089128553764167	1.26590715004817	186
-0.03431644674336	0.720497189814194	362
-0.114501582793346	0.564695124389443	362
0.014164037484612	0.331138547182105	472
-0.118058519259127	0.352454317015294	277
0.095728421926689	0.71474764956451	277
-0.068888608021291	0.550473937505231	90
0.110951798594377	1.03523014207993	463
-0.037820350796082	0.546582268714128	90
-0.086277363044032	0.915207044131543	117
-0.093793732675255	0.556658827111305	206
0.0148094482928141	0.331596623912213	343
0.014486778123062	0.331447869942357	343
0.10276529812906	0.546766261298029	60
0.00100588235915999	0.546466020766528	149
0.015426605459758	0.331837835999836	149
-0.105522891897071	0.746061653274897	725
0.029744976750487	0.876220495142696	254
0.054043307590794	0.71233864047186	254
-0.114518791636372	0.564843479631815	254
0.000654953713115969	0.546018463507429	254
0.014693051385642	0.33154041613148	413
0.015748574968654	0.332008986763764	413
0.001013853753835	0.54655060088885	91
-0.078389101895223	0.334894991105506	593
-0.117831036354394	0.352673317989728	593
0.014898980443409	0.331545372027833	488
-0.117944825210674	0.352583555456159	593
0.000925784738588953	0.546494659096437	593
-0.056223086852438	0.725364716029639	371
0.019650330598824	0.713292319767363	371
0.057190702343613	0.876001630236121	668
-0.034447714544559	0.720524184355505	668
-0.038084771804796	0.546557048928131	9
0.0466280692664101	0.546386584989212	482
0.0148094482928141	0.331596623912213	482
-0.07841782605487	0.334848424054662	482
-0.118302831993215	0.35225745754692	9
-0.078461628969253	0.334855559136084	17
-0.093580178190461	0.556877278723426	87
0.015543409119394	0.331916984826515	243
0.015015511027073	0.33174094912973	243
-0.075201265336757	0.730950141111018	86
-0.056309753607088	0.725252132108966	507
-0.05620942652624	0.725073374682093	507
0.00853306300080103	1.70096206200964	274
-0.00941982402070496	0.716383544036968	186
0.088253967328347	0.876895031568286	362
-0.105478728985256	0.746198927886119	362
-0.00954866961521095	0.71612262862002	174
0.000975541614245956	0.54652601352424	598
0.019489751480815	0.712789003425625	598
-0.061495762871388	0.900913574862511	737
-0.032060598640212	0.887405666998746	367
0.000716086436444052	0.54600503823188	158
-0.014301256463164	0.881994742874262	117
0.095952734120206	0.715189374908091	343
0.046693939241456	0.546484210727788	343
0.102939962809722	0.546934303038246	343
0.102884874763862	0.546572093051792	343
-0.0784328571216441	0.33484663200897	149
-0.078505335439038	0.334807235682389	149
0.095926767328343	0.714824911788157	149
-0.038164270843655	0.546436820610805	254
-0.038084771804796	0.546557048928131	617
-0.034513382215166	0.720467348802245	254
0.015543409119394	0.331916984826515	395
-0.07841782605487	0.334848424054662	395
-0.078548945585607	0.334664702764609	361
-0.117831036354394	0.352673317989728	91
0.000842858445567973	0.546344713229705	361
0.053969087339051	0.712294492055823	714
-0.117831036354394	0.352673317989728	413
-0.078621350507474	0.334583333907498	413
0.0148094482928141	0.331596623912213	413
-0.038125220810424	0.546278728368417	91
0.046651134742099	0.546411601881918	593
0.056846009944997	0.875696225464736	371
-0.06879064009276	0.550510843550439	668
-0.068865476075376	0.550455151752996	9
0.103127837722916	0.547021736367706	482
0.088299255605635	0.876921147738516	9
0.054080398971561	0.712216045333864	87
0.053871561375106	0.711932697918948	87
-0.078389101895223	0.334894991105506	243
0.0379124475816111	1.03597363358319	186
-0.094692382162156	1.08742580931654	186
-0.068828051153055	0.550519576410294	362
0.101237774825983	1.34498915188768	195
-0.034538000308954	0.720296452449875	117
-0.117858881199237	0.754847544131532	206
0.053945827600581	0.712263366492621	206
-0.034554495557787	0.720411590700479	206
0.053982942164289	0.712290972688709	206
0.103021070490942	0.546910029300553	177
0.04652044983038	0.5464742420311	343
-0.078505335439038	0.334807235682389	343
-0.078389101895223	0.334894991105506	149
-0.09371606723568	0.556549724778025	149
0.102939962809722	0.546934303038246	149
-0.038031418964221	0.546565959336452	149
0.019756369550568	0.713383002820867	149
-0.117726037792187	0.352668549463053	149
0.124502253673663	0.879136385409782	254
-0.047786521134555	0.893646188952004	254
-0.114477368199382	0.564955794700488	254
-0.114416544711985	0.564897273997189	254
-0.093499944567344	0.556835931802578	254
0.102684638589434	0.546640068159778	91
0.102939962809722	0.546934303038246	361
-0.117953601258673	0.352597545210657	413
-0.078505335439038	0.334807235682389	593
0.014280160087122	0.331303341451248	488
0.096071839675282	0.715085441540634	9
-0.038164270843655	0.546436820610805	9
-0.118067240793936	0.352507886935394	482
-0.078404061527277	0.334701676392793	9
-0.117594217230099	0.352759200610373	17
0.014486778123062	0.331447869942357	144
0.046585173823348	0.546500154315464	87
0.053862185711166	0.712043859085995	87
-0.075064151604082	0.730989813026705	87
-0.066158524204627	1.65761021917552	274
-0.049480796545231	1.21714569340564	53
0.104753899032287	1.19161392370034	362
0.0197866446995379	0.713194851678183	598
-0.114307224486004	0.565109371608688	738
0.0148094482928141	0.331596623912213	472
0.014280160087122	0.331303341451248	472
0.124648320481278	0.879392721604264	277
-0.093820909427118	0.556596437211793	90
0.110850316388818	1.03491796718739	90
-0.034447714544559	0.720524184355505	90
-0.091643031173661	0.73751967141941	367
0.018982627896885	1.03889332972793	367
0.046629057528294	0.546502925119404	343
0.000835561993079992	0.546388049889566	343
0.095991847315707	0.714952330398763	343
-0.093446902512934	0.556766128564488	177
0.00093724327286504	0.546463920727753	343
-0.118180785688706	0.352378760345744	149
0.0466280692664101	0.546386584989212	149
0.102846126923184	0.546816711265645	149
-0.114392293153171	0.565062488780271	725
-0.114287758365962	0.565136977878951	725
0.019703353807297	0.713361334384664	725
0.000898958716415987	0.546360004087353	725
-0.068986622168958	0.550250990209298	254
0.059056666976828	1.03374631450049	254
-0.078461628969253	0.334855559136084	395
-0.078389101895223	0.334894991105506	770
0.015337900306628	0.331772940313554	770
-0.114455530711662	0.564969109409345	214
0.015015511027073	0.33174094912973	413
0.00102330001336504	0.54650935831214	593
0.103290661682114	0.546833494074759	488
0.000835561993079992	0.546388049889566	9
0.054159629118594	0.712295852078253	9
-0.0937678377201721	0.556691762056095	17
0.0463694879634859	0.546199801059262	87
0.046585173823348	0.546500154315464	87
0.046693939241456	0.546484210727788	87
0.014693051385642	0.33154041613148	243
-0.038164270843655	0.546436820610805	507
0.095781080857291	0.714913663492623	507
-0.114222162202182	0.565092705972109	507
0.012854491277899	1.1971395882897	53
-0.02702603382141	1.56000118052501	53
0.10137491214904	1.34498960858184	186
0.0828325571943161	1.19107279182436	174
0.019730612762067	0.713415955765321	598
-0.047761394008061	0.893528128774944	737
0.015015511027073	0.33174094912973	472
-0.118084633681823	0.352321134986156	331
-0.037938951930853	0.546653091630455	90
0.000906909127949995	0.546464500138251	90
-0.037979217457885	0.546569081267276	90
-0.068995432562999	0.550334672525007	117
0.019756369550568	0.713383002820867	149
0.095820954610095	0.714910037968309	149
-0.117953601258673	0.352597545210657	149
0.088167685316824	0.876715975962942	60
0.00108248032217095	0.546477609134593	149
0.095952734120206	0.715189374908091	149
-0.0688049167957639	0.550500792823466	149
-0.038164270843655	0.546436820610805	149
0.054006203687662	0.71236161428316	617
0.095794375808675	0.714954580622306	254
-0.114521057504065	0.564844995830792	254
-0.117734906321331	0.352482391383828	91
0.095873572645785	0.715100082050027	361
-0.118075945617532	0.352475981362613	361
-0.118075945617532	0.352475981362613	413
-0.117936032506574	0.352484678840578	488
-0.068943720058377	0.550100846909495	593
0.046607070563234	0.546529871565748	668
0.095952734120206	0.715189374908091	9
0.037844948212315	1.035864581319	9
0.019730612762067	0.713415955765321	9
-0.078461628969253	0.334855559136084	144
0.088299255605635	0.876921147738516	87
-0.093687596325703	0.556815343915179	87
-0.117962360601882	0.352531037221759	243
-0.03475156865274	0.720001626855283	507
0.102884874763862	0.546572093051792	43
-0.038190324491453	0.546366920879928	43
0.014280160087122	0.331303341451248	43
0.042420977266698	2.21907813626586	274
-0.09497510662653	1.08660948432492	186
0.063164984232143	1.19220937725065	186
-0.065213023110993	1.06659899130764	180
-0.110452523367198	1.10507042123934	737
0.014486778123062	0.331447869942357	472
0.058995827827445	1.03324231670586	195
-0.11424402281122	0.565136053841601	90
-0.0936060519635859	0.55682550587557	90
-0.114265888199503	0.565150333147693	90
-0.034706397659959	0.720101173495409	367
-0.07849037707702	0.334766898185218	158
-0.056309753607088	0.725252132108966	117
-0.069032876267602	0.550257340688247	177
-0.118067240793936	0.352507886935394	343
-0.038018362492673	0.546618402945273	343
0.0466499356636571	0.546481330595372	343
0.095913474208575	0.71496687423092	60
-0.093580178190461	0.556877278723426	60
-0.03817729563763	0.546419306318742	149
0.000820935056823013	0.546362059972189	149
0.0466499356636571	0.546481330595372	149
-0.068730104123347	0.550459572066759	149
-0.034517471672261	0.720206893065893	617
0.00607380179973005	0.877953496140524	254
-0.068865476075376	0.550455151752996	254
0.014486778123062	0.331447869942357	395
0.015221229893607	0.331833236925771	395
-0.118189436041763	0.352386442821737	361
0.00104417444327998	0.546490588732559	361
0.019812401916228	0.713361601759979	214
-0.05626324486886	0.725279719780685	214
0.046564213761884	0.546476908211474	714
0.102684638589434	0.546640068159778	593
0.102952818714724	0.546952016374648	488
0.046542286709821	0.546503907985386	488
0.088233482129389	0.876845308069539	371
-0.00944172907490504	0.716353910708763	668
0.088167685316824	0.876715975962942	668
-0.093845541844084	0.556391961663018	9
-0.037952022220819	0.546600633082636	9
0.095873572645785	0.715100082050027	9
-0.034554495557787	0.720411590700479	9
0.046434639915807	0.546296788418666	482
0.00614626164520604	0.878229366181112	9
-0.037925885706574	0.546670662650068	9
0.014486778123062	0.331447869942357	144
0.0957416965197621	0.714704306182778	87
-0.093660416875415	0.556847987421022	86
-0.114455530711662	0.564969109409345	507
-0.034513382215166	0.720467348802245	507
-0.093766553916435	0.556691460943664	43
-0.059116307121889	1.22380358638568	53
-0.124694075311605	1.38707836489055	53
0.048532092758626	1.3430464215927	53
0.056965927890308	0.875754372941682	186
0.124585109278181	0.879300443891358	362
-0.038097810402228	0.546539513612059	174
0.014640734959264	1.50521503700424	737
0.0463911152322391	0.546294317805983	90
-0.093713481518941	0.556786806671946	90
-0.038097810402228	0.546539513612059	177
0.102684638589434	0.546640068159778	343
-0.078505335439038	0.334807235682389	343
0.019679081531942	0.713233529096698	149
0.102952818714724	0.546952016374648	149
-0.117839866964325	0.352652701983811	149
0.124565533340917	0.879347201685896	725
-0.03431644674336	0.720497189814194	725
0.000898958716415987	0.546360004087353	617
0.000723403080248986	0.546133424431026	617
-0.009356698434968	0.716404692220104	254
-0.0785341312035151	0.334774054050095	770
-0.07834525013681	0.334887885324188	361
0.015543409119394	0.331916984826515	413
-0.078548945585607	0.334664702764609	413
-0.078461628969253	0.334855559136084	413
0.014486778123062	0.331447869942357	488
0.015221229893607	0.331833236925771	488
-0.093741949229363	0.556657931195888	668
-0.069018561500326	0.550257678966188	668
-0.078505335439038	0.334807235682389	9
-0.037925885706574	0.546670662650068	9
0.102846126923184	0.546816711265645	482
0.102871940568314	0.546825607663817	482
0.0569321914684831	0.875913064305985	9
0.019623073931675	0.713199877922648	9
0.103046680452927	0.54697101885335	9
0.0148094482928141	0.331596623912213	144
0.04652044983038	0.5464742420311	87
0.0195184742774041	0.712853656962071	87
-0.078316549947599	0.334892644976188	243
-0.078360353986935	0.334844260911513	43
-0.038151250108503	0.546420854556282	43
-0.0273513569303721	1.20737793159779	53
-0.085428603855604	1.08054005738572	186
0.019448305436166	1.34643441028078	180
-0.075482023340537	1.07392807861167	180
-0.0750710051396401	0.7310378296845	174
0.0823560595764899	1.3436500093905	737
0.088253967328347	0.876895031568286	195
-0.038005310085013	0.546635957220775	90
-0.034271444120339	0.720373180607765	367
-0.037965096577225	0.54650813320988	343
-0.068949174085904	0.550390686111211	343
0.000933106370409997	0.546451336382571	343
0.054038868586876	0.712149939613597	149
0.102939962809722	0.546934303038246	149
0.102859024632958	0.546883761518186	149
-0.117822189095331	0.352614000083049	149
-0.038058706791953	0.546490151457986	725
-0.093873988890348	0.556465424559561	725
-0.105699996119871	0.745582086543981	254
-0.03455853387248	0.72034999379427	254
-0.037872662852266	0.546578998958016	254
0.014370521412146	0.331143915642908	395
0.102939962809722	0.546934303038246	413
-0.117831036354394	0.352673317989728	413
-0.118180785688706	0.352378760345744	593
0.102671639124429	0.546588557482098	488
-0.078476515936851	0.334704051901253	488
-0.11770825070934	0.352703851644874	488
-0.03817729563763	0.546419306318742	593
0.000918451769796991	0.546500400749536	593
0.0566856940677431	0.875233588888888	668
-0.038018362492673	0.546618402945273	9
0.102871940568314	0.546825607663817	482
0.019757873763193	0.71343453825599	9
0.014693051385642	0.33154041613148	144
-0.078505335439038	0.334807235682389	144
0.095992674622349	0.715056204037152	87
-0.118189436041763	0.352386442821737	243
-0.094648539528157	1.08772244336184	53
0.093823795284353	1.64107346702699	186
-0.053593214709954	1.06150755767777	186
-0.027949130708862	1.05157581573355	186
0.00198622433673801	1.04301124588454	362
-0.056223086852438	0.725364716029639	174
0.088381210463072	0.876877729957073	598
-0.07822865189219	0.334789825675857	285
0.059206052505137	1.03404268379246	90
-0.0688743192839571	0.55046354075607	367
0.046585173823348	0.546500154315464	158
0.046455763646197	0.546406595576815	343
-0.117848680876069	0.352546805204289	343
-0.118075945617532	0.352475981362613	343
-0.078650217757543	0.334563833199289	343
0.046499407903853	0.546409161577071	60
0.000918451769796991	0.546500400749536	60
-0.034533936421003	0.720455500194939	60
0.000830313724314968	0.546201769438094	149
0.000925784738588953	0.546494659096437	149
0.000947715593884957	0.546225390280637	149
-0.117839866964325	0.352652701983811	149
0.095846953081435	0.714973032125146	149
0.102871940568314	0.546825607663817	149
-0.07849037707702	0.334766898185218	617
0.000828254194413014	0.546393815900103	617
-0.0688511853149521	0.550507144497065	617
0.082944603324141	1.19149109930842	254
-0.034382069378414	0.720536934995111	254
0.019571520063183	0.713070408413511	254
0.0464987030977601	0.546379576538645	254
-0.069056003004485	0.550213767822116	91
0.000925784738588953	0.546494659096437	361
0.00112080000911297	0.546422633895711	361
0.05413636415528	0.712386219229169	214
0.124521874708077	0.879150251001781	91
0.046563367283465	0.546405439872833	91
-0.114307224486004	0.565109371608688	91
-0.078505335439038	0.334807235682389	593
-0.093634539795058	0.556840951197036	593
0.102939962809722	0.546934303038246	488
0.019677589313058	0.713346935133066	668
-0.038018362492673	0.546618402945273	9
-0.114307224486004	0.565109371608688	9
0.019650330598824	0.713292319767363	9
0.054126930245297	0.712400573859308	9
0.095886876869285	0.715098908302365	9
0.000933106370409997	0.546451336382571	9
0.102859024632958	0.546883761518186	17
-0.117594217230099	0.352759200610373	144
-0.1143509382464	0.565110324997158	87
-0.038005310085013	0.546635957220775	87
-0.038125220810424	0.546278728368417	87
0.10276529812906	0.546766261298029	243
-0.118067240793936	0.352507886935394	243
0.045054466483924	1.19330313329054	186
-0.038123899783875	0.546394638638759	362
-0.037833422710626	0.54663314479618	598
-0.07834525013681	0.334887885324188	31
0.015221229893607	0.331833236925771	31
-0.028111345543627	1.05113673563921	195
0.038000244310222	1.03597088504262	195
-0.078389101895223	0.334894991105506	90
0.046564213761884	0.546476908211474	90
0.0464775407151	0.546436206750712	90
-0.118075945617532	0.352475981362613	90
0.037888183853712	1.03585231428177	367
0.083335560951401	1.0331969426694	117
-0.056549725625558	0.724623871446495	117
0.124670173944602	0.879514467652847	206
0.014280160087122	0.331303341451248	343
0.015748574968654	0.332008986763764	343
-0.078373926576007	0.334752594792006	759
0.019679081531942	0.713233529096698	149
-0.114414141529456	0.565049160716253	725
-0.0688049167957639	0.550500792823466	617
-0.075201265336757	0.730950141111018	254
0.088340243285842	0.876980504085175	254
0.110872259841323	1.03505656752825	254
-0.117962360601882	0.352531037221759	395
0.015543409119394	0.331916984826515	395
0.095939413203912	0.715148403086207	91
-0.078461628969253	0.334855559136084	770
0.00093724327286504	0.546463920727753	593
-0.0914838230419121	0.737886173087118	668
0.095781080857291	0.714913663492623	9
0.000828254194413014	0.546393815900103	9
-0.118058519259127	0.352454317015294	482
-0.078461628969253	0.334855559136084	482
-0.068860048738165	0.550274059452707	482
0.00184519241931402	1.04255583676564	9
-0.078461628969253	0.334855559136084	144
-0.118198069629608	0.352266186569217	144
0.015426605459758	0.331837835999836	144
0.102684638589434	0.546640068159778	87
0.053969087339051	0.712294492055823	87
-0.069009749323291	0.550269762703352	87
0.013750033727378	0.330901102695796	243
-0.078461628969253	0.334855559136084	243
0.000745284981442995	0.546232890910934	43
-0.07841782605487	0.334848424054662	43
-0.105185758410746	1.30780750418468	274
-0.015496501503605	1.36101326582116	274
0.110929859976868	1.03510641748529	186
0.000842858445567973	0.546344713229705	598
0.095834238464192	0.714821367838863	598
-0.0747031417441501	0.907468143616762	737
0.102871940568314	0.546825607663817	90
0.000967604056485993	0.546403961082126	90
0.046716076469366	0.546392965447706	90
-0.038071737268363	0.546541091843573	90
0.000835561993079992	0.546388049889566	177
-0.0785341312035151	0.334774054050095	759
0.103033866383466	0.547002647083637	759
0.103046680452927	0.54697101885335	149
0.019944163836157	0.71330073040152	149
-0.118189436041763	0.352386442821737	149
0.046607070563234	0.546529871565748	149
-0.114435994682675	0.565008227026761	725
-0.075172474316371	0.730976133216179	725
0.110923006600159	1.03518479092378	725
-0.069056003004485	0.550213767822116	725
0.053945827600581	0.712263366492621	617
-0.0784328571216441	0.33484663200897	617
0.000906909127949995	0.546464500138251	361
-0.078577788973047	0.33472577676997	361
0.000828254194413014	0.546393815900103	91
-0.038005310085013	0.546635957220775	714
-0.07834525013681	0.334887885324188	593
0.056645811593818	0.875060253913846	668
0.053978475618983	0.712001085252034	9
-0.078505335439038	0.334807235682389	482
-0.105522891897071	0.746061653274897	9
-0.078476515936851	0.334704051901253	17
-0.069018561500326	0.550257678966188	17
-0.07849037707702	0.334766898185218	17
0.095926767328343	0.714824911788157	87
0.0463911152322391	0.546294317805983	87
0.0197321128944981	0.713348024140361	87
0.046455763646197	0.546406595576815	87
-0.118067240793936	0.352507886935394	243
0.054066571244214	0.712409287520356	86
-0.093873988890348	0.556465424559561	86
0.000738002359985002	0.54623867910786	43
-0.121136684762295	1.37164407259567	274
-0.107239127358504	0.929880302482301	186
0.101146355953483	1.34471204748332	186
-0.118013707935524	1.3533732506426	186
-0.034817304552462	0.719780686300919	362
-0.038005310085013	0.546635957220775	362
-0.078548945585607	0.334664702764609	598
-0.05882614883626	1.2255085253316	737
0.014280160087122	0.331303341451248	31
0.014280160087122	0.331303341451248	472
0.095886876869285	0.715098908302365	277
0.00591463865537301	0.877322805386705	117
-0.118075945617532	0.352475981362613	343
0.0148094482928141	0.331596623912213	343
-0.117603173744174	0.352744510096783	343
0.015015511027073	0.33174094912973	343
-0.091360977068112	0.738088245274906	343
-0.0784328571216441	0.33484663200897	343
-0.078621350507474	0.334583333907498	759
0.102671639124429	0.546588557482098	149
0.046542286709821	0.546503907985386	149
-0.056196679117971	0.725326387420048	725
-0.118302831993215	0.35225745754692	617
0.019889638317436	0.713299599299119	254
-0.00956802690511105	0.716178523874069	254
0.054052727722994	0.712385443173546	254
-0.069018561500326	0.550257678966188	361
0.095807667058939	0.714953390541008	214
-0.038123899783875	0.546394638638759	593
0.014898980443409	0.331545372027833	593
-0.032243402182025	0.886863139673553	668
0.059123111696657	1.03390001069984	668
-0.056376358934057	0.725129665591917	668
0.029744976750487	0.876220495142696	668
0.124905852547072	0.879450533627863	668
0.019650330598824	0.713292319767363	9
0.056899110654459	0.875594435442105	9
-0.078693730736367	0.334421561941284	482
0.103033866383466	0.547002647083637	482
0.095715143638794	0.714748853923145	9
0.00108248032217095	0.546477609134593	17
-0.038097810402228	0.546539513612059	17
0.046585173823348	0.546500154315464	87
-0.093633235422332	0.556851668428262	87
0.015015511027073	0.33174094912973	243
-0.118302831993215	0.35225745754692	243
-0.069125381996347	0.549851322819289	86
-0.068767503504533	0.550523279279906	86
-0.110742539617514	1.1041010210517	53
0.019664808596078	1.34726680277047	186
0.060938478985977	1.8242690466567	186
-0.053560659702708	1.0617754168427	186
0.121648264367538	1.34680357382261	362
-0.068865476075376	0.550455151752996	598
0.019759377767588	0.713292588042902	598
0.015543409119394	0.331916984826515	472
0.000813604587608041	0.546288457112092	277
0.054066571244214	0.712409287520356	90
-0.09143321669133	0.737991575978627	195
0.000925784738588953	0.546494659096437	90
0.088471764992768	0.876950431917109	367
-0.05635629523522	0.725156729313631	367
0.046434639915807	0.546296788418666	367
-0.038084771804796	0.546557048928131	158
-0.093713481518941	0.556786806671946	117
-0.117594217230099	0.352759200610373	117
0.102871940568314	0.546825607663817	177
0.000975541614245956	0.54652601352424	177
0.000918451769796991	0.546500400749536	177
0.04652044983038	0.5464742420311	343
-0.117953601258673	0.352597545210657	343
0.0463911152322391	0.546294317805983	149
-0.078360353986935	0.334844260911513	759
-0.0785341312035151	0.334774054050095	149
-0.0689348713150461	0.550417910328223	149
-0.093552994386365	0.556851119320473	725
-0.034468279547934	0.720512319695876	254
-0.034620164127948	0.720314515791548	254
0.054043307590794	0.71233864047186	91
0.014486778123062	0.331447869942357	714
0.015221229893607	0.331833236925771	413
0.015015511027073	0.33174094912973	488
-0.093795012818503	0.556596773272788	371
-0.00952676586833701	0.716223363511951	668
-0.07541789123972	0.730337413271173	668
0.000933106370409997	0.546451336382571	668
0.095781080857291	0.714913663492623	9
-0.117953601258673	0.352597545210657	482
0.046607070563234	0.546529871565748	9
-0.093928335688953	0.556236787532415	9
0.0960185262887709	0.715177552485163	87
-0.093713481518941	0.556786806671946	87
-0.114457852611772	0.564938315062389	87
-0.038044479500504	0.546473472346318	87
0.054159629118594	0.712295852078253	86
0.12467245095911	0.879518477267215	86
-0.04306038710198	1.38576632858542	53
-0.0572310004057171	1.41023286331061	186
0.121872686129679	1.34706520959952	737
0.0378894940067031	1.03595967133585	382
0.000898958716415987	0.546360004087353	31
0.095767782202828	0.714827607355839	277
-0.014350668810901	0.881780652483298	195
0.054006203687662	0.71236161428316	90
0.019110818458118	1.03920523665233	195
-0.056196679117971	0.725326387420048	195
-0.118067240793936	0.352507886935394	158
0.095952734120206	0.715189374908091	117
0.05679240178032	0.875518938753581	177
0.095873572645785	0.715100082050027	177
-0.114309633309467	0.565096016504913	177
-0.038005310085013	0.546635957220775	149
0.046499407903853	0.546409161577071	149
-0.068888608021291	0.550473937505231	149
0.00093724327286504	0.546463920727753	149
-0.037938951930853	0.546653091630455	149
0.000975541614245956	0.54652601352424	149
-0.093660416875415	0.556847987421022	725
0.083350157481386	1.03361293187285	725
0.083212612311247	1.03336293341997	254
-0.11424402281122	0.565136053841601	254
-0.117971103191881	0.352336843743416	770
0.0539087006444871	0.712145574984858	361
0.0957544798433529	0.714688641939491	714
-0.03829587551873	0.545964235032576	413
0.046455763646197	0.546406595576815	413
0.095781080857291	0.714913663492623	593
-0.01432323846002	0.882037894692881	668
-0.075338358839328	0.730608547549115	668
-0.117726037792187	0.352668549463053	482
-0.078316549947599	0.334892644976188	482
-0.1143509382464	0.565110324997158	9
-0.0379922617403921	0.546620013704936	9
-0.117857478040956	0.352272468992886	17
0.103059512734654	0.546803258889018	87
-0.038044479500504	0.546473472346318	87
-0.068995432562999	0.550334672525007	86
-0.020176503745867	1.54624659649123	186
-0.117832617689897	1.35428337020761	180
-0.00944172907490504	0.716353910708763	382
-0.078505335439038	0.334807235682389	472
-0.117944825210674	0.352583555456159	472
-0.117839866964325	0.352652701983811	472
0.015426605459758	0.331837835999836	472
-0.00952676586833701	0.716223363511951	90
0.019290584966167	1.03934442477857	367
-0.0689117397669981	0.550461509138893	117
0.102846126923184	0.546816711265645	177
-0.068767503504533	0.550523279279906	177
0.00103795960869801	0.546283456035468	343
0.088147206191863	0.876624686127254	356
-0.038164270843655	0.546436820610805	343
0.046607070563234	0.546529871565748	149
0.00093724327286504	0.546463920727753	149
-0.091643031173661	0.73751967141941	149
-0.093554310876372	0.556858392044476	149
-0.038097810402228	0.546539513612059	149
0.046434639915807	0.546296788418666	149
-0.009823227941678	0.715273671347661	149
0.103127837722916	0.547021736367706	149
0.053982942164289	0.712290972688709	149
0.054247622482794	0.712068277515845	149
0.096031860202732	0.71521854127108	725
0.124587355497176	0.879378998471288	725
-0.117953601258673	0.352597545210657	725
-0.091462202966592	0.737977904459406	254
-0.00943919684822803	0.71627431722046	254
-0.038097810402228	0.546539513612059	361
-0.037938951930853	0.546653091630455	361
0.088208628204057	0.876775252081621	214
0.124650622700453	0.879529294170625	214
-0.078505335439038	0.334807235682389	413
-0.03475156865274	0.720001626855283	593
0.095926088576779	0.715062270678513	593
-0.00941982402070496	0.716383544036968	668
0.124606951859006	0.879422159973387	9
0.095873572645785	0.715100082050027	9
0.102578047540458	0.546281788059908	144
-0.114372802292684	0.565069375339754	87
-0.014290134167427	0.882127139590893	87
-0.114372802292684	0.565069375339754	243
-0.069032876267602	0.550257340688247	87
0.000835561993079992	0.546388049889566	86
-0.093872721946495	0.556388266199035	86
-0.013512967778628	1.93600666982409	53
-0.034688280651198	1.37691183260971	53
-0.097212707439431	0.922250600385855	186
-0.116926408651823	0.937110387783165	186
-0.107407554656437	0.929636558344805	362
-0.06497650694671	1.06755869981573	180
0.019651818943123	0.713251012434848	174
0.0197851368136031	0.71341704442789	31
0.046542286709821	0.546503907985386	277
-0.038057544102325	0.546327355819651	277
-0.075236849493847	0.730743400851236	195
0.0197866446995379	0.713194851678183	90
0.0960185262887709	0.715177552485163	90
0.095979364827558	0.715144881301218	177
0.102591088723537	0.546462507198581	177
-0.038282852345245	0.546110147557629	177
-0.0379128235471889	0.546654737619279	356
-0.117471060748345	0.352705040645203	149
0.088208628204057	0.876775252081621	149
0.0194624993877131	0.712603837607564	725
-0.0563161757230209	0.725119348849623	725
0.095952734120206	0.715189374908091	254
0.046499407903853	0.546409161577071	254
-0.00939543992681602	0.716081937732648	254
0.102846126923184	0.546816711265645	361
0.046607070563234	0.546529871565748	361
-0.117594217230099	0.352759200610373	361
0.015015511027073	0.33174094912973	361
-0.038005310085013	0.546635957220775	214
0.000975541614245956	0.54652601352424	214
-0.069009749323291	0.550269762703352	714
-0.078548945585607	0.334664702764609	413
-0.118180785688706	0.352378760345744	413
-0.093740660621265	0.556754166748311	593
0.088340243285842	0.876980504085175	668
0.019730612762067	0.713415955765321	668
-0.0916070500437099	0.737473819803566	668
0.0464775407151	0.546436206750712	9
-0.0784328571216441	0.33484663200897	144
-0.069032876267602	0.550257340688247	87
0.000820935056823013	0.546362059972189	87
-0.038097810402228	0.546539513612059	87
-0.009397923564752	0.716379445772882	86
-0.068776381624331	0.550338989627559	86
0.019435934701351	0.712116636205573	86
-0.00152287684478203	1.20002761067443	186
0.083118700695991	1.03306262348328	174
-0.078461628969253	0.334855559136084	31
0.00100588235915999	0.546466020766528	472
-0.117953601258673	0.352597545210657	472
-0.1176768045842	0.755043928622067	195
0.029612091239785	0.875988688644532	195
0.059123111696657	1.03390001069984	195
0.053876050377611	0.71191349107139	195
-0.0914838230419121	0.737886173087118	195
0.029825659436803	0.876191806927272	117
0.095886876869285	0.715098908302365	117
0.014693051385642	0.33154041613148	117
0.000891088742301038	0.546141400652057	177
0.000745284981442995	0.546232890910934	177
-0.068828051153055	0.550519576410294	177
-0.069177171373355	0.549832258760254	177
-0.038203357406109	0.546274512948649	177
0.102871940568314	0.546825607663817	343
-0.0785341312035151	0.334774054050095	149
-0.093552994386365	0.556851119320473	149
0.0463911152322391	0.546294317805983	149
0.124735705690894	0.879610841769866	149
0.12467245095911	0.879518477267215	149
-0.117603173744174	0.352744510096783	149
0.000975541614245956	0.54652601352424	149
0.095794375808675	0.714954580622306	149
-0.0688049167957639	0.550500792823466	149
0.046455763646197	0.546406595576815	149
0.029638198889274	0.87592168489123	725
0.0569115700078831	0.875805150498862	725
0.095979364827558	0.715144881301218	254
-0.034690003029282	0.720037016954227	254
0.019598780368167	0.713088985526212	254
-0.117953601258673	0.352597545210657	395
-0.07849037707702	0.334766898185218	395
-0.068730104123347	0.550459572066759	361
-0.117839866964325	0.352652701983811	361
0.000975541614245956	0.54652601352424	361
-0.093687596325703	0.556815343915179	214
-0.038097810402228	0.546539513612059	714
0.046434076670658	0.546311995607716	593
0.053862185711166	0.712043859085995	593
0.046586231010875	0.546385529373198	593
0.102859024632958	0.546883761518186	593
0.0571081200743629	0.875804402104035	371
-0.093634539795058	0.556840951197036	668
-0.0322100893527409	0.887013293614076	668
-0.06879064009276	0.550510843550439	668
0.000654953713115969	0.546018463507429	482
-0.0784328571216441	0.33484663200897	482
0.095886876869285	0.715098908302365	17
-0.0688743192839571	0.55046354075607	87
-0.068813776492815	0.550467240857607	87
0.053922568196068	0.712192740421232	86
0.019733612891391	0.713080406047855	86
-0.123308348372565	1.12700878432779	186
-0.094432698080797	1.08796710171974	186
-0.027259317053281	1.20746563628995	186
-0.056309753607088	0.725252132108966	174
0.000975541614245956	0.54652601352424	31
-0.11770825070934	0.352703851644874	472
-0.093687596325703	0.556815343915179	195
0.124759716224749	0.878992076573238	195
-0.031988567864519	0.887509369524649	195
-0.047879111214302	0.893117678461658	195
-0.056529670606519	0.72471398612247	195
0.019703353807297	0.713361334384664	367
-0.0936863004103	0.556790487890074	177
0.0463911152322391	0.546294317805983	343
-0.034340932565907	0.720463241052629	356
-0.117831036354394	0.352673317989728	343
-0.078461628969253	0.334855559136084	759
-0.0689580026679329	0.550340898981373	149
0.000745284981442995	0.546232890910934	149
-0.114477368199382	0.564955794700488	725
-0.114521057504065	0.564844995830792	725
-0.0383233807860141	0.54605131216293	725
-0.07834525013681	0.334887885324188	361
-0.0785341312035151	0.334774054050095	361
-0.038018362492673	0.546618402945273	361
-0.038018362492673	0.546618402945273	361
0.0148094482928141	0.331596623912213	770
-0.037833422710626	0.54663314479618	361
-0.0936863004103	0.556790487890074	214
0.046585173823348	0.546500154315464	714
-0.118067240793936	0.352507886935394	593
0.0958602647171281	0.715059134269568	593
0.102846126923184	0.546816711265645	488
0.046607070563234	0.546529871565748	371
-0.038097810402228	0.546539513612059	668
-0.06897230342571	0.550378261045452	9
0.046326504549897	0.546125168287339	9
-0.114392293153171	0.565062488780271	9
-0.038084771804796	0.546557048928131	9
-0.038243807178627	0.546272322571263	86
0.046607070563234	0.546529871565748	43
-0.095279126714963	1.27844583012974	186
-0.033992320161633	1.57176053880426	186
-0.027048056733369	1.2081054209325	186
-0.085472621881312	1.08051991957786	180
-0.00950486671759099	0.71628739187994	382
0.102939962809722	0.546934303038246	472
-0.068637546899431	0.550309250144562	472
0.015221229893607	0.331833236925771	472
-0.038097810402228	0.546539513612059	277
0.124436791186178	0.878765702858221	277
0.0883650057201501	0.876939662208736	277
-0.068902914788471	0.550319576187085	195
0.083306617031332	1.03300514575082	195
0.059139689598796	1.03379147911228	195
0.0298315772412791	0.876311884753314	367
-0.009587467073083	0.716052689303468	367
0.000891088742301038	0.546141400652057	343
0.096057540865342	0.714693839798701	343
-0.114390046918761	0.564835652312894	356
0.000828254194413014	0.546393815900103	343
0.053959680966698	0.712177078510325	149
-0.038005310085013	0.546635957220775	149
-0.07841782605487	0.334848424054662	149
-0.00941982402070496	0.716383544036968	725
0.015748574968654	0.332008986763764	617
-0.009397923564752	0.716379445772882	254
0.104777059455906	1.1916270038697	254
-0.118075945617532	0.352475981362613	361
0.095952734120206	0.715189374908091	361
0.054052727722994	0.712385443173546	714
-0.034361498504063	0.720516737691081	593
0.000898958716415987	0.546360004087353	593
-0.0784328571216441	0.33484663200897	593
-0.093820909427118	0.556596437211793	371
0.0569115700078831	0.875805150498862	668
-0.0346858551686891	0.720178258269791	668
0.124777087030697	0.879653666456889	106
0.015015511027073	0.33174094912973	144
0.0958602647171281	0.715059134269568	144
-0.00952676586833701	0.716223363511951	87
0.00102330001336504	0.54650935831214	87
0.124711508301496	0.879424700802614	511
-0.038058706791953	0.546490151457986	87
0.0958336377368419	0.714834002688832	86
0.019756369550568	0.713383002820867	86
-0.00592670174913701	2.09519181412484	358
-0.038652442410098	1.21282515352313	186
-0.038702100297075	1.21272991529503	180
-0.093501269533602	0.556788558096789	174
0.096995974240869	1.49185735764811	737
0.0464987030977601	0.546379576538645	31
0.102939962809722	0.546934303038246	472
-0.093472758411958	0.556777040081062	277
-0.114411870070389	0.56491142273106	195
0.019729112390332	0.713290552810038	90
0.1047076062703	1.19142447024824	367
0.015015511027073	0.33174094912973	158
0.0148094482928141	0.331596623912213	158
0.029744976750487	0.876220495142696	206
-0.093527128721198	0.556862079721386	177
0.000723403080248986	0.546133424431026	177
0.088212991807193	0.876753983698396	177
-0.037925885706574	0.546670662650068	343
0.000738002359985002	0.54623867910786	343
0.0959660513274599	0.715188219408872	356
0.046434639915807	0.546296788418666	343
0.103021070490942	0.546910029300553	343
0.000918451769796991	0.546500400749536	356
-0.07841782605487	0.334848424054662	343
0.0148094482928141	0.331596623912213	343
-0.0937121903663281	0.556668997193679	149
0.103046680452927	0.54697101885335	149
-0.117953601258673	0.352597545210657	149
0.046564213761884	0.546476908211474	149
0.014693051385642	0.33154041613148	395
-0.07834525013681	0.334887885324188	361
-0.117962360601882	0.352531037221759	395
-0.117953601258673	0.352597545210657	770
-0.069056003004485	0.550213767822116	714
0.09570186165398	0.714707974518527	593
0.102778255844793	0.546757450411459	593
-0.078316549947599	0.334892644976188	482
0.103021070490942	0.546910029300553	482
0.0464775407151	0.546436206750712	482
-0.091114864070181	0.737818867675469	106
-0.068949174085904	0.550390686111211	9
0.095886876869285	0.715098908302365	9
0.000752556247718972	0.54618955126339	9
0.015015511027073	0.33174094912973	144
0.014486778123062	0.331447869942357	144
0.096085158749052	0.714943509506458	87
0.000918451769796991	0.546500400749536	87
0.000828254194413014	0.546393815900103	87
-0.093633235422332	0.556851668428262	87
0.124670173944602	0.879514467652847	87
-0.114455530711662	0.564969109409345	86
-0.0688511853149521	0.550507144497065	86
0.012959392783233	1.19749810239555	186
0.064701716002855	1.34266439021472	186
-0.118189436041763	0.352386442821737	382
0.014693051385642	0.33154041613148	472
-0.11782630726048	0.754834988301704	195
-0.114180844546246	0.565122304744246	90
-0.047653178776193	0.893822710794895	206
-0.0784328571216441	0.33484663200897	177
-0.038110853061623	0.546487094584724	177
0.046499407903853	0.546409161577071	343
0.095939413203912	0.715148403086207	356
0.102778255844793	0.546757450411459	759
-0.117936032506574	0.352484678840578	149
-0.034575059625792	0.720334444681076	149
-0.117831036354394	0.352673317989728	149
0.124820782307884	0.879588525585632	725
-0.074592574809824	0.9077790430124	725
-0.056276066703803	0.724950913612827	725
0.063130585500957	1.19215960072582	254
-0.014284512117794	0.882082642821841	254
-0.114224601903558	0.565123193837175	254
0.015015511027073	0.33174094912973	395
-0.078650217757543	0.334563833199289	770
-0.0785341312035151	0.334774054050095	361
-0.114370449554845	0.565048182756302	214
-0.117944825210674	0.352583555456159	714
0.053992347414343	0.712287188803804	593
-0.117726037792187	0.352668549463053	488
-0.0784328571216441	0.33484663200897	488
-0.038151250108503	0.546420854556282	371
-0.056422923749636	0.724997239271892	668
0.02987780011777	0.876256126482918	106
0.019568566726905	0.712880064187401	482
-0.078505335439038	0.334807235682389	482
-0.07849037707702	0.334766898185218	482
-0.037925885706574	0.546670662650068	9
0.019650330598824	0.713292319767363	9
0.0463911152322391	0.546294317805983	17
0.04652044983038	0.5464742420311	17
-0.0784328571216441	0.33484663200897	144
-0.114438423082762	0.564756207903082	87
-0.014444907536272	0.881611917466337	511
0.059134124408212	1.03391353166124	53
0.000842858445567973	0.546344713229705	382
-0.117603173744174	0.352744510096783	31
-0.056382818151317	0.72495986173775	365
0.124670173944602	0.879514467652847	277
0.103021070490942	0.546910029300553	343
0.0958602647171281	0.715059134269568	343
0.046542286709821	0.546503907985386	343
0.088229091966295	0.876744684196254	60
-0.00956802690511105	0.716178523874069	60
-0.114457852611772	0.564938315062389	149
-0.117953601258673	0.352597545210657	149
-0.056089943581062	0.725414914170609	725
0.083140332542607	1.03320656719824	725
-0.117822189095331	0.352614000083049	617
-0.047829008146582	0.893416021617248	254
0.056819320737317	0.875710160074575	254
-0.068865476075376	0.550455151752996	361
-0.114268378368817	0.565012286356702	361
-0.069018561500326	0.550257678966188	361
0.0464987030977601	0.546379576538645	361
0.014898980443409	0.331545372027833	413
-0.056216769131179	0.725236123570522	214
-0.075446664505587	0.730145783179679	668
-0.047765233336417	0.893659361962419	668
-0.091505426091269	0.737733253090352	668
-0.037833422710626	0.54663314479618	9
0.014693051385642	0.33154041613148	144
0.015748574968654	0.332008986763764	144
-0.117726037792187	0.352668549463053	87
-0.032237961177069	0.886797699937116	658
0.044959755060749	1.19329049546186	186
-0.104690268305932	2.00806192856472	358
0.0540759902405999	0.71233853678782	362
0.0959660513274599	0.715188219408872	174
0.10099542056589	2.16010845105472	180
0.000813604587608041	0.546288457112092	382
0.10276529812906	0.546766261298029	31
-0.03435762493862	0.720441345418496	586
-0.118075945617532	0.352475981362613	90
-0.078389101895223	0.334894991105506	61
0.046541650916955	0.546177037573804	177
-0.11770825070934	0.352703851644874	343
-0.117822189095331	0.352614000083049	343
-0.118075945617532	0.352475981362613	343
-0.00954614284563804	0.716208123014226	60
-0.093607359992403	0.556873595673821	60
-0.078316549947599	0.334892644976188	759
0.046542286709821	0.546503907985386	149
-0.041047454851562	1.05704024282735	725
-0.034472288595084	0.720393578432893	725
-0.047742079051906	0.893735002556287	725
-0.061672674855067	0.900788338867582	725
0.00205869313993801	1.04316661399344	725
0.053876050377611	0.71191349107139	254
0.015543409119394	0.331916984826515	784
-0.047672559337241	0.89373615554859	254
0.083393465582966	1.03344924162675	254
0.056890943807158	0.875653425530828	254
0.015015511027073	0.33174094912973	395
0.014693051385642	0.33154041613148	395
-0.118189436041763	0.352386442821737	361
-0.118311411153993	0.352176797827841	361
0.019757873763193	0.71343453825599	361
-0.117603173744174	0.352744510096783	593
0.046607070563234	0.546529871565748	371
-0.117860301852145	0.754929824972318	668
-0.056243164537198	0.725337625091135	668
0.054113099523654	0.712433124334927	668
-0.117953601258673	0.352597545210657	482
-0.114307224486004	0.565109371608688	106
0.0959660513274599	0.715188219408872	9
-0.093769122688427	0.556524113296736	87
0.054173462791167	0.71242442008755	86
-0.068995432562999	0.550334672525007	86
-0.118067240793936	0.352507886935394	86
0.095794375808675	0.714954580622306	86
0.124650622700453	0.879529294170625	86
0.059206052505137	1.03404268379246	53
0.096124294069892	0.715169985531734	362
0.083350157481386	1.03361293187285	362
-0.075208080598503	0.730859954990492	174
0.102859024632958	0.546883761518186	472
0.019410907522157	0.712416556869005	277
0.012936520927159	1.19728316505413	195
-0.118172118618263	0.352244085286353	586
-0.03817729563763	0.546419306318742	586
-0.09157078063151	0.737761533975191	195
0.0197048500773001	0.713365515733353	90
0.037977333794305	1.03586450426546	206
0.046585173823348	0.546500154315464	177
-0.038151250108503	0.546420854556282	60
0.014693051385642	0.33154041613148	759
-0.0689348713150461	0.550417910328223	60
0.00213116371049604	1.04324100470647	725
0.08810186519366	0.876533066603667	725
-0.04772077860293	0.893718218857083	725
0.095900177389557	0.715055557737215	617
-0.091541800397199	0.737831058575067	254
0.00625471881051498	0.878377284568606	254
-0.093714773776065	0.556752931738205	254
0.103209164762305	0.546997639818529	254
-0.093659117292473	0.556764329453062	214
0.000947715593884957	0.546225390280637	714
-0.07841782605487	0.334848424054662	413
0.046434076670658	0.546311995607716	413
-0.078316549947599	0.334892644976188	488
0.015337900306628	0.331772940313554	488
-0.04772077860293	0.893718218857083	668
0.059184188428366	1.03359363630814	668
-0.0279742559609359	1.05184684007265	668
-0.056416494232709	0.724981594565324	106
0.095886876869285	0.715098908302365	482
-0.118067240793936	0.352507886935394	482
0.015426605459758	0.331837835999836	482
-0.07834525013681	0.334887885324188	9
-0.074550800514779	0.907841079304388	106
-0.038164270843655	0.546436820610805	9
0.0959660513274599	0.715188219408872	17
-0.078577788973047	0.33472577676997	144
-0.0320884124674931	0.887175409663233	511
0.121686246656115	1.3469386596723	511
0.015337900306628	0.331772940313554	427
0.0464775407151	0.546436206750712	86
-0.101246814620514	1.72593377018956	358
-0.065172322547545	1.06696851843693	180
0.019068823866687	1.03929827966856	174
0.124820782307884	0.879588525585632	174
0.015543409119394	0.331916984826515	472
0.121613751895696	1.34675179013651	365
-0.09371606723568	0.556549724778025	117
-0.093659117292473	0.556764329453062	117
-0.114457852611772	0.564938315062389	177
0.102489910864469	0.546172679666409	177
0.102859024632958	0.546883761518186	343
0.0570389897545101	0.876068893169666	60
-0.075150525919452	0.730999872092666	725
0.019730612762067	0.713415955765321	617
-0.00956802690511105	0.716178523874069	254
-0.117759379568817	0.754698277628684	254
-0.118067240793936	0.352507886935394	361
0.095913474208575	0.71496687423092	214
-0.068888608021291	0.550473937505231	214
0.124755232228374	0.879621813051408	214
-0.07834525013681	0.334887885324188	593
0.0159533984203279	0.332013285790487	488
0.014280160087122	0.331303341451248	488
-0.117962360601882	0.352531037221759	488
-0.117953601258673	0.352597545210657	488
0.046434076670658	0.546311995607716	488
-0.093659117292473	0.556764329453062	106
0.054113099523654	0.712433124334927	106
0.083212612311247	1.03336293341997	106
-0.009589915560407	0.716114521322415	106
0.000918451769796991	0.546500400749536	20
-0.078389101895223	0.334894991105506	144
0.019677589313058	0.713346935133066	87
-0.00963120961932595	0.716027240369008	87
0.056992809505131	0.876000316628624	86
-0.00948297216359295	0.716317009145669	86
0.124713866550428	0.879621645016318	86
-0.091214998965202	1.71068274062665	180
-0.091339327809244	0.738047782770317	195
0.037955674174997	1.03598289024642	195
0.124884001183789	0.879551397154115	117
-0.086400346857343	0.914901897708908	206
0.095978502253242	0.714741204026359	177
-0.03440264518922	0.720525053664774	177
0.019570043504722	0.713085410637289	177
-0.038084771804796	0.546557048928131	343
-0.0936863004103	0.556790487890074	60
-0.114499210463847	0.564914880949432	60
0.04652044983038	0.5464742420311	149
0.095846953081435	0.714973032125146	149
0.095952734120206	0.715189374908091	149
0.083422426304149	1.03351482746553	725
0.095781080857291	0.714913663492623	254
-0.114307224486004	0.565109371608688	214
0.015015511027073	0.33174094912973	395
0.000933106370409997	0.546451336382571	214
-0.078316549947599	0.334892644976188	361
-0.11770825070934	0.352703851644874	593
-0.0689117397669981	0.550461509138893	668
-0.117839866964325	0.352652701983811	593
-0.117365864517509	0.352711049617262	593
0.0464775407151	0.546436206750712	668
-0.093822185919136	0.556462972229039	668
-0.114521057504065	0.564844995830792	106
-0.118198069629608	0.352266186569217	482
0.0960185262887709	0.715177552485163	9
0.046412832540613	0.54632387049216	20
0.095820954610095	0.714910037968309	87
0.054043307590794	0.71233864047186	87
0.056992809505131	0.876000316628624	511
-0.056296119903371	0.725052833574274	86
-0.093714773776065	0.556752931738205	86
-0.093740660621265	0.556754166748311	86
0.0379124475816111	1.03597363358319	720
-0.097201466909514	0.922336673106909	195
-0.105473213802597	0.74617875867186	195
-0.097292857271139	0.922237907964205	195
0.102684638589434	0.546640068159778	61
-0.078243973092459	0.334811636820967	61
-0.078505335439038	0.334807235682389	61
0.046542286709821	0.546503907985386	61
-0.117839866964325	0.352652701983811	61
-0.091288707418184	0.738006547494781	206
-0.00954614284563804	0.716208123014226	206
0.046283529498327	0.545859690871033	343
0.053992347414343	0.712287188803804	60
0.0959660513274599	0.715188219408872	60
0.056839272418555	0.875738642983419	60
-0.068865476075376	0.550455151752996	725
-0.093899900031881	0.556355652806436	725
0.00093724327286504	0.546463920727753	617
-0.034595628625286	0.720221394792428	254
0.103115083689341	0.546978454245952	700
0.000925784738588953	0.546494659096437	214
0.095781080857291	0.714913663492623	214
-0.114307224486004	0.565109371608688	214
0.095754967420128	0.714615670450483	593
-0.075316373029731	0.730542253656662	668
-0.117603173744174	0.352744510096783	234
0.015337900306628	0.331772940313554	234
-0.01429571564028	0.88209857524078	668
-0.093740660621265	0.556754166748311	9
0.029612091239785	0.875988688644532	106
-0.0689348713150461	0.550417910328223	9
-0.078577788973047	0.33472577676997	751
0.00107452179666001	0.546303195112605	751
-0.078577788973047	0.33472577676997	751
0.019703353807297	0.713361334384664	511
-0.00945865257683898	0.715973058164166	86
0.046521365237415	0.546317748025171	481
-0.05890595719739	1.82937547597124	180
-0.0688511853149521	0.550507144497065	277
-0.11779280086867	0.755060239075761	195
0.015337900306628	0.331772940313554	61
-0.078316549947599	0.334892644976188	61
-0.117726037792187	0.352668549463053	61
0.059272454044647	1.03409693379097	206
-0.105539584517091	0.745954445455405	206
-0.06879064009276	0.550510843550439	206
-0.074405840491905	0.907958583834085	206
0.019651818943123	0.713251012434848	725
-0.093659117292473	0.556764329453062	60
0.000925784738588953	0.546494659096437	60
-0.091462202966592	0.737977904459406	60
-0.0687069650987741	0.550472011957838	60
-0.00926908219235201	0.716169747580614	725
-0.093472758411958	0.556777040081062	725
0.0567993662499941	0.875643455159383	725
0.015015511027073	0.33174094912973	422
-0.117822189095331	0.352614000083049	700
-0.07849037707702	0.334766898185218	700
-0.00961180881093904	0.716013820448199	214
0.057052683322134	0.875733645721576	214
0.0296440678000079	0.875357508524265	214
-0.117699332254476	0.352559690893245	214
0.111075251697033	1.03522058427646	668
0.037777449202707	1.03567279446914	668
0.110944973054865	1.03517063474896	668
0.046607070563234	0.546529871565748	234
0.000813604587608041	0.546288457112092	234
-0.078505335439038	0.334807235682389	234
0.00615337746581102	0.878144654932789	668
-0.05639642526553	0.725071798583745	668
-0.034554495557787	0.720411590700479	106
-0.078461628969253	0.334855559136084	508
0.102778255844793	0.546757450411459	508
-0.0750710051396401	0.7310378296845	658
0.110944973054865	1.03517063474896	658
-0.117831036354394	0.352673317989728	751
-0.0937121903663281	0.556668997193679	481
-0.106540995664737	1.7313707054437	358
0.00642931915758804	1.90691784866868	180
-0.038579655593703	1.21257013956374	180
-0.0785341312035151	0.334774054050095	191
-0.068836912707137	0.55039022934489	277
-0.00946363872669098	0.71628986382389	277
-0.001637349240313	1.19973739490556	195
-0.078461628969253	0.334855559136084	61
-0.0785341312035151	0.334774054050095	61
0.014164037484612	0.331138547182105	61
0.029724799912908	0.876137017952781	206
-0.091281392096503	0.738102849635748	206
0.124524064957301	0.879168158207239	206
-0.056243164537198	0.725337625091135	206
-0.114435994682675	0.565008227026761	206
-0.114564765907576	0.564601883477342	60
0.124650622700453	0.879529294170625	60
-0.038005310085013	0.546635957220775	60
0.019624558410942	0.71323243362851	60
0.05381387430987	0.71165593700688	60
0.001013853753835	0.54655060088885	149
0.053945827600581	0.712263366492621	725
0.015015511027073	0.33174094912973	422
0.102884874763862	0.546572093051792	700
0.124798937057536	0.879642881682537	214
0.053922568196068	0.712192740421232	361
0.046673302226675	0.546189277025535	361
-0.075360327795692	0.730605303796533	361
-0.05635629523522	0.725156729313631	214
0.01967609689596	0.713268882191315	668
0.059338894466378	1.03392915462372	668
-0.117953601258673	0.352597545210657	234
0.046434639915807	0.546296788418666	234
0.015748574968654	0.332008986763764	9
-0.037938951930853	0.546653091630455	106
0.000925784738588953	0.546494659096437	106
0.095939413203912	0.715148403086207	106
-0.118189436041763	0.352386442821737	508
0.095900177389557	0.715055557737215	106
-0.061743431986831	0.90071386104977	106
0.029591927670932	0.875905258510253	658
-0.068888608021291	0.550473937505231	87
-0.00944172907490504	0.716353910708763	511
-0.056249549463771	0.725241835891252	511
0.019863898760568	0.713423555290037	86
0.015337900306628	0.331772940313554	191
0.083060722363575	1.03289167241342	365
0.095781080857291	0.714913663492623	365
-0.009397923564752	0.716379445772882	365
0.046542286709821	0.546503907985386	277
0.048417864781277	1.34273649438023	195
0.014280160087122	0.331303341451248	61
-0.114433698001673	0.564954796623497	206
0.019650330598824	0.713292319767363	356
0.110980596244526	1.03523462833595	725
0.054043307590794	0.71233864047186	60
0.056645811593818	0.875060253913846	60
0.0197851368136031	0.71341704442789	60
-0.068926044541021	0.550371904052352	60
0.00104417444327998	0.546490588732559	149
0.095912760237026	0.71492320367444	725
0.053959680966698	0.712177078510325	725
-0.078200023477518	0.334804621115115	617
-0.117944825210674	0.352583555456159	617
-0.078461628969253	0.334855559136084	700
-0.038097810402228	0.546539513612059	700
-0.009376027707654	0.716340876958858	214
0.053838928750739	0.711930031988231	361
-0.117831036354394	0.352673317989728	361
-0.093634539795058	0.556840951197036	361
-0.038058706791953	0.546490151457986	361
0.046714735389882	0.546405370933732	361
-0.0378857510345531	0.546486509346265	361
-0.038230800237506	0.546256352478611	214
0.102939962809722	0.546934303038246	214
-0.114183365624035	0.56501343073206	214
-0.03466531760267	0.720222122204125	668
0.124650622700453	0.879529294170625	668
-0.093660416875415	0.556847987421022	668
-0.037833422710626	0.54663314479618	234
-0.07849037707702	0.334766898185218	234
0.059211616813048	1.03393207941462	668
0.095873572645785	0.715100082050027	9
0.04652044983038	0.5464742420311	9
-0.114372802292684	0.565069375339754	106
0.046585173823348	0.546500154315464	508
-0.091274032627147	0.738043742346536	106
-0.068813776492815	0.550467240857607	106
0.019544261815604	0.713015822805521	20
-0.0688743192839571	0.55046354075607	20
0.0197851368136031	0.71341704442789	658
0.0540759902405999	0.71233853678782	658
-0.07849037707702	0.334766898185218	543
-0.078272649288975	0.334885576734114	751
0.059244792671004	1.03403324897991	511
0.046542286709821	0.546503907985386	481
-0.00867666324878802	2.24203423234053	358
0.07053631948622	1.81310326130734	720
0.014720891378649	2.37630304672284	78
-0.103009570369048	2.38866874988192	78
-0.058082562104167	2.11138490404908	78
-0.114499210463847	0.564914880949432	382
0.121565367929629	1.34574567315678	365
-0.093713481518941	0.556786806671946	277
-0.014223894947952	0.882182233157828	195
0.102952818714724	0.546952016374648	61
0.00616102010358999	0.878032891903395	206
-0.114329078977151	0.565123666576565	725
-0.0913899473120649	0.738046823995945	725
0.019810889993383	0.71345620863575	60
-0.056422923749636	0.724997239271892	60
0.054196729548054	0.712377530199034	60
-0.0936060519635859	0.55682550587557	60
0.054043307590794	0.71233864047186	60
0.095873572645785	0.715100082050027	149
0.014486778123062	0.331447869942357	617
-0.093740660621265	0.556754166748311	361
-0.068897453062561	0.550386522987246	214
-0.014511191755832	0.881392800335448	214
-0.00969685789833996	0.715720631626657	668
0.088212991807193	0.876753983698396	668
-0.114457852611772	0.564938315062389	668
-0.093741949229363	0.556657931195888	9
-0.00948297216359295	0.716317009145669	9
0.054113099523654	0.712433124334927	9
-0.038031418964221	0.546565959336452	9
0.054103664450783	0.712329932588179	508
-0.117702328441473	0.755104705350068	106
-0.078476515936851	0.334704051901253	20
0.02976515111835	0.876267215506044	658
-0.093634539795058	0.556840951197036	658
-0.014290134167427	0.882127139590893	658
-0.056402869640954	0.724993962926454	511
-0.0914911836154521	0.737936472431871	511
0.102684638589434	0.546640068159778	481
0.00510946229750897	1.51532516240828	720
0.00199401619934603	1.04314257653731	365
0.019729112390332	0.713290552810038	277
-0.117860301852145	0.754929824972318	195
0.019001114916956	1.03909946322442	195
0.046434076670658	0.546311995607716	61
0.015221229893607	0.331833236925771	61
0.059184074000311	1.03353359566715	206
-0.009587467073083	0.716052689303468	60
-0.034382069378414	0.720536934995111	60
-0.038084771804796	0.546557048928131	149
0.00102330001336504	0.54650935831214	725
0.102871940568314	0.546825607663817	617
-0.038203357406109	0.546274512948649	617
-0.038084771804796	0.546557048928131	254
-0.117862912047734	0.754645518254485	254
-0.105550656039566	0.746062817168851	254
0.015015511027073	0.33174094912973	700
-0.11454290931899	0.564742880928561	214
-0.11447515276212	0.564785799320996	214
0.0197851368136031	0.71341704442789	214
-0.009589915560407	0.716114521322415	668
-0.056249549463771	0.725241835891252	668
0.046629057528294	0.546502925119404	106
-0.075049044730458	0.730981288892036	106
-0.093741949229363	0.556657931195888	106
0.019782120407649	0.713257920916767	658
-0.114348610735491	0.565004808689118	658
-0.078505335439038	0.334807235682389	751
-0.056329826930416	0.725194243207079	86
0.046607070563234	0.546529871565748	481
-0.117831036354394	0.352673317989728	481
-0.105133895703964	2.00512888723097	78
-0.052576976404088	2.24699124503244	78
-0.034644784961524	0.720233940388528	382
-0.00969441484176203	0.715830355827975	191
-0.027777280848817	1.05218075029306	365
-0.091360977068112	0.738088245274906	365
0.029978713784946	0.876126958385857	277
-0.03213263189218	0.887232470228075	195
-0.078577788973047	0.33472577676997	61
0.08810186519366	0.876533066603667	356
0.095926088576779	0.715062270678513	356
-0.056416494232709	0.724981594565324	725
0.102859024632958	0.546883761518186	149
0.124521874708077	0.879150251001781	725
0.0463694879634859	0.546199801059262	725
-0.075223207702091	0.730891017642433	725
-0.034447714544559	0.720524184355505	214
-0.0379922617403921	0.546620013704936	361
0.103127837722916	0.547021736367706	214
0.102939962809722	0.546934303038246	361
0.046563367283465	0.546405439872833	214
-0.05615650705922	0.725411405691338	214
-0.00933478747411098	0.716400610903666	214
0.088253967328347	0.876895031568286	214
-0.075258830450842	0.730810215037868	668
-0.114647537411618	0.564559222984233	668
0.095886876869285	0.715098908302365	234
-0.0784328571216441	0.33484663200897	234
-0.093446902512934	0.556766128564488	9
0.046629057528294	0.546502925119404	9
0.000738002359985002	0.54623867910786	106
-0.0784328571216441	0.33484663200897	508
-0.056223086852438	0.725364716029639	106
-0.114390046918761	0.564835652312894	658
0.102952818714724	0.546952016374648	543
-0.117944825210674	0.352583555456159	87
-0.00963120961932595	0.716027240369008	481
-0.074264120179084	1.45295738654385	78
-0.073568808357436	2.12380994239627	78
-0.12256235989223	2.01874161049754	78
0.051806736293639	2.02955698902956	682
0.000948292492017	1.71286683983789	682
0.102871940568314	0.546825607663817	191
0.114958640322272	1.49426052773946	365
0.1046437642617	1.1912608665035	365
0.124609172878749	0.87936817253218	277
0.063058108724027	1.19199023817205	195
0.000925784738588953	0.546494659096437	61
-0.117831036354394	0.352673317989728	61
-0.114307224486004	0.565109371608688	356
0.000967604056485993	0.546403961082126	356
-0.093634539795058	0.556840951197036	356
0.124606951859006	0.879422159973387	356
-0.00946363872669098	0.71628986382389	206
0.054150196357836	0.712431712436207	147
-0.014383731998964	0.881562892614438	725
0.0566856940677431	0.875233588888888	254
0.110858663531083	1.03463881149518	214
-0.038084771804796	0.546557048928131	214
0.103140609926255	0.546929797083206	361
0.046542286709821	0.546503907985386	214
0.096124294069892	0.715169985531734	214
-0.078505335439038	0.334807235682389	21
-0.117971103191881	0.352336843743416	21
0.046434076670658	0.546311995607716	21
0.124567673200962	0.879102962597752	214
0.103021070490942	0.546910029300553	214
-0.032160446118549	0.886953196383209	668
-0.038164270843655	0.546436820610805	9
0.04652044983038	0.5464742420311	9
-0.034513382215166	0.720467348802245	9
0.000975541614245956	0.54652601352424	9
-0.114752307177327	0.564171348537489	106
0.059034592083974	1.03330727570243	106
-0.078461628969253	0.334855559136084	171
-0.056309753607088	0.725252132108966	658
0.046542286709821	0.546503907985386	486
0.014280160087122	0.331303341451248	486
-0.07834525013681	0.334887885324188	87
0.00621875150932605	0.878297678222367	481
-0.085558863210738	1.08033750748925	682
-0.0269424336959579	1.20818017501547	682
-0.075680062190851	1.07353552802364	682
-0.05036641146713	1.97768905481901	78
-0.110630119470915	1.10464504029942	8
0.102578047540458	0.546281788059908	191
0.000898958716415987	0.546360004087353	365
-0.086354649926137	0.915044075190026	195
0.0960185262887709	0.715177552485163	277
0.019810889993383	0.71345620863575	195
0.088212991807193	0.876753983698396	195
0.000759816151679971	0.546104221850815	61
-0.078461628969253	0.334855559136084	61
-0.038190324491453	0.546366920879928	356
-0.078360353986935	0.334844260911513	356
-0.078301301726967	0.33479207593374	356
-0.117717152571787	0.352728572431533	356
0.102846126923184	0.546816711265645	725
-0.0688511853149521	0.550507144497065	725
0.046499407903853	0.546409161577071	725
-0.091462202966592	0.737977904459406	725
0.054006203687662	0.71236161428316	725
-0.068865476075376	0.550455151752996	725
0.102859024632958	0.546883761518186	617
-0.038018362492673	0.546618402945273	617
0.046412832540613	0.54632387049216	617
0.000918451769796991	0.546500400749536	617
0.000918451769796991	0.546500400749536	214
-0.069018561500326	0.550257678966188	214
-0.117726037792187	0.352668549463053	361
0.014486778123062	0.331447869942357	361
0.054173462791167	0.71242442008755	214
-0.068981133828171	0.550224724914083	214
-0.078505335439038	0.334807235682389	21
0.10276529812906	0.546766261298029	214
-0.117944825210674	0.352583555456159	214
0.000925784738588953	0.546494659096437	407
-0.0785341312035151	0.334774054050095	407
0.095991847315707	0.714952330398763	668
-0.0936319321625449	0.55670542275289	9
0.056972845941745	0.876009460002654	9
-0.034562703637416	0.719940027368189	9
-0.075143677647001	0.730973069548694	106
-0.114499210463847	0.564914880949432	106
0.057032728192501	0.875865243865338	106
-0.068888608021291	0.550473937505231	106
-0.114414141529456	0.565049160716253	106
-0.069056003004485	0.550213767822116	106
-0.117831036354394	0.352673317989728	87
0.046455763646197	0.546406595576815	481
0.019186502674807	2.23004174946128	757
0.00157126387844897	1.71483265952036	78
-0.012320635979695	1.53545301775581	78
0.00795190066642804	1.69845963752634	78
-0.084903145399295	1.99638777018275	78
0.014486778123062	0.331447869942357	191
-0.078287826001005	0.334763248373849	191
-0.085330845133145	1.08055133127895	365
0.019201865066138	1.03943125977545	365
-0.034533936421003	0.720455500194939	195
-0.014085797257662	0.881942502092341	195
-0.0688511853149521	0.550507144497065	195
0.000918451769796991	0.546500400749536	61
0.083148039777307	1.19165979087822	61
0.019756369550568	0.713383002820867	61
0.0450573619922901	1.19351025946141	206
0.046434076670658	0.546311995607716	356
0.00100588235915999	0.546466020766528	356
-0.117839866964325	0.352652701983811	356
0.000752556247718972	0.54618955126339	356
-0.078316549947599	0.334892644976188	356
-0.07841782605487	0.334848424054662	149
-0.0689580026679329	0.550340898981373	725
0.110938191758021	1.03487950837801	147
0.054001734642033	0.71185890819755	147
-0.117660449911415	0.755078782855266	725
0.000820935056823013	0.546362059972189	617
-0.075338358839328	0.730608547549115	254
0.000898958716415987	0.546360004087353	617
-0.117365864517509	0.352711049617262	361
-0.0937121903663281	0.556668997193679	361
-0.114414141529456	0.565049160716253	214
-0.069032876267602	0.550257340688247	214
0.103033866383466	0.547002647083637	361
0.000918451769796991	0.546500400749536	214
0.102939962809722	0.546934303038246	21
0.102939962809722	0.546934303038246	21
-0.034644784961524	0.720233940388528	668
0.046693939241456	0.546484210727788	407
-0.078505335439038	0.334807235682389	407
-0.078373926576007	0.334752594792006	407
0.013750033727378	0.330901102695796	407
-0.0688049167957639	0.550500792823466	214
0.08810186519366	0.876533066603667	9
0.095939413203912	0.715148403086207	9
0.053945827600581	0.712263366492621	9
-0.00957057795756699	0.715980537546645	106
-0.03785957873798	0.546631460156574	20
-0.117953601258673	0.352597545210657	486
-0.0784328571216441	0.33484663200897	486
0.102939962809722	0.546934303038246	175
0.019624558410942	0.71323243362851	481
-0.00651578810366904	1.92955773364848	78
-0.069213981762808	1.43761847031235	78
-0.095052006138593	1.27916693747059	682
-0.00426745221556002	1.52378863961132	682
0.046563367283465	0.546405439872833	191
0.095913474208575	0.71496687423092	191
0.000835561993079992	0.546388049889566	191
-0.105484204797017	0.746160392152551	195
0.019623073931675	0.713199877922648	195
0.054052727722994	0.712385443173546	61
0.053959680966698	0.712177078510325	61
-0.0936060519635859	0.55682550587557	356
-0.00950486671759099	0.71628739187994	725
-0.061678502703267	0.90073933529734	725
-0.038005310085013	0.546635957220775	725
-0.117726037792187	0.352668549463053	149
0.000918451769796991	0.546500400749536	725
-0.047608720594142	0.893821029515653	725
-0.075099785714108	0.731011849257144	725
-0.034337033371304	0.720485291079191	725
-0.093741949229363	0.556657931195888	214
-0.093660416875415	0.556847987421022	214
0.102859024632958	0.546883761518186	361
-0.118180785688706	0.352378760345744	21
-0.093578866496309	0.556766590777846	9
0.0464987030977601	0.546379576538645	9
0.104620581923269	1.19124772927575	9
0.029545625275952	0.875803783085334	9
-0.038071737268363	0.546541091843573	281
0.000868604531952033	0.54636055890442	106
-0.068865476075376	0.550455151752996	106
-0.034579072363246	0.720370237594475	106
0.103127837722916	0.547021736367706	486
-0.00950747182039602	0.716046992649911	87
0.12467245095911	0.879518477267215	481
-0.113583009146681	1.3395614297118	78
-0.022193943529413	2.24347950179851	78
-0.056203011811603	0.725361460329095	382
0.0882744474039731	0.876904626318797	500
0.064742444409669	1.34286260982228	365
-0.00944172907490504	0.716353910708763	277
0.059277978174707	1.0340856410604	195
-0.07834525013681	0.334887885324188	61
-0.118180785688706	0.352378760345744	61
0.01967609689596	0.713268882191315	725
0.053945827600581	0.712263366492621	725
-0.0937678377201721	0.556691762056095	725
-0.009397923564752	0.716379445772882	725
0.095767782202828	0.714827607355839	725
-0.034530004162013	0.720278161728681	725
0.019703353807297	0.713361334384664	147
-0.00950486671759099	0.71628739187994	725
0.04652044983038	0.5464742420311	617
-0.1143315130289	0.565026076353992	214
-0.038151250108503	0.546420854556282	214
-0.009356698434968	0.716404692220104	214
0.054173462791167	0.71242442008755	214
-0.032038061878081	0.887349505281334	668
0.054029465539626	0.712392747137759	214
0.102684638589434	0.546640068159778	234
0.015221229893607	0.331833236925771	234
-0.0785341312035151	0.334774054050095	9
-0.09360866920208	0.556763346406444	106
0.124650622700453	0.879529294170625	106
0.103033866383466	0.547002647083637	611
-0.029010465700558	2.24253995440653	78
0.019408174306104	2.23153530023072	78
-0.0573529452864911	2.25084595742106	78
-0.076013716354198	1.84891215824194	631
-0.097212707439431	0.922250600385855	500
0.118361907879506	1.95875848073434	500
-0.053707852896282	1.06116669134747	365
-0.0936319321625449	0.55670542275289	277
0.104641850006569	1.19134269627885	195
-0.086249000148605	0.914945300045685	195
0.059239248430117	1.03409509569725	195
0.014693051385642	0.33154041613148	61
-0.118058519259127	0.352454317015294	61
-0.114390046918761	0.564835652312894	206
-0.03455853387248	0.72034999379427	725
-0.075013427074889	0.731001781527056	725
-0.056269614876835	0.725275945041031	725
0.110929859976868	1.03510641748529	725
-0.038084771804796	0.546557048928131	725
-0.0937678377201721	0.556691762056095	725
0.019756369550568	0.713383002820867	725
-0.118311411153993	0.352176797827841	617
0.095952734120206	0.715189374908091	214
0.056886108648653	0.875870098818518	214
-0.037938951930853	0.546653091630455	617
-0.105434479559369	0.74619652415854	214
-0.078577788973047	0.33472577676997	214
0.102927125088669	0.54679237203476	361
0.0197048500773001	0.713365515733353	214
-0.009587467073083	0.716052689303468	214
-0.068995432562999	0.550334672525007	668
-0.075295859608888	0.730612947657748	214
0.088056473428326	0.876342186652105	668
0.05705957812295	0.876060732863568	214
0.088142785712204	0.876592296547469	214
0.046629057528294	0.546502925119404	234
0.102778255844793	0.546757450411459	234
0.00093724327286504	0.546463920727753	9
-0.118311411153993	0.352176797827841	9
0.046607070563234	0.546529871565748	281
-0.093661717601255	0.556778539148937	106
0.019730612762067	0.713415955765321	20
-0.117594217230099	0.352759200610373	611
0.000967604056485993	0.546403961082126	86
0.124626462245743	0.879218691050498	86
0.0464565373834061	0.546205362506144	481
0.095912760237026	0.71492320367444	481
0.00695068934902698	2.37358735695164	78
-0.093287886555251	2.13305354280985	78
0.022201268450635	2.06965369476397	78
0.102871940568314	0.546825607663817	191
0.000925784738588953	0.546494659096437	500
-0.117702328441473	0.755104705350068	365
0.019624558410942	0.71323243362851	277
-0.067724558880557	1.23312633496768	195
0.00192155578338105	1.04289455911135	195
0.028225949278093	1.19489927777082	195
0.0148094482928141	0.331596623912213	61
-0.1143509382464	0.565110324997158	725
-0.00960933604854297	0.71605681931707	725
-0.0688511853149521	0.550507144497065	725
0.056866146813055	0.875803365601958	725
0.029612091239785	0.875988688644532	725
0.124884001183789	0.879551397154115	725
0.096031860202732	0.71521854127108	725
-0.093713481518941	0.556786806671946	725
0.019571520063183	0.713070408413511	147
0.046455763646197	0.546406595576815	617
-0.07841782605487	0.334848424054662	617
-0.038110853061623	0.546487094584724	214
0.019730612762067	0.713415955765321	214
0.088278754077182	0.876829800366686	214
0.019651818943123	0.713251012434848	214
-0.093607359992403	0.556873595673821	214
0.054257086393886	0.712294950457914	361
-0.0785341312035151	0.334774054050095	21
0.019623073931675	0.713199877922648	214
-0.00961180881093904	0.716013820448199	106
0.029744976750487	0.876220495142696	106
-0.038164270843655	0.546436820610805	171
-0.0785341312035151	0.334774054050095	175
0.096110950864864	0.715171097862936	87
-0.114326776696095	0.564929030361521	86
0.046434639915807	0.546296788418666	87
0.0958602647171281	0.715059134269568	86
-0.038190324491453	0.546366920879928	481
-0.09371606723568	0.556549724778025	481
-0.078404061527277	0.334701676392793	481
-0.030109653780896	1.78040090076574	824
-0.113505769356321	2.01577367748787	78
-0.114392293153171	0.565062488780271	8
-0.031949829335423	0.887508957911859	195
0.046455763646197	0.546406595576815	61
-0.078461628969253	0.334855559136084	61
-0.118302831993215	0.35225745754692	61
-0.09371606723568	0.556549724778025	725
-0.093873988890348	0.556465424559561	725
-0.0688511853149521	0.550507144497065	725
0.053848305481505	0.711939986651127	725
-0.114521057504065	0.564844995830792	725
0.000925784738588953	0.546494659096437	147
-0.078360353986935	0.334844260911513	617
0.015221229893607	0.331833236925771	617
0.015221229893607	0.331833236925771	406
0.014898980443409	0.331545372027833	617
0.054029465539626	0.712392747137759	617
0.09600598071378	0.714914240546533	617
0.124733372651614	0.879546458639137	617
0.046434076670658	0.546311995607716	386
-0.038018362492673	0.546618402945273	214
0.01967609689596	0.713268882191315	214
0.102859024632958	0.546883761518186	234
0.014693051385642	0.33154041613148	234
0.000723403080248986	0.546133424431026	281
-0.034468279547934	0.720512319695876	281
-0.114584285776041	0.564719438324633	106
-0.0689348713150461	0.550417910328223	106
-0.038097810402228	0.546539513612059	106
-0.078577788973047	0.33472577676997	611
0.046542286709821	0.546503907985386	175
0.120166555224867	1.7940892732467	824
-0.093603439054745	0.556079892643598	8
0.0969877201093881	1.49192735016255	500
0.00638494946178403	0.878408164641818	365
0.056870312865679	0.875451408263261	195
-0.075680062190851	1.07353552802364	195
-0.078476515936851	0.334704051901253	61
-0.118075945617532	0.352475981362613	61
-0.068828051153055	0.550519576410294	206
-0.056203011811603	0.725361460329095	206
-0.034533936421003	0.720455500194939	725
-0.069009749323291	0.550269762703352	725
0.018889065799474	1.03863735337765	725
-0.093848084174891	0.556501472754065	147
0.088167685316824	0.876715975962942	725
-0.056249549463771	0.725241835891252	725
0.04652044983038	0.5464742420311	147
0.0298374172815	0.876050180743232	725
0.000925784738588953	0.546494659096437	147
-0.105307116923809	0.746158834214925	725
0.019836637271439	0.713404968703696	725
-0.07834525013681	0.334887885324188	147
0.0148094482928141	0.331596623912213	406
-0.038097810402228	0.546539513612059	617
0.014486778123062	0.331447869942357	617
0.124820782307884	0.879588525585632	214
0.00100588235915999	0.546466020766528	386
0.000820935056823013	0.546362059972189	214
-0.093741949229363	0.556657931195888	214
0.046585173823348	0.546500154315464	214
-0.068986622168958	0.550250990209298	214
0.102871940568314	0.546825607663817	214
0.019624558410942	0.71323243362851	214
-0.114287758365962	0.565136977878951	214
-0.056616365606934	0.724382183003542	668
0.00625471881051498	0.878377284568606	668
-0.069032876267602	0.550257340688247	668
-0.056203011811603	0.725361460329095	214
-0.038071737268363	0.546541091843573	214
0.053862185711166	0.712043859085995	214
-0.078272649288975	0.334885576734114	234
0.102859024632958	0.546883761518186	234
0.095807667058939	0.714953390541008	281
0.102939962809722	0.546934303038246	281
-0.00941982402070496	0.716383544036968	106
-0.038097810402228	0.546539513612059	106
-0.093848084174891	0.556501472754065	106
-0.00954614284563804	0.716208123014226	106
-0.093793732675255	0.556658827111305	106
0.019677589313058	0.713346935133066	658
0.0197321128944981	0.713348024140361	658
-0.056223086852438	0.725364716029639	658
0.000906909127949995	0.546464500138251	175
0.046434639915807	0.546296788418666	175
0.015015511027073	0.33174094912973	611
-0.0785341312035151	0.334774054050095	611
0.104554927732141	1.19080389653288	86
-0.075128560656728	0.730956829875266	824
-0.038461025566474	1.96694541613244	78
-0.0914845289366239	2.26266744702085	78
0.00200182500046198	1.04297340544346	8
0.034581968989554	1.85594133718289	352
-0.110520126420554	1.10497442617938	352
-0.00152287684478203	1.20002761067443	500
-0.00946108220693898	0.716312897226207	191
-0.117613261430952	0.755164881326392	195
-0.078389101895223	0.334894991105506	61
-0.013529087864954	1.04758313618313	725
-0.091375227242232	0.737933447661385	725
0.088229091966295	0.876744684196254	725
0.0958602647171281	0.715059134269568	725
0.046412832540613	0.54632387049216	147
0.057018367379662	0.876039347393869	214
0.014693051385642	0.33154041613148	617
0.095873572645785	0.715100082050027	214
0.0197048500773001	0.713365515733353	214
-0.117585244131276	0.352649603014564	386
0.088208628204057	0.876775252081621	214
-0.078389101895223	0.334894991105506	21
-0.03466531760267	0.720222122204125	668
0.037708633365051	1.03521118995028	668
-0.00960933604854297	0.71605681931707	214
0.00188337417467299	1.04274320548273	214
0.038113588778387	1.03596070651028	214
-0.117831036354394	0.352673317989728	281
0.01902448713001	1.03918559118963	106
-0.047805803215468	0.893377196382218	20
-0.11770825070934	0.352703851644874	175
0.015015511027073	0.33174094912973	611
0.014486778123062	0.331447869942357	611
-0.118084633681823	0.352321134986156	611
0.102846126923184	0.546816711265645	175
0.102952818714724	0.546952016374648	481
-0.086354649926137	0.915044075190026	824
-0.117502901719479	1.11501962313214	78
0.082832616531234	2.17988905336016	352
0.046499407903853	0.546409161577071	285
0.056952808189603	0.875980833095336	365
-0.105539584517091	0.745954445455405	365
0.02987780011777	0.876256126482918	195
0.0146030411225651	0.331368587604412	61
0.014693051385642	0.33154041613148	61
0.04634816214787	0.546154657785757	206
0.019679081531942	0.713233529096698	725
0.088319752008557	0.87697089157298	725
0.019757873763193	0.71343453825599	725
-0.038084771804796	0.546557048928131	617
0.0464775407151	0.546436206750712	617
0.019679081531942	0.713233529096698	214
0.102871940568314	0.546825607663817	386
-0.068981133828171	0.550224724914083	214
0.088299255605635	0.876921147738516	214
-0.038005310085013	0.546635957220775	214
0.088406015823902	0.876999052332249	214
0.110923006600159	1.03518479092378	214
0.088253967328347	0.876895031568286	214
0.056972845941745	0.876009460002654	668
0.00640673736094199	0.878384832764653	668
0.00601600610397202	0.877832322417812	214
0.102684638589434	0.546640068159778	234
-0.078389101895223	0.334894991105506	234
-0.078505335439038	0.334807235682389	234
0.015748574968654	0.332008986763764	234
0.0148094482928141	0.331596623912213	281
-0.114348610735491	0.565004808689118	658
0.083241583011624	1.03346831717552	658
0.0298374172815	0.876050180743232	658
-0.117953601258673	0.352597545210657	175
0.015015511027073	0.33174094912973	611
0.019050346037698	1.03902774699243	86
0.014486778123062	0.331447869942357	481
-0.0784328571216441	0.33484663200897	481
0.00213894225820099	1.04341443020244	824
0.0366736186180709	2.05071360332503	631
-0.075245133116796	0.730768175625444	365
-0.114435994682675	0.565008227026761	195
0.059277978174707	1.0340856410604	195
0.029923991535718	0.876098872428107	725
-0.00950238851636898	0.716165417630369	725
-0.075353478762815	0.730589964241878	725
0.001013853753835	0.54655060088885	725
0.046455763646197	0.546406595576815	147
0.095926088576779	0.715062270678513	147
-0.068865476075376	0.550455151752996	147
-0.068865476075376	0.550455151752996	147
0.014693051385642	0.33154041613148	406
-0.118058519259127	0.352454317015294	617
-0.034468279547934	0.720512319695876	214
0.015015511027073	0.33174094912973	617
0.111067023181245	1.03499181509366	214
-0.038058706791953	0.546490151457986	386
-0.093713481518941	0.556786806671946	214
0.046434639915807	0.546296788418666	214
-0.038097810402228	0.546539513612059	214
-0.117717152571787	0.352728572431533	386
0.088167685316824	0.876715975962942	214
-0.05619042890002	0.724947986247997	668
-0.0750778144669611	0.730926283215142	214
0.00600892849217005	0.877749141641962	214
0.019651818943123	0.713251012434848	281
0.103221876906599	0.546980598445863	281
0.096097603943538	0.715130101138898	106
-0.07849037707702	0.334766898185218	124
-0.1143315130289	0.565026076353992	106
-0.093499944567344	0.556835931802578	106
0.019757873763193	0.71343453825599	658
0.015337900306628	0.331772940313554	175
0.015132047963402	0.33154518134191	611
-0.093793732675255	0.556658827111305	86
-0.068920586653216	0.550270340745516	86
0.014486778123062	0.331447869942357	481
0.102489910864469	0.546172679666409	481
0.060835286875657	2.36678841884398	631
-0.0730030441917781	2.12551366539198	78
-0.033682241245219	1.57314592274961	352
0.038090655788798	1.03599570499977	365
-0.056329826930416	0.725194243207079	195
0.014164037484612	0.331138547182105	61
0.000842858445567973	0.546344713229705	206
-0.093634539795058	0.556840951197036	725
0.019674604177754	0.712970714858677	147
0.000813604587608041	0.546288457112092	147
-0.093714773776065	0.556752931738205	147
-0.0688511853149521	0.550507144497065	147
0.000918451769796991	0.546500400749536	147
0.00093724327286504	0.546463920727753	147
-0.117839866964325	0.352652701983811	406
-0.069139706753081	0.549973806434338	214
0.103033866383466	0.547002647083637	617
-0.068963494801974	0.550198685459675	617
0.053982942164289	0.712290972688709	617
-0.114625712135806	0.564629028837333	214
0.088385513335964	0.876989420900022	214
0.0569260238839731	0.875889445927199	214
-0.114625712135806	0.564629028837333	21
-0.093633235422332	0.556851668428262	21
-0.114435994682675	0.565008227026761	214
0.000828254194413014	0.546393815900103	214
0.095952734120206	0.715189374908091	214
-0.078360353986935	0.334844260911513	234
-0.118067240793936	0.352507886935394	234
0.019677589313058	0.713346935133066	106
0.0882949223562151	0.876874066340018	106
-0.038044479500504	0.546473472346318	175
0.000828254194413014	0.546393815900103	175
-0.068730104123347	0.550459572066759	175
0.01959729993245	0.713177830099595	20
-0.0784328571216441	0.33484663200897	611
-0.068767503504533	0.550523279279906	86
0.054145779827544	0.711891904853335	86
0.118617419623011	1.95974958038134	824
0.120091983570291	2.1396536352286	631
0.079768214702866	1.64296421269332	631
0.00810893058822104	1.69931971667172	631
0.061094222562381	2.36816658888441	631
-0.013277659503348	1.93694786337555	352
0.088036021785994	0.876292555257721	191
-0.114202720835829	0.565136562997593	277
-0.00956802690511105	0.716178523874069	277
-0.075121740125633	0.731025858500893	195
0.000792036691789955	0.545918887213088	147
-0.117953601258673	0.352597545210657	147
0.015221229893607	0.331833236925771	61
0.000860687931607984	0.546201243527025	206
-0.068920586653216	0.550270340745516	147
-0.093741949229363	0.556657931195888	147
-0.038044479500504	0.546473472346318	147
0.046434639915807	0.546296788418666	147
0.000822430905159988	0.545918399919815	147
0.102859024632958	0.546883761518186	725
0.00093724327286504	0.546463920727753	147
0.000918451769796991	0.546500400749536	147
0.000940416657924992	0.546365990802168	147
0.01967609689596	0.713268882191315	147
-0.09360866920208	0.556763346406444	147
0.001013853753835	0.54655060088885	147
0.12452612370025	0.878721619962993	147
-0.114560264963287	0.56466886588527	725
0.001013853753835	0.54655060088885	147
0.102965692838688	0.546844532922721	617
-0.038031418964221	0.546565959336452	617
0.000752556247718972	0.54618955126339	617
-0.118067240793936	0.352507886935394	386
0.102859024632958	0.546883761518186	214
0.046434076670658	0.546311995607716	214
-0.117822189095331	0.352614000083049	214
-0.038031418964221	0.546565959336452	21
-0.11454290931899	0.564742880928561	214
0.015221229893607	0.331833236925771	234
0.103046680452927	0.54697101885335	281
-0.117480088539026	0.352775239077962	281
0.019756369550568	0.713383002820867	106
0.0464987030977601	0.546379576538645	20
-0.078461628969253	0.334855559136084	481
-0.00479435088583002	1.35548398215382	824
0.00108092248008596	2.09084252364152	352
-0.118172118618263	0.352244085286353	191
-0.068995432562999	0.550334672525007	277
0.083364931125787	1.03315921941415	678
0.000906909127949995	0.546464500138251	147
-0.093578866496309	0.556766590777846	725
-0.11456244962031	0.564789288279985	725
-0.068995432562999	0.550334672525007	725
-0.038164270843655	0.546436820610805	147
0.124927699131617	0.879297145890568	147
0.019703353807297	0.713361334384664	147
-0.114669367461692	0.564457217551197	147
0.057063267370813	0.875974825995864	147
0.054187280666296	0.712317950885252	147
-0.038230800237506	0.546256352478611	147
-0.114521057504065	0.564844995830792	725
-0.093687596325703	0.556815343915179	147
-0.118075945617532	0.352475981362613	406
0.046499407903853	0.546409161577071	406
-0.093795012818503	0.556596773272788	214
0.095820954610095	0.714910037968309	617
0.096124294069892	0.715169985531734	214
0.095794375808675	0.714954580622306	214
-0.114625712135806	0.564629028837333	214
0.095873572645785	0.715100082050027	386
0.095688575970209	0.714621981252469	214
-0.114180844546246	0.565122304744246	386
-0.038071737268363	0.546541091843573	386
0.019892686007231	0.71328554317794	214
0.095807667058939	0.714953390541008	21
-0.09371606723568	0.556549724778025	21
-0.038084771804796	0.546557048928131	214
-0.093660416875415	0.556847987421022	214
-0.034817304552462	0.719780686300919	214
0.054150196357836	0.712431712436207	214
-0.078577788973047	0.33472577676997	234
0.000906909127949995	0.546464500138251	281
0.0958602647171281	0.715059134269568	106
0.046434076670658	0.546311995607716	175
0.000820935056823013	0.546362059972189	175
0.053996781242706	0.712059316844062	20
0.000906909127949995	0.546464500138251	175
-0.037872662852266	0.546578998958016	86
-0.016124472890217	2.24011378500523	78
-0.0350643915696	2.24411327641499	78
-0.050590220649233	1.61740758761618	122
-0.03220466762445	0.886988876950835	365
0.064799807841436	1.34306130360138	365
-0.117594217230099	0.352759200610373	61
0.019703353807297	0.713361334384664	206
0.054029465539626	0.712392747137759	725
0.02987780011777	0.876256126482918	147
0.054043307590794	0.71233864047186	147
0.088229091966295	0.876744684196254	725
-0.093634539795058	0.556840951197036	725
-0.114370449554845	0.565048182756302	725
0.000868604531952033	0.54636055890442	147
-0.07822865189219	0.334789825675857	406
-0.1143315130289	0.565026076353992	32
0.09570186165398	0.714707974518527	386
-0.114372802292684	0.565069375339754	214
0.095979364827558	0.715144881301218	214
-0.00976003166628403	0.715523931967278	21
0.000906909127949995	0.546464500138251	21
-0.11424648774828	0.565082225728288	214
0.054043307590794	0.71233864047186	214
-0.093766553916435	0.556691460943664	214
-0.0917226410458411	0.737240157247834	281
0.088253967328347	0.876895031568286	106
-0.114348610735491	0.565004808689118	106
-0.034616202556475	0.720067476508526	106
-0.034468279547934	0.720512319695876	106
-0.093660416875415	0.556847987421022	106
-0.078548945585607	0.334664702764609	171
-0.093634539795058	0.556840951197036	20
-0.093740660621265	0.556754166748311	20
0.10276529812906	0.546766261298029	175
0.015543409119394	0.331916984826515	175
-0.075150525919452	0.730999872092666	86
0.046607070563234	0.546529871565748	481
-0.070305319555473	1.84350499312435	78
0.021957001217676	2.0688360736643	78
0.052080843022149	2.03053139633734	122
0.045160031585001	1.19364712379279	122
0.107306131012596	1.96776711177595	122
-0.015859028791929	1.36047301372739	122
-0.06484605652016	1.06770891967519	8
0.019810889993383	0.71345620863575	191
-0.10561706842848	0.745838468086116	500
-0.114477368199382	0.564955794700488	195
-0.014273578951478	0.881720025752133	195
0.019571520063183	0.713070408413511	725
0.08849227356999	0.876919942220831	147
-0.117822189095331	0.352614000083049	147
-0.078606608631892	0.334612044582887	147
0.054126930245297	0.712400573859308	725
0.096190006078801	0.714954430124288	725
-0.117831036354394	0.352673317989728	147
-0.0562896829235851	0.725279210160063	147
-0.00952676586833701	0.716223363511951	147
0.102952818714724	0.546952016374648	147
-0.093820909427118	0.556596437211793	725
0.095688575970209	0.714621981252469	147
0.088253967328347	0.876895031568286	147
-0.068897453062561	0.550386522987246	147
0.095952734120206	0.715189374908091	32
-0.118302831993215	0.35225745754692	214
0.000835561993079992	0.546388049889566	617
-0.07841782605487	0.334848424054662	617
0.088323975105609	0.876712007857932	214
0.053922568196068	0.712192740421232	214
-0.078505335439038	0.334807235682389	386
0.095516794095609	0.713748171079053	386
-0.078461628969253	0.334855559136084	386
-0.117612113623613	0.35260417148075	214
0.124694274441782	0.87946409221883	214
0.000925784738588953	0.546494659096437	214
0.04652044983038	0.5464742420311	281
-0.0688049167957639	0.550500792823466	20
-0.038362384578601	0.545889308090842	106
0.124543706410904	0.879271919655229	106
0.121648264367538	1.34680357382261	106
0.013957208446354	0.331045765272962	171
-0.093660416875415	0.556847987421022	106
-0.038084771804796	0.546557048928131	20
0.000975541614245956	0.54652601352424	175
-0.014212694019731	0.882184135183001	20
0.046586231010875	0.546385529373198	175
0.019733612891391	0.713080406047855	86
-0.093714773776065	0.556752931738205	86
-0.117726037792187	0.352668549463053	175
-0.078505335439038	0.334807235682389	175
0.103893558506609	2.34100128053027	78
0.034852637793313	1.85742858208517	122
0.063058108724027	1.19199023817205	122
0.038188622583199	1.49618100207319	122
0.00619694321422604	0.878324258787082	122
0.029638198889274	0.87592168489123	122
-0.097338550714146	0.922140333812829	8
-0.093660416875415	0.556847987421022	191
0.102859024632958	0.546883761518186	277
-0.091404224784821	0.737977127415801	195
-0.11424402281122	0.565136053841601	206
0.000925784738588953	0.546494659096437	147
0.0062983089234	0.878379912078012	725
0.096045190403945	0.71521740606195	147
-0.093714773776065	0.556752931738205	147
-0.093633235422332	0.556851668428262	147
0.096097603943538	0.715130101138898	32
0.054173462791167	0.71242442008755	32
0.103115083689341	0.546978454245952	214
0.095939413203912	0.715148403086207	214
-0.075106578582693	0.730841428026112	214
0.054159629118594	0.712295852078253	214
-0.0784328571216441	0.33484663200897	386
0.015543409119394	0.331916984826515	21
0.014486778123062	0.331447869942357	21
-0.038243807178627	0.546272322571263	21
-0.117726037792187	0.352668549463053	281
0.102859024632958	0.546883761518186	281
0.019571520063183	0.713070408413511	214
0.00631251697976198	0.878292128270238	214
-0.0688743192839571	0.55046354075607	214
0.000918451769796991	0.546500400749536	281
-0.118067240793936	0.352507886935394	281
-0.117703714105288	0.755172383071957	106
0.029779355852249	0.875998192850076	106
-0.117594217230099	0.352759200610373	283
-0.117944825210674	0.352583555456159	175
-0.038084771804796	0.546557048928131	86
0.000933106370409997	0.546451336382571	86
-0.078650217757543	0.334563833199289	481
0.074544639391986	2.18998489223853	78
0.050156857835575	2.21283896068284	122
0.00126324563872604	1.71415665888266	122
0.121686246656115	1.3469386596723	122
0.061209536002085	1.82474871175938	122
-0.031988567864519	0.887509369524649	8
-0.117944825210674	0.352583555456159	191
0.102952818714724	0.546952016374648	277
-0.0913899473120649	0.738046823995945	195
-0.031944352660134	0.88740350278498	195
0.0197851368136031	0.71341704442789	678
0.029805492458163	0.876253399465802	147
0.019623073931675	0.713199877922648	147
0.00104417444327998	0.546490588732559	147
0.111017715970491	1.0350042771814	147
0.056952808189603	0.875980833095336	147
-0.114307224486004	0.565109371608688	147
0.000906909127949995	0.546464500138251	147
0.102871940568314	0.546825607663817	147
0.000975541614245956	0.54652601352424	32
0.095688575970209	0.714621981252469	214
0.095781080857291	0.714913663492623	214
0.095979364827558	0.715144881301218	386
-0.093660416875415	0.556847987421022	214
-0.117594217230099	0.352759200610373	21
0.102871940568314	0.546825607663817	21
-0.009376027707654	0.716340876958858	214
-0.118084633681823	0.352321134986156	281
0.000868604531952033	0.54636055890442	281
0.054113099523654	0.712433124334927	214
0.054150196357836	0.712431712436207	20
-0.038123899783875	0.546394638638759	20
0.0464987030977601	0.546379576538645	281
0.019623073931675	0.713199877922648	106
-0.03455853387248	0.72034999379427	106
-0.038097810402228	0.546539513612059	106
0.015748574968654	0.332008986763764	175
0.019623073931675	0.713199877922648	20
0.095978502253242	0.714741204026359	20
0.019889638317436	0.713299599299119	86
0.019545734360111	0.71287223249182	86
-0.117839866964325	0.352652701983811	175
0.102939962809722	0.546934303038246	481
-0.090214765740885	1.99857548908711	78
0.06840260543294	2.00782080412072	78
0.016157931210831	1.68815604313393	122
0.082754338346442	2.17944815541758	122
0.056732568709337	0.875432965157303	8
-0.078461628969253	0.334855559136084	8
0.124689639179101	0.87925066109967	277
0.04652044983038	0.5464742420311	678
-0.009589915560407	0.716114521322415	195
0.124947196666778	0.879421666083412	147
-0.0688511853149521	0.550507144497065	725
0.0569321914684831	0.875913064305985	725
0.019730612762067	0.713415955765321	147
-0.118058519259127	0.352454317015294	147
-0.06897230342571	0.550378261045452	147
-0.117839866964325	0.352652701983811	147
0.000918451769796991	0.546500400749536	147
-0.03789976545186	0.546603825490813	147
-0.117953601258673	0.352597545210657	32
-0.078360353986935	0.334844260911513	214
0.029938355745883	0.876289110772018	214
-0.105445508942811	0.746231734252583	214
-0.0689117397669981	0.550461509138893	617
0.103033866383466	0.547002647083637	386
0.0148094482928141	0.331596623912213	386
-0.03475156865274	0.720001626855283	386
0.08818368575731	0.876489502347301	386
0.0464987030977601	0.546379576538645	214
-0.093873988890348	0.556465424559561	214
0.0148094482928141	0.331596623912213	21
-0.117962360601882	0.352531037221759	281
-0.118067240793936	0.352507886935394	281
-0.075092948688865	0.731022788339599	214
-0.03817729563763	0.546419306318742	20
-0.0938196340612309	0.556560417149379	20
0.000975541614245956	0.54652601352424	106
-0.056243164537198	0.725337625091135	106
-0.078476515936851	0.334704051901253	283
-0.034599615781616	0.720358404474324	20
-0.0687069650987741	0.550472011957838	20
0.088126721946085	0.876488466099591	86
-0.078577788973047	0.33472577676997	175
0.0146030411225651	0.331368587604412	175
-0.078505335439038	0.334807235682389	481
-0.068730104123347	0.550459572066759	481
-0.078461628969253	0.334855559136084	481
0.050019031951045	2.21230124294139	122
-0.0197310659036331	1.54797056261939	122
-0.024478639724009	1.76677009978824	122
0.054126930245297	0.712400573859308	191
-0.091454825911247	0.737871739079942	365
0.059233743487657	1.03406903103067	277
0.046499407903853	0.546409161577071	277
-0.075265612766468	0.730591999029455	195
-0.056376358934057	0.725129665591917	195
-0.114688997993783	0.564428015148283	678
0.054103664450783	0.712329932588179	725
0.0464775407151	0.546436206750712	147
0.019836637271439	0.713404968703696	147
0.103209164762305	0.546997639818529	147
0.103021070490942	0.546910029300553	147
0.000850143544644966	0.546259365345522	147
-0.117822189095331	0.352614000083049	617
0.000898958716415987	0.546360004087353	617
-0.037938951930853	0.546653091630455	617
0.095834238464192	0.714821367838863	617
0.102939962809722	0.546934303038246	386
-0.114202720835829	0.565136562997593	281
0.0464775407151	0.546436206750712	281
-0.117944825210674	0.352583555456159	281
0.103046680452927	0.54697101885335	281
-0.032021858569792	0.887436662950177	214
0.124648320481278	0.879392721604264	214
-0.038138233431129	0.546369917782611	20
-0.0688049167957639	0.550500792823466	106
0.124692022634661	0.879589807933839	106
-0.0785341312035151	0.334774054050095	171
-0.078461628969253	0.334855559136084	175
0.054029465539626	0.712392747137759	20
-0.078505335439038	0.334807235682389	175
0.0159533984203279	0.332013285790487	175
0.046585173823348	0.546500154315464	175
0.0366717593013181	2.05107160760355	122
-0.05027230702782	1.61858942754947	122
-0.030008126918295	1.7808660526833	122
-0.013234706909956	1.93760996518711	8
-0.055601010439013	1.63221593477025	8
0.100452917874364	2.15923994356146	8
-0.114477368199382	0.564955794700488	93
0.110951798594377	1.03523014207993	365
0.08810186519366	0.876533066603667	277
-0.038005310085013	0.546635957220775	277
0.087970155120254	0.875984323486317	277
-0.093661717601255	0.556778539148937	147
-0.114287758365962	0.565136977878951	147
-0.00950486671759099	0.71628739187994	147
-0.037952022220819	0.546600633082636	147
0.054113099523654	0.712433124334927	147
0.102939962809722	0.546934303038246	147
-0.034538000308954	0.720296452449875	147
-0.118180785688706	0.352378760345744	147
-0.038018362492673	0.546618402945273	147
0.102871940568314	0.546825607663817	147
0.014693051385642	0.33154041613148	32
0.000868604531952033	0.54636055890442	214
0.102489910864469	0.546172679666409	617
0.04652044983038	0.5464742420311	617
-0.068949174085904	0.550390686111211	617
0.00093724327286504	0.546463920727753	21
-0.093714773776065	0.556752931738205	21
0.103033866383466	0.547002647083637	281
0.000730708390523027	0.546206964542419	281
0.019674604177754	0.712970714858677	214
0.019757873763193	0.71343453825599	214
0.0197048500773001	0.713365515733353	214
-0.093714773776065	0.556752931738205	214
0.046499407903853	0.546409161577071	281
-0.117953601258673	0.352597545210657	281
0.102952818714724	0.546952016374648	281
-0.114268378368817	0.565012286356702	106
-0.0689117397669981	0.550461509138893	283
-0.0936863004103	0.556790487890074	283
-0.114397180831173	0.564587562896418	283
0.046693939241456	0.546484210727788	175
0.102871940568314	0.546825607663817	175
0.0882744474039731	0.876904626318797	20
0.095952734120206	0.715189374908091	20
0.0463911152322391	0.546294317805983	175
-0.00558867542062402	1.72763916218368	78
-0.00497476432923705	1.35513792362988	122
-0.00960933604854297	0.71605681931707	191
0.046412832540613	0.54632387049216	191
-0.074588885490496	0.907790335469274	365
0.12467245095911	0.879518477267215	277
-0.038151250108503	0.546420854556282	277
0.083292209629135	1.03352059830306	277
-0.034706397659959	0.720101173495409	277
-0.075245133116796	0.730768175625444	195
0.124521874708077	0.879150251001781	195
-0.068963494801974	0.550198685459675	147
0.015221229893607	0.331833236925771	61
-0.093580178190461	0.556877278723426	147
0.000940416657924992	0.546365990802168	725
0.054052727722994	0.712385443173546	725
-0.009356698434968	0.716404692220104	147
-0.0688511853149521	0.550507144497065	147
0.103033866383466	0.547002647083637	147
0.000730708390523027	0.546206964542419	32
0.0464775407151	0.546436206750712	32
0.000813604587608041	0.546288457112092	214
-0.068828051153055	0.550519576410294	214
0.102871940568314	0.546825607663817	21
-0.093793732675255	0.556658827111305	281
0.00093724327286504	0.546463920727753	281
-0.037952022220819	0.546600633082636	281
-0.00954614284563804	0.716208123014226	214
0.096058516894194	0.715174091580805	281
-0.075128560656728	0.730956829875266	20
0.019810889993383	0.71345620863575	283
-0.056503166437887	0.724696746030936	106
-0.075201265336757	0.730950141111018	20
-0.00946108220693898	0.716312897226207	86
-0.037793340878717	0.546432988175045	175
0.00102330001336504	0.54650935831214	175
0.04652044983038	0.5464742420311	175
0.053922568196068	0.712192740421232	86
0.029149985100265	2.37466272498611	78
0.033542210491485	1.34453761578995	122
-0.00645751889650503	2.09295618690392	631
-0.091469535744416	0.737939274151088	93
0.063168665658545	1.19219372087577	93
-0.056269614876835	0.725275945041031	365
-0.093741949229363	0.556657931195888	277
-0.056483101821551	0.72482218723029	195
0.015426605459758	0.331837835999836	26
0.06328659005703	1.19185217288187	206
-0.068949174085904	0.550390686111211	147
-0.00954614284563804	0.716208123014226	147
0.019570043504722	0.713085410637289	147
0.0540898352208991	0.712440424822514	147
-0.038058706791953	0.546490151457986	147
0.096058516894194	0.715174091580805	147
0.000842858445567973	0.546344713229705	147
-0.0689348713150461	0.550417910328223	147
0.019783628750618	0.713437624154362	147
0.000730708390523027	0.546206964542419	147
-0.114540618240105	0.56483017811683	32
0.103140609926255	0.546929797083206	214
0.053955216946999	0.712091398415352	214
-0.034624257244852	0.720213691471364	214
0.124713866550428	0.879621645016318	214
0.103115083689341	0.546978454245952	617
0.014280160087122	0.331303341451248	21
0.054196729548054	0.712377530199034	21
-0.0784328571216441	0.33484663200897	21
-0.093660416875415	0.556847987421022	214
-0.034406599338289	0.720450443911061	214
-0.037925885706574	0.546670662650068	214
-0.069018561500326	0.550257678966188	20
0.053922568196068	0.712192740421232	20
-0.069102255866311	0.550020700954404	20
-0.114394671114916	0.564999444831835	106
0.046542286709821	0.546503907985386	283
0.124798937057536	0.879642881682537	20
0.000868604531952033	0.54636055890442	20
-0.11456244962031	0.564789288279985	86
-0.114307224486004	0.565109371608688	86
-0.0689117397669981	0.550461509138893	175
0.046434076670658	0.546311995607716	175
0.110843468261436	1.0349698612074	86
0.000933106370409997	0.546451336382571	481
-0.117717152571787	0.352728572431533	481
-0.0563106131171	1.98242382099216	78
0.019553632319032	1.34686277772151	122
0.06320306392529	1.19224349221554	122
0.048621561892342	1.34339844521693	8
0.0832849221543071	1.03326424837409	93
0.0570389897545101	0.876068893169666	93
0.110735140399806	1.03448074313584	365
0.056846009944997	0.875696225464736	365
0.053922568196068	0.712192740421232	277
-0.069032876267602	0.550257340688247	277
-0.091497993151791	0.737441974709982	195
-0.031999369445514	0.887442878642039	195
0.000752556247718972	0.54618955126339	195
0.102871940568314	0.546825607663817	147
-0.114329078977151	0.565123666576565	147
0.046629057528294	0.546502925119404	147
-0.03817729563763	0.546419306318742	147
-0.0347310418567069	0.720045461985755	74
0.04652044983038	0.5464742420311	147
0.0957544798433529	0.714688641939491	147
0.102952818714724	0.546952016374648	147
0.029632252354112	0.876035374220368	147
0.054182894416446	0.712153588700034	147
-0.037979217457885	0.546569081267276	32
-0.093555628584714	0.556693539040898	32
-0.038190324491453	0.546366920879928	214
-0.117717152571787	0.352728572431533	617
-0.078272649288975	0.334885576734114	617
-0.0688049167957639	0.550500792823466	214
0.046629057528294	0.546502925119404	21
0.014486778123062	0.331447869942357	21
-0.11770825070934	0.352703851644874	21
0.019679081531942	0.713233529096698	281
0.102927125088669	0.54679237203476	281
0.053945827600581	0.712263366492621	214
0.096031860202732	0.71521854127108	20
-0.034492832939962	0.720447115157577	20
-0.114307224486004	0.565109371608688	283
-0.00950747182039602	0.716046992649911	20
0.0464775407151	0.546436206750712	175
-0.117848680876069	0.352546805204289	175
0.124480437616659	0.879061147541147	86
-0.091476824402551	0.737748688657517	86
-0.037886711419733	0.546512641902705	175
0.060194032631137	2.01984570883691	122
0.107333511464249	1.96804070864356	122
0.0146030411225651	0.331368587604412	191
0.037843617196939	1.03579267026223	365
-0.093714773776065	0.556752931738205	277
-0.014223894947952	0.882182233157828	195
0.015221229893607	0.331833236925771	26
-0.034533936421003	0.720455500194939	147
-0.068897453062561	0.550386522987246	147
-0.1143509382464	0.565110324997158	147
0.000730708390523027	0.546206964542419	147
0.0464775407151	0.546436206750712	147
-0.093607359992403	0.556873595673821	74
0.046670973060883	0.546082279044721	147
0.0540992530953111	0.712248168245602	147
0.000940416657924992	0.546365990802168	147
0.095846953081435	0.714973032125146	147
-0.03817729563763	0.546419306318742	147
0.088147206191863	0.876624686127254	147
-0.114518791636372	0.564843479631815	32
0.046455763646197	0.546406595576815	32
0.124353830056944	0.878406534451013	214
-0.069018561500326	0.550257678966188	214
-0.068819211572735	0.550311034819703	214
-0.07841782605487	0.334848424054662	617
0.000820935056823013	0.546362059972189	617
-0.0785341312035151	0.334774054050095	386
0.095781080857291	0.714913663492623	214
-0.0688049167957639	0.550500792823466	21
0.102778255844793	0.546757450411459	21
-0.114414141529456	0.565049160716253	214
-0.0784328571216441	0.33484663200897	281
-0.038151250108503	0.546420854556282	281
0.019730612762067	0.713415955765321	214
-0.0689580026679329	0.550340898981373	106
0.0959660513274599	0.715188219408872	283
0.056945977289347	0.875842020093212	106
0.046693939241456	0.546484210727788	175
0.124460751097891	0.878887603643632	86
0.10276529812906	0.546766261298029	175
0.088126721946085	0.876488466099591	86
0.022024256742961	2.06900517394172	78
0.02784188270821	1.87195740427367	631
-0.070998414370103	1.67095990016967	631
-0.107321864017395	1.87586995414863	8
-0.11752137211872	1.35552328093205	8
-0.091411590474285	0.738050228435181	93
0.110901057078109	1.03510192101129	365
-0.117657797742993	0.755147837329674	277
-0.061675620744906	0.900849604544113	195
0.103033866383466	0.547002647083637	147
-0.009356698434968	0.716404692220104	121
-0.093660416875415	0.556847987421022	147
-0.093687596325703	0.556815343915179	147
0.054150196357836	0.712431712436207	147
-0.0750710051396401	0.7310378296845	147
0.0882744474039731	0.876904626318797	74
0.000828254194413014	0.546393815900103	147
0.000918451769796991	0.546500400749536	147
-0.0936863004103	0.556790487890074	147
0.000925784738588953	0.546494659096437	147
0.000933106370409997	0.546451336382571	147
0.103303313788248	0.546956616945661	32
-0.118302831993215	0.35225745754692	32
0.000975541614245956	0.54652601352424	32
-0.038097810402228	0.546539513612059	214
0.095939413203912	0.715148403086207	214
-0.093741949229363	0.556657931195888	617
-0.114202720835829	0.565136562997593	386
0.000925784738588953	0.546494659096437	214
-0.068813776492815	0.550467240857607	214
-0.093899900031881	0.556355652806436	281
0.102684638589434	0.546640068159778	281
-0.038005310085013	0.546635957220775	281
-0.093713481518941	0.556786806671946	214
0.096031860202732	0.71521854127108	20
0.102939962809722	0.546934303038246	281
-0.038005310085013	0.546635957220775	281
-0.093659117292473	0.556764329453062	281
0.088126721946085	0.876488466099591	106
0.103127837722916	0.547021736367706	283
0.124652793314231	0.879212872639166	106
0.095926767328343	0.714824911788157	175
0.046607070563234	0.546529871565748	175
0.0464987030977601	0.546379576538645	175
-0.068981133828171	0.550224724914083	175
-0.118067240793936	0.352507886935394	175
-0.070305319555473	1.84350499312435	122
-0.085346442754578	1.99369698453604	631
0.019810889993383	0.71345620863575	191
0.0467795730405171	0.546202786551733	191
-0.068888608021291	0.550473937505231	277
-0.034447714544559	0.720524184355505	277
0.095886876869285	0.715098908302365	277
0.015543409119394	0.331916984826515	26
0.000813604587608041	0.546288457112092	147
-0.056089943581062	0.725414914170609	147
-0.034427154474773	0.720503966046749	725
-0.117962360601882	0.352531037221759	147
0.019812401916228	0.713361601759979	147
0.000850143544644966	0.546259365345522	147
-0.068828051153055	0.550519576410294	147
-0.114496969810073	0.564829164383971	147
0.019810889993383	0.71345620863575	307
-0.114433698001673	0.564954796623497	307
0.015543409119394	0.331916984826515	32
0.088278754077182	0.876829800366686	214
-0.11456244962031	0.564789288279985	214
-0.068949174085904	0.550390686111211	214
0.102952818714724	0.546952016374648	617
-0.078389101895223	0.334894991105506	617
-0.068888608021291	0.550473937505231	214
-0.118180785688706	0.352378760345744	386
-0.117839866964325	0.352652701983811	386
0.124524064957301	0.879168158207239	214
-0.093766553916435	0.556691460943664	214
-0.03789976545186	0.546603825490813	214
-0.0688511853149521	0.550507144497065	214
-0.068856654649989	0.550082233376063	281
0.0197321128944981	0.713348024140361	214
-0.0689580026679329	0.550340898981373	281
0.019623073931675	0.713199877922648	20
-0.056243164537198	0.725337625091135	20
0.095728421926689	0.71474764956451	281
0.000891088742301038	0.546141400652057	281
0.102939962809722	0.546934303038246	281
0.054052727722994	0.712385443173546	106
0.019783628750618	0.713437624154362	106
-0.114372802292684	0.565069375339754	20
-0.0689117397669981	0.550461509138893	20
-0.114540618240105	0.56483017811683	20
0.124500038233403	0.878976319401561	20
-0.078389101895223	0.334894991105506	175
-0.078360353986935	0.334844260911513	175
-0.118294236061544	0.352168656285739	175
0.001013853753835	0.54655060088885	175
0.046629057528294	0.546502925119404	175
-0.093634539795058	0.556840951197036	86
-0.074145361264117	2.49787654250534	78
-0.075520626663269	1.24309559262502	8
-0.05635629523522	0.725156729313631	93
0.014486778123062	0.331447869942357	285
-0.0379128235471889	0.546654737619279	195
0.102671639124429	0.546588557482098	147
0.000813604587608041	0.546288457112092	147
-0.114180844546246	0.565122304744246	147
0.102939962809722	0.546934303038246	32
0.102752358645311	0.546638913003178	32
-0.114142179385166	0.564746374779333	214
-0.068888608021291	0.550473937505231	214
-0.068995432562999	0.550334672525007	214
-0.0688511853149521	0.550507144497065	214
-0.037925885706574	0.546670662650068	617
0.046629057528294	0.546502925119404	617
-0.093634539795058	0.556840951197036	214
-0.037846498691002	0.546649045090273	214
0.046563367283465	0.546405439872833	281
-0.078389101895223	0.334894991105506	281
0.088406015823902	0.876999052332249	281
-0.114265888199503	0.565150333147693	20
-0.068828051153055	0.550519576410294	283
0.088237735644331	0.876506062268376	106
0.0298374172815	0.876050180743232	106
-0.117953601258673	0.352597545210657	20
0.054015607829325	0.712240290170832	175
0.102939962809722	0.546934303038246	481
0.102697656326824	0.546485183471197	481
-0.062908447216079	2.11892460374465	78
-0.122538004081711	2.01867795991948	78
0.02980804259292	2.06245254414697	122
0.04282748013764	1.84484532279235	122
-0.038110853061623	0.546487094584724	93
0.057145788994723	0.876017723128893	365
-0.093873988890348	0.556465424559561	277
0.0882949223562151	0.876874066340018	277
0.000925784738588953	0.546494659096437	195
0.000813604587608041	0.546288457112092	147
0.102671639124429	0.546588557482098	147
0.000898958716415987	0.546360004087353	147
-0.056569783268921	0.724498498189037	147
-0.068842343926711	0.550402812682356	147
0.01967609689596	0.713268882191315	74
-0.038058706791953	0.546490151457986	74
0.019783628750618	0.713437624154362	147
-0.038110853061623	0.546487094584724	147
0.103033866383466	0.547002647083637	147
-0.00948555297541398	0.716189107800634	307
0.102859024632958	0.546883761518186	147
0.000925784738588953	0.546494659096437	147
0.053982942164289	0.712290972688709	147
-0.038230800237506	0.546256352478611	147
-0.078360353986935	0.334844260911513	32
0.0464987030977601	0.546379576538645	214
0.046542286709821	0.546503907985386	214
0.0883650057201501	0.876939662208736	214
0.046629057528294	0.546502925119404	214
0.015543409119394	0.331916984826515	386
0.056692665989925	0.87517564009148	214
-0.037978175000803	0.546362006532511	214
-0.118172118618263	0.352244085286353	214
0.095979364827558	0.715144881301218	214
0.102871940568314	0.546825607663817	281
0.0466280692664101	0.546386584989212	281
-0.0785341312035151	0.334774054050095	281
-0.114625712135806	0.564629028837333	20
0.102939962809722	0.546934303038246	281
-0.0936863004103	0.556790487890074	283
0.056952808189603	0.875980833095336	106
-0.038164270843655	0.546436820610805	20
0.095846953081435	0.714973032125146	20
0.102952818714724	0.546952016374648	175
-0.118189436041763	0.352386442821737	175
-0.0938196340612309	0.556560417149379	86
-0.107176420948117	0.929964649420889	8
0.12467245095911	0.879518477267215	93
-0.047829008146582	0.893416021617248	365
0.124796547964319	0.879509255478815	365
-0.091274032627147	0.738043742346536	365
0.056870312865679	0.875451408263261	277
0.095781080857291	0.714913663492623	277
-0.093740660621265	0.556754166748311	277
-0.091621401701238	0.737623027277076	195
0.00206258355765698	1.04327967918501	195
0.124840284125199	0.879616479175003	195
-0.07834525013681	0.334887885324188	26
0.014486778123062	0.331447869942357	147
-0.0278545141726531	1.05207776475746	121
-0.075092948688865	0.731022788339599	121
0.104753899032287	1.19161392370034	121
-0.034554495557787	0.720411590700479	147
0.00206647835623297	1.04331588208761	74
-0.0379922617403921	0.546620013704936	147
0.029519437316155	0.875628042518036	74
-0.056376358934057	0.725129665591917	74
0.000738002359985002	0.54623867910786	214
-0.114224601903558	0.565123193837175	214
0.0197851368136031	0.71341704442789	214
0.014280160087122	0.331303341451248	617
0.110980596244526	1.03523462833595	214
-0.038018362492673	0.546618402945273	214
-0.114287758365962	0.565136977878951	214
0.046629057528294	0.546502925119404	21
0.00102330001336504	0.54650935831214	214
-0.114287758365962	0.565136977878951	214
0.095952734120206	0.715189374908091	281
0.124733372651614	0.879546458639137	20
-0.114540618240105	0.56483017811683	283
-0.093766553916435	0.556691460943664	106
0.0958336377368419	0.714834002688832	20
0.0148094482928141	0.331596623912213	588
-0.07849037707702	0.334766898185218	175
-0.078316549947599	0.334892644976188	175
0.124777087030697	0.879653666456889	20
0.014486778123062	0.331447869942357	175
0.0196488420251461	0.713134344128434	175
-0.093848084174891	0.556501472754065	481
0.095992674622349	0.715056204037152	481
-0.051806948461857	2.11263495030586	122
-0.107376204489956	0.929717116730616	8
0.103033866383466	0.547002647083637	93
0.00605203969543999	0.877734742015163	93
0.096124294069892	0.715169985531734	277
-0.05626324486886	0.725279719780685	195
-0.091563425171925	0.737733978227596	195
-0.0346858551686891	0.720178258269791	147
-0.117717152571787	0.352728572431533	26
-0.118067240793936	0.352507886935394	147
0.088406015823902	0.876999052332249	74
0.088233482129389	0.876845308069539	74
-0.07849037707702	0.334766898185218	74
-0.093713481518941	0.556786806671946	147
-0.105661295181724	0.745740415085043	74
0.124796547964319	0.879509255478815	74
0.053959680966698	0.712177078510325	307
-0.093901163292018	0.556370497555478	307
-0.114540618240105	0.56483017811683	307
0.124543706410904	0.879271919655229	147
0.02976515111835	0.876267215506044	307
-0.078577788973047	0.33472577676997	492
0.095794375808675	0.714954580622306	214
-0.00944172907490504	0.716353910708763	617
0.001013853753835	0.54655060088885	617
0.0539087006444871	0.712145574984858	214
-0.114457852611772	0.564938315062389	214
0.000813604587608041	0.546288457112092	214
-0.069116582615907	0.550050728935172	214
0.124733372651614	0.879546458639137	214
-0.00941982402070496	0.716383544036968	214
-0.093820909427118	0.556596437211793	214
0.046412832540613	0.54632387049216	281
-0.078389101895223	0.334894991105506	281
-0.118067240793936	0.352507886935394	281
0.000918451769796991	0.546500400749536	281
0.102778255844793	0.546757450411459	281
0.095926088576779	0.715062270678513	20
-0.075287604554656	0.73069365770342	106
-0.078505335439038	0.334807235682389	283
-0.038058706791953	0.546490151457986	20
0.095846953081435	0.714973032125146	175
0.000813604587608041	0.546288457112092	175
0.0881223280121301	0.876582734080381	20
0.000828254194413014	0.546393815900103	175
-0.039429068070452	2.10938375381529	78
0.052876760995988	2.37070985439899	122
-0.05131701042805	2.11531915897034	631
-0.034620164127948	0.720314515791548	277
-0.105484204797017	0.746160392152551	277
-0.00948297216359295	0.716317009145669	277
-0.1143315130289	0.565026076353992	195
0.124543706410904	0.879271919655229	195
0.088208628204057	0.876775252081621	195
-0.07834525013681	0.334887885324188	26
0.046412479760492	0.546083725081917	147
-0.118198069629608	0.352266186569217	147
0.000933106370409997	0.546451336382571	147
-0.078505335439038	0.334807235682389	147
-0.037938951930853	0.546653091630455	147
-0.00954866961521095	0.71612262862002	74
0.056972845941745	0.876009460002654	74
-0.114455530711662	0.564969109409345	74
-0.038031418964221	0.546565959336452	147
0.056972845941745	0.876009460002654	74
-0.0688049167957639	0.550500792823466	147
0.124713866550428	0.879621645016318	147
-0.0937678377201721	0.556691762056095	307
-0.068995432562999	0.550334672525007	307
0.000716086436444052	0.54600503823188	147
-0.0689580026679329	0.550340898981373	32
-0.07849037707702	0.334766898185218	32
-0.078621350507474	0.334583333907498	32
-0.03785957873798	0.546631460156574	214
0.095979364827558	0.715144881301218	214
-0.0379922617403921	0.546620013704936	214
0.029479143891153	0.875570476310274	214
-0.00948555297541398	0.716189107800634	214
0.12467245095911	0.879518477267215	214
-0.093633235422332	0.556851668428262	214
-0.093687596325703	0.556815343915179	281
-0.117944825210674	0.352583555456159	281
0.046629057528294	0.546502925119404	20
0.095952734120206	0.715189374908091	20
-0.037925885706574	0.546670662650068	283
-0.034599615781616	0.720358404474324	106
0.103008292739814	0.546628030187236	20
0.102846126923184	0.546816711265645	175
-0.117839866964325	0.352652701983811	175
0.111002540927795	1.03530269085676	93
0.046542286709821	0.546503907985386	93
-0.114414141529456	0.565049160716253	277
-0.075172474316371	0.730976133216179	195
-0.114606126706289	0.564617371093479	195
-0.07841782605487	0.334848424054662	26
-0.0688511853149521	0.550507144497065	147
-0.034620164127948	0.720314515791548	147
-0.093713481518941	0.556786806671946	74
0.019624558410942	0.71323243362851	74
0.056977108402305	0.875863628466965	74
-0.091512814535612	0.737872493085191	74
-0.03785957873798	0.546631460156574	147
0.029724799912908	0.876137017952781	307
-0.03455853387248	0.72034999379427	307
0.054173462791167	0.71242442008755	307
-0.11424402281122	0.565136053841601	214
0.014486778123062	0.331447869942357	214
0.046477046484654	0.54615121839201	214
0.000820935056823013	0.546362059972189	617
0.054066571244214	0.712409287520356	214
-0.068865476075376	0.550455151752996	214
-0.037925885706574	0.546670662650068	214
0.056839272418555	0.875738642983419	214
-0.034579072363246	0.720370237594475	214
0.095781080857291	0.714913663492623	214
-0.0689580026679329	0.550340898981373	214
0.019542789124791	0.712950921861263	214
-0.093820909427118	0.556596437211793	214
0.088147206191863	0.876624686127254	106
0.057018367379662	0.876039347393869	106
-0.118075945617532	0.352475981362613	283
0.019916900057583	0.713318188138201	106
-0.075057253694346	0.730775709037383	106
-0.034513382215166	0.720467348802245	106
-0.091541800397199	0.737831058575067	106
-0.034817304552462	0.719780686300919	20
-0.0784328571216441	0.33484663200897	175
-0.078389101895223	0.334894991105506	175
0.102871940568314	0.546825607663817	93
-0.1056667537865	0.745678264571991	365
-0.061743431986831	0.90071386104977	195
-0.11663197509668	0.93733308661086	195
0.013957208446354	0.331045765272962	147
-0.078389101895223	0.334894991105506	147
0.08272653501162	1.19003137109507	121
0.059266969271942	1.03401625054324	74
0.029744976750487	0.876220495142696	74
-0.118039844056396	0.754315254201782	74
0.029791212723478	0.87618166578806	74
-0.078389101895223	0.334894991105506	147
-0.068865476075376	0.550455151752996	307
0.0378652681049571	1.03569924110923	307
-0.114521057504065	0.564844995830792	307
-0.00927167395286799	0.716368602560022	307
0.046499407903853	0.546409161577071	214
0.102952818714724	0.546952016374648	214
-0.093554310876372	0.556858392044476	214
-0.114287758365962	0.565136977878951	214
-0.03466531760267	0.720222122204125	214
-0.038138233431129	0.546369917782611	386
-0.056329826930416	0.725194243207079	214
-0.07546182192892	0.730256998472662	214
-0.114521057504065	0.564844995830792	214
0.029658371549424	0.876044119876328	214
0.029771026745541	0.876059199250941	106
0.000820935056823013	0.546362059972189	283
0.095886876869285	0.715098908302365	283
-0.037846498691002	0.546649045090273	106
-0.11456244962031	0.564789288279985	20
0.0883607294373659	0.876949959289591	20
-0.07841782605487	0.334848424054662	175
-0.118189436041763	0.352386442821737	175
-0.056049768079279	0.725377615588946	20
-0.009587467073083	0.716052689303468	86
-0.031574509413818	2.37460116014608	78
-0.034776277397776	0.719836278230559	8
-0.12362968232629	1.12632700942526	8
0.095939413203912	0.715148403086207	93
0.00184519241931402	1.04255583676564	195
0.12467245095911	0.879518477267215	195
0.102671639124429	0.546588557482098	26
-0.034464402242247	0.720290872531316	147
0.124735705690894	0.879610841769866	74
-0.091469535744416	0.737939274151088	74
0.019810889993383	0.71345620863575	74
0.056906067671354	0.875898598592985	74
0.083350157481386	1.03361293187285	74
-0.00944172907490504	0.716353910708763	74
-0.031999369445514	0.887442878642039	74
-0.0913899473120649	0.738046823995945	74
-0.069018561500326	0.550257678966188	307
0.102739437358895	0.546307650457187	492
0.102952818714724	0.546952016374648	32
0.000828254194413014	0.546393815900103	32
-0.068888608021291	0.550473937505231	214
0.0882744474039731	0.876904626318797	214
0.0464987030977601	0.546379576538645	617
0.019757873763193	0.71343453825599	214
0.019730612762067	0.713415955765321	214
-0.0687069650987741	0.550472011957838	214
-0.068926044541021	0.550371904052352	214
-0.038084771804796	0.546557048928131	214
0.046412479760492	0.546083725081917	214
0.046564213761884	0.546476908211474	281
-0.118416133590449	0.352047539289723	281
-0.038031418964221	0.546565959336452	813
-0.056309753607088	0.725252132108966	813
0.019651818943123	0.713251012434848	813
-0.0936319321625449	0.55670542275289	106
-0.00950486671759099	0.71628739187994	106
-0.105511939295674	0.746134185761975	20
0.102939962809722	0.546934303038246	703
0.103115083689341	0.546978454245952	703
-0.069093458268929	0.550094280150441	20
-0.038110853061623	0.546487094584724	175
0.046629057528294	0.546502925119404	175
0.0823532896588129	1.34365656765657	122
-0.014223894947952	0.882182233157828	8
0.095952734120206	0.715189374908091	93
-0.038229435421683	0.545859034872162	191
-0.0144062275565791	0.881794458899902	147
-0.114499210463847	0.564914880949432	147
0.000820935056823013	0.546362059972189	147
-0.069056003004485	0.550213767822116	74
-0.06897230342571	0.550378261045452	74
-0.068828051153055	0.550519576410294	74
-0.00954866961521095	0.71612262862002	74
0.054066571244214	0.712409287520356	74
0.10484659758523	1.19129662785637	74
-0.05626324486886	0.725279719780685	74
-0.00946363872669098	0.71628986382389	214
-0.091368287256598	0.737978275646015	214
-0.038018362492673	0.546618402945273	214
-0.093525808577244	0.55679220859136	214
-0.074998302978165	0.730898880766057	214
-0.014444907536272	0.881611917466337	214
0.102778255844793	0.546757450411459	214
0.0466499356636571	0.546481330595372	214
0.053982942164289	0.712290972688709	214
0.00103063548220095	0.546424035832756	281
-0.0936863004103	0.556790487890074	20
-0.06897230342571	0.550378261045452	813
-0.031988567864519	0.887509369524649	813
-0.093634539795058	0.556840951197036	813
0.046434639915807	0.546296788418666	20
-0.093765271178391	0.556537976415837	20
-0.118075945617532	0.352475981362613	588
-0.117944825210674	0.352583555456159	703
-0.038164270843655	0.546436820610805	20
0.095807667058939	0.714953390541008	20
-0.078301301726967	0.33479207593374	175
0.046499407903853	0.546409161577071	481
0.0365696260151061	2.37218654825832	379
-0.123431438425581	1.12684708149392	122
0.037741788985606	1.49548012672464	122
-0.038243807178627	0.546272322571263	93
0.102871940568314	0.546825607663817	93
-0.0478577572365611	0.892971992208535	191
-0.0273706008435149	1.20716641824064	567
0.029744976750487	0.876220495142696	277
0.054210548925672	0.712349086565342	277
0.019047868119462	1.03922804633805	195
0.053922568196068	0.712192740421232	147
-0.078461628969253	0.334855559136084	147
-0.091462202966592	0.737977904459406	74
-0.093687596325703	0.556815343915179	74
-0.093739373147757	0.556695144537498	74
0.000918451769796991	0.546500400749536	74
0.00102330001336504	0.54650935831214	74
0.053801794734888	0.711838320934994	74
0.00639967799685104	0.878219703883508	74
-0.093822185919136	0.556462972229039	147
0.019729112390332	0.713290552810038	307
-0.117717152571787	0.352728572431533	492
-0.078505335439038	0.334807235682389	32
0.088233482129389	0.876845308069539	214
-0.118075945617532	0.352475981362613	617
0.0884102084806811	0.876799658899346	214
0.046542286709821	0.546503907985386	386
0.053992347414343	0.712287188803804	214
-0.075245133116796	0.730768175625444	214
0.088208628204057	0.876775252081621	813
-0.114394671114916	0.564999444831835	813
0.103021070490942	0.546910029300553	703
-0.1143315130289	0.565026076353992	20
-0.093714773776065	0.556752931738205	20
0.000835561993079992	0.546388049889566	175
0.046542286709821	0.546503907985386	481
0.118743895160363	1.95976803872677	122
0.102952818714724	0.546952016374648	191
-0.117953601258673	0.352597545210657	191
0.000662199786762963	0.545975134251731	191
-0.091650381521249	0.737524345851844	377
-0.037846498691002	0.546649045090273	147
-0.038138233431129	0.546369917782611	147
-0.114414141529456	0.565049160716253	147
-0.093660416875415	0.556847987421022	74
0.054173462791167	0.71242442008755	74
-0.06879064009276	0.550510843550439	74
-0.06879064009276	0.550510843550439	147
-0.056096268845792	0.725307563422854	307
-0.03187780257838	0.887509836672456	307
0.124648320481278	0.879392721604264	147
0.096045190403945	0.71521740606195	32
-0.117614604986607	0.755179596772111	214
0.103127837722916	0.547021736367706	214
-0.068767503504533	0.550523279279906	214
-0.00965308778491503	0.715963270945662	281
0.054029465539626	0.712392747137759	281
-0.00952676586833701	0.716223363511951	20
0.0540898352208991	0.712440424822514	813
-0.00941982402070496	0.716383544036968	106
-0.114392293153171	0.565062488780271	106
0.088406015823902	0.876999052332249	106
-0.03213263189218	0.887232470228075	106
-0.056089943581062	0.725414914170609	20
0.046607070563234	0.546529871565748	20
0.059233743487657	1.03406903103067	20
0.054015607829325	0.712240290170832	20
0.0197851368136031	0.71341704442789	20
-0.118189436041763	0.352386442821737	175
-0.117839866964325	0.352652701983811	175
0.124694274441782	0.87946409221883	86
-0.056823675789732	1.98051664858326	122
-0.012325652250995	1.53503411155819	631
-0.0321047318972511	0.887322933996892	8
0.053825049935734	0.71190888453206	93
-0.075331537607413	0.730690182053905	765
0.000738002359985002	0.54623867910786	277
0.000906909127949995	0.546464500138251	277
-0.032027297800702	0.887478390747786	277
0.08820412810251	0.87637221697143	277
-0.047697631597291	0.893793846832306	195
0.000933106370409997	0.546451336382571	831
-0.117953601258673	0.352597545210657	831
-0.117962360601882	0.352531037221759	831
0.0464987030977601	0.546379576538645	147
0.088385513335964	0.876989420900022	74
0.00598711672758701	0.87771901917351	74
-0.038044479500504	0.546473472346318	74
-0.05615650705922	0.725411405691338	74
0.01959729993245	0.713177830099595	74
-0.069009749323291	0.550269762703352	147
-0.037938951930853	0.546653091630455	74
0.054173462791167	0.71242442008755	74
0.095979364827558	0.715144881301218	147
0.095807667058939	0.714953390541008	147
0.019570043504722	0.713085410637289	307
0.00638494946178403	0.878408164641818	307
-0.093741949229363	0.556657931195888	727
-0.117970578742926	0.754512574751922	214
0.037777449202707	1.03567279446914	214
0.088319752008557	0.87697089157298	214
-0.034468279547934	0.720512319695876	214
0.0958602647171281	0.715059134269568	214
-0.118058519259127	0.352454317015294	281
0.000906909127949995	0.546464500138251	20
-0.00944172907490504	0.716353910708763	20
0.088208628204057	0.876775252081621	813
-0.093927076103156	0.556293316562473	20
-0.068888608021291	0.550473937505231	20
-0.114287758365962	0.565136977878951	20
0.029678541744073	0.876127577905722	20
-0.06879064009276	0.550510843550439	20
0.0148094482928141	0.331596623912213	265
0.000918451769796991	0.546500400749536	86
-0.0687635108015851	1.98612292514579	122
0.015426605459758	0.331837835999836	285
-0.032199207936445	0.886891114275332	765
-0.105771931356385	0.745261258469031	365
0.059150921478897	1.03370848491493	277
0.04636990975931	0.546127549646644	831
0.019756369550568	0.713383002820867	121
-0.041167447889611	1.05677775864833	121
-0.013453114618911	1.04762474219268	121
0.00209298551628401	1.04312398138966	121
0.088192496361842	0.876617719325438	74
-0.114394671114916	0.564999444831835	147
-0.117822189095331	0.352614000083049	147
-0.06897230342571	0.550378261045452	147
-0.114287758365962	0.565136977878951	147
0.053862185711166	0.712043859085995	307
-0.07849037707702	0.334766898185218	492
0.102778255844793	0.546757450411459	727
-0.069004264798233	0.550055241652283	727
-0.034464402242247	0.720290872531316	214
0.000918451769796991	0.546500400749536	214
0.088315392185046	0.876801824505297	214
-0.068660686489273	0.550400961144311	214
0.095952734120206	0.715189374908091	214
-0.00952676586833701	0.716223363511951	214
0.088381210463072	0.876877729957073	214
0.0882949223562151	0.876874066340018	214
-0.078505335439038	0.334807235682389	772
-0.0689117397669981	0.550461509138893	813
0.095939413203912	0.715148403086207	813
0.053838928750739	0.711930031988231	20
0.019810889993383	0.71345620863575	20
0.110944973054865	1.03517063474896	813
0.046629057528294	0.546502925119404	20
-0.00922784481260896	0.716254749005915	20
0.124798937057536	0.879642881682537	20
-0.11424402281122	0.565136053841601	20
0.019863898760568	0.713423555290037	20
0.046455763646197	0.546406595576815	86
-0.037938951930853	0.546653091630455	481
-0.033076659344505	2.10729505127087	631
0.029452927426022	0.875340739764324	93
0.10480022931787	1.19158264939089	765
-0.014428155418245	0.881658671955085	765
0.053996781242706	0.712059316844062	277
-0.097324329023789	0.922144222479853	195
0.101255070957923	1.34480028540212	377
0.102939962809722	0.546934303038246	831
0.015748574968654	0.332008986763764	831
0.102859024632958	0.546883761518186	831
-0.068897453062561	0.550386522987246	121
-0.0320884124674931	0.887175409663233	121
0.095807667058939	0.714953390541008	147
0.095781080857291	0.714913663492623	147
0.088299255605635	0.876921147738516	147
-0.056449476710324	0.724761458254077	147
0.088253967328347	0.876895031568286	307
0.102778255844793	0.546757450411459	32
0.124650622700453	0.879529294170625	727
0.0464775407151	0.546436206750712	727
-0.038110853061623	0.546487094584724	727
-0.068888608021291	0.550473937505231	214
0.000933106370409997	0.546451336382571	214
0.09570186165398	0.714707974518527	214
0.124609172878749	0.87936817253218	214
0.088212991807193	0.876753983698396	214
-0.069102255866311	0.550020700954404	214
-0.117839866964325	0.352652701983811	214
-0.075216320294453	0.730735243324967	214
0.110872259841323	1.03505656752825	214
-0.03455853387248	0.72034999379427	214
0.088299255605635	0.876921147738516	214
0.00610270812900404	0.877963100940823	214
-0.091794870228732	0.736752705981877	214
0.102859024632958	0.546883761518186	772
0.102684638589434	0.546640068159778	772
0.0960185262887709	0.715177552485163	20
0.103021070490942	0.546910029300553	632
-0.068767503504533	0.550523279279906	632
0.0464987030977601	0.546379576538645	20
-0.068842343926711	0.550402812682356	20
-0.038018362492673	0.546618402945273	20
-0.038190324491453	0.546366920879928	20
-0.093578866496309	0.556766590777846	86
0.00627650540511404	0.878418860400463	86
0.108995836141557	1.64091346206603	765
-0.061699191680086	0.900788888973118	365
0.10444093304298	1.19029993271581	121
0.000813604587608041	0.546288457112092	583
0.083480364581509	1.0335293546392	74
-0.114268378368817	0.565012286356702	147
0.124689639179101	0.87925066109967	307
-0.118311411153993	0.352176797827841	492
0.103115083689341	0.546978454245952	727
0.000906909127949995	0.546464500138251	727
-0.117944825210674	0.352583555456159	214
0.124502253673663	0.879136385409782	214
0.083140332542607	1.03320656719824	214
-0.014257019673685	0.882175749826494	214
-0.034575059625792	0.720334444681076	214
0.029785323019797	0.876278188632412	214
-0.037979217457885	0.546569081267276	20
-0.078505335439038	0.334807235682389	20
0.046585173823348	0.546500154315464	20
0.0882744474039731	0.876904626318797	813
0.124796547964319	0.879509255478815	20
0.029366269831371	0.874977280367371	106
-0.03817729563763	0.546419306318742	20
0.029805492458163	0.876253399465802	20
-0.093659117292473	0.556764329453062	20
0.102952818714724	0.546952016374648	265
0.124798937057536	0.879642881682537	86
0.04652044983038	0.5464742420311	481
-0.07834525013681	0.334887885324188	481
-0.056791995788817	1.98075555860876	760
-0.040977348204534	2.24517804440446	379
-0.08116406240584	1.69218732765621	631
0.0296987094765629	0.876174282801604	8
0.110872259841323	1.03505656752825	765
0.0297188747502331	0.876185244053301	765
-0.0346612756057429	0.720124378498833	277
-0.074516405605255	0.907908495343077	377
0.00683541304508295	1.35062199346541	377
0.014693051385642	0.33154041613148	831
-0.09737308010028	0.921760094268736	121
0.063088824174967	1.19203117260002	121
-0.091498499960562	0.737840563009701	121
0.046585173823348	0.546500154315464	307
-0.068767503504533	0.550523279279906	147
-0.009587467073083	0.716052689303468	727
-0.117962360601882	0.352531037221759	727
0.019916900057583	0.713318188138201	214
-0.114265888199503	0.565150333147693	214
0.096124294069892	0.715169985531734	214
-0.068819211572735	0.550311034819703	214
0.0464775407151	0.546436206750712	80
-0.105434479559369	0.74619652415854	214
0.102952818714724	0.546952016374648	20
0.015748574968654	0.332008986763764	772
-0.078316549947599	0.334892644976188	772
0.102859024632958	0.546883761518186	772
-0.06879064009276	0.550510843550439	20
-0.038203357406109	0.546274512948649	20
-0.093552994386365	0.556851119320473	20
-0.034509424356442	0.720391229913387	380
-0.105545139904954	0.746037997241207	380
0.014073196708025	0.331075185621132	175
0.000654953713115969	0.546018463507429	481
-0.084124163788206	2.12619981386696	631
0.104572409296277	1.19081061826406	8
0.095939413203912	0.715148403086207	93
0.00619694321422604	0.878324258787082	765
-0.038084771804796	0.546557048928131	277
-0.093713481518941	0.556786806671946	277
-0.078461628969253	0.334855559136084	831
-0.075223207702091	0.730891017642433	74
0.029499291821409	0.875617111479451	74
-0.117794151246084	0.75502830853933	307
0.095820954610095	0.714910037968309	727
0.000745284981442995	0.546232890910934	727
-0.07834525013681	0.334887885324188	727
-0.034772100370902	0.719924585844276	727
0.124670173944602	0.879514467652847	214
-0.117962360601882	0.352531037221759	772
-0.00963120961932595	0.716027240369008	20
0.095939413203912	0.715148403086207	20
-0.0936863004103	0.556790487890074	813
-0.093660416875415	0.556847987421022	20
0.110923006600159	1.03518479092378	20
0.053922568196068	0.712192740421232	20
0.088085738092371	0.876050864909405	106
-0.078373926576007	0.334752594792006	265
0.054103664450783	0.712329932588179	265
-0.034579072363246	0.720370237594475	380
0.0883444929766321	0.876848304195452	86
-0.117612113623613	0.35260417148075	175
-0.078621350507474	0.334583333907498	481
0.0466718923138591	0.546511095379513	481
0.08271870678161	2.17917689849474	760
-0.009397923564752	0.716379445772882	277
-0.078316549947599	0.334892644976188	831
-0.118049781061524	0.352274376811464	831
-0.064919375930112	1.06766381603973	121
-0.114312173932586	0.564769065880364	583
-0.031944352660134	0.88740350278498	74
-0.1143315130289	0.565026076353992	147
-0.114584285776041	0.564719438324633	307
0.102859024632958	0.546883761518186	147
-0.078505335439038	0.334807235682389	147
0.014280160087122	0.331303341451248	492
0.019703353807297	0.713361334384664	214
0.015221229893607	0.331833236925771	80
0.095754967420128	0.714615670450483	214
0.102871940568314	0.546825607663817	214
-0.038045680374561	0.546398943965734	80
0.057052683322134	0.875733645721576	214
-0.0689580026679329	0.550340898981373	214
0.102859024632958	0.546883761518186	214
-0.117936032506574	0.352484678840578	772
-0.078505335439038	0.334807235682389	772
-0.07849037707702	0.334766898185218	772
-0.034620164127948	0.720314515791548	20
0.046585173823348	0.546500154315464	20
0.014693051385642	0.33154041613148	632
0.054006203687662	0.71236161428316	20
-0.03468183873779	0.719970499276285	106
0.095807667058939	0.714953390541008	20
-0.032248805207996	0.88685345231153	380
-0.093580178190461	0.556877278723426	20
0.000738002359985002	0.54623867910786	265
0.000898958716415987	0.546360004087353	86
0.056977108402305	0.875863628466965	86
0.014486778123062	0.331447869942357	481
-0.093820909427118	0.556596437211793	481
-0.118302831993215	0.35225745754692	481
-0.04758370302709	0.89382377463508	8
0.051529730171204	1.83375296626457	631
-0.061628454371561	0.900863325262864	8
0.109267058726674	1.64143857952158	765
0.059062193879704	1.03369855316535	765
-0.034624257244852	0.720213691471364	765
0.012862858764159	1.19730236549631	365
-0.04086182698787	1.05705446117958	377
-0.02812867921956	1.051241658098	195
-0.117717152571787	0.352728572431533	831
-0.117717152571787	0.352728572431533	831
0.015221229893607	0.331833236925771	831
-0.034706397659959	0.720101173495409	74
-0.038123899783875	0.546394638638759	147
0.014486778123062	0.331447869942357	147
0.000906909127949995	0.546464500138251	214
-0.06897230342571	0.550378261045452	214
0.054029465539626	0.712392747137759	214
-0.038084771804796	0.546557048928131	214
-0.075216320294453	0.730735243324967	214
-0.038243807178627	0.546272322571263	214
-0.00944438826192096	0.716068105432515	214
0.095781080857291	0.714913663492623	20
-0.078476515936851	0.334704051901253	772
0.046542286709821	0.546503907985386	20
0.124652793314231	0.879212872639166	20
-0.05626324486886	0.725279719780685	20
0.102965692838688	0.546844532922721	20
-0.093713481518941	0.556786806671946	813
-0.0689580026679329	0.550340898981373	813
0.124670173944602	0.879514467652847	813
-0.00971628252356505	0.71576642739395	813
-0.0785341312035151	0.334774054050095	632
-0.114433698001673	0.564954796623497	20
-0.038269833231409	0.546202489300631	20
-0.074940757038525	0.730921782216181	380
0.102939962809722	0.546934303038246	20
-0.014389416566031	0.881735876616413	380
0.110894220256796	1.03509807893631	380
0.110763925912777	1.03465629064174	380
0.056705631114964	0.875262032795501	86
-0.019987291882868	2.10164457494959	631
-0.114414141529456	0.565049160716253	8
-0.061699191680086	0.900788888973118	8
-0.086242457015035	0.91522516362085	8
-0.117612113623613	0.35260417148075	285
0.0958602647171281	0.715059134269568	765
-0.091621401701238	0.737623027277076	365
0.104620581923269	1.19124772927575	377
-0.06879064009276	0.550510843550439	337
0.015015511027073	0.33174094912973	831
0.102952818714724	0.546952016374648	675
-0.075194405792904	0.730887963821288	121
-0.114433698001673	0.564954796623497	76
-0.068995432562999	0.550334672525007	74
0.124543706410904	0.879271919655229	147
-0.114414141529456	0.565049160716253	307
-0.047919815096208	0.893191268692199	307
0.056779408953769	0.875536624587988	214
0.001013853753835	0.54655060088885	727
0.000906909127949995	0.546464500138251	80
-0.105434479559369	0.74619652415854	214
-0.117831036354394	0.352673317989728	20
-0.038123899783875	0.546394638638759	20
-0.075128560656728	0.730956829875266	813
-0.056196679117971	0.725326387420048	813
0.102965692838688	0.546844532922721	20
0.095846953081435	0.714973032125146	20
-0.038018362492673	0.546618402945273	106
0.124650622700453	0.879529294170625	106
-0.056203011811603	0.725361460329095	20
-0.009397923564752	0.716379445772882	20
0.095952734120206	0.715189374908091	20
-0.114540618240105	0.56483017811683	380
0.088167685316824	0.876715975962942	86
-0.123431438425581	1.12684708149392	631
0.0464775407151	0.546436206750712	93
-0.0319606684147981	0.887504887568775	765
0.019157512840477	1.0394211245717	365
-0.032071401528305	0.887356689141025	377
0.102939962809722	0.546934303038246	337
0.103046680452927	0.54697101885335	831
-0.00941982402070496	0.716383544036968	121
-0.027711083791217	1.05218395706907	121
-0.034599615781616	0.720358404474324	121
-0.075099785714108	0.731011849257144	121
-0.117953601258673	0.352597545210657	76
0.0197048500773001	0.713365515733353	74
0.000850143544644966	0.546259365345522	583
0.0466718923138591	0.546511095379513	147
0.019812401916228	0.713361601759979	147
-0.0688511853149521	0.550507144497065	147
-0.068813776492815	0.550467240857607	307
0.053815672124002	0.711764714993528	214
-0.069041690240224	0.550141531479728	214
0.013750033727378	0.330901102695796	727
-0.117839866964325	0.352652701983811	80
0.0569321914684831	0.875913064305985	214
-0.0379922617403921	0.546620013704936	214
0.088278754077182	0.876829800366686	214
0.056972845941745	0.876009460002654	214
-0.03829587551873	0.545964235032576	214
0.019783628750618	0.713437624154362	214
-0.093793732675255	0.556658827111305	20
-0.0785341312035151	0.334774054050095	772
0.000820935056823013	0.546362059972189	20
-0.11454290931899	0.564742880928561	813
-0.114521057504065	0.564844995830792	813
-0.056402869640954	0.724993962926454	813
0.056866146813055	0.875803365601958	813
-0.00954614284563804	0.716208123014226	106
0.054066571244214	0.712409287520356	106
-0.038151250108503	0.546420854556282	106
-0.00948297216359295	0.716317009145669	380
-0.114392293153171	0.565062488780271	380
0.054029465539626	0.712392747137759	20
0.000925784738588953	0.546494659096437	20
-0.0938196340612309	0.556560417149379	20
0.0295657797894739	0.875850445485595	380
0.054066571244214	0.712409287520356	765
0.053982942164289	0.712290972688709	365
-0.047742079051906	0.893735002556287	365
0.019545734360111	0.71287223249182	365
-0.107471419062034	0.929446818505054	377
-0.038018362492673	0.546618402945273	337
0.014898980443409	0.331545372027833	831
-0.078621350507474	0.334583333907498	831
-0.034554495557787	0.720411590700479	76
-0.009376027707654	0.716340876958858	583
-0.068828051153055	0.550519576410294	74
0.0197851368136031	0.71341704442789	74
0.088278754077182	0.876829800366686	307
0.019889638317436	0.713299599299119	307
0.019944163836157	0.71330073040152	307
-0.105445508942811	0.746231734252583	307
0.096176646140746	0.714913445411332	147
0.053982942164289	0.712290972688709	214
-0.093741949229363	0.556657931195888	214
-0.0939529953209171	0.556128267221507	214
0.000828254194413014	0.546393815900103	80
-0.117585244131276	0.352649603014564	80
0.054113099523654	0.712433124334927	214
0.124713866550428	0.879621645016318	214
0.124585109278181	0.879300443891358	214
-0.06879064009276	0.550510843550439	214
0.088270004128114	0.876555126438993	214
-0.0939529953209171	0.556128267221507	214
0.095926088576779	0.715062270678513	20
0.053959680966698	0.712177078510325	20
0.095794375808675	0.714954580622306	20
-0.056110035317386	0.725387802180536	106
0.05705957812295	0.876060732863568	20
-0.114329078977151	0.565123666576565	20
-0.114202720835829	0.565136562997593	20
0.095939413203912	0.715148403086207	20
0.000925784738588953	0.546494659096437	20
0.103059512734654	0.546803258889018	265
-0.117962360601882	0.352531037221759	265
0.014486778123062	0.331447869942357	265
-0.01420703270238	0.882073994308096	380
-0.00973815479858298	0.715665834235111	86
-0.068767503504533	0.550523279279906	86
-0.093501269533602	0.556788558096789	86
0.11846230519415	1.95894388800929	631
-0.0914838230419121	0.737886173087118	365
-0.075624294558792	1.07369169702986	377
-0.074744915699496	0.907168410901322	195
0.046477046484654	0.54615121839201	337
-0.093607359992403	0.556873595673821	76
-0.0914911836154521	0.737936472431871	74
-0.093765271178391	0.556537976415837	583
0.000940416657924992	0.546365990802168	583
-0.037727891838965	0.546345323763133	147
-0.075331537607413	0.730690182053905	307
0.095807667058939	0.714953390541008	147
0.056779408953769	0.875536624587988	307
-0.00929097935216106	0.716286685859482	214
-0.0936060519635859	0.55682550587557	214
0.046714735389882	0.546405370933732	214
-0.114309633309467	0.565096016504913	214
-0.068781782240572	0.550448454438737	214
0.095886876869285	0.715098908302365	80
0.054029465539626	0.712392747137759	214
0.000835561993079992	0.546388049889566	214
-0.117944825210674	0.352583555456159	20
0.000835561993079992	0.546388049889566	20
-0.093741949229363	0.556657931195888	20
-0.093820909427118	0.556596437211793	813
-0.05619042890002	0.724947986247997	813
-0.038058706791953	0.546490151457986	106
0.046542286709821	0.546503907985386	20
-0.117839866964325	0.352652701983811	265
0.083140332542607	1.03320656719824	380
0.046564213761884	0.546476908211474	86
-0.014118942078751	0.882097036923112	86
-0.114348610735491	0.565004808689118	86
0.124606951859006	0.879422159973387	86
-0.078316549947599	0.334892644976188	831
-0.00965308778491503	0.715963270945662	121
0.083234284243508	1.03326819429948	121
0.110929859976868	1.03510641748529	74
-0.056376358934057	0.725129665591917	74
0.00107452179666001	0.546303195112605	147
-0.037978175000803	0.546362006532511	147
-0.075150525919452	0.730999872092666	307
-0.114414141529456	0.565049160716253	307
-0.0379128235471889	0.546654737619279	147
0.046412832540613	0.54632387049216	147
0.000906909127949995	0.546464500138251	727
0.054052727722994	0.712385443173546	307
0.05710453767316	0.876072184225728	214
-0.114392293153171	0.565062488780271	214
-0.114433698001673	0.564954796623497	214
0.095952734120206	0.715189374908091	214
-0.114584285776041	0.564719438324633	214
-0.068828051153055	0.550519576410294	214
-0.068813776492815	0.550467240857607	20
0.09600598071378	0.714914240546533	20
-0.0688511853149521	0.550507144497065	20
-0.0688743192839571	0.55046354075607	20
-0.0938196340612309	0.556560417149379	20
-0.091303019730497	0.738087439847934	813
0.01967609689596	0.713268882191315	813
0.095834238464192	0.714821367838863	20
-0.056309753607088	0.725252132108966	380
0.053945827600581	0.712263366492621	380
-0.0938196340612309	0.556560417149379	380
-0.068986622168958	0.550250990209298	380
-0.00950238851636898	0.716165417630369	380
0.000906909127949995	0.546464500138251	86
0.096005188660324	0.715091406666411	481
0.000820935056823013	0.546362059972189	86
0.10649250296934	1.79730526585998	631
0.102778255844793	0.546757450411459	381
0.029652411017309	0.876046324491345	365
-0.047852203443299	0.893414815371427	365
-0.056049768079279	0.725377615588946	195
-0.038151250108503	0.546420854556282	121
-0.037925885706574	0.546670662650068	76
-0.069056003004485	0.550213767822116	583
-0.00929097935216106	0.716286685859482	74
-0.00940053415313302	0.716310987457703	307
-0.03442322593667	0.720481115067277	147
0.046499407903853	0.546409161577071	147
-0.093740660621265	0.556754166748311	147
0.088315392185046	0.876801824505297	214
0.056890943807158	0.875653425530828	214
0.046412832540613	0.54632387049216	232
-0.00950486671759099	0.71628739187994	214
0.000820935056823013	0.546362059972189	80
-0.0689117397669981	0.550461509138893	80
0.019889638317436	0.713299599299119	80
-0.117944825210674	0.352583555456159	80
0.019650330598824	0.713292319767363	214
0.046542286709821	0.546503907985386	214
0.046499407903853	0.546409161577071	20
-0.09371606723568	0.556549724778025	20
0.10276529812906	0.546766261298029	20
-0.038071737268363	0.546541091843573	20
0.0540759902405999	0.71233853678782	813
0.053959680966698	0.712177078510325	20
0.111038208532887	1.03511779150359	380
-0.00954614284563804	0.716208123014226	380
0.095728421926689	0.71474764956451	265
0.088233482129389	0.876845308069539	380
-0.014179600996798	0.882232710887861	380
-0.097349812991767	0.921770526783486	380
0.000868604531952033	0.54636055890442	86
-0.047826984937378	0.893109841863718	365
-0.0744783213317211	0.907931257718215	195
-0.117772512347212	0.754975681351362	377
-0.034599615781616	0.720358404474324	337
-0.117944825210674	0.352583555456159	831
-0.038018362492673	0.546618402945273	76
-0.034620164127948	0.720314515791548	76
0.02976515111835	0.876267215506044	74
-0.056422923749636	0.724997239271892	74
0.103140609926255	0.546929797083206	583
-0.093580178190461	0.556877278723426	583
-0.093740660621265	0.556754166748311	583
0.019810889993383	0.71345620863575	583
-0.0937678377201721	0.556691762056095	583
0.095991847315707	0.714952330398763	583
-0.069018561500326	0.550257678966188	307
-0.00944172907490504	0.716353910708763	147
-0.075338358839328	0.730608547549115	307
-0.114329078977151	0.565123666576565	307
-0.037938951930853	0.546653091630455	727
0.088451251285341	0.876940780207278	214
-0.0784328571216441	0.33484663200897	214
-0.075280794560489	0.730809985770197	214
-0.093714773776065	0.556752931738205	214
-0.068888608021291	0.550473937505231	214
0.0959660513274599	0.715188219408872	214
-0.114457852611772	0.564938315062389	214
-0.0689117397669981	0.550461509138893	20
0.029811396220978	0.87626515296942	20
0.00614626164520604	0.878229366181112	20
0.088233482129389	0.876845308069539	106
-0.068902914788471	0.550319576187085	380
-0.068730104123347	0.550459572066759	380
-0.078505335439038	0.334807235682389	265
-0.093634539795058	0.556840951197036	380
0.096930688799934	1.49173745181025	365
-0.117748260284001	0.75512922206726	365
-0.093660416875415	0.556847987421022	337
0.046629057528294	0.546502925119404	675
0.0957416965197621	0.714704306182778	76
-0.056489568428811	0.724798823268352	121
-0.03466531760267	0.720222122204125	121
-0.114222162202182	0.565092705972109	74
-0.093740660621265	0.556754166748311	74
-0.056416494232709	0.724981594565324	583
-0.00948297216359295	0.716317009145669	583
0.096110950864864	0.715171097862936	74
-0.07473384029649	0.907368725171962	307
0.019863898760568	0.713423555290037	307
-0.038123899783875	0.546394638638759	727
-0.068897453062561	0.550386522987246	727
-0.114265888199503	0.565150333147693	214
-0.0937121903663281	0.556668997193679	80
0.102952818714724	0.546952016374648	80
-0.038138233431129	0.546369917782611	80
0.054029465539626	0.712392747137759	80
0.054066571244214	0.712409287520356	80
-0.114287758365962	0.565136977878951	20
0.088406015823902	0.876999052332249	106
0.019863898760568	0.713423555290037	20
-0.114560264963287	0.56466886588527	20
0.0958602647171281	0.715059134269568	20
-0.091245346284314	0.737578915189593	380
-0.037938951930853	0.546653091630455	380
0.04652044983038	0.5464742420311	265
0.028254433348515	1.19496713133252	380
0.02976515111835	0.876267215506044	380
-0.110820855298172	1.73955977143407	631
-0.00952676586833701	0.716223363511951	381
-0.027728405129217	1.05230075126149	377
0.046606293096119	0.546158185143479	841
0.110799576536313	1.03467538382903	365
0.095807667058939	0.714953390541008	337
0.00104417444327998	0.546490588732559	675
-0.047765233336417	0.893659361962419	121
-0.00954614284563804	0.716208123014226	121
-0.069041690240224	0.550141531479728	76
-0.068986622168958	0.550250990209298	74
-0.078389101895223	0.334894991105506	584
0.0463694879634859	0.546199801059262	583
-0.093634539795058	0.556840951197036	583
-0.075201265336757	0.730950141111018	74
0.124587355497176	0.879378998471288	74
-0.037872662852266	0.546578998958016	74
-0.06879064009276	0.550510843550439	462
0.029652411017309	0.876046324491345	307
0.124757540055081	0.879556465011343	307
-0.061696268779402	0.900799872695331	307
-0.086537430078419	0.914274985807465	307
-0.034837825507926	0.719703698760913	147
-0.056436565838655	0.724856100522329	214
0.0195958193086681	0.713065355031222	214
0.095715143638794	0.714748853923145	214
0.124842622780701	0.879487615612185	80
0.046542286709821	0.546503907985386	80
-0.05617659176163	0.725384303382005	214
0.046499407903853	0.546409161577071	202
0.103303313788248	0.546956616945661	202
-0.078650217757543	0.334563833199289	202
-0.118075945617532	0.352475981362613	202
-0.117726037792187	0.352668549463053	202
-0.093475416855912	0.556560396265689	214
0.000906909127949995	0.546464500138251	214
-0.117898441762209	0.754705635686905	20
0.056906067671354	0.875898598592985	813
0.110836664502447	1.03479279367643	106
0.00631251697976198	0.878292128270238	20
0.12467245095911	0.879518477267215	20
0.015015511027073	0.33174094912973	576
-0.00946108220693898	0.716312897226207	380
0.00616806386856195	0.878246517858907	380
0.059056666976828	1.03374631450049	380
0.000828254194413014	0.546393815900103	380
0.000898958716415987	0.546360004087353	745
-0.114518791636372	0.564843479631815	86
-0.107390550539009	0.929655904201772	364
-0.038071737268363	0.546541091843573	841
0.046455763646197	0.546406595576815	675
0.095873572645785	0.715100082050027	76
0.000933106370409997	0.546451336382571	76
0.015015511027073	0.33174094912973	253
-0.009376027707654	0.716340876958858	74
-0.0319606684147981	0.887504887568775	74
0.00616806386856195	0.878246517858907	307
-0.009587467073083	0.716052689303468	147
-0.038190324491453	0.546366920879928	307
0.059056666976828	1.03374631450049	307
0.103196470744445	0.546814194515201	80
-0.0936863004103	0.556790487890074	214
-0.117953601258673	0.352597545210657	731
-0.014290134167427	0.882127139590893	27
-0.056329826930416	0.725194243207079	20
0.057021978082903	0.875715148960222	813
-0.093766553916435	0.556691460943664	20
0.124689639179101	0.87925066109967	813
0.013957208446354	0.331045765272962	722
0.0464775407151	0.546436206750712	20
0.001013853753835	0.54655060088885	20
0.102778255844793	0.546757450411459	576
-0.075223207702091	0.730891017642433	380
-0.105484204797017	0.746160392152551	380
-0.091440565917268	0.738008800795051	380
-0.03205514009366	0.887325552920681	380
-0.105412279137597	0.746231009506604	86
-0.078461628969253	0.334855559136084	86
0.096898017604639	1.49154239343455	364
-0.093661717601255	0.556778539148937	675
0.102859024632958	0.546883761518186	648
-0.118067240793936	0.352507886935394	76
-0.068926044541021	0.550371904052352	583
0.057012770254448	0.875952894068987	74
-0.00931288111296402	0.716362062194478	74
0.104686296322082	1.19146443481907	307
0.0957416965197621	0.714704306182778	341
0.00608849815106505	0.878038277979379	307
-0.074385683541618	1.4526821850304	600
0.0882744474039731	0.876904626318797	307
-0.07849037707702	0.334766898185218	80
0.102939962809722	0.546934303038246	80
-0.114540618240105	0.56483017811683	214
0.046607070563234	0.546529871565748	214
0.054006203687662	0.71236161428316	214
-0.06486224379479	1.06773355914339	27
0.029759197934658	0.876098849488952	27
0.000828254194413014	0.546393815900103	324
0.124524064957301	0.879168158207239	20
-0.047697631597291	0.893793846832306	106
-0.00933745216500803	0.716278945507002	20
-0.118058519259127	0.352454317015294	20
-0.091360977068112	0.738088245274906	380
0.028265619905854	1.19421272288574	380
0.046542286709821	0.546503907985386	745
-0.068926044541021	0.550371904052352	86
-0.118058519259127	0.352454317015294	86
-0.0133945094724049	1.04744887981983	364
0.00632718347467298	0.878423350453597	364
-0.078562903237043	0.334604884633838	28
0.046607070563234	0.546529871565748	381
-0.09360866920208	0.556763346406444	365
0.046542286709821	0.546503907985386	675
-0.074665056110531	0.907604522414571	121
-0.093685005569229	0.556610111148418	76
-0.07841782605487	0.334848424054662	648
0.000925784738588953	0.546494659096437	76
-0.118075945617532	0.352475981362613	583
0.015015511027073	0.33174094912973	253
-0.07849037707702	0.334766898185218	462
0.000906909127949995	0.546464500138251	341
0.000820935056823013	0.546362059972189	307
-0.114392293153171	0.565062488780271	214
-0.117953601258673	0.352597545210657	530
-0.038097810402228	0.546539513612059	214
-0.034488849485152	0.720468393435574	27
0.029632252354112	0.876035374220368	27
0.001013853753835	0.54655060088885	324
-0.078200023477518	0.334804621115115	722
-0.117831036354394	0.352673317989728	20
0.015748574968654	0.332008986763764	576
-0.0784328571216441	0.33484663200897	20
-0.105550656039566	0.746062817168851	380
0.001013853753835	0.54655060088885	86
-0.07834525013681	0.334887885324188	86
0.103140609926255	0.546929797083206	86
-0.083439790841679	1.48519824818465	78
0.086333653961432	1.98520862600855	78
-0.094790001135022	1.08726824266035	364
0.044914052221371	1.19309380974966	364
-0.037833422710626	0.54663314479618	577
-0.0379922617403921	0.546620013704936	577
-0.118294236061544	0.352168656285739	381
0.064990514639574	1.49152336746575	377
0.0463911152322391	0.546294317805983	841
-0.056336234165916	0.725153457310923	365
-0.014367538669431	0.881939579689503	365
-0.034644784961524	0.720233940388528	537
-0.075389112338109	0.730488774459145	537
0.00612447638090796	0.878135062575888	121
-0.038216394382538	0.546128503486909	76
-0.00965069325976897	0.715855778135279	76
-0.0784328571216441	0.33484663200897	76
0.014693051385642	0.33154041613148	462
0.019706346180374	0.713178111821541	462
-0.013532567022953	1.04758817660235	307
0.103221876906599	0.546980598445863	552
0.083198311697356	1.03329892351257	307
0.103115083689341	0.546978454245952	232
0.10276529812906	0.546766261298029	80
-0.117839866964325	0.352652701983811	80
-0.078548945585607	0.334664702764609	202
-0.093793732675255	0.556658827111305	214
-0.117831036354394	0.352673317989728	214
-0.093741949229363	0.556657931195888	214
0.102846126923184	0.546816711265645	329
0.0466499356636571	0.546481330595372	329
-0.00946363872669098	0.71628986382389	27
0.0148094482928141	0.331596623912213	722
0.014693051385642	0.33154041613148	722
-0.034554495557787	0.720411590700479	20
-0.078461628969253	0.334855559136084	576
0.102952818714724	0.546952016374648	576
0.103046680452927	0.54697101885335	20
-0.091592416253083	0.737692543140435	380
-0.057008412663785	1.97967227213331	631
-0.061767001381737	0.900618125679933	28
0.124609172878749	0.87936817253218	381
0.015426605459758	0.331837835999836	381
0.104821501938883	1.19166894914132	365
0.0959660513274599	0.715188219408872	537
-0.038190324491453	0.546366920879928	537
-0.0649276325231271	1.06761666538371	121
0.000654953713115969	0.546018463507429	76
0.019570043504722	0.713085410637289	76
-0.0785341312035151	0.334774054050095	584
-0.078461628969253	0.334855559136084	584
-0.078505335439038	0.334807235682389	584
-0.0784328571216441	0.33484663200897	584
0.01959729993245	0.713177830099595	583
0.124735705690894	0.879610841769866	341
-0.086537430078419	0.914274985807465	307
-0.047786521134555	0.893646188952004	307
0.056906067671354	0.875898598592985	307
-0.034599615781616	0.720358404474324	214
-0.07841782605487	0.334848424054662	232
-0.07841782605487	0.334848424054662	80
0.00115110723648804	0.546235311543178	214
0.0882744474039731	0.876904626318797	214
0.046434639915807	0.546296788418666	214
-0.118067240793936	0.352507886935394	830
0.046478524967509	0.545983002205468	329
-0.027756795861139	1.05210176424236	27
-0.0972360211766819	0.921750951202036	27
0.000828254194413014	0.546393815900103	20
0.056972845941745	0.876009460002654	813
0.019047868119462	1.03922804633805	106
-0.097124293541114	0.922401687262404	380
0.106319309989178	1.79688053663519	380
-0.097327394967553	0.921793017824871	380
-0.117953601258673	0.352597545210657	745
-0.064911175409775	1.06756345140465	86
0.0958203186815469	0.71462292749986	86
0.019677589313058	0.713346935133066	86
-0.038123899783875	0.546394638638759	86
0.0650703280060571	1.34293320269369	364
-0.047898565359789	0.893300214906381	364
0.046586231010875	0.546385529373198	381
0.102965692838688	0.546844532922721	381
-0.014245776865652	0.882094926568233	365
-0.00937861399487205	0.716375045037553	365
0.102859024632958	0.546883761518186	537
-0.11456244962031	0.564789288279985	537
-0.0688743192839571	0.55046354075607	76
0.0197321128944981	0.713348024140361	76
-0.117944825210674	0.352583555456159	584
-0.118067240793936	0.352507886935394	462
0.083060722363575	1.03289167241342	74
0.046455763646197	0.546406595576815	462
-0.118058519259127	0.352454317015294	341
-0.013670583763272	1.04705599722399	307
0.05679240178032	0.875518938753581	307
0.000647696275498988	0.546024271228124	552
0.037799056089702	1.03569756134366	307
-0.1143315130289	0.565026076353992	307
0.015426605459758	0.331837835999836	232
-0.118180785688706	0.352378760345744	80
-0.068926044541021	0.550371904052352	80
0.103221876906599	0.546980598445863	530
-0.038018362492673	0.546618402945273	202
-0.078476515936851	0.334704051901253	731
0.046564213761884	0.546476908211474	731
0.015015511027073	0.33174094912973	731
-0.117822189095331	0.352614000083049	329
0.014486778123062	0.331447869942357	830
-0.034488849485152	0.720468393435574	813
-0.117936032506574	0.352484678840578	722
0.102752358645311	0.546638913003178	20
0.015543409119394	0.331916984826515	576
-0.091259747551794	0.738047949348543	101
0.064734503557357	1.34262077064863	380
-0.078404061527277	0.334701676392793	745
-0.109433451051755	2.01056297745833	78
-0.02791438047687	1.05205468425863	364
-0.114329078977151	0.565123666576565	28
-0.074592574809824	0.9077790430124	28
-0.078200023477518	0.334804621115115	381
-0.00941982402070496	0.716383544036968	365
0.00630539079914005	0.878428427866859	365
0.124713866550428	0.879621645016318	121
0.046455763646197	0.546406595576815	648
0.095900177389557	0.715055557737215	76
-0.0785341312035151	0.334774054050095	584
-0.078505335439038	0.334807235682389	584
0.102939962809722	0.546934303038246	253
-0.0563161757230209	0.725119348849623	74
0.102884874763862	0.546572093051792	462
0.088036021785994	0.876292555257721	307
0.0159533984203279	0.332013285790487	232
0.014486778123062	0.331447869942357	232
-0.117717152571787	0.352728572431533	80
-0.117944825210674	0.352583555456159	530
0.0148094482928141	0.331596623912213	202
-0.11456244962031	0.564789288279985	214
0.0466718923138591	0.546511095379513	329
-0.078446526473096	0.334671088007792	329
0.000925784738588953	0.546494659096437	27
-0.068920586653216	0.550270340745516	27
-0.02796007792733	1.05193424013547	27
-0.068920586653216	0.550270340745516	324
0.054140745083362	0.712133482626925	813
-0.117831036354394	0.352673317989728	722
0.000835561993079992	0.546388049889566	810
0.104618693800992	1.19122101813594	380
-0.014218314792961	0.882220466103133	380
0.015015511027073	0.33174094912973	745
0.014693051385642	0.33154041613148	745
-0.114326776696095	0.564929030361521	86
0.054066571244214	0.712409287520356	86
0.044141450515274	2.04064513873562	78
0.093418576903547	1.80044395783317	364
0.12467245095911	0.879518477267215	381
-0.069130927220558	0.549888200368517	381
-0.038071737268363	0.546541091843573	381
0.095688575970209	0.714621981252469	381
-0.041136057408622	1.05677501188643	377
-0.105224252252979	0.746207720212579	365
0.102778255844793	0.546757450411459	76
0.054029465539626	0.712392747137759	74
-0.118180785688706	0.352378760345744	462
-0.06879064009276	0.550510843550439	74
0.00184519241931402	1.04255583676564	307
0.037685714741757	1.03495557443729	307
0.00632012931211201	0.878254139306057	552
-0.105456380611336	0.746023702019302	307
-0.117953601258673	0.352597545210657	202
-0.078505335439038	0.334807235682389	731
-0.07822865189219	0.334789825675857	731
0.015337900306628	0.331772940313554	830
-0.031944352660134	0.88740350278498	27
-0.093739373147757	0.556695144537498	20
0.046607070563234	0.546529871565748	20
-0.068949174085904	0.550390686111211	20
0.102791231826911	0.546553226745956	20
0.088278754077182	0.876829800366686	20
-0.114564765907576	0.564601883477342	20
0.046542286709821	0.546503907985386	20
-0.038164270843655	0.546436820610805	810
-0.114309633309467	0.565096016504913	380
0.103127837722916	0.547021736367706	745
-0.114414141529456	0.565049160716253	86
0.000723403080248986	0.546133424431026	86
-0.093634539795058	0.556840951197036	86
0.000906909127949995	0.546464500138251	86
-0.015859028791929	1.36047301372739	702
0.00221919710323404	1.04332045026537	28
0.045022899353853	1.19333449193515	365
0.114770047389702	1.49277729590111	365
-0.0784328571216441	0.33484663200897	520
0.019650330598824	0.713292319767363	76
-0.117717152571787	0.352728572431533	253
-0.068888608021291	0.550473937505231	74
0.111190390783756	1.03515356137119	307
0.046651134742099	0.546411601881918	80
0.019677589313058	0.713346935133066	80
-0.078272649288975	0.334885576734114	530
0.103046680452927	0.54697101885335	530
0.0466280692664101	0.546386584989212	214
0.103140609926255	0.546929797083206	329
0.019836637271439	0.713404968703696	324
0.0297046206023121	0.876014559891543	20
0.056886108648653	0.875870098818518	20
0.0832199388499319	1.03342891156724	106
-0.041087615106272	1.05640288850647	20
0.0958602647171281	0.715059134269568	810
0.046521365237415	0.546317748025171	810
0.046412832540613	0.54632387049216	295
-0.038243807178627	0.546272322571263	380
0.00221919710323404	1.04332045026537	380
0.0959660513274599	0.715188219408872	86
-0.034599615781616	0.720358404474324	86
0.01266590204047	1.19656706147113	365
0.00209687201919095	1.04328365657044	365
0.102846126923184	0.546816711265645	515
-0.093714773776065	0.556752931738205	515
0.102859024632958	0.546883761518186	128
0.096084253304256	0.715043963385721	583
-0.00952676586833701	0.716223363511951	583
0.088233482129389	0.876845308069539	74
-0.034599615781616	0.720358404474324	74
-0.068819211572735	0.550311034819703	74
0.0463694879634859	0.546199801059262	462
-0.093687596325703	0.556815343915179	462
0.000975541614245956	0.54652601352424	462
0.056759448845837	0.875386003690788	74
0.0592005274362371	1.03406717617637	307
-0.03817729563763	0.546419306318742	80
-0.117831036354394	0.352673317989728	530
0.015221229893607	0.331833236925771	214
0.095794375808675	0.714954580622306	214
0.053945827600581	0.712263366492621	27
0.095900177389557	0.715055557737215	214
0.000842858445567973	0.546344713229705	214
0.124711508301496	0.879424700802614	214
-0.0688511853149521	0.550507144497065	214
0.102939962809722	0.546934303038246	324
-0.0785341312035151	0.334774054050095	324
-0.0936863004103	0.556790487890074	20
-0.093740660621265	0.556754166748311	20
0.053959680966698	0.712177078510325	20
-0.105628063283948	0.745836605953634	554
-0.117717152571787	0.352728572431533	20
-0.068744366725657	0.550504504386003	810
0.046283529498327	0.545859690871033	295
-0.078461628969253	0.334855559136084	295
-0.0785341312035151	0.334774054050095	295
-0.0135429864565439	1.04715700936604	380
-0.00638902560821797	2.09336470365967	187
-0.114414141529456	0.565049160716253	28
-0.00933478747411098	0.716400610903666	28
-0.075280794560489	0.730809985770197	365
0.019113165772076	1.03937670029236	365
0.00624057668065303	0.878188854232826	365
0.018935829185475	1.0388532630789	365
-0.08620456243029	0.915290832041744	365
0.048687013937329	1.34359532493643	377
0.000906909127949995	0.546464500138251	515
0.04652044983038	0.5464742420311	515
0.014693051385642	0.33154041613148	128
0.000975541614245956	0.54652601352424	128
0.000918451769796991	0.546500400749536	76
-0.06897230342571	0.550378261045452	74
0.001013853753835	0.54655060088885	583
0.000929339521959949	0.54630009282899	583
0.096045190403945	0.71521740606195	583
-0.038097810402228	0.546539513612059	74
-0.069093458268929	0.550094280150441	74
0.000975541614245956	0.54652601352424	462
-0.105434479559369	0.74619652415854	307
-0.114499210463847	0.564914880949432	74
0.046542286709821	0.546503907985386	107
-0.00950486671759099	0.71628739187994	107
0.00195583536251298	1.04302552460198	307
-0.093740660621265	0.556754166748311	80
-0.117962360601882	0.352531037221759	530
-0.118075945617532	0.352475981362613	530
-0.117831036354394	0.352673317989728	214
0.000820935056823013	0.546362059972189	214
0.102965692838688	0.546844532922721	214
-0.118198069629608	0.352266186569217	685
0.046455763646197	0.546406595576815	324
-0.117815759142666	0.755024890639782	20
-0.037872662852266	0.546578998958016	20
0.000929339521959949	0.54630009282899	20
0.019624558410942	0.71323243362851	20
0.102778255844793	0.546757450411459	20
0.05663241631549	0.87435960051725	101
-0.00933478747411098	0.716400610903666	295
0.0464775407151	0.546436206750712	295
-0.034361498504063	0.720516737691081	380
-0.013315071559824	1.04766535557358	380
-0.093848084174891	0.556501472754065	86
-0.093660416875415	0.556847987421022	28
0.083270559334372	1.03353393654182	28
0.029744976750487	0.876220495142696	365
-0.0914838230419121	0.737886173087118	365
0.038104488946171	1.49685228321715	365
0.000868604531952033	0.54636055890442	128
0.00632718347467298	0.878423350453597	121
0.000925784738588953	0.546494659096437	76
-0.0379128235471889	0.546654737619279	583
0.019759377767588	0.713292588042902	583
0.110958668542659	1.0350695298605	74
-0.038058706791953	0.546490151457986	74
0.054029465539626	0.712392747137759	74
0.102671639124429	0.546588557482098	107
-0.075128560656728	0.730956829875266	307
0.110799576536313	1.03467538382903	307
0.096005188660324	0.715091406666411	80
-0.0938196340612309	0.556560417149379	80
0.103046680452927	0.54697101885335	530
-0.0379128235471889	0.546654737619279	214
0.05710453767316	0.876072184225728	214
-0.118049781061524	0.352274376811464	324
0.102697656326824	0.546485183471197	324
-0.117839866964325	0.352652701983811	324
0.095873572645785	0.715100082050027	20
0.102939962809722	0.546934303038246	20
-0.091339327809244	0.738047782770317	20
0.124755232228374	0.879621813051408	20
0.015337900306628	0.331772940313554	576
0.046304936937567	0.546030758488034	810
-0.037833422710626	0.54663314479618	295
0.0464987030977601	0.546379576538645	295
-0.03775405925185	0.546487155698763	295
0.000898958716415987	0.546360004087353	86
0.001013853753835	0.54655060088885	86
0.124458616787187	0.878939544559931	314
-0.117953601258673	0.352597545210657	314
0.029918173015719	0.876313864962506	28
0.00632718347467298	0.878423350453597	28
-0.037966177236565	0.546477875264805	209
0.00626943999371099	0.878302188389933	365
-0.00946363872669098	0.71628986382389	209
-0.102888548597578	1.09607496630396	377
-0.038138233431129	0.546369917782611	128
-0.056223086852438	0.725364716029639	74
0.046412832540613	0.54632387049216	583
-0.00950486671759099	0.71628739187994	583
0.019729112390332	0.713290552810038	583
0.0295657797894739	0.875850445485595	74
-0.117699332254476	0.352559690893245	462
0.000918451769796991	0.546500400749536	462
-0.038044479500504	0.546473472346318	74
-0.00961180881093904	0.716013820448199	307
0.054006203687662	0.71236161428316	80
-0.034451749180172	0.720304017679708	214
0.054029465539626	0.712392747137759	27
-0.034382069378414	0.720536934995111	27
-0.069018561500326	0.550257678966188	214
0.095807667058939	0.714953390541008	214
-0.0784328571216441	0.33484663200897	324
-0.078606608631892	0.334612044582887	324
0.0466499356636571	0.546481330595372	324
0.019756369550568	0.713383002820867	324
0.088208628204057	0.876775252081621	554
0.029750838283955	0.875893834872584	554
-0.00941982402070496	0.716383544036968	20
0.095873572645785	0.715100082050027	101
0.014486778123062	0.331447869942357	295
-0.0382568181762299	0.546254831510538	295
-0.093739373147757	0.556695144537498	380
-0.014317595527661	0.881952752026586	86
0.000918451769796991	0.546500400749536	86
0.000828254194413014	0.546393815900103	314
-0.0938196340612309	0.556560417149379	28
-0.027791453021352	1.0522505519824	28
0.0958602647171281	0.715059134269568	209
0.046564213761884	0.546476908211474	515
0.0148094482928141	0.331596623912213	520
0.018889065799474	1.03863735337765	121
-0.117702328441473	0.755104705350068	121
-0.056410146682176	0.724596196565233	121
-0.117657797742993	0.755147837329674	121
-0.014483578609882	0.881387655834508	74
-0.114477368199382	0.564955794700488	74
-0.078548945585607	0.334664702764609	462
-0.038044479500504	0.546473472346318	107
-0.03817729563763	0.546419306318742	307
-0.075042218928253	0.731034756605314	307
0.0958602647171281	0.715059134269568	80
-0.068926044541021	0.550371904052352	80
0.019756369550568	0.713383002820867	214
-0.0346858551686891	0.720178258269791	214
0.019782120407649	0.713257920916767	214
-0.093527128721198	0.556862079721386	214
0.01959729993245	0.713177830099595	214
-0.093792453627986	0.556564105378166	27
-0.117972341701207	0.754592016602834	27
0.019572996506934	0.712854785476922	214
-0.038018362492673	0.546618402945273	324
-0.117717152571787	0.352728572431533	324
-0.091650381521249	0.737524345851844	20
-0.0785341312035151	0.334774054050095	20
-0.00956560269345297	0.716014111872294	20
-0.038005310085013	0.546635957220775	20
-0.038097810402228	0.546539513612059	20
0.124840284125199	0.879616479175003	20
-0.09360866920208	0.556763346406444	101
0.019651818943123	0.713251012434848	101
-0.056056123251453	0.725063013037801	101
-0.0688511853149521	0.550507144497065	295
-0.118311411153993	0.352176797827841	295
-0.038031418964221	0.546565959336452	295
-0.118067240793936	0.352507886935394	295
0.046434076670658	0.546311995607716	295
-0.0379922617403921	0.546620013704936	86
0.083198311697356	1.03329892351257	782
-0.114606126706289	0.564617371093479	209
-0.056309753607088	0.725252132108966	209
0.080704592053813	1.49166713983967	377
-0.027956932621665	1.05170049129742	365
-0.117794151246084	0.75502830853933	377
-0.114370449554845	0.565048182756302	74
0.110850316388818	1.03491796718739	74
-0.093741949229363	0.556657931195888	583
-0.068781782240572	0.550448454438737	583
0.019677589313058	0.713346935133066	74
0.000906909127949995	0.546464500138251	462
-0.114540618240105	0.56483017811683	74
0.053992347414343	0.712287188803804	307
-0.038058706791953	0.546490151457986	80
-0.068897453062561	0.550386522987246	80
-0.038018362492673	0.546618402945273	80
0.096045190403945	0.71521740606195	214
-0.034530004162013	0.720278161728681	214
-0.093633235422332	0.556851668428262	214
-0.114477368199382	0.564955794700488	27
0.0196488420251461	0.713134344128434	27
0.0464987030977601	0.546379576538645	214
-0.117953601258673	0.352597545210657	324
-0.117953601258673	0.352597545210657	324
-0.0936060519635859	0.55682550587557	20
-0.038310387631324	0.546035344324959	20
-0.069237769252688	0.549487862503984	20
0.014280160087122	0.331303341451248	20
-0.0689117397669981	0.550461509138893	101
0.00216934179266204	1.04332475397206	101
-0.118067240793936	0.352507886935394	295
0.000906909127949995	0.546464500138251	295
-0.00937861399487205	0.716375045037553	380
-0.0142514185499381	0.882171872302385	380
-0.09143321669133	0.737991575978627	86
-0.07841782605487	0.334848424054662	314
-0.027075153540044	1.55992765610347	28
0.000835561993079992	0.546388049889566	368
-0.097507085207335	0.921566633745147	28
0.019571520063183	0.713070408413511	782
-0.094994090318623	1.08644617690892	365
-0.07849037707702	0.334766898185218	520
0.000933106370409997	0.546451336382571	128
0.028534589159356	1.19504026380938	121
-0.105506403988603	0.746082583506221	121
-0.034862557552177	0.719550593583387	74
0.056819320737317	0.875710160074575	74
-0.034706397659959	0.720101173495409	74
0.046455763646197	0.546406595576815	462
0.054103664450783	0.712329932588179	462
-0.093822185919136	0.556462972229039	462
0.00626241867495103	0.877989459435211	74
-0.038031418964221	0.546565959336452	107
0.046326504549897	0.546125168287339	107
0.015748574968654	0.332008986763764	107
0.059239248430117	1.03409509569725	307
-0.032220818613886	0.886840542723384	307
-0.056216769131179	0.725236123570522	307
0.083263244130408	1.03341522018339	307
-0.03463678141958	0.71986331515463	80
-0.068813776492815	0.550467240857607	214
0.046240423554228	0.545736020693466	220
-0.0560635966951329	0.725281300249109	214
-0.0688049167957639	0.550500792823466	214
0.095900177389557	0.715055557737215	27
-0.091404224784821	0.737977127415801	27
-0.034496947961989	0.720076279839221	27
-0.031772490354712	0.887383650284175	27
0.04652044983038	0.5464742420311	214
0.0882949223562151	0.876874066340018	214
0.088319752008557	0.87697089157298	554
-0.032232482273249	0.886655117493779	554
0.088258247423362	0.876693510115728	554
0.095873572645785	0.715100082050027	20
0.046499407903853	0.546409161577071	20
-0.093740660621265	0.556754166748311	101
-0.091440565917268	0.738008800795051	101
0.000860687931607984	0.546201243527025	295
0.102778255844793	0.546757450411459	295
0.102684638589434	0.546640068159778	295
-0.05626324486886	0.725279719780685	380
-0.074485690686669	0.907887662230663	380
0.000828254194413014	0.546393815900103	314
0.061175185449434	1.82486354892074	28
0.054906756716693	1.65219306307699	28
0.102859024632958	0.546883761518186	520
0.014693051385642	0.33154041613148	520
0.013750033727378	0.330901102695796	128
-0.118294236061544	0.352168656285739	128
-0.091498499960562	0.737840563009701	121
-0.114263529842193	0.564990233261202	74
-0.093552994386365	0.556851119320473	74
0.0195184742774041	0.712853656962071	74
-0.009356698434968	0.716404692220104	462
-0.114433698001673	0.564954796623497	462
0.046564213761884	0.546476908211474	462
-0.03475156865274	0.720001626855283	74
-0.0689117397669981	0.550461509138893	74
0.053931958623145	0.712138276644329	74
-0.069032876267602	0.550257340688247	107
0.0148094482928141	0.331596623912213	107
0.019733612891391	0.713080406047855	214
0.095794375808675	0.714954580622306	214
-0.00952426338253898	0.71620400051152	27
0.00611737708100402	0.878151626612986	27
0.019756369550568	0.713383002820867	27
-0.1143509382464	0.565110324997158	27
-0.075230050713224	0.73089510779261	27
-0.0935284500539501	0.55675592168442	27
0.053885443008125	0.712114459554289	20
0.046542286709821	0.546503907985386	554
-0.0688049167957639	0.550500792823466	554
-0.078505335439038	0.334807235682389	20
-0.034690003029282	0.720037016954227	20
0.046564213761884	0.546476908211474	20
0.088369145157853	0.876475963075635	101
0.046651134742099	0.546411601881918	295
0.046412832540613	0.54632387049216	295
-0.056069854502679	0.725411685579698	86
-0.117831036354394	0.352673317989728	314
0.061087421008992	2.36828458302433	187
0.076944431247256	1.99542095316521	28
0.056952808189603	0.875980833095336	28
0.053992347414343	0.712287188803804	28
0.121758742985359	1.34702616334488	28
0.111046481019917	1.03513390520463	28
-0.074775622091669	0.907199996213151	365
-0.074911975626363	0.730888834940018	74
0.00599422219585399	0.877681669562019	74
0.111024502537795	1.03527146379121	74
0.000918451769796991	0.546500400749536	583
0.019729112390332	0.713290552810038	583
-0.093714773776065	0.556752931738205	74
0.095952734120206	0.715189374908091	462
0.054001734642033	0.71185890819755	74
0.000640427480989025	0.545992606068971	107
-0.009587467073083	0.716052689303468	307
-0.093634539795058	0.556840951197036	307
-0.068897453062561	0.550386522987246	80
-0.03785957873798	0.546631460156574	214
-0.034624257244852	0.720213691471364	214
-0.069056003004485	0.550213767822116	214
0.054052727722994	0.712385443173546	214
-0.0692234146669231	0.54963945071679	220
0.124670173944602	0.879514467652847	27
-0.038123899783875	0.546394638638759	619
0.054006203687662	0.71236161428316	324
-0.114433698001673	0.564954796623497	554
-0.034406599338289	0.720450443911061	554
0.0464987030977601	0.546379576538645	629
0.124903457818242	0.879486662869135	380
0.096031860202732	0.71521854127108	86
-0.114416544711985	0.564897273997189	314
-0.00956802690511105	0.716178523874069	28
-0.114372802292684	0.565069375339754	782
0.083118700695991	1.03306262348328	365
-0.117858881199237	0.754847544131532	365
0.114582869073228	1.49228536912789	365
-0.043087023021135	1.38591043578348	365
-0.093499944567344	0.556835931802578	385
0.00617515184861806	0.878272821777982	583
0.0146030411225651	0.331368587604412	583
-0.00948297216359295	0.716317009145669	74
-0.117839866964325	0.352652701983811	462
-0.117725299501454	0.755133457136124	74
0.000925784738588953	0.546494659096437	107
0.0190454585679281	1.03921215750302	107
-0.037925885706574	0.546670662650068	307
0.102778255844793	0.546757450411459	80
0.046326504549897	0.546125168287339	80
-0.03789976545186	0.546603825490813	214
-0.0379128235471889	0.546654737619279	214
-0.117953601258673	0.352597545210657	220
-0.00937861399487205	0.716375045037553	27
-0.00937861399487205	0.716375045037553	27
0.001036249750337	0.546278648877764	685
-0.00961180881093904	0.716013820448199	27
-0.093793732675255	0.556658827111305	324
-0.117787624698042	0.754947055258201	20
0.102939962809722	0.546934303038246	324
-0.038071737268363	0.546541091843573	20
-0.068828051153055	0.550519576410294	20
0.019677589313058	0.713346935133066	101
0.04652044983038	0.5464742420311	629
-0.114414141529456	0.565049160716253	101
0.095834238464192	0.714821367838863	295
0.054164012719756	0.712247330117122	314
0.114991419915062	1.49430079703668	28
-0.075331537607413	0.730690182053905	365
0.063309947447395	1.19218440934587	365
0.095939413203912	0.715148403086207	365
0.037939726787085	1.03561131643204	365
0.014164037484612	0.331138547182105	520
-0.0616078095428571	0.900921008549656	121
0.095741173776981	0.714477655296053	74
-0.014218314792961	0.882220466103133	74
-0.009376027707654	0.716340876958858	74
0.000828254194413014	0.546393815900103	583
-0.114540618240105	0.56483017811683	74
0.000828254194413014	0.546393815900103	462
-0.09360866920208	0.556763346406444	107
0.103127837722916	0.547021736367706	107
0.053862185711166	0.712043859085995	307
0.000842858445567973	0.546344713229705	307
0.110770768792674	1.03463003306393	307
-0.118075945617532	0.352475981362613	80
0.014486778123062	0.331447869942357	80
0.0464775407151	0.546436206750712	80
-0.075439865041219	0.730333581550693	214
-0.078650217757543	0.334563833199289	619
0.0569260238839731	0.875889445927199	27
0.095912760237026	0.71492320367444	399
-0.038097810402228	0.546539513612059	214
-0.1143509382464	0.565110324997158	27
-0.114309633309467	0.565096016504913	20
0.000662199786762963	0.545975134251731	20
0.124565533340917	0.879347201685896	554
-0.00944172907490504	0.716353910708763	554
-0.093660416875415	0.556847987421022	20
0.000925784738588953	0.546494659096437	20
0.102671639124429	0.546588557482098	629
0.015337900306628	0.331772940313554	629
-0.06897230342571	0.550378261045452	380
0.0569115700078831	0.875805150498862	380
0.095873572645785	0.715100082050027	86
-0.068995432562999	0.550334672525007	86
0.019624558410942	0.71323243362851	314
0.124713866550428	0.879621645016318	28
-0.038070612770442	0.54605771554227	368
0.0882744474039731	0.876904626318797	28
-0.013460070114513	1.04768915852499	365
0.019862257756486	1.34748706634609	365
-0.031993987735875	0.887512113392557	365
0.000842858445567973	0.546344713229705	128
-0.093607359992403	0.556873595673821	128
-0.041107446586097	1.05699832065677	121
0.101080187780798	1.34449322278444	121
-0.105506403988603	0.746082583506221	121
-0.009397923564752	0.716379445772882	74
-0.093795012818503	0.556596773272788	74
-0.069009749323291	0.550269762703352	74
-0.075172474316371	0.730976133216179	121
-0.0938196340612309	0.556560417149379	74
-0.114433698001673	0.564954796623497	583
-0.118075945617532	0.352475981362613	583
0.103008292739814	0.546628030187236	583
-0.117480088539026	0.352775239077962	583
0.054066571244214	0.712409287520356	74
-0.114455530711662	0.564969109409345	74
-0.068753242964403	0.550415978264737	74
0.046455763646197	0.546406595576815	107
-0.034271444120339	0.720373180607765	107
0.013750033727378	0.330901102695796	107
-0.038071737268363	0.546541091843573	307
0.11091619758058	1.03504096236108	307
0.046326504549897	0.546125168287339	80
0.019545734360111	0.71287223249182	214
0.04652044983038	0.5464742420311	214
0.046607070563234	0.546529871565748	214
0.124777087030697	0.879653666456889	27
0.000625855849828993	0.545790888913006	619
0.102671639124429	0.546588557482098	619
0.05413636415528	0.712386219229169	27
0.102939962809722	0.546934303038246	399
0.000933106370409997	0.546451336382571	399
0.103221876906599	0.546980598445863	685
0.095820954610095	0.714910037968309	324
-0.034554495557787	0.720411590700479	20
0.056992809505131	0.876000316628624	554
0.096045190403945	0.71521740606195	324
0.000898958716415987	0.546360004087353	20
-0.114329078977151	0.565123666576565	86
-0.105433782758236	0.745322619913561	86
0.00057178907352895	0.545633906208576	314
0.0198381532818001	0.713438718841988	314
0.079518207254734	1.64226577680641	28
-0.078606608631892	0.334612044582887	368
0.102496176369517	0.546154698900138	368
0.00632718347467298	0.878423350453597	28
0.037888183853712	1.03585231428177	365
-0.032032698929494	0.88745008523199	365
-0.056216769131179	0.725236123570522	365
-0.056303413484868	0.72506390916025	365
0.095715143638794	0.714748853923145	74
-0.114521057504065	0.564844995830792	74
-0.069056003004485	0.550213767822116	74
-0.093820909427118	0.556596437211793	74
0.088163238293904	0.87656172804364	74
0.103384920681131	0.546792644553843	462
0.054066571244214	0.712409287520356	462
-0.014361955893588	0.881960695370533	74
0.037665406118679	1.03518918409077	307
0.056886108648653	0.875870098818518	307
0.124521874708077	0.879150251001781	307
-0.105628063283948	0.745836605953634	80
0.102871940568314	0.546825607663817	80
0.015015511027073	0.33174094912973	80
0.014693051385642	0.33154041613148	220
0.083292209629135	1.03352059830306	214
-0.078389101895223	0.334894991105506	619
0.054052727722994	0.712385443173546	27
-0.038110853061623	0.546487094584724	399
-0.078389101895223	0.334894991105506	685
0.046606293096119	0.546158185143479	685
0.0379340453759029	1.03601928624716	20
0.095807667058939	0.714953390541008	20
0.00593642732362398	0.877490709898807	554
0.046455763646197	0.546406595576815	324
-0.075150525919452	0.730999872092666	554
0.019730612762067	0.713415955765321	20
0.0883650057201501	0.876939662208736	20
0.054043307590794	0.71233864047186	20
-0.075389112338109	0.730488774459145	20
0.104777059455906	1.1916270038697	20
-0.117612113623613	0.35260417148075	629
-0.075338358839328	0.730608547549115	380
-0.068828051153055	0.550519576410294	86
0.0195958193086681	0.713065355031222	86
0.104688190611867	1.19142362727854	86
-0.114499210463847	0.564914880949432	86
0.000925784738588953	0.546494659096437	782
0.050856501443092	1.49318297864765	365
-0.105650493479094	1.30632162046038	365
-0.0936319321625449	0.55670542275289	74
0.0463911152322391	0.546294317805983	385
0.014486778123062	0.331447869942357	385
0.095794375808675	0.714954580622306	583
-0.093685005569229	0.556610111148418	74
0.012797008395347	1.19691453230001	74
0.124670173944602	0.879514467652847	74
-0.09143321669133	0.737991575978627	74
0.000918451769796991	0.546500400749536	107
-0.114290273763991	0.564910117320749	107
-0.0688511853149521	0.550507144497065	214
0.029779355852249	0.875998192850076	214
-0.032120708078394	0.8868155234015	214
0.019626042733507	0.713071516733049	214
-0.117726656968486	0.755137061573248	27
-0.047742079051906	0.893735002556287	27
0.000730708390523027	0.546206964542419	27
0.088451251285341	0.876940780207278	27
-0.038031418964221	0.546565959336452	324
-0.093714773776065	0.556752931738205	20
-0.075128560656728	0.730956829875266	554
-0.117748260284001	0.75512922206726	554
0.124565533340917	0.879347201685896	20
0.0194912162558381	0.712799096277017	101
-0.00950238851636898	0.716165417630369	28
0.12031670923235	2.14062655598543	28
0.082900371033349	1.19135053444814	28
-0.00508685958424404	1.35460695536127	316
-0.117771210846362	0.755093886470174	316
-0.086400346857343	0.914901897708908	316
-0.068744366725657	0.550504504386003	128
-0.078272649288975	0.334885576734114	128
0.082204611442938	1.34274393787555	121
0.110907938371086	1.03488561616999	121
-0.086059614577925	0.915265792018197	74
-0.03466531760267	0.720222122204125	74
-0.114224601903558	0.565123193837175	74
-0.093580178190461	0.556877278723426	74
0.000828254194413014	0.546393815900103	74
-0.105489641162824	0.746060970486816	74
0.014164037484612	0.331138547182105	267
0.000828254194413014	0.546393815900103	214
0.124733372651614	0.879546458639137	214
0.11091619758058	1.03504096236108	214
-0.069116582615907	0.550050728935172	220
0.019730612762067	0.713415955765321	214
-0.093634539795058	0.556840951197036	220
-0.038097810402228	0.546539513612059	220
-0.034427154474773	0.720503966046749	27
-0.0382568181762299	0.546254831510538	27
0.056712618752087	0.875326188041204	27
0.046607070563234	0.546529871565748	324
0.124798937057536	0.879642881682537	20
-0.114521057504065	0.564844995830792	20
-0.037938951930853	0.546653091630455	324
0.124587355497176	0.879378998471288	554
0.124757540055081	0.879556465011343	101
0.015221229893607	0.331833236925771	295
0.015221229893607	0.331833236925771	295
0.087974636163653	0.875878124549455	86
0.054126930245297	0.712400573859308	86
0.070838487173796	1.81457993663985	495
0.096467321414268	1.97575572867792	495
-0.069060636164483	1.43809675414789	28
0.101234640162736	1.34487044472678	365
-0.078316549947599	0.334892644976188	520
0.015748574968654	0.332008986763764	520
-0.07841782605487	0.334848424054662	520
-0.078577788973047	0.33472577676997	520
-0.014113384295799	0.88220010423934	121
-0.105395736565012	0.746186860600216	74
0.12467245095911	0.879518477267215	74
-0.0753027417682089	0.730745213604403	74
-0.117748260284001	0.75512922206726	74
-0.09144787097444	0.737878600505114	74
0.0146030411225651	0.331368587604412	107
-0.078389101895223	0.334894991105506	80
-0.114584285776041	0.564719438324633	80
0.054029465539626	0.712392747137759	214
-0.0688743192839571	0.55046354075607	214
0.00093724327286504	0.546463920727753	619
-0.0937678377201721	0.556691762056095	27
0.015543409119394	0.331916984826515	258
0.0961509693378581	0.71503811279453	324
-0.069064818785193	0.549972086772777	324
0.000723403080248986	0.546133424431026	324
-0.069056003004485	0.550213767822116	324
0.00093724327286504	0.546463920727753	324
0.056712618752087	0.875326188041204	554
-0.038018362492673	0.546618402945273	20
-0.0379922617403921	0.546620013704936	20
0.000918451769796991	0.546500400749536	20
-0.0784328571216441	0.33484663200897	314
0.101066012515985	1.34456029236452	28
0.0195594514094301	1.34692311002669	28
0.013144819578455	1.19753183414915	28
-0.074661363719551	0.907610543288604	121
-0.075186093666623	0.730755414739324	121
-0.0412759319980071	1.0565160126472	121
-0.034579072363246	0.720370237594475	74
0.083060722363575	1.03289167241342	121
-0.032038061878081	0.887349505281334	74
0.054113099523654	0.712433124334927	74
0.00641384090751795	0.878347747916911	74
-0.031949829335423	0.887508957911859	74
-0.093739373147757	0.556695144537498	74
-0.056249549463771	0.725241835891252	307
-0.038243807178627	0.546272322571263	307
-0.117944825210674	0.352583555456159	80
0.124716093147554	0.879363156699728	214
-0.056269614876835	0.725275945041031	214
0.0960185262887709	0.715177552485163	220
-0.117953601258673	0.352597545210657	220
0.037755873368849	1.03556467254467	27
-0.117953601258673	0.352597545210657	27
-0.07834525013681	0.334887885324188	324
-0.074984629574486	0.730937065048053	554
-0.09357755585482	0.556455335769336	554
-0.038005310085013	0.546635957220775	20
-0.07834525013681	0.334887885324188	692
0.0540898352208991	0.712440424822514	20
0.019810889993383	0.71345620863575	101
-0.117603173744174	0.352744510096783	295
0.046542286709821	0.546503907985386	295
0.095886876869285	0.715098908302365	86
0.120016362630962	1.79331006338689	495
-0.086207835158528	0.915211217675302	28
0.095728421926689	0.71474764956451	28
0.015015511027073	0.33174094912973	520
-0.093793732675255	0.556658827111305	128
-0.014185200815923	0.882226931948104	74
0.124626462245743	0.879218691050498	74
-0.068995432562999	0.550334672525007	57
-0.069056003004485	0.550213767822116	57
-0.03775405925185	0.546487155698763	57
0.000933106370409997	0.546451336382571	74
-0.0937678377201721	0.556691762056095	74
0.015543409119394	0.331916984826515	267
0.015015511027073	0.33174094912973	80
0.103033866383466	0.547002647083637	80
-0.078621350507474	0.334583333907498	80
0.124650622700453	0.879529294170625	214
-0.0319552679466401	0.887543075681398	27
-0.0561628696494561	0.725260835339231	27
-0.114265888199503	0.565150333147693	27
0.05710453767316	0.876072184225728	27
0.019623073931675	0.713199877922648	324
0.096031860202732	0.71521854127108	324
0.046434639915807	0.546296788418666	324
0.0148094482928141	0.331596623912213	324
-0.11763753248898	0.755144307320052	554
-0.07834525013681	0.334887885324188	692
0.014073196708025	0.331075185621132	20
0.000820935056823013	0.546362059972189	20
-0.078301301726967	0.33479207593374	601
0.014486778123062	0.331447869942357	86
-0.05618293941161	0.725327357071037	86
0.106878124090943	1.9661228004847	495
-0.068981133828171	0.550224724914083	209
-0.075972372511545	1.07243627966348	316
-0.074512715769093	0.907863847169852	365
-0.0785341312035151	0.334774054050095	520
-0.117839866964325	0.352652701983811	520
0.0148094482928141	0.331596623912213	520
-0.078461628969253	0.334855559136084	520
-0.014024656631946	0.881927402076715	121
-0.074665056110531	0.907604522414571	121
0.00199401619934603	1.04314257653731	121
-0.053699874158073	1.06126494689645	121
0.056992809505131	0.876000316628624	74
0.082900371033349	1.19135053444814	74
0.014486778123062	0.331447869942357	57
-0.093740660621265	0.556754166748311	74
-0.0784328571216441	0.33484663200897	74
-0.034710519982367	0.720057265798157	307
-0.038164270843655	0.546436820610805	307
-0.00942245890905402	0.716210224109516	214
-0.014290134167427	0.882127139590893	27
-0.075194405792904	0.730887963821288	27
0.053982942164289	0.712290972688709	27
-0.118067240793936	0.352507886935394	258
-0.078476515936851	0.334704051901253	324
-0.117953601258673	0.352597545210657	324
0.102671639124429	0.546588557482098	692
0.0148094482928141	0.331596623912213	295
0.000868604531952033	0.54636055890442	86
-0.038031418964221	0.546565959336452	86
0.015015511027073	0.33174094912973	86
0.00102330001336504	0.54650935831214	86
0.046542286709821	0.546503907985386	86
-0.078577788973047	0.33472577676997	86
-0.038071737268363	0.546541091843573	86
-0.032066019144699	0.887416346257647	28
0.103115083689341	0.546978454245952	209
0.015543409119394	0.331916984826515	520
0.013957208446354	0.331045765272962	520
-0.091404224784821	0.737977127415801	121
-0.097152759226423	0.922426151150658	121
-0.114202720835829	0.565136562997593	74
0.000813604587608041	0.546288457112092	74
0.019650330598824	0.713292319767363	74
0.0830823759231279	1.03295420446624	74
0.015015511027073	0.33174094912973	267
0.103102347789789	0.546745704197176	80
-0.0689580026679329	0.550340898981373	80
0.054057133804901	0.71205064510401	214
0.019679081531942	0.713233529096698	214
-0.00946632221097399	0.715875576790196	220
-0.037952022220819	0.546600633082636	27
0.110923006600159	1.03518479092378	27
0.08849227356999	0.876919942220831	27
-0.07841782605487	0.334848424054662	324
0.059139689598796	1.03379147911228	554
0.103115083689341	0.546978454245952	20
0.053982942164289	0.712290972688709	20
-0.091549128053341	0.737768234500306	101
0.103115083689341	0.546978454245952	295
-0.0784328571216441	0.33484663200897	295
-0.117717152571787	0.352728572431533	295
0.046738304018903	0.546170751314416	86
-0.117356781987153	0.35272119980731	86
-0.012223792547342	1.53573877842589	28
-0.061746309328125	0.90056197698534	28
0.00627650540511404	0.878418860400463	28
-0.038018362492673	0.546618402945273	209
-0.03841597506888	0.545687642569538	209
0.0334786755306981	1.34431437323232	316
-0.057370698639062	1.40960612297496	316
-0.074744915699496	0.907168410901322	121
-0.061743431986831	0.90071386104977	121
0.00622582819322903	0.878367710877533	121
-0.105412279137597	0.746231009506604	121
-0.06176408320592	0.900670469846048	121
-0.034468279547934	0.720512319695876	74
0.083538325337836	1.03338372166906	74
-0.04774568201117	0.893294322796628	74
-0.038164270843655	0.546436820610805	74
0.096137633560309	0.715126708897152	80
0.054020044257878	0.712224739731663	27
0.00618228420571598	0.878119944977005	27
-0.068963494801974	0.550198685459675	27
0.019626042733507	0.713071516733049	27
-0.00946363872669098	0.71628986382389	27
-0.038097810402228	0.546539513612059	324
0.00104417444327998	0.546490588732559	324
-0.068781782240572	0.550448454438737	324
0.000730708390523027	0.546206964542419	324
-0.038084771804796	0.546557048928131	20
0.000723403080248986	0.546133424431026	20
-0.118075945617532	0.352475981362613	692
-0.047742079051906	0.893735002556287	101
-0.091353622721441	0.738049434180312	86
0.095979364827558	0.715144881301218	86
0.095952734120206	0.715189374908091	86
0.019624558410942	0.71323243362851	86
0.086592288591576	1.98511203222007	495
-0.027791453021352	1.0522505519824	28
-0.114202720835829	0.565136562997593	209
-0.117114331767248	0.936602624485	316
0.102939962809722	0.546934303038246	520
-0.078505335439038	0.334807235682389	520
-0.06165494640037	0.900835049186455	121
-0.105445508942811	0.746231734252583	74
0.029519437316155	0.875628042518036	74
0.124733372651614	0.879546458639137	74
0.124587355497176	0.879378998471288	74
-0.068828051153055	0.550519576410294	57
0.000730708390523027	0.546206964542419	57
0.082940591993809	1.19116298918079	74
0.088167685316824	0.876715975962942	201
0.015015511027073	0.33174094912973	107
0.015221229893607	0.331833236925771	267
0.102939962809722	0.546934303038246	80
0.124777087030697	0.879653666456889	80
0.0567993662499941	0.875643455159383	214
-0.00950238851636898	0.716165417630369	214
-0.0142514185499381	0.882171872302385	214
-0.068902914788471	0.550319576187085	214
0.054103664450783	0.712329932588179	214
-0.00967255175366899	0.715859912358179	220
-0.093820909427118	0.556596437211793	220
-0.093793732675255	0.556658827111305	27
0.124460751097891	0.878887603643632	27
0.102846126923184	0.546816711265645	258
-0.0785341312035151	0.334774054050095	258
-0.0319606684147981	0.887504887568775	20
0.046542286709821	0.546503907985386	324
0.053992347414343	0.712287188803804	324
0.124713866550428	0.879621645016318	554
-0.117953601258673	0.352597545210657	692
-0.117715494135549	0.754984816515367	842
-0.014041570108897	0.88208825191781	101
-0.034468279547934	0.720512319695876	101
0.019756369550568	0.713383002820867	101
0.10276529812906	0.546766261298029	295
0.00617515184861806	0.878272821777982	86
-0.114455530711662	0.564969109409345	86
0.000828254194413014	0.546393815900103	86
0.019730612762067	0.713415955765321	86
0.0540898352208991	0.712440424822514	86
0.059029006058914	1.03349784195215	28
-0.107479755785111	0.929301558356756	365
0.0568592212965729	0.875729484713166	209
0.014486778123062	0.331447869942357	520
0.015015511027073	0.33174094912973	520
-0.078316549947599	0.334892644976188	520
-0.06171689032071	0.900684254817158	121
-0.105484204797017	0.746160392152551	121
-0.091411590474285	0.738050228435181	74
0.056866146813055	0.875803365601958	74
-0.093659117292473	0.556764329453062	74
-0.117746853521297	0.755035757216117	74
0.015543409119394	0.331916984826515	267
0.056890943807158	0.875653425530828	80
-0.114433698001673	0.564954796623497	214
-0.114518791636372	0.564843479631815	214
0.0568592212965729	0.875729484713166	214
-0.093554310876372	0.556858392044476	214
0.054126930245297	0.712400573859308	220
0.0297188747502331	0.876185244053301	220
0.053969087339051	0.712294492055823	27
-0.0913678006490129	0.737643511938406	27
-0.0936863004103	0.556790487890074	324
0.014280160087122	0.331303341451248	258
0.013957208446354	0.331045765272962	258
0.014693051385642	0.33154041613148	258
-0.068897453062561	0.550386522987246	324
-0.038005310085013	0.546635957220775	20
0.110973754168909	1.03525734443883	20
0.124755232228374	0.879621813051408	20
0.102752358645311	0.546638913003178	692
0.0297188747502331	0.876185244053301	101
-0.034644784961524	0.720233940388528	101
0.10276529812906	0.546766261298029	295
0.046542286709821	0.546503907985386	295
-0.041078865876237	1.0569540908476	28
0.063309947447395	1.19218440934587	28
0.01291104419291	1.19719723790155	365
-0.102963277941382	1.09589375580316	365
-0.0914911836154521	0.737936472431871	365
-0.093634539795058	0.556840951197036	74
0.053969087339051	0.712294492055823	74
0.053982942164289	0.712290972688709	74
-0.038018362492673	0.546618402945273	74
0.019700360354883	0.712682155884091	57
-0.118180785688706	0.352378760345744	74
0.0959660513274599	0.715188219408872	74
-0.069041690240224	0.550141531479728	107
-0.07822865189219	0.334789825675857	267
-0.118172118618263	0.352244085286353	267
-0.038190324491453	0.546366920879928	80
-0.034464402242247	0.720290872531316	80
-0.068813776492815	0.550467240857607	80
-0.0937678377201721	0.556691762056095	80
0.083343358430388	1.03281392997026	220
0.000868604531952033	0.54636055890442	220
-0.1144797153157	0.564836165632304	220
-0.093793732675255	0.556658827111305	27
-0.093659117292473	0.556764329453062	27
-0.118075945617532	0.352475981362613	324
0.0832199388499319	1.03342891156724	20
-0.093685005569229	0.556610111148418	20
0.0297188747502331	0.876185244053301	842
-0.056529670606519	0.72471398612247	101
-0.118189436041763	0.352386442821737	295
0.015221229893607	0.331833236925771	295
-0.078577788973047	0.33472577676997	86
-0.0379922617403921	0.546620013704936	86
-0.105583867075268	0.745966621458554	86
-0.093633235422332	0.556851668428262	86
0.079805720079861	1.64307163013505	28
-0.114372802292684	0.565069375339754	28
-0.0914838230419121	0.737886173087118	209
-0.047786521134555	0.893646188952004	316
-0.117881865235255	0.754843257056373	316
0.083350157481386	1.03361293187285	365
0.053862185711166	0.712043859085995	516
0.015748574968654	0.332008986763764	520
-0.078316549947599	0.334892644976188	514
0.0831330111184751	1.03311088996779	121
0.0198381532818001	0.713438718841988	74
0.019679081531942	0.713233529096698	74
0.102965692838688	0.546844532922721	74
-0.038084771804796	0.546557048928131	74
0.095886876869285	0.715098908302365	57
0.102939962809722	0.546934303038246	74
0.000975541614245956	0.54652601352424	74
0.019918427867793	0.713350661046896	74
-0.038018362492673	0.546618402945273	107
0.046563367283465	0.546405439872833	107
-0.069041690240224	0.550141531479728	307
0.08849227356999	0.876919942220831	307
0.124650622700453	0.879529294170625	80
-0.038071737268363	0.546541091843573	80
0.000745284981442995	0.546232890910934	80
-0.093660416875415	0.556847987421022	214
0.103315984013049	0.546810370444296	220
0.054280355608211	0.712204657555519	220
-0.00956560269345297	0.716014111872294	220
0.096164301404311	0.714896253605936	816
0.0464775407151	0.546436206750712	324
-0.09371606723568	0.556549724778025	324
0.103046680452927	0.54697101885335	324
0.000918451769796991	0.546500400749536	324
0.019757873763193	0.71343453825599	20
0.00104417444327998	0.546490588732559	20
0.029998889100459	0.875983337531133	20
-0.117953601258673	0.352597545210657	20
0.102952818714724	0.546952016374648	811
-0.114518791636372	0.564843479631815	101
-0.07822865189219	0.334789825675857	101
0.000820935056823013	0.546362059972189	86
0.000850143544644966	0.546259365345522	86
-0.093739373147757	0.556695144537498	86
-0.116803683731596	0.937326674732326	316
0.019131856930772	1.03904068802559	365
-0.093795012818503	0.556596773272788	514
-0.091657687619166	0.737368460236362	514
0.019651818943123	0.713251012434848	74
0.063195711306029	1.19208234708615	121
-0.014229434411845	0.882066076895529	74
0.0196488420251461	0.713134344128434	74
-0.0488271572971301	1.21877431806642	307
-0.06879064009276	0.550510843550439	80
0.046542286709821	0.546503907985386	80
-0.11770825070934	0.352703851644874	324
-0.068995432562999	0.550334672525007	324
0.000835561993079992	0.546388049889566	324
-0.00946363872669098	0.71628986382389	20
0.028257399647156	1.19492336586937	20
-0.075309579519821	0.730725096540126	20
-0.034644784961524	0.720233940388528	20
-0.0688511853149521	0.550507144497065	86
0.0832199388499319	1.03342891156724	652
0.088208628204057	0.876775252081621	86
0.095886092412734	0.714332576352537	28
0.000828254194413014	0.546393815900103	28
0.0129448984909361	1.19747003107222	365
-0.117944825210674	0.352583555456159	516
-0.069102255866311	0.550020700954404	516
-0.047672559337241	0.89373615554859	121
0.00112080000911297	0.546422633895711	74
-0.0562896829235851	0.725279210160063	121
-0.1143509382464	0.565110324997158	74
0.054029465539626	0.712392747137759	74
0.088233482129389	0.876845308069539	74
0.057063267370813	0.875974825995864	74
-0.117726037792187	0.352668549463053	74
0.1047076062703	1.19142447024824	201
0.00102330001336504	0.54650935831214	107
-0.069041690240224	0.550141531479728	214
0.000820935056823013	0.546362059972189	27
-0.114521057504065	0.564844995830792	816
0.102671639124429	0.546588557482098	324
0.095939413203912	0.715148403086207	324
0.088167685316824	0.876715975962942	554
0.056956471798552	0.875711884776633	554
-0.117831036354394	0.352673317989728	20
-0.075512756889397	1.07390492352395	20
0.056866146813055	0.875803365601958	20
-0.038005310085013	0.546635957220775	842
-0.114521057504065	0.564844995830792	20
0.096190006078801	0.714954430124288	811
-0.00937861399487205	0.716375045037553	101
-0.114265888199503	0.565150333147693	86
-0.0561364250077741	0.725408162069438	86
-0.114501582793346	0.564695124389443	652
-0.069056003004485	0.550213767822116	86
-0.100339339429453	1.29321052362724	495
-0.03185531260791	0.887380658527766	28
-0.047606871089128	0.893862713962781	28
-0.097278637087053	0.922210073541576	569
0.00615337746581102	0.878144654932789	28
-0.056349902896603	0.725104009361192	365
-0.00158840339432398	1.19985660092635	365
-0.013429027792048	1.04755553125293	121
-0.061628454371561	0.900863325262864	121
0.029612091239785	0.875988688644532	121
0.088163238293904	0.87656172804364	121
0.00639967799685104	0.878219703883508	74
0.059178450569345	1.03378210104993	74
-0.075230050713224	0.73089510779261	74
-0.068767503504533	0.550523279279906	74
0.054029465539626	0.712392747137759	74
-0.114265888199503	0.565150333147693	74
-0.0688511853149521	0.550507144497065	107
0.102871940568314	0.546825607663817	107
-0.0688743192839571	0.55046354075607	80
0.0961509693378581	0.71503811279453	80
0.0540898352208991	0.712440424822514	214
-0.1143509382464	0.565110324997158	27
0.0464775407151	0.546436206750712	220
0.088229091966295	0.876744684196254	27
-0.014328840873489	0.882049950236455	324
-0.034513382215166	0.720467348802245	27
-0.078562903237043	0.334604884633838	324
-0.056369981508627	0.724978476831694	20
-0.093660416875415	0.556847987421022	20
0.054196729548054	0.712377530199034	20
-0.091462202966592	0.737977904459406	554
-0.056269614876835	0.725275945041031	20
-0.093713481518941	0.556786806671946	20
0.088451251285341	0.876940780207278	20
-0.075252003956264	0.730865020105919	20
0.111132809954617	1.03527038814817	101
0.0468238166614811	0.546205910107681	101
-0.075252003956264	0.730865020105919	86
0.02987780011777	0.876256126482918	86
0.019651818943123	0.713251012434848	86
-0.034640717402545	0.72023739610064	86
0.012959392783233	1.19749810239555	569
-0.105622585500525	0.745867858878051	365
-0.093607359992403	0.556873595673821	514
0.02976515111835	0.876267215506044	121
0.000933106370409997	0.546451336382571	74
-0.031888640349132	0.887483900214155	74
-0.078461628969253	0.334855559136084	107
0.0959660513274599	0.715188219408872	307
0.08322702955758	1.0328305510057	307
0.124650622700453	0.879529294170625	80
-0.114139576901383	0.565067782131435	80
-0.091527458570543	0.737710643179283	80
0.0885374907673741	0.876810438281174	80
-0.118189436041763	0.352386442821737	80
-0.038071737268363	0.546541091843573	214
0.096097603943538	0.715130101138898	27
0.053922568196068	0.712192740421232	27
-0.068865476075376	0.550455151752996	27
-0.00956802690511105	0.716178523874069	816
-0.068888608021291	0.550473937505231	324
0.00609558094604501	0.878091605614151	20
-0.00952426338253898	0.71620400051152	20
0.019570043504722	0.713085410637289	101
-0.093873988890348	0.556465424559561	86
-0.114348610735491	0.565004808689118	652
-0.069018561500326	0.550257678966188	652
-0.0563161757230209	0.725119348849623	652
0.0649473723541511	1.34332132864495	652
0.019598780368167	0.713088985526212	86
0.10276529812906	0.546766261298029	86
-0.038230800237506	0.546256352478611	28
0.096124294069892	0.715169985531734	28
0.00213116371049604	1.04324100470647	569
0.103102347789789	0.546745704197176	520
0.000820935056823013	0.546362059972189	514
-0.117726037792187	0.352668549463053	514
0.059051179307361	1.03370677669985	121
-0.034533936421003	0.720455500194939	121
-0.0410303456146029	1.05709371827623	121
0.124674596366401	0.879059436000158	121
0.095794375808675	0.714954580622306	74
-0.075236849493847	0.730743400851236	74
0.124757540055081	0.879556465011343	74
-0.068767503504533	0.550523279279906	74
0.0569115700078831	0.875805150498862	74
-0.068897453062561	0.550386522987246	80
0.000918451769796991	0.546500400749536	80
-0.0746539684479241	0.907436077532054	307
0.019650330598824	0.713292319767363	80
-0.093580178190461	0.556877278723426	214
0.124696394640367	0.87884187570526	220
-0.037925885706574	0.546670662650068	220
0.019463960292426	0.712706761195299	27
-0.11424648774828	0.565082225728288	27
-0.034690003029282	0.720037016954227	324
0.019677589313058	0.713346935133066	27
-0.118075945617532	0.352475981362613	490
-0.03468183873779	0.719970499276285	20
-0.068828051153055	0.550519576410294	20
0.095952734120206	0.715189374908091	20
-0.009397923564752	0.716379445772882	20
0.103046680452927	0.54697101885335	419
-0.00922784481260896	0.716254749005915	20
0.0296987094765629	0.876174282801604	101
-0.00927167395286799	0.716368602560022	101
0.019706346180374	0.713178111821541	652
-0.05618293941161	0.725327357071037	86
0.044822650307404	1.19255687739039	569
-0.093607359992403	0.556873595673821	616
-0.089447428834374	1.26528972782607	311
-0.118302831993215	0.35225745754692	520
-0.078316549947599	0.334892644976188	520
-0.117717152571787	0.352728572431533	514
0.00213505077738996	1.04336741870548	121
-0.056442980480535	0.724970191323271	121
-0.114435994682675	0.565008227026761	74
-0.114691202285046	0.564316365994804	74
-0.0936863004103	0.556790487890074	74
-0.117944825210674	0.352583555456159	57
-0.117953601258673	0.352597545210657	57
-0.034554495557787	0.720411590700479	74
-0.114416544711985	0.564897273997189	74
-0.078505335439038	0.334807235682389	7
-0.078461628969253	0.334855559136084	7
-0.118075945617532	0.352475981362613	80
-0.069041690240224	0.550141531479728	80
0.019626042733507	0.713071516733049	214
-0.0379922617403921	0.546620013704936	220
0.000835561993079992	0.546388049889566	27
-0.093713481518941	0.556786806671946	27
0.029612091239785	0.875988688644532	27
0.0568592212965729	0.875729484713166	27
-0.091454825911247	0.737871739079942	27
-0.0618866797216731	0.899811982113606	27
0.0569321914684831	0.875913064305985	27
-0.068949174085904	0.550390686111211	27
-0.117831036354394	0.352673317989728	324
-0.078476515936851	0.334704051901253	490
-0.078505335439038	0.334807235682389	490
0.095794375808675	0.714954580622306	679
0.00102330001336504	0.54650935831214	679
0.124694274441782	0.87946409221883	20
-0.07834525013681	0.334887885324188	419
0.054043307590794	0.71233864047186	20
0.102671639124429	0.546588557482098	295
0.04652044983038	0.5464742420311	86
0.059150921478897	1.03370848491493	652
0.124650622700453	0.879529294170625	86
0.027452963706418	1.87035313402287	495
0.0197048500773001	0.713365515733353	28
-0.082524046797165	1.25423367135378	569
0.059084416948902	1.03375925072159	316
-0.07849037707702	0.334766898185218	335
-0.09143321669133	0.737991575978627	121
0.111002540927795	1.03530269085676	121
-0.031916539561051	0.887542647424653	74
-0.034472288595084	0.720393578432893	74
-0.114307224486004	0.565109371608688	74
-0.034472288595084	0.720393578432893	74
-0.032060598640212	0.887405666998746	74
-0.009356698434968	0.716404692220104	74
-0.117953601258673	0.352597545210657	7
-0.117814359581541	0.754969453206023	307
-0.105600239839176	0.745775896148756	307
0.000830313724314968	0.546201769438094	220
0.095873572645785	0.715100082050027	220
-0.03466531760267	0.720222122204125	27
-0.068926044541021	0.550371904052352	27
-0.078577788973047	0.33472577676997	490
-0.093795012818503	0.556596773272788	20
0.046412832540613	0.54632387049216	679
-0.038190324491453	0.546366920879928	679
0.037799056089702	1.03569756134366	653
-0.11770825070934	0.352703851644874	295
-0.078505335439038	0.334807235682389	37
0.019204241995885	1.03946102896951	652
0.00188727932543697	1.04272163129991	652
0.095952734120206	0.715189374908091	528
0.02595035068468	1.50099124684041	569
0.0463911152322391	0.546294317805983	616
-0.053273854218271	1.06236018701135	316
-0.078461628969253	0.334855559136084	520
-0.078272649288975	0.334885576734114	335
0.088430732447906	0.876891013077432	121
-0.068836912707137	0.55039022934489	74
-0.093741949229363	0.556657931195888	74
0.019865418618769	0.713383282358074	74
0.000738002359985002	0.54623867910786	57
0.059034592083974	1.03330727570243	201
0.0379340453759029	1.03601928624716	307
0.088299255605635	0.876921147738516	307
-0.118067240793936	0.352507886935394	80
0.056819320737317	0.875710160074575	307
-0.056402869640954	0.724993962926454	307
0.124692022634661	0.879589807933839	307
-0.093793732675255	0.556658827111305	307
-0.0784328571216441	0.33484663200897	220
-0.075236849493847	0.730743400851236	27
0.088381210463072	0.876877729957073	27
-0.078461628969253	0.334855559136084	324
-0.068828051153055	0.550519576410294	20
0.095886876869285	0.715098908302365	20
0.046412832540613	0.54632387049216	679
-0.118067240793936	0.352507886935394	679
-0.078505335439038	0.334807235682389	679
0.015426605459758	0.331837835999836	20
0.053931958623145	0.712138276644329	20
-0.078650217757543	0.334563833199289	419
-0.117971103191881	0.352336843743416	419
0.015221229893607	0.331833236925771	295
0.102952818714724	0.546952016374648	37
0.0197851368136031	0.71341704442789	86
0.054043307590794	0.71233864047186	616
-0.027728405129217	1.05230075126149	316
-0.123552472013195	1.1266390685559	311
-0.107236474379988	0.929891108521023	316
0.014280160087122	0.331303341451248	520
0.014693051385642	0.33154041613148	335
0.083059589804784	1.19157060983573	121
-0.105368090967621	0.746294008908715	121
-0.074592574809824	0.9077790430124	121
-0.097095857673205	0.922117760991876	121
-0.105511939295674	0.746134185761975	121
-0.013674071321226	1.04714921152737	121
0.088512777016834	0.876847784484523	121
-0.114329078977151	0.565123666576565	74
0.000820935056823013	0.546362059972189	57
0.015748574968654	0.332008986763764	264
0.015337900306628	0.331772940313554	264
0.046607070563234	0.546529871565748	80
0.0463911152322391	0.546294317805983	220
0.0959660513274599	0.715188219408872	307
0.124630985484723	0.879313791075463	307
-0.114540618240105	0.56483017811683	307
-0.114433698001673	0.564954796623497	27
-0.038005310085013	0.546635957220775	220
-0.075194405792904	0.730887963821288	27
0.014898980443409	0.331545372027833	490
0.095728421926689	0.71474764956451	20
-0.037925885706574	0.546670662650068	679
0.046714735389882	0.546405370933732	679
0.019626042733507	0.713071516733049	20
-0.117839866964325	0.352652701983811	20
0.110894220256796	1.03509807893631	101
0.00611737708100402	0.878151626612986	652
-0.069130927220558	0.549888200368517	528
-0.0135740302414989	1.04738838231034	316
0.0159533984203279	0.332013285790487	335
0.0959660513274599	0.715188219408872	74
-0.117659162337749	0.755189450198958	728
-0.107239127358504	0.929880302482301	728
0.083161981404089	1.03325791144427	74
-0.114222162202182	0.565092705972109	201
0.102927125088669	0.54679237203476	207
-0.078606608631892	0.334612044582887	264
-0.1143509382464	0.565110324997158	307
0.019730612762067	0.713415955765321	220
0.019679081531942	0.713233529096698	307
0.000647696275498988	0.546024271228124	220
0.102859024632958	0.546883761518186	220
-0.114477368199382	0.564955794700488	27
-0.09134661035978	0.737838400561551	27
-0.038097810402228	0.546539513612059	220
-0.061652041660708	0.900874876007685	27
0.029739037568462	0.876160446607397	27
0.095886876869285	0.715098908302365	493
0.102684638589434	0.546640068159778	679
-0.038005310085013	0.546635957220775	20
-0.117953601258673	0.352597545210657	419
0.015543409119394	0.331916984826515	419
-0.078505335439038	0.334807235682389	419
-0.068623294306448	0.550277777716844	101
0.00625471881051498	0.878377284568606	101
0.082293282216522	1.34360441839714	652
0.088315392185046	0.876801824505297	86
-0.0688743192839571	0.55046354075607	86
-0.069092178068116	1.43799932925125	569
-0.091534428452937	0.737747668005716	316
0.0148094482928141	0.331596623912213	520
-0.097321320091036	0.922119474382056	121
-0.053503300407907	1.06196346643808	121
-0.068781782240572	0.550448454438737	74
-0.114370449554845	0.565048182756302	74
-0.0785341312035151	0.334774054050095	264
0.014280160087122	0.331303341451248	80
0.103127837722916	0.547021736367706	80
0.029744976750487	0.876220495142696	307
-0.068744366725657	0.550504504386003	220
0.000835561993079992	0.546388049889566	220
0.00623294919288797	0.878257674367891	27
-0.01432323846002	0.882037894692881	27
-0.118075945617532	0.352475981362613	27
-0.056142802522016	0.725158896182019	27
-0.075194405792904	0.730887963821288	27
-0.114496969810073	0.564829164383971	324
0.013957208446354	0.331045765272962	490
-0.009587467073083	0.716052689303468	20
0.04652044983038	0.5464742420311	679
0.0466499356636571	0.546481330595372	20
-0.078505335439038	0.334807235682389	419
0.029791212723478	0.87618166578806	653
-0.117831036354394	0.352673317989728	295
-0.078621350507474	0.334583333907498	37
0.000868604531952033	0.54636055890442	86
0.019650330598824	0.713292319767363	86
0.107087641338149	1.96698216383032	569
0.048580998108827	1.34335065934157	316
0.064611565569196	1.34237432817633	316
0.093682998105285	1.64081349808943	316
-0.00486694803203902	1.3553942484053	316
-0.061784707996223	0.900561830808657	121
-0.102562867805219	1.09617026550595	121
-0.074569210937026	0.907271426236949	121
0.054173462791167	0.71242442008755	74
0.102939962809722	0.546934303038246	57
0.124670173944602	0.879514467652847	74
0.082900371033349	1.19135053444814	307
-0.11770825070934	0.352703851644874	264
-0.0937678377201721	0.556691762056095	220
-0.037938951930853	0.546653091630455	220
0.019757873763193	0.71343453825599	220
0.095991847315707	0.714952330398763	220
0.019269568853048	1.03944859645299	27
-0.085589553365934	1.08020843381356	27
0.015543409119394	0.331916984826515	490
0.000906909127949995	0.546464500138251	20
-0.117837335854137	0.754965184976683	653
0.103008292739814	0.546628030187236	295
0.046455763646197	0.546406595576815	295
-0.053552346369081	1.06187902594032	652
-0.114372802292684	0.565069375339754	86
-0.038216394382538	0.546128503486909	528
0.01295673686333	1.19717605540832	316
-0.053527819390388	1.06193557762532	316
0.014693051385642	0.33154041613148	335
0.082059185449068	1.34239560701786	121
-0.014190759959593	0.882143206626074	121
0.019757873763193	0.71343453825599	74
0.029825659436803	0.876191806927272	74
-0.114285374774008	0.565066006011274	74
-0.075273940273028	0.730771216314519	74
0.019810889993383	0.71345620863575	74
0.124694274441782	0.87946409221883	57
-0.114285374774008	0.565066006011274	201
-0.078606608631892	0.334612044582887	7
-0.075252003956264	0.730865020105919	307
0.054052727722994	0.712385443173546	214
0.00635606365248198	0.8784329139172	307
-0.075064151604082	0.730989813026705	307
0.0540898352208991	0.712440424822514	220
0.121807134615667	1.34684226233042	27
0.0823504625978691	1.34309802513322	27
-0.078389101895223	0.334894991105506	490
0.046607070563234	0.546529871565748	679
0.046564213761884	0.546476908211474	679
-0.013567074958056	1.04751487278115	269
-0.105484204797017	0.746160392152551	269
-0.056329826930416	0.725194243207079	269
0.111024502537795	1.03527146379121	269
-0.00941982402070496	0.716383544036968	269
0.053885443008125	0.712114459554289	20
-0.118189436041763	0.352386442821737	419
-0.075057253694346	0.730775709037383	20
0.0464775407151	0.546436206750712	20
0.102952818714724	0.546952016374648	295
-0.0785341312035151	0.334774054050095	37
-0.0379128235471889	0.546654737619279	37
-0.061584228875928	0.900909443773534	652
-0.078476515936851	0.334704051901253	528
0.081464714680155	1.80600396490344	569
-0.0505945781964861	1.39732658588185	569
-0.058601613801422	1.22586985197072	365
0.103046680452927	0.54697101885335	616
-0.096886949809777	1.52806204103669	649
-0.034533936421003	0.720455500194939	121
-0.034447714544559	0.720524184355505	57
0.083190957312963	1.03336329103333	74
-0.07849037707702	0.334766898185218	7
0.103021070490942	0.546910029300553	80
-0.0785341312035151	0.334774054050095	80
-0.068865476075376	0.550455151752996	220
-0.105766451659209	0.745292326795235	27
0.0379124475816111	1.03597363358319	27
-0.09381835972171	0.55636585946768	27
-0.093633235422332	0.556851668428262	27
0.083169319300648	1.03327218425697	27
0.000828254194413014	0.546393815900103	679
-0.118180785688706	0.352378760345744	20
0.000975541614245956	0.54652601352424	20
0.103140609926255	0.546929797083206	295
-0.061828920082861	0.900396740045393	652
0.10276529812906	0.546766261298029	86
-0.05327780204544	1.82134506862806	495
-0.086196753317204	0.915034880604978	365
-0.0744353856066911	1.45255633343741	311
-0.078461628969253	0.334855559136084	520
-0.027991602138685	1.05183239537553	121
-0.03440264518922	0.720525053664774	121
-0.00152287684478203	1.20002761067443	121
-0.114477368199382	0.564955794700488	74
-0.114329078977151	0.565123666576565	74
-0.093954250163229	0.556198442120734	74
-0.06165494640037	0.900835049186455	728
0.095715143638794	0.714748853923145	74
-0.07841782605487	0.334848424054662	57
0.102871940568314	0.546825607663817	57
0.046412832540613	0.54632387049216	671
0.102965692838688	0.546844532922721	671
-0.00933478747411098	0.716400610903666	307
0.046347950705724	0.545971664612607	264
-0.032038061878081	0.887349505281334	307
-0.00946108220693898	0.716312897226207	307
-0.0688511853149521	0.550507144497065	220
0.05705957812295	0.876060732863568	27
-0.093739373147757	0.556695144537498	27
-0.093660416875415	0.556847987421022	27
-0.11770825070934	0.352703851644874	493
-0.078461628969253	0.334855559136084	493
0.046585173823348	0.546500154315464	679
0.095807667058939	0.714953390541008	20
0.029851755787653	0.876322870689221	269
-0.117831036354394	0.352673317989728	419
0.019863898760568	0.713423555290037	20
0.0464775407151	0.546436206750712	20
-0.068888608021291	0.550473937505231	20
-0.114455530711662	0.564969109409345	101
-0.038057544102325	0.546327355819651	295
0.0464775407151	0.546436206750712	295
-0.086354649926137	0.915044075190026	652
-0.078316549947599	0.334892644976188	528
-0.093659117292473	0.556764329453062	86
0.021056601380714	2.37167152953527	495
-0.078461628969253	0.334855559136084	616
-0.117831036354394	0.352673317989728	616
-0.117032615231163	0.936869091292152	316
0.050925151853993	1.4933576386083	311
0.124737907075508	0.879209687755578	74
-0.0379922617403921	0.546620013704936	57
0.00612447638090796	0.878135062575888	74
0.046585173823348	0.546500154315464	57
0.102939962809722	0.546934303038246	7
-0.118311411153993	0.352176797827841	7
0.046608338479496	0.54616314437703	7
-0.093366681368528	0.5565118826308	307
-0.117594217230099	0.352759200610373	264
0.000925784738588953	0.546494659096437	264
0.046412479760492	0.546083725081917	80
0.000975541614245956	0.54652601352424	80
-0.091339327809244	0.738047782770317	307
0.000918451769796991	0.546500400749536	220
0.01967609689596	0.713268882191315	307
-0.093607359992403	0.556873595673821	27
0.053825049935734	0.71190888453206	27
0.059178450569345	1.03378210104993	27
0.103033866383466	0.547002647083637	493
-0.034406599338289	0.720450443911061	20
0.015015511027073	0.33174094912973	419
-0.0785341312035151	0.334774054050095	419
0.014486778123062	0.331447869942357	419
-0.037872662852266	0.546578998958016	20
-0.097198461834082	0.922360290766955	653
-0.117839866964325	0.352652701983811	295
-0.078621350507474	0.334583333907498	295
-0.074585192604402	0.907739998347289	652
-0.053601424312165	1.06167834769652	652
-0.075092948688865	0.731022788339599	652
0.029744976750487	0.876220495142696	28
-0.0689117397669981	0.550461509138893	616
-0.015679024659724	1.36088728640831	316
-0.117130633816792	0.936395443161066	316
-0.053322954522733	1.06227567300247	121
0.059156348630994	1.0339019075435	121
-0.068986622168958	0.550250990209298	74
0.102671639124429	0.546588557482098	57
0.0540898352208991	0.712440424822514	57
0.0540898352208991	0.712440424822514	74
0.110938191758021	1.03487950837801	201
0.014486778123062	0.331447869942357	671
-0.078505335439038	0.334807235682389	7
-0.117839866964325	0.352652701983811	264
0.0148094482928141	0.331596623912213	264
0.046607070563234	0.546529871565748	220
-0.114263529842193	0.564990233261202	220
-0.105368090967621	0.746294008908715	27
-0.117815759142666	0.755024890639782	27
0.088356316472457	0.876515779238831	27
-0.117815759142666	0.755024890639782	27
-0.032027297800702	0.887478390747786	27
-0.075194405792904	0.730887963821288	27
0.046585173823348	0.546500154315464	493
0.015221229893607	0.331833236925771	490
-0.117953601258673	0.352597545210657	679
-0.117839866964325	0.352652701983811	679
0.027897070164106	1.19284560866584	269
-0.093634539795058	0.556840951197036	20
-0.118067240793936	0.352507886935394	20
0.015221229893607	0.331833236925771	397
0.0959660513274599	0.715188219408872	295
0.102939962809722	0.546934303038246	295
-0.078389101895223	0.334894991105506	295
0.046541650916955	0.546177037573804	812
-0.0784328571216441	0.33484663200897	285
0.086566321911258	1.98583095727199	649
0.037928899262069	1.49644136956827	121
0.093720365978368	1.64104491077549	121
0.110850316388818	1.03491796718739	74
0.000967604056485993	0.546403961082126	57
0.019701857267027	0.713156019298393	57
-0.0378064428923079	0.546340559933737	220
0.102859024632958	0.546883761518186	220
-0.031988567864519	0.887509369524649	27
0.00635606365248198	0.8784329139172	27
0.101094355603617	1.34432934145146	269
-0.075236849493847	0.730743400851236	269
-0.037833422710626	0.54663314479618	269
-0.105594821648255	0.745901371512728	653
-0.078287826001005	0.334763248373849	295
-0.117717152571787	0.352728572431533	295
-0.09718422373755	0.922411637510068	652
-0.00940053415313302	0.716310987457703	86
-0.07849037707702	0.334766898185218	812
-0.032027297800702	0.887478390747786	365
0.106796017964972	1.96555636777255	311
-0.065155926804636	1.06677196848575	121
0.095952734120206	0.715189374908091	57
0.0956093344135031	0.714339500251108	671
-0.07822865189219	0.334789825675857	264
0.015015511027073	0.33174094912973	264
0.059277978174707	1.0340856410604	307
0.0379124475816111	1.03597363358319	307
0.056972845941745	0.876009460002654	307
-0.0688511853149521	0.550507144497065	307
-0.0689117397669981	0.550461509138893	307
-0.00961180881093904	0.716013820448199	307
0.046564213761884	0.546476908211474	220
-0.105528309041014	0.745933565289379	27
-0.014433779975857	0.881720414356681	27
0.029525468315603	0.87572038958259	27
0.102846126923184	0.546816711265645	679
0.095886876869285	0.715098908302365	679
-0.031949829335423	0.887508957911859	269
0.056935830450624	0.87550984835055	269
-0.118084633681823	0.352321134986156	20
-0.114287758365962	0.565136977878951	269
-0.047767044610839	0.893455679522979	653
-0.0751079660845671	0.730690661388418	653
-0.117962360601882	0.352531037221759	295
-0.037979217457885	0.546569081267276	295
0.0146030411225651	0.331368587604412	37
-0.0379922617403921	0.546620013704936	86
-0.06897230342571	0.550378261045452	86
-0.1143509382464	0.565110324997158	86
-0.031993987735875	0.887512113392557	28
-0.117724340538275	1.11388993123594	649
0.114934172592373	1.49419553072692	365
-0.089620570631935	1.26455968472737	649
0.10638353671882	1.79614808160145	311
-0.0784328571216441	0.33484663200897	335
0.00195973724005205	1.04301159904592	121
-0.047651309295195	0.893833879469136	121
0.01967609689596	0.713268882191315	74
-0.061761100762781	0.900550339602943	728
-0.038005310085013	0.546635957220775	74
0.09570186165398	0.714707974518527	57
-0.038138233431129	0.546369917782611	57
0.019544261815604	0.713015822805521	57
-0.07849037707702	0.334766898185218	7
-0.069041690240224	0.550141531479728	307
0.102778255844793	0.546757450411459	220
-0.117831036354394	0.352673317989728	220
0.096137633560309	0.715126708897152	220
-0.034554495557787	0.720411590700479	27
-0.105622585500525	0.745867858878051	27
-0.034513382215166	0.720467348802245	27
0.01959729993245	0.713177830099595	27
-0.014345404267145	0.881628267930556	27
-0.117636216995833	0.755193658012028	27
0.015015511027073	0.33174094912973	490
0.124777087030697	0.879653666456889	134
0.103221876906599	0.546980598445863	679
0.00102330001336504	0.54650935831214	679
-0.114669367461692	0.564457217551197	269
0.00102330001336504	0.54650935831214	20
0.103033866383466	0.547002647083637	419
-0.034451749180172	0.720304017679708	269
0.0883444929766321	0.876848304195452	269
0.0464775407151	0.546436206750712	269
-0.06879064009276	0.550510843550439	269
-0.118058519259127	0.352454317015294	295
-0.074482007844988	0.907941480804989	652
-0.116803683731596	0.937326674732326	652
0.015015511027073	0.33174094912973	86
0.046542286709821	0.546503907985386	528
-0.03239173010896	2.11051547596325	30
0.019542789124791	0.712950921861263	365
-0.100068171026638	1.29382243412566	311
-0.07834525013681	0.334887885324188	289
0.014486778123062	0.331447869942357	335
0.095873572645785	0.715100082050027	514
-0.013536043247891	1.04752086611082	121
-0.097521312982002	0.921435814643155	121
-0.041181758663126	1.05659666453085	121
0.083035998575159	1.19163271802774	121
-0.038110853061623	0.546487094584724	74
-0.05615650705922	0.725411405691338	121
0.095952734120206	0.715189374908091	74
-0.078301301726967	0.33479207593374	7
-0.038018362492673	0.546618402945273	207
0.083118700695991	1.03306262348328	307
-0.068813776492815	0.550467240857607	307
-0.117944825210674	0.352583555456159	80
0.102846126923184	0.546816711265645	80
-0.014218314792961	0.882220466103133	307
0.088208628204057	0.876775252081621	307
0.088233482129389	0.876845308069539	307
0.01967609689596	0.713268882191315	307
0.104910402999238	1.19163161386145	27
-0.034985663022098	0.718685389973543	27
0.000925784738588953	0.546494659096437	134
0.053840969117311	0.711613901508885	679
-0.105417714455136	0.7461223879929	269
0.056952808189603	0.875980833095336	269
-0.032038061878081	0.887349505281334	653
0.082276188985671	1.34350027801482	653
-0.068836912707137	0.55039022934489	86
-0.056336234165916	0.725153457310923	86
0.046585173823348	0.546500154315464	443
0.08237037786826	1.34373757973492	121
0.056952808189603	0.875980833095336	121
-0.061761100762781	0.900550339602943	121
0.054006203687662	0.71236161428316	121
0.063164984232143	1.19220937725065	121
-0.0562896829235851	0.725279210160063	74
0.11091619758058	1.03504096236108	201
-0.047938998262704	0.892709290330073	201
-0.086166668204422	0.915329451138149	201
-0.068902914788471	0.550319576187085	7
-0.034533936421003	0.720455500194939	207
0.096110950864864	0.715171097862936	207
0.014486778123062	0.331447869942357	207
0.124777087030697	0.879653666456889	207
-0.03463678141958	0.71986331515463	307
-0.038045680374561	0.546398943965734	220
0.0540759902405999	0.71233853678782	220
-0.069018561500326	0.550257678966188	220
-0.056429434765219	0.724694993327812	27
-0.014422490442015	0.881518104554156	27
-0.091310362757495	0.738089195552786	27
0.056886108648653	0.875870098818518	27
-0.114309633309467	0.565096016504913	27
-0.034447714544559	0.720524184355505	27
0.046412832540613	0.54632387049216	134
0.095846953081435	0.714973032125146	134
-0.117953601258673	0.352597545210657	679
0.0062983089234	0.878379912078012	134
-0.069070333709553	0.550106699395327	134
-0.093793732675255	0.556658827111305	269
0.054126930245297	0.712400573859308	749
-0.089380715131045	1.26537534680976	495
0.080376280583892	1.49126580868703	28
0.053982942164289	0.712290972688709	28
-0.018111973495913	1.75517525962851	311
-0.068865476075376	0.550455151752996	289
0.088340243285842	0.876980504085175	443
0.104641850006569	1.19134269627885	121
0.01938162660656	1.03928320573722	121
0.037777449202707	1.03567279446914	121
-0.105445508942811	0.746231734252583	121
0.045019471403529	1.19338534764263	121
-0.105589364035314	0.745964055470548	121
-0.014290134167427	0.882127139590893	201
0.10111485056053	1.34469145247142	307
0.019677589313058	0.713346935133066	307
0.019703353807297	0.713361334384664	307
0.0197321128944981	0.713348024140361	220
-0.114370449554845	0.565048182756302	220
0.029479143891153	0.875570476310274	27
0.124393125673344	0.878201163740107	27
-0.074665056110531	0.907604522414571	27
-0.037925885706574	0.546670662650068	27
0.088258247423362	0.876693510115728	27
-0.00950238851636898	0.716165417630369	27
0.088188159320898	0.876765674012669	134
0.111031333336569	1.03530716996443	134
0.00606669115626202	0.878013873781588	269
0.059178450569345	1.03378210104993	269
-0.05639642526553	0.725071798583745	653
0.01959729993245	0.713177830099595	282
-0.031949829335423	0.887508957911859	652
0.104844664493792	1.19162457863528	652
-0.047716979380228	0.893647395128925	652
0.00632012931211201	0.878254139306057	86
-0.102745476544764	1.09626609715429	569
-0.086400346857343	0.914901897708908	569
-0.0949444983492061	1.08675284696375	311
0.124670173944602	0.879514467652847	289
-0.114477368199382	0.564955794700488	2
0.01922288467107	1.03932017041726	121
-0.0687069650987741	0.550472011957838	74
-0.117657797742993	0.755147837329674	201
-0.038216394382538	0.546128503486909	207
-0.014339923849132	0.881849657809548	307
-0.00937356836519798	0.715914218209119	307
-0.105406804333374	0.746276277082862	307
0.054029465539626	0.712392747137759	307
-0.09718422373755	0.922411637510068	307
0.000828254194413014	0.546393815900103	307
-0.093660416875415	0.556847987421022	307
-0.118424658373659	0.352048010847615	220
0.0378894940067031	1.03595967133585	27
-0.117944825210674	0.352583555456159	220
0.124543706410904	0.879271919655229	27
0.083299541284339	1.0335606628185	27
-0.114433698001673	0.564954796623497	27
0.083371803070919	1.03358221731975	27
0.019892686007231	0.71328554317794	134
0.111110864066752	1.0352843621565	134
0.110626815007828	1.03372643127142	269
-0.114521057504065	0.564844995830792	269
-0.068926044541021	0.550371904052352	749
0.046693939241456	0.546484210727788	749
0.088208628204057	0.876775252081621	282
-0.00963120961932595	0.716027240369008	86
-0.038572113545028	1.21298259425427	495
0.048458454429522	1.3429767485885	569
-0.013712059663712	1.04701675722947	569
-0.092647467596209	1.51354749477282	311
-0.069116582615907	0.550050728935172	289
0.0464775407151	0.546436206750712	289
0.124648320481278	0.879392721604264	443
0.019783628750618	0.713437624154362	121
-0.11456244962031	0.564789288279985	2
-0.05617659176163	0.725384303382005	2
0.083270559334372	1.03353393654182	121
0.00624762564349202	0.878375414002191	74
0.110799576536313	1.03467538382903	74
-0.075216320294453	0.730735243324967	74
-0.07541107526866	0.730450079682127	74
-0.032082051623302	0.88701221182096	201
0.124862145042816	0.87960571839731	307
0.029452927426022	0.875340739764324	27
0.095952734120206	0.715189374908091	27
0.054173462791167	0.71242442008755	27
0.046542286709821	0.546503907985386	27
-0.114414141529456	0.565049160716253	27
-0.034468279547934	0.720512319695876	27
-0.0785341312035151	0.334774054050095	134
-0.034337033371304	0.720485291079191	134
-0.086422100280012	0.914847163098388	134
0.029485147040849	0.875432825877932	134
0.012973746236837	1.1974485698782	269
-0.075194405792904	0.730887963821288	269
0.0188915079888971	1.03862963664962	269
0.056899110654459	0.875594435442105	269
0.00612447638090796	0.878135062575888	20
0.102859024632958	0.546883761518186	749
-0.0689117397669981	0.550461509138893	749
-0.11763753248898	0.755144307320052	86
-0.0936863004103	0.556790487890074	86
0.059161815192096	1.03400226803377	695
0.104666956120889	1.19121659498638	695
-0.0862391817431431	0.915269314185645	569
-0.061699191680086	0.900788888973118	311
0.019677589313058	0.713346935133066	443
0.111002540927795	1.03530269085676	121
0.059217220281709	1.0337341878758	121
0.056879167374237	0.875682064722396	2
0.019863898760568	0.713423555290037	2
0.01967609689596	0.713268882191315	74
-0.00490002714248605	1.35529301346517	74
-0.114268378368817	0.565012286356702	201
0.088167685316824	0.876715975962942	207
-0.047695742109342	0.893775065159922	307
0.064835635373007	1.49045889810889	307
-0.118067240793936	0.352507886935394	307
-0.056269614876835	0.725275945041031	307
-0.041233075992986	1.05659181807513	307
-0.068981133828171	0.550224724914083	220
-0.034234149621646	0.720203586137232	27
0.000940416657924992	0.546365990802168	799
-0.068986622168958	0.550250990209298	27
0.110951798594377	1.03523014207993	27
0.102871940568314	0.546825607663817	27
0.000828254194413014	0.546393815900103	27
0.102859024632958	0.546883761518186	27
0.102952818714724	0.546952016374648	27
-0.0936060519635859	0.55682550587557	134
0.08318364722842	1.03321590218694	269
0.0466499356636571	0.546481330595372	749
0.000820935056823013	0.546362059972189	749
-0.0615586532033841	0.900675086018079	652
0.100367770138983	2.15704766126062	30
0.095952734120206	0.715189374908091	121
-0.034513382215166	0.720467348802245	121
-0.056269614876835	0.725275945041031	121
-0.056043495241111	0.725339216965902	121
0.110958668542659	1.0350695298605	121
-0.114329078977151	0.565123666576565	74
0.0569321914684831	0.875913064305985	74
-0.056362769277521	0.724893365940983	74
-0.014229434411845	0.882066076895529	201
-0.00154788061633904	1.19950467971253	201
-0.037952022220819	0.546600633082636	207
-0.075172474316371	0.730976133216179	307
0.053945827600581	0.712263366492621	307
-0.037966177236565	0.546477875264805	220
0.103221876906599	0.546980598445863	220
-0.114287758365962	0.565136977878951	27
-0.037952022220819	0.546600633082636	799
-0.114265888199503	0.565150333147693	27
0.102684638589434	0.546640068159778	134
0.053996781242706	0.712059316844062	134
0.00631251697976198	0.878292128270238	269
-0.068888608021291	0.550473937505231	749
-0.117822189095331	0.352614000083049	282
-0.038097810402228	0.546539513612059	282
0.000835561993079992	0.546388049889566	282
0.019730612762067	0.713415955765321	282
-0.037938951930853	0.546653091630455	282
-0.074409523922561	0.907961150041275	652
-0.032143436059116	0.887197185912437	652
0.02976515111835	0.876267215506044	86
0.048662574254543	1.34353297377459	695
-0.075657271406283	1.24268735319136	311
0.00210465827317896	1.0433668673619	74
0.08821721874031	0.876255721875672	74
0.045054466483924	1.19330313329054	74
-0.0412759319980071	1.0565160126472	74
-0.056216769131179	0.725236123570522	201
-0.032171364914367	0.88713904429873	201
0.019001114916956	1.03909946322442	201
-0.00967497054477595	0.715862616992641	207
0.012959392783233	1.19749810239555	307
-0.068888608021291	0.550473937505231	307
0.124694274441782	0.87946409221883	307
-0.069009749323291	0.550269762703352	220
0.000738002359985002	0.54623867910786	220
-0.037952022220819	0.546600633082636	220
-0.114477368199382	0.564955794700488	27
0.110987482780568	1.0349896253708	27
0.059266969271942	1.03401625054324	27
0.019001114916956	1.03909946322442	27
-0.00960933604854297	0.71605681931707	134
-0.0379922617403921	0.546620013704936	134
-0.047674475180464	0.893832747612558	134
-0.064935652918046	1.06743507273547	269
-0.078316549947599	0.334892644976188	397
-0.093660416875415	0.556847987421022	749
0.124798937057536	0.879642881682537	749
-0.027991602138685	1.05183239537553	653
-0.075150525919452	0.730999872092666	282
-0.114287758365962	0.565136977878951	86
-0.014395060731473	0.881830785014473	28
0.124755232228374	0.879621813051408	28
-0.074149436329362	1.45340321355626	311
0.043623438541133	1.65650283860064	311
0.046521365237415	0.546317748025171	222
0.000820935056823013	0.546362059972189	121
0.029912276616175	0.876135879959617	121
-0.056116345604301	0.725374071607745	121
-0.013422083985413	1.04772584844722	201
-0.117155158185035	0.936206726196451	201
-0.061808306942724	0.900536518228405	307
-0.031921958785136	0.887535834093788	307
-0.061767001381737	0.900618125679933	307
-0.034517471672261	0.720206893065893	300
0.0466718923138591	0.546511095379513	307
0.088126721946085	0.876488466099591	307
-0.107299163622198	0.929857919126862	307
-0.061631382032319	0.900895750984708	307
0.046692809085248	0.546310616907891	220
-0.114586627268787	0.564406705891546	220
-0.068949174085904	0.550390686111211	27
-0.032287512480875	0.886656681242978	27
-0.078505335439038	0.334807235682389	27
0.0377761251240391	1.03554447468436	134
0.124587355497176	0.879378998471288	134
-0.068744366725657	0.550504504386003	134
-0.068926044541021	0.550371904052352	134
-0.114584285776041	0.564719438324633	134
0.124543706410904	0.879271919655229	134
0.124565533340917	0.879347201685896	134
0.110951798594377	1.03523014207993	282
-0.116983653279696	0.936951811101031	282
0.110972542330691	1.03402442924561	652
-0.075324672019394	0.730615971858557	652
0.081440537281915	1.80591612953637	338
0.014693051385642	0.33154041613148	222
-0.00954866961521095	0.71612262862002	2
-0.06897230342571	0.550378261045452	2
0.029551593156173	0.875617577307548	74
-0.114372802292684	0.565069375339754	74
0.019730612762067	0.713415955765321	201
-0.00963120961932595	0.716027240369008	201
0.088208628204057	0.876775252081621	201
-0.114285374774008	0.565066006011274	300
0.046455763646197	0.546406595576815	300
0.088212991807193	0.876753983698396	307
-0.078476515936851	0.334704051901253	220
-0.038071737268363	0.546541091843573	799
0.110951798594377	1.03523014207993	27
-0.056203011811603	0.725361460329095	27
0.019783628750618	0.713437624154362	233
0.083408127839005	1.03354875762926	27
0.01959729993245	0.713177830099595	27
-0.009589915560407	0.716114521322415	27
0.0882744474039731	0.876904626318797	27
-0.117944825210674	0.352583555456159	228
0.014898980443409	0.331545372027833	228
-0.068744366725657	0.550504504386003	134
-0.037846498691002	0.546649045090273	134
-0.093741949229363	0.556657931195888	405
-0.117944825210674	0.352583555456159	282
0.0483114343692001	1.34205069165746	652
0.096045190403945	0.71521740606195	86
0.068359373635575	2.00751149358593	649
0.0190269403165591	1.03907780268914	121
-0.0410303456146029	1.05709371827623	121
0.059272454044647	1.03409693379097	121
-0.074672429842809	0.907401450771508	121
-0.027717415227566	1.05194039209781	74
-0.117831036354394	0.352673317989728	162
-0.037979217457885	0.546569081267276	74
-0.093739373147757	0.556695144537498	74
-0.075179306075391	0.730944843671607	201
-0.05620942652624	0.725073374682093	201
-0.0688743192839571	0.55046354075607	201
0.015221229893607	0.331833236925771	183
0.124692022634661	0.879589807933839	220
-0.118189436041763	0.352386442821737	220
0.029759197934658	0.876098849488952	27
0.019022101961102	1.03908234146855	27
-0.074619581905108	0.907605252880174	27
-0.0937678377201721	0.556691762056095	134
0.000730708390523027	0.546206964542419	134
0.037867909484907	1.03587856123788	134
0.054187280666296	0.712317950885252	142
-0.034533936421003	0.720455500194939	269
0.101051829786746	1.34453358038229	653
0.033634553138	1.34496218091186	653
0.02836305915598	1.19515863650578	653
0.00103063548220095	0.546424035832756	282
-0.069093458268929	0.550094280150441	86
-0.114309633309467	0.565096016504913	86
-0.114438423082762	0.564756207903082	374
0.095767782202828	0.714827607355839	374
0.059167321086792	1.03401474616102	374
-0.086386239256008	0.914963792325406	121
-0.093607359992403	0.556873595673821	2
0.0195958193086681	0.713065355031222	74
-0.078505335439038	0.334807235682389	162
0.00609558094604501	0.878091605614151	74
-0.014478054755069	0.881522667400559	74
0.0882744474039731	0.876904626318797	201
0.046607070563234	0.546529871565748	300
-0.078476515936851	0.334704051901253	300
-0.07841782605487	0.334848424054662	300
0.103115083689341	0.546978454245952	300
0.000820935056823013	0.546362059972189	307
0.088208628204057	0.876775252081621	307
0.046434639915807	0.546296788418666	220
-0.114397180831173	0.564587562896418	220
0.019653307162213	0.713016131073549	220
-0.00946108220693898	0.716312897226207	27
-0.0743333579912821	0.907920524371675	27
0.00603780700662404	0.877900542338017	27
-0.117953601258673	0.352597545210657	405
0.0335230244999321	1.34469581335149	652
0.029658371549424	0.876044119876328	282
-0.014262580163238	0.882105078313654	652
0.005056324019176	2.23779021883686	338
-0.038424631032362	1.21311936888286	374
-0.114309633309467	0.565096016504913	374
-0.056049768079279	0.725377615588946	311
-0.038110853061623	0.546487094584724	222
-0.07841782605487	0.334848424054662	222
-0.117944825210674	0.352583555456159	222
0.000850143544644966	0.546259365345522	2
0.000842858445567973	0.546344713229705	2
-0.034533936421003	0.720455500194939	2
0.04636990975931	0.546127549646644	2
0.000752556247718972	0.54618955126339	2
-0.117953601258673	0.352597545210657	2
-0.118189436041763	0.352386442821737	162
-0.07834525013681	0.334887885324188	162
-0.038031418964221	0.546565959336452	162
-0.117953601258673	0.352597545210657	162
0.014693051385642	0.33154041613148	162
-0.114457852611772	0.564938315062389	201
-0.0784328571216441	0.33484663200897	342
0.015543409119394	0.331916984826515	342
0.015015511027073	0.33174094912973	342
0.015221229893607	0.331833236925771	300
0.015015511027073	0.33174094912973	767
0.000723403080248986	0.546133424431026	220
-0.117831036354394	0.352673317989728	220
0.102603356643729	0.546367286270961	233
0.103221876906599	0.546980598445863	233
0.103033866383466	0.547002647083637	233
-0.117953601258673	0.352597545210657	173
-0.118198069629608	0.352266186569217	142
-0.078389101895223	0.334894991105506	142
-0.038084771804796	0.546557048928131	142
0.095939413203912	0.715148403086207	374
-0.118189436041763	0.352386442821737	26
0.124650622700453	0.879529294170625	2
0.046499407903853	0.546409161577071	162
-0.117839866964325	0.352652701983811	162
-0.037925885706574	0.546670662650068	673
-0.117749589696493	0.755071497473236	201
0.015221229893607	0.331833236925771	183
0.013542512756676	0.330672971387316	342
-0.078693730736367	0.334421561941284	458
-0.11770825070934	0.352703851644874	233
-0.093634539795058	0.556840951197036	27
-0.118302831993215	0.35225745754692	233
0.046434639915807	0.546296788418666	134
-0.078360353986935	0.334844260911513	173
-0.11790483896962	0.754807886801749	660
0.014693051385642	0.33154041613148	405
0.000813604587608041	0.546288457112092	282
-0.078505335439038	0.334807235682389	245
0.124713866550428	0.879621645016318	374
-0.111205926062189	1.73849590144182	311
-0.078404061527277	0.334701676392793	222
-0.117815759142666	0.755024890639782	587
-0.061852525676011	0.900371413972292	587
0.00202829829478302	1.04323210795985	587
0.056846009944997	0.875696225464736	2
-0.068949174085904	0.550390686111211	673
-0.0752334350794101	1.07377995303406	201
0.000730708390523027	0.546206964542419	207
-0.078316549947599	0.334892644976188	183
-0.075338358839328	0.730608547549115	307
-0.118302831993215	0.35225745754692	342
-0.068828051153055	0.550519576410294	300
-0.117831036354394	0.352673317989728	300
0.095728421926689	0.71474764956451	307
-0.107545635477515	0.928758099025134	307
-0.097447179143457	0.92179699742147	307
-0.00933478747411098	0.716400610903666	220
0.056812340546701	0.875471533997462	220
-0.075433021261079	0.730341831449667	711
0.056945977289347	0.875842020093212	233
0.124798937057536	0.879642881682537	27
-0.0784328571216441	0.33484663200897	228
-0.117839866964325	0.352652701983811	228
0.088406015823902	0.876999052332249	134
-0.027685874998321	1.05204221221416	134
-0.041124560845349	1.0569241590648	134
-0.117839866964325	0.352652701983811	142
0.019756369550568	0.713383002820867	142
-0.07841782605487	0.334848424054662	228
-0.026954072490642	1.20787769783203	652
-0.014262580163238	0.882105078313654	2
0.082936471060276	1.19133602423861	587
-0.032076745713344	0.887223799528974	650
-0.116828553000544	0.936973357609603	650
-0.117489099752892	0.352680207039254	2
0.019677589313058	0.713346935133066	673
0.000918451769796991	0.546500400749536	183
-0.061761100762781	0.900550339602943	307
-0.117953601258673	0.352597545210657	300
-0.034706397659959	0.720101173495409	307
-0.0562896829235851	0.725279210160063	307
-0.038190324491453	0.546366920879928	220
-0.038084771804796	0.546557048928131	220
0.019918427867793	0.713350661046896	220
0.00104417444327998	0.546490588732559	711
-0.0689348713150461	0.550417910328223	711
-0.038097810402228	0.546539513612059	134
0.000975541614245956	0.54652601352424	134
-0.078577788973047	0.33472577676997	173
-0.114370449554845	0.565048182756302	134
0.000835561993079992	0.546388049889566	134
0.00615337746581102	0.878144654932789	735
0.037665406118679	1.03518918409077	735
0.029585931859646	0.875861385669765	735
0.019650330598824	0.713292319767363	397
-0.117944825210674	0.352583555456159	405
0.103209164762305	0.546997639818529	245
-0.068888608021291	0.550473937505231	470
-0.078461628969253	0.334855559136084	251
-0.034513382215166	0.720467348802245	374
0.014280160087122	0.331303341451248	26
-0.074520091842056	0.907890744145179	2
-0.117614604986607	0.755179596772111	587
-0.034492832939962	0.720447115157577	2
-0.117953601258673	0.352597545210657	2
-0.117839866964325	0.352652701983811	162
-0.1144797153157	0.564836165632304	673
-0.093659117292473	0.556764329453062	673
0.0542941636273629	0.712092150709341	162
0.0197851368136031	0.71341704442789	673
0.018886691263183	1.03842463424092	201
0.095939413203912	0.715148403086207	307
0.046499407903853	0.546409161577071	307
0.014898980443409	0.331545372027833	342
-0.091266628852284	0.737821074772974	307
-0.09358149103572	0.556825749594868	307
0.054043307590794	0.71233864047186	307
0.103140609926255	0.546929797083206	767
-0.037938951930853	0.546653091630455	220
-0.114435994682675	0.565008227026761	220
0.095912760237026	0.71492320367444	220
0.000820935056823013	0.546362059972189	220
-0.078389101895223	0.334894991105506	220
-0.093739373147757	0.556695144537498	233
-0.078461628969253	0.334855559136084	173
0.0540759902405999	0.71233853678782	134
-0.078577788973047	0.33472577676997	173
-0.078461628969253	0.334855559136084	173
-0.038310387631324	0.546035344324959	134
-0.091701006877504	0.737351515440155	134
0.101171584699357	1.34455302562393	134
0.102752358645311	0.546638913003178	134
-0.00942245890905402	0.716210224109516	134
0.095794375808675	0.714954580622306	142
0.102684638589434	0.546640068159778	142
0.014693051385642	0.33154041613148	142
-0.114499210463847	0.564914880949432	142
0.00616806386856195	0.878246517858907	660
0.083169319300648	1.03327218425697	660
0.015221229893607	0.331833236925771	405
-0.105445508942811	0.746231734252583	282
-0.056203011811603	0.725361460329095	690
-0.078505335439038	0.334807235682389	245
-0.117727917762756	1.3541666156176	30
-0.105506403988603	0.746082583506221	374
-0.038031418964221	0.546565959336452	2
-0.068888608021291	0.550473937505231	2
0.053992347414343	0.712287188803804	2
-0.078577788973047	0.33472577676997	2
-0.117831036354394	0.352673317989728	162
0.014280160087122	0.331303341451248	162
0.015221229893607	0.331833236925771	342
0.015337900306628	0.331772940313554	787
0.014164037484612	0.331138547182105	767
0.015221229893607	0.331833236925771	458
0.054219996631278	0.712287186032236	711
-0.093793732675255	0.556658827111305	27
0.103127837722916	0.547021736367706	233
0.000868604531952033	0.54636055890442	233
0.000820935056823013	0.546362059972189	233
0.095781080857291	0.714913663492623	233
0.08818368575731	0.876489502347301	233
-0.0784328571216441	0.33484663200897	233
-0.117839866964325	0.352652701983811	173
0.015015511027073	0.33174094912973	173
0.015015511027073	0.33174094912973	173
-0.117717152571787	0.352728572431533	134
-0.068781782240572	0.550448454438737	142
0.0148094482928141	0.331596623912213	397
0.000730708390523027	0.546206964542419	405
0.054015607829325	0.712240290170832	405
0.095886876869285	0.715098908302365	405
-0.07822865189219	0.334789825675857	405
0.014280160087122	0.331303341451248	139
0.063023715128113	1.19184328364335	311
0.056997740262475	0.875971560613141	2
0.04652044983038	0.5464742420311	2
0.124587355497176	0.879378998471288	2
-0.068623294306448	0.550277777716844	162
-0.078621350507474	0.334583333907498	162
0.00093724327286504	0.546463920727753	162
0.0464987030977601	0.546379576538645	162
-0.117848680876069	0.352546805204289	162
-0.037780242934524	0.54648542487723	183
-0.114540618240105	0.56483017811683	307
-0.07841782605487	0.334848424054662	767
-0.078505335439038	0.334807235682389	767
0.102952818714724	0.546952016374648	767
0.046542286709821	0.546503907985386	767
0.053931958623145	0.712138276644329	711
0.0148094482928141	0.331596623912213	233
0.0466280692664101	0.546386584989212	233
0.04634816214787	0.546154657785757	233
0.054150196357836	0.712431712436207	233
0.10276529812906	0.546766261298029	134
0.015221229893607	0.331833236925771	397
-0.117831036354394	0.352673317989728	397
0.102697656326824	0.546485183471197	405
-0.034583216583263	0.720070611925381	405
0.014486778123062	0.331447869942357	139
0.015748574968654	0.332008986763764	405
-0.114180844546246	0.565122304744246	282
-0.118075945617532	0.352475981362613	129
0.082859132174209	1.19098755434415	752
-0.034530004162013	0.720278161728681	251
0.000860687931607984	0.546201243527025	2
0.000828254194413014	0.546393815900103	2
-0.114518791636372	0.564843479631815	2
0.059266969271942	1.03401625054324	2
0.124862145042816	0.87960571839731	2
0.046455763646197	0.546406595576815	2
0.053922568196068	0.712192740421232	2
0.014486778123062	0.331447869942357	162
0.014693051385642	0.33154041613148	162
-0.117839866964325	0.352652701983811	162
0.102952818714724	0.546952016374648	307
-0.118302831993215	0.35225745754692	767
-0.118058519259127	0.352454317015294	767
-0.0785341312035151	0.334774054050095	767
0.102778255844793	0.546757450411459	767
-0.0784328571216441	0.33484663200897	767
-0.078301301726967	0.33479207593374	767
-0.117962360601882	0.352531037221759	767
0.015221229893607	0.331833236925771	767
0.000745284981442995	0.546232890910934	711
-0.078505335439038	0.334807235682389	233
-0.118067240793936	0.352507886935394	233
-0.117831036354394	0.352673317989728	134
0.015015511027073	0.33174094912973	397
0.103115083689341	0.546978454245952	405
0.014486778123062	0.331447869942357	228
-0.078562903237043	0.334604884633838	245
0.102671639124429	0.546588557482098	251
-0.11424402281122	0.565136053841601	251
0.014486778123062	0.331447869942357	26
-0.11454290931899	0.564742880928561	2
0.000835561993079992	0.546388049889566	2
0.0881223280121301	0.876582734080381	2
-0.038097810402228	0.546539513612059	2
-0.009587467073083	0.716052689303468	2
0.095715143638794	0.714748853923145	2
0.053959680966698	0.712177078510325	162
0.102871940568314	0.546825607663817	162
0.102846126923184	0.546816711265645	162
-0.093660416875415	0.556847987421022	673
0.015015511027073	0.33174094912973	183
0.014164037484612	0.331138547182105	342
0.014693051385642	0.33154041613148	342
-0.0561628696494561	0.725260835339231	307
-0.075252003956264	0.730865020105919	307
-0.069009749323291	0.550269762703352	307
0.015543409119394	0.331916984826515	787
-0.0784328571216441	0.33484663200897	787
-0.118302831993215	0.35225745754692	767
0.102952818714724	0.546952016374648	767
-0.078389101895223	0.334894991105506	767
-0.117839866964325	0.352652701983811	233
0.00108248032217095	0.546477609134593	233
-0.118067240793936	0.352507886935394	173
-0.078301301726967	0.33479207593374	173
0.102778255844793	0.546757450411459	173
-0.0784328571216441	0.33484663200897	173
-0.078316549947599	0.334892644976188	173
-0.117831036354394	0.352673317989728	173
-0.078505335439038	0.334807235682389	142
-0.117831036354394	0.352673317989728	142
0.019679081531942	0.713233529096698	405
-0.118067240793936	0.352507886935394	405
0.014280160087122	0.331303341451248	245
0.0468238166614811	0.546205910107681	470
-0.02803729570375	1.05167410874918	752
-0.056269614876835	0.725275945041031	375
-0.117817081540853	0.75493247885886	375
-0.0784328571216441	0.33484663200897	2
0.103046680452927	0.54697101885335	2
0.0464987030977601	0.546379576538645	2
0.102697656326824	0.546485183471197	2
0.014486778123062	0.331447869942357	162
-0.037872662852266	0.546578998958016	162
0.046412832540613	0.54632387049216	313
0.046455763646197	0.546406595576815	313
0.102859024632958	0.546883761518186	767
0.015015511027073	0.33174094912973	767
-0.118302831993215	0.35225745754692	767
0.015337900306628	0.331772940313554	233
0.015221229893607	0.331833236925771	142
0.046586231010875	0.546385529373198	793
0.054126930245297	0.712400573859308	2
-0.105440013927859	0.746243486322818	2
0.095952734120206	0.715189374908091	2
-0.118067240793936	0.352507886935394	2
0.015221229893607	0.331833236925771	162
0.014486778123062	0.331447869942357	162
-0.117953601258673	0.352597545210657	162
0.124670173944602	0.879514467652847	183
-0.078461628969253	0.334855559136084	342
-0.0688743192839571	0.55046354075607	313
-0.078316549947599	0.334892644976188	767
0.014280160087122	0.331303341451248	767
-0.069004264798233	0.550055241652283	233
-0.078606608631892	0.334612044582887	233
0.015337900306628	0.331772940313554	173
0.102791231826911	0.546553226745956	173
-0.093660416875415	0.556847987421022	793
-0.075099785714108	0.731011849257144	793
0.124543706410904	0.879271919655229	793
0.014486778123062	0.331447869942357	139
-0.117831036354394	0.352673317989728	245
0.102965692838688	0.546844532922721	245
0.104730747989618	1.19154613495553	23
0.019889638317436	0.713299599299119	251
-0.117717152571787	0.352728572431533	251
0.014693051385642	0.33154041613148	251
-0.078389101895223	0.334894991105506	251
0.102939962809722	0.546934303038246	251
-0.078505335439038	0.334807235682389	251
0.015015511027073	0.33174094912973	222
-0.078461628969253	0.334855559136084	222
-0.078505335439038	0.334807235682389	222
-0.078505335439038	0.334807235682389	183
-0.07834525013681	0.334887885324188	458
0.014280160087122	0.331303341451248	173
0.015015511027073	0.33174094912973	397
-0.078577788973047	0.33472577676997	397
0.014486778123062	0.331447869942357	228
0.000947715593884957	0.546225390280637	222
-0.114392293153171	0.565062488780271	196
-0.078404061527277	0.334701676392793	88
0.103102347789789	0.546745704197176	88
-0.093820909427118	0.556596437211793	88
-0.078461628969253	0.334855559136084	183
0.000828254194413014	0.546393815900103	183
-0.117839866964325	0.352652701983811	41
0.046564213761884	0.546476908211474	342
-0.05635629523522	0.725156729313631	313
0.000835561993079992	0.546388049889566	313
0.046564213761884	0.546476908211474	711
-0.118067240793936	0.352507886935394	418
-0.078505335439038	0.334807235682389	418
-0.093714773776065	0.556752931738205	418
0.014486778123062	0.331447869942357	228
0.015221229893607	0.331833236925771	173
0.053945827600581	0.712263366492621	176
0.00629076915346605	0.878098712564522	176
0.110901057078109	1.03510192101129	110
0.014486778123062	0.331447869942357	139
0.088471764992768	0.876950431917109	558
-0.009589915560407	0.716114521322415	753
-0.00948051824763696	0.716090014627408	753
0.104753899032287	1.19161392370034	748
-0.037846498691002	0.546649045090273	88
-0.114477368199382	0.564955794700488	88
-0.114606126706289	0.564617371093479	88
0.096045190403945	0.71521740606195	88
0.03802448888399	1.03602235626426	196
0.110923006600159	1.03518479092378	196
-0.031921958785136	0.887535834093788	88
0.046455763646197	0.546406595576815	88
-0.118189436041763	0.352386442821737	88
-0.038058706791953	0.546490151457986	88
-0.114433698001673	0.564954796623497	41
-0.038018362492673	0.546618402945273	313
-0.117962360601882	0.352531037221759	767
0.0959660513274599	0.715188219408872	418
0.014486778123062	0.331447869942357	233
0.014486778123062	0.331447869942357	233
0.046629057528294	0.546502925119404	173
-0.07834525013681	0.334887885324188	173
-0.038216394382538	0.546128503486909	176
0.046326504549897	0.546125168287339	110
-0.1176768045842	0.755043928622067	140
-0.11770825070934	0.352703851644874	139
0.0148094482928141	0.331596623912213	245
0.015748574968654	0.332008986763764	228
0.110944973054865	1.03517063474896	558
0.082458989308609	1.34330695639787	748
-0.078548945585607	0.334664702764609	251
-0.117839866964325	0.352652701983811	251
0.015015511027073	0.33174094912973	251
0.015015511027073	0.33174094912973	222
-0.041321624149406	1.05630059658088	88
0.082936471060276	1.19133602423861	88
0.0834371214694371	1.03345505455449	196
-0.117906203253505	0.75476839411764	196
0.00622582819322903	0.878367710877533	196
-0.093634539795058	0.556840951197036	88
-0.078577788973047	0.33472577676997	88
-0.093660416875415	0.556847987421022	88
-0.0784328571216441	0.33484663200897	183
-0.105484204797017	0.746160392152551	499
0.029612091239785	0.875988688644532	499
0.056972845941745	0.876009460002654	499
0.054210548925672	0.712349086565342	418
0.013957208446354	0.331045765272962	458
0.124733372651614	0.879546458639137	418
-0.014069064905828	0.882162358866716	555
0.015221229893607	0.331833236925771	228
-0.0937678377201721	0.556691762056095	176
0.046629057528294	0.546502925119404	173
0.000842858445567973	0.546344713229705	173
-0.061631382032319	0.900895750984708	176
0.083393465582966	1.03344924162675	176
-0.118075945617532	0.352475981362613	142
0.110951798594377	1.03523014207993	110
0.001013853753835	0.54655060088885	198
-0.086168488150836	0.915309118644346	140
-0.105594821648255	0.745901371512728	63
-0.038071737268363	0.546541091843573	245
-0.078461628969253	0.334855559136084	245
-0.118180785688706	0.352378760345744	245
0.053982942164289	0.712290972688709	251
0.104931730182178	1.19153643714257	259
-0.078650217757543	0.334563833199289	251
-0.07841782605487	0.334848424054662	222
0.054029465539626	0.712392747137759	88
-0.075236849493847	0.730743400851236	88
0.00611737708100402	0.878151626612986	88
0.019157512840477	1.0394211245717	196
-0.117794151246084	0.75502830853933	196
-0.047767044610839	0.893455679522979	88
-0.068888608021291	0.550473937505231	88
0.0463911152322391	0.546294317805983	88
0.014073196708025	0.331075185621132	88
0.00633428183054297	0.878403678519854	88
-0.038097810402228	0.546539513612059	41
0.0197048500773001	0.713365515733353	41
-0.034620164127948	0.720314515791548	313
0.019653307162213	0.713016131073549	313
-0.038031418964221	0.546565959336452	767
0.088015565027794	0.876201370018679	607
-0.114241689691577	0.564875282584614	607
-0.014361955893588	0.881960695370533	499
-0.11770825070934	0.352703851644874	418
-0.038018362492673	0.546618402945273	418
0.102884874763862	0.546572093051792	173
0.095912760237026	0.71492320367444	176
-0.03817729563763	0.546419306318742	176
0.015015511027073	0.33174094912973	142
-0.075309579519821	0.730725096540126	140
0.000925784738588953	0.546494659096437	139
0.000820935056823013	0.546362059972189	245
0.00627650540511404	0.878418860400463	558
0.014280160087122	0.331303341451248	245
0.014693051385642	0.33154041613148	245
0.014280160087122	0.331303341451248	251
-0.078505335439038	0.334807235682389	222
0.019677589313058	0.713346935133066	222
0.01313044398313	1.19749561548654	196
-0.01429571564028	0.88209857524078	88
-0.09462963802257	1.08761430001457	313
-0.034382069378414	0.720536934995111	313
-0.105417714455136	0.7461223879929	607
0.053936420092104	0.712011663513178	767
-0.117434750102845	1.11515639486446	555
0.015221229893607	0.331833236925771	173
-0.0914911836154521	0.737936472431871	176
0.095886876869285	0.715098908302365	176
0.124460751097891	0.878887603643632	397
-0.089104348551853	1.26588794152481	140
-0.0383233807860141	0.54605131216293	140
0.0463911152322391	0.546294317805983	139
-0.118294236061544	0.352168656285739	228
-0.110187233093292	1.32124467628817	63
-0.032066019144699	0.887416346257647	245
0.102791231826911	0.546553226745956	245
-0.03466531760267	0.720222122204125	558
-0.07841782605487	0.334848424054662	245
-0.076425727859196	1.84674319771445	166
0.060896903135016	1.82412002328996	166
0.015221229893607	0.331833236925771	251
-0.0142514185499381	0.882171872302385	196
0.0199925862022871	1.34753388705032	196
0.054006203687662	0.71236161428316	88
-0.038084771804796	0.546557048928131	88
-0.093766553916435	0.556691460943664	446
0.000842858445567973	0.546344713229705	446
0.019809377821435	0.713350354371959	88
0.014486778123062	0.331447869942357	183
0.04652044983038	0.5464742420311	313
0.04652044983038	0.5464742420311	767
-0.0379128235471889	0.546654737619279	767
-0.078331582322939	0.334620740436342	767
-0.0936863004103	0.556790487890074	499
-0.00956802690511105	0.716178523874069	499
-0.078404061527277	0.334701676392793	233
-0.034509424356442	0.720391229913387	176
-0.105500829446251	0.745972251794135	176
0.0630617964183861	1.19191398027194	176
0.102778255844793	0.546757450411459	198
0.102939962809722	0.546934303038246	139
-0.117831036354394	0.352673317989728	139
0.038069036039151	1.03601030599428	63
-0.0379128235471889	0.546654737619279	387
0.088147206191863	0.876624686127254	259
-0.041061747399835	1.05706677566558	259
-0.047740169526196	0.893686282016011	259
-0.034792637011577	0.719811674053205	259
-0.032115420952139	0.887063995087717	259
-0.078505335439038	0.334807235682389	88
0.053959680966698	0.712177078510325	88
-0.05635629523522	0.725156729313631	88
0.046629057528294	0.546502925119404	88
-0.114521057504065	0.564844995830792	88
0.046326504549897	0.546125168287339	446
0.046455763646197	0.546406595576815	446
0.059206052505137	1.03404268379246	88
0.0148094482928141	0.331596623912213	183
-0.078446526473096	0.334671088007792	183
-0.075121740125633	0.731025858500893	41
0.046542286709821	0.546503907985386	41
-0.078505335439038	0.334807235682389	313
-0.114372802292684	0.565069375339754	313
0.000730708390523027	0.546206964542419	767
0.102778255844793	0.546757450411459	767
-0.078577788973047	0.33472577676997	767
0.013957208446354	0.331045765272962	767
0.046629057528294	0.546502925119404	767
0.015015511027073	0.33174094912973	233
0.015015511027073	0.33174094912973	173
0.015015511027073	0.33174094912973	173
0.015015511027073	0.33174094912973	173
0.015221229893607	0.331833236925771	142
-0.0784328571216441	0.33484663200897	198
-0.11424402281122	0.565136053841601	140
0.046434639915807	0.546296788418666	140
0.019730612762067	0.713415955765321	140
-0.0689348713150461	0.550417910328223	558
-0.117717152571787	0.352728572431533	245
0.015221229893607	0.331833236925771	26
0.000647696275498988	0.546024271228124	88
-0.114455530711662	0.564969109409345	88
-0.117682045678635	0.75489539659497	88
-0.117839866964325	0.352652701983811	88
-0.118075945617532	0.352475981362613	446
-0.078505335439038	0.334807235682389	183
0.046585173823348	0.546500154315464	313
0.015015511027073	0.33174094912973	767
-0.117953601258673	0.352597545210657	767
-0.114416544711985	0.564897273997189	767
0.103033866383466	0.547002647083637	233
-0.078461628969253	0.334855559136084	233
0.0463911152322391	0.546294317805983	233
-0.037872662852266	0.546578998958016	233
-0.1143315130289	0.565026076353992	233
-0.068888608021291	0.550473937505231	233
-0.118311411153993	0.352176797827841	233
0.0148094482928141	0.331596623912213	228
-0.118294236061544	0.352168656285739	173
-0.07849037707702	0.334766898185218	176
0.046563367283465	0.546405439872833	176
0.102697656326824	0.546485183471197	176
-0.038097810402228	0.546539513612059	176
-0.118075945617532	0.352475981362613	198
-0.068963494801974	0.550198685459675	140
-0.093419716006924	0.556707275433849	63
-0.027991602138685	1.05183239537553	166
0.04634816214787	0.546154657785757	429
0.04634816214787	0.546154657785757	248
-0.102894977041562	1.09590468214173	302
-0.061719854471379	0.900774587426414	230
0.015103740022154	1.50758732229964	230
-0.03455053398796	1.37699863324756	230
-0.091303019730497	0.738087439847934	499
0.114901387437099	1.49410017485793	499
0.014486778123062	0.331447869942357	173
-0.107299163622198	0.929857919126862	110
0.080431954383467	1.49143131690841	110
0.063050743821637	1.19188606026959	110
0.037867909484907	1.03587856123788	110
0.033603794825362	1.34489900512904	140
0.0129448984909361	1.19747003107222	140
0.111183549461101	1.03514109963866	140
-0.0346858551686891	0.720178258269791	387
-0.05615650705922	0.725411405691338	387
-0.027240031651824	1.20775211993284	302
0.068384440883236	2.00764002051963	302
-0.110522574445883	1.10496885692087	230
-0.00941982402070496	0.716383544036968	480
0.102859024632958	0.546883761518186	257
0.033721047726497	1.34496160634913	230
-0.093766553916435	0.556691460943664	156
0.1046437642617	1.1912608665035	156
-0.00944172907490504	0.716353910708763	156
0.027857437565764	1.19286207417462	499
-0.117703714105288	0.755172383071957	499
-0.073869005439733	1.45367252780889	499
0.102752358645311	0.546638913003178	233
-0.034599615781616	0.720358404474324	834
-0.06176408320592	0.900670469846048	110
0.0592559987367181	1.03364560696639	110
-0.038560484377925	1.2129883703909	110
-0.061787667314698	0.900609735654237	110
-0.093714773776065	0.556752931738205	176
0.050819195637979	1.49306154751874	110
0.044910709626444	1.19310834024273	110
0.015221229893607	0.331833236925771	228
0.028163038600753	1.19474906871026	140
0.00204391737973697	1.04276002623969	140
-0.078316549947599	0.334892644976188	394
-0.117822189095331	0.352614000083049	394
0.083292209629135	1.03352059830306	387
-0.014328840873489	0.882049950236455	387
-0.114348610735491	0.565004808689118	248
0.029452927426022	0.875340739764324	248
-0.095143853205945	1.27894433568574	302
-0.034447714544559	0.720524184355505	480
-0.068963494801974	0.550198685459675	257
-0.118038416718511	0.754261262111061	238
-0.034554495557787	0.720411590700479	238
-0.086201287307223	0.91530793664708	499
-0.105511939295674	0.746134185761975	499
-0.0677698405214831	1.23323634957089	499
-0.047560525410018	0.893740746692149	499
-0.117839866964325	0.352652701983811	233
0.053992347414343	0.712287188803804	233
0.08810186519366	0.876533066603667	834
-0.105428905914056	0.746090730779611	834
-0.00162910420525597	1.19965349083693	110
-0.09718422373755	0.922411637510068	110
-0.075587870333342	1.0737275333505	110
0.102778255844793	0.546757450411459	394
-0.091245039894295	0.737968757238701	63
-0.074665056110531	0.907604522414571	63
0.059355463919881	1.03394893605354	63
0.088081397256763	0.876441822856445	613
0.063282904670212	1.19207128826166	302
-0.094648539528157	1.08772244336184	302
-0.067729714086546	1.23337284325564	302
0.056692665989925	0.87517564009148	480
0.0466499356636571	0.546481330595372	257
-0.117613261430952	0.755164881326392	156
-0.0755935478402719	1.07378314698959	156
-0.114435994682675	0.565008227026761	238
0.095715143638794	0.714748853923145	238
-0.032076745713344	0.887223799528974	238
-0.114518791636372	0.564843479631815	238
0.019162373115244	1.03918557904313	499
-0.107422284134772	0.929502656620199	499
0.028148797270818	1.19466627882777	499
-0.117603173744174	0.352744510096783	233
0.037867909484907	1.03587856123788	110
-0.013460070114513	1.04768915852499	110
0.00630539079914005	0.878428427866859	110
-0.078389101895223	0.334894991105506	198
-0.0937121903663281	0.556668997193679	394
-0.069200293126224	0.549755394879464	394
0.080153594879435	1.49010520299777	63
0.059228277919916	1.03395138496806	197
-0.117831036354394	0.352673317989728	248
0.00154229328788902	1.71484689607741	302
0.00817310022541395	1.69983338640437	302
0.079618203868592	1.64204003172006	302
0.00818398655726205	1.6995919872288	302
0.082398991842785	1.34364100122999	230
-0.034554495557787	0.720411590700479	480
-0.097341595804701	0.921939632182046	156
0.063023715128113	1.19184328364335	156
-0.047672559337241	0.89373615554859	156
-0.091614034866085	0.737561105105974	156
-0.091476418082063	0.737689622969845	156
-0.027745749257888	1.05225167247409	156
-0.064854055218544	1.06759603743263	156
0.0298315772412791	0.876311884753314	238
0.02836305915598	1.19515863650578	499
-0.093740660621265	0.556754166748311	834
0.012854491277899	1.1971395882897	110
-0.075397310058324	0.730184022232158	110
-0.0946237537935249	1.08775628500538	110
0.026030732528353	1.50113915429701	110
-0.086166668204422	0.915329451138149	140
0.019068823866687	1.03929827966856	63
0.109217529368872	1.64141493799315	302
0.082247580653785	1.34346219351877	302
0.0958602647171281	0.715059134269568	257
0.080437704410968	1.49129959293376	156
0.00600892849217005	0.877749141641962	127
-0.053486757254476	1.06194923751345	499
-0.110550318208822	1.1046559053633	499
0.056819320737317	0.875710160074575	127
-0.093554310876372	0.556858392044476	127
0.1047076062703	1.19142447024824	110
-0.075230050713224	0.73089510779261	140
0.00628361507103503	0.878352541983902	140
-0.114285374774008	0.565066006011274	140
-0.064943831329579	1.06759296221992	63
-0.068888608021291	0.550473937505231	248
0.018933406034466	1.03882183655056	604
-0.03431644674336	0.720497189814194	604
0.019623073931675	0.713199877922648	604
-0.04923165294051	1.21782629501798	302
0.056819320737317	0.875710160074575	230
-0.01486214682252	1.20326249507513	230
-0.105622585500525	0.745867858878051	469
-0.014311912151687	0.881792986368178	469
-0.061719854471379	0.900774587426414	480
0.082903341266171	1.19120991406546	480
-0.0379922617403921	0.546620013704936	257
-0.075439865041219	0.730333581550693	156
-0.117881865235255	0.754843257056373	156
-0.047718915328591	0.893773917517034	156
-0.114411870070389	0.56491142273106	238
0.095873572645785	0.715100082050027	238
-0.038110853061623	0.546487094584724	238
-0.00956802690511105	0.716178523874069	127
0.019757873763193	0.71343453825599	127
-0.105440013927859	0.746243486322818	499
0.088426513183818	0.876968530518498	127
0.088319752008557	0.87697089157298	127
-0.118180785688706	0.352378760345744	233
-0.114326776696095	0.564929030361521	233
0.102671639124429	0.546588557482098	233
0.10276529812906	0.546766261298029	219
0.056772460220574	0.875528098826784	110
-0.069116582615907	0.550050728935172	110
0.038067732879268	1.03598180494542	110
-0.075236849493847	0.730743400851236	110
-0.075179306075391	0.730944843671607	140
0.103127837722916	0.547021736367706	263
0.102927125088669	0.54679237203476	263
0.102871940568314	0.546825607663817	263
-0.056283327850428	0.72518946582843	140
0.00199401619934603	1.04314257653731	140
-0.047809682710723	0.893570540207242	63
0.046542286709821	0.546503907985386	63
0.0463911152322391	0.546294317805983	63
-0.11779280086867	0.755060239075761	248
-0.075246589662586	1.24381924357558	302
-0.030327072764997	1.7792650533844	302
0.082814928097336	1.19072031117112	469
-0.07572440439992	1.07340009639142	230
-0.0412616391410871	1.05660823336923	230
-0.075487736541591	1.07390973446328	230
-0.064886705701839	1.06766269737994	230
-0.014229434411845	0.882066076895529	480
-0.086349589162193	0.915055596150394	230
-0.013480647317539	1.04707726876307	156
-0.11447515276212	0.564785799320996	238
-0.034451749180172	0.720304017679708	238
0.029739037568462	0.876160446607397	238
0.0864390286601761	1.98514464229478	499
0.04652044983038	0.5464742420311	233
0.019598780368167	0.713088985526212	233
-0.038138233431129	0.546369917782611	233
-0.034513382215166	0.720467348802245	834
-0.10563350170309	0.745743030716691	834
0.046564213761884	0.546476908211474	219
-0.105467659325287	0.746100368513858	110
-0.013498056537117	1.04762090174277	110
-0.10004736766889	1.29383740481157	110
0.0828325571943161	1.19107279182436	110
0.088106232579551	0.87630110290943	394
0.088258247423362	0.876693510115728	394
0.08237037786826	1.34373757973492	63
-0.0688743192839571	0.55046354075607	248
-0.038005310085013	0.546635957220775	248
0.019756369550568	0.713383002820867	248
-0.014223894947952	0.882182233157828	604
0.00669980882141696	1.35028664030487	302
-0.091794870228732	0.736752705981877	786
-0.061675620744906	0.900849604544113	230
-0.097292857271139	0.922237907964205	230
0.044942296135598	1.19325560896992	469
0.063172350535734	1.19209235567727	469
0.00214283804024495	1.04338505565756	156
0.000828254194413014	0.546393815900103	238
0.095781080857291	0.714913663492623	238
0.095794375808675	0.714954580622306	238
0.000830313724314968	0.546201769438094	233
-0.056336234165916	0.725153457310923	834
0.000716086436444052	0.54600503823188	834
-0.032171364914367	0.88713904429873	110
-0.069018561500326	0.550257678966188	219
0.0197048500773001	0.713365515733353	263
-0.034492832939962	0.720447115157577	140
0.0148094482928141	0.331596623912213	26
-0.117787624698042	0.754947055258201	604
0.059338894466378	1.03392915462372	604
0.104775205003604	1.19158811487873	604
0.038159485229428	1.03572271853817	370
-0.118075945617532	0.352475981362613	257
0.124502253673663	0.879136385409782	156
-0.034690003029282	0.720037016954227	156
-0.034554495557787	0.720411590700479	238
0.046499407903853	0.546409161577071	238
0.053885443008125	0.712114459554289	238
0.095952734120206	0.715189374908091	127
0.00622582819322903	0.878367710877533	127
-0.093740660621265	0.556754166748311	127
0.088385513335964	0.876989420900022	834
0.000730708390523027	0.546206964542419	834
0.00057178907352895	0.545633906208576	834
0.104887264375198	1.19161858121237	834
0.046542286709821	0.546503907985386	219
-0.034492832939962	0.720447115157577	110
-0.01367755612165	1.04716938339648	110
-0.114499210463847	0.564914880949432	110
-0.07466874485543	0.907535557159409	110
-0.093660416875415	0.556847987421022	140
0.0377761251240391	1.03554447468436	140
-0.093822185919136	0.556462972229039	394
0.037913862740091	1.03575531724027	63
0.124630985484723	0.879313791075463	63
-0.117040896849937	0.936764193583537	302
-0.116893653276149	0.937210956791546	302
-0.00419755602509098	1.52405739405785	302
0.00614626164520604	0.878229366181112	230
0.019398531035636	1.34613647189854	230
0.029606081489914	0.875836588593156	238
0.083013028182944	1.19139953092775	84
-0.034640717402545	0.72023739610064	238
-0.116828203132575	0.937247717891889	499
-0.01367755612165	1.04716938339648	127
0.059051179307361	1.03370677669985	219
0.059300204819887	1.03390128080047	432
0.0539087006444871	0.712145574984858	263
0.053982942164289	0.712290972688709	263
0.046585173823348	0.546500154315464	263
-0.034579072363246	0.720370237594475	394
-0.015921714757331	1.36023468673858	288
-0.123197717589054	1.12676269052244	288
0.095926088576779	0.715062270678513	387
-0.00950486671759099	0.71628739187994	387
-0.085664242470514	1.07999019992446	302
-0.065115201480482	1.06717536258936	302
-0.117683357312083	0.754983013953783	370
0.048532092758626	1.3430464215927	370
-0.117769832347249	0.755064489985336	370
-0.069536419994254	1.43617440626714	302
-0.114518791636372	0.564843479631815	786
0.0666746606387521	1.64653504651172	230
0.019159908787125	1.03941663549016	469
0.110872259841323	1.03505656752825	230
-0.114222162202182	0.565092705972109	156
0.104887264375198	1.19161858121237	156
-0.038005310085013	0.546635957220775	238
-0.085441981330541	1.08049895693197	193
0.00614626164520604	0.878229366181112	834
0.10276529812906	0.546766261298029	219
0.046455763646197	0.546406595576815	219
0.124755232228374	0.879621813051408	219
0.01291104419291	1.19719723790155	534
0.111053284068566	1.03531680293384	140
0.054187280666296	0.712317950885252	197
0.046542286709821	0.546503907985386	197
0.101269282263899	1.34497067827097	197
0.063244825248579	1.19215065776494	302
-0.0142514185499381	0.882171872302385	786
-0.028149272896009	1.05081007052455	230
-0.034696633969575	1.37687062208402	230
-0.041044651642929	1.05702250520187	230
-0.058872163604078	1.82967594057386	230
-0.11782630726048	0.754834988301704	230
0.080307114037614	1.49051810897926	230
0.06467717306193	1.34247005828636	230
-0.094833724920111	1.08717025978215	670
-0.038164270843655	0.546436820610805	238
-0.075252003956264	0.730865020105919	238
-0.0938196340612309	0.556560417149379	238
0.04520239032146	1.19356612217974	499
0.111161597545212	1.03523348171237	499
0.019812401916228	0.713361601759979	238
-0.009397923564752	0.716379445772882	541
-0.047628133884412	0.893794952377037	193
-0.068870328397696	1.43839816523627	534
-0.056349902896603	0.725104009361192	110
0.056752515864546	0.875499634485847	140
0.056977108402305	0.875863628466965	140
-0.031883240555723	0.887535393579422	63
-0.034492832939962	0.720447115157577	387
0.00624057668065303	0.878188854232826	370
0.110850316388818	1.03491796718739	230
0.064791428863037	1.34284244025504	230
-0.117861645178066	0.754863466115776	230
-0.068888608021291	0.550473937505231	480
-0.041847058188233	1.80244478733822	230
0.006110322057444	0.877981722989617	156
0.10094623861938	1.34381434298011	84
-0.031888640349132	0.887483900214155	238
-0.0379922617403921	0.546620013704936	238
-0.093659117292473	0.556764329453062	127
-0.041121748222674	1.05691971525227	193
0.033361504151909	1.34405521941046	193
0.103021070490942	0.546910029300553	127
-0.061454377438526	0.900778497147861	322
-0.061767001381737	0.900618125679933	834
-0.085558863210738	1.08033750748925	436
-0.058716175822627	1.22588896837358	436
-0.089335044979914	1.26558636085124	534
0.103033866383466	0.547002647083637	198
-0.11779280086867	0.755060239075761	140
0.015221229893607	0.331833236925771	263
-0.038164270843655	0.546436820610805	263
0.046607070563234	0.546529871565748	263
0.046607070563234	0.546529871565748	197
-0.038230800237506	0.546256352478611	197
-0.068995432562999	0.550334672525007	197
-0.0322100893527409	0.887013293614076	197
0.071307651807877	1.81511470874914	166
0.029851755787653	0.876322870689221	604
0.000925784738588953	0.546494659096437	786
0.053815672124002	0.711764714993528	786
0.104753899032287	1.19161392370034	230
0.00641384090751795	0.878347747916911	469
0.056625866161291	0.87490980035448	469
-0.118018253537452	0.754369281709466	230
-0.113367899517961	1.34008125623874	670
0.059106522554476	1.03359079706848	84
-0.117822189095331	0.352614000083049	578
0.046455763646197	0.546406595576815	238
-0.091353622721441	0.738049434180312	84
-0.027774113033599	1.05225800078217	499
0.019316287813579	1.03939590065092	238
0.102752358645311	0.546638913003178	127
0.080332099354359	1.49078168807808	193
-0.093713481518941	0.556786806671946	834
-0.107453242283065	0.929520443831988	436
-0.075593005983573	1.24325760515183	534
0.00659485738613697	1.34988731461177	534
-0.067662447718453	1.23364208149347	534
-0.009356698434968	0.716404692220104	432
0.014164037484612	0.331138547182105	263
-0.037938951930853	0.546653091630455	263
0.015075657245509	1.50763604351166	288
-0.0938196340612309	0.556560417149379	197
-0.038018362492673	0.546618402945273	197
-0.092060382768596	1.86422185378511	302
-0.053642523519412	1.06152428778687	370
-0.0937678377201721	0.556691762056095	370
-0.031983109909985	0.887436272157406	370
0.053931958623145	0.712138276644329	469
-0.117746853521297	0.755035757216117	469
-0.065082529448234	1.06724927482881	230
-0.00950486671759099	0.71628739187994	480
-0.053241043499077	1.06233592988766	230
0.019621589191955	0.712949032288924	156
-0.014218314792961	0.882220466103133	156
-0.00644719412708605	1.92974397556505	670
-0.02796007792733	1.05193424013547	84
0.000813604587608041	0.546288457112092	238
-0.091672021842519	0.737450169628426	499
-0.038045680374561	0.546398943965734	127
-0.061678502703267	0.90073933529734	219
0.037999024047664	1.03566201344837	219
0.088315392185046	0.876801824505297	110
-0.078621350507474	0.334583333907498	263
-0.091599755243376	0.737662834140235	564
0.053899309122687	0.712078870782328	387
-0.012120287705231	1.53487629752185	613
0.109043913449546	1.64007269608322	613
0.028274581382981	1.19469353061597	302
-0.041413005202281	1.05575197617074	302
-0.074482007844988	0.907941480804989	370
-0.0914911836154521	0.737936472431871	230
-0.00933478747411098	0.716400610903666	786
0.088163238293904	0.87656172804364	469
-0.114499210463847	0.564914880949432	230
0.059123111696657	1.03390001069984	230
-0.027886049713115	1.05194415195252	84
-0.0648051105624971	1.06776615155073	84
0.110843468261436	1.0349698612074	84
-0.103112719739118	1.09517040047886	670
-0.047786521134555	0.893646188952004	84
-0.09143321669133	0.737991575978627	670
-0.031916539561051	0.887542647424653	84
0.019729112390332	0.713290552810038	238
-0.00141665351026099	1.20023016388963	499
-0.00931552149500803	0.716343004621191	238
-0.093846812481052	0.556527792026658	238
0.046693939241456	0.546484210727788	238
-0.038164270843655	0.546436820610805	127
-0.123464839253424	1.12681572518054	193
0.1046437642617	1.1912608665035	834
-0.091353622721441	0.738049434180312	110
0.056886108648653	0.875870098818518	110
-0.118067240793936	0.352507886935394	197
-0.034492832939962	0.720447115157577	63
0.081765719783551	1.80681867261348	63
-0.0505945781964861	1.39732658588185	613
0.000929339521959949	0.54630009282899	68
0.066614321111486	1.64633862711032	302
0.0691280371437309	2.36360556948549	29
0.095662403149865	0.714421705881731	786
-0.058707082576489	1.22533801565557	230
0.119919446439542	1.7923393039431	230
-0.0863230639282661	0.915097125878959	230
-0.114455530711662	0.564969109409345	469
0.056886108648653	0.875870098818518	469
-0.117705022583164	0.755088597750196	230
0.019624558410942	0.71323243362851	84
-0.041293042818453	1.0564918924689	230
0.012728284030966	1.19683262961834	670
-0.114477368199382	0.564955794700488	238
-0.034509424356442	0.720391229913387	238
-0.114224601903558	0.565123193837175	238
-0.037820350796082	0.546582268714128	238
-0.069116582615907	0.550050728935172	238
0.012550981842661	1.19589568783157	499
-0.117837335854137	0.754965184976683	499
0.0540898352208991	0.712440424822514	127
-0.085589553365934	1.08020843381356	322
0.029597846159291	0.875541433364644	110
0.00619694321422604	0.878324258787082	110
-0.038084771804796	0.546557048928131	263
0.000654953713115969	0.546018463507429	263
-0.094685067454561	1.08745155087145	564
-0.027173044731747	1.2074061673466	288
-0.11779280086867	0.755060239075761	63
0.083190957312963	1.03336329103333	662
0.06320306392529	1.19224349221554	302
-0.0136395680922941	1.04730185785385	230
-0.114329078977151	0.565123666576565	469
0.0569115700078831	0.875805150498862	469
0.083451392635382	1.0335415359493	469
0.064734503557357	1.34262077064863	230
-0.075265612766468	0.730591999029455	230
0.019071257941862	1.03922559043767	230
0.0194912162558381	0.712799096277017	453
-0.047604948891304	0.893711934793014	84
-0.091520158642753	0.737866944239932	238
0.018842337286309	1.03824023479972	84
0.082988840586588	1.19159295097399	84
0.059023459129407	1.03359627413568	238
0.00210855779874697	1.04329553517907	499
0.012829944138377	1.19714586690308	193
0.101080187780798	1.34449322278444	127
-0.00132665071268001	1.20021985516598	193
-0.00946363872669098	0.71628986382389	59
-0.00941982402070496	0.716383544036968	59
0.095767782202828	0.714827607355839	59
0.0590124828694471	1.0335253990227	834
0.10111485056053	1.34469145247142	834
0.056866146813055	0.875803365601958	110
-0.0784328571216441	0.33484663200897	198
-0.097152759226423	0.922426151150658	140
-0.0279742559609359	1.05184684007265	564
-0.094692382162156	1.08742580931654	63
-0.117748260284001	0.75512922206726	387
-0.097247162670739	0.922303763005922	613
0.00809371602067899	1.69947990402182	29
-0.120739216235875	1.37269883110117	29
-0.083362297683251	1.48541647041414	29
-0.089474825796973	1.2651625840563	302
-0.078373926576007	0.334752594792006	213
-0.105440013927859	0.746243486322818	84
-0.049180476796007	1.21844881984592	230
-0.07541107526866	0.730450079682127	84
-0.093873988890348	0.556465424559561	238
0.104620581923269	1.19124772927575	499
0.088253967328347	0.876895031568286	127
-0.013605062357356	1.04741483265303	193
0.054006203687662	0.71236161428316	59
0.095886876869285	0.715098908302365	59
-0.105694517372337	0.74561228389987	834
0.101314996184846	1.34502885088799	436
-0.0913899473120649	0.738046823995945	110
-0.074440237284492	0.907925605842308	110
0.053778539876042	0.711724556502665	198
-0.105478728985256	0.746198927886119	140
-0.105207059612446	1.30753144144734	140
-0.118075945617532	0.352475981362613	16
-0.0894990551386901	1.26509144637064	63
0.121793259876643	1.34695710246711	370
-0.105368090967621	0.746294008908715	370
-0.114263529842193	0.564990233261202	469
-0.091621401701238	0.737623027277076	469
-0.075236849493847	0.730743400851236	230
-0.034451749180172	0.720304017679708	783
0.0883444929766321	0.876848304195452	84
0.064799807841436	1.34306130360138	230
0.048238450119051	1.34102574189282	84
0.056732568709337	0.875432965157303	238
-0.068888608021291	0.550473937505231	238
-0.097367016579764	0.921959621921046	193
0.00195583536251298	1.04302552460198	193
-0.093578866496309	0.556766590777846	127
0.103008292739814	0.546628030187236	59
0.014280160087122	0.331303341451248	59
0.00108248032217095	0.546477609134593	59
-0.105340355861937	0.74623819424696	834
0.0958602647171281	0.715059134269568	834
-0.032176767322078	0.887124432535452	436
-0.047630029653104	0.893861596040242	110
0.000918451769796991	0.546500400749536	439
0.054029465539626	0.712392747137759	439
0.104889105049142	1.19162645010305	439
0.056997740262475	0.875971560613141	110
0.053922568196068	0.712192740421232	110
0.000842858445567973	0.546344713229705	198
-0.118180785688706	0.352378760345744	198
0.029678541744073	0.876127577905722	140
-0.10263548476213	1.09625544048025	564
-0.104920219731045	1.30834686544347	564
0.095873572645785	0.715100082050027	16
0.095886876869285	0.715098908302365	16
-0.092685834649017	1.51354875226388	288
-0.114329078977151	0.565123666576565	387
-0.018581475987529	1.75328287543034	29
-0.100540932579505	1.29231442897697	29
0.043919452915723	1.6584608893374	29
-0.045542363531512	1.60025422679464	29
0.080562451400239	1.49163776884347	29
-0.11779280086867	0.755060239075761	469
-0.056249549463771	0.725241835891252	783
-0.117603173744174	0.352744510096783	213
0.000967604056485993	0.546403961082126	213
-0.038005310085013	0.546635957220775	84
-0.038243807178627	0.546272322571263	453
0.0830124155211051	1.19163910375268	84
-0.07538227984421	0.730534939362512	238
0.106556713653341	1.79687616824307	499
0.081970634503025	1.34203112188621	140
-0.043104777664822	1.38582389623047	564
0.019836637271439	0.713404968703696	16
0.096137633560309	0.715126708897152	16
0.001013853753835	0.54655060088885	613
-0.100429730025604	1.29289329956927	29
-0.049217776568724	1.21842932461521	370
0.025963467625405	1.50068424763398	670
-0.04785412672033	0.893451211236243	84
-0.110340046637289	1.10526112809387	499
0.01296105876997	1.19720968918329	499
-0.114435994682675	0.565008227026761	127
-0.075223207702091	0.730891017642433	59
0.10276529812906	0.546766261298029	59
0.054015607829325	0.712240290170832	59
-0.075186093666623	0.730755414739324	110
-0.056422923749636	0.724997239271892	432
-0.031988567864519	0.887509369524649	140
0.019787460191072	1.34709078355444	564
-0.117944825210674	0.352583555456159	16
0.05019358003985	2.21275187028542	288
-0.114521057504065	0.564844995830792	387
0.029871931863377	0.876298095722246	662
0.00191765438275804	1.04287415132242	29
-0.0136395680922941	1.04730185785385	370
-0.075273940273028	0.730771216314519	469
0.0883607294373659	0.876949959289591	469
-0.06486224379479	1.06773355914339	230
0.097069130446422	1.49211167274817	230
-0.097181254902971	0.922211157618933	230
0.0464987030977601	0.546379576538645	213
-0.074955826421957	0.730837382574128	84
0.029791212723478	0.87618166578806	84
-0.014334402694099	0.881988217754878	84
-0.116860918081005	0.937257139262139	670
-0.034688280651198	1.37691183260971	670
-0.09710705546522	0.922459064972688	499
-0.074665056110531	0.907604522414571	193
0.059228277919916	1.03395138496806	127
0.088188159320898	0.876765674012669	127
-0.0319552679466401	0.887543075681398	127
-0.027928557036222	1.05200515426883	322
0.0881223280121301	0.876582734080381	834
-0.037925885706574	0.546670662650068	439
0.00637786239231897	0.87837527080318	110
-0.110490013299746	1.10494756139237	564
-0.118067240793936	0.352507886935394	16
-0.07576661130578	1.07313009421307	63
-0.0936863004103	0.556790487890074	68
-0.075252003956264	0.730865020105919	613
0.00211953011088295	1.04230722789045	613
-0.105672173010011	0.745550244733414	469
-0.07834525013681	0.334887885324188	213
0.0296987094765629	0.876174282801604	84
-0.105517435290424	0.746127570500988	84
0.0567993662499941	0.875643455159383	238
-0.0478077794654021	0.893565802815586	499
-0.056249549463771	0.725241835891252	127
0.054052727722994	0.712385443173546	59
0.083031741651837	1.03274471517976	834
0.056759448845837	0.875386003690788	834
-0.074447607203174	0.907938393681382	436
-0.107498928864673	0.929374349833817	110
-0.093552994386365	0.556851119320473	439
-0.114477368199382	0.564955794700488	439
0.096137633560309	0.715126708897152	439
-0.0753027417682089	0.730745213604403	110
-0.03817729563763	0.546419306318742	198
0.082968184824717	1.19153726599217	432
-0.068949174085904	0.550390686111211	16
-0.105705435544064	0.745485482214118	387
-0.11753982022529	1.1149344557461	123
-0.053503300407907	1.06196346643808	613
-0.0379922617403921	0.546620013704936	68
-0.012898315360322	1.53295729880039	29
-0.0147889251908711	1.20353688584817	302
0.104730747989618	1.19154613495553	230
-0.074413203649122	0.90789644879066	230
0.046564213761884	0.546476908211474	213
-0.097169993128114	0.922403749861365	84
-0.091549128053341	0.737768234500306	238
-0.0561628696494561	0.725260835339231	238
0.110938191758021	1.03487950837801	238
0.056952808189603	0.875980833095336	238
-0.014487564234252	1.20353709164947	499
0.124755232228374	0.879621813051408	127
-0.082757537407832	1.25363537757743	193
0.0128967025889281	1.19731392296154	193
-0.10705366673567	0.929906321734742	193
-0.038005310085013	0.546635957220775	59
-0.03431644674336	0.720497189814194	59
0.083350157481386	1.03361293187285	834
-0.0784328571216441	0.33484663200897	198
-0.013460070114513	1.04768915852499	140
-0.103181044727471	1.09502112041778	564
0.11082151390221	1.0348726137943	140
0.088167685316824	0.876715975962942	16
-0.114392293153171	0.565062488780271	16
-0.038071737268363	0.546541091843573	387
-0.078548945585607	0.334664702764609	26
0.050891828162218	1.49331670532538	29
-0.105594821648255	0.745901371512728	370
0.0540898352208991	0.712440424822514	469
0.063047066837885	1.19170100560815	230
-0.07473384029649	0.907368725171962	230
-0.07834525013681	0.334887885324188	213
-0.013684517004755	1.04698793388129	84
-0.0561364250077741	0.725408162069438	499
-0.053601424312165	1.06167834769652	499
0.124798937057536	0.879642881682537	834
-0.0648051105624971	1.06776615155073	436
0.029744976750487	0.876220495142696	432
-0.065131453230741	1.06696236697728	140
-0.10263548476213	1.09625544048025	140
-0.093633235422332	0.556851668428262	16
0.088192496361842	0.876617719325438	16
-0.0688049167957639	0.550500792823466	16
-0.123421022764863	1.12682600202319	288
-0.105127347840112	1.30806904262481	29
0.106947962125828	1.96644855334227	29
-0.123343812452062	1.12704158972239	29
-0.085664242470514	1.07999019992446	230
0.080387745214222	1.49089686829832	230
0.033584499443437	1.34476434503943	230
0.056886108648653	0.875870098818518	469
-0.069093458268929	0.550094280150441	213
0.096792270049519	1.49111817373956	84
-0.091614034866085	0.737561105105974	238
-0.0865233181978	0.914438550205764	499
-0.093661717601255	0.556778539148937	834
0.00620404769619598	0.878282403779708	834
-0.091498499960562	0.737840563009701	834
0.088040446027759	0.876118384386062	834
-0.056269614876835	0.725275945041031	110
0.019639921526755	1.34720198182146	110
0.05710453767316	0.876072184225728	16
-0.0145056064186611	0.881403236807373	16
-0.082818430679672	1.25368116205787	288
0.064979640902701	1.34288176972926	805
0.00205869313993801	1.04316661399344	613
-0.025685760900074	1.36815356837362	29
0.0505973788427	1.49158916847115	29
0.033696001786089	1.34484545260573	230
-0.075621101304154	1.24307380237917	230
0.124585109278181	0.879300443891358	469
0.079488102377363	1.6419783426255	230
-0.061761100762781	0.900550339602943	84
-0.047697631597291	0.893793846832306	84
0.0190269403165591	1.03907780268914	84
0.110814682333386	1.0348402030311	84
-0.117725299501454	0.755133457136124	84
-0.107348642520246	0.929392089480906	84
0.058885136098478	1.03268142580327	238
-0.075252003956264	0.730865020105919	127
-0.117794151246084	0.75502830853933	127
0.00210855779874697	1.04329553517907	193
0.044896597410481	1.19310500731734	436
0.082090592878664	1.34267788262907	436
0.0806869825694	1.49102832930273	110
-0.00967255175366899	0.715859912358179	140
-0.117815759142666	0.755024890639782	140
-0.117883257632783	0.754864231156516	140
-0.091360977068112	0.738088245274906	140
-0.075020269368128	0.731007263015943	16
0.082814928097336	1.19072031117112	805
-0.056283327850428	0.72518946582843	387
0.08334283715606	1.03351661482085	387
0.066585243194175	1.64632090818433	613
0.070736615687177	1.81409703393175	302
0.0352801355800449	1.85898599353895	29
-0.034450494928903	1.37572544799879	29
0.045016204307214	1.19320678077051	230
-0.047560525410018	0.893740746692149	370
-0.032148780944611	0.887071122484482	469
-0.038751791944139	1.21251651640849	84
-0.014821569664318	1.20345692860124	84
0.083277918827538	1.0334434765609	84
-0.075252003956264	0.730865020105919	84
0.029811396220978	0.87626515296942	84
-0.047786521134555	0.893646188952004	499
-0.105583867075268	0.745966621458554	499
0.048972250920333	1.34304594346281	499
-0.075252003956264	0.730865020105919	127
-0.056223086852438	0.725364716029639	59
0.019730612762067	0.713415955765321	834
-0.049255074715188	1.21837292766238	436
-0.027886049713115	1.05194415195252	110
0.029591927670932	0.875905258510253	432
0.044896597410481	1.19310500731734	140
0.124903457818242	0.879486662869135	140
-0.097352779892204	0.922078683560554	805
-0.034782197266642	1.37614666148119	288
0.102859024632958	0.546883761518186	68
-0.026923284671866	1.20803768547762	29
0.06491453748925	1.34331414350932	230
-0.086576968933645	0.913854755117057	230
0.028303104469134	1.19505453219427	230
-0.107361865981363	0.929722435065566	230
-0.086314971713104	0.915110736694855	84
0.019068823866687	1.03929827966856	84
0.00632718347467298	0.878423350453597	238
-0.114435994682675	0.565008227026761	238
-0.047830957839775	0.893526863581682	127
-0.0862391817431431	0.915269314185645	499
-0.091476824402551	0.737748688657517	127
-0.075201265336757	0.730950141111018	127
-0.047740169526196	0.893686282016011	322
-0.097229923673406	0.92234577781416	436
-0.065013009932973	2.49826601773614	123
0.0463694879634859	0.546199801059262	26
-0.105817754518402	1.30547101140398	29
0.033274998741138	1.34354921926986	230
-0.0755571851061671	1.07366828067745	230
0.063244825248579	1.19215065776494	230
-0.075179306075391	0.730944843671607	469
-0.097381260798616	0.921782598664639	230
0.059161815192096	1.03400226803377	230
-0.093739373147757	0.556695144537498	213
0.0378652681049571	1.03569924110923	84
-0.031988567864519	0.887509369524649	84
-0.093687596325703	0.556815343915179	84
0.00195193775970803	1.04296366942361	127
-0.0319552679466401	0.887543075681398	127
0.062943864768048	1.191553536501	127
-0.091462202966592	0.737977904459406	127
-0.105478728985256	0.746198927886119	127
0.0190946566535271	1.0391755011659	127
-0.028019953684718	1.05165028703864	193
-0.074861248726449	0.730733605921213	322
0.059283541585334	1.03398526190765	834
-0.061696268779402	0.900799872695331	110
-0.034468279547934	0.720512319695876	432
-0.075150525919452	0.730999872092666	140
0.00629076915346605	0.878098712564522	140
-0.114268378368817	0.565012286356702	16
-0.114372802292684	0.565069375339754	16
-0.11779280086867	0.755060239075761	805
-0.107361865981363	0.929722435065566	805
-0.014179600996798	0.882232710887861	63
-0.078476515936851	0.334704051901253	26
-0.00669051646459096	1.92862477313949	29
-0.117814359581541	0.754969453206023	230
-0.114307224486004	0.565109371608688	213
0.083236509723479	1.19159338964533	84
-0.056376358934057	0.725129665591917	238
-0.032016381316028	0.887325187057895	499
-0.014935638345951	1.20312114879073	127
-0.034361498504063	0.720516737691081	127
0.08236758693619	1.34352419547632	834
0.065012555523683	1.34312601105235	110
-0.061587138339486	0.900912777300012	110
0.0334672614106351	1.34449632788706	110
-0.056243164537198	0.725337625091135	110
0.037888183853712	1.03585231428177	110
-0.047651309295195	0.893833879469136	140
-0.117881865235255	0.754843257056373	140
0.0632755440010651	1.19223974959468	140
0.045126611109631	1.19342301997753	140
-0.038018362492673	0.546618402945273	16
-0.0744783213317211	0.907931257718215	805
-0.118189436041763	0.352386442821737	68
0.082785408357025	1.19072357026601	613
0.093823795284353	1.64107346702699	29
-0.069372762248759	1.43697641164719	230
-0.06165494640037	0.900835049186455	370
0.044910709626444	1.19310834024273	230
-0.0150087798909611	1.2029406212163	230
-0.038732764719704	1.21260238244331	230
-0.038084771804796	0.546557048928131	213
-0.00961180881093904	0.716013820448199	213
0.037891474683691	1.49633802577235	230
0.00202829829478302	1.04323210795985	84
-0.085323244242338	1.08055661554901	84
0.00203609967577301	1.04314635982784	84
-0.031938838000928	0.887225548900428	238
-0.091549128053341	0.737768234500306	127
-0.032093890285498	0.887294539119594	193
0.110735140399806	1.03448074313584	110
-0.074603620251564	0.907356570153704	110
-0.078243973092459	0.334811636820967	198
-0.075280794560489	0.730809985770197	140
0.00705710668468096	1.35066488167907	140
0.110894220256796	1.03509807893631	63
-0.017995574803171	1.75525520123338	29
0.00532598515069804	1.51572047572853	29
0.013185535551674	1.89524784255139	29
-0.117860301852145	0.754929824972318	370
0.0666299509464841	1.64646999877782	230
-0.027945907364144	1.05195282772278	230
-0.086382884624882	0.914806176177251	84
0.03364793262294	1.34459258692656	84
-0.068744366725657	0.550504504386003	84
-0.117929138771979	0.754641435747248	84
-0.047560525410018	0.893740746692149	499
-0.031993987735875	0.887512113392557	127
-0.105556132844394	0.746028816668276	127
-0.093687596325703	0.556815343915179	127
0.029825659436803	0.876191806927272	834
-0.041324449787934	1.05634441016893	322
-0.074367757146573	0.907923608551338	436
0.124774672723257	0.879387506701078	110
0.038000244310222	1.03597088504262	140
-0.0561364250077741	0.725408162069438	16
-0.056303413484868	0.72506390916025	805
-0.0758051845689161	1.07310102093055	63
0.082965273715384	1.1914957077777	63
-0.014450410392658	0.881436321681816	613
0.048474493002902	1.34268384182191	29
-0.102705955161185	1.09623406803071	230
0.0296987094765629	0.876174282801604	469
-0.013643050057504	1.04728234652743	230
-0.117944825210674	0.352583555456159	213
-0.102956927581921	1.09574343052804	230
0.124460751097891	0.878887603643632	108
-0.009397923564752	0.716379445772882	108
-0.107446847547215	0.929487483772788	84
-0.00948555297541398	0.716189107800634	238
-0.105440013927859	0.746243486322818	499
0.082293282216522	1.34360441839714	499
-0.041230238758628	1.056694364682	127
-0.027777280848817	1.05218075029306	127
0.01503140442974	1.50744295369247	193
-0.117936032506574	0.352484678840578	474
-0.11456244962031	0.564789288279985	834
0.0198008816272049	1.34753190300515	322
-0.014212694019731	0.882184135183001	140
0.00514419437922398	1.51543145199487	566
-0.038097810402228	0.546539513612059	16
0.121610281782639	1.34662643938912	230
0.065015348517322	1.49164520032713	230
-0.086466555896356	0.91444799342893	230
-0.041167447889611	1.05677775864833	230
-0.094753532508007	1.08744514950801	230
-0.038084771804796	0.546557048928131	213
0.00661373809672206	1.34988530334954	230
-0.114435994682675	0.565008227026761	108
0.05679240178032	0.875518938753581	84
-0.105738688316018	0.745389324962537	127
0.028411711940908	1.19508652697133	127
-0.009587467073083	0.716052689303468	834
-0.032243402182025	0.886863139673553	834
0.029785323019797	0.876278188632412	834
0.043848360991003	1.6579005248332	436
-0.067584759657588	1.23383392518602	110
-0.027055239157273	1.56001026125475	566
0.015015511027073	0.33174094912973	16
0.096031860202732	0.71521854127108	16
0.019757873763193	0.71343453825599	16
0.00093724327286504	0.546463920727753	16
0.029652411017309	0.876046324491345	63
0.1046437642617	1.1912608665035	613
0.028300132453437	1.19500840705226	613
0.00595823299227005	0.877567661590946	613
-0.069056003004485	0.550213767822116	613
-0.069023661939897	1.4381466857632	29
0.0568592212965729	0.875729484713166	713
-0.105694517372337	0.74561228389987	783
-0.114433698001673	0.564954796623497	213
0.014486778123062	0.331447869942357	213
-0.061566440945646	0.900839264198089	84
-0.110702628398387	1.10435479709488	230
-0.032027297800702	0.887478390747786	84
0.020643374290947	1.88445171953709	585
-0.117864981374692	0.754694585626046	84
-0.061678502703267	0.90073933529734	238
-0.114392293153171	0.565062488780271	127
-0.026956996743416	1.56016539587133	193
-0.065033636822822	1.06741930841743	193
-0.074626970690862	0.907711623272699	322
0.0827913119450891	1.19072657158835	322
0.064939054002625	1.34332221016189	322
0.00641384090751795	0.878347747916911	110
-0.061805306175595	0.900385274744208	110
0.124798937057536	0.879642881682537	638
0.015748574968654	0.332008986763764	198
0.124611262340815	0.878848707052325	16
0.102871940568314	0.546825607663817	16
-0.118067240793936	0.352507886935394	16
0.046606293096119	0.546158185143479	16
-0.013605062357356	1.04741483265303	805
-0.097401492188701	0.921925673476058	613
-0.034427154474773	0.720503966046749	613
-0.018711703508748	1.75249552068051	540
-0.03855322794033	1.21266102501387	230
-0.118203777647282	1.35230303857203	29
0.101192064791115	1.34487699244522	230
-0.117815759142666	0.755024890639782	713
-0.056402869640954	0.724993962926454	713
0.079775694190917	1.64304284852227	230
0.00615337746581102	0.878144654932789	108
0.0296987094765629	0.876174282801604	84
0.0283488104355371	1.19514144797551	84
-0.075338358839328	0.730608547549115	238
-0.110670041105368	1.10442483705922	836
0.00619694321422604	0.878324258787082	127
0.028282887492736	1.19471183639816	836
0.064390534220557	1.3409850590141	436
-0.00952676586833701	0.716223363511951	638
0.037800407997946	1.03573337317177	140
0.00100588235915999	0.546466020766528	16
-0.056336234165916	0.725153457310923	16
-0.0533557564103641	1.06228830211325	63
-0.0142514185499381	0.882171872302385	613
0.013252768503932	1.89556287380512	29
-0.047624036663829	1.81208409297895	29
-0.082454564079013	1.25459532466494	29
-0.047761394008061	0.893528128774944	230
-0.117725299501454	0.755133457136124	713
-0.105445508942811	0.746231734252583	84
-0.056089943581062	0.725414914170609	108
0.082139100290565	1.34307417180014	84
-0.0346612756057429	0.720124378498833	84
0.000633147336721041	0.545919148687291	474
-0.00969441484176203	0.715830355827975	834
-0.097092820394498	0.922442486886567	322
0.037911109591273	1.03595874397967	322
-0.056223086852438	0.725364716029639	834
-0.116999883295426	0.936948726450292	436
-0.091411590474285	0.738050228435181	16
0.124650622700453	0.879529294170625	16
-0.117839866964325	0.352652701983811	16
0.124628789666772	0.879497475996617	16
0.0198911622917251	0.713406076716612	613
-0.068828051153055	0.550519576410294	613
-0.105373584988283	0.746275535543466	613
0.00109191488410099	1.71279603968768	230
-0.00139217254952595	1.20024206111399	230
-0.0688049167957639	0.550500792823466	213
-0.0383233807860141	0.54605131216293	213
-0.024130329115777	1.76820893100297	230
0.00618228420571598	0.878119944977005	108
0.0831546877582779	1.03302402074298	108
0.053922568196068	0.712192740421232	238
-0.00468005227733703	1.35524041851174	499
-0.043087023021135	1.38591043578348	836
0.0833791398446	1.03360074618392	834
-0.078389101895223	0.334894991105506	686
0.103115083689341	0.546978454245952	686
0.00209298551628401	1.04312398138966	322
-0.117754175233904	0.754899646583465	110
0.00103795960869801	0.546283456035468	16
-0.118075945617532	0.352475981362613	16
0.124796547964319	0.879509255478815	805
-0.07445496214813	0.907681783059803	613
-0.075847360058502	1.0728703546007	613
-0.058578019401232	1.22595128233224	230
0.013005092347383	1.19752405402736	230
-0.040893233465323	1.05705719512261	230
0.0464565373834061	0.546205362506144	783
0.0464565373834061	0.546205362506144	213
-0.091411590474285	0.738050228435181	238
-0.056043495241111	0.725339216965902	834
0.000738002359985002	0.54623867910786	834
0.00664439748927703	1.35008192137892	322
0.0958602647171281	0.715059134269568	16
0.033305757391599	1.34376723557109	288
-0.068888608021291	0.550473937505231	63
-0.075462724929209	1.07388716668237	613
-0.1144797153157	0.564836165632304	713
-0.013463543470227	1.04761111378959	84
-0.040984642666568	1.05712365102569	84
0.109087768090241	1.64104490994436	836
-0.094537715842546	1.0878910146017	193
0.050854518910077	1.49319526493812	322
-0.047788378239462	0.893546984050911	638
-0.117636216995833	0.755193658012028	432
0.048605439097329	1.3434482885374	140
0.029658371549424	0.876044119876328	16
-0.034427154474773	0.720503966046749	16
-0.034488849485152	0.720468393435574	63
0.0570389897545101	0.876068893169666	63
0.06499642695942	1.34337358185493	613
0.103033866383466	0.547002647083637	68
-0.093687596325703	0.556815343915179	613
-0.117726656968486	0.755137061573248	230
0.095728421926689	0.71474764956451	213
0.096045190403945	0.71521740606195	230
-0.00948297216359295	0.716317009145669	213
-0.105440013927859	0.746243486322818	84
-0.102892824114632	1.09601679332951	585
0.062981946315979	1.19173761511422	84
-0.047786521134555	0.893646188952004	84
-0.0744783213317211	0.907931257718215	84
0.114509042332921	1.49179521590005	84
-0.041350235724836	1.05583534291343	193
-0.068744366725657	0.550504504386003	474
-0.047966172659323	0.893003279514888	834
-0.105484204797017	0.746160392152551	834
0.048425717157609	1.34273423686814	140
-0.082870414313631	1.25344259480787	566
0.104485365196062	1.19060125563111	16
0.110980596244526	1.03523462833595	16
0.019645690220079	1.34711047923525	63
-0.078373926576007	0.334752594792006	26
-0.086986541001811	1.85867519122707	540
-0.097310114799334	0.922089071900685	29
-0.049159043373242	1.21805706362528	29
-0.086132046808583	0.915315495031397	230
0.00849064365066199	1.70091987225092	230
-0.047631853080645	0.893745440256349	230
-0.074409523922561	0.907961150041275	230
-0.069009749323291	0.550269762703352	213
-0.061781683898937	0.900334457737752	230
0.019836637271439	0.713404968703696	213
-0.09737001980072	0.922046657412508	84
0.029805492458163	0.876253399465802	84
0.064660584467212	1.34257191730296	193
-0.053576881343264	1.06179349904649	322
-0.038732764719704	1.21260238244331	436
0.019775988932957	1.34749998952816	436
-0.093633235422332	0.556851668428262	140
-0.032243402182025	0.886863139673553	140
0.083263244130408	1.03341522018339	288
-0.110457483672771	1.10479698598937	288
-0.015041411420137	1.20280591628288	288
-0.097355804075142	0.922023225954901	288
-0.032143436059116	0.887197185912437	613
-0.014212694019731	0.882184135183001	103
-0.075505684744288	0.729872927117449	103
0.096005188660324	0.715091406666411	103
0.046585173823348	0.546500154315464	103
-0.047767044610839	0.893455679522979	224
-0.038602818289241	1.21280319537105	230
-0.114309633309467	0.565096016504913	224
0.079810712083822	1.64310996433672	230
0.121544734482392	1.34648035126911	108
0.056997740262475	0.875971560613141	452
-0.034690003029282	0.720037016954227	238
0.124606951859006	0.879422159973387	238
0.000925784738588953	0.546494659096437	238
-0.078505335439038	0.334807235682389	185
0.014693051385642	0.33154041613148	185
-0.056369981508627	0.724978476831694	834
0.053936420092104	0.712011663513178	398
0.102965692838688	0.546844532922721	198
0.059167321086792	1.03401474616102	16
-0.07841782605487	0.334848424054662	292
-0.034710519982367	0.720057265798157	280
-0.038123899783875	0.546394638638759	63
0.088147206191863	0.876624686127254	63
0.046521365237415	0.546317748025171	63
0.054043307590794	0.71233864047186	613
-0.078505335439038	0.334807235682389	398
0.014898980443409	0.331545372027833	398
0.014486778123062	0.331447869942357	398
0.015015511027073	0.33174094912973	398
-0.078606608631892	0.334612044582887	398
-0.118067240793936	0.352507886935394	398
-0.107179100728306	0.92973763590959	125
-0.069009749323291	0.550269762703352	103
0.046455763646197	0.546406595576815	181
-0.094790001135022	1.08726824266035	378
-0.0505945781964861	1.39732658588185	373
-0.107376204489956	0.929717116730616	378
0.083008910713248	1.1915581116018	680
-0.078389101895223	0.334894991105506	826
0.046455763646197	0.546406595576815	452
0.102965692838688	0.546844532922721	452
-0.1143509382464	0.565110324997158	238
-0.078389101895223	0.334894991105506	185
0.0463911152322391	0.546294317805983	185
0.015015511027073	0.33174094912973	185
0.015015511027073	0.33174094912973	185
-0.00149838672597602	1.20010320360452	79
0.095939413203912	0.715148403086207	489
-0.117769832347249	0.755064489985336	489
-0.11770825070934	0.352703851644874	505
0.103021070490942	0.546910029300553	198
0.015337900306628	0.331772940313554	198
0.015748574968654	0.332008986763764	198
0.0464987030977601	0.546379576538645	198
-0.105583867075268	0.745966621458554	12
-0.082939626696729	1.25309466953673	12
0.000933106370409997	0.546451336382571	280
0.019703353807297	0.713361334384664	280
0.033834418693116	1.34436368116304	103
0.104981821066923	1.19067737113308	103
0.014280160087122	0.331303341451248	105
0.000738002359985002	0.54623867910786	103
-0.00950486671759099	0.71628739187994	103
-0.117944825210674	0.352583555456159	181
-0.117953601258673	0.352597545210657	181
0.0197321128944981	0.713348024140361	224
0.057079546232314	0.876013322945726	130
0.124694274441782	0.87946409221883	130
-0.078461628969253	0.334855559136084	826
-0.117962360601882	0.352531037221759	826
0.015015511027073	0.33174094912973	826
0.102952818714724	0.546952016374648	185
-0.0914911836154521	0.737936472431871	489
-0.075265612766468	0.730591999029455	252
0.00040516444919303	1.9203384687516	594
-0.015919288885732	1.36007683739322	594
-0.117717152571787	0.352728572431533	198
-0.038243807178627	0.546272322571263	198
-0.105354399292856	1.3074733192242	12
-0.078505335439038	0.334807235682389	292
0.103127837722916	0.547021736367706	292
-0.093713481518941	0.556786806671946	280
0.0960185262887709	0.715177552485163	280
0.028071648445849	1.19435493506341	63
0.019812401916228	0.713361601759979	63
-0.114309633309467	0.565096016504913	103
-0.068920586653216	0.550270340745516	103
0.0464775407151	0.546436206750712	105
0.013957208446354	0.331045765272962	398
-0.078301301726967	0.33479207593374	398
-0.078389101895223	0.334894991105506	181
-0.118067240793936	0.352507886935394	181
-0.118067240793936	0.352507886935394	224
0.0540759902405999	0.71233853678782	224
-0.069018561500326	0.550257678966188	224
-0.117822189095331	0.352614000083049	826
-0.114392293153171	0.565062488780271	452
0.095807667058939	0.714953390541008	452
-0.06879064009276	0.550510843550439	452
-0.078505335439038	0.334807235682389	185
-0.0785341312035151	0.334774054050095	185
-0.078650217757543	0.334563833199289	185
-0.105511939295674	0.746134185761975	489
-0.117727937602491	0.754992801818356	489
-0.032093890285498	0.887294539119594	489
0.000906909127949995	0.546464500138251	505
-0.061719854471379	0.900774587426414	252
-0.078389101895223	0.334894991105506	198
0.014486778123062	0.331447869942357	198
-0.117953601258673	0.352597545210657	198
-0.039387674551178	1.58867473875132	384
0.046521365237415	0.546317748025171	292
0.124628789666772	0.879497475996617	280
-0.093795012818503	0.556596773272788	280
-0.00940645375145599	2.23837611705648	125
-0.093714773776065	0.556752931738205	103
-0.105517435290424	0.746127570500988	103
-0.009587467073083	0.716052689303468	103
0.102684638589434	0.546640068159778	105
0.019542789124791	0.712950921861263	105
0.095794375808675	0.714954580622306	103
0.110894220256796	1.03509807893631	224
0.01959729993245	0.713177830099595	224
0.053922568196068	0.712192740421232	224
-0.059117497863163	1.82818477434569	373
-0.027679574162621	1.05209794604211	680
0.015221229893607	0.331833236925771	826
-0.068865476075376	0.550455151752996	452
-0.114394671114916	0.564999444831835	452
0.019730612762067	0.713415955765321	452
-0.117953601258673	0.352597545210657	452
0.029791212723478	0.87618166578806	238
0.014280160087122	0.331303341451248	185
-0.078373926576007	0.334752594792006	185
-0.078548945585607	0.334664702764609	398
0.102684638589434	0.546640068159778	185
0.0959660513274599	0.715188219408872	185
0.014486778123062	0.331447869942357	185
0.0146030411225651	0.331368587604412	398
0.083364510466996	1.0333439074746	489
-0.068776381624331	0.550338989627559	505
-0.0690472089351411	0.550087943030729	252
0.015015511027073	0.33174094912973	198
0.015426605459758	0.331837835999836	398
-0.013487619127619	1.04751177707408	12
0.04652044983038	0.5464742420311	292
-0.117839866964325	0.352652701983811	292
-0.078621350507474	0.334583333907498	292
-0.093634539795058	0.556840951197036	103
0.029759197934658	0.876098849488952	103
-0.034451749180172	0.720304017679708	103
-0.117705022583164	0.755088597750196	709
-0.117953601258673	0.352597545210657	224
-0.117831036354394	0.352673317989728	224
-0.03817729563763	0.546419306318742	130
-0.118075945617532	0.352475981362613	130
0.10283324740414	0.546614527098771	452
-0.03785957873798	0.546631460156574	452
-0.038269833231409	0.546202489300631	452
0.046542286709821	0.546503907985386	452
-0.078373926576007	0.334752594792006	185
-0.117953601258673	0.352597545210657	398
0.10276529812906	0.546766261298029	185
-0.0785341312035151	0.334774054050095	185
0.015221229893607	0.331833236925771	185
0.057042625100332	0.875866889947216	372
-0.075360327795692	0.730605303796533	489
0.000906909127949995	0.546464500138251	505
-0.078461628969253	0.334855559136084	252
0.028134548415367	1.19450509731524	12
-0.079193946306217	1.46844458407797	384
-0.078360353986935	0.334844260911513	292
-0.113853705777532	1.33869208074894	125
-0.068828051153055	0.550519576410294	103
-0.037965096577225	0.54650813320988	103
-0.117822189095331	0.352614000083049	105
0.014693051385642	0.33154041613148	398
-0.078461628969253	0.334855559136084	181
-0.114392293153171	0.565062488780271	224
0.102778255844793	0.546757450411459	224
0.013957208446354	0.331045765272962	181
-0.00948297216359295	0.716317009145669	224
0.028208735398778	1.19488022263922	378
0.102684638589434	0.546640068159778	130
0.101143232558225	1.34481066344303	108
0.00608849815106505	0.878038277979379	108
-0.117726656968486	0.755137061573248	680
-0.117944825210674	0.352583555456159	452
-0.078389101895223	0.334894991105506	452
-0.078389101895223	0.334894991105506	452
-0.118067240793936	0.352507886935394	452
0.000842858445567973	0.546344713229705	238
0.015748574968654	0.332008986763764	398
-0.07841782605487	0.334848424054662	185
0.014370521412146	0.331143915642908	185
-0.07834525013681	0.334887885324188	185
-0.0689348713150461	0.550417910328223	372
-0.070859033442673	1.67147764025657	79
-0.075099785714108	0.731011849257144	505
-0.105329368844515	0.746284308031319	594
-0.078461628969253	0.334855559136084	252
-0.118189436041763	0.352386442821737	252
-0.00946363872669098	0.71628986382389	12
0.102859024632958	0.546883761518186	280
-0.078505335439038	0.334807235682389	398
-0.038164270843655	0.546436820610805	103
-0.11456244962031	0.564789288279985	105
0.015015511027073	0.33174094912973	105
0.046455763646197	0.546406595576815	105
-0.078505335439038	0.334807235682389	398
0.095886876869285	0.715098908302365	224
-0.118067240793936	0.352507886935394	224
-0.078243973092459	0.334811636820967	181
-0.076439805452754	1.68041056760048	373
-0.101575228210216	1.72488191244569	373
-0.07834525013681	0.334887885324188	452
0.000868604531952033	0.54636055890442	452
0.000752556247718972	0.54618955126339	452
0.014486778123062	0.331447869942357	452
0.088167685316824	0.876715975962942	185
0.015748574968654	0.332008986763764	185
0.00524791087238596	1.51518952691938	79
-0.00954614284563804	0.716208123014226	489
0.102684638589434	0.546640068159778	505
-0.118302831993215	0.35225745754692	505
0.063123226729219	1.19203017545296	594
0.059095391321302	1.03384859375676	12
-0.014367538669431	0.881939579689503	292
-0.118189436041763	0.352386442821737	550
-0.06897230342571	0.550378261045452	103
-0.037952022220819	0.546600633082636	224
-0.093873988890348	0.556465424559561	224
-0.00950486671759099	0.71628739187994	108
0.0148094482928141	0.331596623912213	398
0.015748574968654	0.332008986763764	826
0.015543409119394	0.331916984826515	826
0.0463911152322391	0.546294317805983	185
-0.0785341312035151	0.334774054050095	505
0.000842858445567973	0.546344713229705	505
-0.078505335439038	0.334807235682389	505
0.029678541744073	0.876127577905722	489
-0.105489641162824	0.746060970486816	252
0.083277918827538	1.0334434765609	252
0.102791231826911	0.546553226745956	198
-0.0784328571216441	0.33484663200897	198
-0.078461628969253	0.334855559136084	198
-0.078693730736367	0.334421561941284	198
-0.056196679117971	0.725326387420048	12
0.124692022634661	0.879589807933839	280
-0.056203011811603	0.725361460329095	63
0.015337900306628	0.331772940313554	398
0.014693051385642	0.33154041613148	103
-0.078548945585607	0.334664702764609	105
0.0148094482928141	0.331596623912213	105
0.103008292739814	0.546628030187236	130
0.102939962809722	0.546934303038246	108
-0.078621350507474	0.334583333907498	372
-0.114390046918761	0.564835652312894	372
-0.038097810402228	0.546539513612059	252
-0.078505335439038	0.334807235682389	198
0.000835561993079992	0.546388049889566	292
0.053982942164289	0.712290972688709	292
0.088496435764204	0.876750997609456	292
0.00215455005774701	1.04284166987221	103
-0.11770825070934	0.352703851644874	398
-0.078505335439038	0.334807235682389	103
-0.117839866964325	0.352652701983811	103
0.0146030411225651	0.331368587604412	103
0.015221229893607	0.331833236925771	398
0.014486778123062	0.331447869942357	181
-0.078461628969253	0.334855559136084	181
0.014280160087122	0.331303341451248	181
-0.078548945585607	0.334664702764609	181
0.019810889993383	0.71345620863575	224
0.09723196992482	1.49220374540168	378
-0.031966030662083	0.887390982130806	378
0.114836222774854	1.49352763629717	378
-0.0412616391410871	1.05660823336923	378
-0.118067240793936	0.352507886935394	130
0.015221229893607	0.331833236925771	130
0.014280160087122	0.331303341451248	826
0.014693051385642	0.33154041613148	803
0.014693051385642	0.33154041613148	398
-0.068986622168958	0.550250990209298	372
0.015221229893607	0.331833236925771	505
-0.038058706791953	0.546490151457986	252
-0.0784328571216441	0.33484663200897	198
-0.117594217230099	0.352759200610373	198
0.046651134742099	0.546411601881918	34
0.0148094482928141	0.331596623912213	550
0.014898980443409	0.331545372027833	550
-0.0689580026679329	0.550340898981373	613
0.0148094482928141	0.331596623912213	398
-0.00973815479858298	0.715665834235111	103
0.04634816214787	0.546154657785757	103
-0.118058519259127	0.352454317015294	105
0.014898980443409	0.331545372027833	398
-0.117944825210674	0.352583555456159	103
0.046455763646197	0.546406595576815	181
0.057099511523633	0.875925684919515	108
-0.075179306075391	0.730944843671607	363
0.0146030411225651	0.331368587604412	398
0.015221229893607	0.331833236925771	246
-0.118067240793936	0.352507886935394	826
-0.117936032506574	0.352484678840578	803
0.0958602647171281	0.715059134269568	143
0.054052727722994	0.712385443173546	143
0.000975541614245956	0.54652601352424	143
-0.114287758365962	0.565136977878951	172
-0.0688511853149521	0.550507144497065	172
0.015426605459758	0.331837835999836	428
0.014280160087122	0.331303341451248	398
0.044959755060749	1.19329049546186	12
-0.056529670606519	0.72471398612247	34
0.00100588235915999	0.546466020766528	34
0.0958602647171281	0.715059134269568	103
-0.038190324491453	0.546366920879928	103
0.046586231010875	0.546385529373198	360
0.037844948212315	1.035864581319	360
-0.038243807178627	0.546272322571263	181
0.015221229893607	0.331833236925771	181
-0.058664468268621	1.83070582958481	336
0.1147379811809	1.49344761519083	318
-0.1144797153157	0.564836165632304	318
-0.038362384578601	0.545889308090842	318
0.000868604531952033	0.54636055890442	130
-0.038151250108503	0.546420854556282	130
-0.0784328571216441	0.33484663200897	246
-0.0785341312035151	0.334774054050095	246
-0.093635845378272	0.55666836352301	237
0.015426605459758	0.331837835999836	803
0.019651818943123	0.713251012434848	572
-0.0914838230419121	0.737886173087118	143
0.059067759938325	1.03356279726757	143
0.014486778123062	0.331447869942357	505
0.102939962809722	0.546934303038246	539
0.014486778123062	0.331447869942357	398
-0.107530277002991	0.929267725727395	12
0.013228256631285	1.89496727537696	12
0.054043307590794	0.71233864047186	551
-0.117953601258673	0.352597545210657	551
-0.091512814535612	0.737872493085191	34
0.0959660513274599	0.715188219408872	34
-0.0688049167957639	0.550500792823466	103
-0.0937678377201721	0.556691762056095	103
-0.037872662852266	0.546578998958016	105
0.046607070563234	0.546529871565748	103
-0.118075945617532	0.352475981362613	181
0.0540898352208991	0.712440424822514	360
-0.03455853387248	0.72034999379427	360
-0.118180785688706	0.352378760345744	181
0.062985633590449	1.19173577774607	318
-0.061519330332988	0.90092515889027	318
-0.061961526187344	0.899688093586242	318
-0.0688049167957639	0.550500792823466	130
-0.07834525013681	0.334887885324188	130
-0.040830423800739	1.05702150172785	363
0.103046680452927	0.54697101885335	246
0.054126930245297	0.712400573859308	246
-0.038217797351742	0.546205431700173	246
-0.117717152571787	0.352728572431533	246
0.013957208446354	0.331045765272962	517
0.0464775407151	0.546436206750712	803
0.0159533984203279	0.332013285790487	519
0.000906909127949995	0.546464500138251	372
-0.093634539795058	0.556840951197036	143
-0.117699332254476	0.352559690893245	505
0.046607070563234	0.546529871565748	505
0.08241882371762	1.34354370639995	596
0.057099511523633	0.875925684919515	172
-0.118067240793936	0.352507886935394	539
0.014370521412146	0.331143915642908	539
-0.037925885706574	0.546670662650068	539
0.000723403080248986	0.546133424431026	539
0.013159187619818	1.19748268471083	12
-0.117953601258673	0.352597545210657	551
-0.038018362492673	0.546618402945273	34
-0.0688511853149521	0.550507144497065	34
0.046585173823348	0.546500154315464	34
-0.032115420952139	0.887063995087717	34
-0.068767503504533	0.550523279279906	34
-0.014301256463164	0.881994742874262	789
-0.1167874272822	0.937344021803701	103
-0.07841782605487	0.334848424054662	181
0.000820935056823013	0.546362059972189	181
-0.114414141529456	0.565049160716253	360
-0.068828051153055	0.550519576410294	360
-0.093822185919136	0.556462972229039	360
0.053801794734888	0.711838320934994	181
-0.0689348713150461	0.550417910328223	130
0.000813604587608041	0.546288457112092	130
0.048556031843905	1.34287488777799	363
-0.0744783213317211	0.907931257718215	363
-0.0562896829235851	0.725279210160063	246
0.110669281101696	1.03393509779888	246
0.0379340453759029	1.03601928624716	237
0.10276529812906	0.546766261298029	572
0.103115083689341	0.546978454245952	803
0.000835561993079992	0.546388049889566	505
-0.0561364250077741	0.725408162069438	172
0.000906909127949995	0.546464500138251	172
-0.00956560269345297	0.716014111872294	172
-0.07841782605487	0.334848424054662	539
-0.093713481518941	0.556786806671946	539
0.026240223624948	1.50103571520006	12
0.015221229893607	0.331833236925771	551
-0.11770825070934	0.352703851644874	551
0.0195170056224649	0.712923438298306	34
0.083080227669903	1.19169639772161	34
0.121465291290487	1.34597855153997	838
0.037924286816344	1.49645688048026	217
-0.028114510237754	1.05134406336418	789
-0.0938196340612309	0.556560417149379	360
0.053899309122687	0.712078870782328	360
-0.10073008142511	1.54311860530845	336
-0.0817610459506271	1.852844888542	336
-0.093793732675255	0.556658827111305	246
-0.078505335439038	0.334807235682389	246
0.124670173944602	0.879514467652847	246
0.102846126923184	0.546816711265645	517
0.102859024632958	0.546883761518186	519
0.104732622345085	1.1915453359869	143
-0.0148295636543691	1.20317538530993	143
-0.118067240793936	0.352507886935394	505
-0.00980136155391997	0.715415466259179	172
0.102859024632958	0.546883761518186	539
0.102859024632958	0.546883761518186	34
0.0662466327656031	1.64456450163054	838
-0.064699049770683	1.06781695888939	838
0.015035232401836	1.50711405670339	217
-0.117749589696493	0.755071497473236	789
-0.047742079051906	0.893735002556287	103
0.083047188491951	1.19157078006918	103
0.014486778123062	0.331447869942357	181
-0.0689348713150461	0.550417910328223	360
-0.056329826930416	0.725194243207079	318
0.000906909127949995	0.546464500138251	363
-0.118189436041763	0.352386442821737	246
-0.117839866964325	0.352652701983811	246
-0.038164270843655	0.546436820610805	246
-0.0784328571216441	0.33484663200897	803
-0.078505335439038	0.334807235682389	519
-0.078331582322939	0.334620740436342	519
0.10276529812906	0.546766261298029	519
-0.07834525013681	0.334887885324188	519
-0.117814359581541	0.754969453206023	372
-0.03466531760267	0.720222122204125	143
-0.0561628696494561	0.725260835339231	143
-0.078461628969253	0.334855559136084	505
0.103209164762305	0.546997639818529	172
-0.009397923564752	0.716379445772882	172
0.083059589804784	1.19157060983573	596
0.000835561993079992	0.546388049889566	539
0.014486778123062	0.331447869942357	428
0.015337900306628	0.331772940313554	428
-0.014218314792961	0.882220466103133	12
-0.056223086852438	0.725364716029639	12
0.014486778123062	0.331447869942357	551
0.054006203687662	0.71236161428316	34
0.00629076915346605	0.878098712564522	34
-0.042758465089152	1.38684796615372	789
-0.061858370976883	0.900214786798549	789
-0.105699996119871	0.745582086543981	103
0.00108248032217095	0.546477609134593	181
0.0464987030977601	0.546379576538645	360
0.0464775407151	0.546436206750712	181
-0.107282769311172	0.929803969905418	318
-0.061940948109063	0.899938438277122	318
-0.078461628969253	0.334855559136084	826
0.01959729993245	0.713177830099595	246
-0.093741949229363	0.556657931195888	246
-0.037938951930853	0.546653091630455	246
-0.03785957873798	0.546631460156574	246
0.046499407903853	0.546409161577071	519
-0.075230050713224	0.73089510779261	143
-0.038097810402228	0.546539513612059	143
0.124798937057536	0.879642881682537	143
-0.034644784961524	0.720233940388528	143
-0.038138233431129	0.546369917782611	143
-0.093848084174891	0.556501472754065	172
-0.078476515936851	0.334704051901253	539
-0.078461628969253	0.334855559136084	539
-0.078505335439038	0.334807235682389	428
0.014280160087122	0.331303341451248	551
-0.117612113623613	0.35260417148075	551
-0.056110035317386	0.725387802180536	34
0.054029465539626	0.712392747137759	34
-0.117787624698042	0.754947055258201	103
-0.056249549463771	0.725241835891252	360
0.019757873763193	0.71343453825599	360
-0.093472758411958	0.556777040081062	360
-0.056442980480535	0.724970191323271	318
0.111031333336569	1.03530716996443	318
0.00620404769619598	0.878282403779708	363
0.088426513183818	0.876968530518498	363
-0.013494580257075	1.04765643793505	363
0.000967604056485993	0.546403961082126	246
0.00093724327286504	0.546463920727753	246
0.014164037484612	0.331138547182105	517
0.019542789124791	0.712950921861263	572
0.046434076670658	0.546311995607716	572
0.00100588235915999	0.546466020766528	519
0.046434639915807	0.546296788418666	519
-0.091563425171925	0.737733978227596	372
0.088299255605635	0.876921147738516	372
-0.009376027707654	0.716340876958858	143
-0.114582075910729	0.56468317897638	143
-0.0750778144669611	0.730926283215142	143
0.000906909127949995	0.546464500138251	143
0.0882744474039731	0.876904626318797	143
0.103127837722916	0.547021736367706	505
-0.093607359992403	0.556873595673821	172
-0.078272649288975	0.334885576734114	539
-0.117831036354394	0.352673317989728	428
0.054029465539626	0.712392747137759	12
-0.117480088539026	0.352775239077962	551
-0.118058519259127	0.352454317015294	551
0.0196488420251461	0.713134344128434	34
-0.118189436041763	0.352386442821737	34
-0.100589698689818	1.29228757036704	217
-0.064968294526264	1.06749372412312	789
0.088081397256763	0.876441822856445	103
0.0569260238839731	0.875889445927199	103
-0.038058706791953	0.546490151457986	103
0.000868604531952033	0.54636055890442	103
-0.038097810402228	0.546539513612059	103
-0.075338358839328	0.730608547549115	360
-0.117717152571787	0.352728572431533	181
-0.11795206424608	0.754481445661393	318
-0.105522891897071	0.746061653274897	318
-0.047722570075366	0.893484599423995	318
0.04652044983038	0.5464742420311	130
-0.032076745713344	0.887223799528974	363
0.095846953081435	0.714973032125146	246
-0.078360353986935	0.334844260911513	246
-0.078461628969253	0.334855559136084	517
-0.07834525013681	0.334887885324188	572
0.015543409119394	0.331916984826515	519
0.124650622700453	0.879529294170625	372
-0.014245776865652	0.882094926568233	159
0.00618988299767798	0.878184327755235	159
0.102697656326824	0.546485183471197	143
-0.114667188367955	0.564468843581473	143
0.000850143544644966	0.546259365345522	505
-0.068799520105544	0.550222858983593	172
-0.117831036354394	0.352673317989728	172
-0.117944825210674	0.352583555456159	428
-0.093713481518941	0.556786806671946	12
0.095939413203912	0.715148403086207	12
-0.00927167395286799	0.716368602560022	551
-0.0753027417682089	0.730745213604403	102
0.062943864768048	1.191553536501	102
0.037979947318122	1.03599825784092	102
0.064734052912425	1.34259588697807	102
-0.092452557839675	1.51440243789274	115
-0.038018362492673	0.546618402945273	796
-0.047942998623595	0.893115623612475	796
-0.068753242964403	0.550415978264737	246
0.00603780700662404	0.877900542338017	237
0.029652411017309	0.876046324491345	237
-0.116762946155422	0.937322985342034	237
-0.0937678377201721	0.556691762056095	237
-0.0690791295365431	0.550136803431229	237
-0.117683357312083	0.754983013953783	237
-0.034624257244852	0.720213691471364	572
-0.093634539795058	0.556840951197036	572
-0.0948850352839889	1.27948747823405	159
0.0567993662499941	0.875643455159383	143
0.096031860202732	0.71521854127108	172
-0.085503284222037	1.08048106906524	72
0.046692809085248	0.546310616907891	539
0.000813604587608041	0.546288457112092	428
-0.053625975275001	1.06153253845877	168
0.121579241944136	1.34664382019838	12
0.053992347414343	0.712287188803804	551
-0.056203011811603	0.725361460329095	12
-0.086368763547116	0.914954942123672	12
0.012874677711147	1.89367562739039	217
-0.041107446586097	1.05699832065677	103
-0.091520158642753	0.737866944239932	103
0.083328528866371	1.03354848355549	360
-0.058716175822627	1.22588896837358	115
-0.105672173010011	0.745550244733414	363
0.00104417444327998	0.546490588732559	826
0.082991774472414	1.19153089976538	115
-0.06161069615358	0.900852092260805	115
0.00691561122628104	1.3507189695095	115
0.054113099523654	0.712433124334927	237
-0.0856949074817051	1.07988295557945	159
0.043892792122802	1.65859335061003	159
0.064627720444916	1.34232074222571	159
-0.117950755761871	0.754646460526412	72
0.029678541744073	0.876127577905722	172
-0.085466923146523	1.08037187415573	168
-0.014085797257662	0.881942502092341	12
-0.061940948109063	0.899938438277122	12
-0.118067240793936	0.352507886935394	551
0.029678541744073	0.876127577905722	103
-0.114477368199382	0.564955794700488	103
0.020466790080879	1.88429263247574	217
-0.117095092195971	1.88218886078025	102
-0.114390046918761	0.564835652312894	360
0.083089708710017	1.03299701464245	102
-0.00929097935216106	0.716286685859482	237
0.124692022634661	0.879589807933839	237
0.110901057078109	1.03510192101129	237
-0.013570554086008	1.04748813594832	159
0.102965692838688	0.546844532922721	572
0.000933106370409997	0.546451336382571	572
0.0552801741450391	1.65213665333774	159
0.076693104990426	1.99428320662831	159
0.019623073931675	0.713199877922648	172
0.0571251657062371	0.876064091324464	549
-0.118067240793936	0.352507886935394	539
-0.093713481518941	0.556786806671946	539
-0.053396665048793	1.06192901400815	12
-0.027407018182336	1.20713468813824	12
-0.037833422710626	0.54663314479618	34
-0.114159832411859	1.33748277286258	217
-0.09160662357424	0.737350420555122	217
0.038177040228257	1.49688994747133	102
0.06086891013587	1.82399343656996	102
-0.00946108220693898	0.716312897226207	318
-0.082532393455994	1.25437586590097	115
0.088253967328347	0.876895031568286	246
-0.114455530711662	0.564969109409345	246
-0.056309753607088	0.725252132108966	796
-0.034292046516966	0.720329235151546	237
0.00207037742284499	1.04327733917473	159
0.00625471881051498	0.878377284568606	572
0.111031333336569	1.03530716996443	572
0.080462671068369	1.49144200419282	72
-0.014845955142913	1.20342767878045	72
-0.038868568883472	1.21205194444814	72
0.053862185711166	0.712043859085995	172
-0.085739008343781	1.07952274831333	72
-0.034504701678779	1.37715886083337	72
0.029744976750487	0.876220495142696	549
0.015015511027073	0.33174094912973	539
0.0960185262887709	0.715177552485163	539
-0.00952676586833701	0.716223363511951	539
-0.074405840491905	0.907958583834085	168
0.019066457641215	1.03916078046145	12
0.000828254194413014	0.546393815900103	551
0.046261931560581	0.545830276161741	551
-0.075157329972544	0.730871953373625	12
0.110958668542659	1.0350695298605	34
-0.117798200896814	1.35440296252829	102
-0.068897453062561	0.550386522987246	318
-0.078389101895223	0.334894991105506	461
-0.086207835158528	0.915211217675302	115
-0.041107446586097	1.05699832065677	115
0.121544734482392	1.34648035126911	115
-0.015814158680081	1.36069608677095	115
0.097142217442158	1.49202147122254	159
-0.034620164127948	0.720314515791548	143
-0.116828553000544	0.936973357609603	72
0.101083341837302	1.34463203813909	72
0.037935411346761	1.03593867819086	549
-0.065196759810787	1.06686936717027	168
-0.00933478747411098	0.716400610903666	12
-0.114287758365962	0.565136977878951	98
0.046455763646197	0.546406595576815	98
-0.114645383517838	0.564482119242229	12
0.0589847331173869	1.03345551139813	12
0.057190702343613	0.876001630236121	34
-0.0410001156286191	2.24537795696472	769
0.093401323443048	1.80044712865549	102
-0.094736412314917	1.08663897036915	273
-0.06524565768212	1.06658261701659	273
-0.116828203132575	0.937247717891889	273
0.056886108648653	0.875870098818518	345
0.00635606365248198	0.8784329139172	345
0.029785323019797	0.876278188632412	345
-0.00515729821948696	1.35432239208742	115
-0.086136906782229	0.915280034381184	115
-0.086066061793323	0.914982912004445	159
0.088323975105609	0.876712007857932	143
-0.0745581760456689	0.907812036948747	72
-0.107130721166105	0.929952511564377	72
-0.061784707996223	0.900561830808657	72
0.0592005274362371	1.03406717617637	72
-0.075337797939672	1.07333282856076	72
-0.013715544455531	1.04700328113007	72
0.056839272418555	0.875738642983419	549
-0.086173210947695	0.915158835611847	549
-0.116779172235727	0.937380502905143	168
0.064791428863037	1.34284244025504	168
-0.069009749323291	0.550269762703352	12
0.088299255605635	0.876921147738516	12
0.09625944462267	1.97495066799926	102
-0.075621101304154	1.24307380237917	102
-0.053306685740365	1.06231545286727	102
-0.03789976545186	0.546603825490813	461
-0.014466885368716	0.881548314584778	345
0.019597424068076	1.34652580875181	115
-0.086318247239868	0.915011562788748	115
-0.00139217254952595	1.20024206111399	115
0.060875227289581	1.82233572198539	231
0.096824918238346	1.4912882230078	159
-0.0742060457492521	1.45333692460102	159
0.033427156568527	1.66553640979186	159
-0.093766553916435	0.556691460943664	143
-0.032016381316028	0.887325187057895	143
0.068723351427742	2.00862674281955	72
-0.047786521134555	0.893646188952004	72
-0.074665056110531	0.907604522414571	72
-0.064943831329579	1.06759296221992	284
-0.06879064009276	0.550510843550439	98
0.095807667058939	0.714953390541008	34
0.016170025495294	1.6882534030443	102
0.124648320481278	0.879392721604264	355
0.00622582819322903	0.878367710877533	115
-0.082238035853342	1.25451140452061	115
-0.00424917427897498	1.52388371043363	115
-0.056329826930416	0.725194243207079	345
0.101080187780798	1.34449322278444	115
0.00505748583997101	1.51513700591815	115
-0.032027297800702	0.887478390747786	159
-0.078577788973047	0.33472577676997	66
0.059017951373843	1.03360554069033	143
0.088208628204057	0.876775252081621	143
0.088319752008557	0.87697089157298	143
-0.114414141529456	0.565049160716253	549
0.00202440400958503	1.04316262573777	549
0.0536948900998751	0.711279478933346	549
0.0148094482928141	0.331596623912213	837
0.064881681947208	1.34322017373348	12
-0.105570788963377	1.30661256951713	217
0.109229169211046	1.64079990092859	102
0.0882744474039731	0.876904626318797	345
-0.03475156865274	0.720001626855283	345
0.088212991807193	0.876753983698396	345
0.00640673736094199	0.878384832764653	345
-0.105340355861937	0.74623819424696	345
-0.068828051153055	0.550519576410294	345
-0.0677595200479409	1.23287441625647	115
-0.0674476708510789	1.23402469642136	159
0.083241583011624	1.03346831717552	143
-0.118424658373659	0.352048010847615	66
0.053945827600581	0.712263366492621	143
0.110966956387583	1.03505510653953	143
-0.049260967783342	1.21839325466087	72
0.053945827600581	0.712263366492621	98
-0.078606608631892	0.334612044582887	837
0.103046680452927	0.54697101885335	837
0.019650330598824	0.713292319767363	98
-0.038005310085013	0.546635957220775	34
-0.094759358611647	1.08742780826196	102
-0.056442980480535	0.724970191323271	273
0.028254433348515	1.19496713133252	273
-0.105484204797017	0.746160392152551	115
-0.091534428452937	0.737747668005716	115
-0.011972957828944	1.74169853366358	115
-0.109718965803946	1.32305256747327	231
0.00206647835623297	1.04331588208761	159
-0.078461628969253	0.334855559136084	66
-0.117612113623613	0.35260417148075	66
-0.093660416875415	0.556847987421022	143
0.088188159320898	0.876765674012669	143
0.063176038750646	1.1919051156919	143
-0.114309633309467	0.565096016504913	143
0.028194495595009	1.19484124386267	72
-0.038005310085013	0.546635957220775	299
-0.047448489757749	0.893571618451685	72
0.088212991807193	0.876753983698396	98
0.0146030411225651	0.331368587604412	837
-0.078389101895223	0.334894991105506	837
-0.118067240793936	0.352507886935394	837
0.095688575970209	0.714621981252469	98
0.08053751926401	1.49164429197063	12
-0.001604604934212	1.19979476321976	12
0.102859024632958	0.546883761518186	34
0.025810692556029	1.50065639062143	102
-0.117953601258673	0.352597545210657	461
0.056972845941745	0.876009460002654	345
0.101220455843531	1.34496730981054	115
-0.053552346369081	1.06187902594032	115
-0.068870328397696	1.43839816523627	115
0.063020027636431	1.1918827233992	159
0.00611737708100402	0.878151626612986	143
0.110843468261436	1.0349698612074	143
-0.105661295181724	0.745740415085043	143
-0.091440565917268	0.738008800795051	143
-0.093661717601255	0.556778539148937	299
0.029779355852249	0.875998192850076	549
-0.0855224827536279	1.08029328045113	168
0.046326504549897	0.546125168287339	98
-0.078373926576007	0.334752594792006	837
0.088142785712204	0.876592296547469	50
-0.068828051153055	0.550519576410294	50
-0.11770825070934	0.352703851644874	34
0.102846126923184	0.546816711265645	34
-0.117532008472324	1.1149096768825	102
-0.032160446118549	0.886953196383209	102
0.102871940568314	0.546825607663817	355
0.014693051385642	0.33154041613148	461
-0.078360353986935	0.334844260911513	461
0.081641110399885	1.80574195163011	159
0.10661336351506	1.79718844684116	159
-0.075201265336757	0.730950141111018	143
0.054126930245297	0.712400573859308	299
-0.00950486671759099	0.71628739187994	98
0.00625471881051498	0.878377284568606	98
0.088208628204057	0.876775252081621	98
-0.117831036354394	0.352673317989728	837
0.12467245095911	0.879518477267215	12
-0.058749028611729	1.22570100121702	102
0.096857547476086	1.49136668824393	102
-0.00940053415313302	0.716310987457703	273
-0.1143509382464	0.565110324997158	355
-0.117944825210674	0.352583555456159	461
0.124713866550428	0.879621645016318	345
-0.100339339429453	1.29321052362724	115
-0.107347534992546	0.929670623641075	115
-0.012320635979695	1.53545301775581	231
-0.117615666034488	1.3547209617878	159
-0.117644891149439	1.11461458830892	159
-0.00417927638690296	1.52399088431795	159
-0.013498056537117	1.04762090174277	159
-0.0784328571216441	0.33484663200897	66
0.015426605459758	0.331837835999836	66
-0.117944825210674	0.352583555456159	66
0.0882949223562151	0.876874066340018	143
0.019729112390332	0.713290552810038	143
-0.0562896829235851	0.725279210160063	143
-0.038018362492673	0.546618402945273	299
0.019706346180374	0.713178111821541	299
0.124757540055081	0.879556465011343	549
-0.0784328571216441	0.33484663200897	837
0.0882744474039731	0.876904626318797	50
0.000828254194413014	0.546393815900103	34
-0.068865476075376	0.550455151752996	34
0.037019209525175	2.05202631336369	217
-0.117487285056746	1.1150576071802	102
-0.027897039468303	1.0520455260929	102
-0.057273503368118	1.41013726272668	102
0.053992347414343	0.712287188803804	461
-0.117953601258673	0.352597545210657	461
-0.075280794560489	0.730809985770197	345
-0.102859765009184	1.09590252408795	115
0.121758742985359	1.34702616334488	159
-0.034620164127948	0.720314515791548	72
-0.032066019144699	0.887416346257647	72
-0.114457852611772	0.564938315062389	549
-0.068888608021291	0.550473937505231	549
0.063020027636431	1.1918827233992	284
-0.037860615541398	0.546097047326584	837
0.103046680452927	0.54697101885335	98
-0.03218745776378	0.886874345286013	12
0.095992674622349	0.715056204037152	50
0.088406015823902	0.876999052332249	50
0.054029465539626	0.712392747137759	50
0.074171693014939	2.18791027951561	217
-0.109761582431722	1.32293463871754	217
-0.056978945367873	1.41091517561091	102
-0.075830235209463	1.07292812723191	273
-0.0688511853149521	0.550507144497065	355
-0.093527128721198	0.556862079721386	461
0.054066571244214	0.712409287520356	461
0.064898470399567	1.49105641444973	115
0.019521006152478	1.34589971303228	115
0.09709350046872	1.49212000062542	159
-0.03462776545484	1.37708036129683	159
-0.047784591540385	0.893566987603525	143
-0.078301301726967	0.33479207593374	66
-0.037886711419733	0.546512641902705	66
0.0296987094765629	0.876174282801604	143
-0.014356332582474	0.881907989499645	72
-0.0617138612136901	0.900404992648911	72
0.00214283804024495	1.04338505565756	72
0.029733021227586	0.875715636972576	549
0.110872259841323	1.03505656752825	549
-0.117839866964325	0.352652701983811	431
0.0823560595764899	1.3436500093905	168
0.0883650057201501	0.876939662208736	98
-0.086382884624882	0.914806176177251	12
-0.03475156865274	0.720001626855283	50
0.00093724327286504	0.546463920727753	34
0.044942296135598	1.19325560896992	273
0.054020044257878	0.712224739731663	355
0.04652044983038	0.5464742420311	461
0.088451251285341	0.876940780207278	461
0.012928084081733	1.1969180152344	115
0.065070843742232	1.49179105429293	115
-0.038436256388577	1.21315350074354	115
-0.075351280484981	1.24372344970137	231
0.095912760237026	0.71492320367444	143
-0.014373080836514	0.881843108235517	143
-0.0747031417441501	0.907468143616762	143
-0.056329826930416	0.725194243207079	549
-0.047742079051906	0.893735002556287	549
0.096110950864864	0.715171097862936	431
-0.01474014924864	1.20356454074483	168
-0.034595628625286	0.720221394792428	98
-0.068995432562999	0.550334672525007	98
0.000933106370409997	0.546451336382571	34
0.095886876869285	0.715098908302365	34
0.074197257687564	2.18840360190438	102
0.033616190422964	1.6664113388027	102
0.103115083689341	0.546978454245952	461
-0.014389416566031	0.881735876616413	115
0.033447974944533	1.34434669605674	115
-0.05378172379819	1.06091144225105	115
0.080604690482827	1.49132240207652	115
-0.074592574809824	0.9077790430124	115
-0.012061820414664	1.53601391073921	115
0.060569854902623	1.82247143488328	231
-0.056089943581062	0.725414914170609	143
0.124755232228374	0.879621813051408	143
-0.032149375886862	0.886460573048856	143
-0.00148222696322597	1.20001382868006	72
-0.105473213802597	0.74617875867186	72
-0.048929122232127	1.21889583154652	72
-0.041278763441495	1.05648630832453	72
0.063172350535734	1.19209235567727	549
0.101206264060438	1.34496856102897	284
-0.11424402281122	0.565136053841601	98
0.000835561993079992	0.546388049889566	98
0.053996781242706	0.712059316844062	98
-0.103029538284004	1.09552058405699	102
-0.00144114237165305	1.20018649357986	273
-0.038097810402228	0.546539513612059	461
-0.041121748222674	1.05691971525227	115
0.064808128738051	1.34308751046229	115
-0.085539803290739	1.08022128055934	115
0.00210076297563899	1.04336344950702	115
-0.075643617472694	1.07363770890478	115
0.019651818943123	0.713251012434848	143
0.046585173823348	0.546500154315464	66
-0.037820350796082	0.546582268714128	66
0.095952734120206	0.715189374908091	66
-0.114370449554845	0.565048182756302	143
0.029932445299947	0.875992215313976	143
-0.117937117339712	0.754534503278108	72
0.00616806386856195	0.878246517858907	72
-0.0476780902178841	0.893482997337008	72
0.082216189691116	1.34338323855081	72
-0.032049643585037	0.887175072904187	72
-0.041290232405198	1.05635703265944	72
0.0833791398446	1.03360074618392	72
0.082897464539774	1.19124549423661	549
0.0568592212965729	0.875729484713166	98
-0.114457852611772	0.564938315062389	98
-0.114477368199382	0.564955794700488	50
0.000842858445567973	0.546344713229705	34
-0.094858530386844	1.08703090351362	102
0.088192496361842	0.876617719325438	355
-0.118189436041763	0.352386442821737	461
0.046283529498327	0.545859690871033	461
-0.0856949074817051	1.07988295557945	115
-0.00405184983620599	1.52436250788704	115
-0.066158524204627	1.65761021917552	115
0.025890980382786	1.50053564586034	231
-0.117713046670848	1.11437917333322	231
-0.082549904770656	1.25445936635334	159
-0.117815759142666	0.755024890639782	143
-0.014257019673685	0.882175749826494	549
0.083111351418381	1.03310120138276	549
-0.114433698001673	0.564954796623497	549
-0.00157188076895698	1.19977830387078	168
-0.075230050713224	0.73089510779261	98
-0.0688511853149521	0.550507144497065	98
0.102778255844793	0.546757450411459	34
-0.037925885706574	0.546670662650068	34
-0.00975764255364997	0.715579860521238	34
0.103021070490942	0.546910029300553	34
-0.049990792856803	1.39822868393232	102
-0.093739373147757	0.556695144537498	355
0.103209164762305	0.546997639818529	461
-0.00490432288611098	1.3552964806367	115
0.114778494448147	1.49330551909689	115
-0.102745476544764	1.09626609715429	159
-0.114521057504065	0.564844995830792	143
0.00115110723648804	0.546235311543178	66
0.028331597456226	1.19510059557638	72
-0.009589915560407	0.716114521322415	549
-0.074726439001609	0.907180083192665	72
0.0464775407151	0.546436206750712	431
-0.047674475180464	0.893832747612558	168
-0.110590211942222	1.1047230822713	102
-0.117927802459396	0.754742291093125	115
0.056819320737317	0.875710160074575	345
-0.027897039468303	1.0520455260929	345
-0.08562615042264	1.07974201315163	115
-0.00146563913305597	1.20011089165794	115
-0.00161287237282204	1.19981295873043	115
-0.034462930294849	1.37736303474654	231
-0.075785837111144	1.07325592033591	159
-0.123681848681523	1.12614162293975	159
-0.015529013334636	1.36113202467648	159
-0.095160586180192	1.27869389650794	159
-0.069009749323291	0.550269762703352	143
-0.074592574809824	0.9077790430124	143
0.029597846159291	0.875541433364644	549
0.056705631114964	0.875262032795501	549
0.06328659005703	1.19185217288187	72
-0.067439790613829	1.23404488096774	168
-0.069139706753081	0.549973806434338	98
0.096190006078801	0.714954430124288	34
0.095952734120206	0.715189374908091	34
0.000835561993079992	0.546388049889566	34
0.00093724327286504	0.546463920727753	34
-0.113496961366779	1.33993156892787	102
-0.123368859409402	1.12689047011155	102
-0.093713481518941	0.556786806671946	355
-0.114414141529456	0.565049160716253	355
0.000828254194413014	0.546393815900103	461
0.1047076062703	1.19142447024824	115
-0.09157809185205	0.737638319228419	345
0.0377099505452611	1.03539764635181	115
0.012882353460444	1.19735223216859	159
0.0830823759231279	1.03295420446624	143
0.0540898352208991	0.712440424822514	143
-0.11456244962031	0.564789288279985	143
-0.075194405792904	0.730887963821288	72
-0.105368090967621	0.746294008908715	72
0.015221229893607	0.331833236925771	408
0.015221229893607	0.331833236925771	431
-0.086446042524102	0.914727136940176	168
0.044973879314392	1.19336622246942	168
-0.038138233431129	0.546369917782611	98
0.095728421926689	0.71474764956451	34
0.0464987030977601	0.546379576538645	461
-0.038230800237506	0.546256352478611	461
0.00192155578338105	1.04289455911135	345
0.083292209629135	1.03352059830306	345
-0.085292509837521	1.08069653213317	115
-0.10278501056357	1.09614386282151	115
-0.065205019390549	1.06679821144194	115
-0.094352473273701	1.08794728361144	159
0.000820935056823013	0.546362059972189	66
-0.034443811620962	0.720403943703428	143
-0.105594821648255	0.745901371512728	143
-0.061808306942724	0.900536518228405	143
0.124694274441782	0.87946409221883	143
0.00624762564349202	0.878375414002191	143
0.059051179307361	1.03370677669985	549
-0.061584228875928	0.900909443773534	549
-0.04772077860293	0.893718218857083	284
0.083168700812082	1.19170871735618	284
-0.078461628969253	0.334855559136084	104
0.053885443008125	0.712114459554289	104
0.096110950864864	0.715171097862936	104
-0.0937678377201721	0.556691762056095	98
-0.037938951930853	0.546653091630455	34
0.103127837722916	0.547021736367706	461
-0.075157329972544	0.730871953373625	345
-0.013525605885073	1.04750685891911	115
-0.053282162417685	1.06228569662327	115
-0.058456454121698	1.2258934179439	115
-0.064943831329579	1.06759296221992	115
-0.048933105751899	1.21898455906964	401
0.102658657897613	0.546332042831491	66
-0.075360327795692	0.730605303796533	143
-0.047672559337241	0.89373615554859	143
-0.0478966220203621	0.893230226422094	284
0.096031860202732	0.71521854127108	98
0.019677589313058	0.713346935133066	12
0.095979364827558	0.715144881301218	50
0.122197987557107	2.32365934518167	102
0.0540898352208991	0.712440424822514	355
-0.118075945617532	0.352475981362613	461
-0.075593005983573	1.24325760515183	115
-0.031894001881041	0.887349741035627	345
0.097272895960486	1.49205293573363	115
-0.047610498279436	0.893599768135667	115
0.00192546138550098	1.04283865167432	115
0.050933086778396	1.49309372452961	159
0.014693051385642	0.33154041613148	66
0.088015565027794	0.876201370018679	143
0.038136531906	1.03587234247664	143
-0.117771210846362	0.755093886470174	72
0.10276529812906	0.546766261298029	431
0.0062983089234	0.878379912078012	50
-0.0936863004103	0.556790487890074	34
-0.069056003004485	0.550213767822116	34
-0.068830167274036	2.2501958993701	44
-0.05314058524858	1.82180288517208	217
0.0149267194420351	1.50700125437846	102
-0.012136963435736	1.53570910928852	102
0.050815216764333	1.49291353974945	115
-0.067512276964074	1.23397112839339	115
-0.050775842372927	1.39643290818012	231
0.106641411789172	1.79734826060009	401
-0.08248930597612	1.25449619767494	159
0.013044770575996	1.89465460788235	159
0.104665015591085	1.19141051014018	143
0.0961509693378581	0.71503811279453	66
0.110929859976868	1.03510641748529	72
0.082966530135112	1.03184652851557	549
0.019003543511965	1.03908023652496	62
-0.117907490915085	0.754576500737318	62
-0.06486224379479	1.06773355914339	168
-0.0690472089351411	0.550087943030729	98
0.00609558094604501	0.878091605614151	98
0.10105494185575	1.34422261120055	12
0.102778255844793	0.546757450411459	34
0.000813604587608041	0.546288457112092	34
-0.034498373984065	1.37710385991506	102
0.081361491862073	1.80547602174193	102
-0.00574653896647803	1.72614629596469	115
0.012854491277899	1.1971395882897	115
0.027859994432339	1.87221178224532	231
0.00111268240575202	1.71367396124511	231
-0.074512715769093	0.907863847169852	143
-0.038123899783875	0.546394638638759	66
-0.061722754522386	0.900693161444227	72
-0.117754175233904	0.754899646583465	72
0.059195041683442	1.03400414246333	72
-0.093580178190461	0.556877278723426	599
-0.07849037707702	0.334766898185218	408
0.0831038122914361	1.19163427113937	98
0.037711344330203	1.03535619653719	98
-0.093580178190461	0.556877278723426	104
-0.038097810402228	0.546539513612059	98
0.096110950864864	0.715171097862936	34
0.081261498180042	1.80423973710504	102
0.013542512756676	0.330672971387316	461
0.054006203687662	0.71236161428316	461
-0.0862391817431431	0.915269314185645	115
-0.108983229387256	1.32437336775201	115
-0.012218795445195	1.53547621540369	115
-0.074588885490496	0.907790335469274	115
-0.094916730404923	1.27924463116955	115
0.025703302500554	1.50011562741711	72
0.097150547051476	1.49220465508549	72
0.030010561040583	0.876018376096603	549
-0.075179306075391	0.730944843671607	549
-0.117147074860255	0.936464434991895	284
0.046586231010875	0.546385529373198	104
-0.0785341312035151	0.334774054050095	104
-0.117944825210674	0.352583555456159	34
-0.0411702547102351	1.05685570922091	273
0.015543409119394	0.331916984826515	461
0.014693051385642	0.33154041613148	461
0.015748574968654	0.332008986763764	461
-0.053667036977097	1.06146776976419	236
-0.014383731998964	0.881562892614438	115
-0.053273854218271	1.06236018701135	115
-0.009356698434968	0.716404692220104	66
0.093539979645105	1.80092123081263	62
-0.032082051623302	0.88701221182096	549
-0.075749453673135	1.07325708763209	284
0.10894632793779	1.64073458469877	168
0.0830823759231279	1.03295420446624	12
-0.099491544140325	2.00673637100581	44
-0.096828157093792	1.71602840386648	608
-0.110065554964677	1.32169223913485	102
-0.014927370649275	1.20321905872639	273
0.000933106370409997	0.546451336382571	461
-0.114268378368817	0.565012286356702	345
-0.034592313728763	1.37716930132963	115
-0.050559880817744	1.39655720899614	236
-0.036423845176874	1.78799105659165	401
-0.103145812388185	1.09517237600924	159
-0.078606608631892	0.334612044582887	66
0.054173462791167	0.71242442008755	143
-0.117883257632783	0.754864231156516	143
-0.105550656039566	0.746062817168851	143
-0.075258830450842	0.730810215037868	143
-0.1143509382464	0.565110324997158	143
-0.049051139225829	1.21811939505465	72
-0.027696886162715	1.05227962125886	72
0.102778255844793	0.546757450411459	599
0.048588806584985	1.34317748606785	549
-0.05626324486886	0.725279719780685	549
-0.117659162337749	0.755189450198958	12
0.019918427867793	0.713350661046896	50
-0.118189436041763	0.352386442821737	34
-0.075099785714108	0.731011849257144	355
-0.093660416875415	0.556847987421022	461
-0.028146035732604	1.05117750060438	345
-0.014334402694099	0.881988217754878	345
-0.047765233336417	0.893659361962419	345
0.054819166571308	1.65199630314315	115
-0.00490002714248605	1.35529301346517	159
-0.093660416875415	0.556847987421022	143
0.015015511027073	0.33174094912973	66
0.014164037484612	0.331138547182105	66
0.029825659436803	0.876191806927272	143
-0.056116345604301	0.725374071607745	143
-0.027991602138685	1.05183239537553	72
-0.075280794560489	0.730809985770197	599
-0.015024994873587	1.20265945788062	62
0.014280160087122	0.331303341451248	104
-0.117725299501454	0.755133457136124	12
0.088011030958829	0.876043447243804	12
0.046521365237415	0.546317748025171	34
-0.118067240793936	0.352507886935394	34
-0.069378197813468	1.43681154461046	608
-0.114477368199382	0.564955794700488	355
0.014486778123062	0.331447869942357	461
-0.047539266770636	0.893822057504784	345
-0.075092948688865	0.731022788339599	345
0.0333828309122181	1.6652495929909	115
-0.00144114237165305	1.20018649357986	115
0.000289502440568024	1.92004684215792	236
-0.045341747269276	1.60209725752924	231
-0.110380010043579	1.10517737678575	159
0.00813068257078298	1.69958650908873	401
0.046434639915807	0.546296788418666	66
-0.0319606684147981	0.887504887568775	143
-0.00950486671759099	0.71628739187994	143
-0.048010607857063	0.892782139531231	549
-0.107287524943145	0.929547398479058	284
0.080549027610734	1.4913718568677	168
0.102697656326824	0.546485183471197	104
0.102671639124429	0.546588557482098	104
0.046629057528294	0.546502925119404	104
-0.09710705546522	0.922459064972688	12
0.000745284981442995	0.546232890910934	34
0.120134256742997	1.79377079396617	102
-0.058463584401517	1.83130676125583	102
0.051695733291493	1.83378441840475	115
0.02624819327428	1.50092166433061	159
-0.097418764062406	0.92169426217653	159
0.121979700221916	1.34678806279046	159
-0.117953601258673	0.352597545210657	66
0.015221229893607	0.331833236925771	66
-0.056150226775488	0.725239619586392	143
0.00628361507103503	0.878352541983902	143
-0.086428584419228	0.914597812365101	72
0.019594338393488	0.712692968932353	599
-0.014334402694099	0.881988217754878	549
-0.053585171922566	1.06174753579622	549
0.012731073830991	1.19622177638333	62
-0.1143509382464	0.565110324997158	549
-0.038071737268363	0.546541091843573	98
0.014370521412146	0.331143915642908	104
0.095900177389557	0.715055557737215	34
-0.034644784961524	0.720233940388528	355
-0.097310114799334	0.922089071900685	115
0.0571251657062371	0.876064091324464	345
0.019689687132059	1.3472986983262	115
-0.114141276303984	1.57652502177229	231
-0.058598605293249	1.83109697548066	231
-0.105450964528733	0.746159686972068	143
-0.117717152571787	0.352728572431533	66
-0.093714773776065	0.556752931738205	143
-0.086311693783856	0.915148501573133	143
-0.093740660621265	0.556754166748311	599
0.083104046451276	1.03291902430074	549
0.0970037609871111	1.49176224237147	168
-0.068730104123347	0.550459572066759	98
-0.038084771804796	0.546557048928131	98
0.102684638589434	0.546640068159778	104
0.124585109278181	0.879300443891358	98
-0.0387460534484561	1.21233334916842	12
-0.056336234165916	0.725153457310923	12
-0.11456244962031	0.564789288279985	34
0.096070898945386	0.714904913916394	34
-0.05856654222452	1.83115626883725	608
0.019651818943123	0.713251012434848	461
-0.120682670541392	1.37233535761372	231
0.0797081006206341	1.64257075792533	159
-0.110529981890294	1.10462773804338	401
0.045054095028174	1.19336832380122	159
0.054015607829325	0.712240290170832	66
-0.105650260130344	0.745676731800365	143
0.0448367788656709	1.19277515612465	13
0.0831038122914361	1.19163427113937	549
0.029519437316155	0.875628042518036	549
-0.074634345051355	0.907568560584831	284
0.019757873763193	0.71343453825599	98
0.046758858939742	0.546408366319284	104
0.088081397256763	0.876441822856445	98
0.012788311378419	1.19692312129457	12
0.019729112390332	0.713290552810038	50
0.124755232228374	0.879621813051408	50
0.100496326875716	2.15940121782623	608
-0.012288923617765	1.53534843150968	236
-0.065139645210294	1.06707618149309	115
-0.027164107054658	1.55958249439771	236
0.118832551481212	1.96056394286805	236
-0.053445940189197	1.06211658664654	159
0.012990732961053	1.19754073561238	159
0.063164984232143	1.19220937725065	159
-0.0379128235471889	0.546654737619279	66
-0.117032615231163	0.936869091292152	62
-0.061587138339486	0.900912777300012	284
0.054015607829325	0.712240290170832	98
0.082879738392096	1.19121623319409	12
-0.034468279547934	0.720512319695876	50
-0.00944172907490504	0.716353910708763	50
0.019757873763193	0.71343453825599	34
0.01971538360606	2.23264984228817	608
-0.076510540862352	1.6798667593161	608
-0.041181758663126	1.05659666453085	273
0.118687822475568	1.96001522051471	236
-0.0824720658465951	1.25431115800746	115
-0.102851181748874	1.09611952917193	115
-0.086318247239868	0.915011562788748	159
-0.117838707226608	0.754959302790805	143
-0.105406804333374	0.746276277082862	72
-0.038005310085013	0.546635957220775	104
-0.114435994682675	0.565008227026761	98
0.019783628750618	0.713437624154362	50
0.000842858445567973	0.546344713229705	34
0.081457533233006	1.80568888428228	608
-0.050175986978063	1.39825249538341	608
-0.093607359992403	0.556873595673821	273
-0.075179306075391	0.730944843671607	355
-0.0689117397669981	0.550461509138893	461
0.019759377767588	0.713292588042902	461
0.059167321086792	1.03401474616102	345
-0.117815759142666	0.755024890639782	115
0.012854491277899	1.1971395882897	115
0.042973215606397	1.84555895262582	236
0.01958433994019	1.34702110648897	236
0.01958433994019	1.34702110648897	115
-0.105492482423469	1.30700811044426	401
0.012969459472201	1.19746375552196	159
-0.05619042890002	0.724947986247997	143
-0.078360353986935	0.334844260911513	66
-0.038136950569871	0.546248561829861	66
-0.034579072363246	0.720370237594475	143
-0.105533989953753	0.745810548572508	62
-0.00931288111296402	0.716362062194478	549
-0.069009749323291	0.550269762703352	50
0.04652044983038	0.5464742420311	34
0.095939413203912	0.715148403086207	34
-0.061128278999483	1.6448186038588	608
0.046434076670658	0.546311995607716	461
-0.110705067371096	1.10431190290665	159
0.028300132453437	1.19500840705226	159
-0.11744255906017	1.11515181582401	401
0.097191453838613	1.49206380258954	401
0.053885443008125	0.712114459554289	66
0.019703353807297	0.713361334384664	72
-0.013560108229172	1.04735420417046	62
-0.068888608021291	0.550473937505231	98
0.015221229893607	0.331833236925771	104
-0.061672674855067	0.900788338867582	12
-0.117748260284001	0.75512922206726	12
-0.117831036354394	0.352673317989728	34
0.0539087006444871	0.712145574984858	34
0.000975541614245956	0.54652601352424	34
-0.118058519259127	0.352454317015294	461
-0.058613126351812	1.22597254613169	345
-0.055706195384331	1.63207863542145	401
-0.105334473597825	1.3075609432141	401
0.000820935056823013	0.546362059972189	66
0.000830313724314968	0.546201769438094	104
0.0298374172815	0.876050180743232	104
-0.038123899783875	0.546394638638759	104
0.088147206191863	0.876624686127254	50
0.019756369550568	0.713383002820867	50
0.0159533984203279	0.332013285790487	461
-0.0784328571216441	0.33484663200897	461
-0.093634539795058	0.556840951197036	461
-0.05617659176163	0.725384303382005	143
-0.093661717601255	0.556778539148937	143
-0.0689117397669981	0.550461509138893	599
-0.0414015426359921	1.05598614149154	284
0.000828254194413014	0.546393815900103	98
0.019757873763193	0.71343453825599	104
-0.0689580026679329	0.550340898981373	50
-0.073649762863327	2.2524827570668	44
0.001338759757333	2.09158607647714	608
0.102778255844793	0.546757450411459	461
0.053969087339051	0.712294492055823	461
-0.061790562712312	0.900486936384465	345
-0.107390550539009	0.929655904201772	115
-0.050561942918706	1.61770655568479	236
-0.0493296662057911	1.21815344152177	115
0.070780003471562	1.81391421324591	401
-0.078389101895223	0.334894991105506	66
0.02976515111835	0.876267215506044	72
0.056899110654459	0.875594435442105	143
0.059272454044647	1.03409693379097	284
0.018844730724348	1.03841376646603	98
0.037955674174997	1.03598289024642	98
-0.00929097935216106	0.716286685859482	98
0.056886108648653	0.875870098818518	98
-0.019668692529512	1.5478278937418	822
0.046629057528294	0.546502925119404	461
0.000745284981442995	0.546232890910934	461
0.037820693846107	1.03563958482309	345
-0.026848131773666	1.56050282009881	401
-0.045204121901216	1.60292293412801	401
-0.11770825070934	0.352703851644874	66
0.045095252214164	1.19359946018082	143
-0.075785837111144	1.07325592033591	62
0.103046680452927	0.54697101885335	431
-0.094839539985099	1.08717478789417	168
-0.093552994386365	0.556851119320473	104
0.102939962809722	0.546934303038246	461
0.0649884108333581	1.34290507376494	401
-0.091534428452937	0.737747668005716	159
0.015426605459758	0.331837835999836	66
0.095952734120206	0.715189374908091	599
0.050821170205345	1.49301362838491	62
-0.0937678377201721	0.556691762056095	104
0.0463911152322391	0.546294317805983	104
-0.117638771481401	0.754944825514516	12
-0.105572755419407	0.745792719004512	12
-0.07841782605487	0.334848424054662	50
-0.038110853061623	0.546487094584724	50
-0.078505335439038	0.334807235682389	461
0.014370521412146	0.331143915642908	461
0.0464775407151	0.546436206750712	345
-0.09143321669133	0.737991575978627	345
-0.075570162616821	0.729753620140865	345
-0.100909362875916	1.5424368793368	401
-0.107441630806991	0.929183778985937	159
-0.0784328571216441	0.33484663200897	66
-0.114353397523108	0.564923898181964	143
-0.038230800237506	0.546256352478611	599
0.057170063899786	0.876009696896862	599
-0.00159639457300997	1.19960245523226	62
-0.075099785714108	0.731011849257144	47
0.12467245095911	0.879518477267215	50
0.000947715593884957	0.546225390280637	34
-0.117944825210674	0.352583555456159	461
0.00673044182520799	1.350369436738	159
0.101069145606642	1.34447371969416	159
0.04652044983038	0.5464742420311	66
-0.1143315130289	0.565026076353992	143
-0.009589915560407	0.716114521322415	143
0.06305442448764	1.1919813878074	62
-0.061879054617319	0.900248873405241	62
-0.038031418964221	0.546565959336452	62
-0.117848680876069	0.352546805204289	431
0.102952818714724	0.546952016374648	104
-0.086314971713104	0.915110736694855	12
0.103221876906599	0.546980598445863	34
0.046564213761884	0.546476908211474	34
-0.089398983936723	1.26507175664185	608
-0.068767503504533	0.550523279279906	355
-0.065090765536677	1.0672461729927	345
-0.056376358934057	0.725129665591917	345
-0.0762702956736681	1.68087115037644	236
-0.027380498330732	1.55862745598908	115
0.104777059455906	1.1916270038697	115
-0.094900826678451	1.08678850340995	115
-0.118067240793936	0.352507886935394	66
0.00217322940922804	1.04341839385707	143
0.056952808189603	0.875980833095336	143
0.056839272418555	0.875738642983419	143
-0.014367538669431	0.881939579689503	72
-0.075309579519821	0.730725096540126	143
0.00637786239231897	0.87837527080318	72
-0.093766553916435	0.556691460943664	599
-0.093740660621265	0.556754166748311	599
-0.031988567864519	0.887509369524649	62
-0.00436155100848501	1.52341327140017	168
0.096492178549405	1.97526162302576	168
-0.123535769621023	1.12659769935943	168
0.033665288809357	1.34494524729846	168
0.095913474208575	0.71496687423092	104
0.102871940568314	0.546825607663817	47
-0.068888608021291	0.550473937505231	50
0.095939413203912	0.715148403086207	49
-0.07841782605487	0.334848424054662	461
-0.092083518657702	1.86421006601361	236
-0.0969885827294999	1.52747823764795	401
-0.101501926147199	1.72516326176184	401
-0.078505335439038	0.334807235682389	66
0.000835561993079992	0.546388049889566	66
-0.034640717402545	0.72023739610064	143
0.057063267370813	0.875974825995864	284
0.081492150862131	1.80616102161359	12
-0.091585032914958	0.737574806001803	50
-0.034406599338289	0.720450443911061	50
-0.093713481518941	0.556786806671946	50
-0.078316549947599	0.334892644976188	34
0.095794375808675	0.714954580622306	50
-0.107470264815697	0.929396338429231	49
-0.114265888199503	0.565150333147693	49
-0.121108385787853	1.37180595847694	236
-0.120790415918948	1.37252767893384	401
0.083306917277858	1.03339151162374	72
-0.026836815412063	1.20808909949749	72
-0.105414190753207	1.307023535628	13
-0.0427333144984901	1.38694531179411	62
-0.031888640349132	0.887483900214155	50
0.00614626164520604	0.878229366181112	50
-0.085484204085553	1.08039647409078	49
-0.031949829335423	0.887508957911859	49
-0.089635679628521	1.26425804416547	119
-0.03484476571526	1.37623944152218	401
-0.034509424356442	0.720391229913387	143
-0.114521057504065	0.564844995830792	143
0.110929859976868	1.03510641748529	143
-0.0972959080189429	0.92197255026699	62
-0.103108459639053	1.09536801982735	62
-0.047767044610839	0.893455679522979	284
0.0297188747502331	0.876185244053301	284
0.037913862740091	1.03575531724027	284
0.062833305073898	1.19091220717676	284
-0.0936319321625449	0.55670542275289	47
0.000745284981442995	0.546232890910934	50
-0.093633235422332	0.556851668428262	50
-0.035737691409419	1.79286278145261	236
0.016080380293969	1.68792824329121	236
0.006718645056631	1.35013257614982	115
-0.109976036218795	1.56478818931068	401
-0.1167874272822	0.937344021803701	688
0.096881935598738	1.49152958477703	119
-0.034468279547934	0.720512319695876	143
-0.105511939295674	0.746134185761975	143
0.114917451896624	1.49384385581273	72
0.059161815192096	1.03400226803377	47
0.104641850006569	1.19134269627885	12
0.111002540927795	1.03530269085676	12
0.029652411017309	0.876046324491345	50
-0.055315530891244	2.49958372285698	200
0.000745284981442995	0.546232890910934	49
0.093747657153191	1.8012373573763	688
0.065176010290542	1.49202309146687	688
-0.025985324374118	1.36724766793248	72
0.00670565395460698	1.35025583657362	13
-0.085719805310338	1.0797834797181	13
-0.074149436329362	1.45340321355626	62
-0.020078943305413	1.54693403944098	62
0.096005188660324	0.715091406666411	568
-0.057176312290713	1.41041318929832	739
-0.074661363719551	0.907610543288604	47
-0.027977437565908	1.05181922193567	12
-0.093633235422332	0.556851668428262	50
-0.086387484906615	0.914934887577784	50
-0.11787531699324	0.754181648625642	50
-0.075092948688865	0.731022788339599	50
0.046758858939742	0.546408366319284	49
0.102871940568314	0.546825607663817	49
0.0540898352208991	0.712440424822514	49
-0.100061008957855	1.29367205563453	236
0.043946669911244	2.03927397972275	115
-0.124394228420736	1.38790351603729	401
-0.123527416411388	1.12653235816202	688
-0.093634539795058	0.556840951197036	143
0.037890880975082	1.03584362929372	72
-0.041001756120133	1.05702928435398	13
-0.027994819916998	1.05153306306875	62
-0.085373002618224	1.08065160727367	62
-0.038005310085013	0.546635957220775	250
0.0569115700078831	0.875805150498862	47
-0.038018362492673	0.546618402945273	50
-0.047631853080645	0.893745440256349	49
-0.050472056679623	1.39758692671727	49
-0.114392293153171	0.565062488780271	49
-0.106830776880114	1.72931648115589	236
0.080326384721463	1.49101891018807	236
0.033665288809357	1.34494524729846	236
-0.114435994682675	0.565008227026761	143
-0.117837335854137	0.754965184976683	72
0.104755799526797	1.19150100330272	72
0.028177272426985	1.19475328099607	72
0.025832869356468	1.49980600133043	72
-0.075367132524061	0.730457157153322	72
-0.123786183051983	1.12569525987403	13
-0.013560108229172	1.04735420417046	13
-0.065074651320978	1.06708435219251	62
-0.00940053415313302	0.716310987457703	47
-0.075230050713224	0.73089510779261	50
0.102939962809722	0.546934303038246	308
-0.069102255866311	0.550020700954404	49
-0.019737093549022	1.94586518553162	236
-0.102928048757331	1.09596791018604	115
-0.067697375380295	1.23353595309057	401
-0.114414141529456	0.565049160716253	143
0.080170859858192	1.48982983549677	72
0.03760583492976	1.49431630157693	13
-0.014821569664318	1.20345692860124	62
0.00115550640084205	1.71378212063138	62
-0.068888608021291	0.550473937505231	47
-0.047765233336417	0.893659361962419	12
-0.034599615781616	0.720358404474324	50
-0.0379922617403921	0.546620013704936	308
-0.075512549733889	1.24326343279001	236
-0.105196390050259	1.30792495109179	71
0.013382451577151	1.89601605484751	115
-0.085920073581731	1.70249439760308	401
0.014858198834828	1.50673060599197	401
0.108730610777535	1.63945764098675	688
-0.034579072363246	0.720370237594475	143
0.121510229479908	1.34626068108103	72
-0.107340249459376	0.929663064207597	72
-0.116877265646955	0.937011834277071	72
-0.089456561226499	1.26527857152392	13
-0.097352779892204	0.922078683560554	62
0.019961868221947	1.34754866859242	284
-0.086400346857343	0.914901897708908	284
-0.056429434765219	0.724694993327812	284
0.056825394136492	0.875544538795108	12
0.019782120407649	0.713257920916767	50
-0.013560108229172	1.04735420417046	822
-0.027851336657618	1.052165978975	49
0.054006203687662	0.71236161428316	239
-0.012429176122707	1.53499989738275	71
-0.00562355954486804	1.72757789154764	236
-0.091002547894528	1.71129832569725	401
-0.075593005983573	1.24325760515183	688
-0.07834525013681	0.334887885324188	109
0.053982942164289	0.712290972688709	109
0.00614626164520604	0.878229366181112	72
-0.06484605652016	1.06770891967519	13
0.111031333336569	1.03530716996443	256
-0.00965308778491503	0.715963270945662	256
-0.038516599858281	1.21309968712972	62
0.025947694936845	1.50082039796552	739
-0.027190122969857	1.20787610445276	284
-0.0938196340612309	0.556560417149379	47
-0.014152076588046	0.882187886799097	50
-0.056229486681284	0.725175311973891	50
0.000654953713115969	0.546018463507429	308
0.054006203687662	0.71236161428316	308
-0.069056003004485	0.550213767822116	244
-0.075401216134074	1.07397843987106	244
-0.05617659176163	0.725384303382005	143
-0.069009749323291	0.550269762703352	109
0.029551593156173	0.875617577307548	143
-0.07538227984421	0.730534939362512	256
-0.02724580047439	1.20770761615965	62
0.102752358645311	0.546638913003178	568
-0.063159962382597	1.42348763809175	739
-0.038751791944139	1.21251651640849	739
0.053969087339051	0.712294492055823	47
-0.0688743192839571	0.55046354075607	47
-0.11770825070934	0.352703851644874	754
-0.038269833231409	0.546202489300631	50
0.000197657349294	2.3749600934821	200
-0.107378896999183	0.929537048546976	244
-0.042863546715545	1.38649761333938	236
-0.0863215202551521	0.914848138738702	115
-0.109872393391878	1.56532766569792	115
-0.06569573714566	1.65948860871831	401
-0.124834823535858	1.3868137500918	401
0.025890980382786	1.50053564586034	401
0.015748574968654	0.332008986763764	109
-0.013822538955611	1.04645607281494	72
-0.056410146682176	0.724596196565233	143
0.0450511645220329	1.19354568250657	72
-0.068865476075376	0.550455151752996	47
0.046564213761884	0.546476908211474	47
-0.093739373147757	0.556695144537498	47
0.056977108402305	0.875863628466965	50
0.102871940568314	0.546825607663817	50
0.046412832540613	0.54632387049216	308
0.102859024632958	0.546883761518186	308
-0.037872662852266	0.546578998958016	308
-0.061787667314698	0.900609735654237	244
-0.12370062173897	1.12607629716489	244
0.00682950979719998	1.35050121235832	115
0.00501413049309296	1.51487905376171	119
-0.0825671394488941	1.25444256384485	119
-0.113517174207877	1.33958417821207	401
-0.062878800996468	1.42495269097643	401
-0.0785341312035151	0.334774054050095	109
-0.118067240793936	0.352507886935394	109
-0.034451749180172	0.720304017679708	143
0.0590898844889	1.03384754958741	143
0.0591728662384901	1.03394148870086	72
-0.058643618250203	1.22605937095132	72
-0.078389101895223	0.334894991105506	250
0.103127837722916	0.547021736367706	47
-0.034644784961524	0.720233940388528	50
0.0466718923138591	0.546511095379513	308
0.000745284981442995	0.546232890910934	239
0.103021070490942	0.546910029300553	239
0.014693051385642	0.33154041613148	239
0.006493396040266	0.878201130632349	244
0.04858920843546	1.34313107959336	244
-0.041090355069712	1.05691696167207	71
0.0295182289004809	2.06131768270987	401
0.028254433348515	1.19496713133252	401
-0.012542717825668	1.53430952326533	401
0.124587355497176	0.879378998471288	143
-0.117839866964325	0.352652701983811	109
-0.038164270843655	0.546436820610805	109
-0.034813178575145	0.719657931510077	143
0.063092505108864	1.19208890516483	72
-0.0143785823225771	0.8816671527514	143
-0.061669374207647	0.90060329759425	62
-0.061784707996223	0.900561830808657	12
-0.069093458268929	0.550094280150441	308
0.029591927670932	0.875905258510253	49
0.029744976750487	0.876220495142696	49
-0.118058519259127	0.352454317015294	239
0.11079271707856	1.03478592110967	244
0.080412729125899	1.49111834548774	71
0.00536070976480596	1.51578123116456	71
-0.0862143729948151	0.914849887114186	71
0.012928084081733	1.1969180152344	71
-0.085990972849988	1.70226088305211	236
-0.056988015146785	1.41079578450715	115
-0.102853312465907	1.09614912993294	115
-0.124640214801467	1.38744867417929	401
0.102791231826911	0.546553226745956	109
-0.118198069629608	0.352266186569217	109
-0.114348610735491	0.565004808689118	143
0.019159908787125	1.03941663549016	62
-0.105445508942811	0.746231734252583	284
-0.0688743192839571	0.55046354075607	47
0.014486778123062	0.331447869942357	754
0.111053284068566	1.03531680293384	49
0.102591088723537	0.546462507198581	239
-0.065221204855799	1.06674110632037	71
0.014486778123062	0.331447869942357	109
-0.0586459228969251	1.22604347466006	72
0.00613216282211004	0.877839246850872	62
-0.0332202454991311	1.57431242484247	739
-0.020099738917353	1.54690531595912	739
0.014486778123062	0.331447869942357	754
0.014486778123062	0.331447869942357	754
0.014693051385642	0.33154041613148	754
0.01922761975566	1.0394108764297	12
-0.027745749257888	1.05225167247409	50
0.095926088576779	0.715062270678513	50
-0.075179306075391	0.730944843671607	50
0.014693051385642	0.33154041613148	239
0.070746667460594	1.81409363468958	115
0.082923959113099	1.1913967135031	119
-0.114224601903558	0.565123193837175	143
0.118991607833075	1.96057505137862	739
-0.01429571564028	0.88209857524078	284
-0.0688049167957639	0.550500792823466	50
-0.078577788973047	0.33472577676997	308
0.096031860202732	0.71521854127108	308
0.0960185262887709	0.715177552485163	49
0.066682476200587	1.64657688199092	119
-0.091303019730497	0.738087439847934	143
0.0958602647171281	0.715059134269568	109
-0.00967255175366899	0.715859912358179	143
0.104595546916809	1.19104458819324	143
0.08244747664779	1.34378112604992	62
0.054066571244214	0.712409287520356	256
0.064857172208924	1.34321211410726	62
-0.107330513163521	0.929802999234142	62
-0.0750778144669611	0.730926283215142	47
0.083169319300648	1.03327218425697	50
0.054006203687662	0.71236161428316	50
-0.038018362492673	0.546618402945273	308
0.01295673686333	1.19717605540832	71
-0.10516900692863	1.55502926101865	236
-0.113952365744457	1.33845959239194	236
0.088319752008557	0.87697089157298	143
-0.061831897657868	0.900475779289684	72
-0.093659117292473	0.556764329453062	72
-0.05635629523522	0.725156729313631	12
0.054006203687662	0.71236161428316	308
-0.124915335585772	1.75535151682924	236
0.00612063334742596	1.90550562733773	401
0.079698214108022	1.64294041727227	119
-0.102820229607577	1.09614603216108	119
0.083248926019849	1.03345564422702	143
-0.014190759959593	0.882143206626074	143
0.00618988299767798	0.878184327755235	12
-0.09167935571794	0.737394475990731	50
-0.093633235422332	0.556851668428262	308
-0.056229486681284	0.725175311973891	308
-0.093660416875415	0.556847987421022	49
-0.105472555833465	1.30709569903635	115
-0.038269833231409	0.546202489300631	143
-0.015741638760655	1.36088033767395	62
-0.0410303456146029	1.05709371827623	284
-0.0689117397669981	0.550461509138893	47
-0.00963120961932595	0.716027240369008	308
-0.056243164537198	0.725337625091135	49
-0.0688743192839571	0.55046354075607	49
-0.009587467073083	0.716052689303468	49
0.053945827600581	0.712263366492621	49
-0.038018362492673	0.546618402945273	49
-0.107205134684555	0.929868755808035	119
-0.065009202195254	1.0674621883084	143
-0.105478728985256	0.746198927886119	143
-0.032093890285498	0.887294539119594	72
0.045068608838357	1.19348511281451	72
0.019650330598824	0.713292319767363	47
-0.034710519982367	0.720057265798157	12
0.0463911152322391	0.546294317805983	308
-0.06879064009276	0.550510843550439	49
-0.118189436041763	0.352386442821737	49
-0.038652442410098	1.21282515352313	71
-0.11749509436624	1.11505302102218	115
0.0801843427690661	1.49036722498245	119
-0.03817729563763	0.546419306318742	143
0.124840284125199	0.879616479175003	143
-0.014569013741443	1.20363958281637	72
0.065095676128542	1.49187653388668	13
-0.061537042786321	0.900763888107924	284
0.124735705690894	0.879610841769866	47
-0.047788378239462	0.893546984050911	12
-0.00925245159251498	0.716238626346935	50
-0.0690791295365431	0.550136803431229	308
-0.1143509382464	0.565110324997158	49
0.00852760970393995	1.70102657033034	71
-0.06761970263589	1.23370007475386	115
0.109042810549805	1.6404094404036	603
-0.03443583792521	1.37739648681429	603
-0.116983653279696	0.936951811101031	119
0.056972845941745	0.876009460002654	143
-0.114265888199503	0.565150333147693	143
0.124609172878749	0.87936817253218	143
-0.105395736565012	0.746186860600216	143
0.064782991933788	1.34242801051074	72
-0.086431933502463	0.914821628081695	62
0.026028103588621	1.50121149711909	62
-0.053404859107926	1.06214614571405	284
0.058973795174097	1.03330003439605	47
-0.047628133884412	0.893794952377037	12
-0.009376027707654	0.716340876958858	308
0.0464987030977601	0.546379576538645	49
-0.0379128235471889	0.546654737619279	49
-0.118338344901736	1.5876253468131	401
-0.00967255175366899	0.715859912358179	143
0.000918451769796991	0.546500400749536	143
-0.0587513091071959	1.22576965494399	13
-0.027742596749193	1.05223686811083	62
-0.097138522645726	0.922444548818152	284
-0.110342514248419	1.1052412139944	284
-0.091281392096503	0.738102849635748	47
-0.117953601258673	0.352597545210657	47
-0.093873988890348	0.556465424559561	47
-0.034488849485152	0.720468393435574	50
0.019653307162213	0.713016131073549	308
0.104777059455906	1.1916270038697	49
0.060203759036184	2.01969968604836	236
0.0664042152684891	1.64555046460307	401
-0.018344776341504	1.75452176971176	401
-0.063017418700806	1.42480378034889	119
-0.11454290931899	0.564742880928561	143
0.088299255605635	0.876921147738516	143
-0.11744255906017	1.11515181582401	13
0.044959755060749	1.19329049546186	62
-0.04097319656725	1.05666569893066	284
0.054164012719756	0.712247330117122	47
-0.097395512570518	0.921546096232615	12
0.124670173944602	0.879514467652847	308
-0.114416544711985	0.564897273997189	308
-0.034523445593135	1.37732023036422	401
0.013236944252386	1.89529738552121	401
0.063230119155242	1.19196679927594	119
-0.117657797742993	0.755147837329674	119
-0.0615586532033841	0.900675086018079	119
0.083538325337836	1.03338372166906	143
-0.058674187941109	1.22575262786134	72
-0.0533557564103641	1.06228830211325	13
-0.013567074958056	1.04751487278115	62
0.065108638863878	1.49142364887716	13
0.025168569950339	1.67835490910327	13
-0.075194405792904	0.730887963821288	712
0.124757540055081	0.879556465011343	712
-0.07585529456885	1.07272367131808	284
-0.047608720594142	0.893821029515653	47
0.019757873763193	0.71343453825599	47
0.019568566726905	0.712880064187401	308
-0.097258410429734	0.922121890343442	49
-0.087440217722024	2.25926138540021	420
-0.117794151246084	0.75502830853933	603
-0.116910269542649	0.936888135110003	603
-0.107291149320859	0.929562942428504	119
0.083198311697356	1.03329892351257	119
-0.013498056537117	1.04762090174277	143
0.029632252354112	0.876035374220368	72
-0.105532342529548	1.30674043311268	13
0.00683541304508295	1.35062199346541	13
-0.037953141075459	0.546332571061965	712
0.00625471881051498	0.878377284568606	712
-0.00545901446479802	1.72811541755458	12
0.00102330001336504	0.54650935831214	308
0.043521350350256	1.65677951236093	548
0.00199011809416005	1.04311505149	49
-0.01348509871993	2.09646424449938	420
-0.015821540629097	1.36067000155121	236
-0.07447463125881	0.90785820324897	603
-0.07457038764979	0.906903665117764	603
0.0482709558338	1.34209657436343	603
0.060514070405844	2.36406492145622	401
-0.105630563918592	1.30643971884416	119
0.019064158391065	1.03880799506695	119
0.083035998575159	1.19163271802774	143
0.037799056089702	1.03569756134366	72
0.096873658827037	1.49149603975563	13
0.083292209629135	1.03352059830306	712
-0.068819211572735	0.550311034819703	308
-0.02993153785459	1.78104294493696	236
0.110951798594377	1.03523014207993	115
-0.107446847547215	0.929487483772788	119
-0.012380761113305	1.53497675627136	119
-0.053486757254476	1.06194923751345	119
0.097247975515916	1.49184869461134	119
-0.075468649166937	0.730182265462689	143
-0.00941982402070496	0.716383544036968	143
-0.110557606834156	1.10488085794793	72
0.01959729993245	0.713177830099595	72
-0.0970328908679729	0.92227846605545	62
-0.068995432562999	0.550334672525007	568
0.053969087339051	0.712294492055823	712
-0.009356698434968	0.716404692220104	712
0.104753899032287	1.19161392370034	284
-0.07473384029649	0.907368725171962	12
0.0882744474039731	0.876904626318797	12
0.110894220256796	1.03509807893631	308
0.019006040640179	1.03884331420844	49
-0.05313457425798	1.06232271224928	71
-0.056309753607088	0.725252132108966	603
0.0450573619922901	1.19351025946141	119
-0.034538000308954	0.720296452449875	119
-0.038547298762614	1.21295687341807	119
0.054029465539626	0.712392747137759	72
-0.094518775591348	1.08784672470042	13
-0.102747631255078	1.09621935785526	284
-0.107340249459376	0.929663064207597	284
0.0424748123279139	1.84292106723061	284
-0.086356142869346	0.914862040188017	12
0.0959660513274599	0.715188219408872	50
0.103115083689341	0.546978454245952	50
0.012928049324955	1.19742261718102	49
-0.105296170410732	0.746283541298188	49
0.00783259285705096	2.08309013531528	236
0.020307878809924	1.88384835412449	236
-0.113971582412201	1.5772353101789	236
-0.075749453673135	1.07325708763209	115
0.025810692556029	1.50065639062143	236
0.109081916815597	1.64120360984531	603
0.109032364663327	1.64094600520069	119
-0.10568899937739	0.745577989103659	119
-0.031999369445514	0.887442878642039	72
-0.058571056896355	1.2261666940216	13
-0.0142514185499381	0.882171872302385	13
0.109044679587158	1.64072150863676	13
0.0834947250992	1.03305141351371	712
-0.014173960575557	0.88216317648726	47
-0.00941982402070496	0.716383544036968	47
0.06315396177986	1.19171430243097	12
-0.031783287845049	0.887213440766595	50
0.019544261815604	0.713015822805521	308
-0.090933601686887	1.71122765154326	420
0.06656179513945	1.64619588480062	603
-0.056442980480535	0.724970191323271	143
0.019756369550568	0.713383002820867	72
-0.00149838672597602	1.20010320360452	13
-0.02724580047439	1.20770761615965	13
0.0128215405330629	1.19687505184096	62
-0.04299970410639	1.38587994248876	13
0.029739037568462	0.876160446607397	568
0.037800407997946	1.03573337317177	284
0.012788311378419	1.19692312129457	284
0.095873572645785	0.715100082050027	308
0.000906909127949995	0.546464500138251	308
-0.034599615781616	0.720358404474324	49
0.119320045950323	2.13364789603899	71
0.043015842538592	1.84576736167011	236
-0.087626893109791	1.50054697342847	401
0.01298809216638	1.19731868094561	603
0.035221812934725	1.85870727335562	401
0.121651734512811	1.34688687981728	119
0.0592005274362371	1.03406717617637	143
0.088051886345574	0.875940753326198	291
0.124565533340917	0.879347201685896	291
-0.013598095598544	1.04731749457333	72
0.00618228420571598	0.878119944977005	12
-0.107376204489956	0.929717116730616	548
-0.0785050443598661	2.12692988459918	420
-0.039878415346532	1.58675332135158	236
-0.124875239143414	1.38657992458022	401
0.043799617590059	1.65702292305821	119
-0.061876123010508	0.900310673491672	119
0.046564213761884	0.546476908211474	291
0.019598780368167	0.713088985526212	291
0.104599343299998	1.1910552375794	72
0.00631251697976198	0.878292128270238	72
-0.064919375930112	1.06766381603973	72
-0.009356698434968	0.716404692220104	575
0.06486548045745	1.34318952083391	62
-0.085639337571245	1.08008970594005	62
0.04869525656253	1.34347060348506	284
-0.032071401528305	0.887356689141025	284
0.103115083689341	0.546978454245952	47
-0.091707817157955	0.736793579258739	50
-0.091382609410624	0.738063892767163	50
0.057018367379662	0.876039347393869	50
0.019810889993383	0.71345620863575	308
-0.038018362492673	0.546618402945273	308
0.102965692838688	0.546844532922721	49
-0.097307084931864	0.922207402053273	236
-0.024453383040723	1.76718166960339	236
-0.117382215377853	1.11523072800269	236
0.000000680200396008246	1.9184583022367	401
-0.014367538669431	0.881939579689503	119
0.102927125088669	0.54679237203476	291
-0.00956802690511105	0.716178523874069	291
0.104665015591085	1.19141051014018	72
-0.117794151246084	0.75502830853933	62
0.0450511645220329	1.19354568250657	62
0.019423422496803	1.34630274197365	284
-0.075649308928914	1.0736597868254	284
-0.038282852345245	0.546110147557629	308
-0.0937678377201721	0.556691762056095	308
-0.068767503504533	0.550523279279906	308
-0.114625712135806	0.564629028837333	49
-0.117831036354394	0.352673317989728	49
-0.031988567864519	0.887509369524649	49
-0.050457647028531	1.39752266214799	236
0.104050535644824	2.34146251390704	236
0.104418834074992	2.3426788633217	236
-0.0358771498871709	1.79201617003324	236
-0.069140027605886	1.43781762910136	236
-0.050487854957642	1.61737672835353	401
-0.117253538368472	1.35631123153666	401
-0.07537553601576	1.24381086288778	119
-0.038084771804796	0.546557048928131	291
-0.114200306373461	0.565016953253082	291
-0.00481892691758001	1.3544264442082	72
-0.053052651541767	1.062202777348	284
0.029771026745541	0.876059199250941	50
0.019674604177754	0.712970714858677	50
-0.056442980480535	0.724970191323271	12
-0.0825671394488941	1.25444256384485	236
-0.074041651331361	1.45389548758197	115
-0.123456490741005	1.12686615170348	119
-0.093661717601255	0.556778539148937	291
-0.107299163622198	0.929857919126862	13
-0.074550800514779	0.907841079304388	62
-0.06165494640037	0.900835049186455	62
0.104597409048628	1.19117990816356	284
0.019138972482161	1.03928812996183	47
0.088208628204057	0.876775252081621	12
-0.091360977068112	0.738088245274906	12
0.04652044983038	0.5464742420311	308
-0.105495038008853	0.745896333900028	49
-0.117682097514258	0.755154144069383	49
-0.0269424336959579	1.20818017501547	236
-0.049258993590831	1.2184506325553	401
-0.082671099869343	1.25420808843637	401
-0.041061747399835	1.05706677566558	119
0.101206264060438	1.34496856102897	72
0.063230119155242	1.19196679927594	62
0.121444713169998	1.34536708555954	284
-0.038627626128531	1.21282891597376	284
-0.114309633309467	0.565096016504913	47
0.028317354714187	1.19511736076791	12
-0.00944172907490504	0.716353910708763	50
-0.0827230811505	1.25405114123655	236
-0.085466923146523	1.08037187415573	115
-0.063453619377675	1.42360213244922	236
0.109115463838229	1.64057295709531	115
-0.097089840129456	0.922374584611888	401
-0.092491936437907	1.51424969919635	401
-0.047919815096208	0.893191268692199	291
-0.093820909427118	0.556596437211793	72
0.00627650540511404	0.878418860400463	72
-0.09160662357424	0.737350420555122	72
0.104666956120889	1.19121659498638	575
-0.085378859644422	1.08044506153863	62
-0.069116582615907	0.550050728935172	250
0.037978602314605	1.03604341406683	284
0.019157512840477	1.0394211245717	284
0.0882949223562151	0.876874066340018	47
-0.105417714455136	0.7461223879929	12
0.124820782307884	0.879588525585632	50
-0.0689580026679329	0.550340898981373	308
0.00604490112636702	0.877910040001108	49
-0.0136360832977031	1.04724923431853	49
-0.081268918023494	1.69190199547898	401
-0.057294756323616	1.41003763424382	401
0.06309618957338	1.19206093557389	119
0.045019581990804	1.19347077954365	72
-0.0618554801974081	0.900380045929802	62
-0.047944889419533	0.893037705532521	284
-0.097292857271139	0.922237907964205	284
-0.105611512144649	0.745748109500535	12
0.046542286709821	0.546503907985386	308
-0.073841332097301	1.45423981575965	548
-0.05607619472919	0.725205638635122	49
-0.019494885512068	1.94665051435372	236
0.0297188747502331	0.876185244053301	72
-0.068767503504533	0.550523279279906	47
0.0882949223562151	0.876874066340018	49
0.027237661071019	1.8697794384757	115
-0.094955170290985	1.2793748234182	401
-0.107422284134772	0.929502656620199	119
-0.032049643585037	0.887175072904187	13
-0.049155016797242	1.2185365631249	13
0.082290481872716	1.34338423878631	62
0.037977333794305	1.03586450426546	284
0.00611737708100402	0.878151626612986	12
-0.068995432562999	0.550334672525007	12
-0.00954866961521095	0.71612262862002	12
-0.118302831993215	0.35225745754692	308
-0.00941982402070496	0.716383544036968	49
-0.092401061021759	1.5145637761981	236
0.00768932251804699	2.08308623319615	236
0.00498826751195403	1.51486658520228	401
-0.085583766656216	1.08026486164913	119
0.037843617196939	1.03579267026223	72
-0.053421422433229	1.06211581198208	72
-0.0863528672364789	0.914990027670136	13
-0.0758415884247861	1.0730344523079	13
0.026025463925954	1.50120469450427	284
-0.102961151180609	1.09589994973786	284
-0.02712870279157	1.20797558238285	284
-0.08552819475383	1.08040840725218	284
0.111038208532887	1.03511779150359	47
-0.00944172907490504	0.716353910708763	12
-0.0688511853149521	0.550507144497065	308
0.083371803070919	1.03358221731975	49
0.016455491121727	1.68904204175435	236
-0.117754175233904	0.754899646583465	236
-0.094587339800959	1.08774554923459	119
-0.056483101821551	0.72482218723029	291
0.037978602314605	1.03604341406683	72
0.00195583536251298	1.04302552460198	72
0.06311955285961	1.19182978755166	72
-0.075309579519821	0.730725096540126	13
-0.053585171922566	1.06174753579622	284
0.056819320737317	0.875710160074575	284
-0.034530004162013	0.720278161728681	284
-0.117657797742993	0.755147837329674	47
0.00604490112636702	0.877910040001108	47
0.088278754077182	0.876829800366686	47
-0.038097810402228	0.546539513612059	12
-0.091288707418184	0.738006547494781	12
-0.102965414779456	1.09583228917567	119
-0.05617659176163	0.725384303382005	291
0.11082151390221	1.0348726137943	291
-0.053437652156815	1.06214999268453	575
-0.105517435290424	0.746127570500988	284
0.083035998575159	1.19163271802774	284
-0.105517435290424	0.746127570500988	12
-0.093822185919136	0.556462972229039	308
0.054006203687662	0.71236161428316	308
-0.00952188772356499	0.715821806629317	291
0.095926088576779	0.715062270678513	291
0.103209164762305	0.546997639818529	291
-0.114372802292684	0.565069375339754	291
-0.0278340143138029	1.05203422835322	72
-0.105550656039566	0.746062817168851	72
0.10137491214904	1.34498960858184	284
0.110973754168909	1.03525734443883	47
-0.117860301852145	0.754929824972318	47
-0.117726656968486	0.755137061573248	12
0.00628361507103503	0.878352541983902	308
0.058951524506887	1.03325483167655	291
0.083451392635382	1.0335415359493	291
-0.0321047318972511	0.887322933996892	72
-0.053364054531583	1.06223370430968	72
-0.02706550230841	1.20765415381092	72
-0.013494580257075	1.04765643793505	72
-0.00954866961521095	0.71612262862002	47
-0.117636216995833	0.755193658012028	12
0.063099877455865	1.19194811393126	12
-0.074413203649122	0.90789644879066	291
-0.0914838230419121	0.737886173087118	291
-0.065082529448234	1.06724927482881	72
-0.014240094695761	0.88194416022483	72
-0.116983653279696	0.936951811101031	13
-0.114202845247729	1.33714683291672	13
-0.116882572429014	1.35694676317037	13
0.11838799056522	1.95897493451383	13
-0.11779280086867	0.755060239075761	284
0.101174749970204	1.34490913960441	12
-0.075099785714108	0.731011849257144	229
-0.064919375930112	1.06766381603973	12
0.063279222613839	1.1922004166068	119
-0.031983109909985	0.887436272157406	291
-0.00952426338253898	0.71620400051152	291
-0.074520091842056	0.907890744145179	72
-0.0852867033953521	1.08078144875302	72
-0.013273616052232	1.0476321138854	72
0.051439520310274	1.83327958716024	13
-0.097321320091036	0.922119474382056	13
-0.082749214173626	1.25384369448579	284
-0.085756302355357	1.07949127204985	284
-0.091454825911247	0.737871739079942	284
-0.105434479559369	0.74619652415854	47
-0.117906203253505	0.75476839411764	47
-0.116983653279696	0.936951811101031	229
0.083350057137154	1.03206638817755	12
0.00626185634365595	0.878197278877868	308
-0.0689117397669981	0.550461509138893	291
-0.095213984104949	1.27872827785296	72
-0.091541800397199	0.737831058575067	575
-0.06755505782751	1.23390495367427	13
0.121655207483399	1.34687302362979	284
-0.117818327649455	0.754688747004522	284
0.054140745083362	0.712133482626925	47
0.104734569190396	1.19127235014175	12
0.00202829829478302	1.04323210795985	12
0.121658683167612	1.34676320679158	12
0.124796547964319	0.879509255478815	291
-0.093713481518941	0.556786806671946	291
-0.001531036047829	1.19926228457081	72
-0.027945907364144	1.05195282772278	13
-0.117480088539026	0.352775239077962	308
-0.00973578994209001	0.715609392014371	291
-0.097229923673406	0.92234577781416	291
0.101097530570106	1.34469851192391	72
-0.068836912707137	0.55039022934489	47
-0.0745237743677279	0.907808963296253	12
0.104885495165213	1.19134719877775	12
0.000940416657924992	0.546365990802168	291
-0.11424402281122	0.565136053841601	291
0.124692022634661	0.879589807933839	291
-0.026867574683115	1.2080485493346	72
-0.00461611767096004	1.35530832155334	284
-0.01506579330429	1.20271472906896	284
-0.117973698934599	0.754519517234982	47
-0.037872662852266	0.546578998958016	47
-0.093740660621265	0.556754166748311	12
-0.038190324491453	0.546366920879928	291
0.046455763646197	0.546406595576815	291
-0.061665243574233	0.900391116169774	72
-0.041155972500039	1.05680778519614	72
-0.034468279547934	0.720512319695876	72
-0.0144062275565791	0.881794458899902	575
0.028145806152469	1.19459050966025	284
0.014693051385642	0.33154041613148	47
-0.037952022220819	0.546600633082636	47
0.036338566162497	2.04905964590754	229
0.056906067671354	0.875898598592985	12
-0.117839866964325	0.352652701983811	291
0.103127837722916	0.547021736367706	291
0.00191765438275804	1.04287415132242	72
-0.107553449576378	0.929179454735766	72
0.037866550564437	1.03589911376132	575
-0.053353180461659	1.82100068341712	13
0.029724799912908	0.876137017952781	13
0.059062193879704	1.03369855316535	284
-0.082792579712023	1.25355827423702	284
0.019138972482161	1.03928812996183	47
-0.014334402694099	0.881988217754878	12
-0.116844680600363	0.937244005387229	12
-0.034706397659959	0.720101173495409	12
-0.014373080836514	0.881843108235517	72
0.114934172592373	1.49419553072692	72
-0.105799664926959	0.745094017439252	72
-0.068744366725657	0.550504504386003	72
0.033567955554118	1.66623530674197	13
-0.038665707656324	1.2126346817215	13
-0.075621101304154	1.24307380237917	13
-0.034554495557787	0.720411590700479	284
-0.094820664421669	1.08705203024967	229
-0.0688743192839571	0.55046354075607	308
-0.034533936421003	0.720455500194939	72
0.029892105471774	0.876236518809502	72
-0.012385758146417	1.53530017078125	13
-0.086127889528466	1.70201732885005	13
0.028423004472322	1.19503465711452	13
-0.0561628696494561	0.725260835339231	284
-0.109974683382857	1.32152013841135	229
-0.056243164537198	0.725337625091135	12
-0.107301846854523	0.929693074000467	229
-0.086501174283093	0.914392863490819	72
-0.00937861399487205	0.716375045037553	72
0.095846953081435	0.714973032125146	72
0.120797235351169	2.14122954958038	13
-0.096605372820045	1.52903524209055	13
0.114802912179624	1.49325193953356	284
-0.114564765907576	0.564601883477342	284
-0.05619042890002	0.724947986247997	72
-0.085441981330541	1.08049895693197	72
-0.034620164127948	0.720314515791548	72
-0.014894749175942	1.20327632237013	13
-0.067724558880557	1.23312633496768	13
-0.049337558819423	1.21776894270549	284
-0.102961151180609	1.09589994973786	229
-0.0180430664765731	1.75528600333522	229
0.019071257941862	1.03922559043767	308
0.096071839675282	0.715085441540634	250
-0.107301846854523	0.929693074000467	284
0.043737414428035	1.65805070204116	72
0.045167765054009	1.19363634457098	72
0.019862378612839	0.713245001275938	475
-0.094642738491327	1.08767748193791	13
-0.074482007844988	0.907941480804989	691
-0.06897230342571	0.550378261045452	250
0.054126930245297	0.712400573859308	741
0.000828254194413014	0.546393815900103	475
-0.041155972500039	1.05680778519614	13
0.050997781151757	1.49350798757565	13
0.037888183853712	1.03585231428177	691
-0.061808306942724	0.900536518228405	691
-0.091599755243376	0.737662834140235	284
0.000828254194413014	0.546393815900103	250
0.006110322057444	0.877981722989617	340
-0.068949174085904	0.550390686111211	741
-0.013315071559824	1.04766535557358	340
-0.0688511853149521	0.550507144497065	308
0.019113165772076	1.03937670029236	72
0.0466718923138591	0.546511095379513	475
-0.074596260450543	0.907704938877916	691
-0.117839866964325	0.352652701983811	250
0.046564213761884	0.546476908211474	741
0.088147206191863	0.876624686127254	89
0.054029465539626	0.712392747137759	89
-0.118172118618263	0.352244085286353	95
0.121731171721707	1.34693989934357	478
-0.093661717601255	0.556778539148937	547
-0.034554495557787	0.720411590700479	13
0.095952734120206	0.715189374908091	691
-0.078389101895223	0.334894991105506	250
-0.097384243003246	0.922011623739525	340
-0.0688743192839571	0.55046354075607	340
-0.078373926576007	0.334752594792006	741
-0.078548945585607	0.334664702764609	340
-0.114268378368817	0.565012286356702	89
-0.014549884293972	0.881168590178133	308
-0.11456244962031	0.564789288279985	250
-0.114392293153171	0.565062488780271	250
-0.114499210463847	0.564914880949432	250
0.096088482206458	1.97461040879619	229
0.0540759902405999	0.71233853678782	340
-0.107301846854523	0.929693074000467	72
0.110929859976868	1.03510641748529	72
0.102871940568314	0.546825607663817	475
-0.1143509382464	0.565110324997158	13
-0.091693645149431	0.737309639194095	691
0.04636990975931	0.546127549646644	477
0.102939962809722	0.546934303038246	250
0.019201865066138	1.03943125977545	210
-0.015954341362559	1.35980267240365	229
-0.012031063452595	1.74126389427241	229
0.101002966454717	1.34415906537184	340
-0.068842343926711	0.550402812682356	340
0.014164037484612	0.331138547182105	161
-0.074661363719551	0.907610543288604	72
-0.00950486671759099	0.71628739187994	475
0.103115083689341	0.546978454245952	475
-0.065025412546315	1.06738863270955	13
0.015543409119394	0.331916984826515	477
0.044865013583956	1.19295776112311	210
0.096955053877881	1.49178381579846	210
-0.042870943050755	1.38668003242031	229
-0.091360977068112	0.738088245274906	340
0.014693051385642	0.33154041613148	51
-0.013608541440886	1.04735564664405	72
0.0146030411225651	0.331368587604412	475
-0.0411531446762891	1.05689277392428	13
-0.069018561500326	0.550257678966188	346
0.04652044983038	0.5464742420311	477
0.102952818714724	0.546952016374648	477
-0.075897338895184	1.07277953330926	229
-0.0136395680922941	1.04730185785385	340
0.015015511027073	0.33174094912973	45
0.103046680452927	0.54697101885335	45
-0.078446526473096	0.334671088007792	132
-0.100367304588596	1.29321237916914	18
0.0567993662499941	0.875643455159383	547
0.124713866550428	0.879621645016318	547
-0.0785341312035151	0.334774054050095	475
-0.07849037707702	0.334766898185218	346
-0.117839866964325	0.352652701983811	250
0.015748574968654	0.332008986763764	477
0.014486778123062	0.331447869942357	45
-0.114370449554845	0.565048182756302	389
0.015543409119394	0.331916984826515	389
-0.123717321226782	1.12606003618764	18
0.000933106370409997	0.546451336382571	547
0.046455763646197	0.546406595576815	547
-0.117839866964325	0.352652701983811	475
0.000975541614245956	0.54652601352424	475
0.000813604587608041	0.546288457112092	346
-0.078316549947599	0.334892644976188	477
-0.118198069629608	0.352266186569217	477
-0.058788729616776	1.22565608732777	229
-0.117839866964325	0.352652701983811	389
0.015543409119394	0.331916984826515	51
-0.117962360601882	0.352531037221759	475
-0.117839866964325	0.352652701983811	250
0.014280160087122	0.331303341451248	477
-0.086259901940613	0.915121884110616	210
0.025912795539463	1.5008199470284	229
-0.0862457776932331	0.91523304499763	229
-0.00941982402070496	0.716383544036968	547
-0.118067240793936	0.352507886935394	475
0.015543409119394	0.331916984826515	475
-0.037925885706574	0.546670662650068	475
0.11087912454341	1.03492247695417	691
-0.034575059625792	0.720334444681076	691
0.000933106370409997	0.546451336382571	250
0.015015511027073	0.33174094912973	250
0.103021070490942	0.546910029300553	250
-0.075309579519821	0.730725096540126	210
-0.049003760670893	1.21897511588912	229
0.101311871221408	1.34490959135685	229
-0.11051043796045	1.1044347009433	18
0.00198622433673801	1.04301124588454	72
-0.00929359542404995	0.716372663070847	547
0.014486778123062	0.331447869942357	475
-0.0379128235471889	0.546654737619279	346
0.00673886660664502	1.90808671390319	229
-0.0936863004103	0.556790487890074	210
0.056945977289347	0.875842020093212	89
-0.091223433927429	0.738044692041501	89
-0.06873900077762	0.550047528092864	412
-0.105683442212196	0.745478305658423	260
0.00677407681713405	1.35033730910398	13
0.082184795429479	1.34326643912835	210
-0.014400664419758	0.881850320430767	210
0.083002766569947	1.03255294270545	89
-0.117613261430952	0.755164881326392	72
-0.114499210463847	0.564914880949432	260
-0.00960933604854297	0.71605681931707	346
0.014486778123062	0.331447869942357	477
-0.028111345543627	1.05113673563921	229
-0.00946363872669098	0.71628986382389	89
0.046607070563234	0.546529871565748	475
-0.009589915560407	0.716114521322415	260
0.095873572645785	0.715100082050027	250
-0.100624815945193	1.29228201186362	229
-0.097149805685136	0.922143244006557	229
-0.037952022220819	0.546600633082636	89
0.019677589313058	0.713346935133066	412
-0.07532319018333	1.24387248055848	18
-0.056489568428811	0.724798823268352	72
-0.00956802690511105	0.716178523874069	547
-0.068995432562999	0.550334672525007	346
0.124840284125199	0.879616479175003	210
0.00102330001336504	0.54650935831214	45
-0.032027297800702	0.887478390747786	89
-0.07541789123972	0.730337413271173	89
0.103127837722916	0.547021736367706	132
-0.00950486671759099	0.71628739187994	260
-0.093633235422332	0.556851668428262	346
0.024880121525079	1.67692403795235	229
0.012928049324955	1.19742261718102	89
0.013957208446354	0.331045765272962	118
0.102846126923184	0.546816711265645	132
0.014164037484612	0.331138547182105	823
-0.105440013927859	0.746243486322818	72
-0.078505335439038	0.334807235682389	403
-0.0785341312035151	0.334774054050095	475
-0.014290134167427	0.882127139590893	210
0.013957208446354	0.331045765272962	45
-0.11770825070934	0.352703851644874	89
-0.078505335439038	0.334807235682389	89
-0.07538227984421	0.730534939362512	89
0.10276529812906	0.546766261298029	89
-0.047763350092051	0.893685116740861	163
-0.041341592555414	1.05609159969813	163
-0.009397923564752	0.716379445772882	163
0.0197851368136031	0.71341704442789	403
-0.038005310085013	0.546635957220775	403
0.015337900306628	0.331772940313554	475
0.102939962809722	0.546934303038246	475
0.019624558410942	0.71323243362851	260
0.029525468315603	0.87572038958259	260
0.046692809085248	0.546310616907891	346
-0.117944825210674	0.352583555456159	477
-0.117831036354394	0.352673317989728	477
-0.093607359992403	0.556873595673821	210
-0.1143315130289	0.565026076353992	210
0.102952818714724	0.546952016374648	45
0.014693051385642	0.33154041613148	45
0.015015511027073	0.33174094912973	45
-0.118067240793936	0.352507886935394	89
-0.049147083431332	1.2187265734549	18
0.0197866446995379	0.713194851678183	475
-0.014069064905828	0.882162358866716	694
0.043658969943345	1.65752055838313	126
0.124630985484723	0.879313791075463	89
0.080326384721463	1.49101891018807	89
0.00632718347467298	0.878423350453597	89
-0.091281392096503	0.738102849635748	18
-0.027023085041758	1.20815238746116	18
0.019865418618769	0.713383282358074	694
-0.041247353813165	1.05663381490134	126
-0.069139706753081	0.549973806434338	89
0.124630985484723	0.879313791075463	89
0.00231428664777	1.04314504874719	89
0.048654297698733	1.34353801804319	18
0.019651818943123	0.713251012434848	250
-0.114287758365962	0.565136977878951	694
-0.0411702547102351	1.05685570922091	126
-0.117949370489925	0.754657609902077	126
0.046607070563234	0.546529871565748	89
-0.014328840873489	0.882049950236455	18
-0.110150774107699	1.32142971277654	18
-0.014185200815923	0.882226931948104	126
-0.075121740125633	0.731025858500893	392
0.0296987094765629	0.876174282801604	833
-0.06897230342571	0.550378261045452	833
-0.102894977041562	1.09590468214173	18
0.082785408357025	1.19072357026601	779
-0.026856039364058	1.20804464739571	18
-0.093820909427118	0.556596437211793	546
0.056819320737317	0.875710160074575	718
0.000813604587608041	0.546288457112092	392
0.029438840710157	0.875364847062525	89
0.01959729993245	0.713177830099595	89
0.000933106370409997	0.546451336382571	89
-0.038018362492673	0.546618402945273	833
-0.00417013643528097	1.52389441563144	18
0.001013853753835	0.54655060088885	546
0.00613216282211004	0.877839246850872	126
0.096031860202732	0.71521854127108	693
0.056945977289347	0.875842020093212	833
-0.037938951930853	0.546653091630455	833
0.0334672614106351	1.34449632788706	18
0.033442260942382	1.34441468575894	18
-0.056896903655664	1.41109572331313	18
-0.102853312465907	1.09614912993294	126
-0.047672559337241	0.89373615554859	89
-0.00527150396748299	1.35319489789815	18
0.034994218166131	1.85803387560805	18
0.046585173823348	0.546500154315464	250
-0.06181124327538	0.900513998291281	641
-0.015784051358713	1.36082867403359	126
0.065311870344595	1.49207611340707	126
0.0571081200743629	0.875804402104035	693
-0.09723294398704	0.922242984963119	126
0.059355463919881	1.03394893605354	89
-0.061761100762781	0.900550339602943	89
-0.086277363044032	0.915207044131543	779
-0.075042218928253	0.731034756605314	546
0.00603780700662404	0.877900542338017	126
-0.093848084174891	0.556501472754065	392
-0.0688511853149521	0.550507144497065	89
0.051147075021743	1.49351318735104	465
-0.042922742322363	1.38652889417025	465
0.054126930245297	0.712400573859308	833
-0.114540618240105	0.56483017811683	833
-0.038005310085013	0.546635957220775	833
0.000918451769796991	0.546500400749536	833
-0.013498056537117	1.04762090174277	18
-0.107376204489956	0.929717116730616	18
-0.110450059106811	1.10512562459305	18
0.054029465539626	0.712392747137759	392
-0.105241011246835	1.55491849494624	126
0.124711508301496	0.879424700802614	89
0.044910709626444	1.19310834024273	89
-0.065147893066517	1.06703930801257	18
0.015164166108835	1.50779775509916	18
-0.110627685281936	1.10462953371446	718
0.028148797270818	1.19466627882777	718
0.053969087339051	0.712294492055823	136
-0.05635629523522	0.725156729313631	89
-0.0562896829235851	0.725279210160063	89
0.088299255605635	0.876921147738516	89
0.053969087339051	0.712294492055823	89
-0.117815759142666	0.755024890639782	89
-0.015804461775775	1.35971556075566	18
-0.035671175398717	1.79328271865392	18
-0.110520126420554	1.10497442617938	18
-0.061879054617319	0.900248873405241	779
0.124692022634661	0.879589807933839	718
-0.117787624698042	0.754947055258201	126
-0.0784328571216441	0.33484663200897	136
-0.083352604325817	1.48539055560653	11
0.046521365237415	0.546317748025171	633
-0.05872310336931	1.22563610246235	89
0.095767782202828	0.714827607355839	89
-0.117903647041308	0.754523487758929	485
0.056992809505131	0.876000316628624	718
0.102939962809722	0.546934303038246	250
0.121696665390334	1.34677642788784	126
-0.114287758365962	0.565136977878951	136
-0.053511659243594	1.06174488728475	89
-0.053667036977097	1.06146776976419	740
-0.02796007792733	1.05193424013547	18
-0.117746853521297	0.755035757216117	779
0.064685081936524	1.34261604630027	718
-0.107692915978985	0.928590761640377	718
0.054113099523654	0.712433124334927	136
-0.09737001980072	0.922046657412508	89
0.037935411346761	1.03593867819086	89
-0.047788378239462	0.893546984050911	779
-0.110625261517714	1.10455880478406	18
-0.0269424336959579	1.20818017501547	718
0.001013853753835	0.54655060088885	136
-0.093633235422332	0.556851668428262	89
-0.09493345312471	1.279437828812	18
-0.107376204489956	0.929717116730616	18
0.028194495595009	1.19484124386267	18
-0.00399109311388302	1.52443799126803	18
0.05413636415528	0.712386219229169	136
-0.013646529082248	1.04718952085789	126
-0.032066019144699	0.887416346257647	89
-0.114307224486004	0.565109371608688	89
-0.058385744640014	1.8309364079996	18
0.124565533340917	0.879347201685896	485
-0.097261388820051	0.922304981877867	485
-0.094913910856598	1.08683763347062	18
-0.094654400211812	1.08763236813369	718
0.000799966130551999	0.546153818939665	250
-0.0378857510345531	0.546486509346265	136
0.059023459129407	1.03359627413568	126
0.000813604587608041	0.546288457112092	633
-0.014257019673685	0.882175749826494	89
-0.118189436041763	0.352386442821737	89
-0.075645353956042	1.2430607904826	18
0.037842362286551	1.03549714898319	718
0.070811766288138	1.81462971252446	126
0.019650330598824	0.713292319767363	89
-0.061943939103236	0.90001664662558	126
-0.075710838023953	1.0733515909307	18
-0.075540658411283	1.24342704368846	18
-0.027270743297934	1.20766069123544	18
0.05100574041462	1.49318820311342	18
-0.116893653276149	0.937210956791546	485
0.059161815192096	1.03400226803377	718
0.121876153466006	1.34700194264007	718
-0.117717152571787	0.352728572431533	250
0.019706346180374	0.713178111821541	136
-0.027882856907046	1.05212560521532	11
-0.075020269368128	0.731007263015943	126
-0.095160586180192	1.27869389650794	18
0.051439520310274	1.83327958716024	18
-0.053462200704764	1.06206443191094	18
0.082216189691116	1.34338323855081	18
-0.097247162670739	0.922303763005922	18
-0.049076408296008	1.21890781705269	18
-0.093635845378272	0.55666836352301	136
-0.038164270843655	0.546436820610805	136
-0.056369981508627	0.724978476831694	89
0.044991328878457	1.19333012605587	89
-0.117668316512844	1.11451464340104	18
-0.117652701658409	1.11460997848356	18
0.096719143521022	1.490628449747	718
0.104777059455906	1.1916270038697	641
-0.031744591548747	0.887180655304621	136
-0.014107785796194	0.882218170110453	136
0.083313876852135	1.0334112527944	136
0.064848805795363	1.34304113128185	11
-0.097415709421286	0.921917961436575	126
-0.034513382215166	0.720467348802245	89
0.027375177545762	1.86992824741898	18
-0.107364811690516	0.929673539987311	18
-0.068986622168958	0.550250990209298	718
-0.093765271178391	0.556537976415837	136
-0.068981133828171	0.550224724914083	136
-0.091288707418184	0.738006547494781	136
-0.074485690686669	0.907887662230663	126
-0.00950747182039602	0.716046992649911	89
0.088319752008557	0.87697089157298	89
-0.045350731683496	1.60227409595881	18
-0.085664242470514	1.07999019992446	18
-0.089189311623312	1.26588721583942	18
-0.05711255006771	1.41071291658068	18
-0.117073683406379	0.936551194139306	18
0.102684638589434	0.546640068159778	250
-0.09160662357424	0.737350420555122	11
-0.116820206111918	0.937222965234235	11
0.0832199388499319	1.03342891156724	89
-0.034620164127948	0.720314515791548	89
0.066509268832058	1.64601719836235	18
0.044984850073827	1.19335302443414	18
-0.038151250108503	0.546420854556282	485
0.019916900057583	0.713318188138201	89
0.014693051385642	0.33154041613148	633
-0.114455530711662	0.564969109409345	89
-0.114416544711985	0.564897273997189	485
0.00627650540511404	0.878418860400463	485
-0.105528309041014	0.745933565289379	485
-0.05639642526553	0.725071798583745	136
-0.03466531760267	0.720222122204125	136
0.046736752000125	0.546435178410204	89
0.019701857267027	0.713156019298393	89
0.053885443008125	0.712114459554289	89
-0.025911502037269	1.36739598022362	18
0.083415525453292	1.03326415844815	18
0.065126340051293	1.49188806369528	18
0.061021606173883	1.82399717099547	18
0.000738002359985002	0.54623867910786	136
0.046542286709821	0.546503907985386	136
-0.117927802459396	0.754742291093125	126
0.079555692477423	1.64247180109857	126
-0.038084771804796	0.546557048928131	89
0.082988840586588	1.19159295097399	18
-0.09723294398704	0.922242984963119	18
-0.00479869486205098	1.35529874944035	18
-0.075230050713224	0.73089510779261	485
-0.094858530386844	1.08703090351362	18
-0.065066337379343	1.06728904189409	11
0.082965273715384	1.1914957077777	126
-0.074585192604402	0.907739998347289	126
0.0378894940067031	1.03595967133585	126
-0.093795012818503	0.556596773272788	89
0.0297188747502331	0.876185244053301	165
0.033760889368461	1.66645355500146	18
-0.033438869811685	1.57391899343603	18
0.120377966137516	2.13952908704194	18
-0.117715494135549	0.754984816515367	18
0.0833791398446	1.03360074618392	18
0.00809371602067899	1.69947990402182	18
-0.03425084666571	0.72038509775659	250
0.096979411273692	1.49179213584748	641
-0.00944172907490504	0.716353910708763	126
-0.091520158642753	0.737866944239932	126
0.11091619758058	1.03504096236108	126
0.111031333336569	1.03530716996443	89
-0.0562896829235851	0.725279210160063	89
0.00632012931211201	0.878254139306057	92
-0.123274945403577	1.12704007693492	18
-0.114307224486004	0.565109371608688	250
-0.00165401009502197	1.19939681325928	11
-0.1143509382464	0.565110324997158	724
0.00184519241931402	1.04255583676564	126
-0.082775063127178	1.25386745988663	126
-0.034624257244852	0.720213691471364	89
-0.047608720594142	0.893821029515653	89
0.00622582819322903	0.878367710877533	89
0.050852526459428	1.49312661220274	89
0.124694274441782	0.87946409221883	293
-0.0504942333219141	1.39739101686333	18
-0.0185301632606401	1.75344697597637	11
-0.0659635928568471	1.65854416287661	11
0.00639967799685104	0.878219703883508	451
0.0197048500773001	0.713365515733353	126
0.102927125088669	0.54679237203476	92
0.0594273838209211	1.03381793511204	165
-0.094549446734425	1.08770164560179	18
0.00200573546859395	1.04277506348977	18
-0.00944172907490504	0.716353910708763	92
-0.117962360601882	0.352531037221759	293
-0.11770825070934	0.352703851644874	293
0.0377545005373739	1.03556634468997	165
-0.056089943581062	0.725414914170609	165
-0.091512814535612	0.737872493085191	18
-0.0937678377201721	0.556691762056095	764
0.082553210100896	1.34354418006639	764
0.015748574968654	0.332008986763764	250
-0.0385356218803981	1.21308012595943	11
0.074184001078809	2.1883936351537	11
-0.118075945617532	0.352475981362613	293
0.014693051385642	0.33154041613148	293
0.095886876869285	0.715098908302365	165
-0.015098429812809	1.20254072739324	18
-0.100666376286211	1.54332922383578	18
0.038104488946171	1.49685228321715	18
-0.00929359542404995	0.716372663070847	724
0.000842858445567973	0.546344713229705	138
-0.117831036354394	0.352673317989728	138
-0.078505335439038	0.334807235682389	138
-0.078505335439038	0.334807235682389	92
0.102952818714724	0.546952016374648	293
0.095873572645785	0.715100082050027	293
0.088426513183818	0.876968530518498	165
0.029606081489914	0.875836588593156	165
0.124648320481278	0.879392721604264	165
-0.0689117397669981	0.550461509138893	764
-0.117953601258673	0.352597545210657	764
0.059206052505137	1.03404268379246	18
-0.08926834034619	1.26569288136207	11
-0.117594217230099	0.352759200610373	92
0.095886876869285	0.715098908302365	165
-0.0784328571216441	0.33484663200897	293
-0.093873988890348	0.556465424559561	165
-0.117814359581541	0.754969453206023	165
-0.056243164537198	0.725337625091135	165
-0.027203673874642	1.20755814663409	18
0.053945827600581	0.712263366492621	451
-0.093740660621265	0.556754166748311	451
-0.114392293153171	0.565062488780271	451
0.0958602647171281	0.715059134269568	92
0.015543409119394	0.331916984826515	293
0.046240423554228	0.545736020693466	293
-0.075099785714108	0.731011849257144	165
-0.075216320294453	0.730735243324967	165
-0.038110853061623	0.546487094584724	835
0.015337900306628	0.331772940313554	138
0.046585173823348	0.546500154315464	92
0.00103795960869801	0.546283456035468	92
-0.038071737268363	0.546541091843573	92
0.0463911152322391	0.546294317805983	293
-0.118180785688706	0.352378760345744	293
0.102846126923184	0.546816711265645	293
-0.038138233431129	0.546369917782611	165
0.0883650057201501	0.876939662208736	165
-0.034447714544559	0.720524184355505	165
0.124798937057536	0.879642881682537	165
-0.029904759104903	1.78101454102364	18
0.019113165772076	1.03937670029236	18
0.046607070563234	0.546529871565748	764
0.095873572645785	0.715100082050027	138
-0.032032698929494	0.88745008523199	92
0.02976515111835	0.876267215506044	92
-0.014334402694099	0.881988217754878	92
0.012567623001574	1.1959879610673	165
-0.082731696184296	1.25399484602581	18
-0.117944825210674	0.352583555456159	138
0.054006203687662	0.71236161428316	451
-0.11770825070934	0.352703851644874	92
0.015221229893607	0.331833236925771	293
-0.04758370302709	0.89382377463508	18
-0.117450366101823	1.11511842337094	18
0.038034266747597	1.49679014309906	18
0.02855460928936	1.19388889061079	724
0.029851755787653	0.876322870689221	165
-0.038084771804796	0.546557048928131	780
-0.013681038053129	1.04711622666886	18
-0.034644473554668	1.37703467866253	18
-0.093739373147757	0.556695144537498	764
0.095715143638794	0.714748853923145	451
0.111009399555675	1.03519772250206	157
0.00622582819322903	0.878367710877533	92
0.095873572645785	0.715100082050027	92
0.0830124155211051	1.19163910375268	165
-0.0689580026679329	0.550340898981373	780
0.0450511645220329	1.19354568250657	165
-0.0136395680922941	1.04730185785385	18
0.025885587907412	1.49982642857938	18
-0.0863230639282661	0.915097125878959	724
-0.10734485760253	0.929772033199108	157
0.059095391321302	1.03384859375676	780
-0.114414141529456	0.565049160716253	165
0.0590898844889	1.03384754958741	165
-0.013715544455531	1.04700328113007	18
-0.074385683541618	1.4526821850304	18
-0.102736957208507	1.0958588744322	18
0.083038978432692	1.19134541257897	218
-0.0688743192839571	0.55046354075607	451
-0.086400346857343	0.914901897708908	157
0.0882744474039731	0.876904626318797	157
0.063016343642644	1.19183627241627	157
-0.00971394192349895	0.715605257452121	780
0.096110950864864	0.715171097862936	780
-0.117489099752892	0.352680207039254	780
-0.027228681497751	1.20735342515811	795
0.059195041683442	1.03400414246333	451
-0.00960933604854297	0.71605681931707	451
0.095939413203912	0.715148403086207	451
-0.047898565359789	0.893300214906381	157
0.104686296322082	1.19146443481907	92
-0.075309579519821	0.730725096540126	92
0.093898560597899	1.64148529444712	165
0.053982942164289	0.712290972688709	780
-0.056216769131179	0.725236123570522	165
0.00771580673290995	1.6973308673896	18
0.0197321128944981	0.713348024140361	417
0.044871175492164	1.19275160950482	724
-0.069070333709553	0.550106699395327	451
-0.093741949229363	0.556657931195888	165
-0.025512550341763	1.36831129856639	18
-0.027468500995832	1.20665570731791	218
-0.0913899473120649	0.738046823995945	165
0.104819667358441	1.19159003362204	165
0.019159908787125	1.03941663549016	165
-0.117837335854137	0.754965184976683	165
0.058901857003949	1.0329241788111	165
-0.047676318515819	0.893747099902899	165
0.045126611109631	1.19342301997753	165
0.065064990958619	1.49178018491693	18
-0.094648539528157	1.08772244336184	218
-0.00493313676333496	1.35502394186922	218
-0.056103807617612	0.725065522860598	451
0.00591463865537301	0.877322805386705	157
-0.013708572074664	1.04695599136875	157
-0.034620164127948	0.720314515791548	92
-0.094451709228364	1.08786367029324	165
0.11079271707856	1.03478592110967	165
-0.085231106354425	1.08078951068242	165
0.064922833044043	1.34324086955848	165
-0.0745237743677279	0.907808963296253	18
0.027583211363177	1.87137222684918	18
0.028306019104908	1.19461287018966	795
0.062940181302778	1.19142700170675	795
0.037783797722281	1.49578321299806	11
-0.064870488524907	1.06772179743614	218
0.124694274441782	0.87946409221883	92
-0.032010866119856	0.887142375764899	165
0.080320607715996	1.49105081129881	18
-0.06161069615358	0.900852092260805	18
0.033548023574475	1.3447434797401	18
-0.015701708807992	1.36069670809446	18
-0.027882856907046	1.05212560521532	218
-0.00935938743332199	0.716178191006334	92
0.064505186938942	1.34173001415676	92
-0.014257019673685	0.882175749826494	795
0.104864135048499	1.19155085620906	795
-0.033524113383417	1.57373143650559	18
0.00678082792857804	1.35003885836663	18
-0.020322081045909	1.54577245092948	11
0.057211336039395	0.87595530131108	218
-0.097261388820051	0.922304981877867	451
-0.027728405129217	1.05230075126149	157
-0.056309753607088	0.725252132108966	92
0.01960335262126	1.34689362251284	165
-0.075375402931356	0.730422857747346	165
0.029712872334448	0.875859291653946	165
-0.04785412672033	0.893451211236243	165
-0.013418607638285	1.04769803205404	795
0.012887420923394	1.19732894561023	795
-0.067807372401141	1.23303735633932	795
-0.03871385393717	1.21238756058506	641
-0.082420085532857	1.2543618952881	11
-0.110410119001108	1.10515954792975	11
-0.014395060731473	0.881830785014473	157
0.0632681975560681	1.19203745955108	157
0.033982586137028	1.66701121920357	165
-0.013532567022953	1.04758817660235	165
-0.074695753926754	0.907475803469567	218
0.093539777425125	1.80071547370666	11
-0.109603440022438	1.32339530357439	11
-0.014367538669431	0.881939579689503	451
-0.105290637963021	0.746245853056653	157
-0.068926044541021	0.550371904052352	92
-0.114414141529456	0.565049160716253	92
0.046563367283465	0.546405439872833	333
-0.058643618250203	1.22605937095132	18
0.120166555224867	1.7940892732467	795
0.106250792826768	1.79642460564817	795
-0.091534428452937	0.737747668005716	626
-0.034437854749529	1.37702543071848	218
0.0831330111184751	1.03311088996779	451
-0.114433698001673	0.564954796623497	451
-0.027788306131725	1.05215467037498	157
-0.01338062179614	1.04767045385906	157
-0.067630153489496	1.2336063608103	157
0.110843468261436	1.0349698612074	157
-0.086431933502463	0.914821628081695	157
0.088319752008557	0.87697089157298	92
-0.00980136155391997	0.715415466259179	333
-0.097264424357804	0.922121985967393	18
-0.097044131021372	0.922407507359112	18
0.093652541505197	1.80130901005127	11
-0.0691628306830781	0.549857769570789	623
-0.027332232845137	1.20727551189515	157
-0.056116345604301	0.725374071607745	165
-0.0689348713150461	0.550417910328223	165
-0.0785341312035151	0.334774054050095	333
-0.117944825210674	0.352583555456159	333
-0.047763350092051	0.893685116740861	165
0.0829210299145931	1.19139384765256	165
0.019571520063183	0.713070408413511	626
0.037886857692491	1.49626484449991	11
0.124862145042816	0.87960571839731	451
0.0450919853965081	1.19349322164888	157
-0.00944172907490504	0.716353910708763	92
0.046564213761884	0.546476908211474	92
-0.047765233336417	0.893659361962419	795
0.063199385797851	1.19220836248356	165
-0.117748260284001	0.75512922206726	165
-0.034533936421003	0.720455500194939	165
0.120177234480679	2.13948557340353	18
0.0958602647171281	0.715059134269568	451
-0.118067240793936	0.352507886935394	623
-0.075165598223635	0.730855010202396	157
0.102658657897613	0.546332042831491	92
-0.118067240793936	0.352507886935394	92
-0.034554495557787	0.720411590700479	626
-0.118189436041763	0.352386442821737	451
-0.03429586505462	0.720477020260131	451
-0.105432710075744	1.30718104164219	795
0.012959392783233	1.19749810239555	626
0.025558385298488	1.49913277814911	435
0.083400774601544	1.0336089314903	157
0.00205869313993801	1.04316661399344	92
-0.118067240793936	0.352507886935394	92
0.109188121084951	1.64064135787492	165
-0.065058079240642	1.06734848035498	165
-0.093633235422332	0.556851668428262	333
-0.0477901637287	0.893265380987533	795
0.050817211183987	1.49302800755401	435
0.056852209711233	0.875252433360101	451
0.053955216946999	0.712091398415352	451
0.110887427741006	1.03486534628498	451
0.056732568709337	0.875432965157303	92
-0.116950892304974	0.937081442351767	795
0.01957654004512	1.34599445755402	795
-0.107438908099262	0.929529900434772	795
0.065151179393241	1.49197355329879	795
-0.013605062357356	1.04741483265303	795
-0.117927802459396	0.754742291093125	795
0.0451298754068939	1.19358241273588	626
0.101188935754602	1.34486883291639	626
-0.032049643585037	0.887175072904187	626
0.064971903659537	1.34336550588091	435
-0.093792453627986	0.556564105378166	451
0.029779355852249	0.875998192850076	157
-0.074405840491905	0.907958583834085	157
-0.0271094959452241	1.20802400546949	165
-0.123264534638609	1.12694533987138	795
0.101083341837302	1.34463203813909	795
-0.026090387770674	1.36667119667045	11
-0.12362968232629	1.12632700942526	435
0.033734555778571	1.34494888743043	435
0.115105917612215	1.49433620606954	240
-0.0688511853149521	0.550507144497065	835
-0.075749453673135	1.07325708763209	11
-0.032215473041966	0.886964579977082	435
-0.01370508180012	1.04682024357215	157
-0.107315695335875	0.929626469393485	157
0.029739037568462	0.876160446607397	92
-0.074665056110531	0.907604522414571	626
0.106829524432688	1.96600392735124	18
-0.014173960575557	0.88216317648726	435
-0.056329826930416	0.725194243207079	451
0.029606081489914	0.875836588593156	157
-0.075252003956264	0.730865020105919	92
0.064906500088867	1.34277168230986	795
-0.093552994386365	0.556851119320473	626
-0.00924975708215503	0.716330084395984	835
-0.038763450335388	1.21240950718602	435
-0.094673333619148	1.08766275853021	435
-0.034599615781616	0.720358404474324	451
0.081984930858133	1.34218563705587	157
-0.056223086852438	0.725364716029639	157
0.0883607294373659	0.876949959289591	333
-0.014927370649275	1.20321905872639	18
0.00693444149131595	1.35049513022236	435
-0.09723294398704	0.922242984963119	435
-0.107479755785111	0.929301558356756	157
-0.091469535744416	0.737939274151088	157
-0.069093458268929	0.550094280150441	92
-0.068926044541021	0.550371904052352	92
-0.056203011811603	0.725361460329095	667
0.06309618957338	1.19206093557389	795
-0.102527640451216	1.0961150032431	795
-0.027034701935448	1.20789226264396	795
0.038177040228257	1.49688994747133	11
0.012816966610894	1.19655095326646	435
-0.034447714544559	0.720524184355505	451
0.124670173944602	0.879514467652847	451
0.096058516894194	0.715174091580805	333
0.103209164762305	0.546997639818529	333
0.045128453034825	1.19364276519219	667
-0.06751488738723	1.23401880702287	795
-0.114455530711662	0.564969109409345	626
-0.053552346369081	1.06187902594032	240
-0.057148975712639	1.41024513634413	240
0.00787282942323897	1.69837544873267	240
0.093828157027144	1.64143074718896	240
-0.100576042826278	1.29251988027371	11
-0.027064546237492	1.55980877207151	11
-0.073897981512617	1.45409008710345	435
-0.00500786299616896	1.35495097550663	435
-0.047653178776193	0.893822710794895	157
0.095807667058939	0.714953390541008	92
-0.056296119903371	0.725052833574274	333
-0.0142514185499381	0.882171872302385	667
-0.025446531264983	1.36773848470281	795
-0.075928102034192	1.07254887055718	795
-0.105078228835112	1.30809997358209	240
0.033740352138586	1.34508848498147	435
0.124630985484723	0.879313791075463	153
0.01295673686333	1.19717605540832	667
-0.107537226618109	0.929069484852214	667
0.083174615603097	1.19103376215103	667
-0.116885824083239	0.936814810502935	795
-0.10047135384657	1.29251944177704	795
-0.027098026028018	1.20792074472636	795
0.062985633590449	1.19173577774607	795
0.064922833044043	1.34324086955848	795
0.00596532193379296	0.877603973187429	157
0.0540759902405999	0.71233853678782	92
0.10137491214904	1.34498960858184	667
-0.027897039468303	1.0520455260929	667
-0.053413111611449	1.06220656927853	795
0.060688198879687	1.82318395056803	641
0.037866550564437	1.03589911376132	435
0.0195709053725019	1.34650189618741	435
-0.075252003956264	0.730865020105919	451
0.044973879314392	1.19336622246942	157
-0.117729142282029	0.754696197910299	157
-0.056089943581062	0.725414914170609	157
-0.074878788510091	0.906691146468819	67
-0.105561570244077	0.745934222722886	667
0.082170491885044	1.34319095206563	667
0.048458454429522	1.3429767485885	795
-0.096502010203577	1.52931538863918	240
-0.038702100297075	1.21272991529503	240
-0.074775622091669	0.907199996213151	435
0.082856143720101	1.19117004335201	451
0.04875238744583	1.34345315580734	67
-0.075604924139703	1.24291199083376	667
0.012942396851101	1.19733987888906	795
-0.089279457117321	2.12712618617898	240
-0.032099330121934	0.887343608944125	435
0.048654297698733	1.34353801804319	435
0.00216545866259499	1.04314666499516	157
-0.114390046918761	0.564835652312894	92
-0.075587870333342	1.0737275333505	795
0.09721523522031	1.49157204577048	795
-0.00433734621690896	1.52332963681135	240
0.064603229708358	1.34227662581027	435
-0.041247353813165	1.05663381490134	435
-0.038578018892937	1.21274749217726	435
-0.097555808959793	0.921308417212355	157
-0.079317039090784	1.46718990100587	67
0.0646443796159501	1.34246578773683	67
-0.056376358934057	0.725129665591917	92
0.088299255605635	0.876921147738516	92
-0.058971235507141	1.22478648491087	795
0.02566577005162	1.49990155908101	795
0.00614626164520604	0.878229366181112	795
0.046499407903853	0.546409161577071	417
-0.118262475332159	1.58751867546761	11
-0.0688511853149521	0.550507144497065	157
0.088270004128114	0.876555126438993	92
0.056846009944997	0.875696225464736	153
-0.053437652156815	1.06214999268453	120
0.029678541744073	0.876127577905722	667
0.124609172878749	0.87936817253218	667
0.056952808189603	0.875980833095336	667
0.106379738405087	1.79709375307268	791
0.056992809505131	0.876000316628624	835
-0.068890979293626	1.43840489620401	11
-0.117073428981925	0.936553875884118	157
0.012973746236837	1.1974485698782	67
-0.056196679117971	0.725326387420048	667
0.107157482469522	1.96719054958783	795
0.0509997857140611	1.4935541087167	791
-0.025738291622638	1.36806525997229	240
-0.00433734621690896	1.52332963681135	11
-0.012801488054285	1.53337038548675	11
0.088167685316824	0.876715975962942	157
-0.020378027618087	1.54551392398051	67
0.124565533340917	0.879347201685896	92
-0.056309753607088	0.725252132108966	667
-0.093872721946495	0.556388266199035	667
-0.075537785971432	1.0738729941955	795
-0.116959016430847	0.936783211477614	795
-0.117858881199237	0.754847544131532	835
-0.056994098756568	1.41104555844753	11
-0.0750778144669611	0.730926283215142	451
-0.110585379329701	1.10446488887638	795
-0.026789720138664	1.56011524739127	791
-0.01830725972713	1.754611335772	791
-0.00627806140667797	1.92899807700131	11
-0.044840502942645	1.60361115983375	11
0.115015096523387	1.49320884062477	451
-0.114348610735491	0.565004808689118	667
0.101192064791115	1.34487699244522	667
-0.032165924486585	0.887082300373577	667
-0.117063529388298	1.35672360851524	791
-0.025701375720727	1.36792883350719	795
-0.025789188077803	1.95466571342877	240
-0.035735746699031	1.7930145918856	11
-0.082671372778495	1.25369453464983	67
-0.014691106814844	1.20333799506039	67
0.083357522085303	1.03349650168979	92
-0.093660416875415	0.556847987421022	835
-0.073953790922293	2.12182359792096	518
0.0540898352208991	0.712440424822514	697
-0.117838707226608	0.754959302790805	153
0.0378693457377151	1.03562419566802	667
-0.069018561500326	0.550257678966188	215
0.088512777016834	0.876847784484523	215
0.095952734120206	0.715189374908091	215
-0.049262951917645	1.2182721307584	795
-0.0562896829235851	0.725279210160063	325
-0.109791881056304	1.32271251873616	240
-0.0412616391410871	1.05660823336923	240
-0.034382069378414	0.720536934995111	451
0.102778255844793	0.546757450411459	736
0.0957416965197621	0.714704306182778	215
-0.034554495557787	0.720411590700479	451
0.110958668542659	1.0350695298605	451
0.020466790080879	1.88429263247574	637
-0.0914911836154521	0.737936472431871	697
-0.11424402281122	0.565136053841601	742
0.0148094482928141	0.331596623912213	215
-0.00490865927528805	1.35501540775621	795
-0.013525605885073	1.04750685891911	795
0.080357076048387	1.4910031461723	791
-0.047718915328591	0.893773917517034	325
0.03799914880535	1.49670807361	240
0.063023715128113	1.19184328364335	262
-0.047875389162132	0.893375866125382	451
0.12454587146669	0.879157328057056	451
-0.075172474316371	0.730976133216179	451
-0.034817304552462	0.719780686300919	157
-0.061831897657868	0.900475779289684	67
0.015543409119394	0.331916984826515	215
-0.00146617685639305	1.1995898830149	795
-0.117450366101823	1.11511842337094	795
-0.114457852611772	0.564938315062389	325
-0.074810013726847	0.907065324149663	325
-0.114202720835829	0.565136562997593	451
0.01922288467107	1.03932017041726	451
-0.078316549947599	0.334892644976188	736
-0.038018362492673	0.546618402945273	215
-0.0271094959452241	1.20802400546949	325
0.00744737757994995	2.08115114895184	240
-0.1143315130289	0.565026076353992	451
0.102778255844793	0.546757450411459	736
0.000647696275498988	0.546024271228124	697
0.019571520063183	0.713070408413511	153
0.0881223280121301	0.876582734080381	153
0.01277246815931	1.19692080759096	667
-0.00956802690511105	0.716178523874069	215
-0.114521057504065	0.564844995830792	325
0.00196364327897802	1.04292241200434	325
-0.114477368199382	0.564955794700488	835
0.000975541614245956	0.54652601352424	736
0.102778255844793	0.546757450411459	736
-0.117944825210674	0.352583555456159	215
-0.025880261754006	1.36769612223354	791
-0.091360977068112	0.738088245274906	325
-0.105285357169662	1.30766792269634	240
0.054006203687662	0.71236161428316	153
-0.037780242934524	0.54648542487723	215
-0.107484593074783	0.929413799934893	795
-0.114329078977151	0.565123666576565	325
0.083190957312963	1.03336329103333	325
-0.0686695774294021	0.550284054061678	736
0.046607070563234	0.546529871565748	736
-0.068949174085904	0.550390686111211	157
-0.09144787097444	0.737878600505114	157
0.0592005274362371	1.03406717617637	67
-0.027332232845137	1.20727551189515	67
0.019706346180374	0.713178111821541	215
-0.110452523367198	1.10507042123934	791
-0.03466531760267	0.720222122204125	215
0.048735869914562	1.34361515457409	795
0.046455763646197	0.546406595576815	736
0.050854518910077	1.49319526493812	67
-0.110342514248419	1.1052412139944	54
-0.113967550108569	1.33830845322923	240
0.059627478689423	2.01724037316206	518
0.0197048500773001	0.713365515733353	153
0.095992674622349	0.715056204037152	153
-0.09737001980072	0.922046657412508	400
0.000429394292863039	1.92024309755206	240
0.056846009944997	0.875696225464736	417
0.037866550564437	1.03589911376132	67
0.101329198501457	1.34504893189477	400
-0.107441630806991	0.929183778985937	400
-0.120753354371428	1.37271783572755	444
-0.0356311445759741	1.79327201429722	444
0.120166555224867	1.7940892732467	11
0.079478242066658	1.64184527411434	157
0.042808903459279	1.84447543407888	67
-0.097095857673205	0.922117760991876	400
0.028191498771337	1.19467740270517	400
-0.056847976408014	1.98003296129478	444
-0.056349902896603	0.725104009361192	203
-0.085719805310338	1.0797834797181	67
-0.085553113822229	1.08030885555221	67
-0.061699191680086	0.900788888973118	67
0.00607380179973005	0.877953496140524	153
0.005943544164142	0.877400472702282	153
-0.06751488738723	1.23401880702287	240
0.03799914880535	1.49670807361	240
0.033823503536218	1.66713103949329	240
0.088076919954856	0.876351734673703	559
-0.053599431121322	1.81881655125684	178
-0.07946320315422	1.46723391799676	178
-0.097384243003246	0.922011623739525	67
-0.074962701745756	0.730971224691857	153
0.124692022634661	0.879589807933839	153
-0.068813776492815	0.550467240857607	153
-0.097338550714146	0.922140333812829	54
0.104752070507974	1.19146646873332	683
0.059139689598796	1.03379147911228	683
-0.117942298895357	1.58818724331535	529
-0.107528876881025	0.929245737011801	157
0.000898958716415987	0.546360004087353	559
0.021990048947923	2.06891040630666	178
-0.013477582635658	1.93619600234028	151
-0.053503300407907	1.06196346643808	54
0.037809674170685	1.49550032672049	683
-0.092374818085027	1.51457197807572	529
-0.114394671114916	0.564999444831835	559
0.059056666976828	1.03374631450049	559
0.0632755440010651	1.19223974959468	157
0.082494933166683	2.17810729646622	178
-0.069270537393302	1.43695757420566	54
-0.123708972156477	1.12608238962719	240
0.0829210299145931	1.19139384765256	157
0.01313044398313	1.19749561548654	157
0.114901387437099	1.49410017485793	157
0.0591285984150311	1.03394982160885	54
-0.114414141529456	0.565049160716253	400
-0.075208080598503	0.730859954990492	157
0.110799576536313	1.03467538382903	157
-0.114414141529456	0.565049160716253	157
0.0832199388499319	1.03342891156724	157
0.095913474208575	0.71496687423092	153
-0.094906138818628	1.08657122627817	54
-0.096783581716372	1.52842765818902	240
0.053899309122687	0.712078870782328	559
0.0833791398446	1.03360074618392	153
-0.117147074860255	0.936464434991895	153
-0.014317595527661	0.881952752026586	54
0.01585213560395	1.6867588306366	54
-0.105583867075268	0.745966621458554	157
-0.02724580047439	1.20770761615965	67
-0.074485690686669	0.907887662230663	67
-0.034538000308954	0.720296452449875	153
-0.093687596325703	0.556815343915179	153
-0.015674048795926	1.36108086195354	54
-0.075649308928914	1.0736597868254	54
-0.09449400809301	1.08780215924919	54
-0.064903207003559	1.06760378306443	683
0.00198622433673801	1.04301124588454	683
-0.032884470242974	2.10839699317535	529
0.096031860202732	0.71521854127108	559
0.0883650057201501	0.876939662208736	400
-0.1073135139969	0.929801453569953	54
-0.0788814875296791	1.46952361506515	54
0.000998024643433015	1.71320225745676	54
-0.093795012818503	0.556596773272788	153
-0.0384114361442131	1.21309780291149	54
-0.0853864136864489	1.08054329084472	54
-0.100144931955339	1.29354561077525	54
-0.100360149641893	1.29307291101139	54
-0.035734868743274	1.79301363197362	54
-0.116909951455651	0.937073551581229	157
-0.041290232405198	1.05635703265944	67
0.064668907798495	1.34262082318263	67
-0.053486757254476	1.06194923751345	67
0.044836555807628	1.19267220715032	153
-0.034817304552462	0.719780686300919	153
0.045095252214164	1.19359946018082	54
-0.00490216997225901	1.35533059246269	54
-0.105511939295674	0.746134185761975	509
0.043805458569395	1.65798411970728	536
0.12431227479397	0.877890692313727	707
0.057079546232314	0.876013322945726	157
-0.035566858070222	1.79269154728792	178
0.110995726645821	1.03518476475949	153
-0.0561364250077741	0.725408162069438	509
-0.097218732747162	0.922119944309022	536
0.045005459159795	1.19344112068112	536
-0.117098139340188	0.936547103652742	11
0.059233743487657	1.03406903103067	536
-0.075280794560489	0.730809985770197	157
-0.0744783213317211	0.907931257718215	67
-0.091411590474285	0.738050228435181	67
-0.0563161757230209	0.725119348849623	509
-0.093031021462104	1.85839806325792	54
-0.041136057408622	1.05677501188643	536
0.104414088494823	1.18931820917301	157
-0.034513382215166	0.720467348802245	157
0.029652411017309	0.876046324491345	153
0.00496215236747999	1.51462546340931	509
-0.046532243178062	2.2478069541999	55
0.061266396532433	2.36916058339839	55
-0.075353478762815	0.730589964241878	157
-0.109962339260946	1.32214968294681	178
-0.102818080861257	1.09619801775061	178
0.095939413203912	0.715148403086207	509
-0.105495038008853	0.745896333900028	157
-0.118198069629608	0.352266186569217	707
-0.0937678377201721	0.556691762056095	707
-0.056096268845792	0.725307563422854	153
-0.107282769311172	0.929803969905418	426
0.104775205003604	1.19158811487873	157
0.019730612762067	0.713415955765321	707
-0.0784328571216441	0.33484663200897	707
-0.09775204785614	1.86601554959235	178
0.018933406034466	1.03882183655056	67
-0.07447463125881	0.90785820324897	426
-0.106782879367921	2.14006070103326	151
-0.095504502698056	1.27659836104084	54
-0.097352779892204	0.922078683560554	536
-0.05617659176163	0.725384303382005	536
-0.110525032983312	1.10490918725212	743
0.120099325326197	1.79352119373976	743
-0.050709328930081	1.39690763268465	11
-0.01356359296861	1.04747015507068	157
-0.074737535748193	0.907367085175255	157
-0.0155690143616199	1.36104640923243	67
-0.0936863004103	0.556790487890074	509
0.000975541614245956	0.54652601352424	509
-0.118573312477653	1.58580592915365	54
0.095886876869285	0.715098908302365	203
-0.041230238758628	1.056694364682	157
-0.00172735378854805	1.19936135125826	157
-0.0784328571216441	0.33484663200897	707
-0.074771926898303	0.90723238224064	67
-0.085918442040504	1.70256320809376	54
-0.117727937602491	0.754992801818356	536
-0.107113727645212	0.929946077635642	743
0.000898958716415987	0.546360004087353	417
0.0959660513274599	0.715188219408872	707
-0.027084555973322	1.20801084980034	178
0.095794375808675	0.714954580622306	153
0.019839669074009	0.713263853996309	509
-0.074626970690862	0.907711623272699	536
0.000723403080248986	0.546133424431026	707
0.016288280913356	1.68872378538497	178
-0.061625462086952	0.900642855823694	153
0.124735705690894	0.879610841769866	153
-0.105440013927859	0.746243486322818	153
-0.105440013927859	0.746243486322818	509
-0.113803086259427	1.33904634008678	54
0.0378894940067031	1.03595967133585	536
0.064808128738051	1.34308751046229	536
-0.056422923749636	0.724997239271892	203
-0.034382069378414	0.720536934995111	707
-0.085553113822229	1.08030885555221	426
0.029692721004003	0.875959933235512	153
-0.076195128915072	1.84803346136865	55
0.082968184824717	1.19153726599217	157
-0.0755044715683501	1.24339799229335	178
-0.00944172907490504	0.716353910708763	153
-0.014361955893588	0.881960695370533	153
-0.058687998960395	1.2256433895498	54
-0.117501547752685	1.11371917299756	54
-0.095295862447263	1.27781954252953	54
-0.04650744155826	2.24780885714255	444
-0.061652041660708	0.900874876007685	157
0.066577425390557	1.6463272673034	82
-0.107340249459376	0.929663064207597	153
0.033821144151208	1.34508472000566	536
-0.103071105486395	1.09553347530124	82
0.043883905714973	1.65854523955238	82
-0.027759927416417	1.0522909285126	178
-0.097458406134597	0.921543611715089	153
-0.075223207702091	0.730891017642433	153
-0.117849338741019	1.11348644180225	82
-0.092556566380372	1.51404244646089	178
-0.050361172052277	1.398017967039	426
-0.102071246172428	1.87290641109532	55
-0.080988256661602	1.69222726382661	178
0.018917445521936	1.03835344970385	153
0.106343591000258	1.79685712859853	579
0.054006203687662	0.71236161428316	417
-0.04785412672033	0.893451211236243	146
0.00679738206621505	1.34995004357553	426
-0.024532125557973	1.76636468989356	743
-0.056296119903371	0.725052833574274	441
0.064537977334207	1.34178959133346	441
0.038001540531627	1.03605734349106	146
-0.025866775372017	1.36740509960013	146
0.00710669241455797	1.3506667367687	579
0.104709454629253	1.19153223786044	542
-0.124508060157563	1.38743583301607	580
-0.073284718028679	2.25440862301954	438
0.0466499356636571	0.546481330595372	487
-0.069018561500326	0.550257678966188	146
-0.117471660286586	1.11497776563419	82
0.056977108402305	0.875863628466965	542
-0.0862569951602909	1.70108260623979	529
-0.0827230811505	1.25405114123655	82
0.00660641898195302	1.34945845137494	82
0.00623294919288797	0.878257674367891	542
-0.105539584517091	0.745954445455405	580
-0.078476515936851	0.334704051901253	81
-0.078461628969253	0.334855559136084	81
-0.0811626204610611	1.69214108250932	529
-0.081598318738761	1.85376349123444	529
-0.091339327809244	0.738047782770317	146
0.000820935056823013	0.546362059972189	487
-0.107190774041487	0.929945972165273	542
0.00661963160978696	1.35000086771123	580
0.056839272418555	0.875738642983419	203
0.000898958716415987	0.546360004087353	81
-0.081145905852329	1.85562772712648	178
0.00102330001336504	0.54650935831214	487
0.046499407903853	0.546409161577071	153
0.0296987094765629	0.876174282801604	542
0.0466718923138591	0.546511095379513	81
-0.068888608021291	0.550473937505231	81
-0.105401290117193	0.746261234072379	542
-0.117944825210674	0.352583555456159	417
-0.114353397523108	0.564923898181964	417
-0.093741949229363	0.556657931195888	81
-0.038058706791953	0.546490151457986	81
-0.042870943050755	1.38668003242031	82
-0.005192524364386	1.35413151536347	82
-0.093793732675255	0.556658827111305	146
-0.033402425655443	1.57407692893065	82
0.0883607294373659	0.876949959289591	153
0.08247886571556	1.34374733511295	580
-0.027059624636394	1.20796716903784	544
-0.0784328571216441	0.33484663200897	203
0.10276529812906	0.546766261298029	81
-0.117626179718169	1.35456968030191	82
0.000723403080248986	0.546133424431026	487
-0.091440565917268	0.738008800795051	542
-0.091404224784821	0.737977127415801	544
-0.07849037707702	0.334766898185218	81
0.121613751895696	1.34675179013651	146
0.054006203687662	0.71236161428316	81
0.095979364827558	0.715144881301218	81
0.0592005274362371	1.03406717617637	81
0.103033866383466	0.547002647083637	417
-0.040938938617941	1.05711269399991	82
0.119694299391038	1.79050405984036	82
-0.013605062357356	1.04741483265303	426
-0.064854055218544	1.06759603743263	544
-0.118416133590449	0.352047539289723	81
-0.034488849485152	0.720468393435574	81
0.083400774601544	1.0336089314903	146
-0.085342299490131	1.08073708430384	146
0.082307588574519	1.34361709503033	542
-0.0862391817431431	0.915269314185645	580
-0.025835543325646	1.36785533898524	580
0.101149421842462	1.34404690856259	544
-0.069102255866311	0.550020700954404	81
-0.063531159503159	1.42313876217806	82
-0.069018561500326	0.550257678966188	81
0.103221876906599	0.546980598445863	81
0.110923006600159	1.03518479092378	81
0.054066571244214	0.712409287520356	146
0.088253967328347	0.876895031568286	146
-0.01432323846002	0.882037894692881	542
0.019565209127544	1.34680579339979	580
0.046326504549897	0.546125168287339	81
0.111053284068566	1.03531680293384	542
-0.109773924904773	1.3225789474692	580
-0.074512715769093	0.907863847169852	544
-0.049221691777241	1.21857797574251	82
-0.013736081994111	1.04627425470076	146
-0.069018561500326	0.550257678966188	203
0.0466718923138591	0.546511095379513	81
-0.050323511209239	1.61847392890792	82
-0.06897230342571	0.550378261045452	146
-0.100770097625832	1.54306332145559	438
-0.025819916257117	1.3678552983471	438
0.053755285356321	0.711559332895352	203
-0.086386239256008	0.914963792325406	82
-0.0279254270906359	1.05167940055281	82
-0.094581611162978	1.08752804102611	82
-0.063612589948204	1.4228896324524	82
-0.050498111643605	1.39766956897221	438
-0.117607973727489	1.11474885796133	82
-0.075512756889397	1.07390492352395	82
-0.056249549463771	0.725241835891252	82
-0.043061855063116	1.38596674443963	82
-0.11759020501486	1.35519589246172	438
0.043814343876344	1.65816768285775	82
-0.093713481518941	0.556786806671946	203
0.064996295941349	1.49131315234742	82
-0.041847058188233	1.80244478733822	82
-0.038702100297075	1.21272991529503	82
-0.11753982022529	1.1149344557461	82
-0.035026309585788	1.37504731123266	82
-0.050075636191461	1.39841874019011	426
-0.026342990357097	2.10604817482655	438
-0.00943679150449295	0.715805364650558	203
-0.015033175773701	1.20281767279641	82
-0.117815759142666	0.755024890639782	82
-0.097338550714146	0.922140333812829	82
-0.123786183051983	1.12569525987403	82
-0.094507116980706	1.08786549685929	153
-0.014129517637691	0.881924980738239	153
-0.102932348694608	1.09573918058135	82
-0.094960157175588	1.2793332918546	82
-0.095424369092267	1.27792254812579	82
-0.031894001881041	0.887349741035627	153
-0.068901851388855	1.43857236144632	160
0.045167765054009	1.19363634457098	82
-0.026923284671866	1.20803768547762	82
0.083198311697356	1.03329892351257	153
-0.100984935019399	1.54201535151072	438
-0.102925913988838	1.09599947751579	82
-0.110520126420554	1.10497442617938	82
-0.061699191680086	0.900788888973118	82
-0.091599755243376	0.737662834140235	153
0.050891828162218	1.49331670532538	82
0.012465198862026	2.23542716873406	438
-0.121313203600325	1.37064854056811	438
0.033431063086424	1.66540334297957	438
-0.034644473554668	1.37703467866253	82
-0.032110095533068	0.887230957054241	82
-0.015000577286964	1.20284917855863	153
-0.014245776865652	0.882094926568233	153
-0.096835266378039	1.5282736987708	438
-0.0194609125841551	1.94666735894447	438
0.082310352671077	1.34350778804544	82
0.019623073931675	0.713199877922648	417
-0.01843359139208	1.75387784031415	82
-0.058769151624247	1.83032439956291	82
-0.056303413484868	0.72506390916025	82
0.065108638863878	1.49142364887716	82
0.096963341034091	1.49184276047439	82
-0.014367538669431	0.881939579689503	153
-0.0269117220881659	1.20812880859176	82
0.038001540531627	1.03605734349106	82
-0.047877286164166	0.893338834103743	153
0.115293898342805	1.49418100769481	82
-0.123335461408088	1.1270354409852	82
0.00207037742284499	1.04327733917473	153
0.019714557133797	1.34729766643956	82
0.120198821969427	1.79419201962241	82
-0.083449492576288	1.48504297419853	82
-0.075435964523724	1.24368500008763	82
0.0603053753119051	2.02015636088379	82
0.037844948212315	1.035864581319	153
-0.060613216210133	1.64607893655156	160
-0.034640717402545	0.72023739610064	334
-0.067727131196643	1.23328140218903	82
0.104618693800992	1.19122101813594	153
-0.068809533357441	1.98531585647439	160
-0.115676381366243	1.74507472213065	160
-0.11424758207855	1.57632121790306	160
-0.114230679043744	1.33723802526289	424
0.0649635625133	1.34329398832172	334
-0.085484204085553	1.08039647409078	82
0.059167321086792	1.03401474616102	153
-0.0688743192839571	0.55046354075607	153
0.088319752008557	0.87697089157298	153
-0.0410303456146029	1.05709371827623	424
0.110923006600159	1.03518479092378	417
-0.118067240793936	0.352507886935394	334
0.00108248032217095	0.546477609134593	334
-0.032193710369311	0.886717201570643	334
-0.105589364035314	0.745964055470548	153
0.104576153631261	1.19104207913958	153
0.085894341524883	1.98325484578112	55
-0.0758185612579571	1.24212822342099	82
-0.061805306175595	0.900385274744208	82
0.111104028006911	1.0352659133214	334
-0.00948051824763696	0.716090014627408	334
-0.086509213774402	0.914538842857807	153
-0.114394671114916	0.564999444831835	153
-0.10734485760253	0.929772033199108	153
-0.001637349240313	1.19973739490556	82
0.00214673801023002	1.04328042826657	153
-0.0753027417682089	0.730745213604403	153
-0.114179700461745	1.57668127568972	448
-0.076160349139899	1.68167971767392	82
-0.116803683731596	0.937326674732326	153
-0.00146563913305597	1.20011089165794	203
-0.015704151951053	1.36088121326133	82
-0.0386335442207409	1.21255772714377	82
-0.049145124584587	1.21861219555246	153
-0.122922572859886	1.5962731731312	160
0.013096173789226	1.8949782020491	160
0.106456359207119	1.79703485980306	153
-0.038832120221911	1.21217441712625	82
0.111154772733101	1.03513662085828	82
-0.079541320673257	1.46680928716884	448
-0.058606188110126	1.22610338976616	82
-0.117097925762538	1.35663274013725	160
-0.00149838672597602	1.20010320360452	82
0.0967679022133679	1.49099494798632	153
-0.074592574809824	0.9077790430124	82
-0.00493739645003399	1.35523568403838	153
-0.017656397424777	1.75537184786426	82
-0.015484188233403	2.24245906055972	82
-0.069270537393302	1.43695757420566	82
-0.038541430041538	1.21309591360217	160
-0.041047454851562	1.05704024282735	82
-0.00149838672597602	1.20010320360452	409
-0.034710519982367	0.720057265798157	320
-0.075903124277615	1.07258073293804	409
-0.123656804948737	1.12629276358243	409
0.030030762119087	0.876065110159192	417
0.019651818943123	0.713251012434848	320
-0.107561628420013	0.929134209071263	82
0.054879681808383	1.65213333010322	212
-0.091592416253083	0.737692543140435	409
-0.024660379043727	1.76615552614907	448
0.0830534060520139	1.03276237497539	409
-0.093741949229363	0.556657931195888	409
0.019782120407649	0.713257920916767	320
0.046542286709821	0.546503907985386	320
-0.074565536574963	0.907523630414397	82
0.056945977289347	0.875842020093212	409
-0.00950747182039602	0.716046992649911	409
-0.019286615388187	1.94665009777935	448
-0.03466531760267	0.720222122204125	409
-0.086354649926137	0.915044075190026	409
-0.086786662737415	2.38279653758283	160
0.082988840586588	1.19159295097399	82
-0.075953088504199	1.07248994453034	82
-0.117532008472324	1.1149096768825	320
0.121796724338643	1.34707981532065	320
-0.0143785823225771	0.8816671527514	153
-0.120659744059526	1.37275012604602	160
0.012887420923394	1.19732894561023	82
-0.042940501348958	1.38651415522331	82
0.04849942828445	1.3430851150797	82
-0.114457852611772	0.564938315062389	82
-0.114455530711662	0.564969109409345	82
-0.027882856907046	1.05212560521532	82
-0.075755109449163	1.07335825367971	82
0.059583889828396	2.01702651107987	160
-0.074907858643303	1.45000101468466	82
-0.103143695467423	1.0952167278464	82
-0.02715368452044	1.2078679927968	82
0.054739939198488	1.65134546461222	388
-0.014328840873489	0.882049950236455	82
-0.0948031487702879	1.08719354987899	82
-0.027178674881826	1.20772919124816	388
0.060465899973051	1.82148121784199	82
-0.034644784961524	0.720233940388528	82
-0.047898565359789	0.893300214906381	388
-0.00961180881093904	0.716013820448199	388
-0.049115706439086	1.21880701577444	388
0.04634816214787	0.546154657785757	744
0.000857417283134043	0.546118777820054	744
-0.117699332254476	0.352559690893245	744
-0.027190122969857	1.20787610445276	560
-0.10073600328914	1.29185204306222	560
-0.102932348694608	1.09573918058135	560
-0.075295859608888	0.730612947657748	167
0.036967523475574	2.05204183045522	560
0.101251972613516	1.34502673200315	560
-0.0756743320266	1.07360076539976	167
0.019703353807297	0.713361334384664	167
-0.014118942078751	0.882097036923112	167
-0.107378896999183	0.929537048546976	192
-0.034498373984065	1.37710385991506	5
-0.103066889872742	1.09544512457612	192
-0.0148295636543691	1.20317538530993	192
-0.00172735378854805	1.19936135125826	192
-0.085608678635409	1.08016533035307	192
0.066419847054824	1.64568184685508	192
-0.105334882079699	0.74629325335144	192
0.064818176543026	1.49066924556696	5
-0.075331537607413	0.730690182053905	192
0.096005188660324	0.715091406666411	774
-0.068888608021291	0.550473937505231	167
0.02836305915598	1.19515863650578	192
0.059067759938325	1.03356279726757	167
0.096687177130123	1.97513284907732	5
-0.038084771804796	0.546557048928131	167
0.054006203687662	0.71236161428316	167
-0.117906203253505	0.75476839411764	647
-0.038071737268363	0.546541091843573	167
-0.114435994682675	0.565008227026761	167
0.01296105876997	1.19720968918329	5
-0.038005310085013	0.546635957220775	774
0.121610281782639	1.34662643938912	647
-0.078889811559363	1.46941992055571	160
-0.0322100893527409	0.887013293614076	167
-0.026053482032561	1.36690054097581	647
-0.047649366955586	0.893653157305713	647
0.088315392185046	0.876801824505297	167
0.0591285984150311	1.03394982160885	774
-0.102049823709426	1.72236664040885	5
-0.068781782240572	0.550448454438737	774
-0.110522574445883	1.10496885692087	192
-0.109847603307669	1.56529433905373	5
0.00676105398273397	1.35037831536263	192
-0.030161339646013	1.78030811555179	5
-0.110050727707176	1.56479568193617	5
0.00624941281597402	1.90633000664067	344
0.012742624513141	1.19680999457684	192
0.066585243194175	1.64632090818433	192
0.050929138959584	1.49339172395455	192
-0.063482209646849	1.42344120903079	344
-0.053601424312165	1.06167834769652	344
-0.0000939139156089785	1.91847317545348	113
-0.0273264126770441	1.20745494059461	192
-0.050735390311336	1.39673090694644	192
-0.045135335005112	1.60311644434555	192
0.079520675132102	1.64229358149222	192
-0.110662731330809	1.10446526967849	192
-0.00132717702642404	1.1997233635198	113
0.01588896265361	1.68651986106356	113
