x	y	clickSelects
0.095425868011931	2.35657070745863	510
0.122979304866702	0.576798736351056	286
0.110103382513894	0.758357339826199	286
-0.11355579595234	0.53988363364333	286
0.122681295519488	0.577012560144428	755
0.031966956155177	0.567023112730889	77
0.12300033719795	0.576773649682754	77
0.018626072092205	0.890781296672914	77
0.032079229085774	0.56691647468837	77
0.122915077536795	0.577091573709713	523
0.018467274549559	0.891190458093011	523
0.102568195055912	0.940168529644805	523
0.110080032811791	0.758268439784129	523
-0.1144886963805	0.541000350984738	296
-0.00956173625136003	0.719582795507295	309
0.032191595406	0.566591842753788	296
0.032086881231415	0.566880494409038	296
0.102458237699464	0.940059117359875	275
0.110247101668791	0.758159798405766	135
0.031966956155177	0.567023112730889	602
0.031959373972186	0.567014988604947	471
0.122892804737198	0.577129826927392	471
0.122915077536795	0.577091573709713	278
0.0317352150006121	0.567000612677095	501
0.122850887569758	0.577216000555005	278
0.048231954119922	0.27264192625531	278
0.048231954119922	0.27264192625531	26
0.048489868525968	0.272461351367526	326
0.047864940117501	0.272770263417896	326
0.047755745628836	0.272799090918146	326
0.047387879055768	0.272853156193857	326
0.048231954119922	0.27264192625531	326
0.047755745628836	0.272799090918146	326
0.048231954119922	0.27264192625531	421
0.048231954119922	0.27264192625531	706
0.122894193752737	0.577078965683136	97
0.031959373972186	0.567014988604947	97
0.048598433462579	0.272432782475208	73
-0.1144886963805	0.541000350984738	73
-0.1143440462202	0.540707013154826	73
0.048489868525968	0.272461351367526	73
0.110019839610098	0.758313948686625	164
0.032079229085774	0.56691647468837	52
-0.1143440462202	0.540707013154826	52
0.031727756362024	0.567172585007472	52
0.031727756362024	0.567172585007472	339
0.09432656702687	1.60526244456839	503
0.110330630084249	0.7579225607507	286
0.048598433462579	0.272432782475208	286
-0.1144886963805	0.541000350984738	77
-0.0447016488104299	0.875080672215587	77
-0.1145954954322	0.541089063658969	523
0.0662405712755521	0.913286505454926	36
-0.1145954954322	0.541089063658969	296
0.031839735720063	0.567066206054291	296
0.047864940117501	0.272770263417896	602
-0.11480387759856	0.540899159478976	602
-0.11469959880058	0.540907832368884	332
0.047755745628836	0.272799090918146	332
0.031847247933781	0.567121503023109	471
0.122722619569568	0.577081252829866	501
0.061001474558287	0.734414306613764	278
-0.11394961846196	0.540358650867839	502
0.048598433462579	0.272432782475208	502
0.047864940117501	0.272770263417896	326
0.048598433462579	0.272432782475208	326
0.048489868525968	0.272461351367526	326
0.061093686495544	0.734349776969803	627
0.00750165282099602	1.21868572613769	94
0.04812307490303	0.272670624519378	97
-0.1145954954322	0.541089063658969	97
0.04812307490303	0.272670624519378	73
0.047864940117501	0.272770263417896	73
0.047864940117501	0.272770263417896	73
0.047497389810397	0.272824202108595	73
0.048231954119922	0.27264192625531	73
0.047387879055768	0.272853156193857	73
0.047755745628836	0.272799090918146	73
0.122786734926908	0.577236204859608	164
-0.0096302871393199	0.719349342460465	339
-0.1143440462202	0.540707013154826	148
0.048231954119922	0.27264192625531	148
0.047864940117501	0.272770263417896	223
-0.0841700861242001	1.183860058015	242
-0.01100712019044	1.0467688034003	357
-0.1144886963805	0.541000350984738	286
-0.1144886963805	0.541000350984738	286
0.032086881231415	0.566880494409038	286
0.10994611442796	0.758387165212466	77
0.060962287922118	0.734420173128497	523
0.102719565469647	0.939796328569853	523
0.060909248816591	0.734241533691457	523
0.068043390930196	1.09124755463046	523
-0.11409385166674	0.540651439280993	309
0.123021458939366	0.576712431640606	296
-0.0444520453949799	0.874915515762286	296
0.060738270626774	0.734162417173894	296
-0.00956173625136003	0.719582795507295	135
0.048598433462579	0.272432782475208	332
0.047755745628836	0.272799090918146	285
-0.09732876167257	1.33596223889326	746
-0.1145954954322	0.541089063658969	726
0.032079229085774	0.56691647468837	131
0.047497389810397	0.272824202108595	326
0.047387879055768	0.272853156193857	326
0.047864940117501	0.272770263417896	326
0.047864940117501	0.272770263417896	326
0.048231954119922	0.27264192625531	421
-0.11480389157877	0.541093044086259	97
0.061014750006396	0.734486826092846	155
0.04812307490303	0.272670624519378	73
0.048231954119922	0.27264192625531	73
0.04812307490303	0.272670624519378	73
0.048231954119922	0.27264192625531	73
0.032079229085774	0.56691647468837	52
-0.11409385166674	0.540651439280993	52
-0.11459535646121	0.54087500274063	52
0.04812307490303	0.272670624519378	223
0.047864940117501	0.272770263417896	223
-0.04463646342788	0.874990427387679	357
0.047864940117501	0.272770263417896	357
-0.11409385166674	0.540651439280993	286
-0.11459571417205	0.540895302433044	77
0.031966956155177	0.567023112730889	77
0.122850887569758	0.577216000555005	77
0.048231954119922	0.27264192625531	285
0.018440055416845	0.890855981465677	726
0.047864940117501	0.272770263417896	326
0.048231954119922	0.27264192625531	326
0.04812307490303	0.272670624519378	326
0.04812307490303	0.272670624519378	421
-0.11409385166674	0.540651439280993	421
0.031847247933781	0.567121503023109	97
0.047864940117501	0.272770263417896	73
0.047864940117501	0.272770263417896	73
0.04812307490303	0.272670624519378	73
0.04812307490303	0.272670624519378	73
0.047755745628836	0.272799090918146	52
-0.0444520453949799	0.874915515762286	339
-0.1146996213552	0.541121784175122	148
0.122850887569758	0.577216000555005	733
0.048598433462579	0.272432782475208	286
0.047497389810397	0.272824202108595	77
0.032079229085774	0.56691647468837	77
0.048598433462579	0.272432782475208	77
0.00755960685033796	1.21861263453586	36
0.048598433462579	0.272432782475208	296
0.018414326479441	0.891246435034977	296
0.032071593233322	0.566690436445225	309
0.047864940117501	0.272770263417896	296
0.048598433462579	0.272432782475208	296
0.048231954119922	0.27264192625531	332
0.047864940117501	0.272770263417896	332
0.047755745628836	0.272799090918146	332
0.047864940117501	0.272770263417896	285
0.04812307490303	0.272670624519378	285
0.047387879055768	0.272853156193857	285
0.048231954119922	0.27264192625531	285
0.048489868525968	0.272461351367526	326
-0.11459571417205	0.540895302433044	326
-0.1145954954322	0.541089063658969	326
0.047864940117501	0.272770263417896	421
0.048231954119922	0.27264192625531	73
0.048231954119922	0.27264192625531	73
0.031966956155177	0.567023112730889	73
0.048231954119922	0.27264192625531	73
0.122873399258265	0.577023179258317	612
0.018309877080754	0.891279358919034	164
0.032086881231415	0.566880494409038	52
-0.11469972387002	0.540927932422351	225
-0.00962268959251	0.719542660462454	225
-0.00960724628834009	0.719199401490895	339
-0.1145954954322	0.541089063658969	148
0.01852171877891	0.89128782209467	357
0.122915077536795	0.577091573709713	357
-0.00953121808197999	0.719538579271265	357
0.122871801503524	0.577191008258668	357
0.048231954119922	0.27264192625531	286
0.047864940117501	0.272770263417896	286
0.048598433462579	0.272432782475208	77
0.122999506217293	0.576763743067721	77
0.047864940117501	0.272770263417896	296
0.109899427439278	0.758302416946051	296
0.122871801503524	0.577191008258668	296
-0.00949318472380001	0.719548716819513	135
-0.0446881325680699	0.875044381033776	496
-0.11449125834891	0.540788176297302	502
-0.0259601290096501	1.50561995424969	746
0.047864940117501	0.272770263417896	326
0.047864940117501	0.272770263417896	326
0.048598433462579	0.272432782475208	326
0.047497389810397	0.272824202108595	326
0.04812307490303	0.272670624519378	326
0.048598433462579	0.272432782475208	421
0.047864940117501	0.272770263417896	706
-0.1146996213552	0.541121784175122	97
0.04812307490303	0.272670624519378	73
0.048489868525968	0.272461351367526	73
0.04812307490303	0.272670624519378	73
0.047755745628836	0.272799090918146	73
0.060764483006036	0.73459676282174	612
0.0423659078624991	1.2373836188013	164
0.048231954119922	0.27264192625531	52
-0.11355579595234	0.53988363364333	52
-0.1144886963805	0.541000350984738	52
-0.11469972387002	0.540927932422351	148
0.047864940117501	0.272770263417896	148
0.122788681233789	0.577033792669191	357
-0.0334649347520599	1.19949733873006	357
0.12280758973809	0.577211271023757	755
-0.00954648594502006	0.719429089721718	77
0.03185477649666	0.566902385585879	296
0.122745292903087	0.577167546274364	296
0.00758117420136895	1.218593081794	275
-0.11490830644642	0.540939147061005	332
0.031847247933781	0.567121503023109	496
0.047864940117501	0.272770263417896	285
0.102633505665751	0.940086363572764	278
0.047864940117501	0.272770263417896	326
-0.1144886963805	0.541000350984738	154
0.04812307490303	0.272670624519378	421
0.065753013111403	0.913886833412179	155
-0.1146996213552	0.541121784175122	155
0.047387879055768	0.272853156193857	73
0.031966956155177	0.567023112730889	73
0.04812307490303	0.272670624519378	73
-0.11459535646121	0.54087500274063	52
-0.11480389157877	0.541093044086259	77
-0.11394961846196	0.540358650867839	77
-0.0676749506448899	1.0295945475418	523
-0.0448457001486799	0.874900258146591	523
-0.11409385166674	0.540651439280993	309
-0.00953121808197999	0.719538579271265	296
0.122871801503524	0.577191008258668	296
0.031959373972186	0.567014988604947	135
0.04812307490303	0.272670624519378	332
0.065941741208157	0.913876341257033	278
0.047497389810397	0.272824202108595	501
0.122871801503524	0.577191008258668	131
0.04812307490303	0.272670624519378	326
-0.11469972387002	0.540927932422351	326
0.047755745628836	0.272799090918146	154
0.047864940117501	0.272770263417896	326
0.047864940117501	0.272770263417896	326
-0.1144886963805	0.541000350984738	154
0.047864940117501	0.272770263417896	421
0.04812307490303	0.272670624519378	421
0.048231954119922	0.27264192625531	73
0.048231954119922	0.27264192625531	73
0.047864940117501	0.272770263417896	73
0.048231954119922	0.27264192625531	73
0.122913897302031	0.57703082808025	612
0.01833562708671	0.891348219855638	164
0.061120252841419	0.734185107924619	164
-0.11469972387002	0.540927932422351	52
0.04812307490303	0.272670624519378	52
0.110150082914474	0.758267834539312	339
-0.1146996213552	0.541121784175122	148
0.048231954119922	0.27264192625531	148
0.109848999500303	0.758136061425411	242
-0.1144886963805	0.541000350984738	357
0.122871801503524	0.577191008258668	357
-0.11459571417205	0.540895302433044	77
0.110163569243204	0.758278106424201	523
0.098074202385922	1.11506632749244	275
-0.09737429445385	1.33618961895253	278
-0.00953873661837989	0.719001799339647	278
0.060777717413549	0.734669327956872	278
-0.00954648594502006	0.719429089721718	278
0.018627593052595	0.891057998572292	131
0.047755745628836	0.272799090918146	326
0.047864940117501	0.272770263417896	326
0.0626040145928321	1.8849172557513	94
0.0609357763180281	0.734584867529678	155
0.048231954119922	0.27264192625531	73
0.048598433462579	0.272432782475208	73
0.048231954119922	0.27264192625531	73
0.03243225177931	0.566259034919588	73
0.066133612393815	0.913817896990738	164
-0.0445307058590401	0.875000983365389	164
-0.04454424783783	0.875037302287801	52
0.018574659801723	0.891193190806152	52
0.12293750830751	0.576730565295779	339
0.060764483006036	0.73459676282174	339
0.047864940117501	0.272770263417896	148
0.048231954119922	0.27264192625531	223
-0.00942463255137005	0.719335114329613	557
0.122871801503524	0.577191008258668	755
-0.11469972387002	0.540927932422351	77
0.122849567125542	0.577051214111517	77
0.042278124699848	1.23815457462586	36
0.0608700095575661	0.734614739532522	36
-0.04422986940011	0.874422999949284	296
0.031720314122376	0.567057194652099	296
-0.1146996213552	0.541121784175122	296
0.018494495669324	0.891295148402178	135
0.12300033719795	0.576773649682754	332
-0.1144886963805	0.541000350984738	332
0.048231954119922	0.27264192625531	332
-0.0676510708407601	1.02955906828335	496
-0.00955415243894997	0.719594277702576	278
0.122957113106258	0.577005310114962	278
-0.0112867475593299	1.04699179572721	746
0.047387879055768	0.272853156193857	326
0.047755745628836	0.272799090918146	326
0.04812307490303	0.272670624519378	326
0.047864940117501	0.272770263417896	154
0.047755745628836	0.272799090918146	421
0.114786936123177	1.46397557678856	94
0.0317352150006121	0.567000612677095	155
0.047864940117501	0.272770263417896	706
-0.11469959880058	0.540907832368884	97
0.04812307490303	0.272670624519378	73
0.048598433462579	0.272432782475208	73
0.048598433462579	0.272432782475208	73
0.04812307490303	0.272670624519378	225
0.04812307490303	0.272670624519378	225
0.048231954119922	0.27264192625531	225
0.018574659801723	0.891193190806152	357
0.122830062903215	0.577203324418684	357
0.065941741208157	0.913876341257033	111
0.031974554636492	0.56675996581703	286
-0.11459571417205	0.540895302433044	77
0.060922514554735	0.734512322363123	36
-0.00953121808197999	0.719538579271265	296
0.122785274386409	0.576896558652864	309
0.032086881231415	0.566880494409038	309
0.032711093713825	1.06790851633205	135
0.047755745628836	0.272799090918146	332
0.04812307490303	0.272670624519378	332
0.122936050643944	0.577066528922155	496
-0.0675981806957899	1.02947828761807	278
-0.1146996213552	0.541121784175122	501
0.031966956155177	0.567023112730889	278
0.032079229085774	0.56691647468837	278
0.122850887569758	0.577216000555005	131
0.047864940117501	0.272770263417896	326
0.048231954119922	0.27264192625531	154
0.048489868525968	0.272461351367526	154
0.048231954119922	0.27264192625531	326
0.047864940117501	0.272770263417896	326
0.048598433462579	0.272432782475208	421
0.04812307490303	0.272670624519378	421
0.122849567125542	0.577051214111517	155
-0.00959222676060989	0.719584185538748	155
0.04812307490303	0.272670624519378	73
0.048489868525968	0.272461351367526	73
0.048231954119922	0.27264192625531	73
-0.1145954954322	0.541089063658969	73
0.047864940117501	0.272770263417896	73
0.04812307490303	0.272670624519378	73
0.047755745628836	0.272799090918146	73
0.04812307490303	0.272670624519378	73
0.047864940117501	0.272770263417896	73
0.048489868525968	0.272461351367526	73
-0.04463646342788	0.874990427387679	164
0.018361370640517	0.89126434873263	52
0.031974554636492	0.56675996581703	52
-0.1144886963805	0.541000350984738	52
0.122745292903087	0.577167546274364	733
-0.04454424783783	0.875037302287801	557
-0.1146996213552	0.541121784175122	557
0.04812307490303	0.272670624519378	286
-0.00942463255137005	0.719335114329613	77
0.110140217393594	0.75818922164643	77
0.048598433462579	0.272432782475208	296
0.06609277487246	0.913789457162529	36
0.068325301302859	1.09102669388464	36
0.0680144815032731	1.09132426173096	36
0.018390073185487	0.891235733129596	296
0.0606721867886571	0.734310406449492	135
-0.11394961846196	0.540358650867839	602
0.047497389810397	0.272824202108595	285
0.048598433462579	0.272432782475208	471
0.04812307490303	0.272670624519378	154
-0.11469959880058	0.540907832368884	154
0.047755745628836	0.272799090918146	326
0.048231954119922	0.27264192625531	326
0.031615869941974	0.567051569300168	155
0.047864940117501	0.272770263417896	73
0.047864940117501	0.272770263417896	73
0.048598433462579	0.272432782475208	33
-0.1145954954322	0.541089063658969	52
0.047864940117501	0.272770263417896	225
-0.1145954954322	0.541089063658969	225
0.047755745628836	0.272799090918146	148
0.048231954119922	0.27264192625531	148
0.031951808133683	0.566741793143772	357
0.048489868525968	0.272461351367526	357
0.00750165282099602	1.21868572613769	354
-0.1146996213552	0.541121784175122	286
-0.0446229306980801	0.875080562846637	557
0.047497389810397	0.272824202108595	286
0.122849567125542	0.577051214111517	755
0.048231954119922	0.27264192625531	309
-0.1143440462202	0.540707013154826	296
-0.00961500935902992	0.719465002182	135
-0.00951606416000006	0.719470647168065	496
0.048231954119922	0.27264192625531	285
0.047755745628836	0.272799090918146	471
-0.1143440462202	0.540707013154826	471
-0.04454424783783	0.875037302287801	278
0.047864940117501	0.272770263417896	777
0.03185477649666	0.566902385585879	278
0.119393728942089	1.30050867748643	624
0.047864940117501	0.272770263417896	326
0.048231954119922	0.27264192625531	326
-0.11480389157877	0.541093044086259	627
0.048489868525968	0.272461351367526	421
0.122809327469738	0.577147451985876	155
-0.04435985610666	0.874625311859659	97
0.048598433462579	0.272432782475208	73
0.048489868525968	0.272461351367526	73
0.048231954119922	0.27264192625531	73
-0.1143440462202	0.540707013154826	612
-0.04463646342788	0.874990427387679	164
0.04812307490303	0.272670624519378	225
0.047864940117501	0.272770263417896	148
0.048231954119922	0.27264192625531	223
0.122850887569758	0.577216000555005	733
0.122786734926908	0.577236204859608	357
0.0661523359715051	0.9136864910444	357
0.122852694018439	0.576909629894032	755
0.03185477649666	0.566902385585879	77
-0.11384369426122	0.540061252740227	77
0.031966956155177	0.567023112730889	77
-0.0112418576936999	1.04696151548129	36
0.061001474558287	0.734414306613764	296
0.060764483006036	0.73459676282174	296
0.110113231896788	0.758135516388884	296
0.048231954119922	0.27264192625531	332
0.060711849000988	0.734622762965473	278
0.048231954119922	0.27264192625531	777
0.031966956155177	0.567023112730889	131
-0.11459571417205	0.540895302433044	326
0.04812307490303	0.272670624519378	326
0.047497389810397	0.272824202108595	326
0.047864940117501	0.272770263417896	326
-0.1145954954322	0.541089063658969	326
0.048598433462579	0.272432782475208	326
0.047755745628836	0.272799090918146	154
0.033062738197978	1.06739074452298	60
-0.0676749506448899	1.0295945475418	155
0.031959373972186	0.567014988604947	97
0.047755745628836	0.272799090918146	73
-0.1145954954322	0.541089063658969	73
0.047864940117501	0.272770263417896	73
0.04812307490303	0.272670624519378	73
0.032086881231415	0.566880494409038	52
0.018495994737287	0.891238633380212	339
0.01852171877891	0.89128782209467	339
0.047755745628836	0.272799090918146	148
0.04812307490303	0.272670624519378	148
0.048231954119922	0.27264192625531	223
0.04812307490303	0.272670624519378	223
0.048598433462579	0.272432782475208	223
0.047755745628836	0.272799090918146	223
-0.10666890579771	1.483654016303	242
0.032079229085774	0.56691647468837	357
-0.0338618469981	1.20017015535788	111
0.061054552500399	0.733995339864422	357
-0.0676220447934699	1.02959898870171	557
0.065985814116982	0.914054579689335	36
0.066111561791409	0.913869462420194	755
-0.0843007427131801	1.18416297802057	36
-0.11776703288389	1.76595419798651	36
0.123654381603585	1.13813809793109	36
0.048231954119922	0.27264192625531	285
-0.0446229306980801	0.875080562846637	278
-0.01122121898675	1.0470081680928	278
-0.1145954954322	0.541089063658969	777
0.047755745628836	0.272799090918146	326
-0.00958459475678008	0.719552722677059	154
-0.11480398571088	0.54087926587085	421
0.018494495669324	0.891295148402178	627
0.110270456321804	0.758074443440553	155
-0.01126612517745	1.04693636677886	60
-0.1143440462202	0.540707013154826	73
0.047864940117501	0.272770263417896	73
0.048231954119922	0.27264192625531	73
0.047755745628836	0.272799090918146	73
0.060777717413549	0.734669327956872	612
0.032086881231415	0.566880494409038	52
0.031839735720063	0.567066206054291	339
0.047864940117501	0.272770263417896	148
0.061028021479132	0.734455823851989	733
0.066007843702619	0.914003033691674	242
-0.04457134267591	0.874614940191236	357
0.066196462785352	0.913670596019875	357
-0.0507061960373301	1.34974828548476	354
-0.0509586062491101	1.34977847178465	354
-0.06307747145193	1.49401923990855	36
-0.11273112646533	1.62608999958418	46
0.018494495669324	0.891295148402178	36
0.032745782811282	1.06791490925739	36
-0.00942463255137005	0.719335114329613	296
-0.0334395457344401	1.19936448777331	99
-0.06741049607932	1.02918447124468	99
-0.00952368242224999	0.719592912783372	99
0.048231954119922	0.27264192625531	285
0.048231954119922	0.27264192625531	471
0.110186921419238	0.758273976852272	294
0.123705431158669	1.13854006989708	746
-0.11480398571088	0.54087926587085	154
0.031847247933781	0.567121503023109	154
-0.10657426901393	1.48391039257502	94
0.066048699269289	0.913979811896187	155
-0.1144886963805	0.541000350984738	73
0.048231954119922	0.27264192625531	73
0.0661556584154081	0.913679106263852	164
0.048231954119922	0.27264192625531	225
0.060949034106964	0.734553872901206	339
-0.11469972387002	0.540927932422351	148
0.047755745628836	0.272799090918146	148
0.047864940117501	0.272770263417896	223
0.122765969326838	0.57722347245481	357
0.0720206719903031	1.25775136112317	36
0.098040891180962	1.1151166226222	36
-0.03405515974291	1.2000986712386	36
0.068216917591202	1.09134486803983	275
0.066196462785352	0.913670596019875	99
0.04812307490303	0.272670624519378	285
0.047497389810397	0.272824202108595	471
0.03185477649666	0.566902385585879	471
-0.00956173625136003	0.719582795507295	154
-0.00945513744605009	0.719425138137918	154
0.031847247933781	0.567121503023109	154
0.061172585768852	0.734169359590649	154
0.047755745628836	0.272799090918146	326
0.0317352150006121	0.567000612677095	154
-0.00945513744605009	0.719425138137918	627
0.060843517364767	0.734573163138473	97
-0.11459571417205	0.540895302433044	97
-0.11394961846196	0.540358650867839	73
-0.00965312473012991	0.719454975106926	33
0.047755745628836	0.272799090918146	73
0.047864940117501	0.272770263417896	73
0.12280758973809	0.577211271023757	339
-0.0674633720414	1.02935545738054	339
0.122786734926908	0.577236204859608	339
0.061172585768852	0.734169359590649	339
0.048231954119922	0.27264192625531	148
-0.0446229306980801	0.875080562846637	357
0.094728774842722	1.60412382224247	503
0.108357351834109	2.37318433480788	503
0.022346911322999	1.37995969437608	354
-0.08438682576281	1.18431059237427	36
0.042278124699848	1.23815457462586	36
-0.0337497983296899	1.20022282333808	36
0.00742953525074497	1.21879102188578	36
0.068245806311512	1.09126818710388	99
-0.06754356591929	1.02960059011662	99
-0.1144886963805	0.541000350984738	285
-0.11469959880058	0.540907832368884	278
-0.0675691464047901	1.02956080335463	278
0.068289267538998	1.09114061465758	294
0.122913897302031	0.57703082808025	726
0.122892804737198	0.577129826927392	154
0.060790947849236	0.734638357608288	154
-0.1145954954322	0.541089063658969	154
0.060843517364767	0.734573163138473	627
0.068311023091626	1.09088875201966	60
0.04812307490303	0.272670624519378	97
0.047387879055768	0.272853156193857	73
-0.11469972387002	0.540927932422351	33
0.031959373972186	0.567014988604947	33
-0.1144886963805	0.541000350984738	33
-0.0505898890640899	1.34866752360555	164
0.066174401668377	0.913722165965181	164
0.102526680568705	0.940274502101517	164
0.032791941282912	1.06808061328527	164
0.061001474558287	0.734414306613764	52
0.066322095586219	0.913253237878811	339
0.031839735720063	0.567066206054291	571
0.122809327469738	0.577147451985876	733
0.018601885262457	0.89108804281965	357
-0.0256805039632699	1.50507559547987	36
-0.0841908394185	1.1839217961835	36
0.068397626178061	1.090918671406	36
0.0979250656844119	1.1150480895648	99
0.098130427993526	1.11456661895987	99
-0.0333327575929401	1.19892518996362	99
0.102938912995267	0.939233195947751	99
-0.08449363449674	1.18409769739597	99
-0.1144886963805	0.541000350984738	471
0.047755745628836	0.272799090918146	471
-0.04435985610666	0.874625311859659	278
0.066303420048057	0.91309981288968	278
0.031720314122376	0.567057194652099	131
0.060922514554735	0.734512322363123	154
0.122786734926908	0.577236204859608	154
0.032319590710896	0.566583655563607	154
-0.11459571417205	0.540895302433044	154
-0.04460940159171	0.875044256076931	154
-0.00946265936106006	0.719458642516027	627
0.102591970277568	0.940192360461248	60
-0.11480387759856	0.540899159478976	155
0.018468769989692	0.891343802585796	60
0.110223747339957	0.758163932303549	97
0.12293750830751	0.576730565295779	97
-0.11409385166674	0.540651439280993	33
0.102571195461337	0.940123855262361	164
-0.04446560025431	0.874951843477017	164
-0.00962268959251	0.719542660462454	52
0.032071593233322	0.566690436445225	339
0.060949034106964	0.734553872901206	571
-0.00946265936106006	0.719458642516027	733
0.122806337787929	0.576754248697381	357
0.110066535075841	0.758398727133385	357
0.061014750006396	0.734486826092846	357
0.01852171877891	0.89128782209467	111
-0.09726281254122	1.33580254085195	36
0.110080032811791	0.758268439784129	36
0.123703136843931	1.13851610491653	36
0.102808509665419	0.939727088354476	36
0.097688784643191	1.27818554167985	99
0.110043187174885	0.758402852078309	99
0.1023960356935	0.940339593994941	99
0.102722484111155	0.939927270681426	99
0.018415813439741	0.891361705052936	278
-0.1146996213552	0.541121784175122	154
-0.00941707623437993	0.719085475768888	154
0.031959373972186	0.567014988604947	154
-0.00950067227012008	0.71944848988664	627
-0.0442948303691	0.874612671953292	60
-0.00949318472380001	0.719548716819513	97
0.047755745628836	0.272799090918146	97
-0.11394961846196	0.540358650867839	97
-0.1144886963805	0.541000350984738	97
0.122828533793664	0.577150150243609	97
-0.1146996213552	0.541121784175122	73
0.032191595406	0.566591842753788	33
-0.1145954954322	0.541089063658969	33
-0.1144886963805	0.541000350984738	33
0.031959373972186	0.567014988604947	33
0.048231954119922	0.27264192625531	148
-0.11469959880058	0.540907832368884	148
0.031974554636492	0.56675996581703	571
-0.0674633720414	1.02935545738054	357
-0.0337497983296899	1.20022282333808	111
0.097647002231158	1.27837990509818	354
0.0395340273453439	1.69823852848876	354
0.018734972891022	0.890557154783962	36
0.075779142402507	1.41646158015781	46
0.098162188936846	1.11403270495909	36
0.098097055218547	1.11475606239778	36
-0.11459535646121	0.54087500274063	285
0.047755745628836	0.272799090918146	285
0.04235536745731	1.23793885253156	294
0.022282491196856	1.37955482116464	255
0.01865481887587	0.890952875697173	726
0.032207023364778	0.566690506749215	131
-0.00953121808197999	0.719538579271265	154
0.031959373972186	0.567014988604947	154
0.031966956155177	0.567023112730889	154
-0.11459535646121	0.54087500274063	154
0.098118152030552	1.11476029759259	60
-0.09733343839638	1.33604860809438	60
-0.08432147431859	1.18422470011317	155
-0.11469972387002	0.540927932422351	97
-0.1143440462202	0.540707013154826	97
-0.11459535646121	0.54087500274063	33
0.110126732547253	0.758353213221804	164
-0.00952368242224999	0.719592912783372	52
0.03185477649666	0.566902385585879	52
0.122936050643944	0.577066528922155	339
-0.0447939091537699	0.874944528103677	339
-0.06772956796868	1.0297201300256	357
-0.0799718194583901	2.35659955690094	354
-0.0879936978810401	1.91381502387909	354
-0.03370397294107	1.20014450289202	36
0.102571195461337	0.940123855262361	36
0.018653294319131	0.890885888045407	36
-0.0383083558205299	1.6440324529003	36
0.068339885220984	1.09098852714648	36
0.098123526044673	1.11446739495134	36
0.096583989135799	1.43950665457699	36
-0.0841908394185	1.1839217961835	275
-0.0443219952901699	0.87455898053866	99
-0.05067712763806	1.34965680556092	99
0.032079229085774	0.56691647468837	471
0.031847247933781	0.567121503023109	471
-0.03350562865797	1.19962555668558	294
0.065881984569559	0.914046639201442	294
-0.0844521998383301	1.18435363304479	294
-0.06749242287696	1.02918275724483	294
0.060949034106964	0.734553872901206	294
-0.00955415243894997	0.719594277702576	761
0.122850887569758	0.577216000555005	761
0.061172585768852	0.734169359590649	60
-0.0675179913994	1.02948100786859	60
0.068093993557482	1.09130569717365	60
0.031839735720063	0.567066206054291	97
0.031496758217042	0.567042315970506	97
-0.1144886963805	0.541000350984738	97
-0.00947009883374994	0.719304676003473	612
0.018682046687891	0.89073648086914	164
-0.11480389157877	0.541093044086259	52
0.122745292903087	0.577167546274364	339
0.122936050643944	0.577066528922155	339
0.122978264954337	0.576906289496621	339
0.061001474558287	0.734414306613764	733
-0.00952368242224999	0.719592912783372	366
0.018680518526093	0.890878556348043	111
0.066196462785352	0.913670596019875	111
0.066007843702619	0.914003033691674	36
-0.0338618469981	1.20017015535788	99
0.04230639406978	1.23795429631017	294
0.110113231896788	0.758135516388884	726
-0.00942463255137005	0.719335114329613	131
0.0323118148547	0.566449087740737	154
0.031966956155177	0.567023112730889	154
0.047864940117501	0.272770263417896	655
0.03185477649666	0.566902385585879	154
-0.1144886963805	0.541000350984738	154
-0.1145954954322	0.541089063658969	761
0.03185477649666	0.566902385585879	627
-0.00946265936106006	0.719458642516027	60
0.068216917591202	1.09134486803983	60
0.065944925433499	0.91404265035613	155
0.032086881231415	0.566880494409038	155
-0.00951606416000006	0.719470647168065	97
0.048231954119922	0.27264192625531	317
0.122873399258265	0.577023179258317	339
-0.01106991729155	1.04686660568732	359
0.031966956155177	0.567023112730889	339
0.03185477649666	0.566902385585879	571
-0.00939409998832996	0.719191379540725	571
-0.11459535646121	0.54087500274063	733
0.122828533793664	0.577150150243609	357
-0.00952368242224999	0.719592912783372	36
0.110150082914474	0.758267834539312	383
0.122913897302031	0.57703082808025	383
0.060856765447748	0.734645723530448	190
0.122830062903215	0.577203324418684	36
0.110283916781517	0.758012030530767	36
0.061120252841419	0.734185107924619	99
0.122894193752737	0.577078965683136	271
-0.11459535646121	0.54087500274063	310
-0.1145954954322	0.541089063658969	278
0.031966956155177	0.567023112730889	154
-0.1143440462202	0.540707013154826	715
0.031959373972186	0.567014988604947	154
0.048231954119922	0.27264192625531	655
0.031847247933781	0.567121503023109	761
-0.1144886963805	0.541000350984738	761
-0.11459571417205	0.540895302433044	761
-0.1145954954322	0.541089063658969	97
-0.11490817570086	0.540745347078142	97
0.048231954119922	0.27264192625531	73
0.048231954119922	0.27264192625531	73
0.047755745628836	0.272799090918146	33
0.047864940117501	0.272770263417896	317
-0.0971764277188401	1.33570905904217	164
0.122892804737198	0.577129826927392	571
0.102526680568705	0.940274502101517	357
0.042383578448162	1.23791559703069	226
-0.01120058538935	1.04695271671224	36
0.00595781473406498	1.51934999798343	354
0.061093686495544	0.734349776969803	383
-0.08456232745863	1.18424678290924	36
-0.0110489251933601	1.04670851481839	36
-0.00948561465469999	0.719469300354575	790
0.061106971656411	0.734318770281423	449
0.047755745628836	0.272799090918146	154
0.04812307490303	0.272670624519378	655
-0.11409385166674	0.540651439280993	154
0.047755745628836	0.272799090918146	618
0.060843517364767	0.734573163138473	19
0.033149230036195	1.06720632995556	60
0.11039079518897	0.757727760199147	155
-0.11459571417205	0.540895302433044	97
0.048231954119922	0.27264192625531	97
-0.11409385166674	0.540651439280993	73
0.048231954119922	0.27264192625531	33
0.047497389810397	0.272824202108595	33
-0.1144886963805	0.541000350984738	317
0.04812307490303	0.272670624519378	317
0.097886474720398	1.11481416312826	164
-0.00948561465469999	0.719469300354575	52
0.122830062903215	0.577203324418684	339
0.047387879055768	0.272853156193857	821
-0.0444520453949799	0.874915515762286	357
0.066010955200841	0.913184807463847	357
0.122871801503524	0.577191008258668	366
0.0183885910418971	0.891369034784776	366
0.018682046687891	0.89073648086914	366
0.123817436289982	1.13814087423673	36
-0.04459587610723	0.874882532020824	383
0.060856765447748	0.734645723530448	190
0.102633505665751	0.940086363572764	36
0.097570795570497	1.2782934614296	36
-0.04446560025431	0.874951843477017	99
-0.00971391185688009	0.719096866699673	271
0.075473699605894	1.41758321370854	99
0.048489868525968	0.272461351367526	790
-0.00956173625136003	0.719582795507295	278
-0.06757087432184	1.02960559429657	294
0.102722484111155	0.939927270681426	64
-0.11459535646121	0.54087500274063	715
0.047755745628836	0.272799090918146	715
0.031966956155177	0.567023112730889	154
-0.11469972387002	0.540927932422351	154
0.04812307490303	0.272670624519378	154
0.122722619569568	0.577081252829866	761
-0.08438682576281	1.18431059237427	60
-0.0115346253436099	1.36445409058896	94
0.032690250305878	1.53769541484883	94
-0.11409385166674	0.540651439280993	155
0.047387879055768	0.272853156193857	97
-0.11384369426122	0.540061252740227	97
-0.11449125834891	0.540788176297302	73
0.048231954119922	0.27264192625531	73
0.048231954119922	0.27264192625531	73
0.048231954119922	0.27264192625531	33
0.048231954119922	0.27264192625531	317
0.061106971656411	0.734318770281423	164
0.032079229085774	0.56691647468837	339
0.018680518526093	0.890878556348043	339
0.048489868525968	0.272461351367526	148
0.068318140372424	1.09114737529994	226
-0.0674378070355801	1.02930498309819	357
-0.04437342022381	0.87478702664477	182
0.122722619569568	0.577081252829866	247
-0.00950067227012008	0.71944848988664	383
0.031966956155177	0.567023112730889	383
0.0609357763180281	0.734584867529678	190
0.122849567125542	0.577051214111517	36
0.122915077536795	0.577091573709713	440
0.04232724442387	1.23772945943506	36
-0.0673320781203299	1.02880172923917	261
-0.04459587610723	0.874882532020824	99
-0.1144886963805	0.541000350984738	271
0.048598433462579	0.272432782475208	310
0.047755745628836	0.272799090918146	285
0.048231954119922	0.27264192625531	285
0.031847247933781	0.567121503023109	64
0.032207023364778	0.566690506749215	64
0.048231954119922	0.27264192625531	154
0.047864940117501	0.272770263417896	715
0.047864940117501	0.272770263417896	154
0.047755745628836	0.272799090918146	761
0.048598433462579	0.272432782475208	761
-0.08099667555114	1.77383641025923	94
0.047864940117501	0.272770263417896	434
0.048598433462579	0.272432782475208	97
0.048231954119922	0.27264192625531	705
0.032191595406	0.566591842753788	705
-0.1144886963805	0.541000350984738	97
0.122871801503524	0.577191008258668	73
0.048489868525968	0.272461351367526	73
0.048598433462579	0.272432782475208	73
0.04812307490303	0.272670624519378	33
0.031727756362024	0.567172585007472	52
-0.00952368242224999	0.719592912783372	52
-0.11449125834891	0.540788176297302	225
-0.00952368242224999	0.719592912783372	339
-0.1146996213552	0.541121784175122	366
-0.00966077046648994	0.719307892669355	357
-0.11459571417205	0.540895302433044	366
-0.11469959880058	0.540907832368884	247
-0.1144886963805	0.541000350984738	247
-0.0444520453949799	0.874915515762286	36
0.04812307490303	0.272670624519378	190
-0.1143440462202	0.540707013154826	36
0.123682102336998	1.13860186848024	46
0.018600369215321	0.891065326956382	36
-0.00951606416000006	0.719470647168065	99
-0.00950067227012008	0.71944848988664	99
-0.0678610218807101	1.02942553692985	99
0.04812307490303	0.272670624519378	310
0.047755745628836	0.272799090918146	310
0.04812307490303	0.272670624519378	790
0.04812307490303	0.272670624519378	790
0.04812307490303	0.272670624519378	278
-0.03254460870432	1.94448247498359	48
0.032094549623495	0.566570214515686	776
0.031839735720063	0.567066206054291	278
-0.11394961846196	0.540358650867839	64
0.047864940117501	0.272770263417896	715
0.048231954119922	0.27264192625531	715
0.048231954119922	0.27264192625531	154
-0.1146996213552	0.541121784175122	154
-0.11409385166674	0.540651439280993	19
-0.11469959880058	0.540907832368884	761
0.048489868525968	0.272461351367526	761
0.122850887569758	0.577216000555005	60
-0.11423834940659	0.540537025048118	97
-0.11459571417205	0.540895302433044	97
0.047387879055768	0.272853156193857	97
0.048231954119922	0.27264192625531	73
0.048231954119922	0.27264192625531	33
0.047864940117501	0.272770263417896	33
0.122850887569758	0.577216000555005	164
0.11023362676084	0.758010794911154	339
0.047864940117501	0.272770263417896	821
-0.0970900475501299	1.33544414843131	357
-0.11469972387002	0.540927932422351	366
0.031727756362024	0.567172585007472	111
-0.11449125834891	0.540788176297302	247
-0.0447016488104299	0.875080672215587	36
-0.00959977615633001	0.719347916460793	383
-0.04438698797144	0.874823359724042	383
0.122871801503524	0.577191008258668	190
-0.0336175076704801	1.20000036554384	36
-0.01150112825717	1.36451584130126	36
0.110043187174885	0.758402852078309	771
0.122915077536795	0.577091573709713	771
-0.1145954954322	0.541089063658969	271
0.122830062903215	0.577203324418684	271
-0.1146996213552	0.541121784175122	310
0.032079229085774	0.56691647468837	310
0.123658783671944	1.13863240837444	99
0.031727756362024	0.567172585007472	278
0.0323118148547	0.566449087740737	278
0.122786734926908	0.577236204859608	294
-0.1144886963805	0.541000350984738	776
0.048598433462579	0.272432782475208	154
-0.1145954954322	0.541089063658969	715
-0.11423834940659	0.540537025048118	154
-0.1144886963805	0.541000350984738	154
0.048231954119922	0.27264192625531	655
0.047755745628836	0.272799090918146	618
0.12293750830751	0.576730565295779	19
-0.11449125834891	0.540788176297302	761
0.122871801503524	0.577191008258668	19
-0.0843661049894899	1.18424888419965	60
0.110210273924257	0.758188605908356	60
-0.11480389157877	0.541093044086259	73
0.048231954119922	0.27264192625531	317
0.061185884621858	0.734138351979046	164
-0.01080044173231	1.04596484450822	164
0.048231954119922	0.27264192625531	148
-0.1145954954322	0.541089063658969	369
-0.0096302871393199	0.719349342460465	366
-0.1144886963805	0.541000350984738	366
0.031615869941974	0.567051569300168	366
0.122871801503524	0.577191008258668	383
0.032079229085774	0.56691647468837	440
-0.00953121808197999	0.719538579271265	762
0.050424401981454	2.02356971518114	53
0.031615869941974	0.567051569300168	271
0.047864940117501	0.272770263417896	285
0.048489868525968	0.272461351367526	278
0.04812307490303	0.272670624519378	26
0.047864940117501	0.272770263417896	154
0.04812307490303	0.272670624519378	154
0.04812307490303	0.272670624519378	154
0.031839735720063	0.567066206054291	154
-0.1145954954322	0.541089063658969	154
-0.11480389157877	0.541093044086259	154
0.047755745628836	0.272799090918146	618
-0.11459535646121	0.54087500274063	154
0.061054552500399	0.733995339864422	154
0.060777717413549	0.734669327956872	19
-0.11459571417205	0.540895302433044	761
-0.0442948303691	0.874612671953292	155
-0.1143440462202	0.540707013154826	97
0.032071593233322	0.566690436445225	97
0.047755745628836	0.272799090918146	73
0.048489868525968	0.272461351367526	73
0.047755745628836	0.272799090918146	73
0.047864940117501	0.272770263417896	33
0.048489868525968	0.272461351367526	317
0.122871801503524	0.577191008258668	612
0.122765969326838	0.57722347245481	52
0.110126732547253	0.758353213221804	359
0.04812307490303	0.272670624519378	339
-0.0444384941634399	0.874753778962291	359
0.031727756362024	0.567172585007472	148
0.04812307490303	0.272670624519378	571
-0.11369961316531	0.540175728256294	821
0.033057202782908	1.0675801720725	226
-0.1144886963805	0.541000350984738	366
-0.0843661049894899	1.18424888419965	247
0.060922514554735	0.734512322363123	247
-0.04463646342788	0.874990427387679	36
0.0978228362738091	1.27782199085727	440
0.04245045366254	1.23759192745126	36
0.031727756362024	0.567172585007472	261
-0.0335717275230001	1.19984085753893	99
-0.11459571417205	0.540895302433044	271
0.047864940117501	0.272770263417896	271
0.122892804737198	0.577129826927392	278
0.031727756362024	0.567172585007472	278
0.031966956155177	0.567023112730889	64
0.047864940117501	0.272770263417896	64
0.047755745628836	0.272799090918146	26
-0.1144886963805	0.541000350984738	154
-0.11423834940659	0.540537025048118	715
-0.11355579595234	0.53988363364333	715
0.032079229085774	0.56691647468837	19
-0.04434629561867	0.874227830580801	19
0.047755745628836	0.272799090918146	155
0.031966956155177	0.567023112730889	155
0.047387879055768	0.272853156193857	434
0.048231954119922	0.27264192625531	434
0.048489868525968	0.272461351367526	73
-0.11459571417205	0.540895302433044	33
0.102826391579342	0.938851421595375	164
0.031720314122376	0.567057194652099	52
0.031839735720063	0.567066206054291	52
0.060856765447748	0.734645723530448	339
-0.0110513300666999	1.04678228127872	359
0.047864940117501	0.272770263417896	821
-0.00952368242224999	0.719592912783372	383
0.032996485716648	1.06761328279377	36
-0.1144886963805	0.541000350984738	762
0.122871801503524	0.577191008258668	762
0.122936050643944	0.577066528922155	36
0.122786734926908	0.577236204859608	271
0.066300013428533	0.91330480517364	99
0.04812307490303	0.272670624519378	285
0.048598433462579	0.272432782475208	285
0.047497389810397	0.272824202108595	285
0.08141073758174	2.34014663879495	255
-0.06757087432184	1.02960559429657	131
0.0658599759831871	0.914098152341415	227
-0.1144886963805	0.541000350984738	715
0.048231954119922	0.27264192625531	655
-0.11469959880058	0.540907832368884	154
0.048489868525968	0.272461351367526	761
0.122915077536795	0.577091573709713	19
0.048598433462579	0.272432782475208	434
0.047387879055768	0.272853156193857	705
0.04812307490303	0.272670624519378	73
0.047755745628836	0.272799090918146	73
0.031966956155177	0.567023112730889	91
0.031615869941974	0.567051569300168	33
0.031490226713548	0.567020696167977	33
0.122936050643944	0.577066528922155	52
-0.0676493547222801	1.02971956899807	52
0.047755745628836	0.272799090918146	225
-0.00939409998832996	0.719191379540725	339
-0.1143440462202	0.540707013154826	148
-0.0843007427131801	1.18416297802057	357
0.077348264017411	1.74440366831802	226
0.0681880344578319	1.09133812448806	182
-0.01114048197009	1.36340409102329	190
-0.00958459475678008	0.719552722677059	762
0.102069042888084	0.939844222374839	278
-0.0258040600520699	1.50556638685916	294
0.047864940117501	0.272770263417896	26
0.122892804737198	0.577129826927392	227
-0.11459535646121	0.54087500274063	154
-0.01120058538935	1.04695271671224	227
0.032751522829547	1.06819642967814	19
-0.00942463255137005	0.719335114329613	155
0.048231954119922	0.27264192625531	434
0.031839735720063	0.567066206054291	97
0.031727756362024	0.567172585007472	73
0.047755745628836	0.272799090918146	73
0.110210273924257	0.758188605908356	91
0.047387879055768	0.272853156193857	317
-0.11459535646121	0.54087500274063	317
0.00244344441962296	1.8212253375789	636
0.0323118148547	0.566449087740737	52
-0.1145954954322	0.541089063658969	369
-0.1145954954322	0.541089063658969	369
0.00771123535373697	1.21818590462679	182
0.068318140372424	1.09114737529994	36
0.114407140344994	2.09940808138322	53
0.061264760359251	0.73390564546803	99
0.048598433462579	0.272432782475208	285
-0.0722472549939901	1.63339788193192	48
0.059369453164718	1.7211263912829	48
-0.11409385166674	0.540651439280993	294
-0.00955415243894997	0.719594277702576	64
-0.0842115976406601	1.18386588923938	565
0.032191595406	0.566591842753788	154
0.031839735720063	0.567066206054291	154
-0.00949318472380001	0.719548716819513	19
0.122828533793664	0.577150150243609	155
0.0978970308950809	1.1151620722002	305
0.066218519321411	0.913531824301823	359
-0.00956173625136003	0.719582795507295	52
0.031959373972186	0.567014988604947	52
-0.0975062813766701	1.33629196450453	359
0.031839735720063	0.567066206054291	571
0.047864940117501	0.272770263417896	821
0.047755745628836	0.272799090918146	821
-0.11469959880058	0.540907832368884	182
-0.01113506903312	1.04692897665662	226
-0.00958459475678008	0.719552722677059	182
-0.10661285918559	1.48391142432305	46
-0.0950526100206099	2.05726628600688	46
0.032751522829547	1.06819642967814	36
-0.00876031306115999	1.66018281768268	36
0.060830265308043	0.734302350012981	48
0.122873399258265	0.577023179258317	294
-0.04437342022381	0.87478702664477	797
0.0608700095575661	0.734614739532522	131
0.032079229085774	0.56691647468837	227
-0.11409385166674	0.540651439280993	715
0.047497389810397	0.272824202108595	154
0.047755745628836	0.272799090918146	154
0.032199301264988	0.566773743831677	227
-0.0445307058590401	0.875000983365389	227
0.032199301264988	0.566773743831677	19
-0.1144886963805	0.541000350984738	19
0.032086881231415	0.566880494409038	19
0.122786734926908	0.577236204859608	719
-0.11469959880058	0.540907832368884	719
0.031966956155177	0.567023112730889	91
0.048231954119922	0.27264192625531	33
0.122830062903215	0.577203324418684	819
0.047864940117501	0.272770263417896	317
-0.1145954954322	0.541089063658969	317
-0.0675964565840099	1.02968138226897	305
-0.1144886963805	0.541000350984738	52
-0.01109200987748	1.04692438485415	359
0.110186921419238	0.758273976852272	359
0.061120252841419	0.734185107924619	571
0.047387879055768	0.272853156193857	148
0.031966956155177	0.567023112730889	366
0.066215142670211	0.913499728136811	182
0.031727756362024	0.567172585007472	182
0.076530106599063	1.58012234451696	606
0.07664372294357	1.57987584562842	65
-0.01122121898675	1.0470081680928	48
-0.03385659856149	1.20019023313274	294
0.123661098743887	1.13858345641386	449
0.122957113106258	0.577005310114962	227
0.072206057482589	1.25743917810406	60
-0.04454424783783	0.875037302287801	19
0.066007843702619	0.914003033691674	457
0.032086881231415	0.566880494409038	719
0.031966956155177	0.567023112730889	719
0.110103382513894	0.758357339826199	359
0.110113231896788	0.758135516388884	52
0.018414326479441	0.891246435034977	359
-0.0111769055397299	1.04693867028586	359
-0.00939409998832996	0.719191379540725	148
0.102502862637504	0.940217754935799	226
0.122915077536795	0.577091573709713	182
0.122871801503524	0.577191008258668	366
0.109982983249307	0.758414603504005	366
0.03185477649666	0.566902385585879	182
0.119611443868231	1.30006219651883	46
0.110785649167118	1.63043416497434	53
0.09459818580558	1.6049499729463	65
0.122828533793664	0.577150150243609	116
0.096583989135799	1.43950665457699	48
-0.0335717275230001	1.19984085753893	294
0.048489868525968	0.272461351367526	797
0.060790947849236	0.734638357608288	227
0.12300033719795	0.576773649682754	227
0.122722619569568	0.577081252829866	227
0.110163569243204	0.758278106424201	227
-0.00953867129288	0.719213659450249	227
-0.00945513744605009	0.719425138137918	19
-0.1145954954322	0.541089063658969	60
0.122830062903215	0.577203324418684	457
-0.00952368242224999	0.719592912783372	719
-0.00949318472380001	0.719548716819513	719
-0.04471516867313	0.874990540305417	91
0.06068541149692	0.734581157638396	359
-0.00950067227012008	0.71944848988664	571
-0.00948561465469999	0.719469300354575	571
-0.00956173625136003	0.719582795507295	182
-0.06772956796868	1.0297201300256	182
0.03185477649666	0.566902385585879	366
0.11512071400647	1.46294167173908	53
0.0222281751937941	1.38029739757137	65
0.031959373972186	0.567014988604947	116
0.031847247933781	0.567121503023109	116
0.050942738571668	1.39788853136469	48
-0.0841255560090199	1.18370102376939	48
0.060856765447748	0.734645723530448	64
0.110080032811791	0.758268439784129	64
0.047387879055768	0.272853156193857	797
-0.0443219952901699	0.87455898053866	227
0.110089883315592	0.75831334866461	227
-0.0096302871393199	0.719349342460465	60
-0.05066332544332	1.34930127545276	60
0.110019839610098	0.758313948686625	19
0.102440615115746	0.940255157185055	457
0.018494495669324	0.891295148402178	457
0.122936050643944	0.577066528922155	719
0.0609357763180281	0.734584867529678	719
0.031951808133683	0.566741793143772	148
-0.0676237647283999	1.02968638703922	182
-0.0842354030835699	1.18403381258987	182
0.119469390891177	1.30049005460688	65
-0.0336175076704801	1.20000036554384	804
-0.11459571417205	0.540895302433044	116
0.060962287922118	0.734420173128497	294
0.047497389810397	0.272824202108595	797
0.00768966678262595	1.218188779409	60
0.00750165282099602	1.21868572613769	60
0.007761779821717	1.21796248219116	60
0.032214761658003	0.566320089561136	19
0.060922514554735	0.734512322363123	19
0.110186921419238	0.758273976852272	60
0.122786734926908	0.577236204859608	97
0.031496758217042	0.567042315970506	719
0.060764483006036	0.73459676282174	719
-0.00935607972878993	0.718851991772044	719
-0.04446560025431	0.874951843477017	91
0.060804174313783	0.734504686788496	91
-0.00946265936106006	0.719458642516027	819
-0.04446560025431	0.874951843477017	819
0.110247101668791	0.758159798405766	819
-0.0675964565840099	1.02968138226897	305
0.032904383029822	1.06800777077185	305
-0.01085947296921	1.0462914439344	359
0.123546770082781	1.138640728954	359
-0.11480398571088	0.54087926587085	571
0.122786734926908	0.577236204859608	571
0.032904383029822	1.06800777077185	226
0.061185884621858	0.734138351979046	182
-0.1146996213552	0.541121784175122	366
0.12412416239631	1.81675651748884	53
-0.0631265344027501	1.49400335144429	804
0.01833562708671	0.891348219855638	294
-0.04437342022381	0.87478702664477	64
0.031966956155177	0.567023112730889	227
0.110270456321804	0.758074443440553	60
0.068086804482226	1.09139785801806	60
-0.0674395552152001	1.02896072052952	19
-0.04454424783783	0.875037302287801	60
-0.0338821521412001	1.20028548040552	60
0.061172585768852	0.734169359590649	719
0.042321973761406	1.23797261405448	689
-0.0109037146347	1.04650903893007	305
0.061028021479132	0.734455823851989	52
-0.00953867129288	0.719213659450249	182
0.102832093608003	0.939448099990635	182
0.0169863624087641	1.67809709798944	53
0.018653294319131	0.890885888045407	48
0.00748752104880102	1.21852835493637	48
0.00753062705021101	1.21869653416016	48
0.032725584642066	1.06811368328866	64
0.00748008073029605	1.21876243070717	48
0.122871801503524	0.577191008258668	565
0.042566233112678	1.23685394718304	449
0.061199179498226	0.734004736031384	227
-0.0111769055397299	1.04693867028586	60
-0.0675162554853099	1.0294800228211	19
0.061028021479132	0.734455823851989	60
0.031839735720063	0.567066206054291	719
-0.00948561465469999	0.719469300354575	719
0.018574659801723	0.891193190806152	305
0.066026654597668	0.913944086266714	305
0.007422127556454	1.21863519883637	305
0.065985814116982	0.914054579689335	359
0.032079229085774	0.56691647468837	4
0.122894193752737	0.577078965683136	4
0.0611465367465041	0.733825797972998	4
-0.00951606416000006	0.719470647168065	182
0.060856765447748	0.734645723530448	182
0.122850887569758	0.577216000555005	182
0.110043187174885	0.758402852078309	116
-0.11409385166674	0.540651439280993	797
0.018680518526093	0.890878556348043	60
-0.0112418576936999	1.04696151548129	60
-0.01120058538935	1.04695271671224	60
0.060909248816591	0.734241533691457	96
0.110043187174885	0.758402852078309	60
0.122830062903215	0.577203324418684	643
-0.06772956796868	1.0297201300256	457
0.061041288976964	0.734322134192378	719
-0.00945513744605009	0.719425138137918	819
0.06609277487246	0.913789457162529	305
-0.06754356591929	1.02960059011662	359
-0.0674906827344	1.02947600253339	359
-0.01094434495271	1.04663097728092	359
0.031615869941974	0.567051569300168	571
-0.00949318472380001	0.719548716819513	571
0.032199301264988	0.566773743831677	4
0.066237218885544	0.913535369249191	182
0.061093686495544	0.734349776969803	182
0.047387879055768	0.272853156193857	285
0.097670434675978	1.27762543831193	710
-0.11755285147454	1.76549174959708	710
0.048489868525968	0.272461351367526	797
-0.00955415243894997	0.719594277702576	797
0.04232724442387	1.23772945943506	227
0.033143717509046	1.06715893034372	227
-0.00956923753491989	0.719303703505991	60
0.110029675150969	0.758325108616574	19
0.122681295519488	0.577012560144428	19
0.031847247933781	0.567121503023109	96
0.066111561791409	0.913869462420194	60
0.060962287922118	0.734420173128497	301
-0.0446229306980801	0.875080562846637	301
0.066193061876097	0.913357429235738	643
0.061251598364894	0.733936477959649	643
-0.04446560025431	0.874951843477017	643
0.110043187174885	0.758402852078309	457
0.110163569243204	0.758278106424201	457
0.060909248816591	0.734241533691457	91
-0.0442948303691	0.874612671953292	91
0.102850098356703	0.93946085437114	305
0.061159282938835	0.734096925613319	305
-0.11394961846196	0.540358650867839	52
0.061093686495544	0.734349776969803	52
0.047864940117501	0.272770263417896	4
-0.0257044734409899	1.50528829502695	732
-0.00944753293435996	0.719129583406553	235
-0.09734920201165	1.33569273781561	48
0.065941741208157	0.913876341257033	349
-0.0504966277002199	1.34894689723225	48
-0.12253165267419	1.90204816701128	48
0.048489868525968	0.272461351367526	26
0.048489868525968	0.272461351367526	797
0.031974554636492	0.56675996581703	797
0.032079229085774	0.56691647468837	301
0.018414326479441	0.891246435034977	689
0.033123476720764	1.06735759628624	305
0.048489868525968	0.272461351367526	83
0.047387879055768	0.272853156193857	52
-0.1144886963805	0.541000350984738	52
-0.00952368242224999	0.719592912783372	763
-0.0447939091537699	0.874944528103677	182
-0.0337243033016801	1.20004770280729	533
-0.1145954954322	0.541089063658969	216
0.0609881951343571	0.734143578649317	182
0.066322095586219	0.913253237878811	116
0.056245617531282	1.55737141185117	710
0.01852171877891	0.89128782209467	116
0.04812307490303	0.272670624519378	26
0.032071593233322	0.566690436445225	704
-0.08434538913818	1.18406953562115	60
0.047755745628836	0.272799090918146	301
-0.0674378070355801	1.02930498309819	457
-0.06757087432184	1.02960559429657	457
0.110270456321804	0.758074443440553	819
0.032191595406	0.566591842753788	52
-0.1144886963805	0.541000350984738	396
0.047497389810397	0.272824202108595	570
0.102547440184871	0.940260218229084	533
0.102636452853247	0.940008480427255	182
-0.01098857513235	1.0466444883025	266
0.068108536371283	1.09128536857297	423
-0.0676220447934699	1.02959898870171	235
-0.0442948303691	0.874612671953292	479
-0.0336175076704801	1.20000036554384	60
-0.00946265936106006	0.719458642516027	704
0.060856765447748	0.734645723530448	60
0.061093686495544	0.734349776969803	19
0.032079229085774	0.56691647468837	96
0.047755745628836	0.272799090918146	96
0.047864940117501	0.272770263417896	96
0.047864940117501	0.272770263417896	96
0.048231954119922	0.27264192625531	91
0.047864940117501	0.272770263417896	301
0.102873722301616	0.939502079698032	457
0.01833562708671	0.891348219855638	457
0.066111561791409	0.913869462420194	689
-0.01100712019044	1.0467688034003	689
0.122850887569758	0.577216000555005	91
0.060962287922118	0.734420173128497	305
0.03243225177931	0.566259034919588	52
0.122850887569758	0.577216000555005	52
0.018520214845332	0.891095845361931	359
-0.1143440462202	0.540707013154826	396
-0.1144886963805	0.541000350984738	216
0.077528938951411	1.74320700890352	266
0.11059450891371	1.95134713487432	53
0.122892804737198	0.577129826927392	687
0.022184033488774	1.38024276731453	53
-0.0676510708407601	1.02955906828335	710
-0.04447915874277	0.874861737721261	349
0.048231954119922	0.27264192625531	26
0.048489868525968	0.272461351367526	26
0.06609277487246	0.913789457162529	449
0.122724705619511	0.577053836575578	704
0.122936050643944	0.577066528922155	704
0.122915077536795	0.577091573709713	19
0.065966939937158	0.913903875523373	60
0.122957113106258	0.577005310114962	301
0.01862911271523	0.890871592352123	643
-0.00948561465469999	0.719469300354575	643
0.032191595406	0.566591842753788	643
0.06816630737094	1.09139188343664	689
0.0609357763180281	0.734584867529678	91
-0.11409385166674	0.540651439280993	52
0.048231954119922	0.27264192625531	83
0.04812307490303	0.272670624519378	52
0.032199301264988	0.566773743831677	52
0.122979304866702	0.576798736351056	763
0.048231954119922	0.27264192625531	570
0.047864940117501	0.272770263417896	4
0.048231954119922	0.27264192625531	4
0.047864940117501	0.272770263417896	216
0.031959373972186	0.567014988604947	216
0.048231954119922	0.27264192625531	216
0.032858281451982	1.06801105527549	732
0.021833289010836	2.14246688461357	53
0.122871801503524	0.577191008258668	116
0.01854743633026	0.891200517436491	48
0.102440615115746	0.940255157185055	479
0.048231954119922	0.27264192625531	26
0.04812307490303	0.272670624519378	26
-0.11394961846196	0.540358650867839	797
0.031966956155177	0.567023112730889	704
0.110056683438365	0.757988708239315	704
0.048231954119922	0.27264192625531	19
0.018815121846475	0.889884369532945	19
0.048598433462579	0.272432782475208	96
-0.1145954954322	0.541089063658969	91
0.031974554636492	0.56675996581703	301
0.032079229085774	0.56691647468837	301
0.061159282938835	0.734096925613319	719
-0.11469959880058	0.540907832368884	83
0.098135621432704	1.11477501209057	359
0.061080397358425	0.734277294146734	763
0.03185477649666	0.566902385585879	763
-0.1144886963805	0.541000350984738	763
-0.03348528044262	1.19961266473414	533
-0.0108631309492999	1.04623996533236	182
-0.11449125834891	0.540788176297302	4
0.031959373972186	0.567014988604947	4
0.018520214845332	0.891095845361931	182
0.048231954119922	0.27264192625531	216
0.042283337808234	1.23812382734132	53
0.122745292903087	0.577167546274364	349
0.031959373972186	0.567014988604947	349
-0.00944753293435996	0.719129583406553	704
0.122809327469738	0.577147451985876	704
-0.0972470238215	1.33568001013183	60
-0.1145954954322	0.541089063658969	19
0.110150082914474	0.758267834539312	19
-0.00958459475678008	0.719552722677059	19
-0.11459535646121	0.54087500274063	19
0.060949034106964	0.734553872901206	19
-0.1146996213552	0.541121784175122	19
0.031847247933781	0.567121503023109	19
-0.11423834940659	0.540537025048118	96
0.04812307490303	0.272670624519378	96
0.031847247933781	0.567121503023109	91
0.061106971656411	0.734318770281423	457
-0.00961500935902992	0.719465002182	719
0.110260560606779	0.757923214285955	719
-0.1145954954322	0.541089063658969	52
0.047864940117501	0.272770263417896	83
0.048231954119922	0.27264192625531	83
0.122892804737198	0.577129826927392	52
0.018468769989692	0.891343802585796	763
-0.1144886963805	0.541000350984738	396
0.122850887569758	0.577216000555005	763
0.018176688725584	0.89102352226532	182
-0.11423834940659	0.540537025048118	4
0.047755745628836	0.272799090918146	4
0.047864940117501	0.272770263417896	4
-0.10639706176029	1.48319475526606	732
0.018626072092205	0.890781296672914	687
-0.1144886963805	0.541000350984738	116
-0.08432147431859	1.18422470011317	116
0.122786734926908	0.577236204859608	349
0.032950451150972	1.06787771696256	48
0.048489868525968	0.272461351367526	26
0.00727790394579897	1.21864750660147	449
0.098130427993526	1.11456661895987	449
-0.01122278980938	1.36404557595975	60
0.122936050643944	0.577066528922155	704
-0.0676493547222801	1.02971956899807	70
0.032086881231415	0.566880494409038	19
0.047755745628836	0.272799090918146	96
0.032207023364778	0.566690506749215	301
-0.11480387759856	0.540899159478976	301
0.122827490471234	0.576553485674759	184
0.031966956155177	0.567023112730889	719
0.031727756362024	0.567172585007472	91
0.110126732547253	0.758353213221804	305
-0.11459535646121	0.54087500274063	83
-0.1145954954322	0.541089063658969	52
0.122830062903215	0.577203324418684	52
-0.1144886963805	0.541000350984738	52
0.110103382513894	0.758357339826199	763
0.122958361914198	0.576786214582943	763
0.110186921419238	0.758273976852272	182
0.018574659801723	0.891193190806152	182
0.047864940117501	0.272770263417896	4
0.122701912984862	0.577068484962905	4
-0.1146996213552	0.541121784175122	4
0.047755745628836	0.272799090918146	4
0.110066535075841	0.758398727133385	182
0.032199301264988	0.566773743831677	216
0.00761014885896605	1.21850920142598	479
0.047864940117501	0.272770263417896	26
0.048231954119922	0.27264192625531	26
0.047755745628836	0.272799090918146	797
-0.00955415243894997	0.719594277702576	70
0.048489868525968	0.272461351367526	96
0.048598433462579	0.272432782475208	96
0.047864940117501	0.272770263417896	96
0.12280758973809	0.577211271023757	91
0.031727756362024	0.567172585007472	301
0.122871801503524	0.577191008258668	301
0.031966956155177	0.567023112730889	184
-0.0446746199444299	0.87488269178405	457
-0.00962268959251	0.719542660462454	719
0.122871801503524	0.577191008258668	719
-0.0675964565840099	1.02968138226897	719
0.031847247933781	0.567121503023109	91
0.032086881231415	0.566880494409038	91
0.047497389810397	0.272824202108595	83
0.060949034106964	0.734553872901206	52
0.060949034106964	0.734553872901206	763
0.048489868525968	0.272461351367526	4
0.050932312981091	1.39769860437783	732
0.066362785283348	0.913023346162497	48
0.102808509665419	0.939727088354476	449
0.102766901950977	0.939673038658141	449
0.048231954119922	0.27264192625531	96
0.048231954119922	0.27264192625531	96
-0.00956923753491989	0.719303703505991	719
0.018601885262457	0.89108804281965	91
0.122701912984862	0.577068484962905	91
0.048231954119922	0.27264192625531	83
-0.1143440462202	0.540707013154826	396
0.048231954119922	0.27264192625531	396
0.110317166610566	0.757530584352461	763
-0.01106991729155	1.04686660568732	182
0.04812307490303	0.272670624519378	4
0.047864940117501	0.272770263417896	4
-0.11480398571088	0.54087926587085	4
0.122871801503524	0.577191008258668	182
0.047864940117501	0.272770263417896	216
0.047864940117501	0.272770263417896	216
-0.00955415243894997	0.719594277702576	43
0.098146128569227	1.114845139633	65
-0.07257917492974	1.63414308281956	710
-0.0844521998383301	1.18435363304479	48
-0.0108815915949201	1.04645124106137	479
-0.0676237647283999	1.02968638703922	479
-0.0096302871393199	0.719349342460465	479
0.048231954119922	0.27264192625531	26
-0.04422986940011	0.874422999949284	449
-0.01109200987748	1.04692438485415	60
-0.04446560025431	0.874951843477017	70
-0.00942463255137005	0.719335114329613	19
-0.00952368242224999	0.719592912783372	149
0.04812307490303	0.272670624519378	96
0.031959373972186	0.567014988604947	52
-0.00949318472380001	0.719548716819513	52
-0.0443219952901699	0.87455898053866	763
-0.11459571417205	0.540895302433044	396
0.065878854445562	0.913915921489835	182
-0.1143440462202	0.540707013154826	4
0.048489868525968	0.272461351367526	4
-0.00949318472380001	0.719548716819513	182
-0.0421095051779099	2.08846990068665	53
-0.0505042520498	1.34897621644971	65
0.060764483006036	0.73459676282174	479
0.04812307490303	0.272670624519378	26
-0.00950067227012008	0.71944848988664	60
0.018574659801723	0.891193190806152	704
0.032319590710896	0.566583655563607	704
-0.0675179913994	1.02948100786859	70
0.102461369032137	0.940323696699579	60
0.01865481887587	0.890952875697173	60
0.048489868525968	0.272461351367526	96
0.110076368438553	0.757781106680667	91
-0.1144886963805	0.541000350984738	301
-0.00952368242224999	0.719592912783372	184
0.12280758973809	0.577211271023757	457
-0.00956173625136003	0.719582795507295	643
-0.0842354030835699	1.18403381258987	689
-0.11459571417205	0.540895302433044	83
0.048598433462579	0.272432782475208	83
0.047864940117501	0.272770263417896	83
0.122892804737198	0.577129826927392	52
0.0609357763180281	0.734584867529678	763
0.060949034106964	0.734553872901206	763
0.047497389810397	0.272824202108595	570
0.110186921419238	0.758273976852272	182
0.061185884621858	0.734138351979046	182
-0.11449125834891	0.540788176297302	4
-0.1146996213552	0.541121784175122	4
-0.00956173625136003	0.719582795507295	43
-0.11449125834891	0.540788176297302	43
-0.10561759021501	2.34413319338914	53
0.031727756362024	0.567172585007472	116
0.032086881231415	0.566880494409038	116
-0.11480389157877	0.541093044086259	615
0.066133612393815	0.913817896990738	60
0.060843517364767	0.734573163138473	60
-0.0112418576936999	1.04696151548129	149
0.110344077545518	0.757817202440817	457
0.122873399258265	0.577023179258317	719
0.0323118148547	0.566449087740737	719
0.060975537764048	0.734093335797519	719
0.068505987297412	1.09031551747251	305
0.122915077536795	0.577091573709713	763
-0.0107561505840501	1.04595121918338	359
-0.00945513744605009	0.719425138137918	763
0.01833562708671	0.891348219855638	763
0.102547440184871	0.940260218229084	182
0.122830062903215	0.577203324418684	4
0.048231954119922	0.27264192625531	4
0.060790947849236	0.734638357608288	182
0.031615869941974	0.567051569300168	216
0.060777717413549	0.734669327956872	116
-0.00952368242224999	0.719592912783372	116
-0.0334649347520599	1.19949733873006	69
0.018520214845332	0.891095845361931	479
-0.00950067227012008	0.71944848988664	60
-0.00959222676060989	0.719584185538748	60
-0.0675179913994	1.02948100786859	70
-0.0335920714567599	1.19974411881959	60
-0.04446560025431	0.874951843477017	96
0.066007843702619	0.914003033691674	91
0.0609357763180281	0.734584867529678	457
-0.06754356591929	1.02960059011662	457
0.122978264954337	0.576906289496621	719
0.122724705619511	0.577053836575578	91
-0.0447016488104299	0.875080672215587	91
0.122892804737198	0.577129826927392	52
0.032079229085774	0.56691647468837	52
-0.0444384941634399	0.874753778962291	763
0.12280758973809	0.577211271023757	182
0.031966956155177	0.567023112730889	4
0.032079229085774	0.56691647468837	4
0.122936050643944	0.577066528922155	182
0.047755745628836	0.272799090918146	285
0.102678018662703	0.940062642864547	69
-0.00958459475678008	0.719552722677059	411
0.047497389810397	0.272824202108595	26
-0.04446560025431	0.874951843477017	60
0.110066535075841	0.758398727133385	70
0.066196462785352	0.913670596019875	60
0.109982983249307	0.758414603504005	60
0.066007843702619	0.914003033691674	60
0.048231954119922	0.27264192625531	96
-0.1144886963805	0.541000350984738	96
0.110066535075841	0.758398727133385	457
-0.0842354030835699	1.18403381258987	689
-0.00952368242224999	0.719592912783372	91
-0.04447915874277	0.874861737721261	91
0.032191595406	0.566591842753788	52
-0.1144886963805	0.541000350984738	52
-0.0841255560090199	1.18370102376939	763
-0.1144886963805	0.541000350984738	17
-0.0676237647283999	1.02968638703922	763
-0.04454424783783	0.875037302287801	763
0.0317352150006121	0.567000612677095	4
-0.11449125834891	0.540788176297302	4
-0.1145954954322	0.541089063658969	4
-0.11480389157877	0.541093044086259	410
0.032086881231415	0.566880494409038	43
-0.11480389157877	0.541093044086259	43
0.060804174313783	0.734504686788496	411
0.047864940117501	0.272770263417896	26
0.060764483006036	0.73459676282174	60
-0.1144886963805	0.541000350984738	96
0.12300033719795	0.576773649682754	184
-0.11394961846196	0.540358650867839	184
-0.04438698797144	0.874823359724042	184
-0.00955415243894997	0.719594277702576	457
0.122936050643944	0.577066528922155	457
-0.0444927208617201	0.874529546850024	457
0.065963779951847	0.914018836599402	457
-0.0674378070355801	1.02930498309819	457
-0.00949318472380001	0.719548716819513	719
0.10252360232716	0.94004315172749	91
-0.04447915874277	0.874861737721261	763
0.102571195461337	0.940123855262361	359
0.066193061876097	0.913357429235738	763
-0.11449125834891	0.540788176297302	4
-0.11355579595234	0.53988363364333	4
0.018415813439741	0.891361705052936	182
0.047755745628836	0.272799090918146	410
0.075442128629356	1.41761585390513	53
0.032639017798224	1.06821227333676	116
-0.0447016488104299	0.875080672215587	479
-0.11480398571088	0.54087926587085	615
-0.0974402803622201	1.33626237931806	60
0.0609357763180281	0.734584867529678	60
0.048598433462579	0.272432782475208	96
-0.11469972387002	0.540927932422351	96
0.048231954119922	0.27264192625531	96
0.12280758973809	0.577211271023757	184
0.060856765447748	0.734645723530448	184
-0.0842354030835699	1.18403381258987	719
0.122978264954337	0.576906289496621	719
0.032191595406	0.566591842753788	52
0.031966956155177	0.567023112730889	763
-0.11459571417205	0.540895302433044	570
-0.03348528044262	1.19961266473414	182
-0.0442948303691	0.874612671953292	182
0.031615869941974	0.567051569300168	43
-0.01128984454058	1.36434645967255	46
-0.0674360593176	1.02910344958402	69
0.098184742272744	1.11462691895282	69
-0.0444005593508501	0.874733287180993	479
0.122786734926908	0.577236204859608	479
0.047387879055768	0.272853156193857	26
0.048598433462579	0.272432782475208	615
0.061172585768852	0.734169359590649	60
0.066007843702619	0.914003033691674	60
-0.11423834940659	0.540537025048118	70
0.122915077536795	0.577091573709713	60
0.061185884621858	0.734138351979046	91
0.110006329028242	0.758410478909053	91
0.110103382513894	0.758357339826199	91
-0.11480389157877	0.541093044086259	83
0.048489868525968	0.272461351367526	83
-0.04424346658303	0.87433303486305	359
0.031720314122376	0.567057194652099	763
-0.1144886963805	0.541000350984738	4
-0.1146996213552	0.541121784175122	43
0.047387879055768	0.272853156193857	43
0.07443650970199	2.19535155395476	53
0.122850887569758	0.577216000555005	411
-0.0443084110125001	0.874649006739739	411
0.018415813439741	0.891361705052936	411
-0.00950067227012008	0.71944848988664	479
0.060949034106964	0.734553872901206	479
0.048231954119922	0.27264192625531	26
-0.0337497983296899	1.20022282333808	60
0.110223747339957	0.758163932303549	60
0.122979304866702	0.576798736351056	60
-0.01109200987748	1.04692438485415	60
0.018600369215321	0.891065326956382	60
0.122871801503524	0.577191008258668	70
-0.0447668987624801	0.874998371336222	60
0.048231954119922	0.27264192625531	96
-0.0673576276052099	1.02896241203675	91
0.060843517364767	0.734573163138473	184
-0.00944753293435996	0.719129583406553	719
0.122764300237126	0.576995364187196	719
0.0609881951343571	0.734143578649317	91
0.122701912984862	0.577068484962905	91
-0.01106991729155	1.04686660568732	91
0.031959373972186	0.567014988604947	52
0.031615869941974	0.567051569300168	83
0.122894193752737	0.577078965683136	763
0.122681295519488	0.577012560144428	763
0.018545927487861	0.890626361593795	763
-0.00959222676060989	0.719584185538748	763
0.032327382754399	0.566440097305884	17
0.122850887569758	0.577216000555005	17
0.110126732547253	0.758353213221804	763
-0.0445577934429899	0.874947175637136	182
0.122765969326838	0.57722347245481	182
0.061080397358425	0.734277294146734	182
-0.0488492539251799	1.78582478922194	53
0.068159156906471	1.0912383276251	3
-0.00962268959251	0.719542660462454	116
-0.1144886963805	0.541000350984738	615
-0.0842354030835699	1.18403381258987	60
0.061199179498226	0.734004736031384	60
0.061001474558287	0.734414306613764	70
-0.11449125834891	0.540788176297302	96
0.061041288976964	0.734322134192378	184
0.032199301264988	0.566773743831677	184
0.0609357763180281	0.734584867529678	457
-0.06770226032767	1.02971511897472	91
0.018653294319131	0.890885888045407	91
-0.00950067227012008	0.71944848988664	91
-0.11449125834891	0.540788176297302	83
0.031615869941974	0.567051569300168	763
0.066029868707851	0.913864241707956	763
0.018256897283601	0.891173339213407	763
0.048231954119922	0.27264192625531	570
0.12280758973809	0.577211271023757	182
0.047864940117501	0.272770263417896	410
-0.0805684343552899	1.77331076119525	46
0.123593427743363	1.13861050970406	46
0.079409387200494	1.90779192074421	561
-0.0845383005732801	1.18429735969941	235
-0.0444520453949799	0.874915515762286	69
0.0661556584154081	0.913679106263852	69
0.122936050643944	0.577066528922155	615
-0.00945513744605009	0.719425138137918	615
-0.09726745476458	1.33593267607984	60
0.0323118148547	0.566449087740737	60
0.060949034106964	0.734553872901206	60
0.122745292903087	0.577167546274364	70
0.122722619569568	0.577081252829866	70
-0.0445036327747099	0.874441664820524	149
0.03185477649666	0.566902385585879	91
0.018361370640517	0.89126434873263	91
0.122913897302031	0.57703082808025	91
0.032079229085774	0.56691647468837	91
0.122873399258265	0.577023179258317	719
0.122892804737198	0.577129826927392	91
-0.00953121808197999	0.719538579271265	52
0.122935079227786	0.576888285316872	763
0.061014750006396	0.734486826092846	763
0.032079229085774	0.56691647468837	182
-0.1146996213552	0.541121784175122	182
-0.11459535646121	0.54087500274063	4
0.122916744012362	0.576617221119818	4
0.122828533793664	0.577150150243609	43
0.031959373972186	0.567014988604947	43
0.042244710472197	1.23818838192643	3
0.048231954119922	0.27264192625531	116
0.031966956155177	0.567023112730889	116
0.061093686495544	0.734349776969803	69
0.122849567125542	0.577051214111517	411
0.061014750006396	0.734486826092846	60
0.110307273273172	0.75800789084331	60
-0.00957687999319989	0.719341383679869	70
-0.00949318472380001	0.719548716819513	70
0.122892804737198	0.577129826927392	70
-0.01094434495271	1.04663097728092	70
0.048231954119922	0.27264192625531	96
0.060922514554735	0.734512322363123	91
0.110186921419238	0.758273976852272	91
0.0609357763180281	0.734584867529678	457
0.031727756362024	0.567172585007472	91
0.122957113106258	0.577005310114962	91
-0.00950836314294001	0.719089409895543	763
-0.0111362082825699	1.04671084251534	763
0.110066535075841	0.758398727133385	763
-0.0447668987624801	0.874998371336222	763
0.047387879055768	0.272853156193857	570
-0.09741985758335	1.33624984776813	182
-0.04422986940011	0.874422999949284	182
-0.04408651531532	0.873666898173181	4
-0.11394961846196	0.540358650867839	4
-0.1145954954322	0.541089063658969	410
0.033012979690721	1.53681769853002	46
0.099636716860013	2.08181935993182	522
0.00761014885896605	1.21850920142598	781
-0.11409385166674	0.540651439280993	116
-0.11469959880058	0.540907832368884	116
-0.0443084110125001	0.874649006739739	411
0.122957113106258	0.577005310114962	615
0.018495994737287	0.891238633380212	60
0.03243225177931	0.566259034919588	149
0.04812307490303	0.272670624519378	96
-0.0675418341878999	1.02930872282752	91
0.0324400976214519	0.566333160806335	184
0.12280758973809	0.577211271023757	184
0.12280758973809	0.577211271023757	184
0.110223747339957	0.758163932303549	184
0.060764483006036	0.73459676282174	457
-0.11480398571088	0.54087926587085	52
0.109992802812111	0.758124032531201	763
0.110150082914474	0.758267834539312	182
0.122936050643944	0.577066528922155	182
0.03185477649666	0.566902385585879	4
0.051053290789599	1.39744675391126	46
0.0757932064226861	1.4162804777056	46
-0.10654092444152	1.48383585102106	3
0.031959373972186	0.567014988604947	116
0.031847247933781	0.567121503023109	116
0.061185884621858	0.734138351979046	479
-0.1146996213552	0.541121784175122	26
-0.1145954954322	0.541089063658969	615
0.018601885262457	0.89108804281965	60
0.018548943881068	0.891182658817562	60
0.061243347681466	0.733858328376305	60
0.0661556584154081	0.913679106263852	60
0.061172585768852	0.734169359590649	70
0.122871801503524	0.577191008258668	70
-0.0674906827344	1.02947600253339	60
0.018390073185487	0.891235733129596	70
-0.04437342022381	0.87478702664477	70
0.047755745628836	0.272799090918146	96
0.031839735720063	0.567066206054291	721
0.061028021479132	0.734455823851989	184
0.12280758973809	0.577211271023757	184
-0.01094434495271	1.04663097728092	457
0.047387879055768	0.272853156193857	83
0.032207023364778	0.566690506749215	52
-0.1144886963805	0.541000350984738	83
-0.11469972387002	0.540927932422351	52
0.018229675922561	0.89118068462681	763
0.122745292903087	0.577167546274364	763
0.061106971656411	0.734318770281423	763
-0.11423834940659	0.540537025048118	182
0.031959373972186	0.567014988604947	4
-0.11423834940659	0.540537025048118	4
-0.00943210635186009	0.719314837631752	4
0.059067924991298	1.72216691921565	53
0.00740055072757595	1.21878024165857	561
0.109982983249307	0.758414603504005	116
0.061041288976964	0.734322134192378	116
0.060922514554735	0.734512322363123	411
-0.00959222676060989	0.719584185538748	411
0.032199301264988	0.566773743831677	411
-0.00959222676060989	0.719584185538748	60
0.066026654597668	0.913944086266714	60
-0.0844107848588001	1.18411261581604	60
0.122850887569758	0.577216000555005	60
0.018653294319131	0.890885888045407	70
0.065819021126853	0.914013581839109	70
-0.11469972387002	0.540927932422351	70
0.122764300237126	0.576995364187196	60
0.04812307490303	0.272670624519378	96
0.12280758973809	0.577211271023757	184
0.047755745628836	0.272799090918146	721
0.122957113106258	0.577005310114962	184
-0.00955415243894997	0.719594277702576	184
0.061106971656411	0.734318770281423	91
0.122786734926908	0.577236204859608	91
-0.0675179913994	1.02948100786859	457
0.060856765447748	0.734645723530448	457
-0.00958459475678008	0.719552722677059	91
0.060698632234123	0.734653716487146	91
-0.00956923753491989	0.719303703505991	52
0.12280758973809	0.577211271023757	52
0.047864940117501	0.272770263417896	83
0.048231954119922	0.27264192625531	83
0.031847247933781	0.567121503023109	52
0.047864940117501	0.272770263417896	17
0.109839208516917	0.758241188937691	763
0.031847247933781	0.567121503023109	763
-0.06772956796868	1.0297201300256	182
-0.11459535646121	0.54087500274063	4
-0.11480398571088	0.54087926587085	4
0.047864940117501	0.272770263417896	4
0.12293750830751	0.576730565295779	4
0.047755745628836	0.272799090918146	4
0.061264760359251	0.73390564546803	4
0.048231954119922	0.27264192625531	410
-0.0489091012196201	1.78594786384129	53
-0.00966077046648994	0.719307892669355	116
-0.00949318472380001	0.719548716819513	69
-0.11480389157877	0.541093044086259	615
0.04812307490303	0.272670624519378	26
0.065881984569559	0.914046639201442	60
0.102764061357437	0.939821244116649	60
0.122830062903215	0.577203324418684	70
-0.00952368242224999	0.719592912783372	60
0.0661776998552021	0.913433739663781	149
0.048489868525968	0.272461351367526	96
0.047864940117501	0.272770263417896	96
0.110247101668791	0.758159798405766	91
-0.11469972387002	0.540927932422351	184
0.047387879055768	0.272853156193857	83
0.032079229085774	0.56691647468837	52
0.031959373972186	0.567014988604947	52
-0.04438698797144	0.874823359724042	182
0.110210273924257	0.758188605908356	43
0.06819520125749	1.09131519015588	46
0.072096980452837	1.25740964038657	53
0.119501040446634	1.30036400963261	53
0.0978250972939571	1.11500377971119	781
0.059233817632083	1.72178902750664	561
-0.0272700994883901	2.24679869617386	53
-0.00957687999319989	0.719341383679869	116
-0.00945513744605009	0.719425138137918	116
-0.00953121808197999	0.719538579271265	116
-0.00949318472380001	0.719548716819513	69
0.122894193752737	0.577078965683136	775
0.102485147099845	0.940031908257637	479
0.048598433462579	0.272432782475208	26
0.065944925433499	0.91404265035613	556
0.110103382513894	0.758357339826199	60
0.048231954119922	0.27264192625531	70
-0.0674378070355801	1.02930498309819	60
-0.06772956796868	1.0297201300256	149
-0.1145954954322	0.541089063658969	545
0.047864940117501	0.272770263417896	96
0.04812307490303	0.272670624519378	96
0.122828533793664	0.577150150243609	184
0.12280758973809	0.577211271023757	184
-0.0674906827344	1.02947600253339	457
0.048231954119922	0.27264192625531	83
0.031720314122376	0.567057194652099	52
-0.0676749506448899	1.0295945475418	763
0.122894193752737	0.577078965683136	17
0.061093686495544	0.734349776969803	763
0.110126732547253	0.758353213221804	182
-0.11394961846196	0.540358650867839	768
0.04812307490303	0.272670624519378	4
-0.00948561465469999	0.719469300354575	43
-0.00946265936106006	0.719458642516027	43
-0.1145954954322	0.541089063658969	43
0.039413039330222	1.69872294451294	53
0.04812307490303	0.272670624519378	116
0.048598433462579	0.272432782475208	26
-0.0113078542978	1.36366830434398	556
-0.0676766626128	1.02972457605802	60
-0.00945513744605009	0.719425138137918	70
-0.0444520453949799	0.874915515762286	60
0.110019839610098	0.758313948686625	60
0.061093686495544	0.734349776969803	60
0.122765969326838	0.57722347245481	149
-0.00953121808197999	0.719538579271265	545
0.12280758973809	0.577211271023757	184
-0.00950067227012008	0.71944848988664	91
-0.0842768929011299	1.18403960371508	91
0.110126732547253	0.758353213221804	457
0.031720314122376	0.567057194652099	83
-0.1143440462202	0.540707013154826	83
0.122871801503524	0.577191008258668	763
0.110223747339957	0.758163932303549	182
0.110126732547253	0.758353213221804	182
0.061014750006396	0.734486826092846	182
0.122765969326838	0.57722347245481	4
-0.1146996213552	0.541121784175122	4
0.060698632234123	0.734653716487146	43
0.0184172992416281	0.891019279351557	43
0.031615869941974	0.567051569300168	410
-0.03234296568902	1.94446819637532	561
0.122957113106258	0.577005310114962	116
0.031847247933781	0.567121503023109	775
-0.0844107848588001	1.18411261581604	479
0.048231954119922	0.27264192625531	615
-0.0447286921576899	0.874658341561647	70
0.04812307490303	0.272670624519378	96
0.04812307490303	0.272670624519378	96
0.031847247933781	0.567121503023109	184
-0.00961500935902992	0.719465002182	184
-0.00958459475678008	0.719552722677059	91
0.110053021620181	0.758147293453786	91
0.102678018662703	0.940062642864547	91
-0.11459535646121	0.54087500274063	91
-0.00965312473012991	0.719454975106926	91
0.031615869941974	0.567051569300168	83
-0.1143440462202	0.540707013154826	83
0.122850887569758	0.577216000555005	52
0.032199301264988	0.566773743831677	763
0.048489868525968	0.272461351367526	768
0.031727756362024	0.567172585007472	4
-0.03377011942518	1.20023567172394	46
-0.06757087432184	1.02960559429657	781
0.07190864667968	1.25766317685632	3
0.060764483006036	0.73459676282174	60
0.061080397358425	0.734277294146734	60
0.061041288976964	0.734322134192378	70
-0.11459535646121	0.54087500274063	545
-0.00951606416000006	0.719470647168065	149
-0.11394961846196	0.540358650867839	96
0.048231954119922	0.27264192625531	96
-0.03370397294107	1.20014450289202	457
0.0609357763180281	0.734584867529678	91
0.048598433462579	0.272432782475208	83
0.048598433462579	0.272432782475208	83
0.047497389810397	0.272824202108595	17
0.047864940117501	0.272770263417896	17
0.122765969326838	0.57722347245481	17
-0.00949318472380001	0.719548716819513	182
0.122915077536795	0.577091573709713	182
-0.11409385166674	0.540651439280993	4
0.061080397358425	0.734277294146734	43
-0.1144886963805	0.541000350984738	43
0.047755745628836	0.272799090918146	410
-0.1143440462202	0.540707013154826	410
0.109992802812111	0.758124032531201	46
0.114730040181058	1.46406413635514	53
0.032199301264988	0.566773743831677	116
0.110330630084249	0.7579225607507	69
0.032079229085774	0.56691647468837	775
0.018523221483567	0.891022138441651	411
0.04812307490303	0.272670624519378	615
0.110126732547253	0.758353213221804	556
0.110066535075841	0.758398727133385	556
0.122871801503524	0.577191008258668	70
0.110140217393594	0.75818922164643	70
-0.06754529803915	1.02935372906116	60
0.047864940117501	0.272770263417896	545
0.048598433462579	0.272432782475208	96
0.048231954119922	0.27264192625531	96
0.018308407038457	0.891243556312028	457
0.065778018148952	0.913802214182439	457
0.047755745628836	0.272799090918146	83
-0.11480398571088	0.54087926587085	52
0.0317352150006121	0.567000612677095	52
0.122830062903215	0.577203324418684	763
-0.11409385166674	0.540651439280993	17
0.032199301264988	0.566773743831677	17
-0.1145954954322	0.541089063658969	763
0.048231954119922	0.27264192625531	768
0.048598433462579	0.272432782475208	768
0.04812307490303	0.272670624519378	768
0.047864940117501	0.272770263417896	768
0.048231954119922	0.27264192625531	410
0.071911429838848	1.25765595429069	46
0.119570530700355	1.30006393920962	561
0.123021458939366	0.576712431640606	116
-0.00957687999319989	0.719341383679869	116
-0.00962268959251	0.719542660462454	116
-0.1145954954322	0.541089063658969	615
0.122978264954337	0.576906289496621	70
0.122894193752737	0.577078965683136	70
-0.00943949779121001	0.719087797282374	70
0.122871801503524	0.577191008258668	149
0.047755745628836	0.272799090918146	96
0.102612740345623	0.940178061589571	91
0.048598433462579	0.272432782475208	721
-0.00954648594502006	0.719429089721718	91
0.110186921419238	0.758273976852272	91
-0.11480389157877	0.541093044086259	52
0.032071593233322	0.566690436445225	17
0.122830062903215	0.577203324418684	570
0.110260560606779	0.757923214285955	43
0.110247101668791	0.758159798405766	182
-0.11459571417205	0.540895302433044	4
-0.11409385166674	0.540651439280993	410
0.047864940117501	0.272770263417896	410
0.119469390891177	1.30049005460688	46
0.0564664031382181	1.55648251634971	46
0.00768227096094298	1.21826973374442	46
-0.01142899420268	1.36457225482966	46
0.096586902488386	1.43912121078436	53
0.098007589998965	1.11513441446806	781
0.076708170033687	1.57979449814521	3
0.04812307490303	0.272670624519378	26
0.061106971656411	0.734318770281423	556
0.109802320188212	0.758225486510253	60
0.031847247933781	0.567121503023109	545
0.048598433462579	0.272432782475208	96
0.047864940117501	0.272770263417896	96
0.031966956155177	0.567023112730889	721
-0.04437342022381	0.87478702664477	91
-0.1144886963805	0.541000350984738	83
0.04812307490303	0.272670624519378	83
0.047387879055768	0.272853156193857	52
0.122788681233789	0.577033792669191	763
0.04812307490303	0.272670624519378	410
-0.04463646342788	0.874990427387679	781
-0.01109200987748	1.04692438485415	561
0.0223435159872289	1.38016258055009	3
0.122745292903087	0.577167546274364	116
-0.04446560025431	0.874951843477017	411
-0.08425614552937	1.18409554472181	479
0.048231954119922	0.27264192625531	615
0.110283916781517	0.758012030530767	70
-0.00949318472380001	0.719548716819513	70
0.110247101668791	0.758159798405766	70
0.122935079227786	0.576888285316872	70
0.03185477649666	0.566902385585879	545
-0.00945513744605009	0.719425138137918	91
0.0609357763180281	0.734584867529678	91
0.032079229085774	0.56691647468837	91
-0.0843661049894899	1.18424888419965	91
0.122788681233789	0.577033792669191	91
0.102850098356703	0.93946085437114	457
0.031720314122376	0.567057194652099	457
-0.04447915874277	0.874861737721261	457
-0.0108409933343601	1.04628417682407	91
0.047864940117501	0.272770263417896	83
0.04812307490303	0.272670624519378	83
-0.00949318472380001	0.719548716819513	52
-0.0337497983296899	1.20022282333808	763
0.047755745628836	0.272799090918146	17
0.047864940117501	0.272770263417896	570
0.032071593233322	0.566690436445225	4
-0.11469959880058	0.540907832368884	410
0.10224458107498	0.940197878683585	3
-0.08845053335011	1.91465707317397	235
-0.0677568735707701	1.02959283321938	556
0.0658599759831871	0.914098152341415	556
-0.1145954954322	0.541089063658969	721
-0.1145954954322	0.541089063658969	721
0.110163569243204	0.758278106424201	91
0.018441547238006	0.891351129934286	91
0.102437508436495	0.940233689247385	91
0.048231954119922	0.27264192625531	83
0.031966956155177	0.567023112730889	52
-0.00950067227012008	0.71944848988664	52
-0.1146996213552	0.541121784175122	17
0.122936050643944	0.577066528922155	763
0.032079229085774	0.56691647468837	570
0.048231954119922	0.27264192625531	410
-0.04863531535096	1.78468613970877	46
-0.0445307058590401	0.875000983365389	116
0.031839735720063	0.567066206054291	411
0.047864940117501	0.272770263417896	615
0.048231954119922	0.27264192625531	615
0.048231954119922	0.27264192625531	615
-0.00943210635186009	0.719314837631752	70
0.047755745628836	0.272799090918146	96
0.047864940117501	0.272770263417896	96
0.122894193752737	0.577078965683136	91
0.061199179498226	0.734004736031384	91
-0.0335971755572899	1.19988500775753	457
-0.04454424783783	0.875037302287801	457
0.031959373972186	0.567014988604947	91
-0.00940886916122996	0.718700368313044	52
0.031966956155177	0.567023112730889	83
0.018682046687891	0.89073648086914	52
0.060949034106964	0.734553872901206	763
-0.00956173625136003	0.719582795507295	17
0.031959373972186	0.567014988604947	17
0.122957113106258	0.577005310114962	17
0.032199301264988	0.566773743831677	17
0.122745292903087	0.577167546274364	17
0.032990912236226	1.06776186767796	182
-0.0096302871393199	0.719349342460465	43
0.110307273273172	0.75800789084331	43
0.122894193752737	0.577078965683136	43
0.047864940117501	0.272770263417896	410
0.124960261175187	1.97183179731944	53
-0.00946265936106006	0.719458642516027	116
0.060804174313783	0.734504686788496	116
0.060949034106964	0.734553872901206	411
-0.05057616760425	1.34935857748123	556
0.122830062903215	0.577203324418684	70
-0.00946265936106006	0.719458642516027	70
0.031832239901136	0.566732996748212	91
-0.00954648594502006	0.719429089721718	91
0.110330630084249	0.7579225607507	91
0.066070739361206	0.913928254492498	91
0.122915077536795	0.577091573709713	91
-0.08425614552937	1.18409554472181	457
0.018495994737287	0.891238633380212	91
0.031727756362024	0.567172585007472	83
0.031727756362024	0.567172585007472	52
-0.00952368242224999	0.719592912783372	763
-0.04475339899079	0.874836737298934	763
0.122743415309001	0.57705638656403	17
-0.00949318472380001	0.719548716819513	17
0.032086881231415	0.566880494409038	17
0.110283916781517	0.758012030530767	17
-0.0445307058590401	0.875000983365389	43
0.110103382513894	0.758357339826199	43
0.110163569243204	0.758278106424201	4
0.110140217393594	0.75818922164643	43
0.0980795172196009	1.11497858902513	3
-0.08460370903054	1.18425241673028	69
0.109982983249307	0.758414603504005	411
0.048598433462579	0.272432782475208	615
0.048598433462579	0.272432782475208	26
0.060790947849236	0.734638357608288	70
-0.0676220447934699	1.02959898870171	149
-0.1144886963805	0.541000350984738	96
0.122915077536795	0.577091573709713	91
0.032199301264988	0.566773743831677	91
0.061028021479132	0.734455823851989	91
0.066029868707851	0.913864241707956	91
0.122892804737198	0.577129826927392	457
0.061080397358425	0.734277294146734	91
0.12293750830751	0.576730565295779	83
-0.00948561465469999	0.719469300354575	763
-0.1145954954322	0.541089063658969	17
0.031847247933781	0.567121503023109	43
-0.1144886963805	0.541000350984738	410
0.096643840545	1.43930299722983	53
0.096555516999156	1.43935306216273	561
0.109969458444249	0.758301811363702	411
0.110186921419238	0.758273976852272	411
0.110297361151113	0.757449095607594	60
0.068296412155814	1.09118687231564	556
-0.00953121808197999	0.719538579271265	70
-0.0443219952901699	0.87455898053866	70
0.060856765447748	0.734645723530448	70
0.031847247933781	0.567121503023109	721
0.122809327469738	0.577147451985876	184
0.032199301264988	0.566773743831677	91
0.031720314122376	0.567057194652099	91
0.065941741208157	0.913876341257033	91
0.12293750830751	0.576730565295779	457
0.122786734926908	0.577236204859608	457
0.122765969326838	0.57722347245481	91
-0.0443084110125001	0.874649006739739	91
0.047755745628836	0.272799090918146	83
-0.1144886963805	0.541000350984738	83
0.122724705619511	0.577053836575578	763
0.122765969326838	0.57722347245481	52
0.122745292903087	0.577167546274364	17
0.110066535075841	0.758398727133385	43
0.122894193752737	0.577078965683136	43
0.0609357763180281	0.734584867529678	4
0.047387879055768	0.272853156193857	4
-0.1144886963805	0.541000350984738	4
-0.11459535646121	0.54087500274063	4
0.061014750006396	0.734486826092846	43
0.122850887569758	0.577216000555005	43
-0.1146996213552	0.541121784175122	43
0.048231954119922	0.27264192625531	43
-0.1145954954322	0.541089063658969	410
0.0673914601294771	2.04510850547081	53
-0.0381222869886799	1.64572581975044	3
-0.08067723251228	1.77394806866108	3
0.033103233241119	1.06746029824322	116
0.018229675922561	0.89118068462681	411
0.04812307490303	0.272670624519378	615
0.031839735720063	0.567066206054291	615
-0.03374463617313	1.19981114825436	60
0.060843517364767	0.734573163138473	70
0.123707802428864	1.13836283104991	149
0.122830062903215	0.577203324418684	721
-0.0841908394185	1.1839217961835	91
0.018523221483567	0.891022138441651	91
-0.11459571417205	0.540895302433044	83
-0.00961500935902992	0.719465002182	763
0.018468769989692	0.891343802585796	763
0.102505916207118	0.940205975951383	763
0.032319590710896	0.566583655563607	17
-0.11409385166674	0.540651439280993	17
0.122850887569758	0.577216000555005	43
-0.04417858698584	0.873712627502975	43
0.031951808133683	0.566741793143772	4
-0.11459571417205	0.540895302433044	4
-0.1145954954322	0.541089063658969	116
-0.0677551733936499	1.02966677680237	411
0.032199301264988	0.566773743831677	615
-0.11449125834891	0.540788176297302	615
0.110126732547253	0.758353213221804	60
0.066215142670211	0.913499728136811	60
0.122915077536795	0.577091573709713	70
0.110103382513894	0.758357339826199	70
-0.0445577934429899	0.874947175637136	556
-0.0444520453949799	0.874915515762286	70
0.061028021479132	0.734455823851989	70
0.060764483006036	0.73459676282174	60
0.110150082914474	0.758267834539312	70
0.0608700095575661	0.734614739532522	70
-0.00943210635186009	0.719314837631752	70
0.122957113106258	0.577005310114962	149
0.047755745628836	0.272799090918146	96
-0.11459535646121	0.54087500274063	272
-0.0335971755572899	1.19988500775753	91
0.018574659801723	0.891193190806152	91
0.110043187174885	0.758402852078309	91
0.018548943881068	0.891182658817562	184
0.122936050643944	0.577066528922155	91
0.110066535075841	0.758398727133385	91
0.110270456321804	0.758074443440553	457
0.031959373972186	0.567014988604947	817
0.122828533793664	0.577150150243609	52
0.109922770760536	0.758391290815041	763
0.047755745628836	0.272799090918146	4
0.032079229085774	0.56691647468837	4
-0.04442494655826	0.874356224735044	4
0.031727756362024	0.567172585007472	43
-0.1144886963805	0.541000350984738	410
0.031966956155177	0.567023112730889	410
-0.0809054121403101	1.77407645084151	53
0.039047080707833	1.6990596218295	561
0.060830265308043	0.734302350012981	116
-0.00950067227012008	0.71944848988664	116
-0.08451759652118	1.1843533689843	411
-0.00956923753491989	0.719303703505991	615
-0.1144886963805	0.541000350984738	70
-0.0336175076704801	1.20000036554384	60
0.031727756362024	0.567172585007472	70
-0.0111557138537499	1.04698444683563	70
-0.11449125834891	0.540788176297302	721
-0.08421466556394	1.18385446363481	91
-0.00956923753491989	0.719303703505991	184
0.110270456321804	0.758074443440553	91
0.032199301264988	0.566773743831677	91
0.031966956155177	0.567023112730889	91
0.110163569243204	0.758278106424201	457
-0.00952368242224999	0.719592912783372	820
0.110223747339957	0.758163932303549	457
-0.11459571417205	0.540895302433044	817
0.122850887569758	0.577216000555005	591
0.122873399258265	0.577023179258317	17
-0.1145954954322	0.541089063658969	4
-0.11449125834891	0.540788176297302	43
-0.0631708796781401	1.49397571560257	169
0.031847247933781	0.567121503023109	116
-0.0444520453949799	0.874915515762286	69
-0.04466111093792	0.874485207359074	411
-0.0676766626128	1.02972457605802	90
0.031974554636492	0.56675996581703	411
0.0608700095575661	0.734614739532522	411
0.018495994737287	0.891238633380212	716
0.060764483006036	0.73459676282174	60
-0.00946265936106006	0.719458642516027	70
0.122936050643944	0.577066528922155	70
0.061120252841419	0.734185107924619	70
0.122828533793664	0.577150150243609	149
0.0609357763180281	0.734584867529678	149
0.110210273924257	0.758188605908356	149
0.061001474558287	0.734414306613764	272
0.047755745628836	0.272799090918146	96
0.11023362676084	0.758010794911154	91
0.031966956155177	0.567023112730889	91
0.018600369215321	0.891065326956382	91
0.122850887569758	0.577216000555005	763
0.031966956155177	0.567023112730889	763
-0.1144886963805	0.541000350984738	591
0.10265723813339	0.940076957017963	763
0.060764483006036	0.73459676282174	9
-0.00938659182668	0.718995558718003	43
0.050949707992245	1.39740855831029	561
-0.07236155114085	1.63414672358936	561
0.102743275110927	0.93991294095813	3
-0.01113506903312	1.04692897665662	3
0.00761014885896605	1.21850920142598	69
0.01833562708671	0.891348219855638	411
0.122786734926908	0.577236204859608	411
0.031951808133683	0.566741793143772	411
0.061014750006396	0.734486826092846	411
-0.00948561465469999	0.719469300354575	716
-0.0447286921576899	0.874658341561647	60
0.10994611442796	0.758387165212466	60
0.097819798032552	1.11481748190839	60
0.12280758973809	0.577211271023757	149
-0.11480389157877	0.541093044086259	96
-0.0108409933343601	1.04628417682407	91
0.122850887569758	0.577216000555005	184
-0.03396865355852	1.20026839362394	91
-0.00954648594502006	0.719429089721718	91
0.032079229085774	0.56691647468837	820
0.122978264954337	0.576906289496621	820
0.12280758973809	0.577211271023757	91
0.03185477649666	0.566902385585879	817
0.109885891298775	0.758325900391627	817
0.031959373972186	0.567014988604947	817
-0.00962268959251	0.719542660462454	817
0.110283916781517	0.758012030530767	87
0.032071593233322	0.566690436445225	43
0.061041288976964	0.734322134192378	43
0.031727756362024	0.567172585007472	4
0.047864940117501	0.272770263417896	4
0.109885891298775	0.758325900391627	43
0.110741343942666	1.95071759489749	6
-0.0443084110125001	0.874649006739739	60
0.03185477649666	0.566902385585879	60
-0.1144886963805	0.541000350984738	70
0.032079229085774	0.56691647468837	149
-0.0113522995484401	1.04693339197068	91
0.032199301264988	0.566773743831677	184
-0.1145954954322	0.541089063658969	184
0.018626072092205	0.890781296672914	91
-0.0444005593508501	0.874733287180993	91
0.122764300237126	0.576995364187196	91
0.031966956155177	0.567023112730889	820
-0.04435985610666	0.874625311859659	91
0.061093686495544	0.734349776969803	817
0.060949034106964	0.734553872901206	91
0.031959373972186	0.567014988604947	591
0.03185477649666	0.566902385585879	591
0.122957113106258	0.577005310114962	763
0.061093686495544	0.734349776969803	17
-0.0109664578361399	1.04668877277751	17
-0.1145954954322	0.541089063658969	43
0.061028021479132	0.734455823851989	43
0.110150082914474	0.758267834539312	69
0.122681295519488	0.577012560144428	411
0.122830062903215	0.577203324418684	411
0.122957113106258	0.577005310114962	615
0.110126732547253	0.758353213221804	716
0.032970683034459	1.06786460606963	556
0.0609357763180281	0.734584867529678	60
0.018760662776942	0.89054329536455	60
-0.00954648594502006	0.719429089721718	70
-0.11423834940659	0.540537025048118	184
0.032086881231415	0.566880494409038	184
0.122850887569758	0.577216000555005	91
0.018390073185487	0.891235733129596	91
-0.00962268959251	0.719542660462454	91
0.12280758973809	0.577211271023757	820
0.031951808133683	0.566741793143772	91
0.032447959596329	0.566055985930107	591
0.060830265308043	0.734302350012981	591
0.061080397358425	0.734277294146734	763
0.060804174313783	0.734504686788496	763
0.122936050643944	0.577066528922155	4
-0.1145954954322	0.541089063658969	4
-0.04457134267591	0.874614940191236	43
0.110785649167118	1.63043416497434	53
0.022370685624333	1.37977822323095	3
-0.11394961846196	0.540358650867839	116
0.122724705619511	0.577053836575578	116
0.061243347681466	0.733858328376305	411
-0.0445577934429899	0.874947175637136	90
0.122892804737198	0.577129826927392	716
-0.04446560025431	0.874951843477017	60
0.110210273924257	0.758188605908356	70
0.0608700095575661	0.734614739532522	70
0.110056683438365	0.757988708239315	70
0.122765969326838	0.57722347245481	149
0.122957113106258	0.577005310114962	272
-0.00952368242224999	0.719592912783372	91
0.018573147361327	0.890960687427876	91
0.048598433462579	0.272432782475208	184
-0.00950067227012008	0.71944848988664	184
0.031847247933781	0.567121503023109	91
0.060698632234123	0.734653716487146	91
0.122830062903215	0.577203324418684	91
-0.00956923753491989	0.719303703505991	91
0.122894193752737	0.577078965683136	91
0.066004605347318	0.913801615790373	457
-0.1146996213552	0.541121784175122	91
0.032207023364778	0.566690506749215	817
-0.1144886963805	0.541000350984738	817
0.031847247933781	0.567121503023109	591
0.0323118148547	0.566449087740737	591
0.032086881231415	0.566880494409038	591
-0.00946265936106006	0.719458642516027	591
0.04812307490303	0.272670624519378	591
-0.00954648594502006	0.719429089721718	763
0.122786734926908	0.577236204859608	17
0.066196462785352	0.913670596019875	9
0.04812307490303	0.272670624519378	87
0.031974554636492	0.56675996581703	43
0.031966956155177	0.567023112730889	43
0.032086881231415	0.566880494409038	43
0.0323118148547	0.566449087740737	4
0.047387879055768	0.272853156193857	410
-0.0506266480578701	1.34952866145398	561
-0.04437342022381	0.87478702664477	467
0.047497389810397	0.272824202108595	116
0.061080397358425	0.734277294146734	411
0.065966939937158	0.913903875523373	90
0.018468769989692	0.891343802585796	411
0.0609357763180281	0.734584867529678	70
-0.04424346658303	0.87433303486305	70
0.032071593233322	0.566690436445225	70
0.102591970277568	0.940192360461248	60
-0.1145954954322	0.541089063658969	70
0.122873399258265	0.577023179258317	70
0.01862911271523	0.890871592352123	70
-0.00951606416000006	0.719470647168065	149
0.0317352150006121	0.567000612677095	272
0.098130427993526	1.11456661895987	91
0.110223747339957	0.758163932303549	91
0.122828533793664	0.577150150243609	184
-0.00948561465469999	0.719469300354575	91
0.0608700095575661	0.734614739532522	591
-0.00959222676060989	0.719584185538748	591
0.018494495669324	0.891295148402178	9
-0.1145954954322	0.541089063658969	43
0.02466210901306	1.84120137246842	53
0.114648536906758	1.46407542855669	3
0.061028021479132	0.734455823851989	467
0.122765969326838	0.57722347245481	116
-0.0444384941634399	0.874753778962291	411
-0.01109555758862	1.04617630445201	90
0.018627593052595	0.891057998572292	90
0.09817419642474	1.11471393856318	556
-0.0673576276052099	1.02896241203675	60
-0.0841255560090199	1.18370102376939	70
0.110066535075841	0.758398727133385	60
-0.11459571417205	0.540895302433044	70
0.122936050643944	0.577066528922155	149
-0.1143440462202	0.540707013154826	272
-0.1145954954322	0.541089063658969	91
-0.0448591906896001	0.874936506671943	184
0.031966956155177	0.567023112730889	91
-0.04446560025431	0.874951843477017	91
0.018574659801723	0.891193190806152	91
-0.0447939091537699	0.874944528103677	91
-0.04454424783783	0.875037302287801	817
-0.00946265936106006	0.719458642516027	763
0.060883249694848	0.734481046029501	9
0.032199301264988	0.566773743831677	17
0.048231954119922	0.27264192625531	4
-0.00955415243894997	0.719594277702576	43
-0.1144886963805	0.541000350984738	410
-0.00952368242224999	0.719592912783372	467
0.048489868525968	0.272461351367526	285
0.048231954119922	0.27264192625531	285
-0.11469959880058	0.540907832368884	116
0.060949034106964	0.734553872901206	411
0.032791941282912	1.06808061328527	411
0.0323118148547	0.566449087740737	615
0.122892804737198	0.577129826927392	615
-0.00957687999319989	0.719341383679869	70
-0.00947009883374994	0.719304676003473	60
0.110140217393594	0.75818922164643	70
0.060922514554735	0.734512322363123	70
-0.04457134267591	0.874614940191236	149
0.122850887569758	0.577216000555005	149
-0.00955415243894997	0.719594277702576	149
0.031959373972186	0.567014988604947	272
0.122915077536795	0.577091573709713	91
0.122979304866702	0.576798736351056	620
0.122894193752737	0.577078965683136	91
-0.0445307058590401	0.875000983365389	91
0.018574659801723	0.891193190806152	91
-0.11469959880058	0.540907832368884	91
-0.00957687999319989	0.719341383679869	91
0.122871801503524	0.577191008258668	591
0.110103382513894	0.758357339826199	591
0.018601885262457	0.89108804281965	763
0.031608481231659	0.567163423048126	591
0.061001474558287	0.734414306613764	17
0.122894193752737	0.577078965683136	9
0.047864940117501	0.272770263417896	17
-0.1143440462202	0.540707013154826	4
0.032199301264988	0.566773743831677	4
0.032199301264988	0.566773743831677	4
0.094794597048267	1.6042794430495	416
0.097677760589477	1.27820626461245	3
0.0608700095575661	0.734614739532522	90
0.066026654597668	0.913944086266714	90
0.032079229085774	0.56691647468837	717
0.031839735720063	0.567066206054291	717
0.122958361914198	0.576786214582943	70
-0.00946265936106006	0.719458642516027	70
0.122828533793664	0.577150150243609	70
0.110116865867852	0.75790953065701	91
-0.0443084110125001	0.874649006739739	91
-0.04460940159171	0.875044256076931	91
0.03243225177931	0.566259034919588	620
0.122743415309001	0.57705638656403	184
0.110043187174885	0.758402852078309	91
0.032086881231415	0.566880494409038	817
0.031847247933781	0.567121503023109	91
0.11023362676084	0.758010794911154	591
-0.00955415243894997	0.719594277702576	9
0.032086881231415	0.566880494409038	87
0.048489868525968	0.272461351367526	410
0.032878493767784	1.06781225444113	169
0.093618504264952	1.77004927996696	561
0.060777717413549	0.734669327956872	701
-0.11480389157877	0.541093044086259	615
-0.1143440462202	0.540707013154826	717
-0.10664620424317	1.48394251741134	60
0.018495994737287	0.891238633380212	60
-0.06772956796868	1.0297201300256	60
0.018495994737287	0.891238633380212	149
0.032086881231415	0.566880494409038	91
-0.00944753293435996	0.719129583406553	91
-0.04437342022381	0.87478702664477	457
-0.11409385166674	0.540651439280993	591
0.122828533793664	0.577150150243609	591
0.060698632234123	0.734653716487146	17
0.122830062903215	0.577203324418684	17
-0.0096302871393199	0.719349342460465	43
0.032199301264988	0.566773743831677	4
-0.1145954954322	0.541089063658969	43
0.122850887569758	0.577216000555005	410
0.031727756362024	0.567172585007472	701
-0.11480389157877	0.541093044086259	615
-0.11409385166674	0.540651439280993	717
0.061014750006396	0.734486826092846	60
-0.0445307058590401	0.875000983365389	60
0.031847247933781	0.567121503023109	149
-0.1146996213552	0.541121784175122	272
0.047864940117501	0.272770263417896	96
0.048489868525968	0.272461351367526	96
0.048598433462579	0.272432782475208	96
-0.1146996213552	0.541121784175122	620
0.065963779951847	0.914018836599402	91
-0.0676766626128	1.02972457605802	91
0.110247101668791	0.758159798405766	457
-0.0447016488104299	0.875080672215587	457
-0.00952368242224999	0.719592912783372	91
-0.0110292229225499	1.04682659260225	457
-0.06770396846786	1.02959726058999	91
0.06606744684808	0.913691329519322	91
-0.00952368242224999	0.719592912783372	591
0.032191595406	0.566591842753788	591
0.031727756362024	0.567172585007472	17
-0.11459571417205	0.540895302433044	17
0.061172585768852	0.734169359590649	87
0.060949034106964	0.734553872901206	87
0.122915077536795	0.577091573709713	43
-0.00956173625136003	0.719582795507295	43
0.047497389810397	0.272824202108595	410
0.122850887569758	0.577216000555005	69
0.068289267538998	1.09114061465758	463
0.102678018662703	0.940062642864547	60
0.04812307490303	0.272670624519378	96
0.03185477649666	0.566902385585879	620
0.032191595406	0.566591842753788	91
-0.04463646342788	0.874990427387679	91
0.122935079227786	0.576888285316872	91
-0.0444384941634399	0.874753778962291	91
-0.00955415243894997	0.719594277702576	17
0.048231954119922	0.27264192625531	4
0.060922514554735	0.734512322363123	43
-0.11449125834891	0.540788176297302	43
0.047864940117501	0.272770263417896	410
0.095010974321246	1.60314872374901	274
-0.00960724628834009	0.719199401490895	411
0.042417011224308	1.23777318623601	463
-0.1065303757575	1.48358326895773	60
0.12280758973809	0.577211271023757	91
-0.1146996213552	0.541121784175122	620
0.110076368438553	0.757781106680667	91
0.102571195461337	0.940123855262361	457
-0.1144886963805	0.541000350984738	684
0.122913897302031	0.57703082808025	591
0.102678018662703	0.940062642864547	9
-0.1144886963805	0.541000350984738	17
-0.1145954954322	0.541089063658969	17
-0.1143440462202	0.540707013154826	17
0.065922906349755	0.914094181612971	9
-0.00942463255137005	0.719335114329613	9
0.122764300237126	0.576995364187196	17
0.12280758973809	0.577211271023757	87
0.122786734926908	0.577236204859608	43
0.031608481231659	0.567163423048126	4
0.048231954119922	0.27264192625531	4
-0.00946265936106006	0.719458642516027	43
-0.0379771309176999	1.64542025114398	416
0.051160369535278	1.39695198952935	69
-0.0842323607904301	1.18366610938203	90
-0.1143440462202	0.540707013154826	717
-0.0842354030835699	1.18403381258987	556
-0.1145954954322	0.541089063658969	70
0.018228217980179	0.890847762678238	149
0.12280758973809	0.577211271023757	91
-0.0445307058590401	0.875000983365389	91
0.04812307490303	0.272670624519378	620
0.047864940117501	0.272770263417896	620
0.122870689764117	0.576908736532363	620
-0.0674616285118901	1.02870799195652	91
0.031847247933781	0.567121503023109	91
-0.0674633720414	1.02935545738054	91
0.122850887569758	0.577216000555005	91
0.032327382754399	0.566440097305884	91
0.060711849000988	0.734622762965473	91
0.018495994737287	0.891238633380212	9
0.00760275821234202	1.21844045928042	9
0.018468769989692	0.891343802585796	9
-0.00942463255137005	0.719335114329613	17
0.122786734926908	0.577236204859608	17
-0.00952368242224999	0.719592912783372	9
0.0660518891317951	0.913618848568669	87
0.048231954119922	0.27264192625531	4
-0.00945513744605009	0.719425138137918	43
0.048598433462579	0.272432782475208	43
-0.11369961316531	0.540175728256294	410
-0.11469959880058	0.540907832368884	410
-0.11409385166674	0.540651439280993	410
0.122915077536795	0.577091573709713	467
0.031608481231659	0.567163423048126	701
-0.0843422108479699	1.18416873197409	60
0.122830062903215	0.577203324418684	70
-0.06754356591929	1.02960059011662	60
-0.0443355832033001	0.874227008981024	149
-0.11469972387002	0.540927932422351	272
0.047497389810397	0.272824202108595	96
0.048231954119922	0.27264192625531	96
0.122936050643944	0.577066528922155	91
-0.04471516867313	0.874990540305417	91
0.032079229085774	0.56691647468837	91
-0.11394961846196	0.540358650867839	91
-0.04447915874277	0.874861737721261	591
-0.04437342022381	0.87478702664477	591
-0.1146996213552	0.541121784175122	591
-0.00956173625136003	0.719582795507295	17
0.110019839610098	0.758313948686625	87
0.032079229085774	0.56691647468837	4
0.031847247933781	0.567121503023109	4
-0.1145954954322	0.541089063658969	4
-0.1146996213552	0.541121784175122	43
0.122871801503524	0.577191008258668	410
-0.1144886963805	0.541000350984738	410
-0.10551227699732	2.34374826269702	416
-0.06307986581841	1.49410651093932	169
-0.0843422108479699	1.18416873197409	69
-0.06770396846786	1.02959726058999	411
-0.01120058538935	1.04695271671224	463
0.018548943881068	0.891182658817562	556
-0.0841908394185	1.1839217961835	556
0.119614530216885	1.30000266664127	60
0.060856765447748	0.734645723530448	70
-0.00953121808197999	0.719538579271265	70
0.060922514554735	0.734512322363123	149
0.04812307490303	0.272670624519378	96
0.048598433462579	0.272432782475208	96
-0.0444384941634399	0.874753778962291	91
-0.1144886963805	0.541000350984738	91
0.066089506609154	0.91383375945112	91
-0.1143440462202	0.540707013154826	4
-0.11469972387002	0.540927932422351	4
-0.11409385166674	0.540651439280993	4
0.047864940117501	0.272770263417896	4
-0.11469959880058	0.540907832368884	43
-0.1145954954322	0.541089063658969	410
0.093918819802447	1.76929399905818	3
0.061014750006396	0.734486826092846	69
-0.0675418341878999	1.02930872282752	69
0.110103382513894	0.758357339826199	90
-0.04463646342788	0.874990427387679	70
0.102461369032137	0.940323696699579	60
0.01852171877891	0.89128782209467	60
-0.00955415243894997	0.719594277702576	149
-0.1144886963805	0.541000350984738	272
0.047387879055768	0.272853156193857	96
-0.11459571417205	0.540895302433044	96
-0.11459571417205	0.540895302433044	96
0.032191595406	0.566591842753788	91
-0.06741049607932	1.02918447124468	91
0.122850887569758	0.577216000555005	91
0.110150082914474	0.758267834539312	91
0.122849567125542	0.577051214111517	91
0.031847247933781	0.567121503023109	91
-0.0444384941634399	0.874753778962291	91
0.047755745628836	0.272799090918146	684
-0.1145954954322	0.541089063658969	818
0.032884158269554	1.06802087090465	9
0.122871801503524	0.577191008258668	43
-0.00948561465469999	0.719469300354575	43
-0.00948561465469999	0.719469300354575	43
0.031839735720063	0.567066206054291	410
-0.0675691464047901	1.02956080335463	69
0.097941017588138	1.11507205382206	69
-0.0446229306980801	0.875080562846637	90
0.068368752914815	1.09099529213687	556
-0.0111583141005001	1.04627397933672	60
-0.01100712019044	1.0467688034003	60
-0.00958459475678008	0.719552722677059	149
0.060962287922118	0.734420173128497	149
-0.00957687999319989	0.719341383679869	91
0.065819021126853	0.914013581839109	91
0.066070739361206	0.913928254492498	91
0.122871801503524	0.577191008258668	591
0.110019839610098	0.758313948686625	591
0.122785274386409	0.576896558652864	17
-0.06754356591929	1.02960059011662	17
0.066340688020198	0.912987792805011	17
0.031951808133683	0.566741793143772	9
0.122786734926908	0.577236204859608	87
-0.00962268959251	0.719542660462454	43
0.031966956155177	0.567023112730889	4
0.122830062903215	0.577203324418684	43
0.032079229085774	0.56691647468837	43
-0.01090013242667	1.04618666193125	69
0.031601108969	0.566915321537061	69
0.066130265695783	0.913544117933911	90
0.0659008826868051	0.914058426198824	556
0.068289267538998	1.09114061465758	60
0.032797628494054	1.06804406547909	60
0.122979304866702	0.576798736351056	391
-0.0444520453949799	0.874915515762286	70
0.122892804737198	0.577129826927392	70
-0.0444005593508501	0.874733287180993	70
0.110066535075841	0.758398727133385	60
0.061028021479132	0.734455823851989	91
-0.0442948303691	0.874612671953292	91
0.122786734926908	0.577236204859608	91
0.068065089317637	1.0913824036287	91
0.110043187174885	0.758402852078309	91
0.122850887569758	0.577216000555005	91
0.122828533793664	0.577150150243609	591
0.0183885910418971	0.891369034784776	591
0.060856765447748	0.734645723530448	591
0.061041288976964	0.734322134192378	9
0.122743415309001	0.57705638656403	17
0.047497389810397	0.272824202108595	17
0.122936050643944	0.577066528922155	17
0.03185477649666	0.566902385585879	43
-0.11459571417205	0.540895302433044	43
-0.0273486079076799	2.24660136548109	53
0.060856765447748	0.734645723530448	467
0.102636452853247	0.940008480427255	90
0.110163569243204	0.758278106424201	90
0.102764061357437	0.939821244116649	463
0.110247101668791	0.758159798405766	60
0.018415813439741	0.891361705052936	60
-0.04460940159171	0.875044256076931	70
0.04812307490303	0.272670624519378	272
0.048598433462579	0.272432782475208	96
0.048231954119922	0.27264192625531	96
0.12280758973809	0.577211271023757	91
0.061001474558287	0.734414306613764	91
-0.00952368242224999	0.719592912783372	91
0.122915077536795	0.577091573709713	91
0.032071593233322	0.566690436445225	818
-0.0678080939135699	1.02957183162047	87
0.110163569243204	0.758278106424201	87
0.031959373972186	0.567014988604947	43
0.047387879055768	0.272853156193857	4
-0.11449125834891	0.540788176297302	4
0.032086881231415	0.566880494409038	4
0.018545927487861	0.890626361593795	43
-0.1145954954322	0.541089063658969	43
0.124288038309568	1.81522441932899	274
0.050966855205779	1.39757367610574	169
0.031974554636492	0.56675996581703	31
0.048231954119922	0.27264192625531	285
-0.06778417713676	1.02919412786553	90
0.04812307490303	0.272670624519378	717
-0.04446560025431	0.874951843477017	60
0.0661523359715051	0.9136864910444	391
0.122915077536795	0.577091573709713	60
-0.11459571417205	0.540895302433044	272
0.048231954119922	0.27264192625531	272
0.031966956155177	0.567023112730889	272
-0.11409385166674	0.540651439280993	188
0.047755745628836	0.272799090918146	96
-0.00946265936106006	0.719458642516027	91
0.060698632234123	0.734653716487146	214
0.061014750006396	0.734486826092846	91
-0.0973994371378799	1.33612138652643	371
0.018627593052595	0.891057998572292	91
0.102938912995267	0.939233195947751	91
-0.01113506903312	1.04692897665662	91
-0.11409385166674	0.540651439280993	684
0.122722619569568	0.577081252829866	591
0.109885891298775	0.758325900391627	9
0.048231954119922	0.27264192625531	4
-0.00947009883374994	0.719304676003473	43
-0.11369961316531	0.540175728256294	410
0.110840864464233	1.63025863070387	53
0.119428468195816	1.30043733874397	53
0.110196784660968	0.757723786085476	90
0.048489868525968	0.272461351367526	26
-0.00956923753491989	0.719303703505991	158
-0.03377011942518	1.20023567172394	60
0.0658379628179731	0.914062389811693	70
0.061199179498226	0.734004736031384	70
-0.00959222676060989	0.719584185538748	60
0.018495994737287	0.891238633380212	60
-0.00958459475678008	0.719552722677059	60
-0.01132800764634	1.04677363370794	60
-0.0676237647283999	1.02968638703922	149
0.122871801503524	0.577191008258668	149
0.031847247933781	0.567121503023109	620
-0.00955415243894997	0.719594277702576	91
-0.0442162758538001	0.87438666757598	91
0.066070739361206	0.913928254492498	91
0.060909248816591	0.734241533691457	91
0.032079229085774	0.56691647468837	91
0.061041288976964	0.734322134192378	371
-0.04438698797144	0.874823359724042	91
0.0323118148547	0.566449087740737	684
0.047864940117501	0.272770263417896	684
-0.0675691464047901	1.02956080335463	591
0.018468769989692	0.891343802585796	9
0.031839735720063	0.567066206054291	4
-0.11277535191372	1.62629602964912	464
-0.00956173625136003	0.719582795507295	467
0.042167481646779	1.2380332965968	69
0.01865481887587	0.890952875697173	90
0.018468769989692	0.891343802585796	463
0.12300033719795	0.576773649682754	391
-0.0676749506448899	1.0295945475418	60
0.122978264954337	0.576906289496621	70
0.122743415309001	0.57705638656403	70
-0.00946265936106006	0.719458642516027	60
0.110270456321804	0.758074443440553	60
0.061014750006396	0.734486826092846	91
0.018441547238006	0.891351129934286	91
0.122701912984862	0.577068484962905	91
-0.00962268959251	0.719542660462454	91
-0.00950807744836002	0.71906994013096	91
0.122915077536795	0.577091573709713	91
0.12280758973809	0.577211271023757	91
-0.00946265936106006	0.719458642516027	91
0.122979304866702	0.576798736351056	91
-0.0675162554853099	1.0294800228211	371
0.060909248816591	0.734241533691457	91
0.122871801503524	0.577191008258668	91
-0.1145954954322	0.541089063658969	684
-0.00966077046648994	0.719307892669355	91
0.122936050643944	0.577066528922155	591
0.018441547238006	0.891351129934286	91
-0.06762548504392	1.02907956654247	9
0.122828533793664	0.577150150243609	9
-0.00951606416000006	0.719470647168065	17
-0.00959222676060989	0.719584185538748	43
-0.00959977615633001	0.719347916460793	43
-0.00956173625136003	0.719582795507295	43
-0.00956173625136003	0.719582795507295	43
-0.04446560025431	0.874951843477017	331
-0.04424346658303	0.87433303486305	90
0.110043187174885	0.758402852078309	90
-0.1144886963805	0.541000350984738	615
0.031966956155177	0.567023112730889	158
0.122827490471234	0.576553485674759	60
0.110103382513894	0.758357339826199	60
-0.0446229306980801	0.875080562846637	60
-0.04460940159171	0.875044256076931	391
-0.1143440462202	0.540707013154826	70
0.10233068057872	0.9403211353412	60
-0.04422986940011	0.874422999949284	60
0.122936050643944	0.577066528922155	149
-0.0443084110125001	0.874649006739739	149
0.122915077536795	0.577091573709713	188
-0.11469972387002	0.540927932422351	96
0.03243225177931	0.566259034919588	91
0.066362785283348	0.913023346162497	91
0.060949034106964	0.734553872901206	91
-0.0676749506448899	1.0295945475418	91
-0.0675179913994	1.02948100786859	91
0.066111561791409	0.913869462420194	91
0.123021458939366	0.576712431640606	591
-0.00942463255137005	0.719335114329613	9
0.110223747339957	0.758163932303549	17
-0.0442162758538001	0.87438666757598	87
-0.1144886963805	0.541000350984738	43
-0.00955415243894997	0.719594277702576	43
0.031839735720063	0.567066206054291	43
0.018576170978571	0.890966175334784	169
-0.04464999978255	0.874658189007031	90
0.031727756362024	0.567172585007472	158
-0.11469972387002	0.540927932422351	158
0.122871801503524	0.577191008258668	391
-0.00951606416000006	0.719470647168065	60
-0.04454424783783	0.875037302287801	60
-0.0841908394185	1.1839217961835	149
0.047864940117501	0.272770263417896	96
0.042494209508226	1.23738058036974	91
-0.11423834940659	0.540537025048118	91
0.110186921419238	0.758273976852272	91
0.061041288976964	0.734322134192378	91
0.066111561791409	0.913869462420194	91
-0.04437342022381	0.87478702664477	9
0.018600369215321	0.891065326956382	43
0.047755745628836	0.272799090918146	43
0.060777717413549	0.734669327956872	43
0.076829326958069	1.57894850368479	3
-0.00965312473012991	0.719454975106926	463
-0.1144886963805	0.541000350984738	615
0.031720314122376	0.567057194652099	615
0.048598433462579	0.272432782475208	26
0.110173433618173	0.758090003658094	60
-0.0447804021495899	0.875034643261629	60
0.110126732547253	0.758353213221804	60
0.01865481887587	0.890952875697173	60
0.04812307490303	0.272670624519378	96
0.110006329028242	0.758410478909053	91
-0.00957687999319989	0.719341383679869	91
0.060922514554735	0.734512322363123	91
0.122786734926908	0.577236204859608	91
-0.0110489251933601	1.04670851481839	91
-0.0447016488104299	0.875080672215587	91
0.065941741208157	0.913876341257033	91
-0.06754529803915	1.02935372906116	91
0.122786734926908	0.577236204859608	91
0.060790947849236	0.734638357608288	91
0.110089883315592	0.75831334866461	9
0.110186921419238	0.758273976852272	9
0.031966956155177	0.567023112730889	9
-0.1143440462202	0.540707013154826	9
0.122894193752737	0.577078965683136	43
0.122935079227786	0.576888285316872	43
0.03185477649666	0.566902385585879	43
-0.11423834940659	0.540537025048118	331
0.048598433462579	0.272432782475208	615
0.110223747339957	0.758163932303549	60
0.061080397358425	0.734277294146734	391
-0.00944753293435996	0.719129583406553	60
0.122958361914198	0.576786214582943	60
0.047387879055768	0.272853156193857	96
0.060790947849236	0.734638357608288	91
0.048231954119922	0.27264192625531	91
-0.00951606416000006	0.719470647168065	91
0.110126732547253	0.758353213221804	91
0.018443037836819	0.891256539139616	91
-0.1144886963805	0.541000350984738	818
0.0605930918145931	0.734251152616582	91
0.060962287922118	0.734420173128497	91
-0.04463646342788	0.874990427387679	9
0.03185477649666	0.566902385585879	9
0.031839735720063	0.567066206054291	17
0.122913897302031	0.57703082808025	43
0.122830062903215	0.577203324418684	43
0.110103382513894	0.758357339826199	43
-0.00956173625136003	0.719582795507295	90
0.048598433462579	0.272432782475208	26
0.032079229085774	0.56691647468837	158
0.110080032811791	0.758268439784129	60
-0.0675179913994	1.02948100786859	391
0.018334152232815	0.890929877892481	60
-0.0445577934429899	0.874947175637136	70
-0.00950067227012008	0.71944848988664	149
0.047864940117501	0.272770263417896	96
-0.04438698797144	0.874823359724042	91
-0.04447915874277	0.874861737721261	91
0.122871801503524	0.577191008258668	91
0.122915077536795	0.577091573709713	818
0.031959373972186	0.567014988604947	818
0.031727756362024	0.567172585007472	818
0.110089883315592	0.75831334866461	91
0.060922514554735	0.734512322363123	91
-0.0447016488104299	0.875080672215587	91
0.122765969326838	0.57722347245481	91
0.110186921419238	0.758273976852272	91
0.060764483006036	0.73459676282174	43
0.032199301264988	0.566773743831677	43
0.031608481231659	0.567163423048126	4
0.122830062903215	0.577203324418684	43
0.048231954119922	0.27264192625531	285
-0.0630307058839501	1.49379356038676	69
0.032751522829547	1.06819642967814	463
-0.11469959880058	0.540907832368884	158
-0.11459571417205	0.540895302433044	158
0.03185477649666	0.566902385585879	60
0.060856765447748	0.734645723530448	70
-0.00953121808197999	0.719538579271265	60
-0.0096302871393199	0.719349342460465	149
0.102808509665419	0.939727088354476	149
0.047864940117501	0.272770263417896	91
0.122809327469738	0.577147451985876	9
0.031959373972186	0.567014988604947	43
-0.00955415243894997	0.719594277702576	43
0.12280758973809	0.577211271023757	43
-0.00956173625136003	0.719582795507295	43
0.122979304866702	0.576798736351056	43
0.031608481231659	0.567163423048126	43
-0.1090579844576	2.48647978513428	53
0.122830062903215	0.577203324418684	331
0.122830062903215	0.577203324418684	90
0.033016727428183	1.06769601839155	90
-0.00966077046648994	0.719307892669355	158
-0.0443219952901699	0.87455898053866	158
0.122828533793664	0.577150150243609	391
-0.00943210635186009	0.719314837631752	60
-0.11449125834891	0.540788176297302	60
0.122892804737198	0.577129826927392	188
0.048231954119922	0.27264192625531	96
0.01854743633026	0.891200517436491	91
0.018441547238006	0.891351129934286	91
0.060962287922118	0.734420173128497	91
0.122871801503524	0.577191008258668	91
0.122892804737198	0.577129826927392	91
-0.01100712019044	1.0467688034003	91
0.122850887569758	0.577216000555005	91
0.066029868707851	0.913864241707956	91
-0.00942463255137005	0.719335114329613	43
-0.04463646342788	0.874990427387679	43
-0.11751830338735	1.76537032951471	3
0.056645439143146	1.55568375216043	3
0.047864940117501	0.272770263417896	31
0.018337100789235	0.891174228198898	90
-0.11275178763461	1.62622311378166	463
0.032079229085774	0.56691647468837	158
0.06844823433749	1.09072891542923	60
0.110140217393594	0.75818922164643	70
0.122830062903215	0.577203324418684	60
-0.0676749506448899	1.0295945475418	91
-0.1143440462202	0.540707013154826	91
0.066007843702619	0.914003033691674	91
0.060922514554735	0.734512322363123	91
-0.00959977615633001	0.719347916460793	91
-0.0442948303691	0.874612671953292	91
0.122764300237126	0.576995364187196	91
-0.04446560025431	0.874951843477017	91
0.122830062903215	0.577203324418684	9
0.032207023364778	0.566690506749215	43
0.110043187174885	0.758402852078309	43
-0.00955415243894997	0.719594277702576	467
-0.11409385166674	0.540651439280993	331
0.048231954119922	0.27264192625531	331
0.003159157489802	1.81999397792216	69
0.065863003575906	0.913629612932512	60
-0.0337956554968599	1.20015887213489	60
0.122809327469738	0.577147451985876	60
-0.00941707623437993	0.719085475768888	60
0.122873399258265	0.577023179258317	149
-0.00953121808197999	0.719538579271265	188
0.122892804737198	0.577129826927392	188
-0.08460370903054	1.18425241673028	254
-0.1145954954322	0.541089063658969	91
-0.11423834940659	0.540537025048118	91
-0.00950067227012008	0.71944848988664	91
-0.0676237647283999	1.02968638703922	371
0.110297361151113	0.757449095607594	371
0.122850887569758	0.577216000555005	91
-0.04438698797144	0.874823359724042	91
0.066070739361206	0.913928254492498	91
0.102678018662703	0.940062642864547	9
0.061172585768852	0.734169359590649	87
-0.11469972387002	0.540927932422351	43
0.048598433462579	0.272432782475208	43
-0.1146996213552	0.541121784175122	43
-0.1143440462202	0.540707013154826	43
0.0795041838409341	1.90761580492308	53
0.108352412995412	2.37351728564154	53
0.066070739361206	0.913928254492498	467
0.04812307490303	0.272670624519378	31
-0.00949318472380001	0.719548716819513	391
0.032552445992313	1.06818256302703	60
-0.0676766626128	1.02972457605802	188
-0.1143440462202	0.540707013154826	188
-0.00950067227012008	0.71944848988664	91
0.031839735720063	0.567066206054291	91
0.061080397358425	0.734277294146734	91
0.122743415309001	0.57705638656403	91
-0.01092223648267	1.04647115178995	91
0.061080397358425	0.734277294146734	591
0.031974554636492	0.56675996581703	43
0.12280758973809	0.577211271023757	43
-0.00950067227012008	0.71944848988664	43
0.032199301264988	0.566773743831677	43
0.061041288976964	0.734322134192378	43
-0.04471516867313	0.874990540305417	467
-0.11409385166674	0.540651439280993	31
-0.00953873661837989	0.719001799339647	463
0.102678018662703	0.940062642864547	158
-0.00951606416000006	0.719470647168065	149
-0.04446560025431	0.874951843477017	188
-0.03366331974116	1.2000162830891	254
0.031615869941974	0.567051569300168	214
0.0323118148547	0.566449087740737	91
0.065963779951847	0.914018836599402	91
0.110270456321804	0.758074443440553	91
-0.00947796190947003	0.719130924368753	91
-0.00948561465469999	0.719469300354575	591
-0.0843007427131801	1.18416297802057	9
0.110113231896788	0.758135516388884	9
0.110126732547253	0.758353213221804	43
0.031966956155177	0.567023112730889	43
0.032079229085774	0.56691647468837	43
0.018680518526093	0.890878556348043	43
-0.0499732029062401	2.23159933300084	53
0.031966956155177	0.567023112730889	31
-0.0842976451986299	1.18383975553519	90
0.122894193752737	0.577078965683136	158
0.102633505665751	0.940086363572764	60
-0.00943210635186009	0.719314837631752	60
0.01854743633026	0.891200517436491	60
-0.00952368242224999	0.719592912783372	70
-0.04447915874277	0.874861737721261	60
-0.0675162554853099	1.0294800228211	60
0.00771123535373697	1.21818590462679	60
0.110186921419238	0.758273976852272	149
0.031959373972186	0.567014988604947	188
0.110247101668791	0.758159798405766	91
0.0609357763180281	0.734584867529678	91
-0.01120058538935	1.04695271671224	91
-0.00953121808197999	0.719538579271265	214
0.122936050643944	0.577066528922155	91
0.060949034106964	0.734553872901206	91
-0.1143440462202	0.540707013154826	91
0.060949034106964	0.734553872901206	371
-0.11490817570086	0.540745347078142	591
0.122957113106258	0.577005310114962	91
0.060922514554735	0.734512322363123	591
0.122871801503524	0.577191008258668	591
0.031847247933781	0.567121503023109	43
0.06609277487246	0.913789457162529	467
0.06609277487246	0.913789457162529	463
-0.0970946476579499	1.33490439325079	463
0.03185477649666	0.566902385585879	158
-0.1145954954322	0.541089063658969	158
0.048231954119922	0.27264192625531	158
-0.00959222676060989	0.719584185538748	60
0.11023362676084	0.758010794911154	60
-0.0106973016662799	1.04505451118413	60
-0.11469959880058	0.540907832368884	188
-0.11449125834891	0.540788176297302	188
-0.1144886963805	0.541000350984738	188
-0.1145954954322	0.541089063658969	188
0.061014750006396	0.734486826092846	188
-0.04438698797144	0.874823359724042	91
0.110186921419238	0.758273976852272	214
0.0658599759831871	0.914098152341415	371
0.032904383029822	1.06800777077185	371
-0.0674378070355801	1.02930498309819	371
-0.1144886963805	0.541000350984738	591
0.110043187174885	0.758402852078309	591
0.031847247933781	0.567121503023109	591
0.12300033719795	0.576773649682754	9
-0.1145954954322	0.541089063658969	43
-0.0108631309492999	1.04623996533236	463
0.031966956155177	0.567023112730889	158
-0.1143440462202	0.540707013154826	158
-0.0112867475593299	1.04699179572721	60
0.102633505665751	0.940086363572764	60
-0.0675964565840099	1.02968138226897	60
-0.04438698797144	0.874823359724042	60
-0.11469972387002	0.540927932422351	188
0.04812307490303	0.272670624519378	188
0.042483905791014	1.23736940930748	254
0.122936050643944	0.577066528922155	91
-0.11469959880058	0.540907832368884	91
-0.00966077046648994	0.719307892669355	214
0.102568195055912	0.940168529644805	214
-0.0339889569573399	1.20017158639916	214
0.068238650614869	1.091256783625	371
-0.1143440462202	0.540707013154826	9
0.122936050643944	0.577066528922155	87
-0.00959222676060989	0.719584185538748	87
-0.0677568735707701	1.02959283321938	87
0.122957113106258	0.577005310114962	43
-0.00955415243894997	0.719594277702576	43
0.058037567491675	2.17756717039528	274
0.032705383819015	1.06821640467112	186
-0.0843007427131801	1.18416297802057	186
0.122850887569758	0.577216000555005	90
0.068216917591202	1.09134486803983	463
0.047755745628836	0.272799090918146	158
-0.0108409933343601	1.04628417682407	60
0.061028021479132	0.734455823851989	149
0.110126732547253	0.758353213221804	60
0.031959373972186	0.567014988604947	149
0.031847247933781	0.567121503023109	91
-0.00946265936106006	0.719458642516027	91
-0.04463646342788	0.874990427387679	214
0.066070739361206	0.913928254492498	214
-0.0676493547222801	1.02971956899807	91
0.007761779821717	1.21796248219116	371
-0.0108409933343601	1.04628417682407	371
0.110116865867852	0.75790953065701	91
0.122850887569758	0.577216000555005	591
-0.11449125834891	0.540788176297302	591
0.032970683034459	1.06786460606963	9
0.0979969977276	1.11510856408097	9
-0.0843661049894899	1.18424888419965	9
0.0608700095575661	0.734614739532522	87
-0.06757087432184	1.02960559429657	87
-0.00949318472380001	0.719548716819513	43
0.031727756362024	0.567172585007472	43
0.122871801503524	0.577191008258668	43
0.068368752914815	1.09099529213687	186
0.102722484111155	0.939927270681426	738
0.060949034106964	0.734553872901206	31
0.122785274386409	0.576896558652864	331
0.110307273273172	0.75800789084331	90
0.11023362676084	0.758010794911154	90
0.065982551519208	0.913430353327258	90
-0.04438698797144	0.874823359724042	90
-0.11480387759856	0.540899159478976	158
0.031839735720063	0.567066206054291	158
-0.11459535646121	0.54087500274063	158
-0.0675179913994	1.02948100786859	60
-0.00956173625136003	0.719582795507295	343
-0.00943210635186009	0.719314837631752	343
0.102743275110927	0.93991294095813	60
0.068086804482226	1.09139785801806	60
0.0608700095575661	0.734614739532522	60
-0.0445171675051601	0.874839243596844	60
0.018627593052595	0.891057998572292	149
0.0608700095575661	0.734614739532522	149
0.048231954119922	0.27264192625531	188
0.031601108969	0.566915321537061	188
-0.06754356591929	1.02960059011662	91
-0.0843422108479699	1.18416873197409	91
-0.00955415243894997	0.719594277702576	593
-0.00955415243894997	0.719594277702576	591
-0.04428125335874	0.874450999488996	9
0.061106971656411	0.734318770281423	9
0.122809327469738	0.577147451985876	17
-0.04428125335874	0.874450999488996	87
0.122830062903215	0.577203324418684	43
-0.0446881325680699	0.875044381033776	43
0.109969458444249	0.758301811363702	206
0.110140217393594	0.75818922164643	343
-0.00946265936106006	0.719458642516027	343
0.032705383819015	1.06821640467112	60
0.122850887569758	0.577216000555005	149
0.018282655378293	0.891286697584015	149
0.060856765447748	0.734645723530448	60
-0.08458301578702	1.18430842606492	149
0.12300033719795	0.576773649682754	91
0.0608700095575661	0.734614739532522	91
-0.0675691464047901	1.02956080335463	371
0.065963779951847	0.914018836599402	371
0.122722619569568	0.577081252829866	591
0.109909233219326	0.75824057193376	9
-0.1145954954322	0.541089063658969	482
0.060949034106964	0.734553872901206	9
0.122871801503524	0.577191008258668	87
0.122957113106258	0.577005310114962	17
0.066029868707851	0.913864241707956	507
-0.00959222676060989	0.719584185538748	43
0.06606744684808	0.913691329519322	43
0.123612176595794	1.13860072994926	174
0.060856765447748	0.734645723530448	90
0.018470264235955	0.891040053985082	90
0.018574659801723	0.891193190806152	90
-0.00950067227012008	0.71944848988664	60
0.061264760359251	0.73390564546803	60
-0.00946265936106006	0.719458642516027	343
-0.00949318472380001	0.719548716819513	343
-0.0110489251933601	1.04670851481839	60
-0.04454424783783	0.875037302287801	149
-0.00944753293435996	0.719129583406553	149
-0.00950067227012008	0.71944848988664	725
-0.01106991729155	1.04686660568732	254
-0.00949318472380001	0.719548716819513	395
-0.00954648594502006	0.719429089721718	91
-0.06754356591929	1.02960059011662	214
-0.0112625015097401	1.046789994541	214
-0.0445577934429899	0.874947175637136	91
0.018653294319131	0.890885888045407	371
0.122892804737198	0.577129826927392	593
0.122701912984862	0.577068484962905	593
0.0721354553010159	1.25768488465148	371
-0.0675179913994	1.02948100786859	9
0.123726447905206	1.13848557971854	9
0.109982983249307	0.758414603504005	9
-0.1145954954322	0.541089063658969	17
0.122892804737198	0.577129826927392	17
0.031847247933781	0.567121503023109	243
0.102701688357973	0.939858830586143	43
0.102850098356703	0.93946085437114	277
-0.00959977615633001	0.719347916460793	90
0.102526680568705	0.940274502101517	90
0.047864940117501	0.272770263417896	158
0.122873399258265	0.577023179258317	343
0.110283916781517	0.758012030530767	60
0.12280758973809	0.577211271023757	149
0.10265723813339	0.940076957017963	60
-0.01094434495271	1.04663097728092	149
-0.0445307058590401	0.875000983365389	725
-0.00938659182668	0.718995558718003	617
0.032843700712197	1.06773303844651	254
0.109899427439278	0.758302416946051	214
-0.0976587345109401	1.33610672520008	714
0.122809327469738	0.577147451985876	714
0.032319590710896	0.566583655563607	91
-0.1145954954322	0.541089063658969	593
-0.1143440462202	0.540707013154826	593
-0.0842768929011299	1.18403960371508	668
0.018627593052595	0.891057998572292	9
-0.03350562865797	1.19962555668558	9
0.065815945074774	0.913919891438734	17
-0.11480389157877	0.541093044086259	17
-0.1145954954322	0.541089063658969	17
-0.0445307058590401	0.875000983365389	87
-0.0629336713112501	1.49340480983504	174
0.04812307490303	0.272670624519378	331
-0.0334649347520599	1.19949733873006	69
-0.00949318472380001	0.719548716819513	158
0.110186921419238	0.758273976852272	60
0.061041288976964	0.734322134192378	60
-0.00953121808197999	0.719538579271265	343
-0.00949318472380001	0.719548716819513	343
0.122850887569758	0.577216000555005	343
-0.0445307058590401	0.875000983365389	149
0.12280758973809	0.577211271023757	149
0.032751522829547	1.06819642967814	254
0.031496758217042	0.567042315970506	395
-0.00955415243894997	0.719594277702576	91
0.12280758973809	0.577211271023757	91
0.018520214845332	0.891095845361931	371
-0.0446229306980801	0.875080562846637	9
0.110103382513894	0.758357339826199	87
-0.1143440462202	0.540707013154826	243
-0.0841908394185	1.1839217961835	507
-0.0337497983296899	1.20022282333808	195
0.097902368728173	1.11513328825868	463
0.102526680568705	0.940274502101517	90
0.031615869941974	0.567051569300168	343
-0.11469972387002	0.540927932422351	343
0.110270456321804	0.758074443440553	254
-0.1145954954322	0.541089063658969	395
-0.11459535646121	0.54087500274063	395
0.065985814116982	0.914054579689335	91
-0.0444520453949799	0.874915515762286	91
0.065775020361061	0.914029309125745	214
-0.1146996213552	0.541121784175122	413
0.031727756362024	0.567172585007472	593
0.098007589998965	1.11513441446806	668
-0.00946265936106006	0.719458642516027	482
-0.11459571417205	0.540895302433044	9
0.0317352150006121	0.567000612677095	9
0.031966956155177	0.567023112730889	17
0.066029868707851	0.913864241707956	87
0.060856765447748	0.734645723530448	87
0.123614436001102	1.1386758221763	174
-0.0841255560090199	1.18370102376939	117
0.066111561791409	0.913869462420194	206
-0.0441513631561801	0.874134056622482	343
0.0183885910418971	0.891369034784776	343
-0.06741049607932	1.02918447124468	343
0.122871801503524	0.577191008258668	343
-0.0444005593508501	0.874733287180993	149
0.122894193752737	0.577078965683136	149
-0.0447668987624801	0.874998371336222	149
0.060856765447748	0.734645723530448	149
-0.00962268959251	0.719542660462454	149
-0.0447016488104299	0.875080672215587	395
0.031847247933781	0.567121503023109	361
0.061106971656411	0.734318770281423	361
-0.00946265936106006	0.719458642516027	361
-0.1146996213552	0.541121784175122	413
-0.00953121808197999	0.719538579271265	593
0.018443037836819	0.891256539139616	9
-0.06778248078956	1.02967179359155	9
0.033016727428183	1.06769601839155	9
0.060777717413549	0.734669327956872	9
0.048231954119922	0.27264192625531	17
0.122809327469738	0.577147451985876	17
-0.11469959880058	0.540907832368884	243
0.066007843702619	0.914003033691674	186
-0.06726281745398	2.07198021031875	186
0.07195567307618	1.25780305657354	362
-0.0445577934429899	0.874947175637136	277
0.0609357763180281	0.734584867529678	90
0.01865481887587	0.890952875697173	90
0.018468769989692	0.891343802585796	90
0.060949034106964	0.734553872901206	343
0.122724705619511	0.577053836575578	149
-0.08412859432016	1.18335772876772	254
0.031727756362024	0.567172585007472	413
0.048231954119922	0.27264192625531	413
0.018415813439741	0.891361705052936	371
0.047755745628836	0.272799090918146	593
0.060949034106964	0.734553872901206	9
0.061028021479132	0.734455823851989	9
0.047497389810397	0.272824202108595	17
0.122892804737198	0.577129826927392	17
0.123021458939366	0.576712431640606	87
0.119431560077312	1.30053762555948	53
0.0981794493338139	1.11472818189512	186
-0.10562235497251	2.34440445161647	186
0.122870689764117	0.576908736532363	31
-0.00948561465469999	0.719469300354575	31
0.04812307490303	0.272670624519378	472
0.00771123535373697	1.21818590462679	90
0.031727756362024	0.567172585007472	90
0.047387879055768	0.272853156193857	90
0.102722484111155	0.939927270681426	367
0.03243225177931	0.566259034919588	149
0.102591970277568	0.940192360461248	149
0.031951808133683	0.566741793143772	617
-0.0673576276052099	1.02896241203675	254
-0.11355579595234	0.53988363364333	488
-0.06754356591929	1.02960059011662	9
0.018361370640517	0.89126434873263	9
0.122660767136685	0.576898901053876	482
0.032079229085774	0.56691647468837	482
-0.1145954954322	0.541089063658969	144
-0.0446746199444299	0.87488269178405	87
0.122745292903087	0.577167546274364	43
-0.02582035949102	1.50571713467448	53
0.018495994737287	0.891238633380212	362
-0.0844521998383301	1.18435363304479	174
0.018627593052595	0.891057998572292	90
0.018441547238006	0.891351129934286	90
0.122936050643944	0.577066528922155	90
-0.00959977615633001	0.719347916460793	158
-0.00959977615633001	0.719347916460793	117
-0.11459535646121	0.54087500274063	343
-0.11384369426122	0.540061252740227	343
-0.11409385166674	0.540651439280993	343
0.04812307490303	0.272670624519378	343
-0.11459535646121	0.54087500274063	149
-0.00948561465469999	0.719469300354575	149
-0.05067712763806	1.34965680556092	725
0.018443037836819	0.891256539139616	725
-0.05053329445456	1.34896121129556	725
0.047387879055768	0.272853156193857	395
0.0608700095575661	0.734614739532522	91
-0.1145954954322	0.541089063658969	770
0.032079229085774	0.56691647468837	361
0.122871801503524	0.577191008258668	593
0.031720314122376	0.567057194652099	593
0.123661098743887	1.13858345641386	668
-0.0109037146347	1.04650903893007	9
-0.06754356591929	1.02960059011662	9
0.110270456321804	0.758074443440553	482
0.102568195055912	0.940168529644805	9
0.04812307490303	0.272670624519378	17
0.047497389810397	0.272824202108595	144
0.060764483006036	0.73459676282174	87
0.065944925433499	0.91404265035613	87
0.102440615115746	0.940255157185055	87
0.122892804737198	0.577129826927392	87
0.060764483006036	0.73459676282174	243
-0.0257801474511301	1.50559350189003	186
-0.0504966277002199	1.34894689723225	186
0.110293811301542	0.757896671481691	738
0.110173433618173	0.758090003658094	277
-0.0445577934429899	0.874947175637136	367
0.066215142670211	0.913499728136811	367
0.110307273273172	0.75800789084331	117
0.018600369215321	0.891065326956382	206
0.122915077536795	0.577091573709713	343
0.122892804737198	0.577129826927392	60
0.122892804737198	0.577129826927392	149
0.110089883315592	0.75831334866461	725
0.122830062903215	0.577203324418684	617
0.031966956155177	0.567023112730889	395
0.031847247933781	0.567121503023109	413
-0.00948561465469999	0.719469300354575	593
0.0611465367465041	0.733825797972998	593
-0.11469959880058	0.540907832368884	488
0.110140217393594	0.75818922164643	668
-0.04438698797144	0.874823359724042	9
0.122913897302031	0.57703082808025	9
-0.00959977615633001	0.719347916460793	17
-0.1144886963805	0.541000350984738	144
-0.04438698797144	0.874823359724042	87
-0.04982284269502	2.23088752777088	186
0.062311322161251	1.88618595698781	180
-0.0676766626128	1.02972457605802	598
-0.1145954954322	0.541089063658969	472
0.061014750006396	0.734486826092846	277
0.0609357763180281	0.734584867529678	90
-0.0110513300666999	1.04678228127872	367
-0.0446229306980801	0.875080562846637	343
-0.0444005593508501	0.874733287180993	149
0.061080397358425	0.734277294146734	149
0.110270456321804	0.758074443440553	149
-0.0675964565840099	1.02968138226897	725
0.01854743633026	0.891200517436491	725
0.066174401668377	0.913722165965181	254
0.047387879055768	0.272853156193857	91
-0.0444520453949799	0.874915515762286	361
-0.04463646342788	0.874990427387679	714
-0.11449125834891	0.540788176297302	413
0.122722619569568	0.577081252829866	413
0.060843517364767	0.734573163138473	91
-0.11409385166674	0.540651439280993	488
-0.1144886963805	0.541000350984738	482
0.122850887569758	0.577216000555005	9
0.122894193752737	0.577078965683136	9
-0.0444520453949799	0.874915515762286	9
0.061093686495544	0.734349776969803	17
-0.1143440462202	0.540707013154826	144
-0.0444520453949799	0.874915515762286	87
0.075656267597236	1.41704929696716	186
0.096598214111204	1.4394208760361	186
0.061199179498226	0.734004736031384	277
0.065922906349755	0.914094181612971	90
-0.00949318472380001	0.719548716819513	117
0.031608481231659	0.567163423048126	343
-0.0444384941634399	0.874753778962291	149
-0.03385659856149	1.20019023313274	725
-0.04454424783783	0.875037302287801	725
-0.08449363449674	1.18409769739597	254
0.018523221483567	0.891022138441651	254
-0.11355579595234	0.53988363364333	395
0.110150082914474	0.758267834539312	91
0.122850887569758	0.577216000555005	91
0.032199301264988	0.566773743831677	361
-0.0107561505840501	1.04595121918338	214
0.110006329028242	0.758410478909053	371
0.061106971656411	0.734318770281423	482
0.110200393332759	0.758075075130584	9
0.065815945074774	0.913919891438734	9
0.122701912984862	0.577068484962905	9
-0.1145954954322	0.541089063658969	144
0.032990912236226	1.06776186767796	186
0.022316473975137	1.38012105229694	186
-0.0447939091537699	0.874944528103677	598
-0.1145954954322	0.541089063658969	598
0.048489868525968	0.272461351367526	472
0.047755745628836	0.272799090918146	472
-0.0675179913994	1.02948100786859	343
-0.00950067227012008	0.71944848988664	343
-0.11459571417205	0.540895302433044	343
0.018520214845332	0.891095845361931	60
0.122936050643944	0.577066528922155	149
-0.1146996213552	0.541121784175122	149
0.032319590710896	0.566583655563607	149
-0.0505256862861301	1.34914482493701	254
0.047755745628836	0.272799090918146	395
0.04812307490303	0.272670624519378	395
-0.11459571417205	0.540895302433044	91
-0.0444005593508501	0.874733287180993	91
0.031847247933781	0.567121503023109	714
0.048231954119922	0.27264192625531	413
0.110330630084249	0.7579225607507	593
-0.11469959880058	0.540907832368884	488
-0.11449125834891	0.540788176297302	488
0.066004605347318	0.913801615790373	371
0.066133612393815	0.913817896990738	668
-0.00948561465469999	0.719469300354575	9
-0.0446229306980801	0.875080562846637	482
0.031966956155177	0.567023112730889	144
0.110293811301542	0.757896671481691	87
0.109969458444249	0.758301811363702	87
0.048231954119922	0.27264192625531	243
-0.11459535646121	0.54087500274063	243
0.047497389810397	0.272824202108595	243
0.048231954119922	0.27264192625531	243
0.018523221483567	0.891022138441651	43
-0.1144886963805	0.541000350984738	285
0.047864940117501	0.272770263417896	472
0.032751522829547	1.06819642967814	195
-0.0443219952901699	0.87455898053866	90
0.060856765447748	0.734645723530448	343
-0.00944753293435996	0.719129583406553	149
-0.00946265936106006	0.719458642516027	725
-0.00959222676060989	0.719584185538748	617
0.122915077536795	0.577091573709713	413
-0.01107344162228	1.04661310520642	668
0.122979304866702	0.576798736351056	9
-0.04435985610666	0.874625311859659	87
0.079643422040352	1.90675905982273	53
0.114730040181058	1.46406413635514	186
-0.0843661049894899	1.18424888419965	362
0.04812307490303	0.272670624519378	31
0.048231954119922	0.27264192625531	285
-0.0444005593508501	0.874733287180993	90
-0.0113935372149501	1.04671526678486	367
0.061001474558287	0.734414306613764	343
0.0317352150006121	0.567000612677095	343
-0.04437342022381	0.87478702664477	60
0.03243225177931	0.566259034919588	759
-0.0445307058590401	0.875000983365389	149
-0.0677568735707701	1.02959283321938	149
-0.0974811329326699	1.33588134076142	725
0.122894193752737	0.577078965683136	617
0.061080397358425	0.734277294146734	617
0.0323118148547	0.566449087740737	395
-0.00956173625136003	0.719582795507295	361
-0.11449125834891	0.540788176297302	770
-0.0440728923021101	0.873756679825084	361
-0.00955415243894997	0.719594277702576	488
-0.00956173625136003	0.719582795507295	593
0.122828533793664	0.577150150243609	593
0.0609357763180281	0.734584867529678	9
-0.04457134267591	0.874614940191236	482
0.04812307490303	0.272670624519378	17
0.047864940117501	0.272770263417896	144
-0.1145954954322	0.541089063658969	144
0.032319590710896	0.566583655563607	87
-0.0442162758538001	0.87438666757598	87
0.061014750006396	0.734486826092846	87
0.018574659801723	0.891193190806152	43
0.0172542199533779	1.67628108258295	274
-0.03385659856149	1.20019023313274	53
-0.05057616760425	1.34935857748123	174
0.048231954119922	0.27264192625531	472
0.047864940117501	0.272770263417896	472
0.109982983249307	0.758414603504005	277
0.122957113106258	0.577005310114962	90
0.047755745628836	0.272799090918146	158
0.032086881231415	0.566880494409038	343
-0.11394961846196	0.540358650867839	343
-0.00954648594502006	0.719429089721718	149
0.065944925433499	0.91404265035613	725
0.122828533793664	0.577150150243609	617
0.033103233241119	1.06746029824322	254
0.00768227096094298	1.21826973374442	254
0.032199301264988	0.566773743831677	91
0.048231954119922	0.27264192625531	770
-0.00962268959251	0.719542660462454	714
-0.1143440462202	0.540707013154826	413
0.047387879055768	0.272853156193857	413
-0.1144886963805	0.541000350984738	413
0.060790947849236	0.734638357608288	91
0.061001474558287	0.734414306613764	9
-0.0674378070355801	1.02930498309819	9
0.122892804737198	0.577129826927392	9
0.048489868525968	0.272461351367526	144
-0.11409385166674	0.540651439280993	243
-0.0841463250894501	1.18364515818927	86
-0.09728788805208	1.33606114583743	53
0.114140162550298	2.1005123951524	186
0.110006329028242	0.758410478909053	174
-0.04454424783783	0.875037302287801	277
0.044402823549164	1.86247744853069	195
-0.0971764277188401	1.33570905904217	90
-0.05067712763806	1.34965680556092	367
0.061028021479132	0.734455823851989	343
-0.11423834940659	0.540537025048118	343
0.066218519321411	0.913531824301823	725
-0.11409385166674	0.540651439280993	617
0.032079229085774	0.56691647468837	617
0.048231954119922	0.27264192625531	395
-0.1145954954322	0.541089063658969	395
0.031727756362024	0.567172585007472	361
0.048231954119922	0.27264192625531	413
0.031966956155177	0.567023112730889	593
-0.11480387759856	0.540899159478976	488
-0.04437342022381	0.87478702664477	482
0.122743415309001	0.57705638656403	482
-0.1146996213552	0.541121784175122	171
-0.11490830644642	0.540939147061005	144
0.018231132786235	0.89091111654133	87
-0.11490851753597	0.540725673400983	243
0.018574659801723	0.891193190806152	598
0.031966956155177	0.567023112730889	31
0.122745292903087	0.577167546274364	343
0.031847247933781	0.567121503023109	343
-0.1144886963805	0.541000350984738	343
-0.00953867129288	0.719213659450249	149
0.04812307490303	0.272670624519378	759
0.12280758973809	0.577211271023757	149
0.032199301264988	0.566773743831677	149
0.047864940117501	0.272770263417896	149
-0.0336378422954899	1.2000132345587	725
0.097951850927729	1.1145176493482	725
0.047755745628836	0.272799090918146	395
0.047755745628836	0.272799090918146	395
0.047864940117501	0.272770263417896	770
0.066029868707851	0.913864241707956	214
0.047755745628836	0.272799090918146	413
0.047864940117501	0.272770263417896	593
0.0682747006237	1.09110798624752	668
-0.11409385166674	0.540651439280993	482
0.122850887569758	0.577216000555005	9
0.032884158269554	1.06802087090465	87
0.01865481887587	0.890952875697173	174
0.068216917591202	1.09134486803983	382
-0.11459571417205	0.540895302433044	285
-0.0444005593508501	0.874733287180993	277
0.061041288976964	0.734322134192378	277
0.065985814116982	0.914054579689335	90
0.066196462785352	0.913670596019875	90
-0.10663561185512	1.48375392808795	195
-0.04435985610666	0.874625311859659	90
0.110163569243204	0.758278106424201	367
0.03243225177931	0.566259034919588	343
0.122915077536795	0.577091573709713	343
-0.0442162758538001	0.87438666757598	343
0.031959373972186	0.567014988604947	149
-0.00955415243894997	0.719594277702576	149
0.122849567125542	0.577051214111517	149
0.060949034106964	0.734553872901206	149
-0.00953121808197999	0.719538579271265	149
-0.00950067227012008	0.71944848988664	617
0.110126732547253	0.758353213221804	254
-0.1143440462202	0.540707013154826	395
0.031839735720063	0.567066206054291	770
-0.00962268959251	0.719542660462454	593
0.122830062903215	0.577203324418684	593
-0.0336378422954899	1.2000132345587	668
0.065944925433499	0.91404265035613	9
-0.0676766626128	1.02972457605802	9
0.031608481231659	0.567163423048126	243
0.122871801503524	0.577191008258668	43
0.102678018662703	0.940062642864547	174
-0.0629187186234701	1.49355895600663	195
0.022224903502336	1.38013593410753	195
0.122830062903215	0.577203324418684	117
-0.00965312473012991	0.719454975106926	343
0.122765969326838	0.57722347245481	149
0.065878854445562	0.913915921489835	254
0.00742953525074497	1.21879102188578	254
-0.1144886963805	0.541000350984738	361
-0.00949318472380001	0.719548716819513	593
0.110186921419238	0.758273976852272	9
0.110029675150969	0.758325108616574	9
0.061014750006396	0.734486826092846	9
-0.0675162554853099	1.0294800228211	87
0.016897013046952	1.67822022380462	174
0.061172585768852	0.734169359590649	277
-0.0111557138537499	1.04698444683563	277
0.066196462785352	0.913670596019875	90
0.122936050643944	0.577066528922155	158
-0.00951606416000006	0.719470647168065	60
0.061001474558287	0.734414306613764	149
0.110186921419238	0.758273976852272	149
0.066007843702619	0.914003033691674	725
-0.00955415243894997	0.719594277702576	149
-0.00959977615633001	0.719347916460793	149
0.061120252841419	0.734185107924619	149
0.031959373972186	0.567014988604947	725
0.032079229085774	0.56691647468837	617
0.04812307490303	0.272670624519378	395
-0.1146996213552	0.541121784175122	395
-0.0337243033016801	1.20004770280729	214
-0.06778248078956	1.02967179359155	214
0.061185884621858	0.734138351979046	214
0.122743415309001	0.57705638656403	593
-0.11409385166674	0.540651439280993	488
-0.11409385166674	0.540651439280993	488
0.10233068057872	0.9403211353412	9
0.065963779951847	0.914018836599402	9
0.060909248816591	0.734241533691457	144
-0.0674360593176	1.02910344958402	87
-0.06741049607932	1.02918447124468	86
0.076530106599063	1.58012234451696	53
0.09661538631375	1.43942848206497	186
0.018203909749457	0.891016168312227	598
-0.0974402803622201	1.33626237931806	737
0.048231954119922	0.27264192625531	285
-0.00946265936106006	0.719458642516027	277
0.031966956155177	0.567023112730889	277
0.032094549623495	0.566570214515686	149
-0.1144886963805	0.541000350984738	759
-0.00955415243894997	0.719594277702576	149
0.110344077545518	0.757817202440817	149
0.12300033719795	0.576773649682754	149
0.018707744715812	0.890773469300487	149
0.110247101668791	0.758159798405766	725
0.102550415896717	0.939949816100454	254
0.110140217393594	0.75818922164643	361
0.018441547238006	0.891351129934286	361
0.031727756362024	0.567172585007472	482
0.031966956155177	0.567023112730889	87
0.018468769989692	0.891343802585796	87
-0.1145954954322	0.541089063658969	243
0.077269300200182	1.74520643645777	53
-0.0422195417856499	2.08881768037751	186
0.032841255546998	1.53729198852991	186
0.032199301264988	0.566773743831677	472
0.018760662776942	0.89054329536455	277
0.042244710472197	1.23818838192643	195
-0.06770226032767	1.02971511897472	90
0.061014750006396	0.734486826092846	356
0.122894193752737	0.577078965683136	343
-0.0676493547222801	1.02971956899807	60
-0.0334445915835799	1.19927226392489	725
-0.0445307058590401	0.875000983365389	149
0.122979304866702	0.576798736351056	149
0.122809327469738	0.577147451985876	725
0.110186921419238	0.758273976852272	254
0.061120252841419	0.734185107924619	254
-0.1144886963805	0.541000350984738	395
-0.00948561465469999	0.719469300354575	361
0.122958361914198	0.576786214582943	361
-0.08432467820894	1.18374644870246	361
0.032191595406	0.566591842753788	770
-0.00958459475678008	0.719552722677059	361
0.122786734926908	0.577236204859608	714
0.04812307490303	0.272670624519378	171
0.122871801503524	0.577191008258668	144
0.060856765447748	0.734645723530448	43
-0.0091510400580499	1.96378451883502	186
-0.04900332643013	1.78603312653642	737
0.031847247933781	0.567121503023109	31
-0.01136197447248	1.36450514747123	195
-0.01113506903312	1.04692897665662	367
-0.00956173625136003	0.719582795507295	177
-0.0445577934429899	0.874947175637136	177
0.122785274386409	0.576896558652864	343
0.110404229609813	0.757569621293322	725
-0.11469972387002	0.540927932422351	617
0.031966956155177	0.567023112730889	617
0.110126732547253	0.758353213221804	254
-0.0674360593176	1.02910344958402	254
0.03185477649666	0.566902385585879	361
0.0661523359715051	0.9136864910444	214
-0.00949318472380001	0.719548716819513	371
-0.04424346658303	0.87433303486305	371
-0.06757087432184	1.02960559429657	668
0.0660518891317951	0.913618848568669	106
0.031847247933781	0.567121503023109	482
0.122785274386409	0.576896558652864	144
0.016758349005995	1.67851617424988	186
0.110344077545518	0.757817202440817	31
-0.01100712019044	1.0467688034003	195
-0.00945513744605009	0.719425138137918	90
0.110043187174885	0.758402852078309	177
0.122745292903087	0.577167546274364	149
0.032199301264988	0.566773743831677	149
0.060856765447748	0.734645723530448	149
0.122871801503524	0.577191008258668	149
0.122828533793664	0.577150150243609	149
0.122871801503524	0.577191008258668	725
0.102505916207118	0.940205975951383	725
0.122786734926908	0.577236204859608	784
-0.00949318472380001	0.719548716819513	361
0.03243225177931	0.566259034919588	413
0.122850887569758	0.577216000555005	482
-0.00962268959251	0.719542660462454	9
0.122957113106258	0.577005310114962	9
0.065712055332106	0.913956569569172	9
0.032884158269554	1.06802087090465	9
0.110126732547253	0.758353213221804	87
0.022109659857261	1.37971979294716	186
0.123747495512262	1.13832683832846	362
-0.03366331974116	1.2000162830891	31
-0.00964539622932992	0.719322985686137	31
-0.11459535646121	0.54087500274063	472
-0.0110513300666999	1.04678228127872	277
0.032199301264988	0.566773743831677	117
0.102743275110927	0.93991294095813	117
0.110006329028242	0.758410478909053	177
0.018441547238006	0.891351129934286	177
0.122979304866702	0.576798736351056	177
-0.1144886963805	0.541000350984738	343
-0.04454424783783	0.875037302287801	60
0.12280758973809	0.577211271023757	149
0.110103382513894	0.758357339826199	149
0.03185477649666	0.566902385585879	725
0.097899036642241	1.27743417381619	725
-0.0108188601333701	1.04622638080939	254
-0.11469959880058	0.540907832368884	770
0.031847247933781	0.567121503023109	361
-0.0446229306980801	0.875080562846637	214
-0.00958459475678008	0.719552722677059	593
0.12280758973809	0.577211271023757	371
-0.04460940159171	0.875044256076931	106
0.122828533793664	0.577150150243609	482
0.032079229085774	0.56691647468837	17
-0.00946265936106006	0.719458642516027	144
-0.00958459475678008	0.719552722677059	87
0.110140217393594	0.75818922164643	87
-0.00955415243894997	0.719594277702576	86
-0.0111557138537499	1.04698444683563	86
0.042249943395588	1.2381224020176	362
-0.08440755145801	1.18425460382918	382
0.065775020361061	0.914029309125745	195
-0.0112625015097401	1.046789994541	90
0.122957113106258	0.577005310114962	343
0.122936050643944	0.577066528922155	60
0.060843517364767	0.734573163138473	149
-0.00949318472380001	0.719548716819513	149
0.109982983249307	0.758414603504005	725
-0.11469959880058	0.540907832368884	770
0.031727756362024	0.567172585007472	770
0.110210273924257	0.758188605908356	214
-0.11459571417205	0.540895302433044	413
-0.1146996213552	0.541121784175122	488
0.12280758973809	0.577211271023757	371
0.110210273924257	0.758188605908356	668
-0.0673320781203299	1.02880172923917	106
-0.1146996213552	0.541121784175122	144
-0.11423834940659	0.540537025048118	144
0.123726447905206	1.13848557971854	658
0.032207023364778	0.566690506749215	427
0.060949034106964	0.734553872901206	86
0.065985814116982	0.914054579689335	86
0.061028021479132	0.734455823851989	43
-0.0441513631561801	0.874134056622482	174
0.110247101668791	0.758159798405766	174
0.12280758973809	0.577211271023757	472
0.060711849000988	0.734622762965473	586
-0.11369961316531	0.540175728256294	586
-0.0676510708407601	1.02955906828335	195
-0.0109664578361399	1.04668877277751	117
-0.00959222676060989	0.719584185538748	177
-0.11369961316531	0.540175728256294	343
-0.00955415243894997	0.719594277702576	149
-0.08438682576281	1.18431059237427	254
0.065985814116982	0.914054579689335	254
0.047755745628836	0.272799090918146	488
0.048231954119922	0.27264192625531	488
-0.0508653034583499	1.34973382362398	668
0.04235536745731	1.23793885253156	668
-0.01139035785652	1.36450441248164	106
0.061028021479132	0.734455823851989	9
0.066089506609154	0.91383375945112	106
0.0608700095575661	0.734614739532522	9
0.047387879055768	0.272853156193857	144
0.109959637811511	0.758325708685114	86
-0.01122278980938	1.36404557595975	186
0.061014750006396	0.734486826092846	174
0.102505916207118	0.940205975951383	90
-0.00962268959251	0.719542660462454	90
0.102678018662703	0.940062642864547	90
0.048489868525968	0.272461351367526	26
0.119376950023262	1.30046122691308	117
0.122850887569758	0.577216000555005	177
0.060949034106964	0.734553872901206	149
0.109982983249307	0.758414603504005	617
-0.1143440462202	0.540707013154826	395
0.048231954119922	0.27264192625531	395
0.031966956155177	0.567023112730889	361
0.031966956155177	0.567023112730889	361
0.048598433462579	0.272432782475208	413
-0.1145954954322	0.541089063658969	413
0.109899427439278	0.758302416946051	9
0.047864940117501	0.272770263417896	144
-0.11449125834891	0.540788176297302	144
0.022363913907587	1.38009583404878	658
-0.07235789506043	1.63414842541519	186
0.114087912224286	2.10104672858485	358
0.102743275110927	0.93991294095813	186
-0.0445307058590401	0.875000983365389	362
0.110043187174885	0.758402852078309	382
0.0317352150006121	0.567000612677095	31
0.0608700095575661	0.734614739532522	90
-0.08469325522577	1.18401151322589	367
0.122852694018439	0.576909629894032	343
-0.1143440462202	0.540707013154826	343
0.032199301264988	0.566773743831677	343
-0.01092584208787	1.04646478757565	60
0.032079229085774	0.56691647468837	149
-0.04438698797144	0.874823359724042	149
0.032884158269554	1.06802087090465	725
0.123595812569418	1.13832853510392	725
0.12280758973809	0.577211271023757	784
0.048231954119922	0.27264192625531	413
-0.00953121808197999	0.719538579271265	9
0.051118891259205	1.39742998414626	106
-0.11459571417205	0.540895302433044	482
-0.1146996213552	0.541121784175122	482
-0.11459571417205	0.540895302433044	17
0.047864940117501	0.272770263417896	17
-0.1146996213552	0.541121784175122	144
0.031839735720063	0.567066206054291	144
0.122765969326838	0.57722347245481	87
0.031727756362024	0.567172585007472	427
0.0840380496118181	2.06332347118089	180
-0.0213220183442999	1.80161541305958	362
0.0719999216194061	1.25784747559237	365
-0.1014133758794	2.20166960150542	195
0.060883249694848	0.734481046029501	177
-0.1144886963805	0.541000350984738	759
0.12280758973809	0.577211271023757	759
0.047864940117501	0.272770263417896	759
-0.11480398571088	0.54087926587085	149
0.018468769989692	0.891343802585796	149
0.031847247933781	0.567121503023109	149
0.0609881951343571	0.734143578649317	149
-0.0445307058590401	0.875000983365389	725
0.018574659801723	0.891193190806152	784
0.061172585768852	0.734169359590649	784
-0.1146996213552	0.541121784175122	395
0.03185477649666	0.566902385585879	668
-0.0335717275230001	1.19984085753893	668
0.031966956155177	0.567023112730889	87
0.042255214949799	1.23793432074642	658
0.122786734926908	0.577236204859608	427
0.031966956155177	0.567023112730889	427
-0.08432147431859	1.18422470011317	86
0.050873684263929	1.39782877630007	86
0.122701912984862	0.577068484962905	86
0.065985814116982	0.914054579689335	86
0.0980795172196009	1.11497858902513	174
0.047755745628836	0.272799090918146	285
-0.0630121883586101	1.49401295200464	195
0.032705383819015	1.06821640467112	206
0.122765969326838	0.57722347245481	343
-0.0444520453949799	0.874915515762286	343
0.110474313083102	0.757302700090388	343
-0.00953121808197999	0.719538579271265	60
0.10994611442796	0.758387165212466	60
0.060843517364767	0.734573163138473	149
0.12280758973809	0.577211271023757	617
-0.0338821521412001	1.20028548040552	254
-0.11459535646121	0.54087500274063	413
0.122936050643944	0.577066528922155	214
0.031615869941974	0.567051569300168	593
-0.0336175076704801	1.20000036554384	668
0.018494495669324	0.891295148402178	9
0.110150082914474	0.758267834539312	86
0.032207023364778	0.566690506749215	61
0.04812307490303	0.272670624519378	26
0.032990912236226	1.06776186767796	343
0.065775020361061	0.914029309125745	149
-0.1144886963805	0.541000350984738	422
0.110247101668791	0.758159798405766	254
0.122957113106258	0.577005310114962	361
0.09785841008285	1.11505132520686	214
-0.0676493547222801	1.02971956899807	593
0.122870689764117	0.576908736532363	234
-0.08438682576281	1.18431059237427	668
-0.0844107848588001	1.18411261581604	658
0.031727756362024	0.567172585007472	543
0.061106971656411	0.734318770281423	87
-0.1144886963805	0.541000350984738	751
0.06798557768668	1.09131758502348	86
-0.00969122612077	0.719220324858859	277
0.123500152821536	1.1385469518068	195
0.047755745628836	0.272799090918146	26
0.048231954119922	0.27264192625531	61
0.00758117420136895	1.218593081794	206
0.098135621432704	1.11477501209057	725
-0.1145954954322	0.541089063658969	149
0.122871801503524	0.577191008258668	617
0.048231954119922	0.27264192625531	617
0.122850887569758	0.577216000555005	361
0.066174401668377	0.913722165965181	668
0.060856765447748	0.734645723530448	751
0.032207023364778	0.566690506749215	86
0.018308407038457	0.891243556312028	86
-0.0112455079038001	1.04677890051786	481
0.031959373972186	0.567014988604947	481
0.031966956155177	0.567023112730889	277
0.039339388999483	1.69906521588966	195
0.047864940117501	0.272770263417896	26
-0.11480387759856	0.540899159478976	61
0.031832239901136	0.566732996748212	61
-0.08440755145801	1.18425460382918	206
-0.00955415243894997	0.719594277702576	60
0.0658379628179731	0.914062389811693	60
0.110103382513894	0.758357339826199	725
-0.11459535646121	0.54087500274063	422
-0.0337294797327301	1.20010746623289	254
-0.00966077046648994	0.719307892669355	700
-0.0675964565840099	1.02968138226897	214
0.10265723813339	0.940076957017963	214
0.060949034106964	0.734553872901206	214
0.018550450231306	0.890578806593691	214
-0.04428125335874	0.874450999488996	214
0.047755745628836	0.272799090918146	234
0.032843700712197	1.06773303844651	86
0.061014750006396	0.734486826092846	481
0.109982983249307	0.758414603504005	481
-0.0272108593306	2.2456216086654	180
-0.11293446606533	1.62630670520801	365
-0.1146996213552	0.541121784175122	61
0.047864940117501	0.272770263417896	26
0.122850887569758	0.577216000555005	206
0.018414326479441	0.891246435034977	60
0.0609357763180281	0.734584867529678	149
0.109932575496599	0.758062850223566	725
0.122913897302031	0.57703082808025	700
0.122786734926908	0.577236204859608	214
-0.00950067227012008	0.71944848988664	214
-0.0675691464047901	1.02956080335463	668
0.0328380664694921	1.06811379957822	668
0.102680887851236	0.93968490016281	106
0.018415813439741	0.891361705052936	106
0.018548943881068	0.891182658817562	106
-0.0843007427131801	1.18416297802057	106
-0.0108815915949201	1.04645124106137	20
0.065985814116982	0.914054579689335	658
0.047864940117501	0.272770263417896	751
-0.0380813723531801	1.64570823498749	277
-0.00964539622932992	0.719322985686137	277
-0.08434538913818	1.18406953562115	206
-0.11277535191372	1.62629602964912	206
0.032199301264988	0.566773743831677	617
0.122913897302031	0.57703082808025	617
0.122850887569758	0.577216000555005	254
-0.00949318472380001	0.719548716819513	700
0.102419856456453	0.940081077850025	361
0.102416774434647	0.94032533926777	214
0.097869086932755	1.11505185367019	668
0.110163569243204	0.758278106424201	214
-0.0675964565840099	1.02968138226897	668
-0.11409385166674	0.540651439280993	234
0.031727756362024	0.567172585007472	9
-0.10660760351608	1.48394145936372	106
-0.00962268959251	0.719542660462454	508
-0.0675964565840099	1.02968138226897	9
0.042383578448162	1.23791559703069	658
0.031847247933781	0.567121503023109	481
0.072138283745567	1.25768053773344	195
-0.05064805367925	1.34945872895967	206
-0.03377011942518	1.20023567172394	206
-0.00952368242224999	0.719592912783372	149
-0.00945513744605009	0.719425138137918	149
-0.00969122612077	0.719220324858859	149
0.047497389810397	0.272824202108595	422
0.032207023364778	0.566690506749215	617
-0.0447668987624801	0.874998371336222	254
0.032207023364778	0.566690506749215	214
-0.06770396846786	1.02959726058999	361
0.061172585768852	0.734169359590649	214
-0.10657426901393	1.48391039257502	668
0.032086881231415	0.566880494409038	234
-0.0676220447934699	1.02959898870171	9
-0.01109200987748	1.04692438485415	106
0.122722619569568	0.577081252829866	20
0.06106710424467	0.734006664912678	20
-0.01106991729155	1.04686660568732	658
0.122722619569568	0.577081252829866	61
0.047755745628836	0.272799090918146	26
-0.00962268959251	0.719542660462454	61
-0.04437342022381	0.87478702664477	356
0.018574659801723	0.891193190806152	356
0.110223747339957	0.758163932303549	725
-0.0444141343633	0.874401183342803	725
-0.0256604599491399	1.50514602389848	254
0.122979304866702	0.576798736351056	700
0.018415813439741	0.891361705052936	214
0.018626072092205	0.890781296672914	361
-0.0446746199444299	0.87488269178405	361
-0.00949318472380001	0.719548716819513	361
0.122785274386409	0.576896558652864	234
0.018494495669324	0.891295148402178	106
-0.00947796190947003	0.719130924368753	508
-0.00951606416000006	0.719470647168065	486
-0.0109037146347	1.04650903893007	658
0.0609357763180281	0.734584867529678	87
0.122849567125542	0.577051214111517	87
0.060619509928838	0.734594351378015	87
-0.0334599033012499	1.19926785168813	86
0.102526680568705	0.940274502101517	61
0.122786734926908	0.577236204859608	61
0.122892804737198	0.577129826927392	356
0.12300033719795	0.576773649682754	356
0.031959373972186	0.567014988604947	149
-0.0842976451986299	1.18383975553519	149
-0.0675964565840099	1.02968138226897	725
0.032970683034459	1.06786460606963	725
0.018308407038457	0.891243556312028	617
-0.1144886963805	0.541000350984738	617
-0.1145954954322	0.541089063658969	361
0.018523221483567	0.891022138441651	214
0.110126732547253	0.758353213221804	361
-0.04454424783783	0.875037302287801	21
0.110103382513894	0.758357339826199	214
0.0608700095575661	0.734614739532522	407
-0.04437342022381	0.87478702664477	234
-0.0108815915949201	1.04645124106137	9
-0.0443084110125001	0.874649006739739	747
0.060856765447748	0.734645723530448	747
0.032990912236226	1.06776186767796	106
-0.0973947259963901	1.3360781394605	658
0.122786734926908	0.577236204859608	486
-0.00958459475678008	0.719552722677059	87
0.119570530700355	1.30006393920962	365
-0.0674906827344	1.02947600253339	206
0.110330630084249	0.7579225607507	356
-0.0110292229225499	1.04682659260225	356
0.122936050643944	0.577066528922155	149
0.031727756362024	0.567172585007472	149
0.122765969326838	0.57722347245481	725
0.122786734926908	0.577236204859608	617
0.122850887569758	0.577216000555005	361
-0.00959222676060989	0.719584185538748	361
-0.00950067227012008	0.71944848988664	486
-0.0447016488104299	0.875080672215587	486
0.110293811301542	0.757896671481691	86
-0.00948561465469999	0.719469300354575	175
0.123021458939366	0.576712431640606	481
0.00752324157699202	1.21846582069693	277
0.122850887569758	0.577216000555005	277
0.110283916781517	0.758012030530767	61
0.122828533793664	0.577150150243609	356
-0.00951606416000006	0.719470647168065	149
-0.04446560025431	0.874951843477017	617
-0.00959977615633001	0.719347916460793	617
-0.06754529803915	1.02935372906116	214
0.047755745628836	0.272799090918146	361
-0.11459571417205	0.540895302433044	361
0.122830062903215	0.577203324418684	361
0.0682315385782331	1.09081902439004	214
0.110126732547253	0.758353213221804	214
0.122828533793664	0.577150150243609	214
0.018467274549559	0.891190458093011	106
0.047755745628836	0.272799090918146	171
-0.0675179913994	1.02948100786859	87
-0.11409385166674	0.540651439280993	87
0.114811549677105	1.46394673144361	365
0.059283853556616	1.72121306163837	195
0.00761014885896605	1.21850920142598	195
0.060962287922118	0.734420173128497	61
-0.0675981806957899	1.02947828761807	356
-0.00952368242224999	0.719592912783372	356
0.031727756362024	0.567172585007472	356
0.110186921419238	0.758273976852272	147
0.061001474558287	0.734414306613764	214
0.110283916781517	0.758012030530767	214
0.12280758973809	0.577211271023757	21
-0.1145954954322	0.541089063658969	214
-0.0334142101397801	1.19872069740358	668
0.031966956155177	0.567023112730889	407
-0.05079947165776	1.3495994592284	106
0.061028021479132	0.734455823851989	20
-0.1145954954322	0.541089063658969	486
-0.0445307058590401	0.875000983365389	87
-0.00950067227012008	0.71944848988664	611
0.110126732547253	0.758353213221804	87
0.048231954119922	0.27264192625531	87
-0.00952368242224999	0.719592912783372	87
0.047755745628836	0.272799090918146	481
0.047755745628836	0.272799090918146	26
0.06590398857626	0.913907893473794	725
-0.04428125335874	0.874450999488996	725
0.033189734016266	1.06709051291316	147
0.122871801503524	0.577191008258668	617
0.0183885910418971	0.891369034784776	214
0.0661523359715051	0.9136864910444	9
0.018520214845332	0.891095845361931	106
-0.00946265936106006	0.719458642516027	124
0.048598433462579	0.272432782475208	171
0.048231954119922	0.27264192625531	171
-0.1145954954322	0.541089063658969	611
-0.0443084110125001	0.874649006739739	87
0.031847247933781	0.567121503023109	87
0.060962287922118	0.734420173128497	481
-0.00958459475678008	0.719552722677059	277
0.075642199383926	1.41712017946149	195
-0.0629445104652999	1.49377125926658	195
0.03185477649666	0.566902385585879	61
0.047755745628836	0.272799090918146	61
0.102568195055912	0.940168529644805	725
0.102698794441381	0.939970942027738	725
0.018494495669324	0.891295148402178	725
0.065944925433499	0.91404265035613	147
0.042288589601939	1.23797117367548	214
0.061199179498226	0.734004736031384	617
0.122957113106258	0.577005310114962	617
-0.00945513744605009	0.719425138137918	214
-0.0674889430171199	1.02922796641989	214
0.110006329028242	0.758410478909053	361
-0.06749242287696	1.02918275724483	668
0.065944925433499	0.91404265035613	668
0.110186921419238	0.758273976852272	214
0.122745292903087	0.577167546274364	9
0.018523221483567	0.891022138441651	171
0.122830062903215	0.577203324418684	175
0.060949034106964	0.734553872901206	86
-0.03355138611036	1.19982797735367	86
0.097650680902687	1.27834020139292	365
0.07212358805089	1.25656325902576	195
0.047497389810397	0.272824202108595	61
0.031959373972186	0.567014988604947	61
-0.11449125834891	0.540788176297302	61
0.032858281451982	1.06801105527549	206
0.110043187174885	0.758402852078309	725
-0.00956173625136003	0.719582795507295	147
-0.0444520453949799	0.874915515762286	147
0.032858281451982	1.06801105527549	147
-0.11449125834891	0.540788176297302	617
0.097935660470675	1.11518091544644	617
0.031608481231659	0.567163423048126	361
0.060856765447748	0.734645723530448	214
-0.0336836450885101	1.20013164447268	9
-0.0442948303691	0.874612671953292	9
0.060949034106964	0.734553872901206	106
0.065881984569559	0.914046639201442	20
-0.0443084110125001	0.874649006739739	20
-0.00946265936106006	0.719458642516027	175
0.066215142670211	0.913499728136811	86
0.102764061357437	0.939821244116649	481
-0.0096302871393199	0.719349342460465	481
0.031847247933781	0.567121503023109	61
0.122892804737198	0.577129826927392	61
0.102832093608003	0.939448099990635	725
0.018494495669324	0.891295148402178	725
0.06609277487246	0.913789457162529	725
0.122743415309001	0.57705638656403	147
0.122809327469738	0.577147451985876	617
-0.0445307058590401	0.875000983365389	617
-0.00943210635186009	0.719314837631752	21
-0.04437342022381	0.87478702664477	9
0.060909248816591	0.734241533691457	281
0.066340688020198	0.912987792805011	106
0.061080397358425	0.734277294146734	124
-0.04446560025431	0.874951843477017	124
-0.10660760351608	1.48394145936372	20
0.110126732547253	0.758353213221804	175
0.01833562708671	0.891348219855638	87
0.110150082914474	0.758267834539312	175
0.110043187174885	0.758402852078309	481
-0.0485754708147901	1.78405131405085	195
0.122830062903215	0.577203324418684	61
-0.11423834940659	0.540537025048118	61
0.110126732547253	0.758353213221804	206
-0.0108815915949201	1.04645124106137	725
0.110210273924257	0.758188605908356	725
0.098035595670948	1.1151274797835	725
-0.0677551733936499	1.02966677680237	725
0.00753062705021101	1.21869653416016	725
0.110186921419238	0.758273976852272	725
0.122871801503524	0.577191008258668	147
0.031847247933781	0.567121503023109	617
0.047864940117501	0.272770263417896	406
-0.06770226032767	1.02971511897472	214
0.102354543991856	0.94009697487724	21
-0.01100712019044	1.0467688034003	214
-0.11409385166674	0.540651439280993	234
0.110307273273172	0.75800789084331	124
0.031727756362024	0.567172585007472	124
0.066237218885544	0.913535369249191	106
0.032086881231415	0.566880494409038	175
0.018786346119862	0.890355254357853	86
0.042255214949799	1.23793432074642	195
0.04812307490303	0.272670624519378	61
-0.10656367913535	1.48357108333185	725
0.123593427743363	1.13861050970406	725
-0.04471516867313	0.874990540305417	147
-0.00952368242224999	0.719592912783372	147
0.047864940117501	0.272770263417896	406
-0.11480387759856	0.540899159478976	617
0.06590398857626	0.913907893473794	214
-0.06780978614306	1.02954453126558	214
0.110089883315592	0.75831334866461	214
0.061172585768852	0.734169359590649	21
0.102482118205951	0.94030942754423	668
0.060856765447748	0.734645723530448	281
-0.0445171675051601	0.874839243596844	124
-0.11469959880058	0.540907832368884	124
0.068245806311512	1.09126818710388	106
-0.00946265936106006	0.719458642516027	106
0.00760275821234202	1.21844045928042	658
-0.00945513744605009	0.719425138137918	611
0.122743415309001	0.57705638656403	87
0.12280758973809	0.577211271023757	175
0.047755745628836	0.272799090918146	61
0.047755745628836	0.272799090918146	61
0.072114742409588	1.25776216142976	206
-0.02591607909525	1.50568533639299	206
0.097891732870101	1.11506595429393	725
-0.08428001603188	1.18398362201332	725
-0.00955415243894997	0.719594277702576	147
0.048231954119922	0.27264192625531	406
-0.1145954954322	0.541089063658969	234
0.0317352150006121	0.567000612677095	281
-0.0674633720414	1.02935545738054	124
-0.11459535646121	0.54087500274063	124
0.110126732547253	0.758353213221804	106
-0.1146996213552	0.541121784175122	611
0.122722619569568	0.577081252829866	611
-0.0114056381243499	1.36423219907183	86
-0.11449125834891	0.540788176297302	61
-0.1146996213552	0.541121784175122	61
-0.01092584208787	1.04646478757565	725
-0.09722192601032	1.3359014050852	725
0.061093686495544	0.734349776969803	147
0.018494495669324	0.891295148402178	147
0.018574659801723	0.891193190806152	147
0.110103382513894	0.758357339826199	147
0.047864940117501	0.272770263417896	406
0.048598433462579	0.272432782475208	406
-0.0844107848588001	1.18411261581604	214
0.047755745628836	0.272799090918146	617
-0.11449125834891	0.540788176297302	386
-0.0447016488104299	0.875080672215587	386
0.066111561791409	0.913869462420194	214
0.033123476720764	1.06735759628624	214
0.007660691696459	1.21836742587107	106
-0.06757087432184	1.02960559429657	106
-0.0676237647283999	1.02968638703922	175
0.047387879055768	0.272853156193857	611
0.047755745628836	0.272799090918146	611
-0.11480389157877	0.541093044086259	611
0.018548943881068	0.891182658817562	86
0.110103382513894	0.758357339826199	277
0.123658783671944	1.13863240837444	195
-0.0337904430220499	1.20013885545986	206
-0.0675964565840099	1.02968138226897	725
-0.00949318472380001	0.719548716819513	147
-0.00962268959251	0.719542660462454	147
0.110126732547253	0.758353213221804	147
-0.04446560025431	0.874951843477017	147
-0.1145954954322	0.541089063658969	406
0.109996492378858	0.758034210233106	617
-0.0675179913994	1.02948100786859	214
0.110150082914474	0.758267834539312	386
-0.0442948303691	0.874612671953292	386
0.065815945074774	0.913919891438734	214
0.018361370640517	0.89126434873263	175
-0.11459571417205	0.540895302433044	611
-0.08425614552937	1.18409554472181	86
0.032199301264988	0.566773743831677	481
-0.0676766626128	1.02972457605802	195
-0.0446229306980801	0.875080562846637	195
-0.04471516867313	0.874990540305417	147
0.061028021479132	0.734455823851989	147
0.122765969326838	0.57722347245481	147
0.110056683438365	0.757988708239315	147
0.110270456321804	0.758074443440553	147
0.123021458939366	0.576712431640606	147
-0.00945513744605009	0.719425138137918	147
0.0658599759831871	0.914098152341415	147
-0.0676766626128	1.02972457605802	147
-0.1144886963805	0.541000350984738	406
0.122936050643944	0.577066528922155	386
0.018255435679037	0.891182070906623	214
0.031832239901136	0.566732996748212	234
-0.1145954954322	0.541089063658969	234
-0.11480389157877	0.541093044086259	234
-0.01073401163232	1.04579152609069	20
-0.00951606416000006	0.719470647168065	175
-0.04459587610723	0.874882532020824	86
0.122743415309001	0.57705638656403	481
0.061041288976964	0.734322134192378	277
-0.00966077046648994	0.719307892669355	147
-0.11449125834891	0.540788176297302	61
0.04812307490303	0.272670624519378	26
0.060883249694848	0.734481046029501	147
-0.0444520453949799	0.874915515762286	147
0.060975537764048	0.734093335797519	147
-0.00955415243894997	0.719594277702576	147
0.061106971656411	0.734318770281423	386
-0.04454424783783	0.875037302287801	21
0.061041288976964	0.734322134192378	214
-0.0448726848441801	0.874846423169941	234
0.0609357763180281	0.734584867529678	281
0.065966939937158	0.913903875523373	106
-0.0340145688215201	1.20018264146141	106
0.098218052467267	1.11451001659966	106
0.060922514554735	0.734512322363123	20
-0.0447668987624801	0.874998371336222	86
-0.08438682576281	1.18431059237427	365
0.068238650614869	1.091256783625	195
-0.00956173625136003	0.719582795507295	147
-0.0442948303691	0.874612671953292	147
0.061014750006396	0.734486826092846	147
-0.0844521998383301	1.18435363304479	147
-0.0335920714567599	1.19974411881959	147
-0.00956173625136003	0.719582795507295	147
0.102743275110927	0.93991294095813	725
0.066237218885544	0.913535369249191	147
0.122850887569758	0.577216000555005	147
-0.08451759652118	1.1843533689843	147
-0.1143440462202	0.540707013154826	406
-0.09711050258711	1.33545673472299	214
0.018362849134788	0.891340886373901	617
0.031966956155177	0.567023112730889	617
0.110307273273172	0.75800789084331	214
0.060606302856461	0.734521811114938	386
-0.0843007427131801	1.18416297802057	214
0.060922514554735	0.734512322363123	214
0.060856765447748	0.734645723530448	234
0.122724705619511	0.577053836575578	234
0.122830062903215	0.577203324418684	281
0.110210273924257	0.758188605908356	281
-0.0109037146347	1.04650903893007	20
0.098068927491198	1.1150442420731	106
0.066218519321411	0.913531824301823	175
-0.0443219952901699	0.87455898053866	86
0.060764483006036	0.73459676282174	147
-0.04454424783783	0.875037302287801	206
-0.11409385166674	0.540651439280993	147
0.061028021479132	0.734455823851989	147
-0.1128224518334	1.62631140046086	147
0.110223747339957	0.758163932303549	32
0.123796442090775	1.13820325501289	214
0.048231954119922	0.27264192625531	386
-0.00949318472380001	0.719548716819513	214
-0.0096302871393199	0.719349342460465	21
0.032904383029822	1.06800777077185	214
-0.00951606416000006	0.719470647168065	214
0.110126732547253	0.758353213221804	281
0.110210273924257	0.758188605908356	20
0.072161834680566	1.25756393776782	106
0.065944925433499	0.91404265035613	106
-0.11409385166674	0.540651439280993	283
-0.00945513744605009	0.719425138137918	86
0.102636452853247	0.940008480427255	365
0.031959373972186	0.567014988604947	678
0.122828533793664	0.577150150243609	147
0.031720314122376	0.567057194652099	147
0.066133612393815	0.913817896990738	147
0.031959373972186	0.567014988604947	21
0.122915077536795	0.577091573709713	281
0.110150082914474	0.758267834539312	214
-0.00949318472380001	0.719548716819513	281
0.018467274549559	0.891190458093011	106
0.047864940117501	0.272770263417896	171
-0.1146996213552	0.541121784175122	175
0.122850887569758	0.577216000555005	175
0.0317352150006121	0.567000612677095	175
0.047755745628836	0.272799090918146	175
0.022255269079648	1.38015062893446	365
0.098074202385922	1.11506632749244	195
0.018680518526093	0.890878556348043	725
0.018441547238006	0.891351129934286	725
0.018415813439741	0.891361705052936	725
0.03185477649666	0.566902385585879	147
0.110260560606779	0.757923214285955	147
0.060790947849236	0.734638357608288	147
-0.0110292229225499	1.04682659260225	147
0.031839735720063	0.567066206054291	147
0.032817848817712	1.06812688940222	214
-0.0674651159672	1.0293099914417	214
-0.00948561465469999	0.719469300354575	617
0.031959373972186	0.567014988604947	21
-0.09724236809706	1.33591396738743	21
0.061001474558287	0.734414306613764	21
-0.11480387759856	0.540899159478976	281
0.110080032811791	0.758268439784129	281
-0.0445171675051601	0.874839243596844	281
0.102764061357437	0.939821244116649	20
0.110330630084249	0.7579225607507	106
-0.03350562865797	1.19962555668558	106
0.12300033719795	0.576773649682754	175
0.031839735720063	0.567066206054291	175
0.060922514554735	0.734512322363123	86
0.123658783671944	1.13863240837444	277
-0.0335920714567599	1.19974411881959	195
0.065985814116982	0.914054579689335	678
0.122871801503524	0.577191008258668	147
-0.00952368242224999	0.719592912783372	147
0.109982983249307	0.758414603504005	725
-0.08428001603188	1.18398362201332	147
-0.04454424783783	0.875037302287801	147
0.018627593052595	0.891057998572292	147
-0.0447804021495899	0.875034643261629	147
0.031839735720063	0.567066206054291	147
-0.00950067227012008	0.71944848988664	32
-0.06757087432184	1.02960559429657	214
0.122764300237126	0.576995364187196	617
0.097968962189366	1.11519561105545	214
-0.11480389157877	0.541093044086259	21
-0.1144886963805	0.541000350984738	21
0.031727756362024	0.567172585007472	21
-0.1146996213552	0.541121784175122	21
0.122957113106258	0.577005310114962	21
0.122915077536795	0.577091573709713	20
0.00784128479357005	1.21751555535523	106
0.11023362676084	0.758010794911154	283
-0.00955415243894997	0.719594277702576	283
0.061093686495544	0.734349776969803	283
-0.00952368242224999	0.719592912783372	283
0.10994611442796	0.758387165212466	106
0.031847247933781	0.567121503023109	175
0.122765969326838	0.57722347245481	175
0.031966956155177	0.567023112730889	175
0.047497389810397	0.272824202108595	175
0.122892804737198	0.577129826927392	175
-0.04454424783783	0.875037302287801	86
0.102568195055912	0.940168529644805	277
0.018653294319131	0.890885888045407	206
-0.00953121808197999	0.719538579271265	725
0.061054552500399	0.733995339864422	147
0.066133612393815	0.913817896990738	147
0.110126732547253	0.758353213221804	147
0.03185477649666	0.566902385585879	147
0.018390073185487	0.891235733129596	147
-0.04446560025431	0.874951843477017	214
0.122765969326838	0.57722347245481	617
0.061106971656411	0.734318770281423	281
-0.0675964565840099	1.02968138226897	281
-0.01106991729155	1.04686660568732	214
-0.0676510708407601	1.02955906828335	214
0.122871801503524	0.577191008258668	281
0.110186921419238	0.758273976852272	20
0.102547440184871	0.940260218229084	106
0.060949034106964	0.734553872901206	283
0.032086881231415	0.566880494409038	171
0.032094549623495	0.566570214515686	175
0.060949034106964	0.734553872901206	175
-0.04422986940011	0.874422999949284	175
0.061251598364894	0.733936477959649	175
0.110043187174885	0.758402852078309	481
0.047755745628836	0.272799090918146	285
0.122892804737198	0.577129826927392	277
-0.0337904430220499	1.20013885545986	195
0.122873399258265	0.577023179258317	147
-0.00952368242224999	0.719592912783372	147
-0.0444384941634399	0.874753778962291	147
0.122849567125542	0.577051214111517	147
-0.00949318472380001	0.719548716819513	21
0.110150082914474	0.758267834539312	214
-0.00945513744605009	0.719425138137918	20
0.110043187174885	0.758402852078309	20
-0.00959222676060989	0.719584185538748	281
0.061093686495544	0.734349776969803	106
-0.00941707623437993	0.719085475768888	171
0.060856765447748	0.734645723530448	20
-0.11480387759856	0.540899159478976	175
0.12300033719795	0.576773649682754	175
-0.06764763891751	1.02934249022698	86
-0.0111557138537499	1.04698444683563	86
-0.00953121808197999	0.719538579271265	481
-0.0628977909939501	1.49354569777032	195
0.018548943881068	0.891182658817562	147
0.10994611442796	0.758387165212466	147
0.122681295519488	0.577012560144428	147
0.031847247933781	0.567121503023109	147
-0.0443219952901699	0.87455898053866	147
0.12280758973809	0.577211271023757	147
0.061041288976964	0.734322134192378	147
0.032191595406	0.566591842753788	147
-0.00951606416000006	0.719470647168065	32
0.060777717413549	0.734669327956872	214
0.122743415309001	0.57705638656403	386
0.122871801503524	0.577191008258668	386
0.0609357763180281	0.734584867529678	21
0.060606302856461	0.734521811114938	214
-0.0336175076704801	1.20000036554384	214
0.018574659801723	0.891193190806152	214
0.122871801503524	0.577191008258668	281
0.047755745628836	0.272799090918146	285
-0.01140058235095	1.36447205132947	365
-0.00959222676060989	0.719584185538748	147
0.0609881951343571	0.734143578649317	147
0.122892804737198	0.577129826927392	147
0.031966956155177	0.567023112730889	147
0.066133612393815	0.913817896990738	147
0.031720314122376	0.567057194652099	147
0.122916744012362	0.576617221119818	147
0.122850887569758	0.577216000555005	147
0.066130265695783	0.913544117933911	147
0.122892804737198	0.577129826927392	147
0.018548943881068	0.891182658817562	214
0.122701912984862	0.577068484962905	617
-0.0441513631561801	0.874134056622482	386
0.018494495669324	0.891295148402178	281
0.122786734926908	0.577236204859608	281
0.018362849134788	0.891340886373901	281
-0.0442026859429301	0.874225060290528	20
0.066111561791409	0.913869462420194	20
-0.11409385166674	0.540651439280993	281
-0.0335310472160599	1.19971263124176	106
-0.0444005593508501	0.874733287180993	106
-0.08432147431859	1.18422470011317	106
0.110116865867852	0.75790953065701	106
-0.1145954954322	0.541089063658969	175
0.032079229085774	0.56691647468837	175
-0.00966077046648994	0.719307892669355	175
-0.00954648594502006	0.719429089721718	481
0.068397626178061	1.090918671406	195
-0.0675179913994	1.02948100786859	147
0.102461369032137	0.940323696699579	147
0.018627593052595	0.891057998572292	147
0.031974554636492	0.56675996581703	32
-0.00948561465469999	0.719469300354575	386
0.061251598364894	0.733936477959649	214
0.110076368438553	0.757781106680667	281
0.0608700095575661	0.734614739532522	106
0.018653294319131	0.890885888045407	106
0.018362849134788	0.891340886373901	283
-0.1145954954322	0.541089063658969	175
-0.1144886963805	0.541000350984738	175
0.065863003575906	0.913629612932512	175
0.122765969326838	0.57722347245481	175
0.122936050643944	0.577066528922155	481
0.048231954119922	0.27264192625531	481
0.066073904973549	0.913145127223089	93
0.109982983249307	0.758414603504005	277
0.031496758217042	0.567042315970506	147
0.018494495669324	0.891295148402178	147
0.031959373972186	0.567014988604947	147
0.060790947849236	0.734638357608288	147
0.018734972891022	0.890557154783962	147
0.10994611442796	0.758387165212466	147
0.110066535075841	0.758398727133385	147
0.061001474558287	0.734414306613764	147
-0.04454424783783	0.875037302287801	32
0.03185477649666	0.566902385585879	32
-0.01098857513235	1.0466444883025	214
-0.00951606416000006	0.719470647168065	214
-0.00966077046648994	0.719307892669355	617
-0.00954648594502006	0.719429089721718	617
0.122850887569758	0.577216000555005	386
0.048598433462579	0.272432782475208	21
-0.0842354030835699	1.18403381258987	214
0.060856765447748	0.734645723530448	21
-0.00952368242224999	0.719592912783372	281
-0.00949318472380001	0.719548716819513	281
0.110066535075841	0.758398727133385	214
-0.04438698797144	0.874823359724042	20
0.122871801503524	0.577191008258668	281
0.06609277487246	0.913789457162529	106
0.122871801503524	0.577191008258668	106
0.01865481887587	0.890952875697173	86
0.0608700095575661	0.734614739532522	175
-0.0676749506448899	1.0295945475418	86
-0.0843007427131801	1.18416297802057	277
0.047497389810397	0.272824202108595	26
0.122936050643944	0.577066528922155	147
-0.1145954954322	0.541089063658969	26
-0.0112867475593299	1.04699179572721	147
0.01852171877891	0.89128782209467	147
0.122871801503524	0.577191008258668	147
0.102743275110927	0.93991294095813	147
0.060843517364767	0.734573163138473	147
-0.04475339899079	0.874836737298934	147
0.031966956155177	0.567023112730889	147
-0.00959222676060989	0.719584185538748	147
-0.00952368242224999	0.719592912783372	32
0.110210273924257	0.758188605908356	214
-0.0676237647283999	1.02968638703922	386
-0.01100712019044	1.0467688034003	214
-0.04459587610723	0.874882532020824	214
0.109982983249307	0.758414603504005	281
-0.0444384941634399	0.874753778962291	20
0.122957113106258	0.577005310114962	281
0.031966956155177	0.567023112730889	20
-0.0444520453949799	0.874915515762286	283
-0.1143440462202	0.540707013154826	171
0.018733436216923	0.890648334294871	175
-0.0676493547222801	1.02971956899807	175
0.0609357763180281	0.734584867529678	175
0.031959373972186	0.567014988604947	481
-0.08438682576281	1.18431059237427	195
0.031966956155177	0.567023112730889	147
0.122850887569758	0.577216000555005	147
-0.0110489251933601	1.04670851481839	147
0.102547440184871	0.940260218229084	74
-0.04459587610723	0.874882532020824	147
0.122786734926908	0.577236204859608	617
0.110140217393594	0.75818922164643	386
-0.0676766626128	1.02972457605802	214
-0.0839327145250801	1.1825370031169	214
0.122871801503524	0.577191008258668	21
-0.04435985610666	0.874625311859659	281
0.122979304866702	0.576798736351056	281
0.032079229085774	0.56691647468837	281
-0.04459587610723	0.874882532020824	175
-0.1144886963805	0.541000350984738	481
0.031966956155177	0.567023112730889	147
0.04812307490303	0.272670624519378	26
0.047864940117501	0.272770263417896	26
0.122765969326838	0.57722347245481	147
-0.00945513744605009	0.719425138137918	147
0.066004605347318	0.913801615790373	147
-0.0674633720414	1.02935545738054	147
-0.0673849388289001	1.02908287832302	147
0.102482118205951	0.94030942754423	307
-0.0507138212365501	1.34947137160839	147
-0.0843422108479699	1.18416873197409	214
-0.0445307058590401	0.875000983365389	214
0.018390073185487	0.891235733129596	214
0.018627593052595	0.891057998572292	386
-0.08425614552937	1.18409554472181	214
-0.0841700861242001	1.183860058015	214
-0.03366331974116	1.2000162830891	281
-0.00953121808197999	0.719538579271265	281
0.102654266238225	0.93991173958222	283
-0.06778078470952	1.02945131019107	283
0.060922514554735	0.734512322363123	283
0.122765969326838	0.57722347245481	175
0.018759121162086	0.890362598460478	175
-0.01092223648267	1.04647115178995	86
0.061080397358425	0.734277294146734	277
0.110223747339957	0.758163932303549	277
-0.0842115976406601	1.18386588923938	277
-0.0109479739537199	1.04629573419161	147
-0.0674378070355801	1.02930498309819	147
0.061251598364894	0.733936477959649	147
0.032214761658003	0.566320089561136	492
0.122894193752737	0.577078965683136	32
0.061080397358425	0.734277294146734	32
0.018731898177944	0.890258161340428	214
0.0609357763180281	0.734584867529678	617
-0.0448591906896001	0.874936506671943	214
0.031966956155177	0.567023112730889	386
0.102591970277568	0.940192360461248	214
-0.00959222676060989	0.719584185538748	214
0.0183885910418971	0.891369034784776	281
-0.04446560025431	0.874951843477017	281
0.061093686495544	0.734349776969803	281
-0.00948561465469999	0.719469300354575	281
0.102698794441381	0.939970942027738	106
0.031959373972186	0.567014988604947	175
0.031847247933781	0.567121503023109	175
0.01854743633026	0.891200517436491	20
-0.04488618261415	0.874514446049686	175
0.032079229085774	0.56691647468837	175
0.066174401668377	0.913722165965181	277
0.066070739361206	0.913928254492498	195
0.047755745628836	0.272799090918146	26
-0.11449125834891	0.540788176297302	147
-0.0841700861242001	1.183860058015	74
-0.01109200987748	1.04692438485415	74
-0.0507780841424299	1.349791008941	74
-0.01100712019044	1.0467688034003	147
-0.05093720940146	1.34983984957122	307
-0.0107561505840501	1.04595121918338	147
0.032071593233322	0.566690436445225	32
0.031832239901136	0.566732996748212	32
-0.01098857513235	1.0466444883025	214
0.110066535075841	0.758398727133385	214
0.110210273924257	0.758188605908356	214
0.0325726353604739	1.06816950991893	214
-0.0445307058590401	0.875000983365389	214
0.065878854445562	0.913915921489835	214
0.018470264235955	0.891040053985082	281
0.032079229085774	0.56691647468837	281
0.122894193752737	0.577078965683136	283
0.031615869941974	0.567051569300168	175
0.060883249694848	0.734481046029501	86
0.061014750006396	0.734486826092846	481
-0.10657950404703	1.48383685949534	365
0.032904383029822	1.06800777077185	277
0.031959373972186	0.567014988604947	147
0.060764483006036	0.73459676282174	147
0.00745110135749105	1.21875163505965	74
0.102134484841739	0.940034215293713	147
-0.00940152571439001	0.719097959638431	32
0.110223747339957	0.758163932303549	214
-0.01122121898675	1.0470081680928	214
-0.0444520453949799	0.874915515762286	214
0.032745782811282	1.06791490925739	106
0.032079229085774	0.56691647468837	20
0.031727756362024	0.567172585007472	175
0.061014750006396	0.734486826092846	175
-0.09748586500187	1.3362794418562	277
0.068361646649024	1.09069899497515	74
0.061041288976964	0.734322134192378	147
0.060790947849236	0.734638357608288	32
-0.11459571417205	0.540895302433044	32
0.065922906349755	0.914094181612971	214
0.109936292712197	0.758045997006066	214
-0.00958459475678008	0.719552722677059	281
-0.00945513744605009	0.719425138137918	20
-0.04460940159171	0.875044256076931	106
-0.08458301578702	1.18430842606492	106
-0.0678080939135699	1.02957183162047	106
0.032079229085774	0.56691647468837	20
0.110163569243204	0.758278106424201	20
0.12280758973809	0.577211271023757	481
0.098018341600509	1.11471568578051	277
0.031608481231659	0.567163423048126	147
0.068267528594792	1.09126353709328	74
0.042334751878688	1.2375012000343	74
-0.0111557138537499	1.04698444683563	307
0.122892804737198	0.577129826927392	214
-0.0446881325680699	0.875044381033776	214
-0.0676220447934699	1.02959898870171	214
0.098151442136748	1.11471005709961	214
0.110186921419238	0.758273976852272	281
-0.1145954954322	0.541089063658969	281
0.0609357763180281	0.734584867529678	20
0.110103382513894	0.758357339826199	20
0.032751522829547	1.06819642967814	106
-0.00962268959251	0.719542660462454	20
0.110210273924257	0.758188605908356	20
-0.00947009883374994	0.719304676003473	175
-0.0442162758538001	0.87438666757598	277
0.01852171877891	0.89128782209467	277
0.119268072781992	1.30057451104105	277
-0.01100712019044	1.0467688034003	195
0.018548943881068	0.891182658817562	74
0.042272950345939	1.23805958415503	307
0.110210273924257	0.758188605908356	617
-0.0444520453949799	0.874915515762286	386
0.061014750006396	0.734486826092846	214
-0.0445577934429899	0.874947175637136	214
0.060843517364767	0.734573163138473	20
0.031966956155177	0.567023112730889	283
-0.1143440462202	0.540707013154826	175
-0.03366331974116	1.2000162830891	20
0.03309766739638	1.06706017561046	175
0.00755960685033796	1.21861263453586	365
0.098090266434572	1.11445267211647	567
-0.0109037146347	1.04650903893007	277
-0.0442026859429301	0.874225060290528	74
0.110150082914474	0.758267834539312	74
0.018362849134788	0.891340886373901	74
-0.08445551386974	1.18378940346143	74
-0.0841700861242001	1.183860058015	147
0.066259290520992	0.91348379854643	307
0.031847247933781	0.567121503023109	32
0.097941017588138	1.11507205382206	214
-0.03394308249163	1.19996492680522	214
0.018387107711221	0.890911942182745	214
-0.0111144293240799	1.04677144394078	813
0.0682747006237	1.09110798624752	106
-0.00952368242224999	0.719592912783372	106
-0.04437342022381	0.87478702664477	703
0.122871801503524	0.577191008258668	20
0.110150082914474	0.758267834539312	175
-0.08451759652118	1.1843533689843	147
0.032191595406	0.566591842753788	74
-0.0335971755572899	1.19988500775753	74
-0.00949318472380001	0.719548716819513	147
-0.00956173625136003	0.719582795507295	147
0.110019839610098	0.758313948686625	147
-0.0111144293240799	1.04677144394078	307
-0.0445577934429899	0.874947175637136	147
-0.01146288489921	1.04662007258095	32
-0.03399427706876	1.20006738094579	214
0.042460797325766	1.23752287917278	214
-0.0110292229225499	1.04682659260225	214
0.033011138758799	1.0675631016747	214
0.031951808133683	0.566741793143772	617
-0.0674633720414	1.02935545738054	214
-0.0446229306980801	0.875080562846637	214
0.10994611442796	0.758387165212466	281
0.122850887569758	0.577216000555005	20
0.018601885262457	0.89108804281965	20
0.032924605114544	1.0679050257715	106
-0.0676237647283999	1.02968638703922	106
0.031966956155177	0.567023112730889	703
0.122894193752737	0.577078965683136	703
0.031847247933781	0.567121503023109	703
0.066007843702619	0.914003033691674	20
-0.00952368242224999	0.719592912783372	20
0.122850887569758	0.577216000555005	175
0.122849567125542	0.577051214111517	481
0.032771733387711	1.0681833497165	365
0.075715972193659	1.41660730898163	567
0.061106971656411	0.734318770281423	74
0.122913897302031	0.57703082808025	74
-0.06287683213136	1.49337609217389	74
-0.06754529803915	1.02935372906116	214
-0.0675179913994	1.02948100786859	214
0.031727756362024	0.567172585007472	617
0.031847247933781	0.567121503023109	214
-0.04438698797144	0.874823359724042	214
0.110353987217274	0.757744848510225	214
0.061001474558287	0.734414306613764	281
0.066070739361206	0.913928254492498	20
-0.0112278248267399	1.36389990595108	813
-0.04460940159171	0.875044256076931	106
-0.11409385166674	0.540651439280993	703
0.110186921419238	0.758273976852272	20
0.122745292903087	0.577167546274364	175
0.032827146285232	1.53749063950567	567
0.032506236541136	1.06808572954884	195
0.061054552500399	0.733995339864422	74
0.122681295519488	0.577012560144428	74
0.018733436216923	0.890648334294871	147
0.102351408897053	0.940306894743437	147
0.032079229085774	0.56691647468837	214
0.122957113106258	0.577005310114962	214
0.060777717413549	0.734669327956872	214
-0.1146996213552	0.541121784175122	214
0.022360631041065	1.37989654842354	214
0.061212470398299	0.733678163180558	214
0.032079229085774	0.56691647468837	214
-0.00956173625136003	0.719582795507295	20
0.122915077536795	0.577091573709713	20
-0.03350562865797	1.19962555668558	106
0.031847247933781	0.567121503023109	703
0.066048699269289	0.913979811896187	365
0.098107523642557	1.1149831143537	195
0.032598622313073	1.06814250103363	74
0.122978264954337	0.576906289496621	147
0.065985814116982	0.914054579689335	74
-0.10646373891316	1.48347777736668	307
-0.11469959880058	0.540907832368884	492
-0.1145954954322	0.541089063658969	32
0.047497389810397	0.272824202108595	492
0.122830062903215	0.577203324418684	214
-0.0675162554853099	1.0294800228211	214
0.031966956155177	0.567023112730889	281
-0.1145954954322	0.541089063658969	772
0.060949034106964	0.734553872901206	813
0.061028021479132	0.734455823851989	20
0.032327382754399	0.566440097305884	265
0.109982983249307	0.758414603504005	20
-0.01152424842893	1.36417642908161	195
0.066070739361206	0.913928254492498	195
-0.10663025594682	1.48341554251906	195
0.018495994737287	0.891238633380212	147
0.0661556584154081	0.913679106263852	121
0.102743275110927	0.93991294095813	74
0.0609357763180281	0.734584867529678	147
0.109992802812111	0.758124032531201	307
0.122701912984862	0.577068484962905	147
-0.11469959880058	0.540907832368884	492
0.065963779951847	0.914018836599402	214
0.102698794441381	0.939970942027738	214
-0.04447915874277	0.874861737721261	80
-0.0336581794351001	1.19991646024318	214
-0.0844521998383301	1.18435363304479	214
0.110126732547253	0.758353213221804	214
0.12280758973809	0.577211271023757	20
-0.07259890262312	1.63396298361277	20
0.0317352150006121	0.567000612677095	265
-0.11423834940659	0.540537025048118	265
0.032086881231415	0.566880494409038	481
0.018680518526093	0.890878556348043	481
0.018601885262457	0.89108804281965	277
0.072029198419124	1.25741543743741	195
-0.01150112825717	1.36451584130126	195
0.0423167417687	1.23809004308569	74
-0.03350562865797	1.19962555668558	74
-0.06772956796868	1.0297201300256	74
0.06609277487246	0.913789457162529	147
0.060856765447748	0.734645723530448	147
0.122830062903215	0.577203324418684	147
0.032191595406	0.566591842753788	32
-0.00962268959251	0.719542660462454	214
-0.04422986940011	0.874422999949284	20
-0.09737429445385	1.33618961895253	813
-0.06757087432184	1.02960559429657	813
0.065863003575906	0.913629612932512	20
0.0658599759831871	0.914098152341415	106
0.04812307490303	0.272670624519378	588
0.0323118148547	0.566449087740737	265
-0.0445307058590401	0.875000983365389	481
0.0754877661726781	1.41753220294386	121
-0.0676749506448899	1.0295945475418	74
0.060922514554735	0.734512322363123	147
0.102615662822086	0.939834486849967	147
-0.00955415243894997	0.719594277702576	147
0.048231954119922	0.27264192625531	492
0.031839735720063	0.567066206054291	492
0.032086881231415	0.566880494409038	727
0.122786734926908	0.577236204859608	727
0.110223747339957	0.758163932303549	80
0.018441547238006	0.891351129934286	80
0.060896485860232	0.734154207204953	214
-0.1143440462202	0.540707013154826	632
0.122894193752737	0.577078965683136	632
0.068115697943313	1.09140457364152	106
-0.00953121808197999	0.719538579271265	265
-0.00948561465469999	0.719469300354575	175
-0.04460940159171	0.875044256076931	277
0.110103382513894	0.758357339826199	277
-0.04460940159171	0.875044256076931	831
-0.01121771699011	1.36405176431989	74
0.0609357763180281	0.734584867529678	147
0.060962287922118	0.734420173128497	147
0.065944925433499	0.91404265035613	147
-0.1145954954322	0.541089063658969	147
0.048598433462579	0.272432782475208	492
-0.0445307058590401	0.875000983365389	214
-0.00959977615633001	0.719347916460793	80
0.0608700095575661	0.734614739532522	80
0.042460797325766	1.23752287917278	214
0.110210273924257	0.758188605908356	214
-0.0442948303691	0.874612671953292	813
0.032996485716648	1.06761328279377	20
0.122915077536795	0.577091573709713	20
0.109982983249307	0.758414603504005	20
0.122894193752737	0.577078965683136	20
0.110089883315592	0.75831334866461	86
0.031847247933781	0.567121503023109	481
0.110140217393594	0.75818922164643	481
0.123637762281472	1.13864526852551	377
0.122765969326838	0.57722347245481	831
0.048231954119922	0.27264192625531	831
0.122957113106258	0.577005310114962	147
0.00757379980473305	1.21832402858514	74
0.061185884621858	0.734138351979046	147
0.048231954119922	0.27264192625531	492
0.066174401668377	0.913722165965181	214
0.032327382754399	0.566440097305884	80
-0.06754356591929	1.02960059011662	214
0.12280758973809	0.577211271023757	214
0.032771733387711	1.0681833497165	214
0.10224131540215	0.940066612727466	214
-0.04447915874277	0.874861737721261	20
0.032086881231415	0.566880494409038	772
-0.0675179913994	1.02948100786859	20
0.048231954119922	0.27264192625531	265
-0.11459571417205	0.540895302433044	265
-0.1146996213552	0.541121784175122	265
0.122850887569758	0.577216000555005	481
0.075775668013063	1.41592669840765	195
0.032817848817712	1.06812688940222	195
-0.1145954954322	0.541089063658969	831
-0.04426767998017	0.874053642748374	831
0.00737899062069702	1.2187820399153	121
-0.10643563775539	1.48343306154168	74
0.122870689764117	0.576908736532363	727
-0.0673849388289001	1.02908287832302	727
-0.0109664578361399	1.04668877277751	214
-0.01107344162228	1.04661310520642	214
-0.0445307058590401	0.875000983365389	214
0.110126732547253	0.758353213221804	214
-0.0446229306980801	0.875080562846637	813
0.122809327469738	0.577147451985876	632
0.102464373246621	0.939624540059683	20
0.031615869941974	0.567051569300168	265
0.122936050643944	0.577066528922155	265
-0.0970445927363299	1.33515362586304	277
0.048231954119922	0.27264192625531	831
-0.00959977615633001	0.719347916460793	831
0.102612740345623	0.940178061589571	74
0.048231954119922	0.27264192625531	492
0.123020836922725	0.576562714951828	147
-0.00949318472380001	0.719548716819513	147
-0.04424346658303	0.87433303486305	727
0.031839735720063	0.567066206054291	214
0.110223747339957	0.758163932303549	214
0.066196462785352	0.913670596019875	214
-0.00950067227012008	0.71944848988664	20
0.0609357763180281	0.734584867529678	20
0.122722619569568	0.577081252829866	481
-0.11459571417205	0.540895302433044	831
-0.0111799569019	1.04679521053548	74
0.032904383029822	1.06800777077185	307
-0.00959222676060989	0.719584185538748	147
0.12300033719795	0.576773649682754	147
0.122786734926908	0.577236204859608	232
-0.0673593875976399	1.02880675001314	214
-0.0111989968050601	1.04676944355582	20
-0.00950836314294001	0.719089409895543	20
0.102440615115746	0.940255157185055	106
-0.04438698797144	0.874823359724042	20
-0.04460940159171	0.875044256076931	265
-0.0675964565840099	1.02968138226897	86
-0.0839327145250801	1.1825370031169	365
-0.10671814175597	1.4837991463385	377
0.066174401668377	0.913722165965181	337
0.122786734926908	0.577236204859608	675
-0.00953121808197999	0.719538579271265	76
-0.04454424783783	0.875037302287801	583
-0.00952368242224999	0.719592912783372	74
-0.0675162554853099	1.0294800228211	74
0.066111561791409	0.913869462420194	147
-0.0674378070355801	1.02930498309819	147
0.122915077536795	0.577091573709713	727
0.032086881231415	0.566880494409038	232
-0.0844521998383301	1.18435363304479	80
0.060777717413549	0.734669327956872	80
-0.0445577934429899	0.874947175637136	20
-0.03370397294107	1.20014450289202	20
0.110260560606779	0.757923214285955	20
0.068296412155814	1.09118687231564	20
-0.04446560025431	0.874951843477017	265
0.060790947849236	0.734638357608288	831
0.0609357763180281	0.734584867529678	675
0.042234360796321	1.23793018855622	121
0.00588197924746503	1.5200045607929	121
-0.0444520453949799	0.874915515762286	583
0.12280758973809	0.577211271023757	74
0.018494495669324	0.891295148402178	74
-0.00956173625136003	0.719582795507295	147
0.109959637811511	0.758325708685114	307
0.032079229085774	0.56691647468837	147
-0.00950067227012008	0.71944848988664	492
-0.00943210635186009	0.719314837631752	147
0.110103382513894	0.758357339826199	727
-0.0442948303691	0.874612671953292	214
0.061014750006396	0.734486826092846	20
-0.08438682576281	1.18431059237427	20
0.031720314122376	0.567057194652099	772
-0.0674906827344	1.02947600253339	20
0.122765969326838	0.57722347245481	20
0.031847247933781	0.567121503023109	20
-0.1143440462202	0.540707013154826	20
0.122786734926908	0.577236204859608	20
0.110247101668791	0.758159798405766	20
-0.0445577934429899	0.874947175637136	265
-0.0676237647283999	1.02968638703922	86
0.033082987067662	1.0674734320829	86
0.018229675922561	0.89118068462681	86
0.122786734926908	0.577236204859608	481
0.00278121145617005	1.82099053036873	377
-0.00954648594502006	0.719429089721718	337
0.122722619569568	0.577081252829866	831
0.031847247933781	0.567121503023109	147
0.110210273924257	0.758188605908356	147
0.110136580822085	0.757769294225534	727
0.032990912236226	1.06776186767796	214
-0.04446560025431	0.874951843477017	20
0.110053021620181	0.758147293453786	813
0.122849567125542	0.577051214111517	20
0.0609881951343571	0.734143578649317	20
0.110140217393594	0.75818922164643	265
0.110163569243204	0.758278106424201	86
0.04812307490303	0.272670624519378	26
-0.04438698797144	0.874823359724042	675
0.066007843702619	0.914003033691674	74
0.03286393083119	1.06793806756168	74
0.122765969326838	0.57722347245481	232
0.122871801503524	0.577191008258668	214
0.0609357763180281	0.734584867529678	214
0.122765969326838	0.57722347245481	80
0.018733436216923	0.890648334294871	80
0.068202682441025	1.09032125746656	20
-0.08442828207497	1.18405467928785	813
-0.08406029532364	1.18342931697841	813
0.109922770760536	0.758391290815041	813
0.110247101668791	0.758159798405766	20
0.122850887569758	0.577216000555005	20
0.122828533793664	0.577150150243609	20
-0.04435985610666	0.874625311859659	20
0.00761014885896605	1.21850920142598	337
-0.00955415243894997	0.719594277702576	583
0.110223747339957	0.758163932303549	74
0.018682046687891	0.89073648086914	74
0.110126732547253	0.758353213221804	74
0.061159282938835	0.734096925613319	727
-0.09724236809706	1.33591396738743	727
0.031959373972186	0.567014988604947	232
0.01833562708671	0.891348219855638	214
0.01865481887587	0.890952875697173	214
0.032079229085774	0.56691647468837	214
0.122873399258265	0.577023179258317	202
0.066133612393815	0.913817896990738	106
0.031847247933781	0.567121503023109	20
-0.00955415243894997	0.719594277702576	265
0.110247101668791	0.758159798405766	265
-0.06749242287696	1.02918275724483	86
-0.1127960004422	1.62631086463846	365
0.072114742409588	1.25776216142976	365
0.032086881231415	0.566880494409038	337
-0.0676749506448899	1.0295945475418	121
-0.08438682576281	1.18431059237427	121
0.110043187174885	0.758402852078309	76
0.032086881231415	0.566880494409038	74
0.066215142670211	0.913499728136811	74
0.110043187174885	0.758402852078309	147
0.122913897302031	0.57703082808025	80
-0.0445577934429899	0.874947175637136	80
-0.04437342022381	0.87478702664477	80
0.122850887569758	0.577216000555005	214
0.122873399258265	0.577023179258317	20
0.110066535075841	0.758398727133385	20
0.060856765447748	0.734645723530448	20
0.066174401668377	0.913722165965181	20
0.042211305803683	1.23818697801754	380
0.110307273273172	0.75800789084331	265
0.0609357763180281	0.734584867529678	86
-0.03790762419121	1.64502737980272	365
0.123749769097589	1.13842380055509	365
0.122830062903215	0.577203324418684	675
0.122913897302031	0.57703082808025	675
-0.0676766626128	1.02972457605802	74
0.06609277487246	0.913789457162529	74
-0.0444005593508501	0.874733287180993	727
-0.0110489251933601	1.04670851481839	214
0.110270456321804	0.758074443440553	214
0.122894193752737	0.577078965683136	214
-0.0443084110125001	0.874649006739739	214
0.03243225177931	0.566259034919588	329
0.060645912168345	0.734429846552257	20
-0.0109664578361399	1.04668877277751	813
0.110150082914474	0.758267834539312	20
0.032924605114544	1.0679050257715	380
-0.06770226032767	1.02971511897472	86
0.066111561791409	0.913869462420194	337
-0.0442162758538001	0.87438666757598	337
0.110247101668791	0.758159798405766	675
-0.0110513300666999	1.04678228127872	76
-0.01120058538935	1.04695271671224	74
-0.00952368242224999	0.719592912783372	74
-0.06770226032767	1.02971511897472	341
-0.00962268959251	0.719542660462454	80
-0.0445577934429899	0.874947175637136	214
0.061106971656411	0.734318770281423	20
-0.0446229306980801	0.875080562846637	20
0.110126732547253	0.758353213221804	813
-0.0445307058590401	0.875000983365389	20
0.110019839610098	0.758313948686625	20
0.066218519321411	0.913531824301823	265
0.109899427439278	0.758302416946051	841
0.110247101668791	0.758159798405766	537
-0.0442026859429301	0.874225060290528	537
0.031959373972186	0.567014988604947	584
0.032199301264988	0.566773743831677	253
0.122936050643944	0.577066528922155	74
0.066215142670211	0.913499728136811	307
0.031966956155177	0.567023112730889	232
0.068339885220984	1.09098852714648	214
0.066259290520992	0.91348379854643	214
0.102746090959797	0.93949918990685	20
-0.0337497983296899	1.20022282333808	380
0.122788681233789	0.577033792669191	745
-0.00950067227012008	0.71944848988664	86
-0.11769448661724	1.76586086341048	121
0.031966956155177	0.567023112730889	648
-0.11469972387002	0.540927932422351	584
0.066196462785352	0.913670596019875	74
-0.0675981806957899	1.02947828761807	74
-0.00959222676060989	0.719584185538748	462
0.032777405495927	1.0678390027079	307
-0.0673849388289001	1.02908287832302	147
0.048231954119922	0.27264192625531	232
0.122849567125542	0.577051214111517	232
-0.00955415243894997	0.719594277702576	80
0.12280758973809	0.577211271023757	80
-0.1146996213552	0.541121784175122	202
0.047755745628836	0.272799090918146	830
0.032327382754399	0.566440097305884	576
-0.11369961316531	0.540175728256294	576
-0.1144886963805	0.541000350984738	576
0.00765331212197296	1.21825890731164	380
0.032079229085774	0.56691647468837	86
-0.11449125834891	0.540788176297302	285
0.102547440184871	0.940260218229084	365
0.047755745628836	0.272799090918146	584
0.122870689764117	0.576908736532363	462
-0.1144886963805	0.541000350984738	462
-0.11459535646121	0.54087500274063	462
0.048489868525968	0.272461351367526	341
0.048598433462579	0.272432782475208	552
0.042494209508226	1.23738058036974	307
0.102591970277568	0.940192360461248	307
0.047864940117501	0.272770263417896	232
0.047864940117501	0.272770263417896	232
0.0609357763180281	0.734584867529678	80
0.047755745628836	0.272799090918146	202
0.042388770718564	1.23786968455214	20
-0.09741985758335	1.33624984776813	106
0.031727756362024	0.567172585007472	20
0.047864940117501	0.272770263417896	576
0.047864940117501	0.272770263417896	576
0.048231954119922	0.27264192625531	745
0.031615869941974	0.567051569300168	285
0.09785727734734	1.27761607322721	121
0.031959373972186	0.567014988604947	76
0.110043187174885	0.758402852078309	76
0.031727756362024	0.567172585007472	76
-0.00953121808197999	0.719538579271265	584
0.047864940117501	0.272770263417896	584
0.048598433462579	0.272432782475208	462
0.032199301264988	0.566773743831677	202
0.031966956155177	0.567023112730889	731
0.065963779951847	0.914018836599402	813
0.109982983249307	0.758414603504005	20
-0.0336581794351001	1.19991646024318	380
-0.08438682576281	1.18431059237427	380
-0.0806912952012	1.77386835176024	365
-0.0382628854907701	1.64572581857179	121
-0.11394961846196	0.540358650867839	648
0.031847247933781	0.567121503023109	584
-0.03355138611036	1.19982797735367	74
-0.0442948303691	0.874612671953292	462
0.031847247933781	0.567121503023109	232
-0.0442162758538001	0.87438666757598	80
-0.11459571417205	0.540895302433044	202
-0.11480389157877	0.541093044086259	202
-0.02557241795456	1.50455297585593	27
-0.04447915874277	0.874861737721261	20
0.0323118148547	0.566449087740737	722
0.123633263905006	1.13842185094421	380
0.122786734926908	0.577236204859608	841
0.032071593233322	0.566690436445225	537
0.048598433462579	0.272432782475208	26
-0.0443219952901699	0.87455898053866	76
0.048598433462579	0.272432782475208	584
0.102850098356703	0.93946085437114	583
-0.1145954954322	0.541089063658969	253
-0.1146996213552	0.541121784175122	253
-0.00951606416000006	0.719470647168065	462
-0.00946265936106006	0.719458642516027	462
-0.11449125834891	0.540788176297302	341
0.077088698556577	1.74573562277346	600
0.032079229085774	0.56691647468837	530
0.048231954119922	0.27264192625531	202
0.122768124158346	0.576787266786253	731
0.032207023364778	0.566690506749215	329
-0.11409385166674	0.540651439280993	329
0.048231954119922	0.27264192625531	830
0.032079229085774	0.56691647468837	722
0.122786734926908	0.577236204859608	722
0.031727756362024	0.567172585007472	722
0.0323118148547	0.566449087740737	722
-0.0109850218709899	1.04660896365302	20
0.047755745628836	0.272799090918146	576
-0.00871155050030992	1.66045533301944	380
0.097864600399743	1.27760430040867	380
0.04812307490303	0.272670624519378	745
0.110019839610098	0.758313948686625	86
0.061106971656411	0.734318770281423	86
-0.05067712763806	1.34965680556092	365
0.032673778840232	0.565624769217039	648
0.047755745628836	0.272799090918146	253
0.122871801503524	0.577191008258668	462
-0.0258682358556701	1.50577798025568	307
0.066026654597668	0.913944086266714	80
-0.01120058538935	1.04695271671224	80
0.047864940117501	0.272770263417896	202
-0.00945513744605009	0.719425138137918	731
-0.11423834940659	0.540537025048118	731
-0.11459535646121	0.54087500274063	329
-0.00953121808197999	0.719538579271265	20
0.122850887569758	0.577216000555005	810
0.047864940117501	0.272770263417896	576
0.032086881231415	0.566880494409038	20
0.04812307490303	0.272670624519378	745
0.065941741208157	0.913876341257033	515
0.122786734926908	0.577236204859608	128
-0.00959977615633001	0.719347916460793	76
-0.11355579595234	0.53988363364333	584
0.0317352150006121	0.567000612677095	253
0.061041288976964	0.734322134192378	462
-0.0338107691231599	1.19990227690779	307
0.065797023033157	0.914065073356353	307
0.061080397358425	0.734277294146734	107
0.060949034106964	0.734553872901206	552
-0.00958459475678008	0.719552722677059	552
0.04812307490303	0.272670624519378	530
0.122915077536795	0.577091573709713	530
0.068224100741748	1.09115497721032	27
-0.04446560025431	0.874951843477017	20
-0.0110292229225499	1.04682659260225	813
0.068325301302859	1.09102669388464	813
0.110223747339957	0.758163932303549	20
-0.10658469905574	1.48358671222384	101
0.09832329389196	1.11385840528622	365
-0.04915439664571	1.78615974281514	365
0.123682102336998	1.13860186848024	365
0.0660518891317951	0.913618848568669	76
0.066111561791409	0.913869462420194	76
0.0681880344578319	1.09133812448806	74
0.06609277487246	0.913789457162529	74
0.110223747339957	0.758163932303549	74
0.061014750006396	0.734486826092846	462
-0.0334395457344401	1.19936448777331	74
-0.05068476905645	1.34960511710079	307
-0.00951606416000006	0.719470647168065	107
0.050915186097637	1.39732656630186	307
0.032817848817712	1.06812688940222	80
0.032086881231415	0.566880494409038	530
0.110330630084249	0.7579225607507	214
-0.04446560025431	0.874951843477017	329
-0.00958459475678008	0.719552722677059	329
0.110103382513894	0.758357339826199	324
0.122765969326838	0.57722347245481	324
0.068238650614869	1.091256783625	20
0.061243347681466	0.733858328376305	20
0.0659008826868051	0.914058426198824	20
0.048598433462579	0.272432782475208	576
-0.0977247742657299	1.33599972067729	380
-0.04454424783783	0.875037302287801	380
0.110103382513894	0.758357339826199	380
0.042383578448162	1.23791559703069	380
0.110260560606779	0.757923214285955	86
0.047387879055768	0.272853156193857	26
0.032094549623495	0.566570214515686	515
-0.00942463255137005	0.719335114329613	515
-0.1146996213552	0.541121784175122	520
0.122701912984862	0.577068484962905	76
-0.0337243033016801	1.20004770280729	76
-0.0674360593176	1.02910344958402	76
0.018414326479441	0.891246435034977	583
0.018574659801723	0.891193190806152	74
-0.0444927208617201	0.874529546850024	107
0.122913897302031	0.57703082808025	80
0.110186921419238	0.758273976852272	214
-0.04454424783783	0.875037302287801	731
0.110126732547253	0.758353213221804	214
0.110200393332759	0.758075075130584	324
-0.1143440462202	0.540707013154826	324
0.102482118205951	0.94030942754423	20
0.0183885910418971	0.891369034784776	20
-0.00953121808197999	0.719538579271265	295
-0.09746070547762	1.33615088910167	209
0.072294519129985	1.25693833075152	365
-0.0845383005732801	1.18429735969941	121
0.060856765447748	0.734645723530448	76
0.110344077545518	0.757817202440817	76
0.122786734926908	0.577236204859608	76
-0.0676766626128	1.02972457605802	583
-0.0112418576936999	1.04696151548129	74
-0.1146996213552	0.541121784175122	107
0.032904383029822	1.06800777077185	307
0.060817396807917	0.73417788804236	80
-0.00947009883374994	0.719304676003473	80
-0.00945513744605009	0.719425138137918	530
0.110427590456651	0.757565464659146	214
-0.06754356591929	1.02960059011662	214
0.122786734926908	0.577236204859608	214
0.060962287922118	0.734420173128497	554
0.06819520125749	1.09131519015588	20
0.018706211636444	0.890655671091952	20
0.110103382513894	0.758357339826199	20
0.018494495669324	0.891295148402178	20
-0.11480398571088	0.54087926587085	810
0.122745292903087	0.577167546274364	295
0.065963779951847	0.914018836599402	295
0.110307273273172	0.75800789084331	86
0.102698794441381	0.939970942027738	86
0.00574013513904204	1.52040748696154	365
-0.1144886963805	0.541000350984738	128
-0.0674889430171199	1.02922796641989	583
0.122786734926908	0.577236204859608	462
-0.0447939091537699	0.874944528103677	462
-0.0442948303691	0.874612671953292	462
0.102482118205951	0.94030942754423	307
-0.11355579595234	0.53988363364333	80
0.122850887569758	0.577216000555005	214
0.0609357763180281	0.734584867529678	214
0.122871801503524	0.577191008258668	685
0.01833562708671	0.891348219855638	685
-0.0444520453949799	0.874915515762286	20
0.0609357763180281	0.734584867529678	20
0.061172585768852	0.734169359590649	20
0.031727756362024	0.567172585007472	810
0.065881984569559	0.914046639201442	380
0.018362849134788	0.891340886373901	86
0.033082987067662	1.0674734320829	86
0.102372132479148	0.940215274127897	365
-0.03815394470453	1.64581612165082	365
0.0948448055133539	1.60405479354826	377
-0.1146996213552	0.541121784175122	520
0.031847247933781	0.567121503023109	128
0.031839735720063	0.567066206054291	128
0.110126732547253	0.758353213221804	74
0.12280758973809	0.577211271023757	462
-0.00958459475678008	0.719552722677059	74
-0.00951606416000006	0.719470647168065	107
-0.00959222676060989	0.719584185538748	80
0.031839735720063	0.567066206054291	80
0.066237218885544	0.913535369249191	80
-0.0841255560090199	1.18370102376939	80
0.060817396807917	0.73417788804236	214
-0.0444384941634399	0.874753778962291	214
-0.11490830644642	0.540939147061005	324
-0.00951606416000006	0.719470647168065	324
-0.00945513744605009	0.719425138137918	20
0.061199179498226	0.734004736031384	20
0.122892804737198	0.577129826927392	20
0.0680217093726	1.09099148557421	101
0.122765969326838	0.57722347245481	295
0.060777717413549	0.734669327956872	314
0.109969458444249	0.758301811363702	209
0.122850887569758	0.577216000555005	515
-0.00951606416000006	0.719470647168065	128
-0.0975975236615401	1.33607729283158	121
-0.01106991729155	1.04686660568732	583
-0.09733343839638	1.33604860809438	74
0.0323118148547	0.566449087740737	462
0.0609357763180281	0.734584867529678	462
0.060962287922118	0.734420173128497	74
0.110210273924257	0.758188605908356	74
-0.0445577934429899	0.874947175637136	107
-0.1144886963805	0.541000350984738	107
0.032094549623495	0.566570214515686	80
0.060764483006036	0.73459676282174	214
0.102743275110927	0.93991294095813	27
0.047864940117501	0.272770263417896	324
0.12280758973809	0.577211271023757	20
0.060725061798268	0.734489132094102	101
0.01854743633026	0.891200517436491	86
0.122871801503524	0.577191008258668	128
0.022387647177464	1.38002903803168	121
-0.08425614552937	1.18409554472181	583
0.018548943881068	0.891182658817562	74
0.061159282938835	0.734096925613319	74
-0.00953121808197999	0.719538579271265	107
0.122979304866702	0.576798736351056	80
-0.0675691464047901	1.02956080335463	80
0.110163569243204	0.758278106424201	214
0.110113231896788	0.758135516388884	220
0.110066535075841	0.758398727133385	214
-0.02572843440295	1.50545796853859	214
-0.1145954954322	0.541089063658969	324
0.12280758973809	0.577211271023757	324
-0.01094434495271	1.04663097728092	20
-0.00956173625136003	0.719582795507295	20
-0.06770226032767	1.02971511897472	554
-0.04446560025431	0.874951843477017	20
-0.00955415243894997	0.719594277702576	20
0.04220091641651	1.23799944214178	101
0.031966956155177	0.567023112730889	295
0.122809327469738	0.577147451985876	314
-0.0443219952901699	0.87455898053866	314
-0.0678080939135699	1.02957183162047	128
0.098112817874035	1.11492831971185	74
-0.00949318472380001	0.719548716819513	462
0.018627593052595	0.891057998572292	80
-0.0336836450885101	1.20013164447268	80
-0.0674633720414	1.02935545738054	20
-0.11459535646121	0.54087500274063	20
-0.00966077046648994	0.719307892669355	20
-0.1145954954322	0.541089063658969	20
-0.00956923753491989	0.719303703505991	295
0.061041288976964	0.734322134192378	295
-0.0214205847498701	1.80168373600082	377
-0.0676493547222801	1.02971956899807	128
0.097788398572225	1.27799218750125	121
-0.0339280542007401	1.20014027494815	74
-0.0444384941634399	0.874753778962291	74
-0.06749242287696	1.02918275724483	107
-0.1145954954322	0.541089063658969	107
0.032199301264988	0.566773743831677	107
0.122830062903215	0.577203324418684	107
-0.00948561465469999	0.719469300354575	80
0.018362849134788	0.891340886373901	214
0.018787891319224	0.890327089462272	214
0.018548943881068	0.891182658817562	27
-0.1145954954322	0.541089063658969	324
-0.00946265936106006	0.719458642516027	324
0.03185477649666	0.566902385585879	324
0.122936050643944	0.577066528922155	20
0.031966956155177	0.567023112730889	20
-0.11394961846196	0.540358650867839	20
0.102526680568705	0.940274502101517	20
0.031847247933781	0.567121503023109	314
-0.0334599033012499	1.19926785168813	782
0.042111148863313	1.23796718903311	209
-0.00851173781881998	1.65984027813208	365
0.047755745628836	0.272799090918146	26
0.110186921419238	0.758273976852272	515
-0.00951606416000006	0.719470647168065	520
0.032685180339438	1.06822947521946	74
0.102873722301616	0.939502079698032	74
0.06609277487246	0.913789457162529	74
0.066111561791409	0.913869462420194	74
0.12300033719795	0.576773649682754	462
-0.0676237647283999	1.02968638703922	74
-0.0676493547222801	1.02971956899807	107
-0.1144886963805	0.541000350984738	107
0.122849567125542	0.577051214111517	619
-0.0446746199444299	0.87488269178405	619
0.122892804737198	0.577129826927392	685
-0.0675964565840099	1.02968138226897	685
0.122786734926908	0.577236204859608	324
0.061001474558287	0.734414306613764	324
-0.0110106968406201	1.04647536420941	20
-0.0110513300666999	1.04678228127872	295
0.122913897302031	0.57703082808025	86
0.0661556584154081	0.913679106263852	86
0.122871801503524	0.577191008258668	28
0.0223435159872289	1.38016258055009	365
0.060777717413549	0.734669327956872	128
0.061172585768852	0.734169359590649	74
-0.04454424783783	0.875037302287801	74
-0.09737429445385	1.33618961895253	74
-0.04447915874277	0.874861737721261	462
0.018573147361327	0.890960687427876	107
-0.04416497325109	0.874044170634651	107
-0.11459571417205	0.540895302433044	80
0.110043187174885	0.758402852078309	80
0.061264760359251	0.73390564546803	214
0.122850887569758	0.577216000555005	220
0.032207023364778	0.566690506749215	619
0.031847247933781	0.567121503023109	399
-0.04438698797144	0.874823359724042	399
0.060922514554735	0.734512322363123	399
0.102615662822086	0.939834486849967	324
-0.00949318472380001	0.719548716819513	324
-0.0675691464047901	1.02956080335463	20
0.032884158269554	1.06802087090465	20
-0.0675964565840099	1.02968138226897	20
0.1023960356935	0.940339593994941	554
-0.00958459475678008	0.719552722677059	324
0.102764061357437	0.939821244116649	20
0.031966956155177	0.567023112730889	629
0.018548943881068	0.891182658817562	380
0.110140217393594	0.75818922164643	86
0.122786734926908	0.577236204859608	86
-0.0844107848588001	1.18411261581604	86
0.066048699269289	0.913979811896187	782
-0.10674084139404	1.48362821935029	365
-0.00945513744605009	0.719425138137918	385
0.122936050643944	0.577066528922155	583
0.068282166521852	1.09066700072663	74
-0.0674889430171199	1.02922796641989	74
0.01854743633026	0.891200517436491	74
0.066007843702619	0.914003033691674	80
-0.04446560025431	0.874951843477017	220
0.066026654597668	0.913944086266714	27
0.122871801503524	0.577191008258668	619
-0.11469972387002	0.540927932422351	619
-0.00946265936106006	0.719458642516027	619
-0.10660230793931	1.48380957861403	20
-0.0674651159672	1.0293099914417	554
-0.10655832442322	1.48314418017563	554
0.061172585768852	0.734169359590649	20
0.06816630737094	1.09139188343664	101
-0.04435985610666	0.874625311859659	314
0.098223364754601	1.11431635612156	365
-0.00950807744836002	0.71906994013096	74
-0.00949318472380001	0.719548716819513	385
-0.00952368242224999	0.719592912783372	385
0.122830062903215	0.577203324418684	462
-0.08434538913818	1.18406953562115	74
0.050901248652748	1.39794423411131	74
0.060830265308043	0.734302350012981	107
0.018682046687891	0.89073648086914	220
0.122786734926908	0.577236204859608	619
-0.00938659182668	0.718995558718003	619
0.110173433618173	0.758090003658094	554
-0.00961500935902992	0.719465002182	629
0.018548943881068	0.891182658817562	380
0.109982983249307	0.758414603504005	86
-0.04435985610666	0.874625311859659	86
0.032924605114544	1.0679050257715	86
0.119469390891177	1.30049005460688	365
0.066070739361206	0.913928254492498	74
-0.0970900475501299	1.33544414843131	74
-0.0841908394185	1.1839217961835	74
-0.1145954954322	0.541089063658969	80
0.060949034106964	0.734553872901206	220
0.031608481231659	0.567163423048126	619
0.018786346119862	0.890355254357853	685
0.01865481887587	0.890952875697173	27
0.122850887569758	0.577216000555005	629
0.031951808133683	0.566741793143772	629
-0.00948561465469999	0.719469300354575	629
-0.04438698797144	0.874823359724042	86
0.060922514554735	0.734512322363123	314
0.0609357763180281	0.734584867529678	314
0.1023960356935	0.940339593994941	365
0.10265723813339	0.940076957017963	365
-0.10665144058897	1.48378011203968	365
0.102375292212688	0.940271048783134	385
0.032970683034459	1.06786460606963	74
0.102784842850869	0.939646655617509	74
0.033082987067662	1.0674734320829	74
-0.0842354030835699	1.18403381258987	107
0.01852171877891	0.89128782209467	107
0.0423167417687	1.23809004308569	307
-0.10650756977054	1.4837170542733	80
0.098074202385922	1.11506632749244	214
-0.0674378070355801	1.02930498309819	27
0.060751244626041	0.73432596155681	619
0.12280758973809	0.577211271023757	324
0.018443037836819	0.891256539139616	324
0.066029868707851	0.913864241707956	324
0.065941741208157	0.913876341257033	20
-0.11480389157877	0.541093044086259	324
-0.00953121808197999	0.719538579271265	554
-0.06754356591929	1.02960059011662	380
0.110126732547253	0.758353213221804	74
-0.01090013242667	1.04618666193125	74
0.122828533793664	0.577150150243609	107
-0.11490830644642	0.540939147061005	267
0.122850887569758	0.577216000555005	107
-0.1144886963805	0.541000350984738	267
0.102654266238225	0.93991173958222	214
0.122722619569568	0.577081252829866	220
-0.03355138611036	1.19982797735367	27
0.065944925433499	0.91404265035613	27
-0.04438698797144	0.874823359724042	27
0.110126732547253	0.758353213221804	27
-0.00946265936106006	0.719458642516027	20
0.031490226713548	0.567020696167977	692
0.032079229085774	0.56691647468837	692
0.031847247933781	0.567121503023109	674
0.066174401668377	0.913722165965181	101
0.032071593233322	0.566690436445225	86
-0.0446229306980801	0.875080562846637	314
-0.0445577934429899	0.874947175637136	314
0.122786734926908	0.577236204859608	209
0.032086881231415	0.566880494409038	520
0.048231954119922	0.27264192625531	520
0.071979200402815	1.25782241343893	74
0.066111561791409	0.913869462420194	74
0.048231954119922	0.27264192625531	267
0.0661556584154081	0.913679106263852	214
0.018468769989692	0.891343802585796	214
-0.00966077046648994	0.719307892669355	220
-0.00952368242224999	0.719592912783372	324
-0.11449125834891	0.540788176297302	258
0.032319590710896	0.566583655563607	258
0.068216917591202	1.09134486803983	20
0.047864940117501	0.272770263417896	674
0.018441547238006	0.891351129934286	101
0.048489868525968	0.272461351367526	601
-0.1144886963805	0.541000350984738	601
0.061093686495544	0.734349776969803	86
-0.1144886963805	0.541000350984738	520
0.122785274386409	0.576896558652864	128
-0.08432147431859	1.18422470011317	74
0.00748008073029605	1.21876243070717	74
0.122915077536795	0.577091573709713	57
0.110043187174885	0.758402852078309	74
0.047864940117501	0.272770263417896	267
0.066133612393815	0.913817896990738	214
-0.08410479185828	1.18363928378775	220
0.031966956155177	0.567023112730889	220
0.110066535075841	0.758398727133385	27
0.110066535075841	0.758398727133385	27
0.048598433462579	0.272432782475208	258
-0.11480389157877	0.541093044086259	258
0.032207023364778	0.566690506749215	692
-0.0971810488970499	1.33552030742623	101
0.042406783287768	1.23740800797474	101
-0.0676237647283999	1.02968638703922	86
-0.11449125834891	0.540788176297302	86
0.123752119486427	1.13831947087499	365
-0.00952368242224999	0.719592912783372	74
-0.09741985758335	1.33624984776813	74
-0.08412859432016	1.18335772876772	214
0.109959637811511	0.758325708685114	220
0.122894193752737	0.577078965683136	220
-0.0108815915949201	1.04645124106137	27
0.018309877080754	0.891279358919034	27
0.122871801503524	0.577191008258668	27
0.047864940117501	0.272770263417896	258
0.04812307490303	0.272670624519378	258
0.04812307490303	0.272670624519378	258
0.122850887569758	0.577216000555005	324
0.0609357763180281	0.734584867529678	324
0.1023960356935	0.940339593994941	20
0.102850098356703	0.93946085437114	20
0.03185477649666	0.566902385585879	692
-0.0447016488104299	0.875080672215587	101
0.042422183573925	1.23776447524469	101
-0.1143440462202	0.540707013154826	295
0.032086881231415	0.566880494409038	86
0.122935079227786	0.576888285316872	365
0.031959373972186	0.567014988604947	209
-0.09510169955777	2.05775901317452	365
0.056171463853858	1.55730270449228	365
-0.0113049518265	1.36371792509549	121
0.098102269402375	1.11492721761316	74
0.061001474558287	0.734414306613764	57
0.065775020361061	0.914029309125745	57
-0.0678080939135699	1.02957183162047	74
0.048231954119922	0.27264192625531	267
-0.00953121808197999	0.719538579271265	80
0.032079229085774	0.56691647468837	80
0.031966956155177	0.567023112730889	80
-0.00946265936106006	0.719458642516027	80
0.01852171877891	0.89128782209467	220
-0.00947796190947003	0.719130924368753	220
0.0659008826868051	0.914058426198824	27
-0.0257924853882601	1.50526487743159	27
-0.0114624903946099	1.36454885563993	27
0.04812307490303	0.272670624519378	258
-0.11369961316531	0.540175728256294	258
0.048489868525968	0.272461351367526	258
-0.00959977615633001	0.719347916460793	324
-0.00951606416000006	0.719470647168065	324
0.032071593233322	0.566690436445225	324
0.110043187174885	0.758402852078309	20
-0.0840810752700401	1.18337350066005	20
-0.0676510708407601	1.02955906828335	20
0.00757379980473305	1.21832402858514	20
0.123747495512262	1.13832683832846	101
0.047755745628836	0.272799090918146	601
0.12293750830751	0.576730565295779	86
0.047864940117501	0.272770263417896	520
0.075596554150463	1.41727001253552	121
-0.05065571133179	1.34962011875571	74
0.066048699269289	0.913979811896187	74
0.03185477649666	0.566902385585879	307
-0.0111144293240799	1.04677144394078	80
0.06606744684808	0.913691329519322	220
0.0609357763180281	0.734584867529678	220
0.061093686495544	0.734349776969803	220
0.048489868525968	0.272461351367526	258
0.048489868525968	0.272461351367526	258
-0.11459535646121	0.54087500274063	258
0.122915077536795	0.577091573709713	324
0.066007843702619	0.914003033691674	554
-0.0675418341878999	1.02930872282752	20
0.048598433462579	0.272432782475208	581
0.122871801503524	0.577191008258668	86
0.122745292903087	0.577167546274364	314
0.031966956155177	0.567023112730889	520
-0.11459535646121	0.54087500274063	57
0.066089506609154	0.91383375945112	74
-0.08425614552937	1.18409554472181	74
0.048598433462579	0.272432782475208	267
0.032071593233322	0.566690436445225	80
0.065922906349755	0.914094181612971	27
0.122809327469738	0.577147451985876	258
0.031966956155177	0.567023112730889	20
0.018467274549559	0.891190458093011	20
0.122722619569568	0.577081252829866	295
0.00746599320884001	1.21823463964079	86
-0.00949318472380001	0.719548716819513	86
-0.1145954954322	0.541089063658969	314
0.110103382513894	0.758357339826199	209
-0.088279224995	1.91465029149302	316
-0.11394961846196	0.540358650867839	520
0.048231954119922	0.27264192625531	26
0.102698794441381	0.939970942027738	121
0.102636452853247	0.940008480427255	74
-0.0844107848588001	1.18411261581604	74
0.102636452853247	0.940008480427255	74
0.123684445441911	1.13848968300103	74
-0.0110328229603001	1.0460386692646	74
0.04812307490303	0.272670624519378	267
0.122850887569758	0.577216000555005	80
0.110150082914474	0.758267834539312	220
0.033036966449449	1.06768289627114	220
-0.04463646342788	0.874990427387679	324
0.122936050643944	0.577066528922155	295
0.065985814116982	0.914054579689335	86
0.122830062903215	0.577203324418684	209
0.066048699269289	0.913979811896187	209
0.123728770190655	1.13844630977717	121
0.00556368316797595	1.52027918325149	121
0.0979969977276	1.11510856408097	121
0.110163569243204	0.758278106424201	74
-0.11469972387002	0.540927932422351	267
0.042244710472197	1.23818838192643	307
-0.0971559791647201	1.33569648510972	80
0.06844823433749	1.09072891542923	27
0.110260560606779	0.757923214285955	324
-0.11449125834891	0.540788176297302	258
0.047497389810397	0.272824202108595	258
-0.1144886963805	0.541000350984738	258
-0.1144886963805	0.541000350984738	692
-0.0112949180894699	1.36428406414076	842
0.0661556584154081	0.913679106263852	20
-0.0676220447934699	1.02959898870171	101
-0.0444520453949799	0.874915515762286	811
0.047755745628836	0.272799090918146	601
0.031847247933781	0.567121503023109	314
0.072156197471852	1.25749225773753	316
0.0609357763180281	0.734584867529678	516
-0.05064805367925	1.34945872895967	74
-0.09755188747455	1.3362651851719	121
0.04245045366254	1.23759192745126	74
0.102764061357437	0.939821244116649	74
-0.00962268959251	0.719542660462454	267
0.031974554636492	0.56675996581703	267
-0.00948561465469999	0.719469300354575	80
0.066237218885544	0.913535369249191	80
0.018706211636444	0.890655671091952	220
0.122892804737198	0.577129826927392	220
-0.00949318472380001	0.719548716819513	324
-0.11409385166674	0.540651439280993	258
0.031966956155177	0.567023112730889	258
0.032079229085774	0.56691647468837	324
0.060790947849236	0.734638357608288	324
-0.0446881325680699	0.875044381033776	20
0.032771733387711	1.0681833497165	20
0.031839735720063	0.567066206054291	86
-0.0336581794351001	1.19991646024318	86
0.032745782811282	1.06791490925739	365
0.047864940117501	0.272770263417896	520
-0.0111989968050601	1.04676944355582	74
0.110307273273172	0.75800789084331	74
-0.00953121808197999	0.719538579271265	74
0.066026654597668	0.913944086266714	74
-0.04460940159171	0.875044256076931	74
-0.00955415243894997	0.719594277702576	74
0.122892804737198	0.577129826927392	74
-0.11291376302428	1.62624133625218	74
0.061185884621858	0.734138351979046	107
-0.00946265936106006	0.719458642516027	107
0.066089506609154	0.91383375945112	220
-0.11394961846196	0.540358650867839	220
0.018415813439741	0.891361705052936	220
0.018495994737287	0.891238633380212	220
0.01854743633026	0.891200517436491	220
0.122915077536795	0.577091573709713	220
-0.0110292229225499	1.04682659260225	20
0.122936050643944	0.577066528922155	20
0.102568195055912	0.940168529644805	554
0.0608700095575661	0.734614739532522	20
-0.00950067227012008	0.71944848988664	86
-0.11295800683531	1.6262059964672	209
0.068238650614869	1.091256783625	365
0.102482118205951	0.94030942754423	74
0.065797023033157	0.914065073356353	74
-0.0112512297280001	1.36418185581511	74
0.123609992825287	1.13832733081009	74
0.032884158269554	1.06802087090465	201
-0.0676493547222801	1.02971956899807	107
-0.06297223902261	1.49336406076892	307
-0.06772956796868	1.0297201300256	220
0.122936050643944	0.577066528922155	220
-0.00959222676060989	0.719584185538748	816
0.0422241664674971	1.23682666033189	20
0.032823823388184	1.53666698087897	652
-0.0445577934429899	0.874947175637136	514
0.032191595406	0.566591842753788	514
-0.0975110744544501	1.3358841665702	74
-0.00948561465469999	0.719469300354575	107
-0.11449125834891	0.540788176297302	307
0.031615869941974	0.567051569300168	80
-0.0675179913994	1.02948100786859	80
-0.00957687999319989	0.719341383679869	816
-0.0675691464047901	1.02956080335463	324
0.018598851842592	0.890447111009834	295
0.123021458939366	0.576712431640606	86
0.119684018604958	1.2997026679918	316
0.09432656702687	1.60526244456839	316
0.11939063704332	1.30032324953445	365
0.031959373972186	0.567014988604947	520
-0.1145954954322	0.541089063658969	514
0.102915331962245	0.939235921337157	74
0.068224100741748	1.09115497721032	121
0.018441547238006	0.891351129934286	74
0.102437508436495	0.940233689247385	201
-0.0444520453949799	0.874915515762286	80
0.042350155305787	1.23802084465051	214
0.0659008826868051	0.914058426198824	27
0.122935079227786	0.576888285316872	324
0.018626072092205	0.890781296672914	20
0.0609357763180281	0.734584867529678	101
0.102286021619641	0.940252184336314	101
-0.10644083002065	1.48334052082549	652
-0.03348528044262	1.19961266473414	365
-0.05087130710863	1.34917166252621	121
-0.00962268959251	0.719542660462454	74
0.109922770760536	0.758391290815041	74
0.122871801503524	0.577191008258668	57
-0.09720148627799	1.33577294390053	74
-0.04413775670012	0.874097731685191	80
0.122786734926908	0.577236204859608	80
0.110150082914474	0.758267834539312	27
0.122871801503524	0.577191008258668	220
0.10982565966467	0.758221354291258	324
0.12280758973809	0.577211271023757	324
-0.0841908394185	1.1839217961835	20
0.110307273273172	0.75800789084331	20
-0.0111989968050601	1.04676944355582	20
-0.0970695948811999	1.33531573143221	20
0.047864940117501	0.272770263417896	397
0.060843517364767	0.734573163138473	811
-0.00946265936106006	0.719458642516027	86
0.0982513727489031	1.11435795664455	121
0.018415813439741	0.891361705052936	74
0.066218519321411	0.913531824301823	74
0.066048699269289	0.913979811896187	74
-0.0676237647283999	1.02968638703922	57
0.122701912984862	0.577068484962905	107
0.065982551519208	0.913430353327258	307
-0.00961500935902992	0.719465002182	80
0.102675022063338	0.939631256584462	80
-0.0674633720414	1.02935545738054	214
-0.04463646342788	0.874990427387679	220
-0.00959977615633001	0.719347916460793	220
0.061014750006396	0.734486826092846	220
0.061028021479132	0.734455823851989	220
-0.00945513744605009	0.719425138137918	324
0.042360618332885	1.23773090824046	20
0.061028021479132	0.734455823851989	20
0.110223747339957	0.758163932303549	811
0.065982551519208	0.913430353327258	101
0.066111561791409	0.913869462420194	86
0.122936050643944	0.577066528922155	520
-0.00953867129288	0.719213659450249	520
-0.0974402803622201	1.33626237931806	514
0.042172676825085	1.23816128076778	121
-0.0971559791647201	1.33569648510972	121
0.102764061357437	0.939821244116649	121
0.061028021479132	0.734455823851989	74
0.068397626178061	1.090918671406	201
0.04812307490303	0.272670624519378	7
-0.0974402803622201	1.33626237931806	307
-0.06754356591929	1.02960059011662	80
-0.0444520453949799	0.874915515762286	80
-0.0445577934429899	0.874947175637136	220
0.018733436216923	0.890648334294871	220
0.122830062903215	0.577203324418684	220
0.110043187174885	0.758402852078309	220
-0.1144886963805	0.541000350984738	220
-0.0447016488104299	0.875080672215587	220
0.102918090530517	0.939247574268125	220
0.00773282055119995	1.21804627892688	27
-0.1146996213552	0.541121784175122	419
-0.0445171675051601	0.874839243596844	20
0.110126732547253	0.758353213221804	86
-0.11423834940659	0.540537025048118	295
0.031615869941974	0.567051569300168	295
-0.00951606416000006	0.719470647168065	86
0.122828533793664	0.577150150243609	528
0.032199301264988	0.566773743831677	528
0.032725584642066	1.06811368328866	365
0.00580941643176003	1.52029490719244	121
0.068347018781084	1.09107073055138	121
-0.10657426901393	1.48391039257502	121
-0.0508071628120801	1.34988252088354	74
0.032797628494054	1.06804406547909	57
0.048231954119922	0.27264192625531	7
0.122765969326838	0.57722347245481	207
0.061106971656411	0.734318770281423	220
-0.05075667986707	1.34983558204753	27
-0.08462440718918	1.18405252547927	324
-0.0677551733936499	1.02966677680237	27
0.04812307490303	0.272670624519378	490
0.00747268415786295	1.21856928060706	679
-0.00953121808197999	0.719538579271265	419
0.122913897302031	0.57703082808025	419
-0.1144886963805	0.541000350984738	419
-0.06770226032767	1.02971511897472	20
0.110043187174885	0.758402852078309	20
0.031966956155177	0.567023112730889	295
-0.0334445915835799	1.19927226392489	316
0.123755100023225	1.13800165238952	316
-0.03350562865797	1.19962555668558	121
0.076520796159965	1.58000003758399	121
0.122828533793664	0.577150150243609	74
0.0609357763180281	0.734584867529678	74
-0.1145954954322	0.541089063658969	264
-0.04405927292974	0.87372036938449	220
0.061014750006396	0.734486826092846	220
0.122936050643944	0.577066528922155	220
-0.06772956796868	1.0297201300256	220
0.048489868525968	0.272461351367526	490
0.032071593233322	0.566690436445225	679
0.060949034106964	0.734553872901206	20
-0.00944753293435996	0.719129583406553	20
0.048231954119922	0.27264192625531	397
-0.00953121808197999	0.719538579271265	101
0.110019839610098	0.758313948686625	101
0.018494495669324	0.891295148402178	37
0.110210273924257	0.758188605908356	652
0.109922770760536	0.758391290815041	86
-0.00935607972878993	0.718851991772044	616
0.01854743633026	0.891200517436491	616
-0.1145954954322	0.541089063658969	520
-0.11449125834891	0.540788176297302	26
0.061106971656411	0.734318770281423	80
-0.04457134267591	0.874614940191236	220
-0.08445551386974	1.18378940346143	27
-0.1144886963805	0.541000350984738	27
0.031839735720063	0.567066206054291	20
0.122828533793664	0.577150150243609	419
-0.00949318472380001	0.719548716819513	20
-0.04442494655826	0.874356224735044	101
-0.00949318472380001	0.719548716819513	295
-0.00945513744605009	0.719425138137918	295
-0.1145954954322	0.541089063658969	37
0.048231954119922	0.27264192625531	37
0.018362849134788	0.891340886373901	37
-0.11763232363284	1.76580552605995	652
0.122850887569758	0.577216000555005	812
0.0317352150006121	0.567000612677095	514
-0.06741224803131	1.02908789170729	74
-0.0442162758538001	0.87438666757598	57
-0.08406029532364	1.18342931697841	671
-0.0108409933343601	1.04628417682407	307
0.122915077536795	0.577091573709713	80
-0.0675179913994	1.02948100786859	220
0.12280758973809	0.577211271023757	27
0.047497389810397	0.272824202108595	490
-0.00939409998832996	0.719191379540725	679
-0.0674378070355801	1.02930498309819	20
-0.11423834940659	0.540537025048118	295
0.032191595406	0.566591842753788	528
-0.01135686255054	1.36448986544582	365
0.072117617232784	1.25760703519935	121
-0.01139727495607	1.0467743095234	207
0.048231954119922	0.27264192625531	264
0.065982551519208	0.913430353327258	493
0.032071593233322	0.566690436445225	679
0.047755745628836	0.272799090918146	419
0.04812307490303	0.272670624519378	397
0.122871801503524	0.577191008258668	20
0.110320719193421	0.757728442273496	528
-0.00942463255137005	0.719335114329613	528
-0.1144886963805	0.541000350984738	812
0.047864940117501	0.272770263417896	285
0.123819793998577	1.138041751625	121
0.10252360232716	0.94004315172749	74
0.060949034106964	0.734553872901206	74
0.018495994737287	0.891238633380212	57
0.042378425023863	1.23783763870123	74
0.066259290520992	0.91348379854643	74
0.031966956155177	0.567023112730889	7
-0.1145954954322	0.541089063658969	7
0.047755745628836	0.272799090918146	7
0.066111561791409	0.913869462420194	307
0.031959373972186	0.567014988604947	264
-0.0678080939135699	1.02957183162047	307
-0.08414933775802	1.1836807310394	220
0.110163569243204	0.758278106424201	679
0.032990912236226	1.06776186767796	269
-0.00958459475678008	0.719552722677059	20
-0.0259323571869901	1.50550980074587	653
0.047497389810397	0.272824202108595	37
0.122978264954337	0.576906289496621	86
-0.02588443748585	1.50537151283416	316
0.032199301264988	0.566773743831677	520
-0.0585888403183299	1.92673854658834	121
-0.0445577934429899	0.874947175637136	74
-0.0842768929011299	1.18403960371508	74
0.018467274549559	0.891190458093011	671
0.032086881231415	0.566880494409038	7
0.061014750006396	0.734486826092846	220
0.0608700095575661	0.734614739532522	220
0.047864940117501	0.272770263417896	490
0.122894193752737	0.577078965683136	419
0.018574659801723	0.891193190806152	20
0.048598433462579	0.272432782475208	295
0.048231954119922	0.27264192625531	37
-0.0842768929011299	1.18403960371508	37
0.00748008073029605	1.21876243070717	652
0.050973794485949	1.39789356472873	365
0.018415813439741	0.891361705052936	616
0.031847247933781	0.567121503023109	616
0.07709078115958	1.74550142798265	316
0.047755745628836	0.272799090918146	520
0.048231954119922	0.27264192625531	335
0.072002737219743	1.25780839026329	121
0.00740055072757595	1.21878024165857	201
0.047864940117501	0.272770263417896	7
-0.1145954954322	0.541089063658969	220
0.122871801503524	0.577191008258668	220
-0.0840187502254901	1.18318834527758	27
0.0323118148547	0.566449087740737	324
-0.1144886963805	0.541000350984738	490
-0.04435985610666	0.874625311859659	679
-0.1145954954322	0.541089063658969	679
-0.0971559791647201	1.33569648510972	653
0.048598433462579	0.272432782475208	37
0.047755745628836	0.272799090918146	37
0.032199301264988	0.566773743831677	616
0.04812307490303	0.272670624519378	335
0.122979304866702	0.576798736351056	335
-0.0112512297280001	1.36418185581511	121
0.0510808824821219	1.39759657671501	121
0.110223747339957	0.758163932303549	74
0.031615869941974	0.567051569300168	7
0.048489868525968	0.272461351367526	7
-0.11480387759856	0.540899159478976	7
0.048489868525968	0.272461351367526	7
-0.1145954954322	0.541089063658969	264
0.066218519321411	0.913531824301823	214
-0.00950067227012008	0.71944848988664	220
0.122871801503524	0.577191008258668	220
0.032094549623495	0.566570214515686	220
0.102722484111155	0.939927270681426	27
-0.1144886963805	0.541000350984738	490
0.047755745628836	0.272799090918146	490
-0.00969122612077	0.719220324858859	20
0.047864940117501	0.272770263417896	419
-0.03348528044262	1.19961266473414	20
-0.1144886963805	0.541000350984738	37
-0.04446560025431	0.874951843477017	528
0.109959637811511	0.758325708685114	316
0.048598433462579	0.272432782475208	26
0.04812307490303	0.272670624519378	335
-0.00958459475678008	0.719552722677059	74
-0.02571218157097	1.50533956874437	728
-0.12207854784394	1.90480928011661	201
0.032086881231415	0.566880494409038	671
0.047497389810397	0.272824202108595	7
0.04812307490303	0.272670624519378	7
0.022363913907587	1.38009583404878	27
0.0721589798233801	1.25763735257334	27
0.032771733387711	1.0681833497165	27
0.122892804737198	0.577129826927392	490
0.031847247933781	0.567121503023109	679
-0.11369961316531	0.540175728256294	419
-0.11449125834891	0.540788176297302	295
-0.11459571417205	0.540895302433044	86
0.061080397358425	0.734277294146734	74
-0.11459535646121	0.54087500274063	264
0.032970683034459	1.06786460606963	307
0.097719533168551	1.27823107971962	27
-0.11469972387002	0.540927932422351	679
-0.0442948303691	0.874612671953292	679
0.018361370640517	0.89126434873263	20
0.048231954119922	0.27264192625531	397
0.01833562708671	0.891348219855638	20
-0.1144886963805	0.541000350984738	37
0.016969283781663	1.67781997230174	652
0.122936050643944	0.577066528922155	616
0.102766901950977	0.939673038658141	316
0.04812307490303	0.272670624519378	26
0.097930343146895	1.11517673948057	121
0.061199179498226	0.734004736031384	57
-0.11423834940659	0.540537025048118	671
0.122958361914198	0.576786214582943	7
0.047864940117501	0.272770263417896	7
0.06835419604087	1.09077314440397	27
0.060777717413549	0.734669327956872	324
-0.0111799569019	1.04679521053548	324
0.031847247933781	0.567121503023109	493
0.048231954119922	0.27264192625531	490
0.047497389810397	0.272824202108595	490
0.122786734926908	0.577236204859608	679
-0.0445307058590401	0.875000983365389	679
0.031959373972186	0.567014988604947	419
-0.0631426914357101	1.49344337883017	653
-0.11469972387002	0.540927932422351	295
0.031727756362024	0.567172585007472	295
0.04812307490303	0.272670624519378	37
-0.0974654509533	1.33615099757392	74
0.066048699269289	0.913979811896187	74
0.0979969977276	1.11510856408097	74
0.102588945182129	0.939993909115916	74
0.048489868525968	0.272461351367526	7
-0.11459571417205	0.540895302433044	7
-0.11459571417205	0.540895302433044	7
-0.00964539622932992	0.719322985686137	220
-0.01118419505477	1.36388106900457	27
0.0609357763180281	0.734584867529678	27
0.032079229085774	0.56691647468837	493
-0.04446560025431	0.874951843477017	679
0.032071593233322	0.566690436445225	679
0.122850887569758	0.577216000555005	20
0.031966956155177	0.567023112730889	20
-0.11369961316531	0.540175728256294	419
0.04812307490303	0.272670624519378	397
0.031966956155177	0.567023112730889	397
0.047755745628836	0.272799090918146	295
0.04812307490303	0.272670624519378	37
-0.04447915874277	0.874861737721261	86
-0.00949318472380001	0.719548716819513	812
-0.01120058538935	1.04695271671224	616
0.03286393083119	1.06793806756168	121
-0.01100712019044	1.0467688034003	74
0.018441547238006	0.891351129934286	57
0.110103382513894	0.758357339826199	57
0.066196462785352	0.913670596019875	57
-0.11459535646121	0.54087500274063	7
0.018627593052595	0.891057998572292	27
-0.07236155114085	1.63414672358936	27
0.048598433462579	0.272432782475208	490
0.047755745628836	0.272799090918146	490
-0.11459535646121	0.54087500274063	419
0.048598433462579	0.272432782475208	419
0.098118152030552	1.11476029759259	653
-0.11394961846196	0.540358650867839	37
0.12280758973809	0.577211271023757	86
0.122957113106258	0.577005310114962	528
0.097719533168551	1.27823107971962	121
0.097647002231158	1.27837990509818	121
0.098002273913199	1.11517779786314	74
0.123570093836189	1.13864107609286	74
0.122786734926908	0.577236204859608	264
-0.0337956554968599	1.20015887213489	27
0.00727790394579897	1.21864750660147	27
0.00750906567971099	1.21867851593673	27
0.102591970277568	0.940192360461248	27
0.048231954119922	0.27264192625531	490
0.032199301264988	0.566773743831677	679
-0.00959222676060989	0.719584185538748	397
0.021917527501129	2.14187816138624	365
-0.08836873784637	1.91446091418329	365
0.0675210149768209	2.04446930096342	649
0.122894193752737	0.577078965683136	289
0.102526680568705	0.940274502101517	121
-0.0111144293240799	1.04677144394078	121
-0.0676766626128	1.02972457605802	74
0.04812307490303	0.272670624519378	7
-0.11480389157877	0.541093044086259	207
-0.10679008155643	1.48343888723512	307
-0.0109850218709899	1.04660896365302	220
0.0684411228215061	1.09056857946024	27
0.00758859222619801	1.21843391807279	27
-0.0111557138537499	1.04698444683563	27
0.072226749324581	1.25734920425514	27
0.00748752104880102	1.21852835493637	27
-0.00961500935902992	0.719465002182	134
0.060764483006036	0.73459676282174	134
0.018680518526093	0.890878556348043	269
0.102915331962245	0.939235921337157	269
0.047864940117501	0.272770263417896	335
0.066255835374931	0.913126998803174	443
0.122850887569758	0.577216000555005	207
0.122765969326838	0.57722347245481	207
0.065963779951847	0.914018836599402	307
-0.1127960004422	1.62631086463846	307
-0.01126612517745	1.04693636677886	307
0.102764061357437	0.939821244116649	27
-0.09735386525488	1.33617707782836	134
0.097819177805389	1.27769434836188	269
0.00745110135749105	1.21875163505965	653
0.10265723813339	0.940076957017963	653
-0.11280174039128	1.62604822175939	121
0.068347018781084	1.09107073055138	121
-0.08425614552937	1.18409554472181	2
-0.0112512297280001	1.36418185581511	201
-0.1064022733988	1.48322099582895	201
0.066133612393815	0.913817896990738	220
0.0609881951343571	0.734143578649317	220
-0.00955415243894997	0.719594277702576	27
0.018362849134788	0.891340886373901	27
0.122915077536795	0.577091573709713	27
0.110076368438553	0.757781106680667	134
-0.04446560025431	0.874951843477017	749
-0.0675179913994	1.02948100786859	282
-0.06757087432184	1.02960559429657	282
0.102633505665751	0.940086363572764	282
0.00753805621055803	1.21849978153517	282
-0.11281957203076	1.62638379807044	86
-0.09730832368705	1.33607369721018	2
0.10265723813339	0.940076957017963	2
0.00742953525074497	1.21879102188578	74
-0.06757087432184	1.02960559429657	220
0.060804174313783	0.734504686788496	220
0.122958361914198	0.576786214582943	27
-0.04438698797144	0.874823359724042	282
0.123731169757843	1.1382012804081	311
0.066048699269289	0.913979811896187	2
-0.0335971755572899	1.19988500775753	74
-0.06770396846786	1.02959726058999	74
-0.08425614552937	1.18409554472181	307
-0.08440755145801	1.18425460382918	307
-0.04447915874277	0.874861737721261	134
-0.03385659856149	1.20019023313274	134
-0.0444384941634399	0.874753778962291	134
0.114697745729091	1.46409363964135	653
0.065944925433499	0.91404265035613	282
0.110103382513894	0.758357339826199	282
0.061054552500399	0.733995339864422	443
-0.00945513744605009	0.719425138137918	443
-0.0111557138537499	1.04698444683563	121
0.060922514554735	0.734512322363123	74
0.110126732547253	0.758353213221804	307
-0.00958459475678008	0.719552722677059	799
0.122765969326838	0.57722347245481	134
0.066026654597668	0.913944086266714	134
0.110297361151113	0.757449095607594	134
-0.04437342022381	0.87478702664477	134
0.00763172217464403	1.21845128278681	86
0.10994611442796	0.758387165212466	443
-0.08054031013807	1.77337447760355	121
-0.0488664617252299	1.78558707734437	74
0.066007843702619	0.914003033691674	74
0.00591009492026895	1.51970432178195	201
0.018414326479441	0.891246435034977	207
0.102591970277568	0.940192360461248	307
0.032704363941185	1.5376013700246	27
0.114949976216565	1.46357662880548	27
0.051101606996063	1.39616423635524	269
0.032327382754399	0.566440097305884	20
-0.04454424783783	0.875037302287801	749
0.072132699034132	1.25747285735532	282
0.018545927487861	0.890626361593795	443
0.066007843702619	0.914003033691674	2
-0.00949318472380001	0.719548716819513	2
-0.0336836450885101	1.20013164447268	74
0.102502862637504	0.940217754935799	201
-0.05852244337222	1.92786871282023	207
0.066007843702619	0.914003033691674	207
-0.04903175465175	1.78618412650646	307
0.0563351256988191	1.55712945040591	307
0.123549098727373	1.13848411692449	27
0.110140217393594	0.75818922164643	134
0.102461369032137	0.940323696699579	134
0.11459929717509	1.46372436150593	269
-0.00959222676060989	0.719584185538748	20
0.12280758973809	0.577211271023757	749
-0.03364299689615	1.19979109905805	282
-0.05067712763806	1.34965680556092	282
0.0661523359715051	0.9136864910444	282
-0.0506052257594301	1.34945000762301	121
-0.04434629561867	0.874227830580801	74
-0.01094434495271	1.04663097728092	201
0.12300033719795	0.576773649682754	183
0.060856765447748	0.734645723530448	300
0.060922514554735	0.734512322363123	300
-0.0109037146347	1.04650903893007	307
0.032771733387711	1.0681833497165	307
-0.0444005593508501	0.874733287180993	307
0.110089883315592	0.75831334866461	27
-0.0096302871393199	0.719349342460465	173
0.032598622313073	1.06814250103363	134
0.018576170978571	0.890966175334784	134
0.097715862444984	1.27820647944008	653
0.110835616205919	1.63045518347065	652
0.042373310512672	1.23763055612892	282
0.122765969326838	0.57722347245481	374
0.047497389810397	0.272824202108595	26
0.04812307490303	0.272670624519378	26
0.047864940117501	0.272770263417896	26
-0.11459571417205	0.540895302433044	222
0.060698632234123	0.734653716487146	201
-0.1145954954322	0.541089063658969	183
0.047755745628836	0.272799090918146	183
0.032319590710896	0.566583655563607	307
0.122743415309001	0.57705638656403	307
0.10224131540215	0.940066612727466	220
0.060922514554735	0.734512322363123	220
0.00570221552982597	1.5204933513953	27
0.110307273273172	0.75800789084331	233
0.098040891180962	1.1151166226222	27
0.018362849134788	0.891340886373901	27
-0.00956173625136003	0.719582795507295	233
0.098035595670948	1.1151274797835	134
0.10252360232716	0.94004315172749	134
-0.00938659182668	0.718995558718003	397
-0.04438698797144	0.874823359724042	405
0.066133612393815	0.913817896990738	282
0.0661523359715051	0.9136864910444	282
0.110210273924257	0.758188605908356	374
0.06816630737094	1.09139188343664	374
0.017182072796361	1.67724804095735	311
0.048598433462579	0.272432782475208	26
0.047864940117501	0.272770263417896	26
0.04812307490303	0.272670624519378	222
0.00598919301064704	1.51939303415551	121
-0.0677568735707701	1.02959283321938	162
0.032924605114544	1.0679050257715	74
-0.00959222676060989	0.719584185538748	307
0.123706768290065	1.13699267484019	307
-0.04428125335874	0.874450999488996	220
-0.11459535646121	0.54087500274063	228
0.04812307490303	0.272670624519378	228
-0.00949318472380001	0.719548716819513	397
-0.1144886963805	0.541000350984738	245
0.048598433462579	0.272432782475208	245
0.065734047515843	0.913992329703034	86
-0.0842354030835699	1.18403381258987	374
0.102636452853247	0.940008480427255	374
-0.0508790370457	1.34976324855809	311
-0.11480398571088	0.54087926587085	222
0.122765969326838	0.57722347245481	2
-0.0675691464047901	1.02956080335463	2
0.032199301264988	0.566773743831677	207
0.047864940117501	0.272770263417896	183
0.04812307490303	0.272670624519378	342
0.048598433462579	0.272432782475208	458
0.048231954119922	0.27264192625531	458
-0.11409385166674	0.540651439280993	233
-0.11369961316531	0.540175728256294	233
0.047864940117501	0.272770263417896	228
0.122958361914198	0.576786214582943	173
0.048231954119922	0.27264192625531	173
-0.11469972387002	0.540927932422351	173
0.048231954119922	0.27264192625531	173
0.122830062903215	0.577203324418684	142
0.048231954119922	0.27264192625531	142
0.122786734926908	0.577236204859608	142
-0.1143440462202	0.540707013154826	397
0.031959373972186	0.567014988604947	405
-0.00943210635186009	0.719314837631752	405
0.031847247933781	0.567121503023109	405
0.048231954119922	0.27264192625531	228
0.102918090530517	0.939247574268125	282
0.048231954119922	0.27264192625531	245
0.048231954119922	0.27264192625531	26
0.110103382513894	0.758357339826199	2
-0.0444520453949799	0.874915515762286	2
-0.0337753461235	1.19993370108744	2
0.018627593052595	0.891057998572292	162
-0.1145954954322	0.541089063658969	183
0.047497389810397	0.272824202108595	183
-0.01109200987748	1.04692438485415	307
-0.06772956796868	1.0297201300256	307
-0.1144886963805	0.541000350984738	300
-0.04463646342788	0.874990427387679	767
-0.0338821521412001	1.20028548040552	27
0.032199301264988	0.566773743831677	233
0.047755745628836	0.272799090918146	228
0.032207023364778	0.566690506749215	173
0.032079229085774	0.56691647468837	173
-0.1144886963805	0.541000350984738	142
0.072138283745567	1.25768053773344	282
0.00164655239963796	2.12388796301172	311
-0.1143440462202	0.540707013154826	183
0.032086881231415	0.566880494409038	300
0.032751522829547	1.06819642967814	27
0.110150082914474	0.758267834539312	134
-0.0112867475593299	1.04699179572721	134
-0.00940152571439001	0.719097959638431	173
0.032191595406	0.566591842753788	142
0.075470242712291	1.41721834687069	735
-0.08432147431859	1.18422470011317	2
0.122957113106258	0.577005310114962	307
0.031839735720063	0.567066206054291	300
0.022367265167931	1.38005881807226	307
0.098107523642557	1.1149831143537	307
-0.00947009883374994	0.719304676003473	220
-0.00942463255137005	0.719335114329613	711
-0.04463646342788	0.874990427387679	711
-0.01126137608216	1.36411328614397	27
0.047497389810397	0.272824202108595	228
0.048489868525968	0.272461351367526	228
-0.1144886963805	0.541000350984738	228
-0.08434538913818	1.18406953562115	142
0.123726447905206	1.13848557971854	660
-0.04870939671401	1.78491340047198	660
0.119608360296323	1.30001635681245	660
0.00761014885896605	1.21850920142598	660
-0.0333531169208301	1.19904044792918	282
0.110103382513894	0.758357339826199	86
-0.11275467390802	1.62611927563471	374
0.047497389810397	0.272824202108595	26
0.048231954119922	0.27264192625531	129
-0.0506708961665101	1.34815680246401	2
0.066089506609154	0.91383375945112	2
-0.11459571417205	0.540895302433044	342
-0.0087571784887599	1.66046975032162	27
0.122957113106258	0.577005310114962	233
0.031720314122376	0.567057194652099	173
-0.1145954954322	0.541089063658969	397
0.031615869941974	0.567051569300168	405
0.047864940117501	0.272770263417896	228
0.022387647177464	1.38002903803168	282
0.110053021620181	0.758147293453786	245
0.059123221669533	1.72207396111245	311
0.018601885262457	0.89108804281965	251
0.047387879055768	0.272853156193857	26
0.04812307490303	0.272670624519378	222
0.122999506217293	0.576763743067721	162
-0.00956173625136003	0.719582795507295	162
0.047755745628836	0.272799090918146	183
0.04812307490303	0.272670624519378	183
0.061041288976964	0.734322134192378	307
0.048231954119922	0.27264192625531	129
0.0323118148547	0.566449087740737	300
0.122892804737198	0.577129826927392	307
0.0323118148547	0.566449087740737	767
-0.11409385166674	0.540651439280993	787
-0.11459535646121	0.54087500274063	458
-0.11480387759856	0.540899159478976	228
0.048231954119922	0.27264192625531	228
0.047387879055768	0.272853156193857	228
-0.1144886963805	0.541000350984738	173
0.032086881231415	0.566880494409038	173
0.048231954119922	0.27264192625531	228
0.031727756362024	0.567172585007472	245
-0.06749242287696	1.02918275724483	251
0.109969458444249	0.758301811363702	2
-0.04446560025431	0.874951843477017	2
-0.00947009883374994	0.719304676003473	2
0.060949034106964	0.734553872901206	162
0.061172585768852	0.734169359590649	162
-0.11469972387002	0.540927932422351	222
0.12280758973809	0.577211271023757	162
0.048231954119922	0.27264192625531	162
-0.0443219952901699	0.87455898053866	162
-0.00955415243894997	0.719594277702576	307
-0.11480398571088	0.54087926587085	342
0.122892804737198	0.577129826927392	300
0.122936050643944	0.577066528922155	767
0.12280758973809	0.577211271023757	767
-0.04460940159171	0.875044256076931	711
0.123021458939366	0.576712431640606	233
-0.00952368242224999	0.719592912783372	233
0.12280758973809	0.577211271023757	134
0.031966956155177	0.567023112730889	142
0.122786734926908	0.577236204859608	405
0.047864940117501	0.272770263417896	245
0.048489868525968	0.272461351367526	129
-0.00943210635186009	0.719314837631752	251
-0.1143440462202	0.540707013154826	222
0.12300033719795	0.576773649682754	2
-0.06770055246318	1.02929421550759	2
0.122871801503524	0.577191008258668	2
0.047387879055768	0.272853156193857	222
0.122894193752737	0.577078965683136	162
0.032079229085774	0.56691647468837	162
0.048489868525968	0.272461351367526	183
0.047864940117501	0.272770263417896	183
0.048598433462579	0.272432782475208	183
0.047755745628836	0.272799090918146	183
0.032086881231415	0.566880494409038	342
0.048231954119922	0.27264192625531	342
0.048489868525968	0.272461351367526	129
0.048598433462579	0.272432782475208	458
0.102478962223969	0.93977869167533	711
-0.11459535646121	0.54087500274063	233
0.048598433462579	0.272432782475208	173
0.04812307490303	0.272670624519378	228
-0.11423834940659	0.540537025048118	139
0.122850887569758	0.577216000555005	245
-0.1143440462202	0.540707013154826	245
0.048598433462579	0.272432782475208	245
0.122743415309001	0.57705638656403	251
0.060645912168345	0.734429846552257	162
-0.00942463255137005	0.719335114329613	673
0.04812307490303	0.272670624519378	129
0.048231954119922	0.27264192625531	183
0.1023960356935	0.940339593994941	307
0.0608700095575661	0.734614739532522	307
0.04812307490303	0.272670624519378	342
0.032199301264988	0.566773743831677	767
0.122850887569758	0.577216000555005	711
-0.11355579595234	0.53988363364333	458
-0.00956173625136003	0.719582795507295	233
0.110126732547253	0.758353213221804	233
0.048598433462579	0.272432782475208	228
0.031959373972186	0.567014988604947	173
-0.1144886963805	0.541000350984738	397
0.04812307490303	0.272670624519378	139
-0.1144886963805	0.541000350984738	470
0.047497389810397	0.272824202108595	26
0.048231954119922	0.27264192625531	26
0.047755745628836	0.272799090918146	228
0.047497389810397	0.272824202108595	228
0.047755745628836	0.272799090918146	26
0.048231954119922	0.27264192625531	129
0.047755745628836	0.272799090918146	228
-0.11449125834891	0.540788176297302	26
-0.04454424783783	0.875037302287801	375
0.12300033719795	0.576773649682754	375
0.110103382513894	0.758357339826199	750
-0.1145954954322	0.541089063658969	2
0.047864940117501	0.272770263417896	26
0.047497389810397	0.272824202108595	129
0.047755745628836	0.272799090918146	2
0.031966956155177	0.567023112730889	183
0.047755745628836	0.272799090918146	342
-0.1144886963805	0.541000350984738	767
-0.1146996213552	0.541121784175122	767
0.047755745628836	0.272799090918146	129
0.031847247933781	0.567121503023109	767
0.0317352150006121	0.567000612677095	233
0.04812307490303	0.272670624519378	233
-0.1145954954322	0.541089063658969	233
0.047497389810397	0.272824202108595	228
0.048231954119922	0.27264192625531	228
0.048231954119922	0.27264192625531	173
0.048231954119922	0.27264192625531	228
0.04812307490303	0.272670624519378	142
-0.1144886963805	0.541000350984738	142
0.047497389810397	0.272824202108595	228
-0.11409385166674	0.540651439280993	228
0.048231954119922	0.27264192625531	228
0.048231954119922	0.27264192625531	228
0.048231954119922	0.27264192625531	228
0.047387879055768	0.272853156193857	228
-0.0676220447934699	1.02959898870171	752
0.122830062903215	0.577203324418684	375
0.047864940117501	0.272770263417896	26
0.071979200402815	1.25782241343893	2
0.0609357763180281	0.734584867529678	2
0.048231954119922	0.27264192625531	342
0.048598433462579	0.272432782475208	342
0.048598433462579	0.272432782475208	342
0.047755745628836	0.272799090918146	342
0.048489868525968	0.272461351367526	787
-0.00946265936106006	0.719458642516027	767
0.122873399258265	0.577023179258317	767
0.047755745628836	0.272799090918146	458
0.110260560606779	0.757923214285955	233
0.048231954119922	0.27264192625531	228
0.047864940117501	0.272770263417896	228
0.048231954119922	0.27264192625531	228
-0.1144886963805	0.541000350984738	173
-0.11449125834891	0.540788176297302	173
0.032327382754399	0.566440097305884	228
0.048231954119922	0.27264192625531	228
0.048231954119922	0.27264192625531	228
0.102609690563867	0.93971342195435	282
0.122936050643944	0.577066528922155	245
0.047755745628836	0.272799090918146	222
0.048231954119922	0.27264192625531	222
0.047497389810397	0.272824202108595	222
0.048489868525968	0.272461351367526	222
0.04812307490303	0.272670624519378	222
0.048231954119922	0.27264192625531	183
0.047864940117501	0.272770263417896	183
0.04812307490303	0.272670624519378	183
0.047755745628836	0.272799090918146	183
0.047755745628836	0.272799090918146	787
0.048231954119922	0.27264192625531	787
0.048489868525968	0.272461351367526	458
-0.11409385166674	0.540651439280993	458
0.047755745628836	0.272799090918146	458
0.048231954119922	0.27264192625531	458
-0.11459535646121	0.54087500274063	233
0.048231954119922	0.27264192625531	228
0.04812307490303	0.272670624519378	173
0.048489868525968	0.272461351367526	397
0.048231954119922	0.27264192625531	245
-0.11770142025461	1.76600469891919	753
-0.11270463017315	1.62594253386205	748
-0.0805825074047	1.77303300276591	748
0.018706211636444	0.890655671091952	251
0.047387879055768	0.272853156193857	26
0.04812307490303	0.272670624519378	26
0.048231954119922	0.27264192625531	26
0.110330630084249	0.7579225607507	88
0.032086881231415	0.566880494409038	88
-0.11409385166674	0.540651439280993	222
0.0608700095575661	0.734614739532522	88
0.048231954119922	0.27264192625531	183
-0.00950067227012008	0.71944848988664	767
0.10265723813339	0.940076957017963	499
0.048231954119922	0.27264192625531	228
0.047864940117501	0.272770263417896	228
0.031966956155177	0.567023112730889	173
-0.11394961846196	0.540358650867839	173
0.048598433462579	0.272432782475208	228
0.0223435159872289	1.38016258055009	140
0.031847247933781	0.567121503023109	139
0.110043187174885	0.758402852078309	228
0.0682315385782331	1.09081902439004	63
0.031966956155177	0.567023112730889	245
0.048231954119922	0.27264192625531	26
0.04812307490303	0.272670624519378	26
0.047864940117501	0.272770263417896	26
0.01854743633026	0.891200517436491	88
0.042293880010639	1.23769261215681	88
0.060804174313783	0.734504686788496	222
0.122979304866702	0.576798736351056	183
0.032207023364778	0.566690506749215	183
0.00761014885896605	1.21850920142598	313
-0.1143440462202	0.540707013154826	787
0.122828533793664	0.577150150243609	767
0.031496758217042	0.567042315970506	767
0.032079229085774	0.56691647468837	711
0.066048699269289	0.913979811896187	418
0.047864940117501	0.272770263417896	228
0.047755745628836	0.272799090918146	228
0.048489868525968	0.272461351367526	228
-0.1143440462202	0.540707013154826	173
0.048231954119922	0.27264192625531	228
0.032970683034459	1.06786460606963	176
0.06068541149692	0.734581157638396	140
-0.0444005593508501	0.874733287180993	140
0.047755745628836	0.272799090918146	228
0.031959373972186	0.567014988604947	228
-0.00952368242224999	0.719592912783372	387
-0.10643563775539	1.48343306154168	88
0.110126732547253	0.758353213221804	88
-0.0109479739537199	1.04629573419161	88
0.031959373972186	0.567014988604947	183
-0.06754356591929	1.02960059011662	88
-0.0378697962589001	1.64483608653347	88
0.031847247933781	0.567121503023109	183
0.047864940117501	0.272770263417896	183
0.048231954119922	0.27264192625531	342
-0.04428125335874	0.874450999488996	767
0.018626072092205	0.890781296672914	767
0.061278068930803	0.733772098957752	418
0.047864940117501	0.272770263417896	228
0.047755745628836	0.272799090918146	228
-0.11469972387002	0.540927932422351	173
-0.01092584208787	1.04646478757565	176
0.048598433462579	0.272432782475208	228
0.123887468985442	1.13765426504205	63
0.047755745628836	0.272799090918146	26
-0.0675162554853099	1.0294800228211	88
0.0680144815032731	1.09132426173096	88
-0.0109037146347	1.04650903893007	88
-0.0674651159672	1.0293099914417	342
0.122722619569568	0.577081252829866	767
-0.00939409998832996	0.719191379540725	607
0.122764300237126	0.576995364187196	711
0.065963779951847	0.914018836599402	418
-0.0113729158288101	1.0468867359018	418
-0.08414933775802	1.1836807310394	555
0.032079229085774	0.56691647468837	173
-0.00953867129288	0.719213659450249	173
-0.1145954954322	0.541089063658969	173
0.047755745628836	0.272799090918146	173
0.031974554636492	0.56675996581703	142
0.047755745628836	0.272799090918146	142
-0.11469959880058	0.540907832368884	142
0.048231954119922	0.27264192625531	142
0.031839735720063	0.567066206054291	397
-0.01094434495271	1.04663097728092	140
-0.1146996213552	0.541121784175122	139
0.122936050643944	0.577066528922155	245
-0.00942463255137005	0.719335114329613	222
0.0945480174761471	1.60502074323847	88
-0.0722273777271401	1.63279876619931	88
0.04812307490303	0.272670624519378	129
0.048231954119922	0.27264192625531	183
0.066281357575508	0.913345059106075	41
0.0243058744132409	1.84202883757335	41
0.122830062903215	0.577203324418684	767
0.109876084461493	0.758022767011415	233
-0.0111557138537499	1.04698444683563	176
-0.0335971755572899	1.19988500775753	176
0.065878854445562	0.913915921489835	176
0.122871801503524	0.577191008258668	142
-0.0381917751007901	1.6458010375987	140
0.061041288976964	0.734322134192378	245
0.068289267538998	1.09114061465758	88
-0.03355138611036	1.19982797735367	88
0.066196462785352	0.913670596019875	88
0.047864940117501	0.272770263417896	183
0.0721354553010159	1.25768488465148	313
-0.00958459475678008	0.719552722677059	767
-0.00943210635186009	0.719314837631752	767
-0.11459535646121	0.54087500274063	767
0.122979304866702	0.576798736351056	418
0.061028021479132	0.734455823851989	418
0.065944925433499	0.91404265035613	233
0.047755745628836	0.272799090918146	228
-0.0446881325680699	0.875044381033776	397
0.122830062903215	0.577203324418684	198
0.047755745628836	0.272799090918146	228
-0.00958459475678008	0.719552722677059	63
-0.01120058538935	1.04695271671224	558
0.066070739361206	0.913928254492498	387
-0.1146996213552	0.541121784175122	245
0.042167481646779	1.2380332965968	681
0.047755745628836	0.272799090918146	251
-0.1143440462202	0.540707013154826	222
0.122871801503524	0.577191008258668	88
0.110177039644677	0.757795459560456	88
-0.1145954954322	0.541089063658969	88
-0.0674395552152001	1.02896072052952	88
0.122830062903215	0.577203324418684	446
0.048489868525968	0.272461351367526	342
-0.11469972387002	0.540927932422351	342
0.031966956155177	0.567023112730889	767
-0.11469959880058	0.540907832368884	767
-0.11394961846196	0.540358650867839	767
-0.00953873661837989	0.719001799339647	233
0.048489868525968	0.272461351367526	233
0.031727756362024	0.567172585007472	233
0.122871801503524	0.577191008258668	233
0.048231954119922	0.27264192625531	233
0.048489868525968	0.272461351367526	228
0.048231954119922	0.27264192625531	228
0.048231954119922	0.27264192625531	173
0.032079229085774	0.56691647468837	176
0.122871801503524	0.577191008258668	176
0.122828533793664	0.577150150243609	397
-0.11480387759856	0.540899159478976	397
-0.11449125834891	0.540788176297302	139
0.047864940117501	0.272770263417896	139
0.048598433462579	0.272432782475208	228
-0.0676237647283999	1.02968638703922	63
-0.11459571417205	0.540895302433044	245
0.04213405645862	1.23803195642172	259
-0.00922587642381001	1.96403259091055	259
0.032904302423643	1.53732034982675	259
0.04812307490303	0.272670624519378	26
0.110186921419238	0.758273976852272	88
0.102832093608003	0.939448099990635	88
0.060883249694848	0.734481046029501	88
-0.00949318472380001	0.719548716819513	446
0.031839735720063	0.567066206054291	446
0.047755745628836	0.272799090918146	183
0.122871801503524	0.577191008258668	41
0.031974554636492	0.56675996581703	342
0.032071593233322	0.566690436445225	767
-0.11469972387002	0.540927932422351	767
0.032079229085774	0.56691647468837	233
-0.11369961316531	0.540175728256294	173
0.031847247933781	0.567121503023109	173
0.048231954119922	0.27264192625531	142
0.122786734926908	0.577236204859608	198
-0.11459535646121	0.54087500274063	198
-0.06770226032767	1.02971511897472	140
0.061080397358425	0.734277294146734	63
0.03243225177931	0.566259034919588	245
0.04812307490303	0.272670624519378	245
0.048231954119922	0.27264192625531	26
0.097650680902687	1.27834020139292	156
0.00560160425525003	1.52019335539315	156
0.123752119486427	1.13831947087499	499
-0.01069346296268	1.04561725777449	834
0.0754877661726781	1.41753220294386	140
0.123593427743363	1.13861050970406	63
0.068238650614869	1.091256783625	387
0.079382731726996	1.9077936502643	302
0.09767409521718	1.2779841101175	302
0.119526542760224	1.2992694253625	230
0.032858665485996	1.5374585568027	156
0.0317156316913581	2.00319464515096	156
0.102482118205951	0.94030942754423	238
0.075691253549413	1.4164262714751	499
-0.11449125834891	0.540788176297302	233
0.018415813439741	0.891361705052936	834
0.022160306077689	1.38020157786992	110
0.060949034106964	0.734553872901206	394
0.098107523642557	1.1149831143537	156
0.097968962189366	1.11519561105545	156
0.0423167417687	1.23809004308569	156
0.032827146285232	1.53749063950567	156
0.123682102336998	1.13860186848024	499
0.032319590710896	0.566583655563607	233
-0.04438698797144	0.874823359724042	233
0.0771613572408531	1.74560514285541	140
-0.01120058538935	1.04695271671224	140
-0.00951606416000006	0.719470647168065	394
-0.0490347412615	1.78583149469116	302
-0.0111506638936401	1.36366778251766	302
0.059374666201683	1.72126929417079	230
-0.03241836892161	1.94454831641908	480
-0.03822651552148	1.64578074592055	156
0.119504129572144	1.30041870570902	156
0.032817848817712	1.06812688940222	499
0.102286021619641	0.940252184336314	834
0.042206091752116	1.23816265662538	834
0.0562609072822921	1.55678354949024	302
0.110598395731167	1.95021855631481	302
-0.0676510708407601	1.02955906828335	257
0.016847687349748	1.67844391264872	156
0.11939063704332	1.30032324953445	156
-0.0337497983296899	1.20022282333808	238
0.0562856546920401	1.55699704247055	499
0.032598622313073	1.06814250103363	834
0.065941741208157	0.913876341257033	140
-0.06770226032767	1.02971511897472	429
-0.0586284587130199	1.92815243159648	302
0.051042873544197	1.39767862694653	302
-0.00958459475678008	0.719552722677059	257
0.096655040529916	1.43775964247532	156
0.119358992118224	1.30054945455121	156
0.123773100474905	1.13833006468011	156
0.110367436209883	0.757813055298963	233
-0.06296301586811	1.4936430495339	233
-0.0111141068746901	1.04688005267179	834
-0.03385659856149	1.20019023313274	110
0.032872780603301	1.53735244637991	110
0.098097055218547	1.11475606239778	140
0.110089883315592	0.75831334866461	394
-0.04454424783783	0.875037302287801	429
-0.08451759652118	1.1843533689843	248
0.056253291612216	1.55727823446254	230
-0.10653567007246	1.48379071241774	469
0.102722484111155	0.939927270681426	156
-0.0112418576936999	1.04696151548129	156
-0.06305886196714	1.49399112115098	156
0.110163569243204	0.758278106424201	238
0.123726447905206	1.13848557971854	499
0.060883249694848	0.734481046029501	127
0.061001474558287	0.734414306613764	233
0.122871801503524	0.577191008258668	834
-0.0442026859429301	0.874225060290528	834
0.072114742409588	1.25776216142976	63
0.047755745628836	0.272799090918146	26
0.059258839795276	1.72154515691269	302
0.074608526431724	2.19421327306004	302
0.075736906685811	1.41627651541266	156
-0.0339024597691799	1.20029831040917	238
0.097968962189366	1.11519561105545	238
-0.11459571417205	0.540895302433044	233
0.068086804482226	1.09139785801806	834
0.102550415896717	0.939949816100454	834
-0.01121260643806	1.36391613128728	834
-0.00957687999319989	0.719341383679869	198
0.119431560077312	1.30053762555948	140
-0.0676237647283999	1.02968638703922	140
0.07562468611175	1.41708198865436	230
0.102698794441381	0.939970942027738	469
0.031951808133683	0.566741793143772	257
0.051039409146867	1.39751290452265	156
-0.06741049607932	1.02918447124468	156
0.122830062903215	0.577203324418684	156
0.032745782811282	1.06791490925739	238
-0.0336175076704801	1.20000036554384	127
-0.11284313403012	1.62641310501748	127
0.102419856456453	0.940081077850025	127
0.102633505665751	0.940086363572764	127
0.042321973761406	1.23797261405448	110
-0.0447668987624801	0.874998371336222	140
-0.00951606416000006	0.719470647168065	394
0.031496758217042	0.567042315970506	394
-0.0447668987624801	0.874998371336222	197
-0.01135686255054	1.36448986544582	302
-0.0108815915949201	1.04645124106137	604
0.061028021479132	0.734455823851989	786
0.022211153372361	1.37998178223474	469
0.068216917591202	1.09134486803983	469
-0.04454424783783	0.875037302287801	480
0.109885891298775	0.758325900391627	257
-0.08412859432016	1.18335772876772	257
-0.00955415243894997	0.719594277702576	238
-0.03385659856149	1.20019023313274	127
-0.0445823542431201	0.87448497615951	127
0.109959637811511	0.758325708685114	110
0.110066535075841	0.758398727133385	110
0.042116460640944	1.23775359227731	140
-0.11423834940659	0.540537025048118	197
0.018468769989692	0.891343802585796	26
0.119466299040439	1.30046627966342	230
0.102766901950977	0.939673038658141	238
-0.0340348630452201	1.2001954554125	238
-0.01903142150307	2.10536868426393	193
0.066070739361206	0.913928254492498	541
0.072179705296988	1.25747828676636	193
0.07570191264507	1.41683023325101	834
0.051077417638028	1.39751776971112	834
0.018390073185487	0.891235733129596	263
-0.01156811337039	1.36435308946661	387
-0.0799737058131	2.35836667573927	193
-0.04438698797144	0.874823359724042	541
-0.00949318472380001	0.719548716819513	541
0.042411877773486	1.23765635008207	834
0.050946221449785	1.39770926430696	63
0.122979304866702	0.576798736351056	26
-0.0843007427131801	1.18416297802057	786
0.033027103617443	1.536815451777	230
0.11940856468454	1.30028237748817	156
0.066133612393815	0.913817896990738	238
0.102722484111155	0.939927270681426	238
-0.01136197447248	1.36450514747123	110
0.102571195461337	0.940123855262361	140
0.119532700816606	1.30003504627854	63
0.0222723220243179	1.38025463759668	197
0.00750906567971099	1.21867851593673	387
0.047755745628836	0.272799090918146	26
0.00587870859653605	1.52003436155345	370
0.061014750006396	0.734486826092846	370
0.024777771888629	1.84087040574994	230
0.033123476720764	1.06735759628624	469
-0.11770142025461	1.76600469891919	230
0.033082987067662	1.0674734320829	156
0.061041288976964	0.734322134192378	238
-0.10653567007246	1.48379071241774	834
-0.11449125834891	0.540788176297302	263
-0.0973994371378799	1.33612138652643	387
-0.01126612517745	1.04693636677886	230
0.044224693979346	1.86338548369153	230
-0.0673849388289001	1.02908287832302	156
0.031959373972186	0.567014988604947	238
0.032079229085774	0.56691647468837	127
0.110066535075841	0.758398727133385	127
0.04213405645862	1.23803195642172	127
0.122850887569758	0.577216000555005	541
-0.0446229306980801	0.875080562846637	219
0.031490226713548	0.567020696167977	219
-0.04460940159171	0.875044256076931	219
-0.00954648594502006	0.719429089721718	198
0.122722619569568	0.577081252829866	263
0.060790947849236	0.734638357608288	197
-0.04438698797144	0.874823359724042	387
-0.09492414030204	2.05692879819963	302
0.110163569243204	0.758278106424201	786
0.00584406114091696	1.52018346002879	499
-0.0110106968406201	1.04647536420941	127
0.0661776998552021	0.913433739663781	541
0.12280758973809	0.577211271023757	541
-0.0508362359158201	1.34986755478027	834
0.109213021149976	1.79395527722407	288
0.104326840379197	2.22871269047908	288
0.122892804737198	0.577129826927392	197
0.097685105408056	1.27830160939508	63
-0.07232710432169	1.63396545933334	604
-0.0087146907004001	1.66009483641131	370
0.114737685812101	1.46379976521333	302
0.102547440184871	0.940260218229084	469
0.050980749540304	1.39772192435503	783
0.122743415309001	0.57705638656403	578
-0.0444005593508501	0.874733287180993	127
-0.09726281254122	1.33580254085195	541
0.061080397358425	0.734277294146734	219
0.032791941282912	1.06808061328527	110
0.022547136789336	1.37905582817799	110
-0.11480389157877	0.541093044086259	198
-0.07233803077599	1.63285268318272	63
0.102701688357973	0.939858830586143	662
0.093773743880418	1.76983017902944	302
0.097963665414847	1.11515890213512	230
0.056049585322266	1.55764327594884	84
0.066026654597668	0.913944086266714	238
0.061185884621858	0.734138351979046	238
-0.0445171675051601	0.874839243596844	238
0.018387107711221	0.890911942182745	238
0.066196462785352	0.913670596019875	127
0.06838342460412	1.09024728006711	834
0.031974554636492	0.56675996581703	263
-0.0559077144800499	2.37156777559957	302
0.016961682300214	1.67816372486784	230
0.122830062903215	0.577203324418684	213
0.066130265695783	0.913544117933911	84
0.051042873544197	1.39767862694653	156
0.123658783671944	1.13863240837444	84
-0.09722192601032	1.3359014050852	238
0.076935371257403	1.57862947692964	499
0.0609357763180281	0.734584867529678	59
0.05942996083626	1.72097297904551	436
0.01854743633026	0.891200517436491	439
0.00763172217464403	1.21845128278681	230
-0.06759473282354	1.02934690786557	783
0.0979250656844119	1.1150480895648	453
0.060922514554735	0.734512322363123	453
0.04230639406978	1.23795429631017	193
-0.1145954954322	0.541089063658969	59
0.110200393332759	0.758075075130584	198
0.0609881951343571	0.734143578649317	16
-0.04454424783783	0.875037302287801	68
-0.04434629561867	0.874227830580801	68
-0.06757087432184	1.02960559429657	68
-0.10654092444152	1.48383585102106	370
0.072247470624591	1.25713633542623	230
0.061093686495544	0.734349776969803	469
-0.00943949779121001	0.719087797282374	783
0.110260560606779	0.757923214285955	213
0.042483905791014	1.23736940930748	238
0.066111561791409	0.913869462420194	238
-0.0843422108479699	1.18416873197409	238
-0.0842976451986299	1.18383975553519	59
-0.0507276063358899	1.34974408392831	140
-0.0444520453949799	0.874915515762286	16
-0.0674906827344	1.02947600253339	16
0.110186921419238	0.758273976852272	387
0.00208840458582604	2.12362773127455	230
0.110140217393594	0.75818922164643	453
0.06590398857626	0.913907893473794	453
0.122830062903215	0.577203324418684	453
0.10265723813339	0.940076957017963	238
0.066196462785352	0.913670596019875	238
-0.11780504259451	1.76597907627282	193
0.060843517364767	0.734573163138473	59
0.122892804737198	0.577129826927392	59
0.123796442090775	1.13820325501289	322
0.032878493767784	1.06781225444113	834
-0.06754356591929	1.02960059011662	110
0.096738047734633	1.43906998508075	436
0.102766901950977	0.939673038658141	439
0.031959373972186	0.567014988604947	439
0.00745110135749105	1.21875163505965	110
-0.04888066753881	1.78585498423922	110
0.0684842794335641	1.0901289848257	16
-0.00948561465469999	0.719469300354575	16
0.048231954119922	0.27264192625531	26
-0.04422986940011	0.874422999949284	213
-0.0676237647283999	1.02968638703922	213
-0.00962268959251	0.719542660462454	59
0.109936292712197	0.758045997006066	59
0.061014750006396	0.734486826092846	59
0.061185884621858	0.734138351979046	59
-0.0676220447934699	1.02959898870171	439
0.110307273273172	0.75800789084331	16
0.122786734926908	0.577236204859608	16
-0.00952368242224999	0.719592912783372	63
0.098019949117337	1.11441139821202	469
0.022452205591561	1.37954916331939	469
0.110307273273172	0.75800789084331	213
0.061080397358425	0.734277294146734	453
0.102505916207118	0.940205975951383	499
-0.0675179913994	1.02948100786859	834
0.031847247933781	0.567121503023109	68
-0.0974811329326699	1.33588134076142	469
-0.0112867475593299	1.04699179572721	84
-0.06274147411318	1.49202587702692	499
0.032672843501504	1.53743784056784	499
0.0510808824821219	1.39759657671501	499
0.102327443231915	0.939986135177036	127
-0.04437342022381	0.87478702664477	59
-0.0675179913994	1.02948100786859	59
0.031839735720063	0.567066206054291	59
0.0682747006237	1.09110798624752	436
0.119545051534574	1.30017626391706	140
-0.1145954954322	0.541089063658969	16
0.061093686495544	0.734349776969803	63
-0.0674906827344	1.02947600253339	469
0.10994611442796	0.758387165212466	453
0.075473699605894	1.41758321370854	84
-0.0673576276052099	1.02896241203675	59
-0.08067723251228	1.77394806866108	140
-0.0883610366235501	1.91481622132824	805
0.033036966449449	1.06768289627114	387
0.122892804737198	0.577129826927392	68
0.048231954119922	0.27264192625531	26
-0.0340092628401101	1.19993506245739	613
0.12412416239631	1.81675651748884	29
0.110237204746484	0.757643711768777	469
-0.01132335812147	1.36443735294917	127
-0.05074899990213	1.34959289537038	322
0.123716526744444	1.13795541683974	110
0.068144597003035	1.09132787183401	439
0.123411439470359	1.13816969170426	140
0.066322095586219	0.913253237878811	16
-0.05866062365944	1.92839778597565	288
0.102701688357973	0.939858830586143	63
-0.01100712019044	1.0467688034003	387
-0.06301451328798	1.49379954526153	469
0.065963779951847	0.914018836599402	469
-0.10661285918559	1.48391142432305	84
0.00745852535621305	1.21870709605587	84
-0.05065571133179	1.34962011875571	238
-0.04454424783783	0.875037302287801	59
-0.01121771699011	1.36405176431989	834
0.022391023366148	1.37991700053059	834
-0.04459587610723	0.874882532020824	16
-0.10665144058897	1.48378011203968	387
0.12280758973809	0.577211271023757	68
-0.0327608764510701	1.94542508686813	230
0.102547440184871	0.940260218229084	238
-0.10637404954145	1.48276015996341	834
-0.09726745476458	1.33593267607984	439
0.068043390930196	1.09124755463046	439
0.075407067514514	1.41654250676486	110
0.00577477444064101	1.52036944007875	140
0.018548943881068	0.891182658817562	16
-0.0723652024435699	1.63399214874951	613
0.096706648555934	1.43922420476171	230
0.061093686495544	0.734349776969803	213
-0.07221645958462	1.63335634772888	84
0.056156076855447	1.55739654163321	84
-0.0629001790914501	1.49346758262367	84
-0.10911003095113	2.48641904393659	84
-0.0508362359158201	1.34986755478027	238
-0.09737429445385	1.33618961895253	834
-0.08072287086232	1.77405554494587	322
-0.0335920714567599	1.19974411881959	110
-0.0116737315884901	1.3638787154709	110
-0.0724648714973599	1.6344374617271	140
0.01852171877891	0.89128782209467	16
-0.08066317711347	1.77387568107524	63
-0.12238385756487	1.90515133928253	613
-0.08410479185828	1.18363928378775	84
0.0948448055133539	1.60405479354826	84
0.12280758973809	0.577211271023757	238
0.123707802428864	1.13836283104991	127
-0.0335310472160599	1.19971263124176	127
-0.0336378422954899	1.2000132345587	834
0.022231514937018	1.38021746420898	436
-0.02587202424878	1.5056432101026	63
-0.0112949180894699	1.36428406414076	230
-0.0724685350391701	1.63440850715985	84
-0.0630107983919199	1.49319498613275	84
-0.01121771699011	1.36405176431989	238
-0.0506052257594301	1.34945000762301	193
-0.0382643465141299	1.64565107129053	436
-0.10665144058897	1.48378011203968	110
-0.03377011942518	1.20023567172394	439
0.06609277487246	0.913789457162529	140
-0.0840395203086901	1.18336757976254	16
0.10233068057872	0.9403211353412	213
0.0680217093726	1.09099148557421	84
-0.09735860323448	1.33545749308828	84
-0.0629211558576099	1.49367972730647	127
-0.0724377489653301	1.63408210042134	110
-0.0975062813766701	1.33629196450453	230
0.075442128629356	1.41761585390513	84
-0.0113517130426699	1.36433972664653	84
0.10252360232716	0.94004315172749	127
0.072250285634009	1.25723267303751	63
0.059515471174957	1.72034677731384	29
-0.0847139219687201	1.1840730921333	213
-0.0380497097304799	1.64564509648325	84
0.065985814116982	0.914054579689335	238
0.123770798981337	1.13829632876519	127
-0.07241942875158	1.63367771177763	322
-0.01125632177935	1.36421632411086	110
-0.0442948303691	0.874612671953292	140
-0.07413006534159	2.21401777140025	140
0.042417011224308	1.23777318623601	713
0.09808487192521	1.11477805490437	108
-0.0970196414531801	1.33441462000055	238
-0.03237322939656	1.94452159625137	193
-0.12206443668453	1.90483329244281	140
-0.0880184469568801	1.91393752748611	140
-0.05064805367925	1.34945872895967	63
0.072138283745567	1.25768053773344	469
-0.0675162554853099	1.0294800228211	213
0.066130265695783	0.913544117933911	238
0.119507221378634	1.30036961627426	499
0.0224589008349541	1.3796020894186	127
-0.0843422108479699	1.18416873197409	638
0.110223747339957	0.758163932303549	638
-0.08438682576281	1.18431059237427	16
-0.04471516867313	0.874990540305417	16
0.032812146517826	1.06788181818266	63
0.04235536745731	1.23793885253156	63
0.060764483006036	0.73459676282174	63
0.042249943395588	1.2381224020176	469
0.110330630084249	0.7579225607507	783
0.0720940589676981	1.2577236479436	108
0.109982983249307	0.758414603504005	108
0.06816630737094	1.09139188343664	108
-0.00959222676060989	0.719584185538748	686
0.072276746303203	1.25686325194036	322
0.032858281451982	1.06801105527549	834
0.096552588736758	1.43950722547379	110
-0.0672792249157701	1.02844704134877	110
0.068318140372424	1.09114737529994	432
0.0184172992416281	0.891019279351557	16
0.0661556584154081	0.913679106263852	613
-0.05073525888176	1.34973329226194	783
0.075765071120653	1.41652382042462	322
0.00719835672706004	1.21850766675001	110
-0.11449125834891	0.540788176297302	198
0.031727756362024	0.567172585007472	16
0.104698884735232	2.22742714330536	288
0.119643108858195	1.29981639787825	613
0.047387879055768	0.272853156193857	68
-0.0258241941288799	1.50573588446435	230
0.065985814116982	0.914054579689335	230
0.097791794474494	1.11492244237773	783
-0.0114056381243499	1.36423219907183	108
-0.06770226032767	1.02971511897472	108
-0.0843661049894899	1.18424888419965	84
-0.08414933775802	1.1836807310394	834
0.122786734926908	0.577236204859608	686
0.102375292212688	0.940271048783134	834
0.10233068057872	0.9403211353412	436
0.018441547238006	0.891351129934286	638
0.061106971656411	0.734318770281423	638
0.111075801065382	1.6291838625895	566
0.066218519321411	0.913531824301823	16
0.075564981167894	1.41738304491173	230
0.102419856456453	0.940081077850025	230
-0.0844729147077199	1.18429763076139	834
-0.0631685204864001	1.49392270960762	436
-0.0508653034583499	1.34973382362398	16
0.031974554636492	0.56675996581703	16
0.060698632234123	0.734653716487146	613
-0.01142899420268	1.36457225482966	613
0.062340853778907	1.88629805775311	230
-0.0490288241850501	1.78540697961119	230
0.00750906567971099	1.21867851593673	84
0.032990912236226	1.06776186767796	108
0.068339885220984	1.09098852714648	108
-0.10667953924816	1.48393039083252	834
-0.0505256862861301	1.34914482493701	110
0.031966956155177	0.567023112730889	198
-0.0107967313470501	1.04606662723562	713
-0.0444520453949799	0.874915515762286	108
0.04230639406978	1.23795429631017	108
0.123703136843931	1.13851610491653	84
-0.0324589020352799	1.9446354284132	322
0.068115697943313	1.09140457364152	834
-0.01136197447248	1.36450514747123	834
0.005764954266541	1.51999594916694	436
0.110223747339957	0.758163932303549	16
-0.10133322725249	2.20183954711408	613
0.097788398572225	1.27799218750125	108
-0.03825928531874	1.64532764637403	84
0.022184033488774	1.38024276731453	238
-0.1220470272039	1.90448613758235	322
0.094734029875207	1.6044909679321	436
-0.0809580144741999	1.77217118135882	181
0.095176305503313	1.93031547302107	230
0.056384564947808	1.55691849682403	84
0.068144597003035	1.09132787183401	193
0.097974298811038	1.11511969911987	193
-0.01106991729155	1.04686660568732	834
0.00606176139925596	1.518785445705	224
0.00755960685033796	1.21861263453586	224
0.097619946578929	1.27816721345537	84
0.04812307490303	0.272670624519378	398
0.048598433462579	0.272432782475208	398
-0.11469959880058	0.540907832368884	452
0.12280758973809	0.577211271023757	185
-0.00952368242224999	0.719592912783372	185
-0.1144886963805	0.541000350984738	198
-0.1145954954322	0.541089063658969	198
0.042288589601939	1.23797117367548	16
0.048598433462579	0.272432782475208	398
0.04812307490303	0.272670624519378	398
0.048598433462579	0.272432782475208	398
0.04812307490303	0.272670624519378	398
0.031727756362024	0.567172585007472	398
0.048231954119922	0.27264192625531	398
0.048598433462579	0.272432782475208	398
0.048231954119922	0.27264192625531	398
0.047755745628836	0.272799090918146	398
0.047864940117501	0.272770263417896	398
0.047755745628836	0.272799090918146	398
0.032904383029822	1.06800777077185	103
-0.06780978614306	1.02954453126558	103
0.097658051478386	1.27793393678618	709
0.11070044817539	1.63080964277621	373
0.076626780345332	1.58002720234756	373
0.048489868525968	0.272461351367526	398
0.031966956155177	0.567023112730889	452
-0.0674360593176	1.02910344958402	452
-0.1146996213552	0.541121784175122	452
0.122871801503524	0.577191008258668	505
0.047755745628836	0.272799090918146	292
0.066070739361206	0.913928254492498	103
-0.0675179913994	1.02948100786859	103
0.110089883315592	0.75831334866461	224
0.050287658127479	2.0242735436113	680
0.119434654610223	1.30053083761182	108
0.060777717413549	0.734669327956872	452
0.110126732547253	0.758353213221804	452
0.047864940117501	0.272770263417896	826
-0.00949318472380001	0.719548716819513	185
0.031966956155177	0.567023112730889	185
0.122913897302031	0.57703082808025	185
0.122722619569568	0.577081252829866	185
0.04812307490303	0.272670624519378	398
-0.1144886963805	0.541000350984738	185
0.068433687507917	1.09028083969045	252
-0.04437342022381	0.87478702664477	198
0.047497389810397	0.272824202108595	198
0.032071593233322	0.566690436445225	105
-0.1146996213552	0.541121784175122	224
0.018468769989692	0.891343802585796	224
0.012384664212352	1.98218094117907	680
0.032751522829547	1.06819642967814	108
0.031847247933781	0.567121503023109	826
-0.11480398571088	0.54087926587085	826
0.048598433462579	0.272432782475208	398
-0.1144886963805	0.541000350984738	185
-0.00956173625136003	0.719582795507295	489
-0.00949318472380001	0.719548716819513	198
0.031727756362024	0.567172585007472	198
0.109455452530681	1.79235847611884	12
-0.0338821521412001	1.20028548040552	103
-0.0841018601475101	1.18317392338317	224
0.032618821382027	1.06822533492779	224
-0.11423834940659	0.540537025048118	826
-0.1146996213552	0.541121784175122	826
0.031966956155177	0.567023112730889	185
0.031959373972186	0.567014988604947	185
0.0171896809450151	1.67716552723347	79
0.122915077536795	0.577091573709713	252
0.048489868525968	0.272461351367526	398
0.04812307490303	0.272670624519378	198
0.0393639466694971	1.69903778046296	12
-0.0442570674037199	0.874001246514747	103
-0.00952368242224999	0.719592912783372	224
-0.04435985610666	0.874625311859659	224
0.032079229085774	0.56691647468837	130
0.07202628358025	1.25776081764772	108
0.123866528902378	1.13760470246277	680
-0.11459571417205	0.540895302433044	452
-0.11459535646121	0.54087500274063	826
0.047864940117501	0.272770263417896	398
0.048489868525968	0.272461351367526	398
0.04812307490303	0.272670624519378	398
-0.0445823542431201	0.87448497615951	489
0.032079229085774	0.56691647468837	505
0.031601108969	0.566915321537061	252
0.031959373972186	0.567014988604947	198
0.047387879055768	0.272853156193857	398
0.04812307490303	0.272670624519378	292
0.05086323766534	1.39784411706059	280
0.123458087052623	1.13826326767152	63
0.12280758973809	0.577211271023757	105
-0.1145954954322	0.541089063658969	181
0.03185477649666	0.566902385585879	224
0.03185477649666	0.566902385585879	181
-0.00949318472380001	0.719548716819513	130
0.04812307490303	0.272670624519378	398
0.031839735720063	0.567066206054291	452
0.032094549623495	0.566570214515686	452
-0.11459535646121	0.54087500274063	398
0.047497389810397	0.272824202108595	398
0.048231954119922	0.27264192625531	398
0.04812307490303	0.272670624519378	185
0.060711849000988	0.734622762965473	505
0.061093686495544	0.734349776969803	489
0.047864940117501	0.272770263417896	398
0.047497389810397	0.272824202108595	398
0.031727756362024	0.567172585007472	280
0.123663490922654	1.13832806779249	103
0.110163569243204	0.758278106424201	103
0.047864940117501	0.272770263417896	398
0.032071593233322	0.566690436445225	398
0.110056683438365	0.757988708239315	103
0.048231954119922	0.27264192625531	398
-0.00946265936106006	0.719458642516027	224
0.102505916207118	0.940205975951383	224
-0.1146996213552	0.541121784175122	181
0.048231954119922	0.27264192625531	398
0.047864940117501	0.272770263417896	398
0.110043187174885	0.758402852078309	185
0.048231954119922	0.27264192625531	398
0.04812307490303	0.272670624519378	398
0.110103382513894	0.758357339826199	252
0.048489868525968	0.272461351367526	398
0.047755745628836	0.272799090918146	398
0.061185884621858	0.734138351979046	550
0.031727756362024	0.567172585007472	550
0.04812307490303	0.272670624519378	398
-0.11459571417205	0.540895302433044	105
0.048489868525968	0.272461351367526	181
0.047387879055768	0.272853156193857	181
0.122850887569758	0.577216000555005	181
-0.1146996213552	0.541121784175122	181
0.04812307490303	0.272670624519378	181
-0.1145954954322	0.541089063658969	185
0.048489868525968	0.272461351367526	398
0.04812307490303	0.272670624519378	398
-0.11459535646121	0.54087500274063	198
0.048489868525968	0.272461351367526	398
0.04812307490303	0.272670624519378	550
-0.1144886963805	0.541000350984738	550
0.048598433462579	0.272432782475208	398
0.04812307490303	0.272670624519378	398
0.048598433462579	0.272432782475208	398
0.048231954119922	0.27264192625531	181
0.048231954119922	0.27264192625531	181
0.04812307490303	0.272670624519378	181
-0.1143440462202	0.540707013154826	181
0.047755745628836	0.272799090918146	181
0.047864940117501	0.272770263417896	181
0.123773100474905	1.13833006468011	378
0.032817848817712	1.06812688940222	378
-0.11394961846196	0.540358650867839	130
0.123020836922725	0.576562714951828	130
-0.00946265936106006	0.719458642516027	108
-0.00952368242224999	0.719592912783372	108
0.048231954119922	0.27264192625531	826
0.048489868525968	0.272461351367526	826
-0.0444520453949799	0.874915515762286	372
0.047864940117501	0.272770263417896	398
0.048231954119922	0.27264192625531	398
-0.0447804021495899	0.875034643261629	252
0.065985814116982	0.914054579689335	292
0.047387879055768	0.272853156193857	550
0.04812307490303	0.272670624519378	398
-0.1144886963805	0.541000350984738	105
0.048231954119922	0.27264192625531	398
-0.11480387759856	0.540899159478976	398
0.12280758973809	0.577211271023757	224
0.04812307490303	0.272670624519378	181
0.032079229085774	0.56691647468837	181
0.047755745628836	0.272799090918146	130
0.122979304866702	0.576798736351056	108
-0.00949318472380001	0.719548716819513	108
0.048231954119922	0.27264192625531	826
0.048231954119922	0.27264192625531	826
0.048231954119922	0.27264192625531	826
0.048598433462579	0.272432782475208	826
0.047864940117501	0.272770263417896	398
0.047755745628836	0.272799090918146	398
-0.1144886963805	0.541000350984738	519
-0.1143440462202	0.540707013154826	398
0.048231954119922	0.27264192625531	398
0.031847247933781	0.567121503023109	252
-0.00945513744605009	0.719425138137918	398
0.047497389810397	0.272824202108595	198
0.0323118148547	0.566449087740737	198
0.060922514554735	0.734512322363123	292
0.048231954119922	0.27264192625531	398
0.048598433462579	0.272432782475208	398
0.047864940117501	0.272770263417896	398
0.048231954119922	0.27264192625531	398
-0.01098857513235	1.0466444883025	103
-0.04464999978255	0.874658189007031	103
-0.03352597940084	1.19952886381899	181
-0.11409385166674	0.540651439280993	181
0.048231954119922	0.27264192625531	398
-0.11409385166674	0.540651439280993	826
-0.11469972387002	0.540927932422351	246
0.060777717413549	0.734669327956872	246
-0.1145954954322	0.541089063658969	803
0.048231954119922	0.27264192625531	803
-0.11459571417205	0.540895302433044	519
-0.1143440462202	0.540707013154826	519
0.122850887569758	0.577216000555005	372
-0.0675964565840099	1.02968138226897	143
-0.1146996213552	0.541121784175122	505
-0.11394961846196	0.540358650867839	398
0.031727756362024	0.567172585007472	505
-0.00952368242224999	0.719592912783372	505
-0.0111892486024301	1.36383222744496	172
0.047755745628836	0.272799090918146	398
0.047755745628836	0.272799090918146	398
0.0720206719903031	1.25775136112317	12
-0.122141598843	1.90508810025631	12
-0.04460940159171	0.875044256076931	34
0.031839735720063	0.567066206054291	105
0.060949034106964	0.734553872901206	181
-0.0445577934429899	0.874947175637136	181
0.109996492378858	0.758034210233106	181
-0.00951606416000006	0.719470647168065	130
-0.00955415243894997	0.719594277702576	246
0.060790947849236	0.734638357608288	246
0.122958361914198	0.576786214582943	246
0.032079229085774	0.56691647468837	826
-0.11469972387002	0.540927932422351	826
0.122681295519488	0.577012560144428	517
0.047864940117501	0.272770263417896	517
0.03243225177931	0.566259034919588	519
0.0719999216194061	1.25784747559237	143
0.097639658652002	1.27812007561353	596
0.047864940117501	0.272770263417896	398
-0.05065571133179	1.34962011875571	34
0.109969458444249	0.758301811363702	34
-0.0841908394185	1.1839217961835	103
0.00781971502643797	1.21749951159823	360
-0.03800879846376	1.64545995063421	360
0.122957113106258	0.577005310114962	130
0.047864940117501	0.272770263417896	826
0.060922514554735	0.734512322363123	246
0.04812307490303	0.272670624519378	517
-0.11384369426122	0.540061252740227	517
0.047864940117501	0.272770263417896	398
0.04812307490303	0.272670624519378	803
0.123042670120896	0.576613456359607	803
-0.1144886963805	0.541000350984738	519
-0.0110106968406201	1.04647536420941	143
-0.00946265936106006	0.719458642516027	539
0.048598433462579	0.272432782475208	398
0.050901248652748	1.39794423411131	34
0.061028021479132	0.734455823851989	103
-0.00952368242224999	0.719592912783372	181
-0.00949318472380001	0.719548716819513	130
0.0317352150006121	0.567000612677095	826
0.0323118148547	0.566449087740737	246
0.0612350868785621	0.733582265905031	246
-0.00959222676060989	0.719584185538748	246
0.122850887569758	0.577216000555005	246
0.032191595406	0.566591842753788	519
0.047755745628836	0.272799090918146	519
0.032086881231415	0.566880494409038	398
0.048231954119922	0.27264192625531	428
-0.01092584208787	1.04646478757565	103
-0.00858883116907006	1.66018884125769	789
-0.0675179913994	1.02948100786859	360
-0.00952368242224999	0.719592912783372	130
-0.11394961846196	0.540358650867839	826
0.122828533793664	0.577150150243609	826
0.031959373972186	0.567014988604947	246
0.042283337808234	1.23812382734132	246
-0.0333988381996599	1.19923628652098	246
0.061001474558287	0.734414306613764	246
0.032751522829547	1.06819642967814	246
-0.1144886963805	0.541000350984738	519
0.102485147099845	0.940031908257637	372
-0.04454424783783	0.875037302287801	172
-0.04454424783783	0.875037302287801	172
0.110270456321804	0.758074443440553	539
-0.11449125834891	0.540788176297302	398
0.047755745628836	0.272799090918146	398
-0.11449125834891	0.540788176297302	428
0.00584406114091696	1.52018346002879	12
0.018600369215321	0.891065326956382	103
-0.00962268959251	0.719542660462454	103
0.050897773810526	1.3977885581543	103
0.066281357575508	0.913345059106075	360
-0.06310320515668	1.49407532131708	360
-0.11480389157877	0.541093044086259	826
0.122957113106258	0.577005310114962	246
0.122871801503524	0.577191008258668	246
0.12280758973809	0.577211271023757	246
-0.1146996213552	0.541121784175122	803
-0.11469959880058	0.540907832368884	519
0.04812307490303	0.272670624519378	519
-0.00959222676060989	0.719584185538748	372
0.102526680568705	0.940274502101517	143
0.031847247933781	0.567121503023109	505
0.031496758217042	0.567042315970506	539
0.032071593233322	0.566690436445225	539
0.061028021479132	0.734455823851989	539
0.048231954119922	0.27264192625531	398
0.031966956155177	0.567023112730889	34
-0.0338821521412001	1.20028548040552	103
0.068065089317637	1.0913824036287	360
0.00745852535621305	1.21870709605587	318
0.102636452853247	0.940008480427255	318
0.01852171877891	0.89128782209467	318
0.122913897302031	0.57703082808025	517
-0.1145954954322	0.541089063658969	517
-0.0445307058590401	0.875000983365389	572
0.0183885910418971	0.891369034784776	572
0.018653294319131	0.890885888045407	143
0.01852171877891	0.89128782209467	172
0.066048699269289	0.913979811896187	172
0.122871801503524	0.577191008258668	539
-0.00939409998832996	0.719191379540725	539
0.060949034106964	0.734553872901206	34
-0.01136197447248	1.36450514747123	103
-0.0336175076704801	1.20000036554384	318
0.102722484111155	0.939927270681426	318
-0.0676220447934699	1.02959898870171	318
0.102372132479148	0.940215274127897	318
-0.0675964565840099	1.02968138226897	363
0.03185477649666	0.566902385585879	246
0.12300033719795	0.576773649682754	517
0.110270456321804	0.758074443440553	572
0.031959373972186	0.567014988604947	519
0.122850887569758	0.577216000555005	505
-0.01094434495271	1.04663097728092	172
0.122765969326838	0.57722347245481	539
0.060949034106964	0.734553872901206	539
-0.00953867129288	0.719213659450249	539
-0.1145954954322	0.541089063658969	428
0.031847247933781	0.567121503023109	428
0.0323118148547	0.566449087740737	551
-0.0335717275230001	1.19984085753893	360
0.097979675211802	1.11493398580477	318
0.047864940117501	0.272770263417896	826
0.031966956155177	0.567023112730889	572
0.122894193752737	0.577078965683136	143
-0.00959222676060989	0.719584185538748	143
-0.1145954954322	0.541089063658969	505
0.060949034106964	0.734553872901206	172
0.031727756362024	0.567172585007472	539
0.031966956155177	0.567023112730889	539
-0.1144886963805	0.541000350984738	428
0.047497389810397	0.272824202108595	428
0.031720314122376	0.567057194652099	428
0.047497389810397	0.272824202108595	551
0.048231954119922	0.27264192625531	551
-0.00952368242224999	0.719592912783372	34
0.031727756362024	0.567172585007472	34
0.047755745628836	0.272799090918146	34
-0.0447668987624801	0.874998371336222	103
0.061120252841419	0.734185107924619	360
0.050866716054803	1.39796567776136	102
-0.0724993050129099	1.63445236896901	360
-0.01096292796479	1.04632443443331	318
0.097946414430474	1.11485253797527	115
-0.0975062813766701	1.33629196450453	796
0.066215142670211	0.913499728136811	572
0.055992479310421	1.55764553141022	237
-0.11459535646121	0.54087500274063	505
-0.04442494655826	0.874356224735044	539
0.031951808133683	0.566741793143772	428
-0.0444005593508501	0.874733287180993	12
0.115160565209291	1.46243852808218	12
-0.0676237647283999	1.02968638703922	34
0.122832077996853	0.576663269068791	572
0.102482118205951	0.94030942754423	237
0.068238650614869	1.091256783625	237
0.00760275821234202	1.21844045928042	572
-0.0844521998383301	1.18435363304479	72
-0.10656899402135	1.48382175417859	103
-0.0336175076704801	1.20000036554384	103
0.076569989811037	1.58019898013924	102
0.0443017887571771	1.86298709579053	318
0.12280758973809	0.577211271023757	796
-0.05065571133179	1.34962011875571	172
-0.0109664578361399	1.04668877277751	34
0.122915077536795	0.577091573709713	34
0.065797023033157	0.914065073356353	318
-0.11284598758051	1.62625426926223	318
-0.09719687863719	1.33559767521875	246
0.00551918135890295	1.52009657206708	115
-0.0380435428806201	1.64551687025541	172
0.102654266238225	0.93991173958222	549
0.061093686495544	0.734349776969803	539
-0.11384369426122	0.540061252740227	551
-0.06754356591929	1.02960059011662	34
-0.00956923753491989	0.719303703505991	34
-0.06303553022315	1.49402232321609	246
0.032890181445273	1.53733832184257	115
0.115056115496059	1.46297051042483	237
-0.06699671447706	2.07141583755849	159
0.060962287922118	0.734420173128497	66
0.031847247933781	0.567121503023109	355
0.00737899062069702	1.2187820399153	355
-0.1144886963805	0.541000350984738	461
-0.00951606416000006	0.719470647168065	461
0.00755220510898402	1.21858226446361	345
-0.00955415243894997	0.719594277702576	66
0.110076368438553	0.757781106680667	143
-0.0949487366931201	2.05676235379051	159
-0.0212328565689099	1.80138165175391	72
0.068375902769935	1.09091058503372	143
0.097958408554346	1.11499773494011	98
0.095423367607155	1.9296409349998	102
0.031966956155177	0.567023112730889	461
-0.08440755145801	1.18425460382918	143
0.072005625459493	1.2575320267474	143
0.061014750006396	0.734486826092846	299
0.119222435963164	1.30051719895872	549
-0.00956173625136003	0.719582795507295	98
0.0975400504541179	1.27842505534167	12
-0.00874300853864996	1.66048635489512	273
-0.0109037146347	1.04650903893007	345
-0.0489091012196201	1.78594786384129	159
0.032086881231415	0.566880494409038	66
-0.0326146603672099	1.94552363829264	72
-0.03370397294107	1.20014450289202	34
0.060790947849236	0.734638357608288	34
0.094849971635754	1.60401200518696	102
0.018573147361327	0.890960687427876	355
-0.10643563775539	1.48343306154168	115
0.031839735720063	0.567066206054291	66
-0.00948561465469999	0.719469300354575	66
0.097681430688191	1.27830937563298	549
0.032731309605797	1.06811359377429	98
-0.0213637089435901	1.80150232145156	12
-0.0446229306980801	0.875080562846637	34
0.122765969326838	0.57722347245481	34
0.00774020530518005	1.21800731088231	102
0.094221075244612	1.60498561741369	102
0.122915077536795	0.577091573709713	461
-0.09724236809706	1.33591396738743	345
-0.0335717275230001	1.19984085753893	345
0.110043187174885	0.758402852078309	345
-0.033400531824	2.38334498344725	115
-0.11459535646121	0.54087500274063	66
0.12280758973809	0.577211271023757	66
0.109922770760536	0.758391290815041	143
0.0659008826868051	0.914058426198824	549
0.096829319424749	1.4387377304041	168
0.018627593052595	0.891057998572292	98
-0.0447016488104299	0.875080672215587	837
-0.0676510708407601	1.02955906828335	98
0.122915077536795	0.577091573709713	34
-0.0488350423030599	1.78566654153361	102
0.119535784323953	1.30023019862239	115
0.110965501683656	1.62968451906305	115
-0.0974151598855899	1.33580860329926	143
-0.10663025594682	1.48341554251906	143
0.110053021620181	0.758147293453786	549
0.032827146285232	1.53749063950567	102
0.031951808133683	0.566741793143772	461
0.033057202782908	1.0675801720725	345
0.066029868707851	0.913864241707956	345
0.094869897005362	1.60382691374053	115
0.09634939745417	1.43948185562493	159
0.068397626178061	1.090918671406	143
-0.01092223648267	1.04647115178995	549
0.122871801503524	0.577191008258668	431
0.06816630737094	1.09139188343664	98
0.060856765447748	0.734645723530448	34
-0.00956173625136003	0.719582795507295	461
-0.06757087432184	1.02960559429657	345
0.097688784643191	1.27818554167985	115
-0.00946265936106006	0.719458642516027	66
-0.0803824117855101	1.77110163691069	72
0.032079229085774	0.56691647468837	837
0.032086881231415	0.566880494409038	34
-0.0724648714973599	1.6344374617271	102
0.096293087087804	1.43938367983422	102
-0.1145954954322	0.541089063658969	461
0.031959373972186	0.567014988604947	461
0.032086881231415	0.566880494409038	461
0.04812307490303	0.272670624519378	66
0.00758117420136895	1.218593081794	143
-0.03355138611036	1.19982797735367	98
-0.11469972387002	0.540927932422351	837
0.01854743633026	0.891200517436491	98
-0.0256805039632699	1.50507559547987	12
-0.0444005593508501	0.874733287180993	34
0.109204176275592	1.79394566422779	102
-0.0323076620338001	1.94385866584554	102
0.122830062903215	0.577203324418684	461
-0.0442948303691	0.874612671953292	461
0.039088114973553	1.6995765927129	115
0.119358992118224	1.30054945455121	115
-0.0109850218709899	1.04660896365302	143
0.110223747339957	0.758163932303549	98
0.061106971656411	0.734318770281423	34
0.032079229085774	0.56691647468837	461
0.050935784232102	1.39788866911543	159
0.042244710472197	1.23818838192643	549
-0.04446560025431	0.874951843477017	98
0.00755220510898402	1.21858226446361	98
-0.08414933775802	1.1836807310394	34
0.005764954266541	1.51999594916694	345
-0.0381284482291699	1.64509897584788	549
0.051004864450415	1.39767374843643	549
0.032745782811282	1.06791490925739	98
-0.01109555758862	1.04617630445201	50
-0.0447016488104299	0.875080672215587	34
0.122978264954337	0.576906289496621	34
0.096478500830301	1.43949941882273	102
-0.0675981806957899	1.02947828761807	355
0.122915077536795	0.577091573709713	355
-0.08063508809974	1.77325133993232	115
0.110247101668791	0.758159798405766	143
0.01852171877891	0.89128782209467	98
0.032199301264988	0.566773743831677	98
0.01852171877891	0.89128782209467	461
0.109230281951785	1.79401681586017	115
0.00591335882695998	1.51984652789489	115
0.032924605114544	1.0679050257715	143
0.061014750006396	0.734486826092846	66
-0.0628977909939501	1.49354569777032	72
0.032904383029822	1.06800777077185	50
0.115088424738887	1.46301006778246	102
0.061172585768852	0.734169359590649	461
0.042445340224146	1.2374338002114	345
0.00591989711352303	1.51972983976519	345
0.042249943395588	1.2381224020176	115
0.094849971635754	1.60401200518696	159
-0.07236155114085	1.63414672358936	72
-0.00965312473012991	0.719454975106926	549
0.018548943881068	0.891182658817562	549
0.122830062903215	0.577203324418684	34
-0.11449125834891	0.540788176297302	34
-0.1064689919678	1.48359744038891	143
0.060949034106964	0.734553872901206	66
0.075596554150463	1.41727001253552	72
0.068477108030739	1.09056886871485	549
-0.00945513744605009	0.719425138137918	98
-0.00956923753491989	0.719303703505991	461
0.068390503651557	1.09079874158402	115
-0.04454424783783	0.875037302287801	66
0.110237204746484	0.757643711768777	66
0.065815945074774	0.913919891438734	143
-0.04446560025431	0.874951843477017	98
0.097795737822801	1.27784311068597	12
0.061093686495544	0.734349776969803	50
0.102502862637504	0.940217754935799	355
0.022160306077689	1.38020157786992	115
0.097574473073983	1.27841826569567	115
0.110210273924257	0.758188605908356	66
-0.00949318472380001	0.719548716819513	66
0.122936050643944	0.577066528922155	98
0.102808509665419	0.939727088354476	50
0.03975328565021	1.69677893254518	102
0.0394942856664831	1.69820205898989	115
-0.07257917492974	1.63414308281956	115
0.044178199098043	1.86253539708378	231
0.016847687349748	1.67844391264872	159
0.110126732547253	0.758353213221804	143
0.06068541149692	0.734581157638396	34
0.0721589798233801	1.25763735257334	143
0.097792065890104	1.27797353839933	72
-0.0324788245104899	1.94512431531769	62
-0.0807966463904399	1.77364448273769	168
0.018494495669324	0.891295148402178	98
0.031727756362024	0.567172585007472	98
-0.0107561505840501	1.04595121918338	98
0.109982983249307	0.758414603504005	355
0.031959373972186	0.567014988604947	461
0.102764061357437	0.939821244116649	345
0.097681430688191	1.27830937563298	143
0.060856765447748	0.734645723530448	599
0.11023362676084	0.758010794911154	98
0.075656267597236	1.41704929696716	12
-0.07246120338175	1.63431564490405	115
-0.00950067227012008	0.71944848988664	66
0.0982357385184121	1.11408192381701	143
0.018574659801723	0.891193190806152	98
0.061001474558287	0.734414306613764	104
-0.0336836450885101	1.20013164447268	143
0.040457683530699	2.16032576232816	13
0.102437508436495	0.940233689247385	284
-0.0675162554853099	1.0294800228211	98
0.042499419704949	1.23717717014368	345
0.060949034106964	0.734553872901206	599
0.018415813439741	0.891361705052936	98
0.031720314122376	0.567057194652099	66
-0.03352597940084	1.19952886381899	143
-0.0630565163341199	1.49409712518812	72
-0.04446560025431	0.874951843477017	599
-0.01110698009575	1.36323357705524	549
0.122913897302031	0.57703082808025	104
-0.11369961316531	0.540175728256294	104
0.122786734926908	0.577236204859608	50
-0.00946265936106006	0.719458642516027	34
-0.11459571417205	0.540895302433044	461
0.102482118205951	0.94030942754423	98
-0.11776007789612	1.76530878058203	115
-0.00961500935902992	0.719465002182	66
0.098035595670948	1.1151274797835	143
0.06817350166632	1.09116765713778	143
0.110247101668791	0.758159798405766	98
-0.00950807744836002	0.71906994013096	50
0.031966956155177	0.567023112730889	461
0.097719533168551	1.27823107971962	345
0.0956414028852221	1.92825832080674	159
-0.0971355329718699	1.33556804136506	143
-0.00945513744605009	0.719425138137918	104
-0.0675691464047901	1.02956080335463	34
-0.1144886963805	0.541000350984738	461
0.039144790503296	1.69948442770629	115
0.032981461728209	1.5370261223463	62
0.123635475109601	1.13863202904981	549
-0.0335717275230001	1.19984085753893	12
-0.0444520453949799	0.874915515762286	461
0.094376678514299	1.60519192475093	115
-0.04460940159171	0.875044256076931	549
0.119507221378634	1.30036961627426	168
0.060962287922118	0.734420173128497	104
0.0608700095575661	0.734614739532522	98
0.061014750006396	0.734486826092846	34
0.0609357763180281	0.734584867529678	461
-0.01113506903312	1.04692897665662	461
0.110173433618173	0.758090003658094	66
0.110344077545518	0.757817202440817	104
0.0317352150006121	0.567000612677095	104
0.061106971656411	0.734318770281423	34
0.123798849082048	1.13795942768384	345
0.00768227096094298	1.21826973374442	143
0.032970683034459	1.06786460606963	143
-0.11480387759856	0.540899159478976	250
0.032319590710896	0.566583655563607	104
-0.0444520453949799	0.874915515762286	98
0.12280758973809	0.577211271023757	34
0.07663435255971	1.57962374410234	273
0.110780489353254	1.63062719359524	115
0.075610623772561	1.41723321239013	115
0.122681295519488	0.577012560144428	66
0.123656544898233	1.13848441111465	143
0.102678018662703	0.940062642864547	98
0.060856765447748	0.734645723530448	104
0.122701912984862	0.577068484962905	104
-0.04978524948323	2.23060893831854	102
0.039218969287842	1.69940396153412	115
0.021655271501824	2.14271211890801	236
0.097935660470675	1.11518091544644	72
0.00773282055119995	1.21804627892688	98
-0.0678080939135699	1.02957183162047	34
0.031615869941974	0.567051569300168	34
-0.0677568735707701	1.02959283321938	355
0.097616259623016	1.27834699468731	115
0.110210273924257	0.758188605908356	599
0.017050978882953	1.67771397835565	284
-0.0674906827344	1.02947600253339	50
0.061014750006396	0.734486826092846	34
0.007328446849308	1.21873467587146	143
-0.00855737436019011	1.6599653596595	62
-0.05840886213763	1.92724533713753	284
-0.0337904430220499	1.20013885545986	98
-0.11469959880058	0.540907832368884	104
-0.06293857274258	1.49306640933625	273
-0.00956173625136003	0.719582795507295	461
0.068296412155814	1.09118687231564	143
-0.08054031013807	1.77337447760355	62
-0.01077829395095	1.04600900862957	549
-0.00955415243894997	0.719594277702576	50
0.031847247933781	0.567121503023109	461
0.032079229085774	0.56691647468837	461
0.01712505936152	1.67751581285617	159
0.061093686495544	0.734349776969803	66
-0.00942463255137005	0.719335114329613	66
0.0511465150984351	1.39708275004107	143
0.110066535075841	0.758398727133385	599
0.109899427439278	0.758302416946051	599
0.03243225177931	0.566259034919588	104
-0.12207854784394	1.90480928011661	12
0.12280758973809	0.577211271023757	34
-0.00957687999319989	0.719341383679869	461
0.0661556584154081	0.913679106263852	345
-0.12231001160458	1.90530937826444	115
0.115006887939608	1.46339655551592	159
-0.08425614552937	1.18409554472181	143
-0.0335717275230001	1.19984085753893	143
0.102805619591441	0.939366251910944	62
0.01854743633026	0.891200517436491	284
0.122765969326838	0.57722347245481	104
-0.1146996213552	0.541121784175122	104
-0.0381161146358899	1.64572655030474	115
0.093731112921469	1.77000149033394	401
0.03185477649666	0.566902385585879	66
0.00260455632066303	1.82126161601837	13
-0.0499678539992101	2.23136911489563	12
0.03185477649666	0.566902385585879	34
-0.11449125834891	0.540788176297302	66
0.017050978882953	1.67771397835565	13
0.115152983237947	1.46276711094971	72
-0.0447668987624801	0.874998371336222	599
-0.11449125834891	0.540788176297302	104
0.048231954119922	0.27264192625531	104
0.031966956155177	0.567023112730889	34
0.122871801503524	0.577191008258668	34
-0.11459571417205	0.540895302433044	461
-0.01143410678958	1.36452461064498	345
0.110860536862968	1.63034038934446	401
-0.11480387759856	0.540899159478976	66
0.032199301264988	0.566773743831677	66
-0.0840187502254901	1.18318834527758	143
0.07541055439695	1.41756409071877	62
0.047864940117501	0.272770263417896	104
-0.0442948303691	0.874612671953292	34
0.0954746988788731	1.92929552732209	401
0.066133612393815	0.913817896990738	143
0.068412270938868	1.09046887308857	143
-0.0509586062491101	1.34977847178465	72
0.093886355687023	1.76921326612732	72
-0.11277241921162	1.62619345772839	284
0.068368752914815	1.09099529213687	47
0.102873722301616	0.939502079698032	50
0.077123981122981	1.74574401639248	115
0.075519339780062	1.41749955054658	688
0.018361370640517	0.89126434873263	143
0.022143274719684	1.37972432112144	47
0.075596554150463	1.41727001253552	12
-0.11268400291138	1.62589975684777	72
0.056441688598158	1.55671449007379	62
0.068216917591202	1.09134486803983	284
-0.10663025594682	1.48341554251906	284
-0.01094434495271	1.04663097728092	50
-0.10097197831454	2.20109524566099	688
-0.0629445104652999	1.49377125926658	62
-0.03797405162118	1.64536415429386	284
0.072253173648387	1.2570951819886	47
0.102766901950977	0.939673038658141	143
-0.12203623624125	1.90438252767958	62
0.098007589998965	1.11513441446806	49
0.012284208506036	1.9830854050958	115
0.07667595621546	1.57989152044029	401
0.093698676109736	1.77008081378913	119
-0.0673576276052099	1.02896241203675	109
0.033195193072476	1.0668065631194	143
-0.0842115976406601	1.18386588923938	47
0.061120252841419	0.734185107924619	50
0.065756035121708	0.913940863560114	49
0.0681880344578319	1.09133812448806	143
0.102808509665419	0.939727088354476	50
0.110351535127391	1.63032155701413	115
0.00577805448740199	1.52022857919695	119
-0.04437342022381	0.87478702664477	250
-0.0675691464047901	1.02956080335463	50
0.024476762587253	1.84203908608572	119
0.075473699605894	1.41758321370854	119
0.031727756362024	0.567172585007472	109
0.122871801503524	0.577191008258668	109
0.050897773810526	1.3977885581543	143
-0.0974402803622201	1.33626237931806	143
0.068057916614843	1.09129809699015	143
0.048489868525968	0.272461351367526	754
-0.04447915874277	0.874861737721261	308
-0.00946265936106006	0.719458642516027	239
0.061120252841419	0.734185107924619	239
0.122828533793664	0.577150150243609	239
0.04812307490303	0.272670624519378	239
0.123679835859713	1.13851571556633	244
0.102784842850869	0.939646655617509	143
-0.04416497325109	0.874044170634651	109
0.102678018662703	0.940062642864547	143
0.018495994737287	0.891238633380212	754
0.0317352150006121	0.567000612677095	239
0.110103382513894	0.758357339826199	239
0.018443037836819	0.891256539139616	109
0.0977502975307269	1.27807047747867	72
0.04812307490303	0.272670624519378	754
-0.0112847332969399	1.36427271349989	50
0.061106971656411	0.734318770281423	308
0.031615869941974	0.567051569300168	239
0.042311548515336	1.23808535151044	244
0.098107523642557	1.1149831143537	143
0.0609357763180281	0.734584867529678	256
-0.0676493547222801	1.02971956899807	568
0.12280758973809	0.577211271023757	47
0.061251598364894	0.733936477959649	47
-0.03366331974116	1.2000162830891	49
-0.1144886963805	0.541000350984738	239
0.032199301264988	0.566773743831677	239
0.098151442136748	1.11471005709961	244
0.042383578448162	1.23791559703069	115
0.031847247933781	0.567121503023109	109
0.102505916207118	0.940205975951383	143
0.075564981167894	1.41738304491173	72
0.110270456321804	0.758074443440553	256
-0.00895548496063992	1.96275895511479	71
0.047755745628836	0.272799090918146	109
-0.00959222676060989	0.719584185538748	109
-0.10674617921461	1.48377491935801	47
0.032086881231415	0.566880494409038	754
-0.00958459475678008	0.719552722677059	754
0.110186921419238	0.758273976852272	47
0.075424609201488	1.41733478854204	71
-0.04447915874277	0.874861737721261	143
0.048489868525968	0.272461351367526	250
0.032817848817712	1.06812688940222	47
-0.1146996213552	0.541121784175122	308
0.097650680902687	1.27834020139292	244
0.0659008826868051	0.914058426198824	143
0.083818800357621	2.0636504071934	72
0.032664974200632	1.06814663593799	284
0.066048699269289	0.913979811896187	47
-0.11409385166674	0.540651439280993	754
0.0317352150006121	0.567000612677095	754
0.110126732547253	0.758353213221804	308
0.060883249694848	0.734481046029501	239
0.110066535075841	0.758398727133385	143
0.039275102523413	1.69927929694148	62
-0.03801347409839	1.64485600841902	284
0.00753062705021101	1.21869653416016	47
0.110270456321804	0.758074443440553	50
0.00591662625911704	1.51985548054652	49
-0.02584042561967	1.50556303897535	62
0.032924605114544	1.0679050257715	47
-0.05074899990213	1.34959289537038	50
-0.0111141068746901	1.04688005267179	49
0.06816630737094	1.09139188343664	143
-0.05869280811303	1.92849520482785	72
0.044255345952071	1.86299266418287	13
0.110223747339957	0.758163932303549	47
0.102502862637504	0.940217754935799	50
0.0938138090434339	1.76941124932022	115
-0.0629187186234701	1.49355895600663	256
0.109982983249307	0.758414603504005	47
-0.0839950573847801	1.18310053656466	308
0.114843832987463	1.46385675796236	143
0.031847247933781	0.567121503023109	143
-0.07218928277243	1.63277203131345	284
0.122958361914198	0.576786214582943	47
-0.0844729147077199	1.18429763076139	50
-0.04446560025431	0.874951843477017	49
0.123955574835673	1.81704767129772	236
0.111025943689563	1.62963674420832	71
0.032552445992313	1.06818256302703	12
0.110297361151113	0.757449095607594	49
0.0936611442038791	1.77015907499058	71
-0.01136704873772	1.36438111482099	143
0.071952909625524	1.25770753311464	284
-0.0676749506448899	1.0295945475418	47
-0.01122121898675	1.0470081680928	47
-0.0677534734537999	1.02919937499785	12
-0.0108815915949201	1.04645124106137	50
0.060922514554735	0.734512322363123	308
-0.00961500935902992	0.719465002182	308
0.032191595406	0.566591842753788	49
0.110163569243204	0.758278106424201	143
0.102743275110927	0.93991294095813	47
0.061080397358425	0.734277294146734	50
-0.01113506903312	1.04692897665662	49
-0.10671286422907	1.48387478693024	143
-0.03384154433692	1.19994501611305	62
-0.06764763891751	1.02934249022698	47
-0.12221545384632	1.90507478075681	12
-0.0210621626798999	1.80048465378814	603
0.0979250656844119	1.1150480895648	72
-0.05090607266134	1.34901950618495	72
0.00729945200513904	1.21872393573538	50
0.102698794441381	0.939970942027738	119
0.096566807887965	1.43933866030651	119
-0.0675964565840099	1.02968138226897	72
0.110247101668791	0.758159798405766	712
0.042350155305787	1.23802084465051	47
0.060856765447748	0.734645723530448	50
0.122936050643944	0.577066528922155	50
0.031615869941974	0.567051569300168	50
-0.0115062414956999	1.36439034928904	49
-0.00606187330457009	2.26230553750158	119
-0.01128984454058	1.36434645967255	143
0.102351408897053	0.940306894743437	143
0.05618850263238	1.55747410560907	72
0.123661098743887	1.13858345641386	72
0.031847247933781	0.567121503023109	250
0.123703136843931	1.13851610491653	284
0.0982794723277149	1.11415717421758	712
-0.0110292229225499	1.04682659260225	50
-0.0674906827344	1.02947600253339	50
0.01852171877891	0.89128782209467	308
0.119466299040439	1.30046627966342	49
-0.0114907893252301	1.36431812146651	603
0.071997177848417	1.25766433779445	119
0.0623489050246841	1.88602374586308	236
0.110089883315592	0.75831334866461	72
0.00584079070692201	1.52012022788256	62
0.122892804737198	0.577129826927392	712
-0.08432147431859	1.18422470011317	712
0.033016727428183	1.06769601839155	712
0.065966939937158	0.913903875523373	47
0.00748752104880102	1.21852835493637	12
0.0323118148547	0.566449087740737	308
-0.0378636460561901	1.64452157824922	72
0.00188915064824102	2.12465032816144	13
-0.0339483526406501	1.200255571949	47
0.03270763477267	1.53754192048158	50
-0.1145954954322	0.541089063658969	308
0.119352805587983	1.30010641017743	119
0.068397626178061	1.090918671406	143
0.066029868707851	0.913864241707956	712
0.066007843702619	0.914003033691674	712
0.050904727408142	1.3979705781504	12
-0.06759473282354	1.02934690786557	50
0.110089883315592	0.75831334866461	308
0.110730636918531	1.63063340861113	119
0.096860720602709	1.43850588608113	119
0.068057916614843	1.09129809699015	143
0.061331871709847	0.733541793455623	291
0.050973794485949	1.39789356472873	72
0.00282638861624895	1.82119016278598	13
0.12345357552603	1.13832492411033	62
-0.0255523237436499	1.50424524588684	284
0.00768227096094298	1.21826973374442	47
0.018574659801723	0.891193190806152	47
0.0609881951343571	0.734143578649317	49
0.114917669989842	1.46355084195885	236
-0.0673849388289001	1.02908287832302	47
-0.00955415243894997	0.719594277702576	49
0.016919855299959	1.67721386878548	115
-0.11459535646121	0.54087500274063	291
0.031727756362024	0.567172585007472	47
-0.1144886963805	0.541000350984738	308
0.032817848817712	1.06812688940222	49
0.050284547524743	2.02371927705619	236
0.050973794485949	1.39789356472873	72
-0.10654092444152	1.48383585102106	575
-0.03239322601661	1.94462510263357	62
-0.02584430184014	1.50576678662474	284
0.061106971656411	0.734318770281423	308
0.00758859222619801	1.21843391807279	119
-0.00863759489387994	1.66015213336808	62
0.0720206719903031	1.25775136112317	284
0.122722619569568	0.577081252829866	47
0.031966956155177	0.567023112730889	308
0.095300261822142	2.35697233193672	401
0.09776131142973	1.27791362742569	119
-0.03364299689615	1.19979109905805	291
0.018627593052595	0.891057998572292	50
0.00591662625911704	1.51985548054652	119
-0.06312419590774	1.49407882372874	291
0.10265723813339	0.940076957017963	291
-0.09779082899862	1.33584179863196	291
-0.11777397282624	1.76593529851641	62
0.102633505665751	0.940086363572764	284
0.102571195461337	0.940123855262361	50
0.122958361914198	0.576786214582943	308
-0.0674906827344	1.02947600253339	49
-0.00946265936106006	0.719458642516027	49
-0.0676510708407601	1.02955906828335	291
0.0328380664694921	1.06811379957822	291
0.097505631061291	1.2783999055638	72
0.061080397358425	0.734277294146734	47
0.102612740345623	0.940178061589571	291
-0.0674651159672	1.0293099914417	50
0.110270456321804	0.758074443440553	49
0.097719533168551	1.27823107971962	49
-0.04207633469271	2.08804903956341	13
0.122913897302031	0.57703082808025	250
0.075519339780062	1.41749955054658	12
-0.09730832368705	1.33607369721018	12
0.060883249694848	0.734481046029501	308
0.122786734926908	0.577236204859608	308
0.096980460776257	1.4378136372722	62
-0.10664620424317	1.48394251741134	284
0.032658735731307	1.53763489082704	284
0.0510808824821219	1.39759657671501	47
0.061014750006396	0.734486826092846	308
0.072226749324581	1.25734920425514	72
0.01833562708671	0.891348219855638	47
-0.05075667986707	1.34983558204753	308
0.032086881231415	0.566880494409038	308
0.050208590221246	2.02428332560455	466
0.096352924141049	1.43932029795433	466
0.058292262205089	2.17589323598804	466
0.040228225832192	2.16146149974623	24
0.07570191264507	1.41683023325101	284
0.123679835859713	1.13851571556633	47
-0.0723468992042999	1.63319904108278	72
0.119501040446634	1.30036400963261	13
0.05788974597381	2.17838794384675	466
-0.0807403988498501	1.77398694475869	466
0.013854318735657	2.27745495849025	466
0.025659397464072	2.42659662783921	466
-0.0837015520346101	2.49774978717677	24
0.123749769097589	1.13842380055509	13
-0.0258002667116599	1.505724704982	575
0.032935821005193	1.53720011162431	12
0.0952885850417799	1.93042687214842	466
0.0324652230289531	2.29346156609884	466
0.104917509825717	2.22614708986726	466
0.066280687972604	2.32459322287655	466
0.086882340678343	2.48513314032358	24
0.108420792297822	2.37287450768804	24
0.117614854010178	2.24632221962727	24
-0.12203623624125	1.90438252767958	119
-0.08819740702478	1.91433027860263	291
0.022112877616444	1.38000979582728	72
-0.10908402107821	2.48670518060033	284
0.0766191528795071	1.58006334437011	284
0.122850887569758	0.577216000555005	308
0.072044175463518	1.25780431021568	466
0.0659008826868051	0.914058426198824	466
0.079650822961111	1.90670031357601	466
-0.01136197447248	1.36450514747123	466
0.086725938306451	2.48545211138127	699
0.102722484111155	0.939927270681426	575
-0.03377011942518	1.20023567172394	466
-0.0488492539251799	1.78582478922194	466
-0.03373807102461	2.387038061256	466
-0.0498658106055501	2.23100930775307	466
0.018467274549559	0.891190458093011	466
-0.0093360896730601	1.96440673384458	466
0.108438657370333	2.37304039906301	24
0.081903306391883	2.33714348589671	24
-0.0844729147077199	1.18429763076139	291
0.119393728942089	1.30050867748643	72
0.042172676825085	1.23816128076778	47
-0.0443084110125001	0.874649006739739	47
0.072111940245595	1.2576988657185	12
0.033143717509046	1.06715893034372	308
-0.01092584208787	1.04646478757565	308
-0.0800696819728901	2.35885567465413	200
-0.08080008428255	1.77419849606036	466
-0.07228169627657	1.63353623891001	466
-0.0671375296733201	2.07186655532671	466
0.081707602306533	2.33909443941444	24
0.066257365930288	2.32509505221286	699
0.031966956155177	0.567023112730889	291
0.122830062903215	0.577203324418684	291
-0.04897191481088	1.78611267428625	72
-0.00943210635186009	0.719314837631752	47
0.122913897302031	0.57703082808025	47
0.032331511477998	2.29466512830572	200
-0.0339300795061901	2.3870601414298	466
0.117729631624056	2.2459872108056	24
0.123684445441911	1.13848968300103	72
-0.06770226032767	1.02971511897472	47
-0.04897191481088	1.78611267428625	47
0.122936050643944	0.577066528922155	47
-0.10661285918559	1.48391142432305	466
0.0224759250054351	1.37948242543633	466
0.03235061631807	2.29459758737976	466
0.124987275647412	1.97133915411566	24
0.123857276072969	1.81772131934246	24
0.119712511897703	2.3939381101605	699
0.09661538631375	1.43942848206497	119
0.022387647177464	1.38002903803168	72
0.07665896603609	1.57976779191923	72
0.068311023091626	1.09088875201966	575
-0.0111769055397299	1.04693867028586	47
0.066007843702619	0.914003033691674	12
-0.0324839895021201	1.94497034021227	466
0.061331871709847	0.733541793455623	575
-0.0508790370457	1.34976324855809	13
0.122830062903215	0.577203324418684	47
-0.0443084110125001	0.874649006739739	308
0.0392505649546639	1.69939333918593	466
-0.0882715722540399	1.91469761202085	466
-0.09528871098839	2.05780528359272	466
-0.10927466907821	2.48726847104453	24
-0.10922266058472	2.48724492482998	24
0.073320052200942	2.46922853097716	699
0.09459818580558	1.6049499729463	699
0.114347079899231	2.10000255689293	24
-0.11394961846196	0.540358650867839	291
0.00756705232766597	1.2182150350109	291
-0.0879936978810401	1.91381502387909	72
-0.1128402079021	1.62627541912009	12
-0.04460940159171	0.875044256076931	308
0.099731183429307	2.08129987013289	466
0.058915689252904	2.45292336204299	699
0.073311964831044	2.46952396048137	699
0.058799520413499	2.45394340171901	699
0.09012083679642	2.21148435559913	699
-0.03360464704021	2.38619558806219	766
0.114156882030726	2.10081351484643	24
0.095574088128988	1.92917215133265	699
-0.0272434137454201	2.24675386875646	766
-0.00943802115925996	1.96432513110834	766
0.095112063848329	1.93010437967072	766
0.032152871849443	2.29476371201778	766
0.09546508928715	1.92914094203399	766
-0.03349240698807	2.38526215611697	766
0.00188915064824102	2.12465032816144	766
0.013662925197917	2.27932290035147	766
0.032262973508318	2.29499876595549	766
0.11071296569338	1.63071189223825	24
-0.0488178435240401	1.78569012916225	24
0.021631891462209	2.14309188679124	699
0.059158700742345	1.7220195203012	699
-0.0487123672056999	1.78513571520083	699
0.096706648555934	1.43922420476171	766
0.032690250305878	1.53769541484883	766
0.076399624299803	1.58052027070233	766
-0.03239833965365	1.94475160203218	766
-0.07438758787223	2.21501597629772	766
0.058605857825364	2.45433778572964	24
0.086830205136474	2.48535622672534	766
0.050939259463937	1.39794913363741	766
0.123570093836189	1.13864107609286	766
0.0766928401281221	1.57924567323508	72
0.060711849000988	0.734622762965473	284
0.114001169873542	2.10115516095886	229
-0.00622548728089001	2.26363738083419	229
0.086934477643522	2.48479533427293	24
0.007156610929828	2.41344271046351	699
0.067597019208505	2.04444009426274	766
0.0741378070984841	2.19642543502029	766
-0.0506052257594301	1.34945000762301	284
0.07190864667968	1.25766317685632	229
0.039113032346437	1.69963805573209	466
0.0662675648822481	2.32510626235144	699
0.117781349248471	2.24590863381946	24
0.074180808058793	2.19635034574772	699
0.074550415775933	2.19477530998904	766
0.114122397671033	2.10094560054089	766
-0.0191090472586499	2.10594331608488	766
0.044004654585873	1.8633017542274	229
0.07704501889989	1.74575059610134	25
0.109317053465327	1.79359636950952	25
-0.05560686016099	2.37012989982781	25
0.013573280485081	2.2796507073422	25
0.00580941643176003	1.52029490719244	25
-0.0952641523134701	2.05797203926326	699
-0.0556768146747699	2.37077087416675	699
0.013801528586468	2.27866423514052	699
0.040436903215485	2.16037427377654	699
0.031773213421545	2.00431130197246	699
0.0561637994748	1.55753793646206	95
-0.08076850799694	1.77412212305454	95
-0.11773942849294	1.76590075830926	95
0.031600920676054	2.00472660061625	95
0.012349587808157	1.98263627518994	95
-0.00931114957244006	1.96442110266858	95
0.031713679340734	2.00453203048201	766
0.032086881231415	0.566880494409038	250
-0.0112949180894699	1.36428406414076	284
-0.0676749506448899	1.0295945475418	25
-0.12249250522418	1.90505717675558	25
-0.00871155050030992	1.66045533301944	25
0.0169863624087641	1.67809709798944	25
-0.03808445716794	1.64574089764188	25
0.050053574417295	2.02388623240572	699
0.0317742494059931	2.00431201553337	699
-0.0421468850879401	2.08860235981125	699
0.114730040181058	1.46406413635514	699
0.110150082914474	0.758267834539312	95
-0.0337497983296899	1.20022282333808	95
0.00562637554907697	1.52036897753378	95
0.033036966449449	1.06768289627114	95
-0.04901753685349	1.78618289254046	95
0.119545051534574	1.30017626391706	95
0.068137419077183	1.0913851525002	95
-0.11469972387002	0.540927932422351	250
0.03185477649666	0.566902385585879	741
0.095541774006913	2.35589416917804	24
-0.0973947259963901	1.3360781394605	25
-0.0329165153322699	1.94571090189571	25
0.067345105855235	2.04546302835642	25
0.11116112698364	1.94820675194218	25
-0.11766341218237	1.7659798156593	25
0.00758117420136895	1.218593081794	25
-0.0723923344539299	1.63424510356232	25
-0.10089176722687	2.20092978823355	699
0.087059646871361	2.4827657026548	699
-0.0421116076911601	2.08837799498411	699
-0.09511388566033	2.05643963350665	699
-0.10665663694861	1.48340065664472	95
0.098146128569227	1.114845139633	95
-0.0974654509533	1.33615099757392	95
0.0328380664694921	1.06811379957822	95
-0.0952074863705901	2.05790185846849	95
0.032990912236226	1.06776186767796	95
0.033012979690721	1.53681769853002	95
0.102526680568705	0.940274502101517	95
-0.09741985758335	1.33624984776813	95
0.066215142670211	0.913499728136811	95
-0.0335717275230001	1.19984085753893	95
0.123544517713371	1.13858162680282	95
-0.12183293118762	1.90305266930843	72
-0.04417858698584	0.873712627502975	475
0.102547440184871	0.940260218229084	13
0.060764483006036	0.73459676282174	250
-0.11469972387002	0.540927932422351	250
0.079538258236473	1.90735995012181	229
0.076740364337669	1.57958418968863	24
0.032998848440507	1.53669048277117	24
0.102571195461337	0.940123855262361	25
0.122936050643944	0.577066528922155	25
0.11054556254823	1.95133965715086	24
-0.112619117174	1.62521602765737	25
-0.0488948806969101	1.78597331176162	25
-0.00871155050030992	1.66045533301944	25
0.00183713768664395	2.12474802180161	699
-0.04454424783783	0.875037302287801	95
-0.0444520453949799	0.874915515762286	95
0.090111284990452	2.21152244301362	766
0.018441547238006	0.891351129934286	95
-0.00953867129288	0.719213659450249	95
-0.00858883116907006	1.66018884125769	95
-0.03377011942518	1.20023567172394	95
0.122830062903215	0.577203324418684	691
0.122892804737198	0.577129826927392	691
-0.11480389157877	0.541093044086259	250
0.04812307490303	0.272670624519378	250
-0.1144886963805	0.541000350984738	741
-0.11480387759856	0.540899159478976	741
0.016904684442934	1.67832156995504	25
0.119579789676588	1.30010492085079	25
0.01679833031866	1.67829367358978	25
0.114843832987463	1.46385675796236	25
-0.04217800172972	2.08834407513811	25
-0.01918668559921	2.1060745991637	25
0.114908339881531	1.46335190874621	25
-0.00880280537712008	1.66044711900961	25
0.022316473975137	1.38012105229694	25
0.075382422885657	1.41765271740971	699
0.006970444438403	2.4140647670056	699
-0.10133322725249	2.20183954711408	699
-0.05063427837088	1.34943500105994	95
0.0966325362199379	1.43909745372313	95
-0.10906663610667	2.48644821942732	95
-0.0837905803179699	2.49767325104815	95
-0.0324537129159901	1.94499539528122	95
0.039275102523413	1.69927929694148	95
0.00570221552982597	1.5204933513953	95
0.039193875777675	1.69951960974179	95
0.058992871135727	1.72239713537053	95
0.06816630737094	1.09139188343664	547
0.018468769989692	0.891343802585796	547
0.122892804737198	0.577129826927392	250
0.114843832987463	1.46385675796236	25
0.00294750776201302	1.8204497624952	25
0.075568392971146	1.41699871096944	25
0.005806142798923	1.52026932918314	25
0.044262121704586	1.86329147969552	699
0.0975400504541179	1.27842505534167	95
0.068029034336226	1.09107631369157	95
0.022391023366148	1.37991700053059	95
0.0184172992416281	0.891019279351557	95
-0.09748586500187	1.3362794418562	95
-0.07246120338175	1.63431564490405	95
-0.0214681162011301	1.80166761083667	95
0.097616259623016	1.27834699468731	95
-0.05849783536514	1.92769133185327	95
0.068216917591202	1.09134486803983	412
0.032858281451982	1.06801105527549	412
-0.09726281254122	1.33580254085195	95
0.059078374627312	1.72208360207038	18
-0.03241836892161	1.94454831641908	72
0.102787708186155	0.939741433946534	547
0.123567813771178	1.13864417192658	691
0.122830062903215	0.577203324418684	250
0.00748008073029605	1.21876243070717	340
0.124133536240511	1.81667865753116	350
0.00577477444064101	1.52036944007875	350
-0.00952368242224999	0.719592912783372	414
0.060856765447748	0.734645723530448	414
-0.10664092797643	1.4839293034782	25
-0.0671272154590199	2.07176533441548	25
-0.0445307058590401	0.875000983365389	132
-0.0842354030835699	1.18403381258987	132
-0.00951606416000006	0.719470647168065	132
0.075550910131435	1.4173865228622	25
-0.06727838787569	2.0718441387593	699
0.0771613572408531	1.74560514285541	699
-0.0487550323700901	1.78510180768368	699
0.039258144921639	1.69919779797626	95
0.0719999216194061	1.25784747559237	95
0.12280758973809	0.577211271023757	412
0.076866589339247	1.74585156796222	95
-0.00955415243894997	0.719594277702576	412
0.122871801503524	0.577191008258668	51
0.065985814116982	0.914054579689335	163
-0.11469959880058	0.540907832368884	475
-0.11469972387002	0.540927932422351	475
0.048598433462579	0.272432782475208	477
-0.06303553022315	1.49402232321609	350
0.073311964831044	2.46952396048137	24
0.047497389810397	0.272824202108595	414
-0.0676493547222801	1.02971956899807	25
0.076424190512057	1.58049241951441	699
-0.0506052257594301	1.34945000762301	95
-0.0506052257594301	1.34945000762301	95
0.031959373972186	0.567014988604947	161
-0.0444520453949799	0.874915515762286	161
0.061001474558287	0.734414306613764	412
-0.00955415243894997	0.719594277702576	412
0.102461369032137	0.940323696699579	412
-0.04438698797144	0.874823359724042	547
0.06816630737094	1.09139188343664	547
0.065922906349755	0.914094181612971	547
-0.00956923753491989	0.719303703505991	475
0.01712505936152	1.67751581285617	13
0.119504129572144	1.30041870570902	350
-0.09724236809706	1.33591396738743	350
0.0771966387092991	1.74553151674876	25
-0.0488634729018	1.78583865622675	25
0.076903950451657	1.74587343351088	25
0.0562378851522331	1.55709516155765	699
0.123770798981337	1.13829632876519	95
-0.0842354030835699	1.18403381258987	161
0.048489868525968	0.272461351367526	161
-0.10653567007246	1.48379071241774	95
0.122786734926908	0.577236204859608	412
0.048598433462579	0.272432782475208	477
0.04812307490303	0.272670624519378	477
-0.0725102936732101	1.6339908341313	229
0.032071593233322	0.566690436445225	45
0.031608481231659	0.567163423048126	45
0.066196462785352	0.913670596019875	89
-0.0629445104652999	1.49377125926658	350
0.097688784643191	1.27818554167985	350
-0.0336744700918901	2.38642884350599	24
-0.0490602124533901	1.7857559790474	25
-0.1145954954322	0.541089063658969	414
0.048598433462579	0.272432782475208	414
0.042244710472197	1.23818838192643	25
-0.08440755145801	1.18425460382918	25
0.12280758973809	0.577211271023757	132
0.00753062705021101	1.21869653416016	25
-0.0675964565840099	1.02968138226897	95
0.031959373972186	0.567014988604947	412
0.060790947849236	0.734638357608288	412
-0.00956173625136003	0.719582795507295	51
-0.0675981806957899	1.02947828761807	163
0.066007843702619	0.914003033691674	340
0.123430301728954	1.13816267046173	89
0.039138230094075	1.69960880838525	350
-0.02569203926409	1.50500008260349	25
-0.06770226032767	1.02971511897472	118
0.122957113106258	0.577005310114962	118
0.007422127556454	1.21863519883637	25
0.00570221552982597	1.5204933513953	25
0.00566429566482196	1.52048354669855	25
-0.06303553022315	1.49402232321609	25
-0.08440755145801	1.18425460382918	132
0.0510808824821219	1.39759657671501	25
-0.00952368242224999	0.719592912783372	161
-0.12216981967178	1.90502932522501	95
-0.10663561185512	1.48375392808795	95
-0.0676510708407601	1.02955906828335	412
-0.0380118805221401	1.6455555149341	319
-0.09737429445385	1.33618961895253	412
0.110113231896788	0.758135516388884	51
0.061001474558287	0.734414306613764	51
0.065881984569559	0.914046639201442	547
0.122809327469738	0.577147451985876	475
0.032207023364778	0.566690506749215	45
0.110043187174885	0.758402852078309	118
0.068296412155814	1.09118687231564	25
0.102636452853247	0.940008480427255	25
0.018468769989692	0.891343802585796	25
-0.09730832368705	1.33607369721018	25
-0.0675981806957899	1.02947828761807	132
0.042255214949799	1.23793432074642	132
-0.0257763309863599	1.50567506644154	25
0.0609357763180281	0.734584867529678	25
-0.0631475428518	1.49404765715946	25
-0.04446560025431	0.874951843477017	412
0.031601108969	0.566915321537061	161
0.00761014885896605	1.21850920142598	95
0.060922514554735	0.734512322363123	412
0.0979969977276	1.11510856408097	412
0.018415813439741	0.891361705052936	412
-0.0631918750477201	1.49389157825406	319
-0.0676493547222801	1.02971956899807	412
-0.03808445716794	1.64574089764188	72
0.060949034106964	0.734553872901206	547
0.12280758973809	0.577211271023757	45
0.03185477649666	0.566902385585879	45
0.018443037836819	0.891256539139616	118
-0.01132335812147	1.36443735294917	25
0.119617619239192	1.29983490935154	25
-0.00944629899750993	1.96463406570401	25
0.122936050643944	0.577066528922155	132
-0.01142899420268	1.36457225482966	25
-0.02577244958396	1.50550001222305	25
-0.0213561882025299	1.80062012324849	25
0.122936050643944	0.577066528922155	161
-0.00878863390743989	1.6605007597543	95
-0.10671286422907	1.48387478693024	95
0.060711849000988	0.734622762965473	412
-0.11773249560881	1.76600587604203	319
0.066029868707851	0.913864241707956	163
0.039144790503296	1.69948442770629	163
0.102526680568705	0.940274502101517	547
0.072096980452837	1.25740964038657	72
-0.0110489251933601	1.04670851481839	547
0.031847247933781	0.567121503023109	477
-0.11394961846196	0.540358650867839	477
-0.11459571417205	0.540895302433044	477
0.00291215533673095	1.82106041692647	24
0.032751522829547	1.06819642967814	118
-0.11277535191372	1.62629602964912	25
-0.12223286018388	1.90530810586479	25
-0.0113954889048999	1.36455768470392	25
0.110860536862968	1.63034038934446	25
0.024236253642114	1.84194425334368	25
0.0658379628179731	0.914062389811693	132
0.098112817874035	1.11492831971185	25
0.0967095584940349	1.43872752066385	25
-0.1175217582672	1.76546960021772	25
-0.09730832368705	1.33607369721018	25
-0.07227436789167	1.6324897609415	25
-0.11772902336993	1.76580920145629	25
-0.09730832368705	1.33607369721018	412
0.123705431158669	1.13854006989708	95
0.0721354553010159	1.25768488465148	95
0.056228558968581	1.55716671703374	95
-0.11277535191372	1.62629602964912	95
0.072223960602422	1.25718382306885	319
-0.01109200987748	1.04692438485415	51
-0.01113506903312	1.04692897665662	163
0.060790947849236	0.734638357608288	477
0.097605225446135	1.27822294645257	89
0.0224080571826381	1.37987134859105	89
-0.03412137820594	1.19997986068722	89
0.066277757786072	2.32489873545581	24
0.077016043775379	1.74574663667496	25
-0.08010994521482	2.35820317160361	25
0.075519339780062	1.41749955054658	25
-0.0809229239278799	1.77417162781204	25
0.057948289689065	2.17793866987624	25
-0.0382312556725399	1.6457570278015	25
-0.0337753461235	1.19993370108744	412
0.066007843702619	0.914003033691674	95
0.022207769757611	1.3802480630522	95
0.097681430688191	1.27830937563298	412
0.0609357763180281	0.734584867529678	51
0.12280758973809	0.577211271023757	51
-0.00953121808197999	0.719538579271265	163
0.061041288976964	0.734322134192378	475
0.123546770082781	1.138640728954	89
0.10452257994338	2.22808109059245	24
-0.02726120624022	2.24682153941179	24
0.122809327469738	0.577147451985876	118
0.072156197471852	1.25749225773753	25
0.016790691041934	1.67853095339135	25
-0.10917936958233	2.48697772205939	25
-0.00856049597583009	1.6600594676588	25
0.110126732547253	0.758353213221804	25
-0.01140058235095	1.36447205132947	95
-0.09524497422097	2.0577745820018	95
0.005591737706101	1.52037068150211	95
-0.00952368242224999	0.719592912783372	412
-0.0631265344027501	1.49400335144429	319
-0.09733343839638	1.33604860809438	51
0.031966956155177	0.567023112730889	51
-0.11369961316531	0.540175728256294	51
0.110150082914474	0.758267834539312	163
0.123775479099221	1.13815793302171	72
-0.11449125834891	0.540788176297302	475
0.048598433462579	0.272432782475208	250
-0.1146996213552	0.541121784175122	477
0.03185477649666	0.566902385585879	45
-0.04460940159171	0.875044256076931	89
0.032904383029822	1.06800777077185	118
0.095359139977874	1.93040392473722	25
0.110103382513894	0.758357339826199	132
0.0423167417687	1.23809004308569	25
0.122786734926908	0.577236204859608	412
-0.0675964565840099	1.02968138226897	412
0.00585389238120004	1.51957395718734	95
-0.10643040538949	1.48335906807295	412
-0.10660760351608	1.48394145936372	319
0.075505267323644	1.4174701947905	319
0.123614436001102	1.1386758221763	51
-0.0445307058590401	0.875000983365389	51
0.110080032811791	0.758268439784129	51
0.018495994737287	0.891238633380212	51
0.119390974059752	1.30056200461928	163
0.096815081618895	1.4386882740336	163
0.032199301264988	0.566773743831677	477
-0.0380875392411699	1.64563002725083	89
-0.0974402803622201	1.33626237931806	89
0.00750906567971099	1.21867851593673	89
0.119714766046522	2.39381961958337	24
-0.11295220034537	1.62580519339894	118
0.018576170978571	0.890966175334784	118
-0.0675964565840099	1.02968138226897	118
-0.09720148627799	1.33577294390053	25
0.110089883315592	0.75831334866461	132
0.065985814116982	0.914054579689335	412
0.122722619569568	0.577081252829866	412
0.032813029710589	1.53756159697599	95
0.032664974200632	1.06814663593799	412
0.098184742272744	1.11462691895282	51
-0.12203291018431	1.90463384689856	403
0.047864940117501	0.272770263417896	250
0.066048699269289	0.913979811896187	210
-0.06754356591929	1.02960059011662	89
-0.0441513631561801	0.874134056622482	89
-0.0842768929011299	1.18403960371508	89
-0.12234153734134	1.90513002112436	24
-0.05073525888176	1.34973329226194	24
-0.00950140214931006	1.96469296397889	24
-0.08432467820894	1.18374644870246	24
0.048598433462579	0.272432782475208	118
0.061001474558287	0.734414306613764	118
-0.0338362817129201	1.20028705606198	25
0.122764300237126	0.576995364187196	132
0.048489868525968	0.272461351367526	412
-0.1146996213552	0.541121784175122	51
0.102701688357973	0.939858830586143	403
-0.11449125834891	0.540788176297302	475
0.032071593233322	0.566690436445225	250
0.048231954119922	0.27264192625531	477
0.047864940117501	0.272770263417896	477
-0.0109664578361399	1.04668877277751	210
0.061028021479132	0.734455823851989	89
0.056057275537361	1.55747462679055	24
-0.0110489251933601	1.04670851481839	118
0.022160306077689	1.38020157786992	118
0.00753805621055803	1.21849978153517	118
0.031722061078911	2.00458730588333	25
0.114730040181058	1.46406413635514	25
-0.08438682576281	1.18431059237427	132
-0.0950771510118999	2.05757093210955	25
-0.0556768146747699	2.37077087416675	25
0.018443037836819	0.891256539139616	412
0.072091210619503	1.25780971050563	412
0.06819520125749	1.09131519015588	412
0.102482118205951	0.94030942754423	412
0.00755220510898402	1.21858226446361	412
0.110163569243204	0.758278106424201	412
-0.0325593028404101	1.94535706715812	319
-0.10660760351608	1.48394145936372	319
0.122871801503524	0.577191008258668	51
-0.0111141068746901	1.04688005267179	403
0.061172585768852	0.734169359590649	403
-0.0443084110125001	0.874649006739739	403
0.122892804737198	0.577129826927392	475
0.032924605114544	1.0679050257715	260
-0.08410479185828	1.18363928378775	260
0.065944925433499	0.91404265035613	210
0.104785265826638	2.22708136049605	241
0.066435217727744	2.32407663098906	241
-0.0122589839609299	2.39838643579481	319
-0.08011273684457	2.35868008703165	319
0.0623489050246841	1.88602374586308	319
0.076342837894487	1.58056296902773	18
0.076700532675373	1.57970401489941	18
0.051049814470285	1.39764489777272	694
0.117588356263945	2.24621758751928	24
-0.0673784836126801	2.07260714072994	241
0.110817032791321	1.62938377914288	241
0.10936044309343	1.79322909162271	241
0.067296494729125	2.0454630681778	241
-0.04990611108072	2.23081111921439	319
-0.0215665733639101	1.80214097978773	319
0.017107972193971	1.67744627021142	641
0.073383931774228	2.46895754855325	241
0.10466449286348	2.22743709825324	241
-0.0840338853763201	2.49831502740769	241
0.044259872720414	1.86331141846607	241
-0.04229011194649	2.08874161124623	319
-0.0194392333608	2.10664501188603	319
-0.0421800797143299	2.08860826974204	483
0.042893610198941	2.44000155699345	483
0.042321973761406	1.23797261405448	693
-0.0488948806969101	1.78597331176162	18
0.0510808824821219	1.39759657671501	18
0.094633636167939	1.60462768417616	18
-0.03797096959039	1.64516374276611	18
0.061001474558287	0.734414306613764	833
0.05627801632048	1.55729920878873	18
0.068397626178061	1.090918671406	546
-0.02133904917784	1.80163993393503	126
0.0507976596872241	1.39790591571686	126
-0.0189238548560899	2.10458948340173	126
-0.07228535362433	1.63376312838859	89
0.072335982690773	1.2562000846406	546
0.072117617232784	1.25760703519935	718
0.051004864450415	1.39767374843643	89
0.096583989135799	1.43950665457699	89
-0.11277535191372	1.62629602964912	126
0.018495994737287	0.891238633380212	392
-0.0331802738746401	1.19789834262652	89
-0.0444520453949799	0.874915515762286	89
0.075533404932065	1.41741570995394	18
0.122892804737198	0.577129826927392	835
0.00770386682881197	1.21803545299232	89
0.0429158413463821	2.43982534189558	241
0.066174401668377	0.913722165965181	833
-0.0675442823725301	2.07258288489408	18
-0.00925533192985006	1.96359833958278	740
0.062201253360886	1.88626979597537	740
-0.09515081931098	2.05779054123418	740
0.114459419784218	2.09937258536671	740
0.067436143179072	2.04518359044568	56
0.095574088128988	1.92917215133265	56
-0.12211007172459	1.90500873140428	327
-0.0335971755572899	1.19988500775753	327
0.096598214111204	1.4394208760361	327
0.017043367695962	1.67790331452361	18
0.094789417326465	1.60428908489877	779
-0.12224696985422	1.90527419968249	718
0.06816630737094	1.09139188343664	126
0.114779246539468	1.46393340120181	133
0.059239033316714	1.72183379407175	133
0.119504129572144	1.30041870570902	133
0.114122397671033	2.10094560054089	241
-0.0882715722540399	1.91469761202085	740
0.123658783671944	1.13863240837444	56
-0.08819740702478	1.91433027860263	315
0.094759107082	1.60426307443521	315
-0.03364299689615	1.19979109905805	327
-0.0843007427131801	1.18416297802057	327
0.018441547238006	0.891351129934286	327
-0.03355138611036	1.19982797735367	327
0.0681880344578319	1.09133812448806	779
-0.1065303757575	1.48358326895773	485
-0.00955415243894997	0.719594277702576	633
0.060843517364767	0.734573163138473	89
0.017035699102891	1.67769030711209	740
0.013879083688327	2.27793721309072	56
-0.1056247517776	2.3442992851578	56
-0.0380118805221401	1.6455555149341	56
0.072070510326911	1.25780528483427	56
-0.01149597750955	1.36448706723892	315
-0.02582035949102	1.50571713467448	315
0.067499795011622	2.04469691855436	315
0.066048699269289	0.913979811896187	327
-0.11268103688552	1.62573162474942	327
0.018680518526093	0.890878556348043	485
-0.00854319724573993	1.66006375737806	718
-0.0113284508768099	1.36441422779594	641
0.109922770760536	0.758391290815041	693
0.110080032811791	0.758268439784129	89
-0.0971150891372901	1.33531545347816	89
0.032301181488461	2.29482867170127	241
-0.00906573299267999	1.96343939019949	740
0.024421565945661	1.8421509712246	56
0.040207452217641	2.16147507304469	315
-0.08382331423724	2.49833834757471	315
-0.10664092797643	1.4839293034782	327
0.06606744684808	0.913691329519322	327
-0.0724304346996201	1.63438183603475	327
0.007660691696459	1.21836742587107	327
0.033082987067662	1.0674734320829	835
0.061278068930803	0.733772098957752	136
0.018520214845332	0.891095845361931	136
0.056213197858533	1.55732711311204	126
0.114303704130148	2.10017087031145	241
0.044112420058923	1.86346517707399	740
0.0936636816694289	1.77004015879259	56
0.0317658683066721	2.00425676339203	56
0.110840864464233	1.63025863070387	56
0.032114671576119	2.2951424682044	315
-0.0588801534271	1.92859673042739	327
0.032213540362929	2.29517465711905	315
-0.08436295230115	1.18396883576561	136
0.083869343673306	2.06403031103851	126
0.056352142822186	1.55685630808551	126
0.123770798981337	1.13829632876519	89
-0.03802110966224	1.64497237653119	89
0.110890744048918	1.63025226960198	740
-0.10122810476735	2.20170469234639	56
0.058912568566045	1.72236207956397	56
-0.0799569188153899	2.35850574598712	315
0.0754877661726781	1.41753220294386	779
-0.11286378681162	1.62634836216231	485
0.065966939937158	0.913903875523373	136
-0.03355138611036	1.19982797735367	89
0.025607120304091	2.42700838815558	133
0.095513142512946	1.92959990140814	133
0.104183186113404	2.2281152939561	133
0.00202774625776303	2.12411596012023	241
-0.0724685350391701	1.63440850715985	740
0.098040891180962	1.1151166226222	740
0.01227942172019	1.98325070718751	56
0.02464235799875	1.84149356555009	56
-0.0191815860578699	2.10629115189178	56
0.042293880010639	1.23769261215681	327
0.110089883315592	0.75831334866461	327
0.0661523359715051	0.9136864910444	485
-0.01094434495271	1.04663097728092	718
-0.0743104705586399	2.21525803236916	126
0.123775479099221	1.13815793302171	89
0.102526680568705	0.940274502101517	89
-0.0087571784887599	1.66046975032162	56
0.012202031815847	1.98333231023243	56
0.117845675718983	2.24565009077676	56
-0.00931114957244006	1.96442110266858	56
0.119715892000977	2.39359803663395	483
0.075719420822086	1.41674284596882	315
0.042211305803683	1.23818697801754	327
0.022275642779672	1.38027212784435	327
0.087062517990957	2.48403101331358	58
0.110043187174885	0.758402852078309	485
-0.00954648594502006	0.719429089721718	633
0.109308204188787	1.79373710562891	56
0.0731841779176891	2.4699814830082	56
-0.0838793847536199	2.4987817874911	315
0.050866716054803	1.39796567776136	327
-0.0447016488104299	0.875080672215587	485
0.066362785283348	0.913023346162497	485
-0.0673482675447801	2.07244970723821	126
0.099462710801534	2.08263898304501	56
0.114390454796288	2.09972851691463	56
0.099177377796189	2.08312183316232	56
0.081915143987879	2.33732739425231	56
0.117754854806429	2.24568832440715	56
0.021917527501129	2.14187816138624	315
0.110435553790016	1.9514499145262	315
0.024587158629646	1.84171069576054	315
0.076651372105219	1.57999923961492	315
0.097723208475929	1.27814694713564	327
0.076473300027244	1.58019735841782	718
0.060711849000988	0.734622762965473	633
0.0867071535605311	2.48479259133088	56
0.073308056140363	2.46940533366598	315
-0.06721267714465	2.07227313495613	315
-0.0630444655909701	1.49344298676191	136
0.00785553564209496	1.21707416793671	89
-0.04428125335874	0.874450999488996	89
0.022248608386789	1.38021340645877	89
0.066002223307296	2.3258564000796	56
0.110574152755867	1.95139382001619	315
0.075505267323644	1.4174701947905	315
-0.00922587642381001	1.96403259091055	315
0.061172585768852	0.734169359590649	485
-0.06721267714465	2.07227313495613	315
0.021557017403092	2.14291466869959	315
0.040714317898541	2.15780297975997	315
0.0763750504519241	1.58046539642964	18
0.084185394044745	2.06311029586794	18
-0.06314515572837	1.49391328448998	89
0.0323090463787989	2.29431458169734	56
0.0579092610783	2.1782714904297	56
0.099723718858821	2.08124317039369	56
0.099506656466568	2.0824401605088	315
0.109004953792332	1.79371348953583	315
0.077128152455998	1.74532978334549	315
-0.04884630050938	1.78535951716593	315
0.072153486812628	1.25712547679848	315
-0.04990611108072	2.23081111921439	315
0.01679833031866	1.67829367358978	315
0.0621905024687111	1.88635342207935	315
0.065922906349755	0.914094181612971	136
-0.0975062813766701	1.33629196450453	89
0.114484997412328	2.09904665197415	56
-0.0337667092787599	2.38716511371323	56
0.073248072597128	2.46979516481596	56
0.077086606709132	1.74585046906644	315
-0.1220470272039	1.90448613758235	315
-0.07242677055128	1.63430073084373	315
0.124910833490972	1.97182698101388	315
-0.05076431617609	1.34959953940341	835
-0.00946265936106006	0.719458642516027	136
0.122743415309001	0.57705638656403	136
0.050235987276379	2.02433510737287	11
-0.0507276063358899	1.34974408392831	89
0.110247101668791	0.758159798405766	89
0.097536368995897	1.27833204737821	89
-0.0336378422954899	1.2000132345587	89
-0.0423648434805	2.08881441463849	56
0.025701620921383	2.42593040362056	56
0.095245853151671	2.35699825749052	56
0.117949114570433	2.24502281303451	56
0.095391253886453	1.9301233882094	56
0.096643840545	1.43930299722983	315
0.00737899062069702	1.2187820399153	315
0.044255345952071	1.86299266418287	315
0.042167481646779	1.2380332965968	718
0.081681137793612	2.33924461087745	11
0.057820956151033	2.17853918379107	315
0.016840003431159	1.6783073218093	315
0.067666852109455	2.04400884847963	11
0.076594575168438	1.58017104589826	18
-0.10551708828457	2.34330195725067	11
0.061080397358425	0.734277294146734	126
-0.0337106506038301	2.38702019078267	58
-0.0421468850879401	2.08860235981125	58
0.022387647177464	1.38002903803168	126
0.060751244626041	0.73432596155681	293
-0.00958459475678008	0.719552722677059	764
-0.0674633720414	1.02935545738054	835
0.097830167469689	1.27774024787129	126
0.022540517790287	1.37851852629595	126
0.066048699269289	0.913979811896187	92
0.018441547238006	0.891351129934286	451
0.031847247933781	0.567121503023109	138
-0.0846484576111699	1.18421632386479	126
0.122913897302031	0.57703082808025	92
0.049710811877659	2.31064847901675	483
0.031847247933781	0.567121503023109	293
-0.1145954954322	0.541089063658969	293
0.102571195461337	0.940123855262361	165
0.031966956155177	0.567023112730889	764
0.00760275821234202	1.21844045928042	92
0.047755745628836	0.272799090918146	92
-0.0444384941634399	0.874753778962291	92
-0.08436295230115	1.18396883576561	165
-0.00855737436019011	1.6599653596595	165
0.018255435679037	0.891182070906623	451
0.042255214949799	1.23793432074642	451
0.122850887569758	0.577216000555005	138
0.0222723220243179	1.38025463759668	92
-0.04438698797144	0.874823359724042	92
0.050217721005375	2.02433410585952	58
0.114156882030726	2.10081351484643	58
-0.11469959880058	0.540907832368884	293
0.09530996016686	2.35689660687693	58
0.048231954119922	0.27264192625531	293
0.032981461728209	1.5370261223463	18
0.122957113106258	0.577005310114962	138
-0.00952368242224999	0.719592912783372	92
0.00706962480079998	2.41387549137493	58
-0.10671814175597	1.4837991463385	165
0.102743275110927	0.93991294095813	764
0.031727756362024	0.567172585007472	138
-0.00947009883374994	0.719304676003473	138
0.068347018781084	1.09107073055138	165
0.0317352150006121	0.567000612677095	293
-0.12227848910792	1.9053535267291	724
0.060883249694848	0.734481046029501	451
0.018468769989692	0.891343802585796	451
-0.11469972387002	0.540927932422351	293
0.04037367277398	2.16040100353976	18
0.031608481231659	0.567163423048126	138
0.018520214845332	0.891095845361931	138
0.032094549623495	0.566570214515686	92
0.0609357763180281	0.734584867529678	165
-0.0675179913994	1.02948100786859	764
0.098130427993526	1.11456661895987	764
-0.11274882828641	1.62603024302755	724
0.018627593052595	0.891057998572292	92
-0.0109664578361399	1.04668877277751	165
0.0720206719903031	1.25775136112317	165
0.10454549173557	2.22818434490683	58
0.10994611442796	0.758387165212466	92
0.108352412995412	2.37351728564154	58
0.119465027429391	2.39414112505572	58
0.032658735731307	1.53763489082704	165
0.075582477223851	1.41719306494057	18
-0.0506694425735399	1.34922869469192	764
-0.11762886597323	1.7659020754662	724
0.0967979150303771	1.43889193452559	126
-0.0442948303691	0.874612671953292	92
0.09815679561526	1.11444965031695	724
0.102722484111155	0.939927270681426	451
0.066048699269289	0.913979811896187	451
0.032817848817712	1.06812688940222	451
0.068390503651557	1.09079874158402	157
0.032924605114544	1.0679050257715	92
0.104578114462307	2.22809455153935	58
-0.02571218157097	1.50533956874437	18
0.097681430688191	1.27830937563298	18
-0.0508071628120801	1.34988252088354	165
-0.12206443668453	1.90483329244281	165
0.094739223162512	1.60451370507558	18
0.096583989135799	1.43950665457699	18
-0.0670468634057999	2.07157848208587	126
-0.0257763309863599	1.50567506644154	157
-0.09502046403257	2.05741828843993	218
-0.10645311291655	1.48266611963981	218
-0.01109200987748	1.04692438485415	451
-0.01083735875824	1.04600701998538	157
-0.0678080939135699	1.02957183162047	92
0.104501418686237	2.22835676334879	58
-0.05864363823525	1.92803221089464	58
0.12389940924574	1.81770222821741	58
-0.11263684077983	1.62552575628721	92
0.031848506882988	2.00376007644001	795
0.119614530216885	1.30000266664127	157
0.123794112555918	1.13823457491229	218
0.123728770190655	1.13844630977717	218
-0.00956173625136003	0.719582795507295	333
-0.0725337352755899	1.63442655791348	18
0.031839735720063	0.567066206054291	623
0.018520214845332	0.891095845361931	92
0.117613585733521	2.24597952873622	11
-0.0110513300666999	1.04678228127872	451
-0.0676237647283999	1.02968638703922	92
0.122765969326838	0.57722347245481	451
0.061093686495544	0.734349776969803	92
-0.05075667986707	1.34983558204753	165
0.122936050643944	0.577066528922155	333
0.072161834680566	1.25756393776782	18
0.032771733387711	1.0681833497165	451
-0.00946265936106006	0.719458642516027	451
0.065881984569559	0.914046639201442	92
0.0720940589676981	1.2577236479436	157
-0.10651276341447	1.4835536052058	165
0.110150082914474	0.758267834539312	333
-0.0674378070355801	1.02930498309819	333
0.115103669833674	1.46274941889594	626
0.110367436209883	0.757813055298963	451
-0.11480398571088	0.54087926587085	623
-0.0109850218709899	1.04660896365302	92
0.108173443525437	2.37418396289017	120
0.061106971656411	0.734318770281423	333
0.072064938320678	1.25762651392454	795
-0.0970900475501299	1.33544414843131	92
0.068375902769935	1.09091058503372	333
-0.0378350394335401	1.64457555484308	641
0.094905346908372	1.60371040982223	435
0.018682046687891	0.89073648086914	451
0.00745852535621305	1.21870709605587	157
-0.00959222676060989	0.719584185538748	92
-0.0676766626128	1.02972457605802	451
-0.1175217582672	1.76546960021772	157
-0.0109037146347	1.04650903893007	92
-0.03351071083733	1.19948750217618	667
0.02243514058862	1.37978351312266	795
0.102852910333973	0.939516441479131	835
-0.04463646342788	0.874990427387679	451
-0.0446881325680699	0.875044381033776	451
0.072203222563363	1.25743077508323	157
0.032924605114544	1.0679050257715	92
0.110006329028242	0.758410478909053	92
-0.0677568735707701	1.02959283321938	92
-0.0444520453949799	0.874915515762286	92
0.066532903233843	2.32355540804354	120
0.109334312626818	1.7936578547438	795
0.09808487192521	1.11477805490437	435
0.110089883315592	0.75831334866461	333
0.102571195461337	0.940123855262361	451
0.0183885910418971	0.891369034784776	451
0.022316473975137	1.38012105229694	165
0.00773282055119995	1.21804627892688	667
-0.0380497097304799	1.64564509648325	18
-0.11279890662892	1.62632532115768	667
-0.0883039399316701	1.91477267586035	240
0.122830062903215	0.577203324418684	451
-0.1145954954322	0.541089063658969	451
0.018653294319131	0.890885888045407	333
-0.0487864363381001	1.78545093127691	667
0.081551580832526	2.33992473560511	120
-0.01143410678958	1.36452461064498	451
0.066048699269289	0.913979811896187	451
0.102829306388894	0.93963540269888	157
-0.09735386525488	1.33617707782836	157
-0.00860612578604991	1.66022205876758	157
-0.1090579844576	2.48647978513428	483
-0.06307747145193	1.49401923990855	157
-0.06749242287696	1.02918275724483	153
0.00771123535373697	1.21818590462679	153
0.086618212083082	2.48554972862828	120
-0.0380466276579601	1.64565131729991	157
0.0609357763180281	0.734584867529678	153
-0.0507780841424299	1.349791008941	157
0.068202411938102	1.09091407218129	157
-0.0442948303691	0.874612671953292	417
-0.06770396846786	1.02959726058999	153
0.050915186097637	1.39732656630186	791
-0.03348528044262	1.19961266473414	157
0.109317053465327	1.79359636950952	67
0.122892804737198	0.577129826927392	153
0.0244162903781751	1.84197898939599	11
0.04414076678472	1.86242541677143	67
0.094683849995114	1.60471555157874	157
-0.0111557138537499	1.04698444683563	835
0.00761014885896605	1.21850920142598	157
0.044442534906009	1.86252134450041	795
0.110043187174885	0.758402852078309	157
0.110344077545518	0.757817202440817	736
0.042283337808234	1.23812382734132	157
0.110353987217274	0.757744848510225	742
-0.0110513300666999	1.04678228127872	451
-0.04428125335874	0.874450999488996	736
-0.0446746199444299	0.87488269178405	215
0.060856765447748	0.734645723530448	215
0.123755100023225	1.13800165238952	325
0.032079229085774	0.56691647468837	215
0.122764300237126	0.576995364187196	215
0.056441688598158	1.55671449007379	795
-0.11423834940659	0.540537025048118	736
-0.0499732029062401	2.23159933300084	67
-0.04454424783783	0.875037302287801	92
0.110163569243204	0.758278106424201	742
0.110283916781517	0.758012030530767	215
-0.11777050478849	1.76603075444594	795
-0.0581077717371199	1.92458935894227	795
-0.0109850218709899	1.04660896365302	153
-0.0336581794351001	1.19991646024318	153
0.122915077536795	0.577091573709713	742
0.0608700095575661	0.734614739532522	215
0.122894193752737	0.577078965683136	835
-0.0339024597691799	1.20029831040917	451
-0.11469959880058	0.540907832368884	736
-0.00952368242224999	0.719592912783372	215
-0.0672792249157701	1.02844704134877	215
0.033195193072476	1.0668065631194	240
0.01852171877891	0.89128782209467	215
-0.0675964565840099	1.02968138226897	215
-0.0113316883741901	1.04687798926029	153
-0.05065571133179	1.34962011875571	325
0.042283337808234	1.23812382734132	451
-0.0258241941288799	1.50573588446435	153
0.110126732547253	0.758353213221804	215
0.038966376097149	1.69930303057387	157
-0.00860300979641004	1.66005341107346	11
-0.0806912952012	1.77386835176024	157
0.10252360232716	0.94004315172749	67
0.033077436431045	1.06738144750301	153
0.110932818687417	1.94997199154341	54
0.00760275821234202	1.21844045928042	157
0.0938812757687329	1.7694994482568	11
0.00559502345996599	1.52045045442334	67
0.042383578448162	1.23791559703069	153
-0.11291376302428	1.62624133625218	683
0.068347018781084	1.09107073055138	157
-0.00941707623437993	0.719085475768888	559
0.01852171877891	0.89128782209467	400
-0.00947796190947003	0.719130924368753	400
-0.0724685350391701	1.63440850715985	683
-0.06770396846786	1.02959726058999	559
-0.0743830795074501	2.21542015158885	11
-0.10092193571324	2.20116444630757	157
0.042517367637705	1.23710223311379	153
-0.01063079728468	1.04520933088582	559
-0.01100712019044	1.0467688034003	559
-0.0443084110125001	0.874649006739739	559
0.093763519456891	1.76958250822521	54
0.061199179498226	0.734004736031384	153
0.102787708186155	0.939741433946534	153
0.123658783671944	1.13863240837444	683
0.040054827948501	2.1613539510315	54
0.119545051534574	1.30017626391706	54
-0.0507780841424299	1.349791008941	153
0.096629617118587	1.43942029128916	157
0.032784774538189	1.53733475535	157
0.022224903502336	1.38013593410753	67
0.096595224135228	1.43860636930136	67
0.099506656466568	2.0824401605088	444
0.042206091752116	1.23816265662538	67
-0.0337497983296899	1.20022282333808	153
-0.11266334599565	1.62568761872434	509
0.00748008073029605	1.21876243070717	157
0.075564981167894	1.41738304491173	67
0.102808509665419	0.939727088354476	509
0.072044175463518	1.25780431021568	536
-0.0673320781203299	1.02880172923917	707
0.033164036313761	1.53594896873118	153
0.097753964213527	1.27812818542037	536
0.068419366212737	1.09080550795389	157
0.11481920517646	1.46380983616615	536
-0.0507780841424299	1.349791008941	153
0.110126732547253	0.758353213221804	203
0.0317352150006121	0.567000612677095	707
0.032207023364778	0.566690506749215	707
-0.0676766626128	1.02972457605802	509
0.012466892831673	1.98194552537219	54
0.066174401668377	0.913722165965181	509
-0.0676749506448899	1.0295945475418	707
0.066196462785352	0.913670596019875	417
-0.0335310472160599	1.19971263124176	441
0.061093686495544	0.734349776969803	417
0.042288589601939	1.23797117367548	203
0.097874484920333	1.11487394190124	542
-0.11469959880058	0.540907832368884	81
-0.1145954954322	0.541089063658969	81
0.060975537764048	0.734093335797519	487
0.060856765447748	0.734645723530448	153
0.032094549623495	0.566570214515686	81
0.032319590710896	0.566583655563607	81
0.0719349644171961	1.25767527990055	203
0.062238830329717	1.88617396183147	544
-0.0258002667116599	1.505724704982	544
-0.0675179913994	1.02948100786859	81
0.072182513866156	1.25755575089736	153
0.110080032811791	0.758268439784129	487
0.122850887569758	0.577216000555005	81
-0.1145954954322	0.541089063658969	81
-0.0256805039632699	1.50507559547987	82
0.031608481231659	0.567163423048126	81
-0.0843661049894899	1.18424888419965	146
-0.0723996500170701	1.63417340550612	146
0.110066535075841	0.758398727133385	153
-0.06754356591929	1.02960059011662	81
0.00315401962347905	1.81975694811433	544
0.061093686495544	0.734349776969803	146
0.119345332079901	1.30056717664268	426
-0.0674651159672	1.0293099914417	81
-0.02566432823444	1.50520140598192	146
0.096720876258683	1.43915255840971	544
0.122871801503524	0.577191008258668	203
0.00763912908659903	1.21833051419698	542
-0.0381192021499399	1.64579781192162	544
-0.03815394470453	1.64581612165082	544
0.109126506777078	1.79353206170909	544
-0.0670166847495299	2.07117878905305	544
0.031847247933781	0.567121503023109	81
0.031959373972186	0.567014988604947	659
0.032751522829547	1.06819642967814	153
0.122871801503524	0.577191008258668	81
0.110186921419238	0.758273976852272	146
0.075652789027756	1.4164103143655	146
0.099283078030275	2.08295288002117	82
0.123747495512262	1.13832683832846	153
-0.01121260643806	1.36391613128728	82
-0.04460940159171	0.875044256076931	417
0.050870198289546	1.39795789767704	82
-0.0807860319465099	1.77409439013974	153
-0.10067101641742	2.19944467379112	438
0.096738047734633	1.43906998508075	82
0.050739112305472	1.39687775078952	82
0.110746347409868	1.63022450475932	82
0.102526680568705	0.940274502101517	82
-0.06307986581841	1.49410651093932	82
0.03185477649666	0.566902385585879	417
0.075596554150463	1.41727001253552	82
-0.0336378422954899	1.2000132345587	153
-0.10675147727285	1.48374359487872	82
-0.06309839540915	1.49377151470536	82
0.055960050094178	1.55754983438774	82
0.094522920589815	1.60493605958296	82
0.024291427766121	1.84190196700968	82
-0.0585716823573399	1.92790341614305	82
0.033036966449449	1.06768289627114	82
-0.0257763309863599	1.50567506644154	153
0.042383578448162	1.23791559703069	82
0.096783683050193	1.4389201450861	153
-0.0255963588883901	1.5047224791616	334
0.102654266238225	0.93991173958222	334
0.122745292903087	0.577167546274364	334
0.032970683034459	1.06786460606963	334
-0.0723923344539299	1.63424510356232	334
0.060843517364767	0.734573163138473	334
0.00737157178188197	1.21866382573644	334
0.068253315506708	1.09016934488694	82
0.060856765447748	0.734645723530448	153
0.00745852535621305	1.21870709605587	334
-0.02582796447567	1.50550082141395	82
-0.05891232596824	1.92879992917237	82
0.096629617118587	1.43942029128916	153
0.068585465625318	1.08970969214001	417
0.060883249694848	0.734481046029501	409
0.022316473975137	1.38012105229694	153
0.0223435159872289	1.38016258055009	409
0.061903360722147	1.88577262910432	153
0.018467274549559	0.891190458093011	320
0.032685180339438	1.06822947521946	409
-0.0804771410448899	1.77288606964151	409
-0.0508285610486901	1.34979757307106	320
0.0721411851749521	1.25745409933749	153
0.0121717549163201	1.98364303060874	82
0.123880671250087	1.8176479419918	82
0.093631202525998	1.76958118316895	388
0.060764483006036	0.73459676282174	744
-0.00951606416000006	0.719470647168065	744
0.122936050643944	0.577066528922155	744
-0.00951606416000006	0.719470647168065	744
0.079513070370985	1.90758312015087	388
0.03293021658327	1.06779494295263	167
-0.08432147431859	1.18422470011317	774
0.114811549677105	1.46394673144361	192
-0.0880108823263599	1.91354416852318	5
0.110066535075841	0.758398727133385	167
0.097543736365271	1.2784001305547	167
-0.0880679689452699	1.91383802243982	192
0.097795737822801	1.27784311068597	192
-0.0109850218709899	1.04660896365302	192
0.012354405664012	1.98284248395946	192
