x	y
0.803945827600581	0.712263366492621
-0.939301367765877	0.734653716487146
0.163734922765348	0.108878983721849
0.874606951859006	0.879422159973387
1.08202640181885	1.08391026580736
0.163457954905026	0.108715810889068
-0.00643587924542967	0.00359301632558093
-0.50009704051959	0.41591664999723
0.512786136771459	0.436411049291966
0.19659884117293	0.145774630744676
1.03224778068107	0.911308684661655
-0.131212887277098	0.0901629643677175
-0.0488746227041933	0.0266519956042316
1.08198927175777	1.08364678618671
0.512887991688242	0.436697103672068
0.680943996995515	0.550213767822116
0.398728165319106	0.276971181700825
0.906649517780656	1.19636194369359
-0.0760120659596625	0.0473565155075544
0.142026984342139	0.0888324262134955
-0.573043063375869	0.392116283470683
-0.449551847246755	0.28255524491248
-0.119545471464112	0.0730778713492053
0.1420256374432	0.0888443640776842
0.372593121133374	0.176024712366914
-0.0759901648345779	0.0473452882734231
-0.487712563830129	0.372844245573686
-0.039467894351048	0.0250286748113181
0.898339298766934	0.723330813645462
0.233932560005529	0.135341786270877
0.769677589313058	0.713346935133066
-0.674791434292598	0.545622611509452
-0.433291488543149	0.364623921203193
0.163438542313277	0.108699687883226
-0.00477832280722481	0.00221735527016294
-0.10045091808691	0.0534111225538958
0.681065128684954	0.550417910328223
-0.433315405412224	0.36468529227267
-0.235316786021102	0.137981180349472
0.1161634901573	0.0680366741364742
0.116247166995476	0.068095355374989
0.0478757935477757	0.0241566119386645
0.546816875156251	0.399566848469562
0.0855710855814217	0.0466692685549772
-1.2342793434218	1.17050598068434
-1.23439959674861	1.17069584688429
-0.171793801836589	0.102951867486592
0.286353621089143	0.21159382496386
-0.576979499479811	0.434315794257747
0.250302465299366	0.154881359560252
0.917358564596241	0.884624051510388
-0.171793801836589	0.102951867486592
0.399504450820885	0.309531960613471
0.301410936946005	0.245698749845167
-0.413856609751681	0.32103831463558
-0.314829114370994	0.180396854124777
-0.285285181453288	0.186445589906747
-0.348238574854348	0.320251230294046
-0.510315031658764	0.457845017003283
0.874458616787187	0.878939544559931
-0.390114807819192	0.276421888909125
0.264551372342609	0.174450099076039
0.973904019402844	1.21035798210037
1.36846594563983	1.36392177573483
0.264574648130701	0.174478236700459
-0.252862712131244	0.203143369884866
-0.581534663169211	0.516361215772892
-0.766281321352695	0.662925995029655
0.399002333656761	0.277128626590305
0.681148814685048	0.550507144497065
-0.0759901648345779	0.0473452882734231
0.196743488918033	0.145921555751857
-0.265311357120993	0.193859582495746
0.116247166995476	0.068095355374989
-0.766520318870356	0.663134379752832
-0.0393325496403381	0.024941756470311
-0.0945393578382475	0.0658711107151154
-0.2988802591657	0.237699342993491
0.250553369184273	0.155126774488292
-0.11951965129848	0.073057555006467
0.178647471174659	0.0880725942603887
-0.322159103419451	0.232023888318447
-0.581665593423552	0.516518270211858
-0.351626904575088	0.27629723816083
-0.792103503205385	0.630676821498528
0.399517607121712	0.325283423741794
-0.172021587424904	0.103087776800566
0.163331620179688	0.108614156157247
0.0185670250698239	0.0124939251739128
-0.852437271138424	0.785639292487699
0.906329114472914	1.19528462846451
0.123602049622508	0.09182855406125
-0.686827855694164	0.508381075212563
0.399463044974	0.30944698726286
0.141892369815366	0.0887500114785208
-0.568481019853327	0.350153375981782
0.972276338314597	1.05441182338237
-0.00643587924542967	0.00359301632558093
0.39912458626215	0.261113883283656
-0.131016263300777	0.0900113369121823
-1.35110006155101	1.1819510549587
-0.265680101467543	0.194226915105528
-0.510508360746495	0.458157320115953
-0.719732553016427	0.767524505470819
0.141999791938549	0.0888227103233252
-0.358811661251362	0.230151188866686
0.399159908508708	0.293233000552049
0.497196260345077	0.461739233682324
0.635734111800497	0.565150333147693
-0.321972851378441	0.231767764700707
0.681041997332067	0.550340898981373
0.196619519397456	0.145816716856373
-0.173706043323555	0.117517735171807
-0.00818216270466775	0.00527338883810572
-0.658859893352859	0.622124624411602
0.399633218063485	0.30958176904239
0.11627031625817	0.0681082454094151
0.196619519397456	0.145816716856373
0.123576851992187	0.0918225846901138
-0.968384130058026	0.567051569300168
-0.314859440718046	0.18040570331732
0.0856373726497179	0.0467057526082143
-0.00637557637037879	0.00355970996600095
0.396024933516971	0.226195455441666
-0.100629944992226	0.0535126365530659
0.141998448683475	0.0888256576774279
-0.573214592148753	0.392266645889591
-0.285080963587514	0.186335439955397
-1.61854576975681	2.28246085439245
-0.82433896566657	0.816648580414172
0.852939962809722	0.546934303038246
-0.0489670362588258	0.0267049448325151
-0.00634270972963239	0.00354092158154138
0.0287705561859204	0.0170587536066852
-0.433315405412224	0.36468529227267
0.564250149840858	0.389549415415737
0.656285226223935	0.556752931738205
0.0185929124001953	0.0125107041320055
-0.131233499060858	0.0901795833894835
0.398607063386386	0.276821936720652
0.0584657231335231	0.036938288303298
0.163397194928647	0.108655313544341
-0.2988802591657	0.237699342993491
0.522201044076389	0.42367603867683
0.656340882707527	0.556764329453062
-0.235382896302948	0.138024912443037
-0.235382896302948	0.138024912443037
-0.100711867297307	0.053558502180433
-0.500052357400139	0.415859651019115
-0.100427730451234	0.0533968200283202
-1.40176007896768	1.05053093345221
0.211841965286831	0.113798584359214
-1.00953121808198	0.719538579271265
0.083335172954252	0.0558059623565864
0.163499186639607	0.108735858602432
0.522335862115233	0.423792468739469
-0.176118532473745	0.132076880870444
-1.47865999274628	1.64721230287626
0.163584195930917	0.108799843938814
0.142024289324118	0.088834502541531
-0.173580087793681	0.117399147714015
-0.119493837664983	0.0730298441674234
0.512698605043471	0.436482208723404
0.533101929070067	0.410966339617484
0.533134611908103	0.410958862717587
0.740451330384789	0.71612262862002
-0.217758820140137	0.161328888505789
-0.449656806802103	0.282594576641388
0.181223226269849	0.127531923493743
0.211819494672195	0.113810815709731
-0.658553811932129	0.621831737478407
-1.74082383434391	1.57538292909139
0.564324718997456	0.389655936649954
1.03214221452611	0.911241377499726
-0.747006414651001	0.697678094612967
0.181399908429285	0.127687118867493
-0.732036673044235	0.441341043477748
-0.039291406409105	0.0249159502087351
-0.119386451613774	0.0729635647159714
0.584675168308242	0.379860425930649
0.399400575084859	0.293405127117493
-0.56834400715451	0.349927830323958
0.396154024889711	0.226290818605055
-1.55207344387882	1.81498066577012
-0.889813078580762	0.758273976852272
0.123407352794006	0.0916878444239555
-0.792029090058758	0.630725452876737
-0.100719535592776	0.0535595262511556
0.399580425600647	0.355551478542158
-0.352040492772184	0.276727993449681
0.25052672039259	0.155123588624536
0.286438632184769	0.211674618036817
-0.260673005754938	0.131596036501488
0.547027382879155	0.399595055125092
0.490726494226836	0.473975961355747
0.680943996995515	0.550213767822116
0.276634861834895	0.193514161038662
0.779897987807422	0.876302865179944
0.504547822237449	0.449348903948955
1.24668129530051	1.79665548321502
-0.665628773482441	0.583859348821932
-1.14905963299031	1.17279788706179
0.39965025996939	0.309657884063074
-0.175746586681918	0.131728553517312
0.0289038193280555	0.0171413780587822
0.0836798966654316	0.0560367801362806
-0.0047138086914673	0.00218770251866513
0.163628004413102	0.108832428913685
-0.314928072102401	0.180459211008952
-0.00629198591006161	0.00351353991767755
-0.100524984420176	0.0534573894442428
-1.00966077046649	0.719307892669355
-0.224203491251128	0.149157174432024
0.276581864658763	0.193470468193327
-1.35100787997699	1.18244366847572
0.196332871389009	0.145556053821173
-0.390035974921079	0.276433097301495
0.264741881640269	0.174598132091718
-0.184739462555253	0.0792331882344397
0.546830196927245	0.399558804431895
-0.897431804944088	0.940168529644805
0.674566978738921	0.730341831449667
-0.792089496111302	0.630754759552082
-1.03398895695734	1.20017158639916
1.26783883976733	1.31690586529848
0.874606951859006	0.879422159973387
1.06393129895275	1.23850637012622
0.399562847415415	0.325330940942825
0.522546330021174	0.423872996963592
0.29460400870286	0.229088037995619
0.181572356497902	0.127803527120532
0.399731715671093	0.385221635778962
0.123617497021085	0.0918583041397737
0.861002540927795	1.03530269085676
-0.326159922484406	0.279907201089532
-0.265503777162	0.194082390085672
0.512781049904591	0.43655611193485
-0.0394843834563926	0.0250385463580607
-0.171719225085586	0.102870327747849
-1.13158109042507	0.867766686637026
0.546724411633398	0.399465628855253
-0.173706043323555	0.117517735171807
0.564496374275452	0.38968806074679
-1.04463646342788	0.874990427387679
-0.100443178122335	0.0534100513858687
0.116330839643921	0.0681472868212352
-1.6700152989722	1.12100199645362
0.0856766271852479	0.0467288268596743
-0.0489670362588258	0.0267049448325151
-1.62167049489744	1.9854624662718
0.584683124801269	0.379889250809324
-0.0942996919488905	0.0656739539408303
-0.235541515753558	0.138114100829824
-0.791968693252402	0.630667165648645
0.796434076670658	0.546311995607716
1.93394140480318	2.42701150116659
-0.351995588476625	0.276684378744971
-0.224363956956832	0.149288353019299
-1.47882972840911	1.64741140002254
-0.39019778322969	0.276359260462192
-0.326188804154412	0.279936145025404
0.399265993705074	0.293298484223624
-0.0759901648345779	0.0473452882734231
0.693577076250364	0.724997239271892
0.617638290188199	0.573665780578026
-0.0393776134712881	0.024972610225115
-0.58543390581202	0.632177093619664
-0.933929260638794	0.913928254492498
1.73195773944914	1.91382278849291
0.399591436244457	0.245265409014508
-0.131257877742246	0.0901868459905425
0.104723141371598	0.074000406081719
-0.00661683941035757	0.00369212124662277
1.48123488228776	1.5897582888594
0.387524745750924	0.203731359245904
0.286290525771017	0.211533426053093
0.0423455007248351	0.0300064543775667
-0.766388829064612	0.663040642355053
1.26785314019976	1.31653011638209
0.398978869716779	0.26101254726313
-1.13147421927421	0.867563171264953
0.399535611406082	0.245209094708849
0.294562834620656	0.229049768992594
0.104757059111977	0.0740127202634456
-0.00653322317101659	0.0036465042430468
0.399141811751226	0.355204618849638
0.250592487483807	0.155172004789474
0.769756369550568	0.713383002820867
-0.314776207125623	0.180364724263437
-0.260451488548062	0.131406619854658
-0.351954321284277	0.276666513577105
-0.173897970235959	0.117662972860727
-0.658619125325339	0.621961471167152
0.163290269853874	0.10857535379762
-0.235475303257102	0.138083428952403
-1.35060412748648	1.18165238371827
0.399567666730592	0.309608506043698
-0.766359856860222	0.662954716710527
0.711981637507327	0.546618402945273
-0.686670269083675	0.508235697146491
0.0586138048858016	0.0370310004256046
0.209931632544421	0.163444475419827
-0.472024518616386	0.329044883502682
-0.212547434943879	0.172412341051116
0.892924391191014	1.03948064254719
0.399324571212111	0.324953323572795
0.104936634058545	0.0741646617346708
0.286229942649624	0.21144358671821
-1.44916168273812	1.34654902241603
-1.06754356591929	1.02960059011662
-0.449551847246755	0.28255524491248
0.631819214311294	0.352378760345744
-0.131085485150447	0.0900388978968519
-0.487500816684725	0.372594781225635
-0.265569379973613	0.194142537482544
-0.039291406409105	0.0249159502087351
-0.285127572665304	0.18640202474893
-1.01126250150974	1.046789994541
0.504588960060017	0.449336461527864
-0.674873072019471	0.545745098121915
0.0834007580904876	0.0558533041489546
-0.00644961089764576	0.00360056110007621
-0.176164638179333	0.132110327925399
-0.581644939261582	0.51644821839779
-0.890100572560722	0.758302416946051
0.740517027836407	0.716317009145669
0.398653331140568	0.276880501006235
-0.351781995904038	0.276467930110183
1.28508785082435	1.48993005552971
-0.235224426170279	0.137909137164948
0.399141811751226	0.355204618849638
-0.852563147890518	0.785844565177501
0.658740252448206	0.738047949348543
-0.581576029669709	0.516395757903959
-0.579444542438661	0.475484229467126
0.286419390851797	0.211652533237129
-0.351740724884519	0.276308574721142
0.116307687959683	0.0681343944936411
0.715572845525227	0.720503966046749
0.399177707527431	0.261100828258101
-0.581641461786203	0.516483512630457
-0.487714193016348	0.372872010913352
-0.0944930290534367	0.0658343548273408
0.7698381532818	0.713438718841988
-0.17191476584973	0.103033463272345
0.39954580672875	0.309586780212896
-0.171891600284617	0.103013652092688
0.234232279831925	0.135519937396651
0.399640462504326	0.245290629353771
-0.934224979638939	0.914029309125745
-1.81248510073721	1.3132670232214
0.163479839725159	0.108734620174476
0.301610537303336	0.245886204803862
0.250658189413967	0.155202280541469
0.39965025996939	0.309657884063074
-0.791982672273346	0.630647826107759
0.181136950513096	0.127448442929082
-0.573056252013549	0.392154337670413
0.50463784827572	0.449349169619172
-0.389982968519614	0.276402027316149
-0.351585548663513	0.276216169984739
-0.0944527482792989	0.0658028264333126
0.1812931413416	0.127584739319995
0.264477213375641	0.174370334435578
0.401285270833801	0.415615554343171
0.0421935193716594	0.0298957368347797
0.522254066330468	0.423767227511228
0.0584849086837611	0.0369509486462666
-0.472010450119347	0.329013950089207
0.0478981651999103	0.0241685434406286
-0.576979499479811	0.434315794257747
-0.235475303257102	0.138083428952403
0.497242717958524	0.461750565008162
-0.801966504581451	0.848216899238901
-0.265614440495864	0.194180304416663
-0.471964074016085	0.328988442076057
0.490799201121535	0.474041641032749
-0.0488746227041933	0.0266519956042316
0.504416505223203	0.449190127648149
-0.173832089409108	0.117617618957449
-0.00464881905447431	0.0021552090576274
0.209645813008664	0.163192702163378
-0.686762524177882	0.508259419397331
-1.2343160820192	1.17039000322975
0.635544469288338	0.564969109409345
-0.746921508101353	0.697565218519348
1.02251760829959	1.06692995816121
-0.00643587924542967	0.00359301632558093
-0.171696050116023	0.102863648758974
0.25069825731129	0.155248653610278
-1.01075615058405	1.04595121918338
0.769812401916228	0.713361601759979
0.69373675513114	0.725279719780685
0.209738258855914	0.163314651146803
0.163270701297684	0.108535014141553
-0.284923432219298	0.186232006972448
-0.212612231461764	0.172462081816613
-0.224256440322004	0.149207271874944
1.58591280451236	1.82415809975476
0.54679022047352	0.399511882423471
-0.674871628706367	0.5457500837636
0.178502584419716	0.0880150507571391
0.80413636415528	0.712386219229169
-0.358574770830738	0.230008355533989
0.963461676012608	0.736846326547514
-0.100801533203036	0.0536027369599788
0.211865671605164	0.113835246684773
0.56422737419145	0.389555636326398
0.512844135194008	0.436605312304594
-0.665606761197919	0.583891294044359
0.0133779762812503	0.00995869321575762
0.0856504615516148	0.0467163223346054
-0.322244113029841	0.232093565796801
0.533315723427002	0.411212454690432
-0.792005881270846	0.630719515069575
0.264718600927762	0.174588722278937
-0.579230685585177	0.475247420735975
0.512783656817325	0.436590549581065
0.845807667058939	0.714953390541008
-0.933970131292149	0.913864241707956
0.209544880565356	0.163103634532657
-1.23444635902029	1.17064414704929
-0.0759463769065314	0.0473158585830138
-0.422363725502875	0.236700130314835
-0.686827855694164	0.508381075212563
-0.171756506436492	0.102917399898034
-0.824473468693693	0.816525697593673
0.276581864658763	0.193470468193327
-0.0487434176606647	0.0265806887940662
0.264741881640269	0.174598132091718
0.234127312196873	0.135493151380613
0.0834869360630492	0.055915544926037
-0.0488879942131119	0.0266619172719185
-0.0488357677346139	0.0266327969000951
-0.433597803918653	0.364884281622447
1.18700322046383	1.28183757524028
0.838208628204057	0.876775252081621
-1.13151235160817	0.867711109736061
0.874650622700453	0.879529294170625
-1.03372430330168	1.20004770280729
-1.06778248078956	1.02967179359155
-0.314951765219021	0.180492172724413
-0.119678716732112	0.073154203987277
-0.938814115378142	0.734138351979046
0.711994689914987	0.546635957220775
-0.314936050194936	0.180496880170545
-0.472047704335293	0.329071112036136
0.1420256374432	0.0888443640776842
0.750975541614246	0.54652601352424
0.116428702122489	0.0682030568622803
0.656312403674297	0.556815343915179
-0.579252630682082	0.475335656833146
0.0289568043675961	0.0171732158028847
1.37906938088362	1.8757070651524
0.116293465720791	0.0681174351116925
1.15450585703504	1.10876383623045
0.0857959848849942	0.0467930000380248
0.181555728235541	0.127762539944992
0.6563136995897	0.556790487890074
-0.665795668764915	0.583989672620801
-0.933847664028495	0.9136864910444
0.142077308944848	0.0888624360218098
-0.0065935539137356	0.00367940017156973
-0.358653698911515	0.230066631527229
0.142077308944848	0.0888624360218098
0.398952751279318	0.261019310889639
-0.22446989148558	0.149358942874387
-1.04462293069808	0.875080562846637
-0.472010450119347	0.329013950089207
-0.131586201734972	0.090359971916936
0.0479061058216731	0.0241734985376833
0.53314845932752	0.411062687777545
0.635629550445155	0.565048182756302
-0.581445233475472	0.516161294976395
0.0615106551227168	0.023806118014709
-0.889789726075743	0.758188605908356
-0.472094075181024	0.329036698021253
-0.471866405691572	0.328853477360802
-0.472108155766521	0.32911275292109
0.142105856690795	0.0888908050395115
0.163606102560209	0.108818672900978
-0.41394158326969	0.321121824292564
-0.171891600284617	0.103013652092688
0.234209408113983	0.135557017197127
0.350425998623486	0.43138130860991
0.140523028683526	0.109476287312099
0.693783230868821	0.725236123570522
-0.747006414651001	0.697678094612967
1.12032416462092	1.25778427019312
-0.658663725428804	0.621935646428968
-0.217303976464864	0.160958268557395
0.398834984692158	0.277080991308156
0.25052672039259	0.155123588624536
-0.0521233786664355	0.0405425846692229
-0.119465260841818	0.0730241295804546
0.163501719768619	0.108748360137995
-0.0757789679966719	0.047205567072054
0.398667618958224	0.276904598251902
-0.351888792682056	0.276612510429749
0.656340882707527	0.556764329453062
0.0479061058216731	0.0241734985376833
-0.390035974921079	0.276433097301495
-0.449242328827492	0.406908615644518
0.163545465520998	0.108760223168551
-1.22621041681776	1.32060380259632
0.276663677432116	0.193495705430278
-0.0760945859454269	0.0474073772906456
-1.44946192152705	1.34674986099895
0.399629756186755	0.245296505376421
1.3082516470813	0.797772341886517
0.564406759068027	0.389679472400225
0.116126097415367	0.0680078566263147
1.03211615560474	0.911081852028009
-0.100688927061247	0.0535323661912431
0.0183679043233225	0.0123576609212751
0.845913474208575	0.71496687423092
0.681111391978709	0.550473937505231
1.03211615560474	0.911081852028009
0.874755232228374	0.879621813051408
-0.581555343950065	0.51639606863397
0.232239089087857	0.197657152924779
-0.224309396879475	0.149251198329982
-0.577099994021257	0.434404359083589
0.504592859831749	0.449371582331686
0.0855580104856908	0.0466587120748805
0.294710796292474	0.229138984756534
0.635692775513996	0.565109371608688
-0.573135403447075	0.392220170007954
0.0616553482559604	0.0238703716137645
-0.100443178122335	0.0534100513858687
-0.119571298130348	0.0730913852716358
-0.487714193016348	0.372872010913352
-1.32934427758984	0.733020573050618
0.75093310637041	0.546451336382571
-0.358430472278739	0.229872321405079
0.163268417717697	0.108556581939774
-0.389982968519614	0.276402027316149
-0.747075279356882	0.697589302029009
-0.674951828177522	0.545806361158126
0.029009781927305	0.0172044213737388
-0.265593879861676	0.194154362331262
-0.0946461025916477	0.065946218902393
0.522308594802782	0.423805684617425
-0.44972297108106	0.282664634540686
0.512761756487038	0.436576039484465
-0.119678716732112	0.073154203987277
0.276821078379656	0.193605143329561
-0.171877447008978	0.10300836389379
-0.449551847246755	0.28255524491248
-0.877063949356056	0.577066528922155
-0.686749044698813	0.508320544769257
-0.305903794727432	0.282992550723499
-2.17640821178934	2.52755461396267
-0.674791434292598	0.545622611509452
0.750925784738589	0.546494659096437
1.2122505761694	0.971192499435083
0.546566029400145	0.399212398420784
0.250869700770155	0.155330162038453
-0.351733696571326	0.276410145262017
-0.235290503145764	0.137949646882033
-0.0759051448786092	0.0472913722500453
0.264621200685865	0.174506228380541
0.396175686819008	0.226339115191097
-0.0759270521319743	0.0473049630283594
1.0224903548817	1.06677543704651
0.399550257329705	0.245208994329299
0.0479972024740841	0.0242164984656391
0.399320357955416	0.29338142861375
0.845781080857291	0.714913663492623
0.163457954905026	0.108715810889068
-0.235290503145764	0.137949646882033
0.264672040453276	0.174541981042422
0.635692775513996	0.565109371608688
0.286312443114443	0.211562843707214
-0.119599857211976	0.0731028704874724
-0.825402940083173	0.599705268512402
0.250632505219279	0.155190304364966
0.276634861834895	0.193514161038662
0.398811843473839	0.277059701974975
-0.413919608406986	0.321094793095108
-0.579192540483135	0.475198566276202
0.301537774326487	0.245829002801816
-0.90214158991715	1.11505132520686
-0.224391233949113	0.149292990518483
-0.665543837243447	0.583813760351764
-0.376149296009434	0.319710557229765
0.276716675342006	0.193539393850508
0.399715905368462	0.309723545765256
-0.358825047661998	0.230165183940644
-0.665691709552174	0.583914618045903
-0.433184674513129	0.364519878038037
-0.119518275601168	0.0730591665263058
0.399493873384993	0.355522926726426
-0.00473520578037929	0.00219591531042473
0.399542328129567	0.325287038307976
1.05626564904319	0.549859734255288
-0.788343745757691	0.414362328106443
0.564488688995179	0.389636352486356
-0.00940109644110474	0.00309197435180766
0.264765162673262	0.174597949426574
0.740388191189061	0.716013820448199
0.898444264260743	0.723439633854202
0.807052683322134	0.875733645721576
0.116247166995476	0.068095355374989
0.898429094995836	0.72345739395091
0.0290627520003243	0.0172349600444844
0.917464699928961	0.884630729150845
0.142160244906082	0.0889049340353447
-0.674979038043576	0.545799116154301
-0.100532689740455	0.0534621458761021
-0.449308426980827	0.406991087215356
0.294300249379735	0.228744235023876
0.490834808022159	0.474144402512535
0.779644067800008	0.875357508524265
-1.81214638498018	1.31346636503693
0.399241455715525	0.293334087412803
0.398788702445974	0.277022374151166
-0.472061788963516	0.329033357464412
0.533255361430788	0.411152401885777
-0.0488879942131119	0.0266619172719185
-0.167746238435569	0.0869469108163603
-0.285020674166101	0.18629562430315
-0.235382896302948	0.138024912443037
-0.034646848214051	0.0247279120655067
-0.173728020048257	0.11753891692866
-0.487608320482119	0.37274814708529
-0.265503234470177	0.193990745397651
-0.395815147683183	0.36142893875485
1.12021724926848	1.25755972178808
-0.175985918182125	0.131965687487415
-1.14876711945113	1.17239877212357
0.100491799540395	0.0818023139891417
-0.46176091637861	0.447157547076804
0.196660861583673	0.145876916455411
-0.0395993792856513	0.0251094672772647
0.0185410853283632	0.0124748888188237
-0.322202951136644	0.232055249653008
0.140277448711222	0.109261146672145
0.123623950109965	0.0918563579771414
-1.13154295188984	0.867783868580836
0.632300667745524	0.352559690893245
0.564317092367707	0.389632583146479
0.398886369625052	0.260953947356794
-0.391611384485079	0.191440763997525
-0.848034357080434	0.353432748047731
1.36213765917752	1.19730352814855
-1.06759645658401	1.02968138226897
-0.572977137866887	0.392068629563688
-0.472070889856049	0.329070387884181
-0.471964074016085	0.328988442076057
-0.665333151511035	0.583421581205999
-0.674791434292598	0.545622611509452
-0.3518681556598	0.276580045277437
0.399341590468961	0.340466495573061
-0.174065180927794	0.117772475330616
0.163331620179688	0.108614156157247
1.15465095325541	1.10909169821672
-0.321989103418725	0.231814019430097
0.874798937057536	0.879642881682537
-0.89734276186661	0.940076957017963
-0.285104268291679	0.18637524470887
-0.314905683790335	0.180488007236133
0.264718600927762	0.174588722278937
-0.939050965893036	0.734553872901206
0.917387016073702	0.884568233999964
-0.00653322317101659	0.0036465042430468
-0.395432127818948	0.360936419181852
1.07088973475991	1.70912577265755
0.234127312196873	0.135493151380613
-0.579277480835323	0.475228598288427
-0.500162625347248	0.415988532677424
0.50476523257835	0.449412211424249
0.399630859244332	0.309670206289546
0.69364370476478	0.725156729313631
-0.824297613110003	0.81669058255381
-0.674739925783626	0.545605022666558
0.294562834620656	0.229049768992594
-0.981449549768694	0.890578806593691
-0.66581475636844	0.58389934993478
-0.217538298780978	0.161175577133584
0.399628567246371	0.325392173064836
0.972402756486909	1.05483487911551
-0.260422454505934	0.131473076198748
0.963515763266062	0.737132596613881
-0.224336677934566	0.149274089294747
-0.674845861436495	0.545752345612659
-1.04428125335874	0.874450999488996
-0.358667111251907	0.23008064430689
0.607028100327419	0.368040761400758
-0.732099967580472	0.441350213980641
-0.877213265073092	0.577236204859608
-1.13164225147126	0.867764086305046
-0.10062225280412	0.0535115969827204
0.740623972292346	0.716340876958858
-0.433140090159743	0.364435422962368
0.0186940311656772	0.0125769624445691
1.36843983381257	1.363788488939
0.0585507395646079	0.0369912014102946
0.116209783657585	0.0680661387473735
0.898526453765479	0.723531388531303
-0.573109057679514	0.392100635956525
-0.825232150203982	0.599654790054676
-0.314905683790335	0.180488007236133
-1.13147421927421	0.867563171264953
0.286312443114443	0.211562843707214
0.196616031972375	0.145843799490633
1.18695390719601	1.28179266602802
2.23698675322853	2.85605076054634
0.0835075465371211	0.055929965895347
1.02243879636946	1.06686892521899
0.711769199762494	0.546256352478611
-0.265573324357301	0.194117578196852
-0.100599240850681	0.0534854334490669
-0.686591528873148	0.508125343240681
-0.449738456594333	0.282686420755686
0.852939962809722	0.546934303038246
0.504416505223203	0.449190127648149
0.398847215126186	0.260889903756827
0.56721713758941	0.612562967025918
0.0855580104856908	0.0466587120748805
-1.62745338816197	1.68722396751093
-0.173936295864811	0.117673468431337
-0.518774887611493	0.498777366599583
-0.783371409275774	0.879577471827131
-0.500181396094794	0.415855664872606
-0.2988802591657	0.237699342993491
-0.00842328172380098	0.00542826232287636
0.39876777631751	0.260803810478479
1.08213330712856	1.0834543922378
0.163586759975438	0.108801348504513
-0.358430472278739	0.229872321405079
-1.00950067227012	0.71944848988664
-0.487581032377036	0.372727958048912
0.635816634375965	0.56501343073206
-0.0486779129594599	0.0265406888410703
-0.11949245706525	0.0730428325659769
0.60666747478801	0.367841714094269
0.512929138946497	0.436686471681773
1.52760044668779	1.06645806620459
-0.572963935477394	0.392030574725598
0.39936112698371	0.324975737262853
-1.24509458323549	1.02214379691749
-0.0758201313271384	0.0472335094023848
-0.449738456594333	0.282686420755686
-0.167746238435569	0.0869469108163603
-0.0630031144954321	0.0444577593040867
0.28633168863619	0.211553497560757
0.399045218082428	0.26107791038966
0.584751571128831	0.379962887188801
0.968823971221591	0.894849317055589
0.104896410612126	0.0741403678084016
-0.285020674166101	0.18629562430315
0.141972601536965	0.0888084008407711
0.399161216342137	0.293259882473176
1.28500608517373	1.48967466244509
0.898256993301542	0.723151630240779
1.02254337690942	1.06672432955016
0.681102546937439	0.550386522987246
-0.171937931217338	0.103046922596437
0.972424632377022	1.05484399731642
-1.32047719876855	1.32471617945953
0.735488808244168	0.881392800335448
0.401401198528407	0.415767448133829
-0.581727585514941	0.5165131860896
-0.577123316514962	0.434435598564971
0.294714603155384	0.229169576232703
0.181354727690782	0.127651068600099
1.47077590352192	1.75464719195236
0.399134034293624	0.293226555893517
-0.746943588893125	0.697581345058754
0.0833389147049373	0.0557848597883217
-0.0395500459007253	0.0250801320019376
-0.897583225565353	0.94032533926777
0.211849784137663	0.11382783840282
-1.449134348695	1.34643938260493
-0.889836430756796	0.758278106424201
-0.119546843544292	0.0730678346020511
-0.389718053171858	0.276062970451784
-0.298834010909191	0.237622711001143
-0.171747460792849	0.102905455652846
-0.967792976635222	0.566690506749215
0.564511712489085	0.38970946004061
1.15014266729831	0.774326861652598
0.250684905061533	0.155242539654961
-0.766440085400675	0.663088444368722
0.372950968880263	0.176251163954604
0.398797581707142	0.277035673986689
-0.11962432842317	0.0731207776275701
0.0481502981599991	0.0242790754386886
-0.352019872466604	0.276711013413076
0.63545709068101	0.564742880928561
0.387443934982169	0.203677658568846
-1.15403426884734	1.32515221487138
-0.265552773983052	0.194068316245134
-0.665584753500923	0.583875515619935
0.533306260837746	0.411205597793101
-0.576882370471677	0.434180566976922
0.546724411633398	0.399465628855253
0.399293174835511	0.293348093652088
-0.173771987292809	0.117563128560795
0.617810807158558	0.573884385542487
0.250671549096301	0.155227427239656
0.399535611406082	0.245209094708849
0.250790671040038	0.155292789736014
-1.23448311547034	1.17077474119754
0.104690465700424	0.0739545968334879
-0.674739925783626	0.545605022666558
0.497129689418924	0.461653907502155
-0.938827414231148	0.734169359590649
0.63552484723788	0.564785799320996
-0.00814076699264282	0.00524748175727083
0.301497585276184	0.245800297176315
-0.487555395458036	0.372661743498495
0.769785136813603	0.71341704442789
0.13057314456177	0.115199068775581
0.232085286974974	0.197538586957485
0.323963735142065	0.311172365057437
0.0290627520003243	0.0172349600444844
0.28626860382939	0.211493117958555
-0.217669168467363	0.161271123003851
0.0289022635929307	0.0171381812593115
-0.576835707979372	0.43408115095225
0.396154537368834	0.226335141231484
-0.167723743572673	0.0869307434564531
0.606732450583422	0.367923078259537
-2.1732547641901	1.89426181770057
0.39975585811231	0.325479188310196
0.564257720096497	0.38949350224345
1.24617792011755	1.14624413498319
-0.100719535592776	0.0535595262511556
-0.224471471909536	0.149323126911641
0.398918661272857	0.277122050938888
1.34290899621575	1.01496515257567
-0.0787197888754788	0.035331436723466
1.51266839892472	1.26305167166492
-0.824407938002382	0.816587305097345
0.0857959848849942	0.0467930000380248
1.03230116897854	0.911423629192629
-0.0065935539137356	0.00367940017156973
0.398918661272857	0.277122050938888
0.399267318521548	0.293356816796475
-0.00625499653367304	0.00349264232361415
0.234119701427991	0.135495466226445
2.18198550484632	2.20456581701503
-0.981584186560259	0.891361705052936
0.972509699980554	1.05490633643062
-0.235462187373492	0.138072780517714
0.715552285455441	0.720524184355505
-0.00924412071693378	0.00666457838820568
0.968838261637287	0.894730342815249
0.399294503275736	0.293374967381293
0.318648183994018	0.294697766351073
0.0478374739349464	0.0241360072493468
-0.28518786639213	0.186434024764144
0.234373269576146	0.135633958116151
0.853127837722916	0.547021736367706
-0.0490594629448469	0.026755104726524
-1.27040006372588	0.885002340015008
-0.766283009867109	0.662848621894492
0.796563367283465	0.546405439872833
-0.0760339718572247	0.0473650341811024
-0.322183785934379	0.231964800139638
2.34281151673339	3.81232966433298
0.399517524063003	0.340648466131041
0.533269183355893	0.41120691108276
-0.766361533159932	0.663054207629342
0.69384349294078	0.725411405691338
-0.0759270521319743	0.0473049630283594
0.740665212525889	0.716400610903666
0.838253967328347	0.876895031568286
-0.173687033340215	0.117497462851281
-0.35841702097782	0.229858290125378
-0.573240926487898	0.392222681911879
2.18205008259208	2.20429751559242
-1.24545069906909	1.02231558843021
0.399759035636576	0.245315310439663
1.18700574659306	1.28239709328681
-0.686814392821566	0.508383460359442
0.0290113532844415	0.0172048544907705
-0.0488089875965929	0.0266177615123385
-0.00467057234517247	0.00216620810420213
-0.305697912692534	0.282758633179638
0.860858663531083	1.03463881149518
0.485710913369768	0.487197770356508
0.104803542598716	0.0740606772120314
0.178488280870952	0.0880114930246788
0.711915228195204	0.546557048928131
0.301677037940246	0.245928506567238
-0.235449075529597	0.138051915791987
0.399027901767121	0.293067730578746
-0.585162835395546	0.595412768328562
0.116353991523378	0.0681564763741826
-0.265528231091648	0.194101021679468
0.504375390870268	0.449122629618846
-0.0758639628706004	0.0472629593014399
-0.843586935908612	0.994701101262956
-0.747050919444729	0.697737592033022
0.399427771188148	0.340575593841657
-0.579315675588001	0.475397408670997
0.796542286709821	0.546503907985386
0.142080020952605	0.0888683874079472
0.399630859244332	0.309670206289546
0.973936237103987	1.21043108506723
0.178300949641365	0.0878996403275426
-0.322096027819269	0.231968199161496
-0.981476778516433	0.891022138441651
-0.0064125873499607	0.00358029417270733
-0.0489803984799141	0.0267132188815541
0.141999791938549	0.0888227103233252
1.28476665422744	1.48883144765576
0.286523637112009	0.211735970130416
1.04443859417144	0.754332078234377
-0.576835707979372	0.43408115095225
-0.171998424677568	0.10308111895244
0.846124294069892	0.715169985531734
0.89281764567569	1.03932495145424
-0.173917091531538	0.117682478952323
0.874567673200962	0.879102962597752
0.584751571128831	0.379962887188801
1.34316444194402	1.01510003139785
1.09672643005622	1.40734969191709
0.399682502217224	0.245269833092447
0.399373389610415	0.293386976551432
0.564324718997456	0.389655936649954
0.853021070490942	0.546910029300553
-0.889896617486106	0.758357339826199
-0.701840167512445	0.470997103993803
0.60666747478801	0.367841714094269
0.0617424742393982	0.0239084459082885
0.372705457589149	0.176103244649458
-0.665355201300079	0.583437405971673
-0.265421454931908	0.193954818557921
-0.868320882219923	0.967754079816769
0.533306260837746	0.411205597793101
0.750918451769797	0.546500400749536
0.211865671605164	0.113835246684773
0.396197438898127	0.226365511940548
-0.00653322317101659	0.0036465042430468
-2.3804937863766	1.46139845086505
-0.235079290367841	0.137769563908639
0.399579474975585	0.340714052579879
0.398780818069297	0.260842436667706
0.680981438499674	0.550257678966188
-0.119465260841818	0.0730241295804546
0.533533806927598	0.41110817168364
-0.173878932024179	0.117609293082659
0.178315331624704	0.0879190895682354
-0.139772117374668	0.105960867449711
-0.0757187519818208	0.0471449594184413
0.0857559934226779	0.0467736506521512
0.804173462791167	0.71242442008755
0.141999791938549	0.0888227103233252
-0.701908866845412	0.471042169258016
0.181268476238753	0.127577741589605
0.681018866171829	0.550224724914083
-0.658746694522627	0.622188073930247
0.116368199676192	0.0681703696479722
0.163754195270205	0.108895605232759
-0.571618661584741	0.312525279780433
0.399660064812808	0.245317382260872
-0.11949245706525	0.0730428325659769
-0.217603722736994	0.161225948096316
-0.260515813735499	0.131513276350311
0.917493168960845	0.884712128619311
-0.701908866845412	0.471042169258016
-1.13163459424818	0.867705619289095
0.387699641114235	0.203810552040452
1.03224778068107	0.911308684661655
0.85276529812906	0.546766261298029
0.365797211168257	0.150339977566715
0.632055174789326	0.352583555456159
-0.719681933824323	0.76741538842748
0.100132488851414	0.0814620751612459
0.533464351383596	0.671166275833602
0.0530819609885219	0.0431246617511142
0.232079895927148	0.197473922674975
-0.411283428516767	0.400699631073881
-0.462021087999725	0.447502234908464
0.058506856910663	0.0369659911939458
0.0423091001231024	0.0299768706699023
0.952785140521925	1.51398673556458
-1.75182588319937	2.3359035872203
0.399579085160327	0.325279607888137
-1.06754529803915	1.02935372906116
-0.395663406989814	0.361290176411202
0.400660776044753	0.400615710324747
0.485522773788864	0.486877848944031
0.399106854244915	0.293176960774261
0.234194106334154	0.135535242488063
-0.139533547797956	0.105749013163599
-0.0790599160932567	0.0354904532922947
0.635585858470544	0.565049160716253
-0.931768461421767	1.09081902439004
-0.242803628870881	0.21154893346113
-0.50009704051959	0.41591664999723
0.196640192867553	0.145850329153101
0.680967123732398	0.550257340688247
-0.00647290097493442	0.00361346614744142
-0.413837630123317	0.321003545361389
0.250632505219279	0.155190304364966
-0.686893252102377	0.508419637507065
-0.889873267452747	0.758353213221804
0.318825263007079	0.294928782295444
0.1420256374432	0.0888443640776842
-0.115143598852441	0.0954656218087681
-0.131278473770528	0.0902076171710122
0.750918451769797	0.546500400749536
-1.35672844137063	0.47506664569878
-0.433360101876516	0.364709457252257
0.399522808019211	0.245179011225327
-0.579047233084989	0.267435837190726
-0.449462493686468	0.282465667764756
1.51293507506516	1.26330464690653
-0.0784905995673504	0.035215212554511
-0.167822568183777	0.0869921519796813
0.372705457589149	0.176103244649458
0.0618299853505819	0.0239347215720241
-0.877171466206336	0.577150150243609
0.387524745750924	0.203731359245904
-0.579090117832204	0.267455039000505
0.403377677871532	0.139736809774786
0.0584657231335231	0.036938288303298
0.681195083204236	0.550500792823466
-0.579315675588001	0.475397408670997
-0.500248816324381	0.416075405525705
0.336878743755903	0.358894482318051
0.22144645869306	0.180468024897041
0.401399223520908	0.415812060223692
-0.351733696571326	0.276410145262017
-0.322181024893116	0.23204661658807
-0.175660069892361	0.131623915866712
0.181445038128079	0.127712516882967
0.0423166351350637	0.029983456186862
1.28503481611261	1.48998404867528
-0.433556458291143	0.364826229440764
0.169505602285456	0.144089788968828
-0.171984261369787	0.103051577974899
0.976411974833835	1.36496542724683
-0.0756282025765128	0.0470802428806009
-0.0521739612878664	0.0405908461634466
-0.217562355222036	0.161209704519002
0.276636404460945	0.193497311214723
-0.571358261005284	0.312197163788921
0.399447740472364	0.355530064019334
-0.0489670362588258	0.0267049448325151
0.178408925233274	0.0879707492156317
1.03240671571427	0.911297550919524
0.656258050770637	0.556657931195888
-0.395403175755566	0.360904640651853
0.0834007580904876	0.0558533041489546
0.56718956615736	0.612579674430369
0.656339583124585	0.556847987421022
0.181465589387316	0.127734472251748
1.12026088529769	1.2576313920689
-0.265397003950371	0.193973549463885
-0.119599857211976	0.0731028704874724
-0.265503777162	0.194082390085672
-0.686722096742145	0.508273973989328
0.0479747380547107	0.0242080962692441
-1.14252653911511	1.02029134824388
-0.207541330988836	0.181930051085867
0.917279572821225	0.884412567880966
-0.938998525441713	0.734414306613764
0.584683124801269	0.379889250809324
-0.889716083218483	0.758012030530767
0.0617277318050226	0.0238966037879039
-1.1145954954322	0.541089063658969
0.0289825102637502	0.0171873746132031
1.36209942212886	1.19724209000592
0.58482001808895	0.37997695034666
0.53312519403382	0.411026461301314
-0.391481666646295	0.191384943509599
-0.73178653288045	0.440962554763671
0.56404778348369	0.389315463518407
-0.571844647387589	0.312554069991271
1.72117757807307	1.34636559142612
-1.81215013291437	1.31285472539129
-0.139743235874131	0.105939373673095
-0.67492605114634	0.545783675338654
-0.282143597112904	0.244139392478535
0.0290370556228624	0.0172206399698484
-0.00826826892554727	0.00532814303609758
0.264644477458504	0.174506049821866
0.0585918553379603	0.0370192038447161
0.963545976406489	0.737152407988497
-0.577063067083383	0.43440075790853
-0.314951765219021	0.180492172724413
-0.38995717249119	0.276378670243734
0.497303000936201	0.461850728353355
-0.791885092082105	0.630573386077958
0.399362209541895	0.340488220509392
-0.824859680316833	0.598988425816233
-0.119412253858398	0.0729861393109778
-0.449730708473686	0.282688698372418
-0.119625687146688	0.073124812578289
-0.981611408958103	0.891369034784776
-0.100540405818408	0.0534632011451723
-0.0487956030897302	0.0266078382724499
0.398811843473839	0.277059701974975
0.163564873806924	0.108792680582514
0.399652120253719	0.245289401469063
0.6356684869711	0.565026076353992
0.711848749891497	0.546420854556282
0.740643301565032	0.716404692220104
0.123277110228004	0.0915630306239978
-0.791824711396637	0.630454044297698
1.21183110264754	1.45672094938458
-0.119545471464112	0.0730778713492053
-0.285007010964892	0.186314582604357
-0.094825510373501	0.0660701308823056
-1.81226068169386	1.31362119752981
0.399720762046032	0.245300880797733
0.804173462791167	0.71242442008755
-0.171747460792849	0.102905455652846
0.276660584190188	0.193521158081898
0.116293465720791	0.0681174351116925
0.963584205771531	0.737122253083976
-0.314951765219021	0.180492172724413
0.398751303919128	0.277008501801979
1.36839950230927	1.36376987050119
0.141839318732247	0.0887064926781886
-0.358509316483428	0.229953272680103
-0.766283009867109	0.662848621894492
0.0585259790915252	0.0369739349221746
-0.658657663666285	0.621783503664458
0.196684959888842	0.145864602457353
0.512824885374524	0.436647875751912
-0.471987262164561	0.329014669520781
-0.746964756087618	0.69759436484439
-1.44924009417487	1.34667726234533
-0.171719225085586	0.102870327747849
0.522254066330468	0.423767227511228
0.398918661272857	0.277122050938888
0.181445038128079	0.127712516882967
-0.176026415959618	0.131979770101472
-0.0490728158822873	0.0267618346413515
-0.119704561280386	0.0731658962210294
0.116307687959683	0.0681343944936411
0.398737028107333	0.276969072845267
0.504330269066083	0.449055135024936
0.577065811781156	0.60169717325312
0.399190814322264	0.261121611043745
0.945926502728416	1.35864920048628
0.399603870596398	0.325373118908551
0.898600884471324	0.723432327376269
0.917440096388044	0.88467261828141
0.804029465539626	0.712392747137759
0.141999791938549	0.0888227103233252
0.845952734120206	0.715189374908091
-0.957711410398061	1.23797117367548
0.264681545443047	0.174556420254131
0.806886108648653	0.875870098818518
0.617740716640036	0.57365987610029
-1.00945513744605	0.719425138137918
0.250763944228594	0.155289556810608
-0.171710160877072	0.102884135352662
0.644565520440631	0.74619652415854
-1.06748894301712	1.02922796641989
0.56422737419145	0.389555636326398
0.399669612881777	0.325434377115977
-0.577076671192185	0.434336142010334
-0.314905683790335	0.180488007236133
-0.285020674166101	0.18629562430315
-0.568412513831888	0.350074832940256
0.671422211026953	0.33472577676997
-1.14260067669355	1.02066115370797
0.892771034978376	1.03908907644044
-0.351671673042719	0.276359714240994
0.0836798966654316	0.0560367801362806
1.09677304858327	1.40759607701824
0.968679705784598	0.894791434390984
0.399161216342137	0.293259882473176
0.930009003885563	1.04592298795074
0.399514090896282	0.355551983090932
-0.217452189601796	0.161116070471731
0.7697048500773	0.713365515733353
-0.389929969887617	0.276359669549728
-0.235237583424851	0.13791980571296
1.12051386253465	1.25759196625548
-1.43562291494013	1.78720538233477
0.39871435201781	0.260758980227525
-0.658619125325339	0.621961471167152
1.21176789441701	1.45654942606327
-0.119412253858398	0.0729861393109778
0.399334289427652	0.309272908852145
0.0615829893731542	0.0238409326210027
-0.686814392821566	0.508383460359442
0.547001762815925	0.399617013866294
0.196681525546273	0.145897187775546
0.740412532926917	0.716052689303468
0.399294503275736	0.293374967381293
-0.314905683790335	0.180488007236133
1.24617792011755	1.14624413498319
0.0635171051824144	0.0472608639214946
-0.665499805404787	0.583737580326332
-0.107517078885987	0.0823153268895267
0.181375246212359	0.127661746302116
-0.119652878662126	0.0731350870173091
0.286441304904925	0.211652348109424
-0.235184772448113	0.137838722250301
0.674704140391112	0.730612947657748
0.546855964148997	0.399504094654536
0.0829156549476477	0.0646117249720411
0.80705957812295	0.876060732863568
0.058506856910663	0.0369659911939458
0.584781816253386	0.379967818774411
-0.171937931217338	0.103046922596437
0.838142785712204	0.876592296547469
-0.285007010964892	0.186314582604357
-1.32061027118199	1.32511225206066
-0.889813078580762	0.758273976852272
0.533139024332977	0.41096232726107
0.178423283573288	0.0879679360806085
-0.139750337277477	0.105936073017397
0.181535144192856	0.127726874882834
-0.17191476584973	0.103033463272345
-0.173728020048257	0.11753891692866
0.181375246212359	0.127661746302116
2.11182071434212	2.9648133230645
0.250856326202682	0.155333043784006
0.232267608148299	0.197728601969735
0.141998448683475	0.0888256576774279
0.711889146938377	0.546487094584724
0.769730612762067	0.713415955765321
0.398834984692158	0.277080991308156
0.838278754077182	0.876829800366686
-0.500380080758317	0.416143187482361
0.533101929070067	0.410966339617484
1.02259639146419	1.06655564158651
-0.76630861954926	0.662972643880192
-0.701908866845412	0.471042169258016
2.32847840517994	3.14068656503579
0.0855438769386049	0.0466324295729692
-1.24519154070041	1.02240393492908
-0.577026152697648	0.434341282550561
-0.0759876589295289	0.0473363443603622
0.89824189814852	0.72307499104243
-0.0947388678669597	0.0660126012466129
0.142078665577231	0.0888764959093391
0.546961719451806	0.399642103935353
0.52230708112406	0.423835271535181
0.769651818943123	0.713251012434848
0.294583424130792	0.229073862185232
-0.413897638138578	0.321047365091402
1.58603394906799	1.82452821154107
0.656392640007597	0.556873595673821
0.0290659103665314	0.0172330677533974
-0.00647290097493442	0.00361346614744142
0.250684905061533	0.155242539654961
0.163372920550334	0.108642931660014
0.116391353791918	0.0681832637592717
-0.500359520529249	0.4161131309389
0.396218627105279	0.226311693792237
-0.487608320482119	0.37274814708529
-0.674685497193282	0.545475329450318
-0.11965016965936	0.0731244973706263
0.96346955997511	0.737053210534985
-0.413752686764289	0.320915770926325
-0.224205111346259	0.149137272516056
-0.658663725428804	0.621935646428968
0.533269183355893	0.41120691108276
-0.358495878177703	0.22993924642698
-0.376097638886974	0.31981980715891
0.196815775410889	0.145941842565926
0.0835075465371211	0.055929965895347
-0.285043981003217	0.18633542576247
-0.449625740443677	0.282551117626882
-0.573214592148753	0.392266645889591
0.898518839798478	0.723517076998338
0.769623073931675	0.713199877922648
0.250896438749992	0.155290973923011
1.14995112589163	1.42968340615724
-0.171854279210956	0.102994903376511
-0.675032032705243	0.545790526472073
0.116247166995476	0.068095355374989
0.39632692028808	0.226385536728356
-0.939143234552252	0.734645723530448
0.23420176261692	0.135550725555505
-0.358522758485451	0.22994932308938
-0.131164345483986	0.0901048674294726
0.0585259790915252	0.0369739349221746
-0.131057556847543	0.0900404611218829
-0.0394638266369213	0.0250273580585416
-0.767071181777956	0.910147620489203
0.323765534849143	0.311005637348428
0.264588433083303	0.174461165469055
0.533301898581601	0.411059378615412
0.264839243230254	0.174643300198965
-0.686670269083675	0.508235697146491
0.0835937245357483	0.0559856134374031
-0.00849292071922068	0.00547183092596212
0.398667618958224	0.276904598251902
-0.0392502837211436	0.0248857542367108
-0.500183219270712	0.41601862452228
0.286523637112009	0.211735970130416
0.399521892224372	0.370310037490013
1.0818823606616	1.08376474934687
0.49704302628687	0.461495060576122
-1.14870428960968	1.17217190386863
0.0835937245357483	0.0559856134374031
0.497169847328083	0.46170089558252
-0.314966389985357	0.180495713336035
0.546948364222488	0.399602425564261
-1.35107339402949	1.18248216137797
0.211948576329243	0.113865296765307
0.0857559934226779	0.0467736506521512
0.25069825731129	0.155248653610278
0.399660064812808	0.245317382260872
0.398788702445974	0.277022374151166
0.372705457589149	0.176103244649458
0.504420463654406	0.449147231085128
0.0585288005378674	0.0369794101178088
-0.825224295078979	0.599634201404957
0.617810807158558	0.573884385542487
-0.119518275601168	0.0730591665263058
0.602345346607236	0.582944199874174
-0.719862676634912	0.767705345432537
1.01586420964796	1.2232877452582
0.276609133537466	0.193488659541977
0.264741881640269	0.174598132091718
-0.171854279210956	0.102994903376511
-0.825045854923464	0.599435065359958
0.212024877600245	0.113897094437295
-0.0945393578382475	0.0658711107151154
-0.299125958895665	0.237910490096711
-0.0759051448786092	0.0472913722500453
0.711981637507327	0.546618402945273
-0.47190363868862	0.32891647785336
-0.576738613916999	0.43388799813031
0.0479894016999248	0.0242070828318063
0.917520350582885	0.884633676821758
-0.825127181183508	0.599448766878507
-0.00655651078964978	0.00365922616789442
0.76967609689596	0.713268882191315
-0.22431100092233	0.149244423954331
0.182179671834162	0.161224013987261
0.968679705784598	0.894791434390984
-0.390034580013	0.276356524288878
0.105182481652586	0.0743311011170239
-0.472033637882765	0.32898027204842
1.03212918709089	0.911191470796257
-0.825142928248916	0.599571444913089
0.141812133034718	0.0886832257263414
0.25077730949292	0.155295680303515
0.522441885682082	0.423905445396472
0.264778926388733	0.174621340640128
0.399320357955416	0.29338142861375
-0.0488357677346139	0.0266327969000951
-1.24502179654099	1.02203226696656
-0.314913534863782	0.18049000784073
-1.52278255804212	1.22046624296924
0.399295830525548	0.293323626553402
0.294562834620656	0.229049768992594
-0.783060654015574	0.879309192246952
-0.39563443992656	0.361276718112796
-0.224389641716655	0.149312226642465
-0.500183219270712	0.41601862452228
1.4970983512604	1.42998892106674
0.399452705761677	0.245117872994277
-0.576895935869684	0.434174621781823
0.234022345651087	0.135419850996738
0.396175686819008	0.226339115191097
0.0833969394353422	0.0558492320351235
-0.176098300794053	0.13206066315773
-0.130930117017297	0.0899336139195837
0.029009781927305	0.0172044213737388
-1.55184102833625	1.81404906386163
0.399572015056746	0.384704446098036
0.602061452553838	0.582542601756733
0.972509699980554	1.05490633643062
0.0290129243414245	0.017201231951164
0.211834229489568	0.113737760815824
-0.487661253003712	0.372817824928706
1.48124732714154	1.58926433776892
-0.235290503145764	0.137949646882033
0.564317092367707	0.389632583146479
0.286545576800344	0.211745782117452
-0.358588196149511	0.23002237558786
0.533338993952715	0.41118004757257
-0.0488612548978463	0.0266399771063741
0.181329998139724	0.127609580246442
-0.791908305713741	0.630579329942369
-0.825671291405065	0.599511116578629
0.398881267710014	0.277076677643455
0.399550257329705	0.245208994329299
0.399652120253719	0.245289401469063
0.874820782307884	0.879588525585632
0.264551372342609	0.174450099076039
-0.00836133478791172	0.0053885285890878
-0.224362360916797	0.149289333907045
0.750820935056823	0.546362059972189
0.656258050770637	0.556657931195888
0.796585173823348	0.546500154315464
0.0290916091214662	0.0172506474117661
0.681013377831042	0.550250990209298
-0.825321423367854	0.599706575982585
0.852871940568314	0.546825607663817
-1.13154295188984	0.867783868580836
-1.06770226032767	1.02971511897472
-0.0759244901058836	0.0472976538205904
-0.100435448908401	0.053405283159304
-0.395677619377101	0.361298242623514
0.567156457418707	0.612522500364788
0.769624558410942	0.71323243362851
0.196447253624004	0.145608879819051
-0.0629105177520066	0.0443870363164407
-0.265442027789063	0.194004074913417
-1.55213620194718	1.81499566980405
0.294452154904269	0.228940098432368
0.635712241634038	0.565136977878951
0.294632128817855	0.229004738163373
0.584751571128831	0.379962887188801
-0.00638929513398506	0.00356739098780242
-0.265614440495864	0.194180304416663
-0.0393570556733211	0.0249591729553041
1.21144821628712	1.93830577024954
-0.665754668238517	0.583947621249913
-0.686656780325162	0.508238057982816
-0.0626510774488338	0.0442001932599015
-0.167921349798371	0.0870253071256986
-0.731660098592632	0.731984881623719
0.276715120914925	0.193567071549497
0.693796988188397	0.725361460329095
0.398819918961831	0.260856352026993
-0.824964638019071	0.599304485288219
-1.01100712019044	1.0467688034003
0.399419373310531	0.309418425129263
0.711928262731637	0.546541091843573
0.803862185711166	0.712043859085995
0.0480050835828071	0.0242224684999677
0.396197438898127	0.226365511940548
-0.224388049835183	0.149290255205559
0.807018367379662	0.876039347393869
0.140392865981144	0.109377863061901
-0.131147323350631	0.0901154101141619
0.0828997316903301	0.0645845457662677
0.105075745602191	0.0742611086247324
-0.0630399256102001	0.044453510517473
0.845873572645785	0.715100082050027
0.606840474184464	0.368014046586871
-0.93409601142374	0.913907893473794
0.0587178970587277	0.0370943476325147
1.73195773944914	1.91382278849291
0.276554597821924	0.193442752888539
0.49745619231495	0.461904697038618
-0.298753355261292	0.2375541341631
-0.100458668795975	0.0534076702199801
-2.17632811751104	2.52730344124983
-0.579359558285776	0.475463311637417
-0.0490205073645901	0.0267280423638009
0.0634954404582019	0.047235374959746
-1.06780978614306	1.02954453126558
0.0857559934226779	0.0467736506521512
0.91722647769723	0.88417047151083
0.533362264808942	0.411119416279117
-0.1738760053631	0.117653995479651
0.7697048500773	0.713365515733353
-0.119439450446503	0.0730048395536886
-0.10061457138053	0.053506852680468
-0.322054918949587	0.231926205197877
-0.57685903938328	0.434149334010838
0.211903911998709	0.113847022197123
-0.889910116684408	0.75831334866461
0.0479668102951513	0.0242035155870716
0.029009781927305	0.0172044213737388
0.250553369184273	0.155126774488292
0.0856897039185628	0.0467307539129102
-0.322266028375118	0.232102188709418
0.546988418746887	0.39964943368048
-0.00458408807629383	0.00212527871473938
-0.422384984558512	0.236709053249403
0.163542982860668	0.108778932354839
0.50463784827572	0.449349169619172
0.209758456177988	0.163326009705207
0.838208628204057	0.876775252081621
-0.686656780325162	0.508238057982816
0.301610537303336	0.245886204803862
0.011976510379665	0.00971153328439412
0.917519053830557	0.884709227779637
-0.348243923224651	0.32023172341103
-0.348520888500512	0.320327316796356
0.577239576971173	0.602009063816659
-0.17619056201963	0.132106068648173
0.0185468055343983	0.0124802149628198
0.490885538111914	0.474204174414907
-0.433163941434932	0.364480206842637
-0.690304508431693	0.864221866407514
0.251088639386163	0.231526456469946
-0.51866651343237	0.498616668350759
0.116428702122489	0.0682030568622803
0.0857428988252296	0.0467687674262433
0.163331620179688	0.108614156157247
0.740390663951457	0.71605681931707
-0.175535308553484	0.154666125430976
0.751883374174673	1.04274320548273
-0.461890996480612	0.447368345255789
0.588655595562123	0.591917317354838
0.788113588778387	1.03596070651028
-0.433336122325977	0.364703762729005
-0.471802602009974	0.485746049269169
-0.0243476265133839	0.0206112421111144
0.497230064400703	0.461622949547198
-1.13151982382572	0.867566618244343
-0.57948567480638	0.47553088728255
-0.004734629875064	0.00219203233905171
1.18601090926099	2.08212927027219
-0.648453406768735	0.696391400359992
0.19672283921293	0.145919668338408
0.497115884617491	0.461382688749803
-0.173791021253973	0.117590988191062
0.307539919323768	0.262029225661601
-0.487659615823777	0.372805015575226
-0.314837032959884	0.180433066341452
0.163457954905026	0.108715810889068
0.318747911799468	0.294822820826307
0.209850794760168	0.16341255471696
1.1498690505277	1.42979981415944
-0.461883371590884	0.447343661898793
-0.433573736319917	0.364825514897191
0.576957335769325	0.601521456956538
-0.00812007627609931	0.00523422313712623
-0.78324130605379	0.879597911233598
-0.176006165815773	0.131975979136295
0.769679081531942	0.713233529096698
-1.93140204956418	1.94718327441122
0.522175277110235	0.423589779939668
0.398676465327399	0.276886388703587
-2.37593094538689	2.29808891897138
0.917358564596241	0.884624051510388
0.0586329228416671	0.0370441448141597
1.09692637385288	1.40790772389199
0.681018866171829	0.550224724914083
0.838299255605635	0.876921147738516
-0.702000315358475	0.471069360153076
1.94284647400792	2.8293352014073
0.0289568043675961	0.0171732158028847
-0.325461412076947	0.320035808244601
0.398872373781685	0.277094868971369
0.141918226728449	0.0887664170461289
-0.487686905437284	0.372851819278413
1.03223474756332	0.911370242557373
-0.0393365030093654	0.0249446561305499
0.294607819320488	0.229068114143061
-0.653561443121922	0.660098329044915
0.711994689914987	0.546635957220775
0.838406015823902	0.876999052332249
0.860923006600159	1.03518479092378
0.307612553950244	0.262135027154151
0.276824218838666	0.193530280791108
-0.804261969537523	1.04893532349883
0.399513946292853	0.340655839915033
-0.0784732518294557	0.0605934393934769
-0.00928824762954833	0.00669633702181945
0.242229479775157	0.214840991751117
0.0184804542515445	0.0124351617079159
0.838253967328347	0.876895031568286
0.318825263007079	0.294928782295444
-0.0283791282199461	0.022228426598721
-0.217627821810374	0.161254899901061
0.0289825102637502	0.0171873746132031
-0.23539602597155	0.138035568356171
-0.284970053545889	0.186273402942853
-1.52281312800924	1.22034097304349
-0.375751529750817	0.319258535894882
-0.342829533915154	0.356966196758873
-0.411322114980928	0.400775498308644
0.756016006103972	0.877832322417812
-0.0284233206902766	0.0222639979160976
0.594172804137635	0.793260957392359
-0.581620786915473	0.516483838943816
0.490741671245993	0.473825912996743
-0.500248816324381	0.416075405525705
-0.253147483103661	0.203475468702817
-0.536557111629011	0.645211276924497
0.96859600145578	0.89460902425551
-0.449221961401397	0.406876760032293
0.558743910902164	0.623946656537059
0.621389015239166	0.764571601461366
0.715531720452066	0.720512319695876
0.401310378925919	0.415671406139586
0.181334204038304	0.127634841216278
0.1401257052207	0.109086816868477
-1.0844107848588	1.18411261581604
-0.224416920480156	0.149326489856746
-0.0082475743883231	0.00531553212050281
-0.224336677934566	0.149274089294747
-0.732118691770381	0.732833937308275
0.403042112273181	0.445789825839553
-0.00647290097493442	0.00361346614744142
0.0584218523132793	0.0369098436699805
-1.14893374072295	1.17278247571731
-0.235250744723944	0.137920266673397
-0.65342930032136	0.659939226936215
-0.766122624679411	0.662495372105202
0.2214246599785	0.180459870214352
0.861067023181245	1.03499181509366
-0.284886483760576	0.186193881211873
0.116414508098209	0.0681924531426653
-0.00627829462167297	0.00350518317385111
0.656286518481059	0.556786806671946
0.0854786109845643	0.0466093321343159
0.546882652287686	0.39961135638563
-0.389904182000159	0.276324804610237
0.796434639915807	0.546296788418666
0.606999733160499	0.368112755368252
0.398834984692158	0.277080991308156
-0.933888438208591	0.913869462420194
0.711902189597772	0.546539513612059
-0.38993138298359	0.276323571369034
0.968656580278954	0.89475746323902
-0.766388829064612	0.663040642355053
0.221554871682995	0.180596168149768
0.0586739420443678	0.0370658424316556
0.929770832625724	1.04607476578153
-0.0394021869687792	0.0249870624350815
1.01117800151855	1.37615412776637
-0.433232585292697	0.364375059369114
-0.171868434519582	0.102987037446451
-1.28440699135922	1.61968520056855
0.221569638404074	0.180536501510553
-0.375924574758734	0.31959818293731
-0.253195876231545	0.203489097603235
0.399441971661973	0.355490654910735
-0.00900596244225096	0.00649373613634407
0.401399223520908	0.415812060223692
0.398811843473839	0.277059701974975
-0.0759901648345779	0.0473452882734231
0.264611710694309	0.174500278389277
-0.0394021869687792	0.0249870624350815
0.0291445799665164	0.0172811839825682
0.399606472489069	0.309530548823971
0.398653331140568	0.276880501006235
-0.579214526430117	0.475128403758387
0.838167685316824	0.876715975962942
-0.285150876711098	0.186416646333165
-0.0490461137062827	0.0267468360349336
0.0187806009170516	0.0126330414410247
-0.732205252992427	0.732744689012979
0.674922185533039	0.730926283215142
0.301497585276184	0.245800297176315
-0.0345819119258492	0.024672027812503
-0.584938404081292	0.594901955204006
0.481534517501641	0.500603364472494
-0.966876523279236	1.06735759628624
-0.175538483155749	0.154699594593905
0.75600892849217	0.877749141641962
0.221302059253644	0.225587895662234
-0.422277886081322	0.236628606264027
-0.868346108144841	0.967803357473854
0.396219281155119	0.226374014114269
0.104876294895799	0.0741238703806158
0.264560847393479	0.174447546966387
-0.579296535169985	0.475401577626035
0.680860293246919	0.549973806434338
-0.375838049861786	0.319444814380845
-0.217717534095963	0.16128080977794
0.617633949705955	0.573627105982473
-1.0675179913994	1.02948100786859
-0.791968693252402	0.630667165648645
0.399187088913684	0.293282605618885
0.276768103389844	0.193591961324523
-1.14266100878965	1.02075039593394
0.250750575245472	0.155274432661127
0.141840636614589	0.0886917693485491
-1.23445973626823	1.1707123925068
-0.00828896822042616	0.00534047542207612
0.399032143012627	0.261073229564847
-0.006422163534817	0.00358458688008767
0.399137671090677	0.261102471627967
0.635374287864194	0.564629028837333
-0.568496262067724	0.349944781808305
0.399535611406082	0.245209094708849
0.11640554574906	0.0681864626339526
-0.22431100092233	0.149244423954331
0.838385513335964	0.876989420900022
-0.791899059019307	0.63044304553037
2.09237767171338	3.36534689438694
0.264597924244184	0.174496820223054
0.276636404460945	0.193497311214723
-0.581576029669709	0.516395757903959
-0.581968961588636	0.516641817066151
-0.224336677934566	0.149274089294747
-1.63519892643573	1.39549661695138
-0.322285324910253	0.232109055262902
-1.36912530275374	1.62826788851375
-0.686512824090886	0.507986633485621
1.06397666018782	1.23864783246621
0.806926023883973	0.875889445927199
0.0478374739349464	0.0241360072493468
1.06389472041138	1.23816303724896
-0.934184054925226	0.913919891438734
0.276583399332681	0.193444888966908
0.0857428988252296	0.0467687674262433
-0.674898840923898	0.545790922920221
-0.119386451613774	0.0729635647159714
0.588901029402022	0.592103201912306
-0.322331803019343	0.231992924493333
-1.47872278981458	1.6473945148113
0.399579474975585	0.340714052579879
-0.35179913556368	0.276493703074878
0.584675168308242	0.379860425930649
0.116284536468204	0.0681178066573984
-0.487581032377036	0.372727958048912
-0.674765676785215	0.545649823465162
0.399731142839373	0.325383074540399
-0.284923432219298	0.186232006972448
-0.171710160877072	0.102884135352662
-0.235250744723944	0.137920266673397
-0.0395049454070357	0.0250483700113021
0.399294795229521	0.355404699042029
0.485631329666054	0.487098910490877
0.324055454552243	0.311339240054013
-0.376362897321963	0.319996501031533
0.301451117250442	0.245747616354793
0.635564005317325	0.565008227026761
0.750828254194413	0.546393815900103
0.845952734120206	0.715189374908091
0.332941611759626	0.343187193840972
-0.82397057836553	0.816220702874999
0.398751303919128	0.277008501801979
-0.471880447909488	0.328863331156295
0.398690755140477	0.276941906629452
0.250684905061533	0.155242539654961
-0.29896684560065	0.237764756905772
0.387350306201344	0.203615179010527
0.234134912161859	0.135481632721817
1.51266839892472	1.26305167166492
-0.285053627335216	0.186330826663221
0.852859024632958	0.546883761518186
-0.171696050116023	0.102863648758974
-0.321865936066025	0.231666851568493
0.796434076670658	0.546311995607716
-0.17191476584973	0.103033463272345
-2.37557132135648	2.2964476189274
0.250684905061533	0.155242539654961
0.632177810904669	0.352614000083049
-0.391611384485079	0.191440763997525
0.128739954381237	0.0571706971446716
-0.981744564320963	0.891182070906623
-0.167776509342108	0.0869605415634023
-0.472070889856049	0.329070387884181
-0.314867405965761	0.180451526135702
0.917305485294015	0.884519673248624
1.08191949778297	1.08398924701774
-0.0489803984799141	0.0267132188815541
1.89237114873687	1.63105160856267
-0.731865129243729	0.441106968732687
0.264551372342609	0.174450099076039
1.92271829370441	2.03692418466104
-0.433205412351035	0.364538367085565
0.178236240272615	0.0878720950705939
-0.449649024133895	0.282626986880979
-0.686749044698813	0.508320544769257
0.963554013368603	0.737102462140653
0.963401097638603	0.736897946780892
1.34273496921055	1.01434853374846
-0.686827855694164	0.508381075212563
0.584789793668832	0.379972034303177
-0.184495602328439	0.0791280415311326
0.211956415974128	0.113885749261243
0.264755643837087	0.174602748105253
0.63545709068101	0.564742880928561
-0.173643054231129	0.117461058877291
-0.568374408633626	0.349993657688987
-0.568533923892215	0.350116156310502
-1.12704272305866	0.723683093678629
0.399045218082428	0.26107791038966
-0.217541678589498	0.161189557587135
0.396240348787542	0.226360026749263
-0.573029878753656	0.39203480139103
0.0289840778068076	0.0171894330672799
0.399473653365494	0.355479048606221
-0.581576029669709	0.516395757903959
-0.144303628994146	0.118902050606113
-0.217541678589498	0.161189557587135
-0.0759901648345779	0.0473452882734231
1.37673231197727	1.70425128433749
0.588961623732584	0.592107636114247
0.029195944150994	0.0173098633667665
0.656204987181497	0.556596773272788
-0.173980160570205	0.117722034894432
-0.48757938338837	0.37267553407775
0.846124294069892	0.715169985531734
0.845794375808675	0.714954580622306
0.635374287864194	0.564629028837333
1.02267815932405	1.0668492289337
0.234567719954663	0.135697290230927
0.0478757935477757	0.0241566119386645
0.845688575970209	0.714621981252469
-0.0761383398376614	0.047432157350192
0.398909748906723	0.277074306709338
0.116298738448283	0.0681069490844244
0.116238234053803	0.0680709923252578
0.769892686007231	0.71328554317794
0.533292453228994	0.411220850834707
0.19648497967141	0.145721222287638
0.399085307374028	0.261049706921744
-0.824101324313536	0.816499131413652
-0.579167653221855	0.475166879787806
-0.766361533159932	0.663054207629342
-0.674632540303875	0.545363877292345
-1.23433946579219	1.17062730393621
-0.265680101467543	0.194226915105528
-0.85258218567443	0.785881930049397
0.0585918553379603	0.0370192038447161
-0.119357854710476	0.0729363305200838
-0.74698538174706	0.697663368297709
0.142051476455936	0.0888577884553235
-0.389982968519614	0.276402027316149
0.181555728235541	0.127762539944992
0.711915228195204	0.546557048928131
0.0834831467970995	0.0559063479499675
0.196963983046581	0.146063698205019
0.968763405945866	0.894851243166186
-0.171831111220029	0.102975093490661
0.399203917048368	0.26112631616261
0.0583807005428617	0.0368824650389447
-0.0393119754570009	0.0249293922867717
0.399603870596398	0.325373118908551
0.656339583124585	0.556847987421022
-0.938958711023036	0.734322134192378
-0.449267707286113	0.406905085745514
-2.27755296626638	2.09471785974243
1.36836038186052	1.36369259288262
0.715182695447538	0.719780686300919
1.21231527031093	0.971317789997125
-0.322117960194991	0.23199093386192
0.3996138541701	0.245240556317635
-0.224123265800687	0.149068629952472
0.264537573070616	0.174438139402009
0.804150196357836	0.712431712436207
-0.577016417499633	0.434301298369839
1.56232945920699	1.98743072904634
-0.119545471464112	0.0730778713492053
0.398873322187915	0.260949289938167
1.15442659912521	1.10836831635989
1.21231527031093	0.971317789997125
0.929861107481284	1.04615050396631
-0.638676342982502	0.763787645869313
0.972426992729378	1.05439003179586
-0.852478205765596	0.785785640793822
-0.740258477210186	0.968383369073837
-0.581400592706253	0.515971615616588
-0.0759051448786092	0.0472913722500453
-1.09711050258711	1.33545673472299
-0.348382423378361	0.320330214166467
-0.0396157317770593	0.0251209170851008
-0.472108155766521	0.32911275292109
1.46257435753013	1.92626048060152
0.196595378439059	0.145823539637778
-0.173939041290908	0.117697673411669
0.0582956717969009	0.0368237189747108
-0.0490071340311382	0.0267250488141324
0.588589148108584	0.591793224431261
-1.29921486968841	1.4724622075108
-0.573359947594847	0.39225971710813
-0.224416920480156	0.149326489856746
-0.11949245706525	0.0730428325659769
0.116330839643921	0.0681472868212352
-0.119545471464112	0.0730778713492053
-0.22431100092233	0.149244423954331
-0.889692726726828	0.75800789084331
0.602259184496146	0.582859380756287
-0.0522183834636923	0.040627987145417
-0.56850361312045	0.350137185021699
-0.0488357677346139	0.0266327969000951
0.635627197707316	0.565069375339754
-0.389904182000159	0.276324804610237
0.399652725365107	0.309677096898813
0.845979364827558	0.715144881301218
0.504827014465717	0.449295761398031
-0.852437271138424	0.785639292487699
-0.167776509342108	0.0869605415634023
-0.577026152697648	0.434341282550561
-0.285030319307596	0.186329206529657
0.399427771188148	0.340575593841657
0.399214271315013	0.293315937795653
-0.171831111220029	0.102975093490661
0.0856242796901098	0.046691435653039
-0.265503777162	0.194082390085672
-1.08430074271318	1.18416297802057
0.63575351225172	0.565082225728288
0.294390436438278	0.228835531941377
0.140248448878093	0.109242433071045
-0.499926688749638	0.415639761064649
0.10492266946547	0.0741526896640413
1.08202640181885	1.08391026580736
0.804043307590794	0.71233864047186
-0.139670814933432	0.10587422174309
-0.100443178122335	0.0534100513858687
-0.130992082490632	0.0899835337173766
-1.23425595752575	1.17026871323905
-0.487659615823777	0.372805015575226
0.533352804546952	0.411255786419984
-0.171900614616488	0.103015029122361
-0.939077485445265	0.734512322363123
-0.389876979031048	0.276305805054114
-0.48776714051348	0.372911243742093
-0.746899431729949	0.697494286811066
0.485652980708217	0.487088500718105
-0.131344082804963	0.0902493146912442
1.06380407757543	1.23820336293762
0.656233446083565	0.556691460943664
0.504568393616827	0.449352796932866
0.602279817140659	0.582897967718392
-0.173812992051245	0.117606196781948
0.399591436244457	0.245265409014508
-0.0393776134712881	0.024972610225115
0.155616454101431	0.126792038920582
0.602168156569745	0.582728310864622
-0.487738228148574	0.372793191105451
0.898436685031673	0.723471675074255
0.631697168006785	0.35225745754692
0.584606708762691	0.37972008462059
-0.351950733377261	0.276612785841769
-0.167822568183777	0.0869921519796813
-0.104360815899979	0.0290077066781166
0.234283713697625	0.135588951948784
-0.174755916939228	0.164522453662264
-0.876203557909225	1.13820325501289
-0.462013456987727	0.447497965817043
-0.282049014357161	0.243953798744273
-0.00910573543417382	0.00656597976461818
0.399319301124529	0.370026517601947
0.0453968339870057	0.0397243729198618
-0.242664949598172	0.211427573360174
-0.00831647071794103	0.00536026035772822
-0.868320882219923	0.967754079816769
0.497016565023569	0.461454579342754
-0.518558136765599	0.498324211219907
-0.792005881270846	0.630719515069575
-0.529517607861008	0.574304070005413
1.01122863151449	1.37615506412961
0.276636404460945	0.193497311214723
0.399141811751226	0.355204618849638
-0.322054918949587	0.231926205197877
0.838323975105609	0.876712007857932
0.803922568196068	0.712192740421232
-0.167754090883061	0.0869546539632337
0.512887991688242	0.436697103672068
-0.0393737134117293	0.0249628097140409
0.116307687959683	0.0681343944936411
-0.0488491633688526	0.0266379092504318
0.0834213626748523	0.0558700760786796
0.301397066137439	0.245521525199971
-1.0094931847238	0.719548716819513
-0.868346108144841	0.967803357473854
-0.71991329862951	0.767741789537337
0.221692170254686	0.180706922220074
0.632387886376387	0.35260417148075
-0.571618661584741	0.312525279780433
-0.298926540829573	0.237755093879406
-1.14276782971979	1.02075219205701
-0.006422163534817	0.00358458688008767
-0.0082268846083795	0.00530268934145092
-0.540131463524523	0.680945694509674
-0.577220522818232	0.434414779982828
-0.10061457138053	0.053506852680468
-0.449633490948602	0.282605167831363
-0.967095616970178	1.06800777077185
-0.433270756414973	0.364627517279049
0.399579474975585	0.340714052579879
-0.17492449126999	0.164688770290769
-0.487874663517062	0.372882642711583
0.399426973829484	0.325099203511926
0.0833724306905151	0.0558168537433033
-1.00951606416	0.719470647168065
0.874694274441782	0.87946409221883
1.06403352704735	1.23743037853111
-0.131102415469497	0.0900815453227977
0.142052828198632	0.0888586735653421
-0.224391233949113	0.149292990518483
-0.315014367013039	0.180484048351892
0.750925784738589	0.546494659096437
-0.35874606176488	0.230128359214925
-0.0393776134712881	0.024972610225115
0.558566540345101	0.623501835135605
0.251401539121696	0.231933849669412
0.0636836619476107	0.0473809136170579
0.294542240172284	0.229015266462376
0.0479364447408366	0.0241891330477726
0.196571155039691	0.145799378267807
-0.487633965163832	0.372797634315868
0.963477527286397	0.737109537115533
0.853115083689341	0.546978454245952
0.845939413203912	0.715148403086207
0.584743628490391	0.37993126836576
-0.322096027819269	0.231968199161496
-0.260393358324243	0.131430586479957
-0.00477832280722481	0.00221735527016294
-0.14444262980892	0.119032970859655
-0.173706043323555	0.117517735171807
-0.822517686043889	1.02190459347776
-0.584887858367545	0.594807743119543
0.674893421417307	0.730841428026112
-0.746899431729949	0.697494286811066
0.0290370556228624	0.0172206399698484
-0.0756309388561429	0.0470956498702895
0.0481345070144406	0.0242707928143144
-0.11951965129848	0.073057555006467
0.163669198809145	0.108853324515277
0.30772086020475	0.26219763713504
0.141946747916864	0.0887830221731782
-1.14888973713581	1.17237307012783
-0.583489547943399	0.556222757830288
0.294673375873504	0.229110931899698
0.116451858679516	0.0682159522077023
0.804159629118594	0.712295852078253
0.0186074566745822	0.0125199585315506
-0.0491519027542736	0.0268024821055204
0.264741881640269	0.174598132091718
-0.10060690072741	0.0534984057920706
-0.0489670362588258	0.0267049448325151
-0.100696563025694	0.0535453328515396
0.209605447424076	0.163176478497927
0.0584849086837611	0.0369509486462666
-0.285007010964892	0.186314582604357
0.181617449538402	0.127829003534113
-0.573148582352656	0.392220049465515
-0.472214977594307	0.329105137833627
1.52794721558097	1.06684388833972
-0.766547614007605	0.663120820841962
-1.15396621584356	1.32551776029747
0.276660584190188	0.193521158081898
-0.868280070505847	0.96771546914886
0.399217015706365	0.261114920942857
0.58461467910062	0.379754194113975
0.365796592364056	0.150347828566248
-0.391619656780104	0.191352477050547
0.233917380194127	0.135299283204104
-1.94225216532037	1.50553265197483
-0.314936050194936	0.180496880170545
-0.766412785933738	0.662981596025657
0.140363903736081	0.109347458186684
-0.577267158994812	0.434440254251254
-0.51903519184145	0.498939676833859
1.19358918751956	1.76777320264438
-0.414001779626925	0.321054394591022
-0.413856609751681	0.32103831463558
0.769571520063183	0.713070408413511
0.756312516979762	0.878292128270238
0.522252560339762	0.423708164361216
-0.100629944992226	0.0535126365530659
-0.889849917085526	0.758267834539312
-0.322159103419451	0.232023888318447
0.681125680716043	0.55046354075607
0.211827445314614	0.113815124257299
0.141998448683475	0.0888256576774279
-0.224522869966244	0.149385580535303
0.399587501082125	0.32528713958625
-0.173854045087214	0.117638793695144
-0.746818003034782	0.697304602378743
2.23685410703153	2.85468853453405
-0.376097638886974	0.31981980715891
-0.581775981581185	0.516531685997322
0.163499186639607	0.108735858602432
0.141972601536965	0.0888084008407711
0.301431028422242	0.245728277307987
-1.40186461371808	1.05084714160718
0.928993059852903	0.545364679729449
-1.94226882179905	1.50505591635616
-0.449328790336753	0.407000668559091
0.606999733160499	0.368112755368252
0.53314845932752	0.411062687777545
0.892684324297745	1.0387690230668
0.527950880883196	0.681998491802325
-0.217259274575659	0.160928109899912
0.2320908677649	0.19753555886559
0.182450538815081	0.161455260508542
0.267044861791157	0.264867909464096
-0.479810265706482	0.52240422527113
-0.746795901915655	0.697288451086869
-0.585482889335704	0.632034732386421
-0.967182151182288	1.06812688940222
-1.0674651159672	1.0293099914417
-0.242526238139378	0.211246961387377
0.264681545443047	0.174556420254131
0.845688575970209	0.714621981252469
0.892904337989953	1.03951579834305
1.23117263487158	1.62855152203801
1.04320213440087	1.54261883837956
0.250750575245472	0.155274432661127
-0.217300706675367	0.160976269658147
-0.732021846522536	0.441299012127764
-0.100532689740455	0.0534621458761021
-0.119545471464112	0.0730778713492053
-0.413979839567615	0.320954189480091
-0.351930081540779	0.276630397745374
0.845781080857291	0.714913663492623
1.36209146650402	1.19718453032602
1.2849559830724	1.48962129723847
0.25069825731129	0.155248653610278
0.656339583124585	0.556847987421022
-0.322222202454651	0.232070845187278
-0.500159334491165	0.4159220710657
-0.139793880695707	0.105978206746378
0.0136810042317869	0.0101887026862572
-0.500293865375713	0.416087006797925
-0.322200296650718	0.232034012070185
0.142052828198632	0.0888586735653421
-0.284993363742646	0.186275029087059
0.105116016847647	0.0742912408859162
-0.351885259910382	0.27654933252032
0.211887954999951	0.113856287486724
0.740623972292346	0.716340876958858
-0.326239444133989	0.279984135591738
0.893124245300108	1.0396588548855
-0.413730680333414	0.320888721656759
-0.449354185574023	0.407028967229039
-0.14444262980892	0.119032970859655
-0.00825098414165935	0.00531839236576663
0.804113099523654	0.712433124334927
-0.472024518616386	0.329044883502682
-0.376429250974122	0.320013151359378
0.0186592255713432	0.0125550109024197
-0.0761796434419279	0.0474561177777776
-0.792019876326016	0.630530640063288
0.234380973697782	0.135649480050334
1.11246881043441	0.937662436095658
-0.852478205765596	0.785785640793822
0.264718600927762	0.174588722278937
-0.242664949598172	0.211427573360174
0.313407471062724	0.278546268335981
-0.25327537508775	0.203569327142878
0.27674083375271	0.193573768724026
0.116414508098209	0.0681924531426653
-0.00825098414165935	0.00531839236576663
-0.130971422385491	0.0899710371539595
-0.70190117287605	0.471095771394012
0.671639646013065	0.334844260911513
-0.00866762541139504	0.00285038216826518
-0.0491519027542736	0.0268024821055204
0.0615829893731542	0.0238409326210027
0.607013909009565	0.368113947865685
0.52233282678723	0.423828576929694
-0.423958397457982	0.438293847591768
-0.536525754139071	0.644922565875148
-0.658746694522627	0.622188073930247
0.221612631380022	0.180649625956717
-0.107580208916157	0.0823590013991479
0.104549852400836	0.0738369710009844
-0.00820619958532179	0.00528963663095982
-0.433315405412224	0.36468529227267
-0.0488357677346139	0.0266327969000951
0.116455204875569	0.0988069686627295
0.181288988667872	0.127593957665151
-0.265481177535199	0.194013757282406
-0.487633965163832	0.372797634315868
-0.665625717998748	0.583870435607684
0.779938355745883	0.876289110772018
0.644554491057189	0.746231734252583
-0.487924430474043	0.372841776020779
0.396262160673801	0.22638646126689
-1.06757087432184	1.02960559429657
-0.175873628065203	0.131848123949477
-0.731833139247342	0.732428260740324
-0.224230772830144	0.149180058323105
-0.0488746227041933	0.0266519956042316
0.617552022601101	0.573469111548555
0.399562847415415	0.325330940942825
0.286671672305074	0.211795593137838
0.301604328908405	0.245891631114233
-1.2258555768556	1.32010393190176
-0.902031037810634	1.11519561105545
-0.282071608922576	0.244040056180918
-0.100427730451234	0.0533968200283202
0.79649870309776	0.546379576538645
-0.487553742244464	0.37268116945927
1.34290899621575	1.01496515257567
0.656126011109652	0.556465424559561
0.398965812529665	0.261023979914902
-0.413922579675039	0.321055963873097
-0.217407516297759	0.161059132045363
-0.579167653221855	0.475166879787806
0.674907051311135	0.731022788339599
-0.719862676634912	0.767705345432537
1.09684612039351	1.40741727918137
0.163669198809145	0.108853324515277
0.522252560339762	0.423708164361216
0.399504450820885	0.309531960613471
0.234217042819429	0.135554715301903
-1.29917061311829	1.47193939303082
-0.510421781629362	0.458060416627737
0.0584657231335231	0.036938288303298
-1.55190373958333	1.81427558011745
1.02254783692525	1.0667129967789
0.163521087137834	0.108760112686365
-0.171733333748742	0.102903938585626
-0.265421454931908	0.193954818557921
0.490790967822662	0.473978930359526
0.399182182318472	0.355277455143884
0.116428702122489	0.0682030568622803
0.0833969394353422	0.0558492320351235
0.181440973065105	0.12771404261578
-0.471987262164561	0.329014669520781
-1.40184436730211	1.0507762370863
0.276528860013888	0.193418045680985
0.917412917114372	0.884702546982814
0.0584657231335231	0.036938288303298
0.211887954999951	0.113856287486724
-0.674924616313003	0.545765523362656
0.0184342934973097	0.0124034454430685
1.18700448407068	1.28232067962445
0.14178625989167	0.0886587690609341
-1.04446560025431	0.874951843477017
0.250605830440359	0.15518710398705
-0.00661683941035757	0.00369212124662277
-0.299099746273385	0.237875964547515
0.546843514987056	0.39952635801972
-0.701962072171393	0.471087613431695
-0.581513987327212	0.516291159010429
0.5887682567045	0.592057661957152
-0.472047704335293	0.329071112036136
0.116428702122489	0.0682030568622803
-0.351757803318784	0.276475769948736
-0.44947814360217	0.282431103264722
0.294521640785527	0.228969184933619
0.286416693814867	0.211645171973911
-0.576956172384241	0.434247580911962
0.196550516671539	0.145785143711548
-0.57685903938328	0.434149334010838
-0.376250478197915	0.319939523561622
0.564504048775446	0.389711454635039
-0.472033637882765	0.32898027204842
-0.235409159682121	0.13803600571538
0.399579474975585	0.340714052579879
-1.13148172493174	0.867583831883534
0.181182218714402	0.127493819732171
-0.167792228123067	0.0869736387408147
0.399820296255417	0.309756209790217
0.504478139773892	0.449139697698155
-0.167746238435569	0.0869469108163603
-0.389823995955751	0.276239675249137
-0.284872862584904	0.186134287256583
0.497395875009334	0.461863020590874
-0.11951965129848	0.073057555006467
0.294755810663967	0.229188035861915
-0.119572665333446	0.0730925935206141
0.717978141430208	0.887436662950177
-0.224521297838947	0.14936884519564
-0.00850943896176418	0.00548263569586031
-0.173728020048257	0.11753891692866
-0.235316786021102	0.137981180349472
0.874648320481278	0.879392721604264
-0.314897752349974	0.180460386792066
-1.01106991729155	1.04686660568732
-0.0759682684831344	0.0473317038327201
-0.139540648501077	0.105753317762922
0.399058289087215	0.261066486593233
0.250804028871583	0.155279817492477
-0.390117574591329	0.276423813046162
-1.06765107084076	1.02955906828335
1.15478337718406	1.10910215926925
0.141945413134548	0.0887896964119642
-1.14274459002458	1.02084763016626
-0.39008898908593	0.276452622310432
0.234029943286015	0.135426106733778
0.276689402129867	0.193541003738113
0.399032143012627	0.261073229564847
-0.0760751911908723	0.0473951822819531
1.15482253578082	1.10913791862697
0.398780818069297	0.260842436667706
0.264597924244184	0.174496820223054
0.564242568767649	0.389576900413468
-1.54146709807893	1.51537725096509
0.399567666730592	0.309608506043698
-0.422320612835452	0.236661180017005
0.11638738249249	0.0987512717652454
-0.686512824090886	0.507986633485621
1.37286351798487	1.53220185361672
-0.5854620178327	0.632211695691394
0.163545465520998	0.108760223168551
0.750868604531952	0.54636055890442
-0.414130683299156	0.321218937994006
-0.322200296650718	0.232034012070185
0.39911149736699	0.261109190448986
0.029009781927305	0.0172044213737388
1.31639948400955	2.00215060836794
0.399589521954357	0.309615387563153
-0.119410862413062	0.0729743072486799
-1.14262392140449	1.02071657436321
-1.23448311547034	1.17077474119754
-0.224416920480156	0.149326489856746
-0.00629198591006161	0.00351353991767755
-0.285257771144161	0.186435275324257
0.399630859244332	0.309670206289546
0.141891042315833	0.0887378890503946
0.546711095435536	0.399426004119964
0.522387352151361	0.423910040361166
0.25061916968494	0.155193208312974
-3.14456791056436	2.82442664065103
0.0478295204619513	0.0241303182423519
-0.573174952210549	0.392042765871322
-0.576965922644856	0.434268315425558
-0.171793801836589	0.102951867486592
0.10492266946547	0.0741526896640413
0.21194216650956	0.113848589736032
0.294476638454516	0.228953020613935
0.181465589387316	0.127734472251748
0.769674604177754	0.712970714858677
0.28631500763928	0.211522413166399
0.769757873763193	0.71343453825599
-1.1541618858415	1.32585418247166
0.7697048500773	0.713365515733353
-0.119518275601168	0.0730591665263058
0.25069825731129	0.155248653610278
-1.14905963299031	1.17279788706179
-0.173747093455054	0.117542397067106
-0.889849917085526	0.758267834539312
-0.078745871602922	0.0353461577361168
-0.0950917892438365	0.0662178061043927
-0.17389514636938	0.117661309424927
0.656285226223935	0.556752931738205
0.546830196927245	0.399558804431895
-0.00636600259477856	0.00355428728509299
-0.732207785471608	0.441468073086455
-0.939222282586451	0.734669327956872
0.750813604587608	0.546288457112092
0.497395875009334	0.461863020590874
0.104876294895799	0.0741238703806158
-0.0490594629448469	0.026755104726524
0.533241523858445	0.410975241713893
-0.791968693252402	0.630667165648645
0.681171948846945	0.550519576410294
-0.0396814410612331	0.0251608659615002
-0.0626968733749649	0.0442364556382022
0.276421317259084	0.193291027580897
-0.314936050194936	0.180496880170545
0.546737724120211	0.399480929625377
-0.375746133802919	0.319333960038721
-0.0757351241842837	0.0471715022586644
-0.0757570437027667	0.0471897109394555
0.567366312852602	0.612631723319333
1.26786196807041	1.31690885537426
0.546816875156251	0.399566848469562
0.0836628725934424	0.0560226131456822
-0.351930081540779	0.276630397745374
1.02259788627854	1.0669755162005
0.399672146546433	0.30969489565243
1.06395175480383	1.23842646095537
-0.665669707780211	0.583946577934216
-0.224416920480156	0.149326489856746
0.141997104178952	0.088805963956645
-1.28407654371911	1.61906628247815
1.11265651125862	0.93768533175143
-0.581665593423552	0.516518270211858
-0.686656780325162	0.508238057982816
-0.00655651078964978	0.00365922616789442
0.163457954905026	0.108715810889068
0.617983299821044	0.573858184453902
-0.701862955864654	0.471051609861451
-0.235488423181181	0.138083855479216
-0.358705874706347	0.230028410567358
-0.0759901648345779	0.0473452882734231
-0.500269404133485	0.416078072626404
-0.17594543043347	0.131927464899078
0.533050962660889	0.410828851914364
0.533088084526954	0.410953314616359
-0.939393697143539	0.734521811114938
-0.413897638138578	0.321047365091402
-0.0344081561738779	0.0245554787313122
-0.665311106311113	0.583361206761243
-0.0623916785396361	0.0439833789914837
-0.658681390667943	0.622081457327723
0.740453857154362	0.716208123014226
-0.235303642562071	0.137970517714117
-0.18425087413955	0.0789941818192048
0.181329998139724	0.127609580246442
-0.674791434292598	0.545622611509452
-1.03361750767048	1.20000036554384
-0.0487434176606647	0.0265806887940662
0.142078665577231	0.0888764959093391
-0.422428119128095	0.236719234912365
0.196812447404238	0.145987123372345
-0.981425340198277	0.891193190806152
-0.17191476584973	0.103033463272345
0.11627031625817	0.0681082454094151
0.0289310925154956	0.0171575933732068
0.0424250288085928	0.0300635275203983
0.234119701427991	0.135495466226445
-0.487847380520622	0.372927220779711
0.853140609926255	0.546929797083206
-0.00497163963896588	0.00230488508207651
-0.981451056118932	0.891182658817562
0.399188400393345	0.293278030550534
-0.449656806802103	0.282594576641388
-0.825053757516349	0.59945569070679
-0.57703974245666	0.434369516798473
-0.265544969074455	0.194079507040414
0.0857298001699369	0.0467611300263588
1.18689830799405	1.28205160600231
-1.32061027118199	1.32511225206066
0.0585946038137859	0.0370092215808578
0.399517607121712	0.325283423741794
0.803955216946999	0.712091398415352
1.14967178808968	1.42877421216894
0.715375742755148	0.720213691471364
0.874713866550428	0.879621645016318
-0.525003295814409	0.537641082623622
-0.852601309427252	0.785578773706762
0.116209783657585	0.0680661387473735
-0.376143684377995	0.319851962038645
-0.265573324357301	0.194117578196852
-0.298839945557986	0.237664632715062
0.398820720900162	0.277025474674033
-0.217607155601996	0.161234760783561
-0.358732662393978	0.230114354749903
-0.788334455485247	0.414193392330842
0.276609133537466	0.193488659541977
-0.00643587924542967	0.00359301632558093
0.0858222138874829	0.0468112400675287
0.250671549096301	0.155227427239656
-0.422363725502875	0.236700130314835
0.104849993135276	0.0741031666810547
-0.57935682061201	0.475352415067981
-0.235343085069702	0.137969584760359
-0.100719535592776	0.0535595262511556
0.564242568767649	0.389576900413468
-0.487794425801085	0.372902959991203
-0.322096027819269	0.231968199161496
0.398793855759975	0.26086314753592
-1.54114253685066	1.5154623201844
-0.358574770830738	0.230008355533989
0.656339583124585	0.556847987421022
-0.00859963652304804	0.00553966745957561
-0.643633012861079	0.731086016567874
-0.174043252186182	0.117757297093509
-0.130971422385491	0.0899710371539595
0.715593400661711	0.720450443911061
0.234045106137132	0.135412255558396
0.546843514987056	0.39952635801972
-0.184617640808077	0.0791844639739394
-0.39008898908593	0.276452622310432
0.712074114293426	0.546670662650068
0.104896410612126	0.0741403678084016
0.399215586450099	0.293280976714356
-0.100532689740455	0.0534621458761021
0.0833312993184489	0.0557999793428451
-1.32053167862064	1.32506944803707
0.163521087137834	0.108760112686365
0.211926139913565	0.113876387771514
0.0478951238309963	0.0241632634006464
1.24609570894549	1.14612220009606
0.711809675508547	0.546366920879928
-0.573214592148753	0.392266645889591
0.399294503275736	0.293374967381293
-0.573148582352656	0.392220049465515
1.04433042627028	0.75412128636301
-0.788575520499092	0.414353051058273
0.286542771421766	0.211718276155207
-0.265766329160354	0.194282222886208
-0.8017828413764	0.847775549058401
0.234291393901341	0.135604455620529
0.28639475084546	0.211604828749654
0.399726141222678	0.385221715079767
-0.22446989148558	0.149358942874387
-0.449641252180695	0.282629245641421
-0.389798224379841	0.27617873057893
-0.783060654015574	0.879309192246952
0.193809504901972	0.178202039598151
0.399355676950843	0.370215611245022
-0.825150817760178	0.599509934408343
-0.0489803984799141	0.0267132188815541
-1.14880794209502	1.17257905901325
-0.11949245706525	0.0730428325659769
0.564234976882592	0.389578962842842
-1.2708914783869	0.8851051120351
-0.653276819191851	0.65967225997152
-0.686485798413027	0.507940032132344
0.276581864658763	0.193470468193327
0.264648760685908	0.174502860332008
0.681195083204236	0.550500792823466
-0.0785844277089899	0.0352590751064225
0.250487503631455	0.155041835785355
0.399714800274633	0.325466427407848
-0.56857990501294	0.350166387556922
0.399438087502248	0.24508360369272
0.399295556565223	0.340384958922928
-0.938748401635106	0.733936477959649
-0.119597131265098	0.0730980839289773
-0.00464881905447431	0.0021552090576274
0.142026984342139	0.0888324262134955
1.26777826938512	1.31689238990432
0.399624325955576	0.340749213014004
-0.665458907197563	0.583697557335818
1.48103656523086	1.58942275042791
0.512676710615349	0.436447155868463
-0.119546843544292	0.0730678346020511
0.083335172954252	0.0558059623565864
-0.167776509342108	0.0869605415634023
-0.461652297399907	0.446909196383091
-0.824187426761161	0.816606642247111
0.584789793668832	0.379972034303177
0.276662130961792	0.193532353478315
-0.0391166265951978	0.0247947774988121
2.0475571909752	1.45300524221569
-0.119518275601168	0.0730591665263058
0.803945827600581	0.712263366492621
0.276662130961792	0.193532353478315
0.0187255229833575	0.0125989154686343
0.018506358981842	0.0124512923922381
-0.0487300164360545	0.0265724014795389
0.874353830056944	0.878406534451013
-0.701893398829885	0.471060653765222
-1.01098857513235	1.0466444883025
-0.265786877588078	0.194286941906231
-0.422256388009115	0.236590327517095
-0.0944064332938731	0.0657666599668661
-0.572726775653465	0.391620842541479
0.178250692646318	0.087868903847657
-0.0489803984799141	0.0267132188815541
0.547054115670868	0.399650094146324
0.399654324725185	0.385130200334249
0.533306260837746	0.411205597793101
0.142051476455936	0.0888577884553235
-0.791945482047303	0.630661225316363
-0.766598916646625	0.662996536400602
0.680981438499674	0.550257678966188
-0.217583036604374	0.161222023874358
-0.235290503145764	0.137949646882033
1.37287736994666	1.53234602256309
0.53314845932752	0.411062687777545
0.497069432703639	0.461426895436883
-0.57687260630212	0.434061257328015
0.564167854664221	0.389388403390002
-0.579252630682082	0.475335656833146
-0.235475303257102	0.138083428952403
0.681180788427265	0.550311034819703
-1.00951606416	0.719470647168065
1.21170466372347	1.45626258320291
-0.235316786021102	0.137981180349472
-0.0491519027542736	0.0268024821055204
-0.100711867297307	0.053558502180433
-0.487741478563822	0.37286372866831
-0.0758639628706004	0.0472629593014399
0.845781080857291	0.714913663492623
0.399032143012627	0.261073229564847
0.1161634901573	0.0680366741364742
0.399027901767121	0.293067730578746
-1.12692027910398	0.723978664203291
0.929684580016654	1.0459429370416
-0.449328790336753	0.407000668559091
0.0836143359602563	0.0559953690438363
0.399821564801639	0.325507804559414
1.02246457856493	1.06689134986402
1.21229417889242	0.971023102627933
1.24601338784256	1.14579622944292
0.10494279492139	0.0741722381789076
0.546724411633398	0.399465628855253
0.56422737419145	0.389555636326398
-0.315004694077924	0.180516228112622
-0.792126707406141	0.630748496181635
-1.08423540308357	1.18403381258987
-0.413960669915903	0.321092009427935
0.399660064812808	0.245317382260872
-0.119705907888689	0.0731644759949217
-1.55226178575715	1.814813218726
0.635585858470544	0.565049160716253
-0.107399550091062	0.0822077987767887
-0.643728151393778	0.730967536318288
-0.224258052383295	0.149194322465968
-0.265680101467543	0.194226915105528
1.02262664245223	1.06699363596241
0.163501719768619	0.108748360137995
-0.889933464924159	0.758398727133385
0.546751032897838	0.399472875834704
0.546803549672268	0.399551531032605
0.769730612762067	0.713415955765321
0.264825492432616	0.174630569124582
-0.184495602328439	0.0791280415311326
1.08195662259747	1.08406505818642
-0.889789726075743	0.758188605908356
-0.472145435547435	0.32911333829104
0.0289053747418535	0.0171405436715424
0.533199375658421	0.411022345329398
-0.581469232011708	0.51625422905222
-0.351537515865624	0.276082723770596
-0.792043083136801	0.630677137943554
0.39975585811231	0.325479188310196
0.564317092367707	0.389632583146479
0.396219281155119	0.226374014114269
-0.260407914201451	0.131463826799335
-0.00479980150253003	0.00222543899707575
1.66361053249679	1.51652989007293
0.372950968880263	0.176251163954604
0.533208825612179	0.411146860046541
0.711902189597772	0.546539513612059
0.294710796292474	0.229138984756534
-0.298819792768916	0.237629149708486
0.163377630623726	0.10859769143394
-0.792029090058758	0.630725452876737
0.373063689449818	0.176309167899013
-0.686749044698813	0.508320544769257
0.845939413203912	0.715148403086207
0.234112079861019	0.135489192248169
0.898354420160912	0.723312999645903
0.163521087137834	0.108760112686365
-0.285104268291679	0.18637524470887
0.564414409634204	0.389702848742374
-0.852563147890518	0.785844565177501
0.0857828642932185	0.0467786521757069
0.399542940036478	0.245217361896434
-0.76646904351221	0.663007436278576
0.264551372342609	0.174450099076039
0.116391353791918	0.0681832637592717
0.750925784738589	0.546494659096437
0.301677037940246	0.245928506567238
-0.471843212655667	0.328827257946704
-0.167624875940816	0.086826605414579
-0.732207785471608	0.441468073086455
0.163246560806056	0.108532388544128
-1.01100712019044	1.0467688034003
0.399441211531121	0.309440121880816
0.396132754922445	0.226326677718278
-1.40192841274304	1.05049717063142
0.250671549096301	0.155227427239656
0.398872373781685	0.277094868971369
1.18689706125777	1.2817953608954
-0.791838664214195	0.630355242517293
-0.433291488543149	0.364623921203193
-0.510707674604449	0.458299016032669
-0.284863170771258	0.186167116622821
-0.0487434176606647	0.0265806887940662
0.178344142351158	0.0879130866885018
-0.119545471464112	0.0730778713492053
0.576950223766853	0.601543108737681
1.47063748867639	1.75567368081999
1.03212918709089	0.911191470796257
-0.38995717249119	0.276378670243734
-1.04459587610723	0.874882532020824
1.62053770088038	2.38894389462143
-0.285043981003217	0.18633542576247
-0.825232150203982	0.599654790054676
-0.167723743572673	0.0869307434564531
0.681186223507185	0.550467240857607
-0.285174180431765	0.18641825772864
-0.171952098581378	0.103047850133584
-0.260594489203997	0.131559221193867
0.898174577758878	0.722844544271239
0.656286518481059	0.556786806671946
-0.0761164605046595	0.0474209476110106
-0.487659615823777	0.372805015575226
0.917196805692908	0.883695327888752
0.399480198065501	0.309422538517514
0.838278754077182	0.876829800366686
0.0586329228416671	0.0370441448141597
-0.449812502559788	0.2827095155416
0.63543755037969	0.564789288279985
-0.801966504581451	0.848216899238901
-0.581555343950065	0.51639606863397
-0.322032975668386	0.231903465341743
-1.67024223126531	1.12163944781049
-0.00650993522150788	0.00363359785395652
-0.825313591982397	0.599686009158765
-0.31487529078185	0.180469531977314
0.276687851535201	0.193548878671475
-0.17191476584973	0.103033463272345
-1.44944830737427	1.34655949402018
-0.358390129467864	0.229772371541714
0.584584476401336	0.379645854757412
0.141945413134548	0.0887896964119642
0.681050825914096	0.550390686111211
-0.285127572665304	0.18640202474893
-1.24502179654099	1.02203226696656
-1.14256360095853	1.02057817622063
1.04409201173031	0.753962957849965
0.968587204981539	0.894322138439895
-0.0759051448786092	0.0472913722500453
0.968953927270153	0.894365896391996
0.029009781927305	0.0172044213737388
-0.0489013694262602	0.0266701962197787
0.211895891785283	0.113859386997973
0.105069660073604	0.0742588872110798
1.06377912378965	1.23803126051157
-0.581662141593421	0.516443952913518
-0.825232150203982	0.599654790054676
-0.100719535592776	0.0535595262511556
0.163416673168622	0.108685956637582
0.142133049799469	0.0889005170529464
0.399591436244457	0.245265409014508
0.681111391978709	0.550473937505231
0.874524064957301	0.879168158207239
0.116368199676192	0.0681703696479722
0.399410723133178	0.340468177608119
0.533176107057406	0.410896030755678
-0.573254099679135	0.392089200814942
-0.0490071340311382	0.0267250488141324
0.399268642118077	0.293337031059412
-0.22431100092233	0.149244423954331
-0.282064016872865	0.244046438348143
-0.766177220673398	0.662528458407064
-0.131123053864947	0.0900940267751824
-0.471940885671565	0.328935283128993
0.497149769694944	0.461687035193562
-0.235462187373492	0.138072780517714
0.656233446083565	0.556691460943664
-1.0676766626128	1.02972457605802
-0.322392253120939	0.232169480726966
-1.08393271452508	1.1825370031169
0.211797232378301	0.113783323335555
0.0289568043675961	0.0171732158028847
-1.54136026266431	1.51536754125796
-0.119597131265098	0.0730980839289773
-0.389929969887617	0.276359669549728
-0.235303642562071	0.137970517714117
1.15466426704745	1.109180653183
-0.449308426980827	0.406991087215356
0.71210023454814	0.546603825490813
0.058487651644296	0.0369500740198118
0.522360088449923	0.423880206162727
0.0854383045207526	0.0465802469141466
0.497323089950261	0.46184531937003
0.399737777611166	0.309715144360561
0.681148814685048	0.550507144497065
-0.171816972074702	0.102965328684015
0.250513390435162	0.155108504066862
0.10494279492139	0.0741722381789076
0.058443790022945	0.0369248768508539
-0.572990344273574	0.39206853349588
-0.217538298780978	0.161175577133584
-0.212467893429097	0.172317250767758
1.37277987143844	1.53240383744197
0.769732112894498	0.713348024140361
0.181030179647756	0.127325292075297
-0.322159103419451	0.232023888318447
0.5469750709594	0.399657450057087
0.635857820614834	0.564746374779333
0.681111391978709	0.550473937505231
-0.583754470465475	0.55663474641237
0.399737330823572	0.385193689112334
1.23115887120239	1.62815937269588
-0.487792808417601	0.372915311409266
0.264718600927762	0.174588722278937
-0.518876157687405	0.49891785553984
0.681004567437001	0.550334672525007
0.399431337581939	0.325164311149595
-0.665584753500923	0.583875515619935
-0.389849774073474	0.276267896625035
-0.389848350114725	0.27617953887497
-0.171891600284617	0.103013652092688
-0.390037371011563	0.276419788363124
-0.351954321284277	0.276666513577105
0.681148814685048	0.550507144497065
-0.00638929513398506	0.00356739098780242
-0.573135403447075	0.392220170007954
0.399422232441896	0.340462895378457
0.116307687959683	0.0681343944936411
0.917332660208241	0.884581953780753
1.59797600285866	2.54994018161312
0.0183534539668452	0.012345521668066
-1.8391799029434	1.75874340091899
0.39953817911878	0.34068496776478
-0.100883640783606	0.0536391768639727
0.399177707527431	0.261100828258101
1.09698653637886	1.40765125946007
-0.413793633721842	0.320969820892725
-0.131278473770528	0.0902076171710122
-0.686893252102377	0.508419637507065
-1.08434221084797	1.18416873197409
-0.17391993970498	0.117664802033696
0.209830579082398	0.16338837072622
-1.83912852621356	1.75953578805059
0.0856504615516148	0.0467163223346054
-0.298992997101124	0.237814501772248
-0.791908305713741	0.630579329942369
-1.04453070585904	0.875000983365389
-0.981609926814513	0.891235733129596
-0.322137186716877	0.231987050042715
-0.25306100751911	0.203389159680727
0.656365460204942	0.556840951197036
0.1161634901573	0.0680366741364742
-0.0488357677346139	0.0266327969000951
-1.08425614552937	1.18409554472181
0.490936268987662	0.474243345701566
-0.00809939031868154	0.00522075899483485
-1.0841700861242	1.183860058015
-1.44906962486651	1.34643416861096
-0.674685497193282	0.545475329450318
1.26761085953038	1.31624142002555
-0.0394021869687792	0.0249870624350815
-0.094605844788756	0.0659202457636271
-0.731879245067499	0.732594284903955
0.712153501308998	0.546649045090273
0.30154402023457	0.245833358350572
0.546592598745895	0.399219596101576
-0.139489999683174	0.105698100305825
0.264862528257026	0.174652712342763
0.497389649309095	0.461887550182002
0.522440352254246	0.423930207099996
0.0633846386525496	0.0471466575983267
0.0423237158271014	0.0299922419603051
-0.50009704051959	0.41591664999723
0.399320203685003	0.324963086256991
0.399674586706663	0.30966868726512
-0.176031979073977	0.132007055143449
-0.119412253858398	0.0729861393109778
-0.766334235224492	0.663007552598854
-0.449649024133895	0.282626986880979
0.399482601711874	0.309510248663981
0.617720241602737	0.573715772312548
0.3132772866988	0.27840878870001
-0.314974334266225	0.180517382779914
0.196943282030542	0.14604941304763
0.0183679043233225	0.0123576609212751
0.242278776999886	0.214935813013389
0.141999791938549	0.0888227103233252
0.617786041208643	0.573801635694511
0.116088690904934	0.0679714760425284
-0.305914278647467	0.283018693201695
0.398886369625052	0.260953947356794
-0.500117645690407	0.41594675017541
0.116353991523378	0.0681564763741826
0.234209408113983	0.135557017197127
-0.852371276659045	0.785502406310806
0.30164452140585	0.245879011795442
0.181440973065105	0.12771404261578
0.56439909771469	0.389627774542729
-1.14281882490712	1.02052657859932
0.584652914869478	0.379820092954532
0.0858222138874829	0.0468112400675287
-0.0947790974683786	0.0660385521849972
0.234045106137132	0.135412255558396
-0.413771642413338	0.320922388670942
1.86172737672629	2.56806279705827
0.141998448683475	0.0888256576774279
-0.573003554697925	0.392024760025173
-0.6655407518731	0.583706954287991
0.399846145221471	0.325502867157338
-0.253213620404046	0.203537478611947
-0.075970880957903	0.04732472811282
-0.449288065965024	0.406959234228193
0.79649870309776	0.546379576538645
0.398676465327399	0.276886388703587
-0.981268101822056	0.890258161340428
0.796542286709821	0.546503907985386
-0.265462605780049	0.194040861809736
0.83836500572015	0.876939662208736
-1.0448591906896	0.874936506671943
-0.825507917838031	0.599647704824105
0.083335172954252	0.0558059623565864
-0.653647603974147	0.66007976754343
1.15461167029424	1.10900921430707
-0.686551034746813	0.507971440785624
-0.00637557637037879	0.00355970996600095
-1.9311539725058	1.94650446642513
0.796629057528294	0.546502925119404
-0.167723743572673	0.0869307434564531
0.25052672039259	0.155123588624536
0.398941805303243	0.277111850128745
-0.315012604577116	0.180519573244866
-0.414174583749104	0.32120946345649
-0.167715939625543	0.086928424290891
-0.171816972074702	0.102965328684015
-0.583596334712321	0.556430012413687
1.1124541585777	0.937564150996836
-0.100532689740455	0.0534621458761021
-0.100524984420176	0.0534573894442428
0.234127312196873	0.135493151380613
-0.573043063375869	0.392116283470683
-0.285127572665304	0.18640202474893
0.806692665989925	0.87517564009148
-0.35874606176488	0.230128359214925
-0.422299294346764	0.236652215203968
-0.285164564145787	0.186407245785783
0.712021824999197	0.546362006532511
0.631827881381737	0.352244085286353
-0.100458668795975	0.0534076702199801
-0.766279633249944	0.662720330762715
0.845979364827558	0.715144881301218
0.39926147538596	0.370032862809724
-0.897408029722432	0.940192360461248
-0.173812992051245	0.117606196781948
-0.472108155766521	0.32911275292109
0.399000722417802	0.293018170923285
-1.00959222676061	0.719584185538748
-0.35874606176488	0.230128359214925
1.512841282031	1.26331557456989
0.396046476092211	0.226243653582569
0.522385826382764	0.42384874536182
-0.00623169814283398	0.00347992391678904
-0.413859635214476	0.320987506150472
0.963545976406489	0.737152407988497
0.546882652287686	0.39961135638563
0.116209783657585	0.0680661387473735
0.0831263676632077	0.0647637775659611
-1.54140682569144	1.51552306377176
-0.265376414704092	0.193936765237222
-0.00637557637037879	0.00355970996600095
-0.389929969887617	0.276359669549728
0.286356264003954	0.211592099352807
-0.449333833281535	0.406974819157959
-1.01098857513235	1.0466444883025
0.163839185310004	0.10892426232101
0.497415983447504	0.461896187630451
0.576921340861572	0.601443921761148
0.250605830440359	0.15518710398705
-0.119466645047769	0.0730195618404143
0.399715905368462	0.309723545765256
-0.48758268181141	0.372653481611746
-0.674873072019471	0.545745098121915
0.264704824340339	0.174556238904536
-0.414070514623676	0.321111111293092
-1.14903765055512	1.17266961366099
0.398774442714311	0.277029786852801
-0.285248168671169	0.186457788970571
0.116186636806352	0.0680532515196002
1.15013402987552	0.774255798157072
0.92864495305129	0.545077172240108
-1.70890461576874	1.86284063227085
0.606746759712527	0.367950501034703
-0.579318494558417	0.475379314562234
-0.472061788963516	0.329033357464412
0.750738002359985	0.54623867910786
0.635775398096442	0.565123193837175
0.286441304904925	0.211652348109424
0.264839243230254	0.174643300198965
0.490762156200957	0.473981561701064
0.769785136813603	0.71341704442789
0.276636404460945	0.193497311214723
0.860980596244526	1.03523462833595
-0.351933695091486	0.27663405550882
-0.889933464924159	0.758398727133385
0.399567666730592	0.309608506043698
1.37652275314907	1.70367205460489
-0.579126611208689	0.47515484208015
-0.413897638138578	0.321047365091402
0.264588433083303	0.174461165469055
-0.322287948489279	0.232095083624974
-0.449567449519245	0.282520625046012
-0.171998424677568	0.10308111895244
-0.889789726075743	0.758188605908356
-1.14274459002458	1.02084763016626
-0.472145435547435	0.32911333829104
0.711981637507327	0.546618402945273
0.584713362680071	0.379926319520258
0.399410840730837	0.325120455212283
1.15453242176802	1.10874641219142
1.89211770711783	1.63150362162291
-0.967427364639526	1.06816950991893
-0.039529500318646	0.0250689531848583
0.399630859244332	0.309670206289546
-0.171937931217338	0.103046922596437
0.264560847393479	0.174447546966387
-0.41394158326969	0.321121824292564
0.564160308367146	0.3894443144624
-0.687051076599041	0.508412058019127
-0.395453749887947	0.361008071619802
0.635712241634038	0.565136977878951
0.39864448297339	0.276848894710108
0.286334355858973	0.211582312059847
0.497395875009334	0.461863020590874
1.08091520805328	1.55695293669561
0.276527333024065	0.193404830580203
-0.0760314155104479	0.0473703860597685
0.313494393708608	0.278606636538112
0.234142501317207	0.135458364119933
-0.322117960194991	0.23199093386192
0.0833312993184489	0.0557999793428451
0.399431337581939	0.325164311149595
0.399410840730837	0.325120455212283
-0.22428532991342	0.149198968742214
-0.0628036961608441	0.0443159983603137
0.0344111384781037	0.026800308617234
0.485689283931207	0.48717118038631
0.751023300013365	0.54650935831214
-1.04453070585904	0.875000983365389
-1.94217785162884	1.50556750778932
0.0288780997559482	0.0171251235675729
-0.131102415469497	0.0900815453227977
0.196554057121094	0.145763370635382
-0.212554236218042	0.172344627893156
-0.934121145554438	0.913915921489835
0.234299063326123	0.135610764338717
0.546869310078337	0.399571689674323
0.399421120258376	0.37013119215776
-0.487661253003712	0.372817824928706
-0.285007010964892	0.186314582604357
0.286375548943213	0.211623257913393
-0.581686252519767	0.51655310567462
0.0834663206478252	0.0558987620012023
0.181486135511974	0.127750720166101
0.635712241634038	0.565136977878951
-0.139822767383323	0.105999705204428
-0.173939041290908	0.117697673411669
-0.518796646532029	0.498836162530179
-0.217779470271656	0.161341179198965
-2.38569072312072	3.13524958062134
1.02238575150709	1.06666914591894
-0.217693310125571	0.161294740239511
0.323881598263012	0.311202905126171
0.58872202751629	0.59201419436435
0.898511215036685	0.72345451589888
-0.289055987855809	0.285314333130347
-0.0758201313271384	0.0472335094023848
0.286800572303926	0.211760933334672
0.196681525546273	0.145897187775546
0.845794375808675	0.714954580622306
-0.130930117017297	0.0899336139195837
-0.0047993670056096	0.00222141416478233
-0.391594789884239	0.191438279351218
-1.32050443969245	1.32499356923095
-0.167822568183777	0.0869921519796813
-1.299277607019	1.47254555813649
-1.78572885005472	2.04142859451506
0.396003480951534	0.226100261627978
-0.0490728158822873	0.0267618346413515
1.18708600812836	1.2824560732317
0.398895517433152	0.277116160983013
0.906472770703356	1.1960291448263
0.21178923311276	0.113786657240428
0.142078665577231	0.0888764959093391
-1.78588919328092	2.04274165945883
0.39936279011786	0.370202968994772
0.163647281269824	0.108834487474704
-0.413922579675039	0.321055963873097
-0.389958581984116	0.276296546954303
-0.577099994021257	0.434404359083589
0.588762381244179	0.591992906081422
0.803908700644487	0.712145574984858
0.181313675255168	0.127612911033939
0.399295556565223	0.340384958922928
0.141973939974442	0.0887927403169208
1.48112906931152	1.58978498370673
0.399698378494952	0.245331839655781
-0.322202951136644	0.232055249653008
-0.00662637168778421	0.00369613718342717
-0.217431487334157	0.161103732800981
-0.889776252660043	0.758163932303549
0.522360088449923	0.423880206162727
0.0834213626748523	0.0558700760786796
0.058443790022945	0.0369248768508539
0.0857298001699369	0.0467611300263588
0.0616553482559604	0.0238703716137645
-0.85237436794994	0.785486517852404
0.0585479424400123	0.0369907265993461
0.11640554574906	0.0681864626339526
0.25077730949292	0.155295680303515
0.635542147388228	0.564938315062389
0.750813604587608	0.546288457112092
0.680883417384093	0.550050728935172
-0.14445824791626	0.119025672866251
0.874733372651614	0.879546458639137
-0.472033637882765	0.32898027204842
0.399203917048368	0.26112631616261
-0.568541766074588	0.350174119857092
-0.79181077684651	0.63023594176319
0.399294503275736	0.293374967381293
-0.217607155601996	0.161234760783561
0.116489195276326	0.068231887094166
-0.314890819633048	0.180423742127342
0.25052672039259	0.155123588624536
0.0856766271852479	0.0467288268596743
0.0479285507635982	0.0241829353640545
-0.791931519146898	0.630510016423755
0.264611710694309	0.174500278389277
-0.235409159682121	0.13803600571538
0.0834419623206405	0.0558844880401982
-0.573148582352656	0.392220049465515
0.740580175979295	0.716383544036968
-1.32042429430095	1.32457018847525
-0.66535195326809	0.583404380322973
-0.653342859221575	0.659805941212877
0.546763550924814	0.399339336091513
0.892783963605485	1.03876348480035
-0.13108178201676	0.0900649149244417
-1.01122121898675	1.0470081680928
0.656179090572882	0.556596437211793
0.141973939974442	0.0887927403169208
0.264644477458504	0.174506049821866
1.11265651125862	0.93768533175143
1.36841253440115	1.36363053588237
-1.04445204539498	0.874915515762286
1.5859271238409	1.82406324950629
-0.260565205418295	0.131526093259204
-0.0760120659596625	0.0473565155075544
0.104876294895799	0.0741238703806158
0.398667618958224	0.276904598251902
1.29773244624769	1.66274778512536
0.929857079426761	1.0460942175221
0.399300338097888	0.340377889639289
-0.131102415469497	0.0900815453227977
0.50445759985372	0.449177651062902
-0.00844049836310869	0.00543619686233161
0.968679705784598	0.894791434390984
0.52230708112406	0.423835271535181
0.163734922765348	0.108878983721849
-0.305708243350915	0.282731296122505
-0.119569932100831	0.0730709337782095
0.71214042126202	0.546631460156574
1.285007559069	1.48997297966207
0.182252445140796	0.161271341997618
-0.472024518616386	0.329044883502682
0.142051476455936	0.0888577884553235
-0.009249574254788	0.00666887211196535
-0.0759463769065314	0.0473158585830138
0.286545576800344	0.211745782117452
0.209876691807746	0.163406250418825
1.12021724926848	1.25755972178808
0.533338993952715	0.41118004757257
0.399438889164167	0.309419627767719
0.845979364827558	0.715144881301218
-0.260451488548062	0.131406619854658
-0.577002826250074	0.434347034870591
1.89221100581656	1.63172601033291
1.62064447756379	2.38821707378567
1.61930904372416	1.66862382912923
-0.525075217091072	0.53774919315144
-0.173980160570205	0.117722034894432
0.5469093255531	0.399618657335497
-0.852730190262548	0.785943353413654
0.301650759862896	0.245935131982455
-0.21750033957188	0.161125175337946
-1.14264716589991	1.020621151012
-0.217496910387678	0.16115931261989
-0.524913854975588	0.537165644080725
0.0186592255713432	0.0125550109024197
0.602345346607236	0.582944199874174
-0.358588196149511	0.23002237558786
-1.22564530655932	1.31908945638773
0.196526230856115	0.145743654769166
-0.235422297435303	0.138023944040312
-0.665647710595455	0.58393081140269
-0.472070889856049	0.329070387884181
-0.376071889165895	0.319753127321117
0.546869310078337	0.399571689674323
-0.224309396879475	0.149251198329982
-0.351930081540779	0.276630397745374
0.712007738259608	0.546620013704936
1.64828471233388	2.22550120009416
-0.413900585107279	0.321072021268116
-0.0488879942131119	0.0266619172719185
0.25077730949292	0.155295680303515
-0.00467057234517247	0.00216620810420213
0.234380973697782	0.135649480050334
-1.24537751982164	1.0224272869465
-0.791824711396637	0.630454044297698
-0.472084972467567	0.329086525090447
-0.326333548689299	0.28000668068272
0.779479143891153	0.875570476310274
0.546961719451806	0.399642103935353
0.740514447024586	0.716189107800634
0.87467245095911	0.879518477267215
-0.413919608406986	0.321094793095108
-0.934077093650245	0.914094181612971
0.656366764577668	0.556851668428262
-0.282153935323203	0.244078890926504
0.0857166974560899	0.0467505479059537
0.318786583022446	0.294881094981907
-0.224362360916797	0.149289333907045
0.522361610077758	0.423873731893028
0.10492266946547	0.0741526896640413
0.28631500763928	0.211522413166399
-0.581748259413829	0.516422142093552
-0.224283721636834	0.149230159915673
0.264681545443047	0.174556420254131
-0.472168616436183	0.329139563619447
1.66363205123385	1.5158577948645
-0.572990344273574	0.39206853349588
-0.100420022756932	0.0533838408407867
-0.0758858858027726	0.0472742031099182
-0.235422297435303	0.138023944040312
-0.224307793196518	0.149216619470666
0.497230064400703	0.461622949547198
0.39941594234168	0.355355135076766
-0.21747622332068	0.161139158750961
0.399159908508708	0.293233000552049
-0.413834628965583	0.320990882717356
-0.173958225918879	0.117700871705319
0.142052828198632	0.0888586735653421
0.399482601711874	0.309510248663981
-0.235541515753558	0.138114100829824
0.898534056931897	0.723499377018564
-0.791982672273346	0.630647826107759
1.03230116897854	0.911423629192629
-0.10062225280412	0.0535115969827204
-0.719522952774573	0.766894083590797
0.100447377410256	0.0817675762381931
-0.139533547797956	0.105749013163599
0.0835281520701357	0.055942087371443
-0.890063707287803	0.758045997006066
0.398713891522661	0.276963185861334
-0.35184393948654	0.276566025269648
1.02251760829959	1.06692995816121
0.974129626335058	1.21102676146163
-0.44939489715077	0.40707038950724
-0.348128006348256	0.32012388407235
-0.217366086087978	0.161042824286404
0.25052672039259	0.155123588624536
-0.358653698911515	0.230066631527229
-0.184627520138321	0.0791861460962011
-0.31479876138457	0.180378411709713
0.399419373310531	0.309418425129263
-0.28223685747382	0.244226922956707
1.33776547888851	2.51133748350521
0.169544812374686	0.144099691522015
0.63575597718878	0.565136053841601
0.221482429232748	0.180526925760338
0.0422948394581713	0.029970376284185
1.04442439792067	0.754229357853164
0.584644909741346	0.379823349107698
-1.66989234257219	1.1213835592074
-0.422299294346764	0.236652215203968
0.606826204302058	0.368017845521227
0.398950693727367	0.276883192432017
0.764486778123062	0.331447869942357
0.796477046484654	0.54615121839201
0.234306721965948	0.135608476227016
0.396175686819008	0.226339115191097
0.116028130800053	0.0679169343739468
-0.0487568225975182	0.0265874476193196
-0.877107195262802	0.577129826927392
-0.568572097465517	0.350153102769924
-0.100786276740608	0.0535895907139736
-0.075798222718319	0.047215301015411
-0.314867405965761	0.180451526135702
-0.305798245191735	0.282887984483882
-0.472001332696941	0.328991717662355
-0.449176245772296	0.406813013467982
-0.351585548663513	0.276216169984739
0.804066571244214	0.712409287520356
0.681134523924624	0.550455151752996
0.178408925233274	0.0879707492156317
0.398872373781685	0.277094868971369
0.917464699928961	0.884630729150845
-0.674818648861795	0.545711507796161
0.0855710855814217	0.0466692685549772
-0.0488612548978463	0.0266399771063741
0.387524745750924	0.203731359245904
-0.265569379973613	0.194142537482544
-0.568556232891877	0.349911112172671
0.398912452316424	0.260913069303393
-0.358626885295045	0.22998067903823
0.712074114293426	0.546670662650068
0.141944077139845	0.0887738399296703
0.0186333673940162	0.0125386230495905
-0.235329933523451	0.137981629173474
0.058506856910663	0.0369659911939458
-0.792066289731086	0.630748823283636
0.806839272418555	0.875738642983419
0.234209408113983	0.135557017197127
0.163331620179688	0.108614156157247
-0.389904182000159	0.276324804610237
-0.351733696571326	0.276410145262017
0.3991619982708	0.355248444416205
0.497196260345077	0.461739233682324
0.141867827993459	0.0887014926565258
-0.571850481296198	0.312666676322475
0.085809101416214	0.0468035936787465
-2.27762192138925	2.09388482008733
-2.17331008049931	1.89558423438322
0.232268129668433	0.197699674260036
0.399449505789323	0.370169443589723
-0.139613067041843	0.105826997743172
0.0187401524681078	0.0126089941467401
-0.265593879861676	0.194154362331262
-0.731925384433081	0.732680480598904
0.715420927636754	0.720370237594475
0.533101929070067	0.410966339617484
0.20993735901243	0.16347925726346
0.116293465720791	0.0681174351116925
-0.852371276659045	0.785502406310806
-0.00906158614235764	0.00653325236215841
0.141945413134548	0.0887896964119642
0.485681944236711	0.487152516010876
0.845781080857291	0.714913663492623
-0.732058126746874	0.73286505952673
0.892970965265706	1.03963856948692
0.140204763266797	0.109187406082257
-1.04468813256807	0.875044381033776
-0.4136866812588	0.32077107829202
-0.173791021253973	0.117590988191062
0.564219760700014	0.389503994927409
-1.06762204479347	1.02959898870171
-0.37577180155329	0.319342413264841
0.163416673168622	0.108685956637582
-0.390010170761787	0.276421028544424
0.681041997332067	0.550340898981373
0.769542789124791	0.712950921861263
-0.766255713429042	0.662862174171496
-0.390143390150611	0.276470382539367
-0.674686969629508	0.545493532457957
0.0586548875170673	0.0370575773011633
-0.235449075529597	0.138051915791987
-0.901848557863252	1.11471005709961
-0.0626510774488338	0.0442001932599015
0.0853859311831757	0.0750479204611578
0.490611392852216	0.473535458281964
0.656179090572882	0.556596437211793
0.617679276148387	0.573743668628902
-0.0393776134712881	0.024972610225115
0.0857027765973263	0.0467289143416183
-1.92843205093798	2.41159093712217
-0.0759682684831344	0.0473317038327201
-0.0627630293782538	0.0442867975374733
1.15450585703504	1.10876383623045
0.0585699011891016	0.0370057778942593
0.567045928137025	0.612310526763477
-0.0948657312161931	0.0660901661009486
0.141999791938549	0.0888227103233252
-0.0487956030897302	0.0266078382724499
-0.171831111220029	0.102975093490661
0.796499407903853	0.546409161577071
0.116209783657585	0.0680661387473735
-0.139764988393575	0.105952444505199
-0.009249574254788	0.00666887211196535
-0.51053446509302	0.458154101091437
0.551505737859217	0.635681143309446
-0.0284942023916678	0.0223206149853109
-0.139562424966239	0.105779001989693
1.32422193498022	2.17179905489213
0.968777710393173	0.894831303474498
-0.235211272959703	0.137888266645417
0.116345045748615	0.0681537780773569
0.852952818714724	0.546952016374648
0.178539344907916	0.0879704384019648
-0.0790537403452703	0.0354772309593478
-2.68380367508382	1.94115029656109
0.234299063326123	0.135610764338717
0.928634831032234	0.54488630078218
-0.00471351223080486	0.00218494087160831
0.584691164752436	0.379856682356652
-1.24493299318928	1.02178636042737
0.264681545443047	0.174556420254131
-0.788575520499092	0.414353051058273
-0.422277886081322	0.236628606264027
0.53312519403382	0.411026461301314
-0.868280070505847	0.96771546914886
-0.0946924686572058	0.0659817992337953
-1.27081507817581	0.885146462492235
-0.449440668436446	0.407117919169569
-0.22428211378869	0.149219672599838
-0.579104644310624	0.475066626403946
-0.411366096361006	0.400842981139981
-0.173706043323555	0.117517735171807
0.504634029158256	0.449399187746296
-0.50009704051959	0.41591664999723
0.497242717958524	0.461750565008162
-0.577016417499633	0.434301298369839
0.196443709515116	0.145674447810183
-0.0788269788881849	0.0353859300459337
-0.322263430001151	0.23207223002274
0.588568980812593	0.591767624345873
-0.314974334266225	0.180517382779914
-0.746921508101353	0.697565218519348
0.656445689123628	0.556858392044476
-0.433250029043962	0.364609037248794
-0.674764217726083	0.545474998373273
-0.487714193016348	0.372872010913352
-2.27745291839873	2.09322174891871
0.399347543067605	0.293399579549052
-0.358732662393978	0.230114354749903
0.635712241634038	0.565136977878951
0.71533468239733	0.720222122204125
0.399562847415415	0.325330940942825
0.163542982860668	0.108778932354839
0.399032143012627	0.261073229564847
-0.0489937644034561	0.0267199564240236
-0.487845771110902	0.372924017983754
0.181313675255168	0.127612911033939
0.564429678381227	0.389673383118391
1.08191949778297	1.08398924701774
-0.938985249993604	0.734486826092846
-0.094605844788756	0.0659202457636271
0.546843514987056	0.39952635801972
-0.285174180431765	0.18641825772864
-0.348056089655176	0.3200090970312
-0.217648492765325	0.161267209865631
-0.3518681556598	0.276580045277437
-0.115096812571512	0.0954319382839154
-0.131147323350631	0.0901154101141619
0.693670173069584	0.725194243207079
-0.00645917082308286	0.00360555572465806
-0.325906736557295	0.279533396863799
-0.224336677934566	0.149274089294747
0.0584849086837611	0.0369509486462666
-0.235541515753558	0.138114100829824
0.399628567246371	0.325392173064836
-0.413856609751681	0.32103831463558
-0.00816484380810605	0.00526291870258437
-0.298793677715702	0.237613009252236
0.399262893856246	0.355247663779816
-0.351757803318784	0.276475769948736
-0.175680337043267	0.131651829794948
-1.55205133459331	1.81489187811617
0.250553369184273	0.155126774488292
-1.04455779344299	0.874947175637136
0.399779061948965	0.309753287675347
0.155516825844062	0.126680874265576
0.181440973065105	0.12771404261578
-0.00902836931649561	0.00650954682405186
-0.433404845741956	0.364699211077833
-0.00649619072655505	0.00362618846728953
-0.390037371011563	0.276419788363124
1.09666630643363	1.40707611136438
-1.54120277495639	1.51560255027329
0.67453817807108	0.730256998472662
0.0185872421154951	0.0125071736730892
-0.0395788766563114	0.025093800989905
0.0288508268156486	0.017108910813176
0.0582350743210201	0.0367720035965936
-0.299019203964138	0.237807473659699
0.51280296993901	0.436612787781603
0.276689402129867	0.193541003738113
-0.0759682684831344	0.0473317038327201
0.635478942495935	0.564844995830792
0.232239089087857	0.197657152924779
-0.039422728392816	0.0250015758755746
0.398765561606098	0.276966640430354
0.398811843473839	0.277059701974975
-0.13981562718765	0.105988299067659
0.779658371549424	0.876044119876328
-0.322411640022653	0.232157452621025
0.0423525978050852	0.0300130445212649
0.307402790836518	0.261883096745898
-0.852371276659045	0.785502406310806
-0.74687859884874	0.697366293551526
-0.0394638266369213	0.0250273580585416
-0.577063067083383	0.43440075790853
-0.0491385627932144	0.0267957601177499
-0.235316786021102	0.137981180349472
-0.665521819029769	0.583797970147497
-0.902058982411862	1.11507205382206
0.504630078138919	0.449236167013076
0.0836386471869281	0.056014884870977
0.141919557864797	0.0887687130470317
0.181399908429285	0.127687118867493
-0.298640703920355	0.237413176098314
0.617810807158558	0.573884385542487
0.294669620325618	0.229140922317883
0.104763347283701	0.0740364034986795
-0.107616444785959	0.0823793061764623
-0.35874606176488	0.230128359214925
0.512887991688242	0.436697103672068
0.56422737419145	0.389555636326398
0.0186333673940162	0.0125386230495905
0.681111391978709	0.550473937505231
0.234217042819429	0.135554715301903
-0.791991904254684	0.630597832764327
0.838274447403973	0.876904626318797
-0.389876979031048	0.276305805054114
0.294714603155384	0.229169576232703
-1.22602184312742	1.32059127842871
0.181445038128079	0.127712516882967
-1.52279726164333	1.22119015236707
-1.54132327870469	1.51567162543869
-1.15405222785345	1.32561153028409
0.083724801635145	0.0560660094490698
-1.03394308249163	1.19996492680522
0.196595378439059	0.145823539637778
1.76254736528402	2.87238805482642
0.769757873763193	0.71343453825599
-0.224309396879475	0.149251198329982
0.232267608148299	0.197728601969735
0.142052828198632	0.0888586735653421
-0.0489670362588258	0.0267049448325151
0.234396349619033	0.13565353178987
-0.217390097066543	0.161055583465922
0.294587209103664	0.229022015878345
-0.579233535502349	0.475321044301583
0.769730612762067	0.713415955765321
0.564219760700014	0.389503994927409
0.617786041208643	0.573801635694511
-0.235567724001161	0.138125157356038
0.234194106334154	0.135535242488063
-0.284956420891694	0.186195211610187
-0.732051484142669	0.441276325037825
0.178344142351158	0.0879130866885018
0.0479285507635982	0.0241829353640545
1.64862513625352	2.22520589404664
-0.10061457138053	0.053506852680468
-0.413815629625469	0.320996865707269
-0.351737144610455	0.276443296639625
1.15466426704745	1.109180653183
0.232057765156431	0.197481293359902
0.617370469957805	0.572799146990079
0.968694022227397	0.894747914864557
0.0585726739901592	0.0370012414493682
-0.351885259910382	0.27654933252032
-0.487633965163832	0.372797634315868
-0.39576456830917	0.361393253380033
0.0585288005378674	0.0369794101178088
0.196640192867553	0.145850329153101
-0.981612892288779	0.890911942182745
0.294583424130792	0.229073862185232
0.497262814943253	0.461803697327511
0.387255709282983	0.203530837713989
-0.732192865670734	0.441473163114747
0.564519365410335	0.389682043346549
1.36202299036526	1.19684698041237
-0.00486435955028876	0.00225474722485634
-0.825313591982397	0.599686009158765
-0.57332012496169	0.392249174858518
-0.792005881270846	0.630719515069575
-0.235316786021102	0.137981180349472
0.681293034901226	0.550472011957838
0.0478951238309963	0.0241632634006464
0.490834808022159	0.474144402512535
0.558738520262398	0.623929027769591
0.681073955458979	0.550371904052352
-0.298819792768916	0.237629149708486
0.584644909741346	0.379823349107698
-0.433380803591891	0.364749116803
0.711915228195204	0.546557048928131
-0.823839923238086	0.815804916582811
-0.0490338844054316	0.0267263919470892
1.36216788507174	1.197393867706
-0.719739672466919	0.767435441902361
0.399591436244457	0.245265409014508
0.142024289324118	0.088834502541531
-0.701847768714309	0.470882504514928
1.45004882609784	2.26108946237386
0.318863951754574	0.294966170112902
-0.487900342715734	0.372935930454834
0.294538374539166	0.229025751018913
-0.235633969753603	0.138158999099977
1.7211940026025	1.34718905247286
-0.131233499060858	0.0901795833894835
-0.0759270521319743	0.0473049630283594
-0.57685903938328	0.434149334010838
-0.119651523577888	0.0731394835730531
0.23420176261692	0.135550725555505
0.234283713697625	0.135588951948784
-0.285113899572739	0.186378443168237
0.584705454785635	0.379865393865165
0.796412479760492	0.546083725081917
1.02254337690942	1.06672432955016
-0.46180379631588	0.447194798538992
0.399715905368462	0.309723545765256
0.264588433083303	0.174461165469055
-0.581445233475472	0.516161294976395
0.400555465229224	0.40052760637289
-0.35874606176488	0.230128359214925
-0.579589984762935	0.475503009952037
-0.131229843447008	0.0901553241915127
0.533088084526954	0.410953314616359
-1.03399427706876	1.20006738094579
0.0186794610530569	0.0125692209146826
0.323987154456627	0.31129512814758
0.276609133537466	0.193488659541977
0.399460747825954	0.309473285617717
0.318753341081774	0.294849201216238
0.617720241602737	0.573715772312548
-0.732078312418509	0.73290941491741
-0.957539202674234	1.23752287917278
0.116428702122489	0.0682030568622803
0.504568393616827	0.449352796932866
0.123576851992187	0.0918225846901138
-0.843948010151299	0.995706779936987
0.399710637986493	0.325416869101514
0.0291702650513206	0.0172963921370407
0.105049535557678	0.0742481845089258
-1.01102922292255	1.04682659260225
0.740536361273309	0.71628986382389
0.658631712743402	0.737978275646015
-0.648402903842239	0.696299714495301
-0.966988861241201	1.0675631016747
-0.252994893935677	0.203314471075694
-0.471978146574559	0.32890563973062
0.0636387937309043	0.0473405910068281
-0.791991904254684	0.630597832764327
0.0289295329639315	0.017156171874967
0.399190814322264	0.261121611043745
-0.472061788963516	0.329033357464412
0.617502256342092	0.573298974215741
-1.14910064262996	1.17260449505332
0.711981637507327	0.546618402945273
-0.0395089598661675	0.025056610537209
0.209798843400853	0.163328842500279
-0.282054566296922	0.244000271193359
-0.0628901849100043	0.0443770327536683
0.181506676501752	0.127761413863331
0.123576851992187	0.0918225846901138
0.307663275138323	0.262180489483787
0.372838340462595	0.176172443452236
0.96343137288018	0.736917816316698
-0.788353018666431	0.414337941238971
0.399690400102612	0.24532046887855
-1.0674633720414	1.02935545738054
-0.788464314880281	0.414424326723021
0.264681545443047	0.174556420254131
0.264839243230254	0.174643300198965
-0.529671795640097	0.574617889353049
0.399427771188148	0.340575593841657
0.656474191422756	0.55679220859136
0.294645163033528	0.229086086473286
-0.322074100214376	0.231931358442459
0.675001697021835	0.730898880766057
-0.525113844330855	0.537771216372175
0.34327195640767	0.388865041015757
0.083503731628119	0.0559134923078252
0.398705026911756	0.276915459656852
-0.579085619235567	0.475083606385818
0.141946747916864	0.0887830221731782
0.398926616585652	0.260959883765235
-0.235316786021102	0.137981180349472
-0.235449075529597	0.138051915791987
-0.259983319151432	0.131130647219833
0.211857686193715	0.113839275081236
-0.327336309025416	0.12958353525551
0.58488846568727	0.379922298196432
0.564496374275452	0.38968806074679
-1.27056950611993	0.885278385976038
0.546895990778706	0.399626688998168
0.399660064812808	0.245317382260872
-0.824875569768949	0.599111080191056
1.31626800442765	0.58951227776968
0.398978869716779	0.26101254726313
0.735555092463728	0.881611917466337
0.399476199694111	0.340526317214485
-1.21631024932955	1.61770491070671
0.0290370556228624	0.0172206399698484
-1.04462293069808	0.875080562846637
-0.578988840358499	0.267264150644971
0.399497104185646	0.325254990433101
-0.665666730706743	0.583795320835331
0.128862234571198	0.0572251923644326
0.852778255844793	0.546757450411459
-0.235277367771546	0.137916302412677
0.0856635463965309	0.0467239502969187
-0.00460590115827881	0.00213630146959521
0.399300543085002	0.355279004697416
0.034436988347462	0.0268245618311781
-0.235501547146439	0.13807177886782
0.142131685932888	0.0889044303481582
0.796649935663657	0.546481330595372
-1.51103979127099	0.926788464095544
0.803982942164289	0.712290972688709
-1.28389886152937	1.61807398032865
-0.732192865670734	0.441473163114747
0.607107860141163	0.368108325103569
-0.84751494297264	0.353113627072122
-0.184393374089649	0.0790787932600563
0.0617424742393982	0.0239084459082885
-1.40190822494449	1.05042639207658
0.365795892718222	0.150333644094674
0.234485925762261	0.13568717529672
0.264695320532999	0.174570131584808
-0.314860307033359	0.180368484619287
-1.44938339197614	1.34681940197719
0.273744469482446	0.280792814736703
-0.305924612990265	0.282963040472196
-0.212829325640673	0.172681034517829
-0.282122133902362	0.244105359656185
-0.212619627852442	0.172495534098922
-0.71991329862951	0.767741789537337
0.0585288005378674	0.0369794101178088
0.0186131411471097	0.0125249060305687
0.307793499131747	0.262253970754879
-0.0346541807780936	0.0247291063008682
0.588762381244179	0.591992906081422
-0.21747622332068	0.161139158750961
1.07095270783245	1.70901766610056
-0.585321922588057	0.5953281422996
0.588415896226597	0.591384206504382
0.104936634058545	0.0741646617346708
0.0832901482158074	0.0557734875345424
-0.100345964860746	0.0533501486030699
0.621540678464228	0.764612084624534
-0.433446223556604	0.364800652337892
-1.06754529803915	1.02935372906116
-1.0675179913994	1.02948100786859
0.301711073715884	0.245931889158004
0.522385826382764	0.42384874536182
-0.173621071576	0.117433649679011
0.838233482129389	0.876845308069539
0.0345281267619808	0.026896908865721
0.0835487526622134	0.0559518379536002
-0.130971422385491	0.0899710371539595
-0.039353128958727	0.024952962953098
-0.585025356951795	0.595283258394712
0.39911149736699	0.261109190448986
0.606854759600209	0.367937503742949
-0.701931635787829	0.4711048335323
0.0834213626748523	0.0558700760786796
0.838410208480681	0.876799658899346
-0.577109715356513	0.434343995222223
-0.167738302724452	0.0869260433210468
0.209804641210926	0.163375302753225
1.24599073942208	1.14585313470885
0.178329729181954	0.0879236922445928
-0.433466919585418	0.364819102057598
0.39927558823212	0.340363933062622
-0.579107606565021	0.475099010712088
0.209738258855914	0.163314651146803
0.398699599724174	0.276876204370318
-0.568396967748075	0.349891217652604
-0.167822568183777	0.0869921519796813
-0.968152752066219	0.567121503023109
0.211926139913565	0.113876387771514
0.250381694419324	0.154976057741892
0.387618551364921	0.203775351678185
-0.00647290097493442	0.00361346614744142
-0.674820100668733	0.545683412508346
-0.390037371011563	0.276419788363124
1.15467757714598	1.10920392728072
0.163564873806924	0.108792680582514
0.264537573070616	0.174438139402009
-0.107362917274733	0.0821835404654891
-0.461717969634431	0.446967926105969
0.058443790022945	0.0369248768508539
-0.571974814230293	0.312696668009941
-0.00477832280722481	0.00221735527016294
0.398978869716779	0.26101254726313
0.116079809133871	0.0679706059801629
-0.0628036961608441	0.0443159983603137
0.211865671605164	0.113835246684773
1.52771264725973	1.06666096129644
-0.0790660786633357	0.0354934239501734
-0.0791731085684495	0.0355323931006965
-0.449925186703134	0.282727938805913
0.440742619385608	0.120469713008539
-0.568549525224171	0.350166151783107
-0.391603095504156	0.191462066890932
0.128731299422086	0.0571633654848292
0.56439909771469	0.389627774542729
0.803992347414343	0.712287188803804
0.533245913804934	0.411170667653861
0.116140343707943	0.0680159834349419
0.588727874802023	0.591931914912828
-0.2988802591657	0.237699342993491
-0.171900614616488	0.103015029122361
0.522520611124129	0.423929980997001
-0.00482134538163185	0.00223622028267589
-0.119544100623782	0.0730686929218244
0.276527333024065	0.193404830580203
-1.74073522297658	1.57544128714462
-0.572081720825697	0.312696224610726
1.30822273219915	0.797691987551502
-0.100532689740455	0.0534621458761021
-0.701885544577957	0.470937287450026
-0.0789404054704349	0.0354352126325418
0.674754866883204	0.730768175625444
-0.585003763734049	0.59524216238365
-1.04438698797144	0.874823359724042
-0.32722589908764	0.129525375152013
-0.260486639341066	0.131500765009026
0.366007693694073	0.150381473436448
1.49700815005011	1.42957154995794
0.398939685964909	0.260998562871579
0.533208825612179	0.411146860046541
0.233940133706948	0.135348023118357
0.178502584419716	0.0880150507571391
-1.35579670478113	0.474613983393002
-0.571624596727463	0.31249828110112
-2.54175943117086	1.70664942539031
0.387249349429255	0.203527671777068
-0.57208742748561	0.312754566699712
1.15013402987552	0.774255798157072
0.211857686193715	0.113839275081236
-0.422428119128095	0.236719234912365
0.504486078480036	0.44921591754848
-0.581731092471191	0.516569258062788
0.140342264680331	0.109336636793216
-0.176118532473745	0.132076880870444
0.522305567160381	0.423753088983688
-0.889646012782726	0.757744848510225
-0.224389641716655	0.149312226642465
0.490914328376148	0.474220464313848
-0.699221543895093	0.833412662069903
-0.0243648333370647	0.0206304988657753
0.123510675531586	0.0917727115904401
0.477781135418344	0.514054984054252
-0.212691791044861	0.172551277167208
-0.146982208353197	0.13017652146064
-0.120927176175232	0.10756985215583
-0.38132268553249	0.395732994742536
-0.868320882219923	0.967754079816769
-0.395815147683183	0.36142893875485
0.490733350239503	0.473965251936256
0.155605516452138	0.126682282570775
-0.518781967082884	0.498625903991734
0.567145318874263	0.612481722369616
0.602410854355225	0.582956863960026
-0.375746133802919	0.319333960038721
0.0423743719128558	0.0300283189520027
0.0184746983988684	0.0124294595948216
-0.413878595132534	0.321065353400636
0.105003155264898	0.0742130464749505
0.1420256374432	0.0888443640776842
-0.119332055713698	0.0729221946382817
-0.472131338862803	0.329112025572246
-0.314837032959884	0.180433066341452
-0.391603095504156	0.191462066890932
1.37272395436852	1.53219799065654
-0.0394638266369213	0.0250273580585416
-0.235567724001161	0.138125157356038
0.398740387622552	0.260752173873558
0.286397472197663	0.211642737890306
-0.217603722736994	0.161225948096316
-0.0487166189222014	0.0265624773793382
-1.23448311547034	1.17077474119754
-0.413985546774724	0.32111240827119
-0.638737757211556	0.763977742221021
0.399513946292853	0.340655839915033
1.36843983381257	1.363788488939
0.512909913035259	0.436711637663413
0.0586739420443678	0.0370658424316556
-0.73236345422613	0.441536831391427
-0.967920770914226	0.56691647468837
0.440742619385608	0.120469713008539
-0.877042886893742	0.577005310114962
-0.939222282586451	0.734669327956872
-0.766440085400675	0.663088444368722
-1.13161168414825	0.867789638280916
-0.787990233828196	0.414043933099704
-0.224418508914257	0.149284999516883
-0.285113899572739	0.186378443168237
0.522226805164729	0.423715611420525
-0.265700655996439	0.194242465070307
0.0834457002913798	0.0558793950734071
0.203976566512771	0.194419226287098
-0.0783678851086653	0.0605111151387337
0.0479285507635982	0.0241829353640545
-1.3204787748606	1.32492339350812
0.399482601711874	0.309510248663981
-0.167814701890377	0.0869867978736486
0.481451554840224	0.50060375747627
0.504441039030717	0.449212629872115
0.898518839798478	0.723517076998338
0.116307687959683	0.0681343944936411
-0.358522758485451	0.22994932308938
-0.732456119062806	0.441453292209616
0.211887954999951	0.113856287486724
-1.1146996213552	0.541121784175122
-0.260422454505934	0.131473076198748
0.085809101416214	0.0468035936787465
-0.235303642562071	0.137970517714117
-0.260343515581359	0.131418537401997
0.23420176261692	0.135550725555505
-0.731958339276255	0.441230120289073
-0.977639368958935	1.37989654842354
0.0585918553379603	0.0370192038447161
-1.40374698985441	1.9269571582048
-0.351888792682056	0.276612510429749
0.116353991523378	0.0681564763741826
1.26774081341129	1.31674960255633
-0.658966717732284	0.622359946087841
-0.00490723824214601	0.00227607344204021
-0.235580834183956	0.138113068151104
-0.8250300816914	0.599077774240489
-0.449544062178421	0.282531156107745
-0.938787529601701	0.733678163180558
-0.184627520138321	0.0791861460962011
-0.176092701762525	0.132037342702651
0.632385395013393	0.755179596772111
1.0820031417389	1.08402208373736
-0.217541678589498	0.161189557587135
1.59491187457724	0.855036907978974
-0.314860307033359	0.180368484619287
-0.327440587999834	0.129669435996948
0.0423814853970688	0.0300328030402259
0.0480130451548229	0.024225429664649
-0.167875201304295	0.0869988913766136
0.853127837722916	0.547021736367706
2.8288292354204	3.07383255877222
0.047887776877987	0.0241619538247141
-0.967920770914226	0.56691647468837
0.681232496495467	0.550523279279906
-0.571850481296198	0.312666676322475
0.399382295130321	0.340494946368489
1.04417132370979	0.75412450860252
-0.746729625092016	0.696883433539992
-0.375751529750817	0.319258535894882
-0.372000909513169	0.429776338999459
-0.411172715165624	0.400458540794243
0.611671314304498	0.7744025657342
-0.131188573518199	0.0901445086009192
-0.0346178706262051	0.0247078734374804
0.163331620179688	0.108614156157247
-0.284946743038968	0.186258778585444
-0.298972855797397	0.237791115055507
0.163416673168622	0.108685956637582
0.196705643804808	0.145898228954373
-0.298906392453111	0.237731703124378
0.399333896174166	0.370184370978777
-0.0488746227041933	0.0266519956042316
-0.766361533159932	0.663054207629342
-0.568473274508818	0.35013698342253
0.398780818069297	0.260842436667706
-0.172096281127519	0.103122102482326
-0.314737975535389	0.180310123749427
-0.0488357677346139	0.0266327969000951
0.264560847393479	0.174447546966387
0.233947696597948	0.135345684971314
0.141945413134548	0.0887896964119642
-0.217390097066543	0.161055583465922
0.512742380105506	0.436490627879526
0.209896916714308	0.16343734539218
0.399507689214496	0.370318211748582
0.399137671090677	0.261102471627967
-0.852604151174065	0.785927542903538
0.387350306201344	0.203615179010527
0.546751032897838	0.399472875834704
-1.63528384391216	1.39548147626719
-0.212829325640673	0.172681034517829
0.564234976882592	0.389578962842842
0.234276022721032	0.13556173235933
0.399652725365107	0.309677096898813
0.632029421257074	0.754512574751922
0.0858222138874829	0.0468112400675287
0.1420256374432	0.0888443640776842
0.584691164752436	0.379856682356652
-1.67000305639844	1.12104617706866
1.49728597774568	1.43022226620935
1.36220611551615	1.19737223627029
1.04415699444182	0.754003890830394
0.130535046580079	0.115154184597599
0.0422295533166161	0.0299196187701161
-0.131123053864947	0.0900940267751824
0.0834007580904876	0.0558533041489546
0.787777449202707	1.03567279446914
0.396306055166336	0.226385658893362
0.399098404404494	0.261088415804529
0.0856766271852479	0.0467288268596743
-0.877169937096785	0.577203324418684
1.15014266729831	0.774326861652598
1.04417132370979	0.75412450860252
-1.40186461371808	1.05084714160718
-0.389823995955751	0.276239675249137
-0.00651948015524466	0.00363872630473713
-0.265528231091648	0.194101021679468
0.838319752008557	0.87697089157298
0.163457954905026	0.108715810889068
-0.581600116981307	0.516448993782105
-2.19317610517767	1.21115236630217
0.399629756186755	0.245296505376421
0.522254066330468	0.423767227511228
-0.351737144610455	0.276443296639625
-0.22431100092233	0.149244423954331
0.0828877352849594	0.064583419822289
0.0186996940277383	0.01258294431161
-0.747075279356882	0.697589302029009
-0.665647710595455	0.58393081140269
-0.131233499060858	0.0901795833894835
-0.235409159682121	0.13803600571538
-0.358509316483428	0.229953272680103
-1.40194851214909	1.05050154752164
0.398909748906723	0.277074306709338
0.141946747916864	0.0887830221731782
-0.11944083957987	0.0729885715376702
-0.389929969887617	0.276359669549728
-0.252801608343233	0.203031479543813
0.141892369815366	0.0887500114785208
-0.791968693252402	0.630667165648645
-1.40188477168528	1.05085158297314
0.715531720452066	0.720512319695876
-0.167891044836085	0.0870165131143139
-0.314982198182125	0.180510673545541
-0.173832089409108	0.117617618957449
-0.31484487118018	0.180441066493249
-0.48758268181141	0.372653481611746
-0.00635228232034153	0.00354698853506701
0.083310726233582	0.0557878799429237
0.0582544538747471	0.0367935906124995
0.181399908429285	0.127687118867493
-0.487685272428646	0.372768928036691
-0.487714193016348	0.372872010913352
-0.583576043533161	0.556409517844478
-0.265376414704092	0.193936765237222
0.0289295329639315	0.017156171874967
1.1201539683569	1.2573094381826
0.56718956615736	0.612579674430369
0.533185558195406	0.411110623257971
-0.00648246208559319	0.00361788921927842
0.40033938387716	0.400197969264354
-0.314951765219021	0.180492172724413
0.52233282678723	0.423828576929694
0.399652120253719	0.245289401469063
-0.100696563025694	0.0535453328515396
0.0184746983988684	0.0124294595948216
-0.298574323173173	0.237309310939183
1.03211615560474	0.911081852028009
-0.100629944992226	0.0535126365530659
-1.06751625548531	1.0294800228211
0.116079809133871	0.0679706059801629
0.845860264717128	0.715059134269568
-0.461890996480612	0.447368345255789
0.0836798966654316	0.0560367801362806
1.14984851939824	1.429670826661
0.917387016073702	0.884568233999964
0.399538104929595	0.325297140047321
0.373074051711785	0.176294168822822
0.211865671605164	0.113835246684773
0.399222543011287	0.355292590484285
0.917411636143412	0.88466355355712
-0.285090593703859	0.186376827935707
-0.934036220048153	0.914018836599402
0.715535597757753	0.720290872531316
0.750918451769797	0.546500400749536
0.532944050487101	0.410601365428437
-0.285355074499555	0.186488581381283
-0.0762015118849249	0.0474673183992111
-1.14264716589991	1.020621151012
-0.039291406409105	0.0249159502087351
0.399320966654503	0.34043004569733
0.398751303919128	0.277008501801979
1.08193336353027	1.08399928718163
-0.747006414651001	0.697678094612967
-0.572990344273574	0.39206853349588
0.399542940036478	0.245217361896434
0.838315392185046	0.876801824505297
-0.791922270637053	0.630589539613816
0.0291429888016969	0.017280972797924
0.681339313510727	0.550400961144311
-0.28498370230448	0.186287806202676
0.116414508098209	0.0681924531426653
-0.56850361312045	0.350137185021699
0.058506856910663	0.0369659911939458
-1.14897776327771	1.17261692411578
-0.00484279931117502	0.00224682304483335
-0.487473524259171	0.372519521506379
0.141865183765722	0.0887267375760719
1.26776393717793	1.31667991034522
-0.0759270521319743	0.0473049630283594
0.0290627520003243	0.0172349600444844
0.845952734120206	0.715189374908091
-0.260156391781438	0.131292845356396
-0.314768381769117	0.180349988527173
-0.897301205558619	0.939970942027738
0.163606102560209	0.108818672900978
-0.0788395206722486	0.0353837508560663
1.54374376792665	2.15477945044847
-0.391707819032516	0.191441091636894
0.21178923311276	0.113786657240428
0.141919557864797	0.0887687130470317
-0.653520699235575	0.660012762681798
0.512824885374524	0.436647875751912
0.399274595359605	0.355360841496723
0.181551804261509	0.127792825572201
0.740473234131663	0.716223363511951
0.398956040914501	0.277132929710772
0.140421833819028	0.109404273443709
0.209758456177988	0.163326009705207
-0.00833713011532937	0.00537350785301406
0.0289583677449382	0.0171730144127463
-0.658595338348797	0.621955343661036
-0.719732553016427	0.767524505470819
-0.0394843834563926	0.0250385463580607
-0.433336122325977	0.364703762729005
0.399493311157774	0.340648530554729
0.838381210463072	0.876877729957073
-0.253147483103661	0.203475468702817
-0.472205907833513	0.329124538961589
-0.0488089875965929	0.0266177615123385
1.12030004251093	1.25744286931594
-0.351864597228269	0.276566926076183
0.0856373726497179	0.0467057526082143
-0.766281321352695	0.662925995029655
0.211880101492958	0.113837225827733
-0.358536204185177	0.229923387816294
0.838294922356215	0.876874066340018
-1.24520758231297	1.02194211579956
-1.0336581794351	1.19991646024318
-0.708906064590303	0.801087862695575
0.906660817922014	1.19617708861348
-0.298753355261292	0.2375541341631
0.0855841566218966	0.0466768866551627
-0.351692342607298	0.276392188441944
-0.22431100092233	0.149244423954331
-0.119598493637038	0.0731100910843556
-0.0628729009368754	0.0443670404114468
-0.766388829064612	0.663040642355053
-0.674738461858098	0.545560938008652
-0.390116190617883	0.276471622817521
-1.08445219983833	1.18435363304479
0.196767667011899	0.145959372103871
-0.322244113029841	0.232093565796801
0.123458078786281	0.0917309319304603
-0.889873267452747	0.758353213221804
-0.389875558702191	0.27626357840334
1.18692672944678	1.28188006485585
1.28492872439803	1.48968342793261
0.490863603511581	0.474160698559786
-1.44925375376069	1.34614032170753
0.617851817463887	0.573856535275848
-1.22587415147617	1.32018118860644
-0.449328790336753	0.407000668559091
0.512781049904591	0.43655611193485
-0.472205907833513	0.329124538961589
0.294538374539166	0.229025751018913
0.142080020952605	0.0888683874079472
-0.674871628706367	0.5457500837636
0.264755643837087	0.174602748105253
0.398941805303243	0.277111850128745
0.53323209335637	0.411160796994751
0.399497104185646	0.325254990433101
0.042330840524158	0.0299958982139038
-0.747006414651001	0.697678094612967
-0.217517602207641	0.161171641212651
0.504395950512197	0.449166470865585
-0.0761164605046595	0.0474209476110106
-1.44906962486651	1.34643416861096
0.163436065309358	0.108691569460196
-1.23433946579219	1.17062730393621
1.11255166293503	0.937740334633732
0.211918251717271	0.113865661807845
0.141972601536965	0.0888084008407711
-1.00962268959251	0.719542660462454
-1.14251710650401	1.02031777514858
-0.413900585107279	0.321072021268116
0.0858353222994158	0.0468161299105287
0.399535611406082	0.245209094708849
-0.235303642562071	0.137970517714117
0.681111391978709	0.550473937505231
0.233932560005529	0.135341786270877
0.0835524868560745	0.0559590557469043
-0.389769583320189	0.276143628521976
-0.358719266708361	0.230082368721598
-0.224256440322004	0.149207271874944
-0.686564529117942	0.508078747495984
0.75093310637041	0.546451336382571
0.178516903518293	0.0880037907558754
0.399649092630306	0.325420637325106
0.84570186165398	0.714707974518527
-0.167784410327834	0.086973154849
0.399591436244457	0.245265409014508
0.874609172878749	0.87936817253218
0.276474328877052	0.193352422934333
0.584797854611504	0.379914775785752
0.838212991807193	0.876753983698396
-0.0487568225975182	0.0265874476193196
-0.843565487576229	0.994544030415286
1.17339807774041	1.59821701108248
-0.658856639279355	0.622339256267809
0.116489195276326	0.068231887094166
0.512827443679135	0.436556749991168
0.512679185136285	0.436374121324942
0.100312144895036	0.0816481390639939
0.123703451818997	0.0919061352472411
0.512717942030779	0.436484312176886
0.250948695010872	0.155354599639248
0.0834831467970995	0.0559063479499675
-0.217303976464864	0.160958268557395
-0.0946461025916477	0.065946218902393
0.893017506561415	1.03969156702207
0.163438542313277	0.108699687883226
0.680897744133689	0.550020700954404
-0.577220522818232	0.434414779982828
1.36839950230927	1.36376987050119
-0.285248168671169	0.186457788970571
0.632160133035675	0.352652701983811
0.674783679705547	0.730735243324967
0.860872259841323	1.03505656752825
0.606732450583422	0.367923078259537
-0.034675820202948	0.0247470093420933
0.301344370799203	0.245617339214261
-0.267618651288479	0.248809780245579
0.71544146612752	0.72034999379427
-0.176606956544091	0.14445349197606
0.19685380283064	0.146009635228567
-1.2343628492197	1.1706896552133
0.0425623026149858	0.0301570162079226
0.917465989348843	0.884742054533541
0.838299255605635	0.876921147738516
-0.0760120659596625	0.0473565155075544
0.399579085160327	0.325279607888137
0.399161216342137	0.293259882473176
1.30822273219915	0.797691987551502
-0.131323497584907	0.0902285493862359
0.756102708129004	0.877963100940823
-0.217238565667835	0.160891715287467
-0.471658356898735	0.48553377526774
0.399333896174166	0.370184370978777
0.973976557488727	1.21074974660252
0.399755253715317	0.340777142040555
-1.36910456074075	1.6280908209131
0.0635750301668646	0.0472982104906535
0.232079895927148	0.197473922674975
0.658205129771268	0.736752705981877
0.522414617894451	0.423918668845377
0.399161216342137	0.293259882473176
-0.0757159147478549	0.0471597621039468
-0.389769583320189	0.276143628521976
0.209784434728169	0.163357596997261
-0.322117960194991	0.23199093386192
-0.00623169814283398	0.00347992391678904
-0.391473290236428	0.191346105669389
0.250684905061533	0.155242539654961
-0.0488223758110372	0.0266260448981406
-1.83886904840497	1.75848574830624
-0.0394638266369213	0.0250273580585416
0.141997104178952	0.088805963956645
0.504592859831749	0.449371582331686
0.399241455715525	0.293334087412803
0.399019063877058	0.261052466805314
0.632055174789326	0.352583555456159
0.276527333024065	0.193404830580203
-0.224203491251128	0.149157174432024
0.533255361430788	0.411152401885777
0.399098404404494	0.261088415804529
0.250829565904853	0.155311776681559
0.142131685932888	0.0889044303481582
-0.389796790631925	0.276201776044944
1.21231527031093	0.971317789997125
-0.171952098581378	0.103047850133584
-0.487659615823777	0.372805015575226
-0.0393570556733211	0.0249591729553041
0.116368199676192	0.0681703696479722
-0.00833713011532937	0.00537350785301406
0.211895891785283	0.113859386997973
0.234232279831925	0.135519937396651
-0.358509316483428	0.229953272680103
0.399080971909257	0.293155310902524
-0.235435967724642	0.138018567539765
-0.413837630123317	0.321003545361389
0.029009781927305	0.0172044213737388
-0.358574770830738	0.230008355533989
0.497262814943253	0.461803697327511
-0.224550146185248	0.149390211458941
0.155572330746611	0.126748303481003
0.0583149051578514	0.0368318961283732
0.874502253673663	0.879136385409782
-0.449544062178421	0.282531156107745
-0.175670992754199	0.154780868350666
0.318792031546661	0.294896898581203
-0.510395751096544	0.457976707873332
1.06410823467042	1.23860283610903
-0.449454684785548	0.282441571160091
0.0188008214025084	0.0126441232628494
0.294407038695227	0.22887334771293
1.4811556910916	1.58965657229304
-0.284970053545889	0.186273402942853
-0.0344081561738779	0.0245554787313122
-0.0345166891399515	0.0246353687525861
0.504441039030717	0.449212629872115
0.898541649291977	0.723418983530821
-0.939103514139768	0.734154207204953
-0.176098300794053	0.13206066315773
-0.0759928025280038	0.0473296290751159
0.029009781927305	0.0172044213737388
-0.500011585210668	0.415763046521763
0.286438632184769	0.211674618036817
-0.0944467336337251	0.0657926616464486
-0.0395089598661675	0.025056610537209
-0.48776714051348	0.372911243742093
-1.49899237309407	1.94903216306393
-0.176210775370144	0.132134006481274
-0.322222202454651	0.232070845187278
0.399567666730592	0.309608506043698
-0.314936050194936	0.180496880170545
0.294710796292474	0.229138984756534
0.221721058948961	0.180716679234721
0.181182218714402	0.127493819732171
0.485739888112208	0.487224776786363
0.181510684378831	0.127754602640539
-0.766281321352695	0.662925995029655
0.399377474592512	0.370218326516566
-0.139750337277477	0.105936073017397
0.833140332542607	1.03320656719824
0.735742980326315	0.882175749826494
0.715424940374208	0.720334444681076
0.399355379932074	0.355448893685482
-0.0758008970647359	0.0472191690492665
0.209850794760168	0.16341255471696
0.779785323019797	0.876278188632412
0.929618839139104	1.04573055093994
-0.577243841077986	0.43444600952321
0.522331308640464	0.423669359400647
0.398918661272857	0.277122050938888
0.588415896226597	0.591384206504382
0.512717942030779	0.436484312176886
-0.0393816506771032	0.0249713880146857
-0.686591528873148	0.508125343240681
0.512890604080954	0.436628609779828
0.0289310925154956	0.0171575933732068
-0.0759270521319743	0.0473049630283594
0.769916900057583	0.713318188138201
-0.389955764282231	0.276364109155234
0.387686875825049	0.203780516144307
0.635734111800497	0.565150333147693
0.264514299081248	0.17441956112755
-0.824964638019071	0.599304485288219
0.398811843473839	0.277059701974975
0.846124294069892	0.715169985531734
-1.04453070585904	0.875000983365389
1.11237855832652	0.937463227606808
0.0856897039185628	0.0467307539129102
-0.791885092082105	0.630573386077958
-0.322304707507299	0.232048767498432
0.917440096388044	0.88467261828141
1.03238059025585	0.91136476035372
-2.2776150608574	2.09462450594487
-0.433490984422864	0.364800092627028
0.681180788427265	0.550311034819703
-0.235145247146307	0.137839576861201
-0.260422454505934	0.131473076198748
-0.00460590115827881	0.00213630146959521
0.968656580278954	0.89475746323902
-0.173684071198386	0.117490323446169
-0.224416920480156	0.149326489856746
-0.173917091531538	0.117682478952323
0.0288250995353104	0.017091994259572
-0.957539202674234	1.23752287917278
0.286441304904925	0.211652348109424
-0.581665593423552	0.516518270211858
-0.0487956030897302	0.0266078382724499
0.029009781927305	0.0172044213737388
-0.0345672803212532	0.0246719424286902
1.12038742061257	1.2578398543556
-0.00649619072655505	0.00362618846728953
1.580158752758	2.71256022765079
-0.0781851696416379	0.0603493869635877
-0.433339404911638	0.364647659624483
-0.731925384433081	0.732680480598904
-0.6436664849654	0.731091976989806
0.533208825612179	0.411146860046541
0.533269183355893	0.41120691108276
-0.119465260841818	0.0730241295804546
0.0857428988252296	0.0467687674262433
-0.472108155766521	0.32911275292109
-0.389876979031048	0.276305805054114
0.0855177827123777	0.0466323453857927
0.1420256374432	0.0888443640776842
1.83315828662451	1.13934562501173
-0.322011037157674	0.231866624991855
-0.351823286685247	0.276549016111137
-0.766281321352695	0.662925995029655
-0.889789726075743	0.758188605908356
0.644565520440631	0.74619652415854
0.209983467755571	0.163503994054954
0.497169847328083	0.46170089558252
-0.17191476584973	0.103033463272345
0.264658266871447	0.174547011346903
-0.686670269083675	0.508235697146491
-0.10061457138053	0.053506852680468
0.39899192284154	0.260983107314941
-0.581882784918509	0.516649683252567
-0.577063067083383	0.43440075790853
0.264718600927762	0.174588722278937
-0.00631528212526665	0.00352626021625771
0.399386507498078	0.340517384533603
-0.322351038261174	0.232133263902682
-0.173750001371629	0.117554131790799
-0.852519190369605	0.785826602283405
-0.449656806802103	0.282594576641388
0.481528976921163	0.500650906640199
-0.0627578962701626	0.0442776535301888
0.0835075465371211	0.055929965895347
-0.139721466554896	0.105919060593926
-0.933825598331623	0.913722165965181
-0.171900614616488	0.103015029122361
-0.686564529117942	0.508078747495984
-0.28223685747382	0.244226922956707
-0.766281321352695	0.662925995029655
-0.573240926487898	0.392222681911879
-0.322032975668386	0.231903465341743
1.36849204134042	1.36372654826103
-0.0759051448786092	0.0472913722500453
0.399640462504326	0.245290629353771
0.141812133034718	0.0886832257263414
-0.358482443566859	0.22990725334661
0.276824218838666	0.193530280791108
-0.791982672273346	0.630647826107759
-0.389904182000159	0.276324804610237
-0.00477832280722481	0.00221735527016294
-0.686656780325162	0.508238057982816
1.08189624048137	1.08398163423465
0.399267318521548	0.293356816796475
-0.358719266708361	0.230082368721598
-0.172035766830778	0.103097356983146
0.547054115670868	0.399650094146324
0.558826833411611	0.623940197407883
0.874670173944602	0.879514467652847
-0.00643587924542967	0.00359301632558093
0.294583424130792	0.229073862185232
-0.0491385627932144	0.0267957601177499
0.485566478106974	0.486902531137918
-0.422299294346764	0.236652215203968
-0.472001332696941	0.328991717662355
-0.265659552066275	0.194200980313433
-0.0394843834563926	0.0250385463580607
0.250579140813568	0.1551468753094
0.31869794449516	0.294708502928391
0.0833067464919283	0.0557656443889926
-0.202417996863095	0.189750500087548
0.0834007580904876	0.0558533041489546
-0.284909796442049	0.186208505440676
0.399861480506268	0.309716844498124
-0.0759270521319743	0.0473049630283594
0.100312144895036	0.0816481390639939
0.0829383734450413	0.0646204591015219
-1.06754356591929	1.02960059011662
-0.37611789372204	0.319830380127324
-1.34512881942882	1.771294036392
-0.176806542179563	0.144644924842262
-0.176828035679304	0.14461246902062
0.313422209721872	0.278508852576411
0.242201410397855	0.214856972470571
0.104696791120862	0.0739808215885563
0.307663275138323	0.262180489483787
-1.32066319854505	1.32508644215251
0.234209408113983	0.135557017197127
-0.0488491633688526	0.0266379092504318
-0.87719241026191	0.577211271023757
-0.0784118451718175	0.0605417325939269
-0.487606675292995	0.372750836390607
-1.24519955622981	1.02234001569233
-1.15383587859979	1.32504823917929
0.234209408113983	0.135557017197127
-0.0345598986343283	0.0246651748908364
0.307576939753919	0.262077833972557
0.209824845208252	0.163386666584506
-0.967228266612289	1.0681833497165
0.264802209253012	0.174630751522979
-0.235594716867071	0.138094181718978
-0.518753112030221	0.498672250566921
0.250684905061533	0.155242539654961
0.522228307050352	0.423705860585646
-0.107522092874922	0.0823209484087148
-0.139613067041843	0.105826997743172
0.399161216342137	0.293259882473176
-0.686656780325162	0.508238057982816
-0.585126476792244	0.595416978000577
-0.89775868459785	0.940066612727466
-0.433229306429822	0.364569367373766
-0.224201871592973	0.149134584073347
0.221504206323728	0.180549472074024
-0.00904460076360904	0.00652159510104995
-0.265417598331787	0.193999504196372
0.400688679103989	0.400635501846007
-0.732017763398792	0.732611827506294
-0.176806542179563	0.144644924842262
-1.14276782971979	1.02075219205701
-1.01096645783614	1.04668877277751
-1.01107344162228	1.04661310520642
-1.32047719876855	1.32471617945953
0.504395950512197	0.449166470865585
-0.414045673528618	0.321172019975283
-0.23539602597155	0.138035568356171
0.116475015422518	0.0682251413948048
0.769703353807297	0.713361334384664
-1.04453070585904	0.875000983365389
-0.00477832280722481	0.00221735527016294
-1.234519884328	1.17067606353664
1.83627284421644	2.16700443661645
0.387350306201344	0.203615179010527
-0.571518586146758	0.312432773778368
0.917252398243405	0.88435030569052
-0.674711244937035	0.545413343996195
2.0256065862231	2.69224493177161
-0.1738760053631	0.117653995479651
0.234299063326123	0.135610764338717
-0.235303642562071	0.137970517714117
0.845754967420128	0.714615670450483
0.937922867742133	1.2017399436275
-0.889873267452747	0.758353213221804
-0.510401610216069	0.458013745084803
0.852871940568314	0.546825607663817
0.276527333024065	0.193404830580203
0.307576939753919	0.262077833972557
0.116391353791918	0.0681832637592717
0.399182182318472	0.355277455143884
0.0857559934226779	0.0467736506521512
-0.00839913680988944	0.00541197040704757
1.08201699621029	1.08405169334965
0.807052683322134	0.875733645721576
0.318720108961213	0.294807481673212
-0.658773772760627	0.621886542336025
0.512720494873722	0.436496706680383
0.485739888112208	0.487224776786363
0.070244409807951	0.0594226489831053
-0.298753355261292	0.2375541341631
0.39939033875405	0.325059422156716
-0.0784399084616426	0.0605682644524867
0.0186996940277383	0.01258294431161
-0.322266028375118	0.232102188709418
0.18135882326282	0.127636987555876
0.681041997332067	0.550340898981373
-0.00464881905447431	0.0021552090576274
-0.391724305318784	0.191524028484181
0.399514837743067	0.245145006944984
0.276475847907459	0.193356630316495
0.852859024632958	0.546883761518186
0.058443790022945	0.0369248768508539
-0.581731092471191	0.516569258062788
-0.322071465247625	0.231740622327762
-0.41394158326969	0.321121824292564
0.5469750709594	0.399657450057087
-1.32058459013928	1.32515716760403
0.232190237180697	0.197660148864657
-0.38995717249119	0.276378670243734
-0.358732662393978	0.230114354749903
0.0585918553379603	0.0370192038447161
0.399055083123292	0.293101037531056
-0.131233499060858	0.0901795833894835
-0.00825098414165935	0.00531839236576663
0.232300730347546	0.197757644464907
0.23410444750179	0.135473731879832
0.522413088300921	0.423900372981617
-0.131212887277098	0.0901629643677175
0.294673375873504	0.229110931899698
-0.00844394019625501	0.0054410827867448
-0.39008898908593	0.276452622310432
0.929672042176815	1.04476549174028
1.78861902625252	3.27161359136567
-0.212648600695035	0.172525653603284
0.013786571263954	0.0102662633047047
-0.265483188904491	0.194066813915525
-0.500207656082033	0.415987796217914
-0.449454684785548	0.282441571160091
-0.868391771318661	0.967731784005976
0.196550516671539	0.145785143711548
-0.224442612976316	0.149344680362211
-0.167715939625543	0.086928424290891
-1.3206647456407	1.32506083168626
0.75090690912795	0.546464500138251
-0.665773692590593	0.583973930211519
0.264491025422571	0.174391433604047
0.398926616585652	0.260959883765235
0.533282989455813	0.411145444164639
0.264634988622785	0.174528423682581
0.68102769657429	0.550378261045452
0.399591436244457	0.245265409014508
-0.22431100092233	0.149244423954331
0.0291173019445393	0.017266599974287
-0.265524370552137	0.194087155247442
1.94841338162383	3.23353037584541
0.264588433083303	0.174461165469055
-0.314928072102401	0.180459211008952
0.0289568043675961	0.0171732158028847
-0.100704209772987	0.0535537703395433
0.804029465539626	0.712392747137759
0.0581694010286013	0.0367318767000945
0.711915228195204	0.546557048928131
-0.265417598331787	0.193999504196372
0.674783679705547	0.730735243324967
-0.968160264279937	0.567066206054291
0.711756192821373	0.546272322571263
0.163416673168622	0.108685956637582
0.399279704798467	0.34030803868876
-0.167715939625543	0.086928424290891
0.264621200685865	0.174506228380541
0.181596880908751	0.12781273816616
0.398932894820001	0.277111636861188
-1.14905963299031	1.17279788706179
0.740555611738079	0.716068105432515
-0.487847380520622	0.372927220779711
0.196660861583673	0.145876916455411
-0.791922270637053	0.630589539613816
-0.500355595102681	0.416091805275316
-0.265352152266523	0.193924496597866
-0.172035766830778	0.103097356983146
0.104876294895799	0.0741238703806158
0.116428702122489	0.0682030568622803
-0.487475189289329	0.372536126788705
-0.449835675409196	0.282698812654352
-1.24510261178724	1.02227857312988
-0.746751712943635	0.697087935571018
-0.852626121428237	0.785899865880792
0.307389150922844	0.261767862859621
-0.285067287514914	0.186362204940924
0.181223226269849	0.127531923493743
0.564040217861889	0.389263917430793
-0.0757789679966719	0.047205567072054
0.0423743719128558	0.0300283189520027
-0.351778466969887	0.276492787768648
0.387362897339459	0.203602422991271
-0.732192865670734	0.441473163114747
-0.487688538815458	0.372809546750251
-0.0487300164360545	0.0265724014795389
0.399553130100988	0.245216534651606
-0.665418057279529	0.583588716949427
1.12036780329992	1.2576117944863
1.21244477210216	0.971348728509458
-0.889776252660043	0.758163932303549
-0.390010170761787	0.276421028544424
-0.933803537214648	0.913670596019875
-0.131188573518199	0.0901445086009192
-0.581796614099137	0.516601711635223
1.5622616669366	1.98759620842681
-0.433226154948929	0.364534788045887
-0.217410789822541	0.161083572869334
0.105049535557678	0.0742481845089258
0.155550025489984	0.126721588016276
0.0584629558579508	0.0369341675612139
0.116261385167052	0.0680970995288913
0.806779408953769	0.875536624587988
0.546776887558269	0.399444308869271
-0.358574770830738	0.230008355533989
0.0290627520003243	0.0172349600444844
-0.173687033340215	0.117497462851281
-0.577076671192185	0.434336142010334
1.37881478646199	1.87545844333631
0.116414508098209	0.0681924531426653
-0.0082716539685023	0.00533164399155396
-0.413834628965583	0.320990882717356
-0.298660880741135	0.237436571601599
-1.06735938759764	1.02880675001314
-0.1738760053631	0.117653995479651
0.264467752091794	0.174352348075222
1.58601963972952	1.82444204886059
0.51301413652522	0.436716588525453
0.644565520440631	0.74619652415854
-0.0629304825227409	0.0444087660735971
-0.119359254656873	0.0729448682063679
0.28646056595442	0.211694108651968
0.276848350309234	0.1936137932097
-0.00484278533217776	0.00224382481702178
-1.35672844137063	0.47506664569878
2.4197726624662	2.78502934640348
0.399484495621677	0.245107484705306
0.398806889390494	0.260867793545225
1.02238575150709	1.06666914591894
-0.571737584667295	0.312608565413617
0.0858222138874829	0.0468112400675287
0.504592859831749	0.449371582331686
-0.499924701373053	0.415579714346811
0.52217378315206	0.423624436973434
0.504617240432263	0.449283730072221
1.09685974205195	1.40781389017121
-0.686735568887376	0.508322918373419
-0.184495602328439	0.0791280415311326
0.0291702650513206	0.0172963921370407
-0.73228569888236	0.441519104636812
0.398690755140477	0.276941906629452
-0.00644961089764576	0.00360056110007621
0.533194990916055	0.411068231065921
-0.732114848484512	0.441422043241892
0.512827443679135	0.436556749991168
1.03214221452611	0.911241377499726
0.196488573086585	0.145704761945943
-0.766520318870356	0.663134379752832
-0.00473520578037929	0.00219591531042473
-2.54131616276532	1.70583807999397
-0.579004253227954	0.267391767117248
-0.285007010964892	0.186314582604357
0.178300949641365	0.0878996403275426
-0.32230722459072	0.232131766985263
0.116368199676192	0.0681703696479722
0.0478981651999103	0.0241685434406286
-0.653408914392345	0.659917412289735
-0.131102415469497	0.0900815453227977
0.196332871389009	0.145556053821173
0.0290643313532979	0.0172360612881144
-0.299099746273385	0.237875964547515
0.803815672124002	0.711764714993528
0.398886369625052	0.260953947356794
0.490784078728096	0.474064764345796
0.399652120253719	0.245289401469063
0.680958309759776	0.550141531479728
0.142078665577231	0.0888764959093391
0.396240348787542	0.226360026749263
0.546658537699458	0.39936889682843
0.398952751279318	0.261019310889639
0.142078665577231	0.0888764959093391
-0.389849774073474	0.276267896625035
1.36212966873912	1.19733244835361
-0.701893398829885	0.471060653765222
0.313168737043712	0.278230898456734
-0.171998424677568	0.10308111895244
-0.571505531550015	0.3124149088738
-0.314905683790335	0.180488007236133
-0.235462187373492	0.138072780517714
-0.449462493686468	0.282465667764756
0.0479285507635982	0.0241829353640545
-0.571737584667295	0.312608565413617
0.564324718997456	0.389655936649954
1.2460805514049	1.14608745729724
-1.13158109042507	0.867766686637026
0.0616700182489409	0.0238789606093496
-0.00793643439331131	0.00260858291975344
0.234306721965948	0.135608476227016
0.806932191468483	0.875913064305985
1.21233708646883	0.971304917656255
-0.35841702097782	0.229858290125378
0.712007738259608	0.546620013704936
1.03207569100603	0.911014000073039
0.838278754077182	0.876829800366686
0.806972845941745	0.876009460002654
-0.00467057234517247	0.00216620810420213
0.23431436981484	0.13559697571964
-0.0790660786633357	0.0354934239501734
0.398978869716779	0.26101254726313
-0.579337614554796	0.475447950640614
-0.732456119062806	0.441453292209616
-1.40188477168528	1.05085158297314
-1.32063595865383	1.32480906247359
-0.571731700161253	0.312583492623591
-0.701862955864654	0.471051609861451
1.15025638771776	0.774418861125706
-0.578888964602768	0.267273812440574
0.085809101416214	0.0468035936787465
-0.284946743038968	0.186258778585444
0.71170412448127	0.545964235032576
0.606573930730702	0.367747138860669
0.0585699011891016	0.0370057778942593
0.769783628750618	0.713437624154362
1.14991009803953	1.42986723711651
-0.572977137866887	0.392068629563688
-0.0394843834563926	0.0250385463580607
0.399624325955576	0.340749213014004
1.92298840582911	2.03861282805237
0.294583424130792	0.229073862185232
-0.389851199294465	0.276258673020716
-0.414026562963196	0.32117309809927
-0.732021846522536	0.441299012127764
0.803982942164289	0.712290972688709
0.588655595562123	0.591917317354838
-0.358693947004867	0.230050693313241
-0.701840167512445	0.470997103993803
0.656258050770637	0.556657931195888
0.522441885682082	0.423905445396472
-1.40154677592005	1.48308983635606
0.963554013368603	0.737102462140653
1.51274755477291	1.26322709321652
0.656047004679083	0.556128267221507
0.963592277608293	0.737012836381491
1.03226080974875	0.911187169845164
0.584691164752436	0.379856682356652
0.968754580273131	0.894745979958276
0.0857298001699369	0.0467611300263588
0.522361610077758	0.423873731893028
0.968656580278954	0.89475746323902
0.276581864658763	0.193470468193327
0.0291173019445393	0.017266599974287
-1.2259369520513	1.32033982974582
-0.285053627335216	0.186330826663221
-0.581489923647832	0.516289087537008
-0.184505553212383	0.0791373504854963
-0.282042558331297	0.244015961920649
-0.00653322317101659	0.0036465042430468
0.116382389556848	0.0681657453416837
0.399293174835511	0.293348093652088
0.804113099523654	0.712433124334927
0.874713866550428	0.879621645016318
0.60223488348175	0.582834974087951
0.963545976406489	0.737152407988497
0.116345045748615	0.0681537780773569
0.294645163033528	0.229086086473286
-0.44972297108106	0.282664634540686
-0.17198944513495	0.103050930947346
-0.171807943033785	0.102948482806925
-0.665499805404787	0.583737580326332
0.250737202542004	0.155249271773575
-0.224256440322004	0.149207271874944
-0.44972297108106	0.282664634540686
0.286166748179469	0.211353953678111
0.874585109278181	0.879300443891358
0.11627031625817	0.0681082454094151
0.68120935990724	0.550510843550439
0.29438648653125	0.228859204294919
0.533194990916055	0.411068231065921
-0.579255505788466	0.475298800982053
0.838270004128114	0.876555126438993
-0.131102415469497	0.0900815453227977
0.286545576800344	0.211745782117452
-0.577026152697648	0.434341282550561
-0.422406829788458	0.236695706877833
1.24608813557136	1.14614110823046
-0.0489013694262602	0.0266701962197787
0.250592487483807	0.155172004789474
-0.00655651078964978	0.00365922616789442
-1.0442948303691	0.874612671953292
0.116353991523378	0.0681564763741826
0.481479337175849	0.500580964322016
0.396262160673801	0.22638646126689
0.178596309255561	0.0880509577055597
0.163649901488386	0.108841103114599
-0.0762015118849249	0.0474673183992111
0.656047004679083	0.556128267221507
0.163542982860668	0.108778932354839
0.0290627520003243	0.0172349600444844
0.14218469850418	0.0889273626107717
0.141839318732247	0.0887064926781886
0.264741881640269	0.174598132091718
-0.31484487118018	0.180441066493249
0.0185814936605457	0.0124989318523775
1.30778701957392	1.83323939379169
0.250671549096301	0.155227427239656
-0.235475303257102	0.138083428952403
0.740709020647839	0.716286685859482
0.656393948036414	0.55682550587557
0.796714735389882	0.546405370933732
-0.852519190369605	0.785826602283405
-0.0487166189222014	0.0265624773793382
-0.573148582352656	0.392220049465515
-1.12691507044464	0.723963263011774
0.635690366690533	0.565096016504913
0.681218217759428	0.550448454438737
-0.576882370471677	0.434180566976922
0.399295830525548	0.293323626553402
0.307294470205383	0.261698340695963
-0.224229156975004	0.149175752312636
-1.83895693918661	1.75894589154175
-0.732036673044235	0.441341043477748
-0.583423356874924	0.556069486240094
-0.791982672273346	0.630647826107759
0.276792241450803	0.193518368633904
1.46252822932827	1.92640432934063
-0.119521028300909	0.0730343003080038
0.211887954999951	0.113856287486724
-0.487741478563822	0.37286372866831
-0.235369770675652	0.138004043591348
-0.510600917178883	0.458201468096791
0.490958226429267	0.474225335041204
-0.358811661251362	0.230151188866686
0.116261385167052	0.0680970995288913
-0.235316786021102	0.137981180349472
-0.433054031066367	0.364298691297709
-0.967009087763774	1.06776186767796
0.142051476455936	0.0888577884553235
-0.0627630293782538	0.0442867975374733
0.234283713697625	0.135588951948784
0.617724551709158	0.573803901808267
0.398834155499902	0.260827743863624
-0.0082268846083795	0.00530268934145092
1.79954683008336	1.7750252306813
-0.00633857803269929	0.00353880115898878
0.116345045748615	0.0681537780773569
0.512657310397779	0.4363802026596
0.181399908429285	0.127687118867493
0.163501719768619	0.108748360137995
0.396132754922445	0.226326677718278
-0.131495936950864	0.0903396643826303
0.804029465539626	0.712392747137759
0.399187088913684	0.293282605618885
1.37261542837083	1.53208511509422
-1.40171654076873	1.05012262395993
0.75083556199308	0.546388049889566
0.0478757935477757	0.0241566119386645
0.31868688663045	0.29475605864671
-0.00482134538163185	0.00223622028267589
-0.265762350345841	0.194215159849115
-0.0047138086914673	0.00218770251866513
0.276475847907459	0.193356630316495
0.181136950513096	0.127448442929082
0.512951075410827	0.436721582636296
0.181354727690782	0.127651068600099
-0.00655651078964978	0.00365922616789442
0.294279698145071	0.228709816547394
-0.00798925563845653	0.00514941018505331
-1.23450649431983	1.17066069656251
-0.766414454254694	0.663108225094003
0.80710453767316	0.876072184225728
0.399538104929595	0.325297140047321
-0.579422604835936	0.475506520812133
0.635607706846829	0.565062488780271
0.25077730949292	0.155295680303515
-0.0758639628706004	0.0472629593014399
0.0857027765973263	0.0467289143416183
-0.0489536777384871	0.0266950254107167
0.522387352151361	0.423910040361166
-0.747243871804815	0.697658653014912
-0.877128198496476	0.577191008258668
0.584751571128831	0.379962887188801
-0.939064223681972	0.734584867529678
-0.358851831535476	0.230135188571326
0.635566301998327	0.564954796623497
0.399640462504326	0.245290629353771
-0.351713017116869	0.276409214357251
-1.36910456074075	1.6280908209131
1.0819798819994	1.08407267577228
0.25052672039259	0.155123588624536
0.196616031972375	0.145843799490633
0.396175686819008	0.226339115191097
0.845952734120206	0.715189374908091
0.250750575245472	0.155274432661127
0.398932894820001	0.277111636861188
-0.0082716539685023	0.00533164399155396
0.398760164897017	0.276958879297906
0.39632692028808	0.226385536728356
-0.00475680929605525	0.00220672361861251
1.49702276078044	1.42961019528182
1.28522416807892	1.48876616730139
0.606854759600209	0.367937503742949
-0.0487434176606647	0.0265806887940662
-0.285007010964892	0.186314582604357
-0.665565860044932	0.583781834448672
0.602148191533793	0.582715754374194
0.635415714223959	0.564719438324633
0.0857428988252296	0.0467687674262433
1.15466426704745	1.109180653183
0.178582044959992	0.0880558495915799
0.399395157517305	0.30924512403438
-0.285104268291679	0.18637524470887
-0.119599857211976	0.0731028704874724
-0.171937931217338	0.103046922596437
0.398939685964909	0.260998562871579
-0.322054918949587	0.231926205197877
-0.322202951136644	0.232055249653008
-1.12714451863863	0.72393034465297
-0.224205111346259	0.149137272516056
0.522360088449923	0.423880206162727
0.211857686193715	0.113839275081236
-0.26554880296696	0.194126969543783
0.276527333024065	0.193404830580203
-1.54116582767189	1.51538502427765
-0.66556275039236	0.583815130524904
0.0832901482158074	0.0557734875345424
0.163290269853874	0.10857535379762
-0.0758858858027726	0.0472742031099182
0.533315723427002	0.411212454690432
-0.22431100092233	0.149244423954331
0.681171948846945	0.550519576410294
-0.00657026808094862	0.00366649300398857
-0.175939889037554	0.131914260685591
0.838315392185046	0.876801824505297
0.972531577166973	1.05481447822713
0.497196260345077	0.461739233682324
0.806890943807158	0.875653425530828
-1.23444635902029	1.17064414704929
0.399504450820885	0.309531960613471
-0.732207785471608	0.441468073086455
-0.285127572665304	0.18640202474893
1.1868958134154	1.28101601412377
0.740495133282409	0.71628739187994
0.39912458626215	0.261113883283656
-0.98166437291329	0.891348219855638
-0.98134518112413	0.890952875697173
0.0857166974560899	0.0467505479059537
-0.967920770914226	0.56691647468837
-0.171937931217338	0.103046922596437
0.234396349619033	0.13565353178987
0.181486135511974	0.127750720166101
0.234127312196873	0.135493151380613
0.769650330598824	0.713292319767363
0.250804028871583	0.155279817492477
-0.731865129243729	0.441106968732687
-0.788464314880281	0.414424326723021
-1.2705849386164	0.884874460944387
-0.825402940083173	0.599705268512402
0.234127312196873	0.135493151380613
0.181379368412242	0.127665175422185
0.399427771188148	0.340575593841657
1.09686618770605	1.40763386124893
0.89833172185645	0.723268328705126
1.61942922612654	1.6675602753858
1.26776393717793	1.31667991034522
0.399215586450099	0.293280976714356
-1.63516090488621	1.39539822720117
0.399652120253719	0.245289401469063
-2.27764606933619	2.09440352433944
-0.00460590115827881	0.00213630146959521
-1.40186461371808	1.05084714160718
-0.391490026470118	0.191378721986921
0.796542286709821	0.546503907985386
-0.139692590234455	0.105897572019939
0.286334355858973	0.211582312059847
0.564317092367707	0.389632583146479
0.372828104257578	0.176187601416706
0.968740277837925	0.894867219943855
0.387350306201344	0.203615179010527
0.504531068796666	0.449172554204047
-0.0758201313271384	0.0472335094023848
-0.285007010964892	0.186314582604357
-0.665521819029769	0.583797970147497
-1.23445973626823	1.1707123925068
-0.824080622929075	0.816419155705699
-0.422320938196137	0.236638315029538
0.898346864870289	0.72334506195932
-1.74064666215519	1.5754150280141
0.398811843473839	0.277059701974975
-0.701931635787829	0.4711048335323
0.399427762550982	0.293408073399654
0.838451251285341	0.876940780207278
-0.119439450446503	0.0730048395536886
-0.472024518616386	0.329044883502682
-0.701840167512445	0.470997103993803
0.671567142878356	0.33484663200897
0.674719205439511	0.730809985770197
-0.579044677321282	0.47495254421008
1.56220860920366	1.98719987461936
0.522388877625418	0.423860510084932
-0.376158410902486	0.319794014159978
-0.100793899580135	0.0535980179050429
0.234217042819429	0.135554715301903
0.898249451131516	0.723137417121878
0.656285226223935	0.556752931738205
0.105029408368081	0.0742345750140804
0.522414617894451	0.423918668845377
0.617769776329551	0.573806427691965
0.116261385167052	0.0680970995288913
-0.00630569327131983	0.00352098828536637
-0.235224426170279	0.137909137164948
1.51265389322007	1.26303935624358
-2.24929638263872	2.7269750673282
-0.265700655996439	0.194242465070307
0.681111391978709	0.550473937505231
-0.26554880296696	0.194126969543783
-0.877149112430242	0.577216000555005
-0.0047138086914673	0.00218770251866513
-0.235554617857959	0.138124741028281
0.84596605132746	0.715188219408872
-0.100509606076791	0.0534359574492713
0.39955756327845	0.245182801668733
0.635542147388228	0.564938315062389
0.917438811743989	0.884725847367179
0.029223220666925	0.0173252806956676
0.0185872421154951	0.0125071736730892
0.398667618958224	0.276904598251902
0.23431436981484	0.13559697571964
-0.487741478563822	0.37286372866831
0.399751642559035	0.325328379671814
0.497156077798762	0.461611415336602
-0.00899514261497965	0.00648567161081089
0.504416505223203	0.449190127648149
0.606746759712527	0.367950501034703
0.533264790844516	0.410876129633913
-1.01104892519336	1.04670851481839
-0.487633965163832	0.372797634315868
-0.889729543678196	0.758074443440553
0.0856897039185628	0.0467307539129102
0.504781964809127	0.449212071811903
-0.235277079457638	0.13786944999914
-0.877105806247263	0.577078965683136
0.141973939974442	0.0887927403169208
-1.24528052059392	1.02247485915243
-0.579211569978325	0.475305661180453
0.546882652287686	0.39961135638563
-0.449656806802103	0.282594576641388
0.635734111800497	0.565150333147693
0.181161707247234	0.127465686323971
-0.171747460792849	0.102905455652846
0.588742205613582	0.592015772666117
-1.0443084110125	0.874649006739739
-0.0488357677346139	0.0266327969000951
-0.173958225918879	0.117700871705319
-0.0082475743883231	0.00531553212050281
-0.658725945119197	0.622191717871612
0.0836386471869281	0.056014884870977
-0.285174180431765	0.18641825772864
0.512866065740918	0.436662002577441
0.399345224825531	0.340395318968841
-0.0759682684831344	0.0473317038327201
0.399504450820885	0.309531960613471
-0.119545471464112	0.0730778713492053
-0.224494015727289	0.149337315939924
0.234283713697625	0.135588951948784
-0.389984373105749	0.276377432670347
0.533269183355893	0.41120691108276
-0.665754668238517	0.583947621249913
-0.28498370230448	0.186287806202676
-0.375812352715505	0.319449333687582
0.533329532533883	0.411241844029059
0.294542240172284	0.229015266462376
-0.581620786915473	0.516483838943816
-0.0757789679966719	0.047205567072054
-0.322054918949587	0.231926205197877
0.0585288005378674	0.0369794101178088
0.250605830440359	0.15518710398705
-0.487686905437284	0.372851819278413
0.917358564596241	0.884624051510388
0.512953741925571	0.436677869543888
-0.449820216110179	0.282733562407957
0.399402265192724	0.340486801701286
0.0832039350485469	0.0557055697446203
0.693563434161345	0.724856100522329
0.769595819308668	0.713065355031222
0.0290370556228624	0.0172206399698484
0.845715143638794	0.714748853923145
1.49727859150126	1.43015598901896
-1.40184436730211	1.0507762370863
-0.686499309414722	0.50798896479976
-0.0490995328607928	0.0267698973590988
-0.390008771037508	0.276395178397817
0.0853991741675682	0.0465572664258339
1.49718849841406	1.43018473224439
-0.413793633721842	0.320969820892725
0.398713891522661	0.276963185861334
-0.212641220671436	0.172507136132818
0.182184716820329	0.161207197865055
0.69382340823837	0.725384303382005
1.21181160942212	1.45642108075477
0.399745314666342	0.245280454955888
0.607013909009565	0.368113947865685
0.142158877408837	0.0889187387226178
0.209804641210926	0.163375302753225
0.116247166995476	0.068095355374989
0.399629756186755	0.245296505376421
0.522360088449923	0.423880206162727
0.917412917114372	0.884702546982814
0.104856176513609	0.0741043314170152
-0.253015253696495	0.203332579914536
-1.04455779344299	0.874947175637136
0.196439582011284	0.145665671305679
0.399735281316714	0.30972461717337
1.02246605341778	1.06691141992885
-0.100532689740455	0.0534621458761021
0.656524583144088	0.556560396265689
1.24601338784256	1.14579622944292
-0.449738456594333	0.282686420755686
0.0858883652709848	0.0468433639331458
0.75090690912795	0.546464500138251
-0.701862955864654	0.471051609861451
0.51303877525124	0.436650549336285
-0.00631528212526665	0.00352626021625771
-0.171975261730541	0.103067661326467
0.0289552406293329	0.0171693793902521
-0.119651523577888	0.0731394835730531
0.551548182134983	0.635874893105681
0.25077730949292	0.155295680303515
-0.167883164706142	0.0870145895376265
0.0857428988252296	0.0467687674262433
0.0289310925154956	0.0171575933732068
-1.44906962486651	1.34643416861096
0.399587112669457	0.309611469101884
-0.931660114779016	1.09098852714648
-0.175833108269562	0.131821585800904
0.6563136995897	0.556790487890074
-0.933740709479008	0.91348379854643
0.497149769694944	0.461687035193562
-0.217627821810374	0.161254899901061
0.533315723427002	0.411212454690432
0.398592761591624	0.276779298359967
0.399698378494952	0.245331839655781
0.18152721235634	0.127766383065718
-0.585405705775872	0.632032887911263
0.25052672039259	0.155123588624536
0.264718600927762	0.174588722278937
0.140450807254559	0.109426828636352
1.92282316481351	2.03827007717782
-0.471918523641808	0.485703801680083
-0.422428119128095	0.236719234912365
1.24617031205853	1.14619044136978
0.0479668102951513	0.0242035155870716
-0.0488223758110372	0.0266260448981406
1.0322086691734	0.911326076798724
1.03224778068107	0.911308684661655
-0.285043981003217	0.18633542576247
0.972400245133465	1.05460350186192
-0.824142741880797	0.816457223948004
0.635459381759895	0.56483017811683
-0.510600917178883	0.458201468096791
0.286378167548745	0.211591909850807
0.546935983958986	0.399525690717015
0.26445394149922	0.174351762604569
0.796607070563234	0.546529871565748
-0.358495878177703	0.22993924642698
-0.0758613446971181	0.0472573155696398
-0.00464881905447431	0.0021552090576274
0.0288508268156486	0.017108910813176
0.804006203687662	0.71236161428316
-0.171831111220029	0.102975093490661
0.083310726233582	0.0557878799429237
1.36836038186052	1.36369259288262
-0.00484279931117502	0.00224682304483335
-1.44924009417487	1.34667726234533
0.635607706846829	0.565062488780271
-0.358759464822714	0.230124373095012
-0.260343515581359	0.131418537401997
0.250830733394611	0.155197260467204
0.211956415974128	0.113885749261243
0.968670894719723	0.894606371874941
0.711902189597772	0.546539513612059
-0.100532689740455	0.0534621458761021
-0.100696563025694	0.0535453328515396
0.399628368616537	0.309604165886801
-0.322348470771355	0.23213817577111
0.234037530116601	0.135423779769217
0.564145183307959	0.389473891906218
-0.167844965554481	0.0869955704368866
0.250540046641692	0.155129683229478
-0.260579855127371	0.131555960501043
0.234209408113983	0.135557017197127
0.399583478821329	0.245237435874431
0.399016555113696	0.277125062239942
0.0857559934226779	0.0467736506521512
0.656206267324745	0.556658827111305
0.632168963645606	0.352673317989728
0.656258050770637	0.556657931195888
1.21235821634127	0.971237252051548
0.512635431061825	0.4363657169726
-0.472145435547435	0.32911333829104
1.73191854537865	1.91460587234165
0.715400384218384	0.720358404474324
-0.389982968519614	0.276402027316149
0.56439909771469	0.389627774542729
0.181399908429285	0.127687118867493
-0.00628239826695875	0.00350762940674837
0.234396349619033	0.13565353178987
0.751151107236488	0.546235311543178
-0.568602401021607	0.350107625107656
0.838274447403973	0.876904626318797
-0.285007010964892	0.186314582604357
-0.184627520138321	0.0791861460962011
0.796434639915807	0.546296788418666
-0.171998424677568	0.10308111895244
-0.0394884245435511	0.0250431843018384
-0.171998424677568	0.10308111895244
-0.57910362883179	0.267332371218486
0.602341628289836	0.582861681820614
-0.217345378121757	0.161022659194176
0.209824845208252	0.163386666584506
0.52217378315206	0.423624436973434
-0.351888792682056	0.276612510429749
0.0855710855814217	0.0466692685549772
0.399502072395097	0.309496114178966
0.250724950671121	0.155232778584426
0.399134034293624	0.293226555893517
0.116224017930216	0.0680787722672144
0.250579140813568	0.1551468753094
0.0583614080755067	0.0368639005197407
-0.581531321742681	0.516249288055892
2.52383176020347	3.07745746341674
-0.73228569888236	0.441519104636812
0.264718600927762	0.174588722278937
-0.265635006259592	0.194195863617721
0.564234976882592	0.389578962842842
-0.265442027789063	0.194004074913417
0.63543755037969	0.564789288279985
-2.37584313461772	2.29815281473843
0.0287705561859204	0.0170587536066852
-0.499819713703403	0.415409111272175
-2.01776145783446	2.13786584290247
-0.314837032959884	0.180433066341452
0.399759277014929	0.385246207258478
1.12038509420166	1.25758642286657
0.1420256374432	0.0888443640776842
-0.0488223758110372	0.0266260448981406
-0.224230772830144	0.149180058323105
-0.100704209772987	0.0535537703395433
-0.100548132647953	0.0534597278788284
0.264634988622785	0.174528423682581
0.972400245133465	1.05460350186192
1.04398399761367	0.75369610299678
1.15014266729831	0.774326861652598
-0.171854279210956	0.102994903376511
-0.472131338862803	0.329112025572246
-0.224494015727289	0.149337315939924
0.0478757935477757	0.0241566119386645
0.181424481734604	0.127684314887349
-0.167822568183777	0.0869921519796813
-0.173982954598215	0.117708458388327
-0.039422728392816	0.0250015758755746
0.0584849086837611	0.0369509486462666
1.21178975421346	1.45651931710557
0.294476638454516	0.228953020613935
-0.573174952210549	0.392042765871322
-0.119651523577888	0.0731394835730531
0.142131685932888	0.0889044303481582
-0.0490728158822873	0.0267618346413515
0.264672040453276	0.174541981042422
-0.260249986440471	0.131363174492885
-0.577002826250074	0.434347034870591
-0.449641252180695	0.282629245641421
0.546592598745895	0.399219596101576
-0.13125411578234	0.0901920485429825
0.533269183355893	0.41120691108276
-0.171868434519582	0.102987037446451
1.37272395436852	1.53219799065654
-0.573122228556241	0.392182120784472
-0.766310304284051	0.662761454214825
0.398701328129008	0.260738292067998
0.399159908508708	0.293233000552049
-0.792052298639449	0.630656110813843
0.0856635463965309	0.0467239502969187
0.79662806926641	0.546386584989212
0.178408925233274	0.0879707492156317
-0.731879847109571	0.441085742998587
0.533329532533883	0.411241844029059
-0.235462187373492	0.138072780517714
0.048043370639892	0.0242397906790943
0.968670894719723	0.894606371874941
-0.314913534863782	0.18049000784073
1.56241461048456	1.98759566920022
0.181334204038304	0.127634841216278
-1.2258555768556	1.32010393190176
0.399608988345412	0.309648467855412
0.398965812529665	0.261023979914902
0.0855710855814217	0.0466692685549772
-0.0491519027542736	0.0268024821055204
0.0856897039185628	0.0467307539129102
-0.889669369915751	0.7579225607507
-0.119652878662126	0.0731350870173091
-0.094499096567093	0.0658340442278749
-0.889813078580762	0.758273976852272
0.399522808019211	0.245179011225327
1.05107802496255	1.38984132964214
0.083310726233582	0.0557878799429237
0.058506856910663	0.0369659911939458
-0.38995717249119	0.276378670243734
-0.285067287514914	0.186362204940924
-0.171854279210956	0.102994903376511
0.0858752349172589	0.0468327597926758
0.181182218714402	0.127493819732171
0.398751303919128	0.277008501801979
0.276581864658763	0.193470468193327
-0.579148582871039	0.475205392066826
-0.487606675292995	0.372750836390607
0.765221229893607	0.331833236925771
1.24601338784256	1.14579622944292
0.250790671040038	0.155292789736014
0.845794375808675	0.714954580622306
1.18705756048804	1.28228315099964
0.116353991523378	0.0681564763741826
-0.80178810921416	0.848141441079779
-0.449470313294104	0.282463449072139
0.0826942281057846	0.0644141120252262
-0.235462187373492	0.138072780517714
0.533389873121626	0.411247955675694
0.845900177389557	0.715055557737215
1.52759073399483	1.06609938425288
1.04415699444182	0.754003890830394
-0.131209206012435	0.090152528455956
0.39947267127484	0.340626777725325
0.25069825731129	0.155248653610278
0.750842858445568	0.546344713229705
0.276689402129867	0.193541003738113
0.874711508301496	0.879424700802614
-1.14282817546535	1.02074652768718
0.27650311630388	0.193374817555996
-0.10062225280412	0.0535115969827204
-0.449649024133895	0.282626986880979
-0.17389514636938	0.117661309424927
-0.889873267452747	0.758353213221804
0.399583478821329	0.245237435874431
0.294583424130792	0.229073862185232
0.276633318877016	0.193483226455459
0.163479839725159	0.108734620174476
-0.094519225869103	0.0658539833534451
0.681148814685048	0.550507144497065
-0.253361770551651	0.203647514014138
0.163564873806924	0.108792680582514
-0.173791021253973	0.117590988191062
0.178661665260978	0.0880903270670572
0.163268417717697	0.108556581939774
0.399454952011617	0.293394673351735
0.399052500135565	0.293013681819227
0.178488280870952	0.0880114930246788
1.15037020306817	0.774437355317741
0.250540046641692	0.155129683229478
1.15458507968611	1.10902660350339
0.584675168308242	0.379860425930649
-0.391732523448923	0.191484277454062
-0.167951626888407	0.0870286489644514
0.178661665260978	0.0880903270670572
-0.568610257004336	0.350145393866422
-0.583463963884644	0.556144919096367
-0.389955764282231	0.276364109155234
-0.889572409543349	0.757565464659146
-2.17324807733273	1.89533058210915
-0.184515486374521	0.0791276552318126
-0.571618661584741	0.312525279780433
0.632168963645606	0.352673317989728
0.564332334827496	0.389653895586746
-0.7322707246791	0.441490978820015
0.750820935056823	0.546362059972189
1.02246605341778	1.06691141992885
-1.06754356591929	1.02960059011662
1.04445280576643	0.754261634807508
0.52227981971219	0.423783646269679
-0.500159334491165	0.4159220710657
0.852965692838688	0.546844532922721
-0.579189609217717	0.475255109814496
0.0856373726497179	0.0467057526082143
-0.0785715154224317	0.0352603267586224
-0.877213265073092	0.577236204859608
0.0856635463965309	0.0467239502969187
0.5469093255531	0.399618657335497
-0.351823286685247	0.276549016111137
-0.0760314155104479	0.0473703860597685
0.512698605043471	0.436482208723404
0.522440352254246	0.423930207099996
0.0479444191794637	0.0241924711034532
0.116475015422518	0.0682251413948048
-0.39008898908593	0.276452622310432
-0.253279772720086	0.203593425277565
0.399321690028494	0.293377910100217
-0.172035766830778	0.103097356983146
-0.285080963587514	0.186335439955397
0.96346955997511	0.737053210534985
0.0857428988252296	0.0467687674262433
0.294562834620656	0.229049768992594
0.39864448297339	0.276848894710108
1.66354590615496	1.51630803906671
0.399629756186755	0.245296505376421
0.712087176452811	0.546654737619279
0.085809101416214	0.0468035936787465
0.399150751853282	0.261073049530733
0.104815931740311	0.0740544099099589
0.116186636806352	0.0680532515196002
-0.422299294346764	0.236652215203968
-1.23448311547034	1.17077474119754
0.963545976406489	0.737152407988497
-0.824964638019071	0.599304485288219
-0.0490594629448469	0.026755104726524
1.29788456433404	1.66307856400046
-0.314936050194936	0.180496880170545
-0.260515813735499	0.131513276350311
0.211903911998709	0.113847022197123
-0.877149112430242	0.577216000555005
-0.235290503145764	0.137949646882033
-0.391716070497778	0.191515317219743
0.898339298766934	0.723330813645462
0.264514299081248	0.17441956112755
-0.791982672273346	0.630647826107759
1.58598218543668	1.82399175944198
0.234127312196873	0.135493151380613
0.972655322610922	1.05473776181023
-0.0760095348319967	0.0473545458793008
0.617613475615826	0.573627691992938
1.21240187826844	0.971357094877432
0.11627031625817	0.0681082454094151
-0.701809625083862	0.470900828404984
-2.06190348189717	1.6979288278745
-0.00660732537947659	0.00368611260977681
-0.0047138086914673	0.00218770251866513
-0.939064223681972	0.734584867529678
0.80710453767316	0.876072184225728
1.24617031205853	1.14619044136978
0.917384462544242	0.88455288039271
-0.38995717249119	0.276378670243734
-0.674979038043576	0.545799116154301
0.522308594802782	0.423805684617425
-0.176144415681378	0.132088337614021
0.617547651765832	0.573480668506772
0.564242568767649	0.389576900413468
0.0289295329639315	0.017156171874967
0.533245913804934	0.411170667653861
-0.171961096389896	0.103053583967166
-0.322139897340277	0.231999577337031
1.9339876805904	2.42710144453471
-0.265721215652657	0.194247194772182
0.250658189413967	0.155202280541469
-0.791922270637053	0.630589539613816
-0.579378743921397	0.475440639742885
0.39912458626215	0.261113883283656
0.715548250819828	0.720304017679708
0.116330839643921	0.0681472868212352
0.264597924244184	0.174496820223054
-0.472010450119347	0.329013950089207
0.196702184755853	0.145911440949312
-0.351823286685247	0.276549016111137
-0.0489937644034561	0.0267199564240236
0.250750575245472	0.155274432661127
-0.358574770830738	0.230008355533989
0.25069825731129	0.155248653610278
0.286356264003954	0.211592099352807
-0.0759489641588138	0.0473161986698993
-0.939182603192083	0.73417788804236
-0.766363209863184	0.66287188570123
0.250763944228594	0.155289556810608
-0.788473517099805	0.414356124603627
0.680981438499674	0.550257678966188
0.212024877600245	0.113897094437295
0.845807667058939	0.714953390541008
-0.171854279210956	0.102994903376511
-0.265352152266523	0.193924496597866
0.1420256374432	0.0888443640776842
-0.285016673631846	0.186260085221031
0.234127312196873	0.135493151380613
-1.29942600430007	1.47253632992075
-0.184505553212383	0.0791373504854963
0.286438632184769	0.211674618036817
0.250763944228594	0.155289556810608
-1.04443849416344	0.874753778962291
-0.579252630682082	0.475335656833146
-0.665603729990943	0.58376226588378
0.0290354800723843	0.0172179111621941
-0.413541956171472	0.32055308890139
0.399776484250925	0.30969741662902
0.769756369550568	0.713383002820867
0.116232930713526	0.0680753285694624
0.715314144831311	0.720178258269791
-0.326217680226833	0.279951354358186
0.401445608684003	0.415830741307211
-0.576932844960716	0.434134193845627
1.36831997193212	1.36351409835264
0.0858353222994158	0.0468161299105287
0.893130579473977	1.03954780645443
-1.70869317560185	1.86211141399862
0.769782120407649	0.713257920916767
0.058443790022945	0.0369248768508539
0.399161216342137	0.293259882473176
0.399621764926025	0.24528629890332
0.264658266871447	0.174547011346903
-1.32061027118199	1.32511225206066
0.898264524653063	0.723119555449305
-0.100786276740608	0.0535895907139736
-0.433315405412224	0.36468529227267
-0.414001779626925	0.321054394591022
-0.732036673044235	0.441341043477748
0.264922838628318	0.174660166679834
-0.487528107083404	0.372641556643944
-0.572898061025124	0.391961181557989
-0.686893252102377	0.508419637507065
0.398872373781685	0.277094868971369
0.656472871278802	0.556862079721386
0.399187088913684	0.293282605618885
0.234112079861019	0.135489192248169
0.76959729993245	0.713177830099595
1.08191949778297	1.08398924701774
0.892837694548072	1.03933324116451
0.276742392332249	0.193575720989176
0.567167758414129	0.612372187741422
0.294690210779271	0.229145177337643
-0.939235516993964	0.73459676282174
0.142319285882305	0.0889718235022864
0.181334204038304	0.127634841216278
0.53312519403382	0.411026461301314
0.181465589387316	0.127734472251748
-0.686800933612094	0.508334523103492
0.0289840778068076	0.0171894330672799
0.276743950601133	0.193525720679405
0.399055083123292	0.293101037531056
0.163372920550334	0.108642931660014
-0.107341453784658	0.082163398094189
0.769572996506934	0.712854785476922
-0.518948532562844	0.498977742202598
0.39975585811231	0.325479188310196
0.522387352151361	0.423910040361166
-1.23432611419435	1.17045430231733
1.26782452143918	1.31682567095759
0.504699642154144	0.449420702878666
0.105049535557678	0.0742481845089258
0.399134034293624	0.293226555893517
0.116414508098209	0.0681924531426653
0.399267318521548	0.293356816796475
0.846045190403945	0.71521740606195
-0.13980099327149	0.105977883175518
0.602476340357173	0.582929037935851
-0.00632898795488209	0.00353408767115909
-0.889836430756796	0.758278106424201
0.564070415451044	0.389309124334447
-0.224494015727289	0.149337315939924
0.617481804624551	0.573299573619779
0.211873740520637	0.113815244353815
0.0480130451548229	0.024225429664649
0.972276338314597	1.05441182338237
0.11627031625817	0.0681082454094151
-1.14254978824222	1.01990732548271
0.715469995837987	0.720278161728681
-0.0344371294284795	0.02457723815728
0.656366764577668	0.556851668428262
0.178344142351158	0.0879130866885018
1.0442507952022	0.75417682170438
0.250684905061533	0.155242539654961
-0.224148922004221	0.149084508228651
0.546882652287686	0.39961135638563
0.79649870309776	0.546379576538645
0.0859146137953314	0.0468559151956241
0.163586759975438	0.108801348504513
0.0477902660040493	0.0241097371861677
-0.487661253003712	0.372817824928706
-0.889933464924159	0.758398727133385
-1.02572843440295	1.50545796853859
0.588854844774553	0.592122771327787
0.399633218063485	0.30958176904239
-0.414130683299156	0.321218937994006
2.02561906611937	2.69342854406052
0.387511878551028	0.203703880087379
-0.131061153506705	0.0900441324975503
0.681186223507185	0.550467240857607
-0.217562355222036	0.161209704519002
0.399864089148603	0.309754756854655
0.058676847590958	0.0370693788905926
0.085809101416214	0.0468035936787465
-0.131098870174411	0.0900513276682991
0.398858126103384	0.277086879421163
0.11627031625817	0.0681082454094151
-0.389902765292212	0.276321754862654
0.398699599724174	0.276876204370318
0.294587209103664	0.229022015878345
0.0857298001699369	0.0467611300263588
-0.358680527282511	0.230076669085373
0.512887991688242	0.436697103672068
-0.285053627335216	0.186330826663221
-0.358640290259768	0.230034639766072
-0.500159334491165	0.4159220710657
0.181440973065105	0.12771404261578
0.181461497683364	0.127719005886034
-1.22595903042734	1.32048473480933
0.693936403304867	0.725281300249109
-0.852689118389286	0.785923872930611
1.21189669967537	1.45642277608248
0.400361880080632	0.400290468108192
0.522466080670025	0.423891516810527
0.163482266268156	0.108711541818958
1.61937580566484	1.66819720442518
1.21238000227573	0.971369902993594
0.23410444750179	0.135473731879832
-0.351716490844944	0.276394683687427
0.681195083204236	0.550500792823466
0.398918661272857	0.277122050938888
-1.13154295188984	0.867783868580836
0.53342692907595	0.411179246083447
-0.791959463063889	0.630501322211344
-0.487553742244464	0.37268116945927
0.264718600927762	0.174588722278937
-0.731928779514293	0.441051573299806
-0.67492605114634	0.545783675338654
0.79652044983038	0.5464742420311
0.838294922356215	0.876874066340018
0.141893696140023	0.0887394988710327
1.03214221452611	0.911241377499726
-0.576919265114257	0.434242823481618
-0.173960995646723	0.117706641264591
-0.56851911765476	0.350145609039403
0.533208825612179	0.411146860046541
-1.1429488945204	1.02058323614315
1.18703165674545	1.28243214104642
-0.824211481181239	0.816576302309726
-0.746943588893125	0.697581345058754
-0.00829232854863562	0.00534469134583311
0.399710637986493	0.325416869101514
0.584781816253386	0.379967818774411
-0.981637150865212	0.891340886373901
-1.94234303456683	1.5050209890784
0.116353991523378	0.0681564763741826
0.769733612891391	0.713080406047855
0.286312443114443	0.211562843707214
0.27645161132052	0.193227554672232
-0.472010450119347	0.329013950089207
0.845794375808675	0.714954580622306
0.116247166995476	0.068095355374989
0.929705103387921	1.04592802965751
0.522202541907529	0.423598414061815
0.211948576329243	0.113865296765307
0.116535513473797	0.06825397199116
0.028796287060234	0.0170738957105835
-0.314913534863782	0.18049000784073
-0.76665187529632	0.662898619392384
-0.981212108680776	0.890327089462272
-0.314806633342869	0.180404619625564
0.399016555113696	0.277125062239942
-0.00643587924542967	0.00359301632558093
-0.0486779129594599	0.0265406888410703
0.39912458626215	0.261113883283656
-0.173939041290908	0.117697673411669
0.141892369815366	0.0887500114785208
-0.824228832502071	0.816404667820575
-0.29886610370457	0.237647739189563
-0.139721466554896	0.105919060593926
0.1420256374432	0.0888443640776842
-0.00467057234517247	0.00216620810420213
-0.315012604577116	0.180519573244866
-0.449446886597541	0.282387526346653
0.71214042126202	0.546631460156574
0.715375742755148	0.720213691471364
0.602279817140659	0.582897967718392
-0.0760095348319967	0.0473545458793008
0.602283403180327	0.58274805842323
0.680943996995515	0.550213767822116
0.547094186936791	0.399549230534543
0.512846796210458	0.436662397859969
0.804052727722994	0.712385443173546
0.968670894719723	0.894606371874941
-0.322285324910253	0.232109055262902
0.968572878549224	0.894523734287508
0.564145183307959	0.389473891906218
-0.235462187373492	0.138072780517714
-0.0488746227041933	0.0266519956042316
1.34317734260664	1.01509854295805
0.396154537368834	0.226335141231484
0.286586685653519	0.211767249976155
0.141892369815366	0.0887500114785208
0.155633045713241	0.126758922426342
0.0480050835828071	0.0242224684999677
0.399321690028494	0.293377910100217
-0.686866363195777	0.508263388565242
-0.321947997560895	0.231792130970553
0.71210023454814	0.546603825490813
-0.577026152697648	0.434341282550561
-1.44922643815521	1.34675809657747
-0.173793977810882	0.117564984361796
0.313371626391595	0.27844590549876
0.712087176452811	0.546654737619279
0.0185208774497838	0.0124621077203627
-0.938735239640749	0.73390564546803
0.276821078379656	0.193605143329561
1.02254635039986	1.06701992887898
-0.358693947004867	0.230050693313241
-0.00484279931117502	0.00224682304483335
0.0479061058216731	0.0241734985376833
0.898534056931897	0.723499377018564
0.0616553482559604	0.0238703716137645
-0.00469223554792906	0.00217704265702508
0.264644477458504	0.174506049821866
-0.351913073834168	0.276585444919164
-0.100555870222987	0.0534465396651731
-0.144486543641226	0.11906691834183
-1.28442733270723	1.61976587171317
0.0858883652709848	0.0468433639331458
-0.413960669915903	0.321092009427935
-0.235488423181181	0.138083855479216
0.0289583677449382	0.0171730144127463
0.399293174835511	0.293348093652088
0.398834984692158	0.277080991308156
0.546816875156251	0.399566848469562
0.196743488918033	0.145921555751857
0.399134034293624	0.293226555893517
0.674560134958781	0.730333581550693
0.0836386471869281	0.056014884870977
0.546711095435536	0.399426004119964
-0.167875201304295	0.0869988913766136
1.4971130121614	1.4300276735307
-0.259983319151432	0.131130647219833
0.21178923311276	0.113786657240428
0.294628424596357	0.22910263100957
0.39975585811231	0.325479188310196
-0.139793880695707	0.105978206746378
-1.22050872158917	1.47041534369517
-0.0393776134712881	0.024972610225115
0.711902189597772	0.546539513612059
-0.472252264598415	0.329150030808219
1.08187298351993	1.0839158727603
1.36222231951993	1.19669368080822
0.0479827463402476	0.0242098150145323
0.769545734360111	0.71287223249182
-0.376031363505098	0.319750089878646
-0.824122030630818	0.81651335162147
-0.171770631410099	0.102932060208856
-1.4018611620366	1.05052725349862
0.79652044983038	0.5464742420311
1.36209942212886	1.19724209000592
1.12023906966822	1.25762577397688
0.796607070563234	0.546529871565748
0.533315723427002	0.411212454690432
-1.32042587886447	1.32471548991879
-0.585170166862103	0.595154355075446
-0.686683761512667	0.508174597084697
-0.322244113029841	0.232093565796801
-0.284946743038968	0.186258778585444
0.181288988667872	0.127593957665151
0.399558361603336	0.370317745260553
-0.119545471464112	0.0730778713492053
0.546961719451806	0.399642103935353
0.264537573070616	0.174438139402009
0.546671833494074	0.399360835909811
0.14178625989167	0.0886587690609341
-0.461710405575953	0.447047797415738
0.833292209629135	1.03352059830306
0.123623950109965	0.0918563579771414
0.0290627520003243	0.0172349600444844
-0.76630861954926	0.662972643880192
0.681148814685048	0.550507144497065
-0.901925797614078	1.11506632749244
-0.583754470465475	0.55663474641237
0.116247166995476	0.068095355374989
0.779779355852249	0.875998192850076
0.123436140904576	0.0917142791864847
0.602094402203679	0.582308859116664
0.264885813594043	0.174652532059478
0.717879291921606	0.8868155234015
-0.224575855915176	0.14940599681998
0.769626042733507	0.713071516733049
-0.235528417687142	0.138093242377677
0.209651667780121	0.163230716138265
0.0857690839630121	0.0467755813981377
-0.658444032607576	0.621578399550103
-0.00654276926370439	0.00365105635225601
-2.71343659097313	3.13866954146206
1.2849545171453	1.48988775933262
-0.285030319307596	0.186329206529657
0.196526230856115	0.145743654769166
0.181375246212359	0.127661746302116
0.750828254194413	0.546393815900103
-0.665477796369444	0.583629406919959
-0.471836069217368	0.485780704563388
0.874733372651614	0.879546458639137
0.86091619758058	1.03504096236108
0.546961719451806	0.399642103935353
-0.173665041486168	0.117482242301805
0.286334355858973	0.211582312059847
-0.852623254532969	0.78578711733964
-0.0492443556791435	0.0268467340391914
-0.10062225280412	0.0535115969827204
-0.315012604577116	0.180519573244866
0.0186535911440055	0.0125518766756815
-0.285067287514914	0.186362204940924
0.892864223717723	1.03945575686171
0.917333928024658	0.884398862694894
2.19311002390416	3.2430649060098
0.769730612762067	0.713415955765321
0.0290113532844415	0.0172048544907705
0.20989121863137	0.163441636880746
-0.390008771037508	0.276395178397817
-1.5412397359166	1.51543909845566
-0.413963562725887	0.321128480945109
0.0480050835828071	0.0242224684999677
-0.766412785933738	0.662981596025657
0.398834984692158	0.277080991308156
0.276769665790048	0.193574108933326
-0.576979499479811	0.434315794257747
-0.897345733761775	0.93991173958222
0.804029465539626	0.712392747137759
0.0423455007248351	0.0300064543775667
-0.933844341584592	0.913679106263852
0.209784434728169	0.163357596997261
0.301670867142545	0.245944501204832
0.181399908429285	0.127687118867493
-0.577063067083383	0.43440075790853
-0.00661683941035757	0.00369212124662277
0.181313675255168	0.127612911033939
-0.981531230010308	0.891343802585796
-0.351974952412634	0.276683503833317
1.05091212141293	1.38961278663446
0.0856504615516148	0.0467163223346054
0.286627746217097	0.211766247959133
0.681125680716043	0.55046354075607
-0.00814076699264282	0.00524748175727083
-0.11951965129848	0.073057555006467
-0.674977611675719	0.545756932496765
-0.17389514636938	0.117661309424927
-0.224442612976316	0.149344680362211
0.546776887558269	0.399444308869271
0.546843514987056	0.39952635801972
-0.674871628706367	0.5457500837636
-1.13147421927421	0.867563171264953
-0.0487300164360545	0.0265724014795389
-0.13948291009641	0.105697619222376
-0.643511770061037	0.730774909008887
0.577319126138756	0.602022114044393
0.286312443114443	0.211562843707214
1.31614665014155	2.00101686695916
0.0583807005428617	0.0368824650389447
-1.40372529466464	1.92689178831196
-1.24519154070041	1.02240393492908
-0.933866387606185	0.913817896990738
0.602348879642635	0.58276070358568
0.512931829781258	0.436705582673168
-0.217431487334157	0.161103732800981
0.141918226728449	0.0887664170461289
0.874716093147554	0.879363156699728
0.693730385123165	0.725275945041031
-0.253405575924321	0.203656115498788
-1.2342793434218	1.17050598068434
0.104936634058545	0.0741646617346708
0.264658266871447	0.174547011346903
-0.171998424677568	0.10308111895244
-0.00816484380810605	0.00526291870258437
0.92979544469033	1.04613960732077
2.13967984094925	2.57777193907645
-0.224338278181341	0.149249065378193
0.512739851557972	0.436540967621389
-1.08412859432016	1.18335772876772
-0.314883095294388	0.18046152778602
-0.568610257004336	0.350145393866422
0.399482601711874	0.309510248663981
0.163372920550334	0.108642931660014
-0.413648901134162	0.320717018385143
-0.314883095294388	0.18046152778602
0.874650622700453	0.879529294170625
0.286397472197663	0.211642737890306
-0.217217861520893	0.160845444569471
1.03198311103073	0.910692101165881
0.250684905061533	0.155242539654961
-0.583555754871982	0.556354570462918
-0.0398582195907302	0.0252634694672052
-0.0949322625250763	0.0661311271893098
-0.00903923005469861	0.00651800416598208
0.1967847740746	0.145902644518326
0.399442343142941	0.370271153035349
-0.224362360916797	0.149289333907045
0.740577541090946	0.716210224109516
-0.389955764282231	0.276364109155234
0.398690755140477	0.276941906629452
0.301431028422242	0.245728277307987
0.116224017930216	0.0680787722672144
-0.217562355222036	0.161209704519002
-0.00651948015524466	0.00363872630473713
0.0586548875170673	0.0370575773011633
-0.171854279210956	0.102994903376511
0.211865671605164	0.113835246684773
0.398860270688586	0.260928559216684
-0.00637557637037879	0.00355970996600095
-0.852541166752993	0.785872227558357
0.398886369625052	0.260953947356794
-0.449044125100325	0.406579131835564
0.504613446964592	0.449395282158577
0.0290386308033832	0.0172194422525343
-0.3518681556598	0.276580045277437
-0.224123265800687	0.149068629952472
-0.0393570556733211	0.0249591729553041
-1.85853741178014	2.22391271231585
-0.0343649104307773	0.0245215887540216
0.273830176975206	0.280883326827945
-0.389823995955751	0.276239675249137
-0.413815629625469	0.320996865707269
0.30749743053463	0.261976438841343
0.804057133804901	0.71205064510401
-0.665710690297418	0.583963836619084
-0.500052357400139	0.415859651019115
-1.14256360095853	1.02057817622063
2.23707919066473	2.8558425295575
0.0856635463965309	0.0467239502969187
0.250750575245472	0.155274432661127
0.398727371848631	0.26076361504835
0.234306721965948	0.135608476227016
0.307590633702621	0.262093785095252
0.0834007580904876	0.0558533041489546
-0.172035766830778	0.103097356983146
-0.00825098414165935	0.00531839236576663
0.769679081531942	0.713233529096698
0.141892369815366	0.0887500114785208
-0.28923173720092	0.285587533236339
-0.265614440495864	0.194180304416663
-0.139562424966239	0.105779001989693
-0.0760289909211286	0.0473524298124776
0.399269061347659	0.370028541895707
0.398607063386386	0.276821936720652
-0.326188804154412	0.279936145025404
0.123464934646896	0.0917372677950668
0.307443639547658	0.261826784708235
-0.510309195260785	0.457876678530313
-0.107471564398254	0.0822786215010428
-0.00623169814283398	0.00347992391678904
0.5887682567045	0.592057661957152
1.15459837683384	1.10904984901962
-0.314913534863782	0.18049000784073
-0.0759901648345779	0.0473452882734231
0.399587112669457	0.309611469101884
1.79946393274667	1.77454866043694
-0.510375567212001	0.457986246773188
-0.783132800683004	0.879505831008133
-0.0487166189222014	0.0265624773793382
-0.217303976464864	0.160958268557395
-0.176164638179333	0.132110327925399
0.806799366249994	0.875643455159383
1.01558399615678	1.22287164672433
-0.0393570556733211	0.0249591729553041
0.740497611483631	0.716165417630369
-0.00809606215599304	0.00521823035909339
-0.376230236795951	0.319928965342465
0.735748581450062	0.882171872302385
0.681097085211529	0.550319576187085
-0.107373457255301	0.0821891601759086
0.588742205613582	0.592015772666117
-0.579296535169985	0.475401577626035
0.286353621089143	0.21159382496386
0.804103664450783	0.712329932588179
0.399460747825954	0.309473285617717
1.0820867817505	1.08389694752759
-0.573122228556241	0.392182120784472
0.163479839725159	0.108734620174476
-0.224177831521075	0.149123008506547
0.617720241602737	0.573715772312548
0.635566301998327	0.564954796623497
0.0635557861732776	0.0472898986758956
0.19659884117293	0.145774630744676
1.37283084455485	1.5323445320253
0.286353621089143	0.21159382496386
-0.224468311403556	0.149348426055333
-0.171975261730541	0.103067661326467
0.635481208363628	0.564843479631815
0.399550257329705	0.245208994329299
0.806859221296573	0.875729484713166
0.0833763555440825	0.0558371249873706
1.26771768986517	1.31674662495615
0.656445689123628	0.556858392044476
0.60232470354801	0.582905598832482
0.0289310925154956	0.0171575933732068
-0.171877447008978	0.10300836389379
-0.131040529939299	0.0900188891143428
-0.731905187240061	0.732583367161598
1.01587110648226	1.22343588808941
-0.176118532473745	0.132076880870444
0.141760380317078	0.0886247132081318
0.264537573070616	0.174438139402009
-1.68830182570312	2.1589703084308
1.02259938083604	1.06705854609469
0.142158877408837	0.0889187387226178
1.14995529689235	1.42999409071848
0.656339583124585	0.556847987421022
-0.658835915529018	0.622299304766125
0.968740277837925	0.894867219943855
1.24598316835628	1.14572178126967
0.577239576971173	0.602009063816659
-0.00637557637037879	0.00355970996600095
-0.852560224930624	0.785763063942108
-0.0628729009368754	0.0443670404114468
-0.039180769912236	0.0248401870186644
1.31629101349808	2.0022714163901
0.399349511710875	0.355284133473627
0.242328311694564	0.214936533819688
-0.51058076963781	0.458126043684327
0.104956741794419	0.0741723016137246
-0.577002826250074	0.434347034870591
0.680958309759776	0.550141531479728
-0.29896684560065	0.237764756905772
0.163562284526463	0.108775578946227
0.140320642456421	0.109318558109356
-0.358811661251362	0.230151188866686
-0.674792889721164	0.545690657241514
-0.119571298130348	0.0730913852716358
0.141998448683475	0.0888256576774279
-0.00664012457361048	0.00370465466943885
-0.957649844694213	1.23802084465051
-0.0082475743883231	0.00531553212050281
0.399737777611166	0.309715144360561
0.116330839643921	0.0681472868212352
-0.0490071340311382	0.0267250488141324
0.250605830440359	0.15518710398705
-0.5684886823218	0.350103935453231
-0.322032975668386	0.231903465341743
0.250355090141548	0.154954932246596
0.804089835220899	0.712440424822514
0.602279817140659	0.582897967718392
-0.581641461786203	0.516483512630457
-0.665795668764915	0.583989672620801
0.602452147067801	0.582958602381293
-0.00833369197067239	0.00537012900939467
-0.172035766830778	0.103097356983146
-0.573135403447075	0.392220170007954
-1.92856121687148	2.41101736201278
0.276690952453904	0.193482039526143
-0.285137205124192	0.186363476230288
-0.665458907197563	0.583697557335818
0.19648497967141	0.145721222287638
0.711928262731637	0.546541091843573
0.399214271315013	0.293315937795653
0.105009278502055	0.0742180631719917
0.234127312196873	0.135493151380613
0.522281329542169	0.423797055534019
-0.487661253003712	0.372817824928706
0.656419821809539	0.556877278723426
0.522252560339762	0.423708164361216
0.898608533156055	0.723494902630146
-0.224362360916797	0.149289333907045
-1.0674633720414	1.02935545738054
-0.500052357400139	0.415859651019115
-0.675004823191423	0.545797766125804
-0.573135403447075	0.392220170007954
-0.823905239437654	0.816031742983378
-0.579148582871039	0.475205392066826
-0.00825098414165935	0.00531839236576663
0.769626042733507	0.713071516733049
0.286570165773355	0.211626060743085
1.15459837683384	1.10904984901962
0.399032143012627	0.261073229564847
0.0834380924115807	0.055866114091912
0.250605830440359	0.15518710398705
-0.358509316483428	0.229953272680103
-0.573056252013549	0.392154337670413
0.0479747380547107	0.0242080962692441
-0.224442612976316	0.149344680362211
-0.131106092943825	0.0900693868095668
-0.326181664826682	0.279912875467181
-0.131126705677178	0.0900946303692759
0.307504250156037	0.262021859532627
-0.358653698911515	0.230066631527229
-1.44914801393284	1.34662983469792
-0.217493608406643	0.161114128298981
-0.581751740738373	0.516604081856749
1.23114572169756	1.62824844824229
-0.585336142380872	0.595554475131293
-0.731985992095004	0.732649433554209
-0.746944135550892	0.697466632412004
-0.487686905437284	0.372851819278413
0.276689402129867	0.193541003738113
1.21185297291262	1.45669085329474
-0.471964074016085	0.328988442076057
1.06393129895275	1.23850637012622
1.8617472686021	2.56913264194916
0.0289326517762757	0.0171551334141549
-0.130971422385491	0.0899710371539595
-0.176124195663063	0.132060397218162
0.140458190379876	0.109419000029054
-0.581317729330055	0.515906415957095
0.52233282678723	0.423828576929694
0.804052727722994	0.712385443173546
-0.390143390150611	0.276470382539367
0.1812931413416	0.127584739319995
0.116224017930216	0.0680787722672144
-1.7088244862374	1.862875727724
-0.224365553416683	0.149241083034403
-0.487712563830129	0.372844245573686
0.546843514987056	0.39952635801972
0.209645813008664	0.163192702163378
-0.48773985319078	0.372891051623747
-0.933781480678589	0.913531824301823
0.617790294309421	0.573858759237475
-0.351888792682056	0.276612510429749
0.0289840778068076	0.0171894330672799
-0.119304854781462	0.0728950765851345
